  FCIDUMP file : FCIDUMP/FCIDUMP_AO_TTM-Ph-TTM
  NORB         : 60
  NELEC        : 76  (nalpha=38, nbeta=38)
  Scalar pot.  :  5151.8122133653
===============================================
 Testing CSF optimisation method
===============================================

************************************************
 Testing 'gwh' initial guess method
************************************************

  Initializing L-BFGS optimisation...
    > Num. MOs       =     60
    > Num. params    =    894
    > Max subspace   =     20
    > Max step size   =  0.500
    > Backtracking   =  0.100
    > Parallel tr.   = True
    > Pseudo-canon.  = True
    > Canon interval = 10
    > Hybrid prec.   = True
  ================================================================
           Energy / Eh     Step Len    Max(|G_i|)
  ================================================================
     0   541.6582462254                 8.48e+00
     1   514.3205158914    5.00e-01     9.31e+00    rescaled  
     2   493.0732455849    5.00e-01     9.23e+00    rescaled  
     3   483.4816521860    5.00e-01     8.78e+00    rescaled  
     4   473.8124450552    5.00e-01     8.51e+00    rescaled  
     5   454.5092805986    5.00e-01     8.58e+00    rescaled  
     6   447.8483985042    5.00e-01     8.98e+00    rescaled  
     7   447.8483985042    5.00e-01     8.98e+00    understep 
     8   441.8201842910    5.00e-01     8.66e+00    rescaled  
     9   434.5740462518    5.00e-01     8.58e+00    rescaled  
    10   430.7830460823    5.00e-01     9.46e+00    rescaled  
    11   426.2957220135    5.00e-01     1.00e+01    rescaled  
    12   423.3910344945    5.00e-01     7.48e+00    rescaled  
    13   419.2549914950    5.00e-01     7.52e+00    rescaled  
  Step has positive overlap with gradient - reversing direction
    14   413.2102401331    5.00e-01     8.31e+00    reset L-BFGS
    15   404.3839714368    5.00e-01     7.98e+00    rescaled  
    16   404.3839714368    5.00e-01     7.98e+00    understep 
    17   396.9203850512    5.00e-01     6.93e+00    rescaled  
    18   387.7121097561    5.00e-01     7.02e+00    rescaled  
  Step has positive overlap with gradient - reversing direction
    19   378.0969720621    5.00e-01     6.60e+00    reset L-BFGS
    20   373.9090231785    5.00e-01     5.61e+00    rescaled  
    21   368.1428913666    5.00e-01     7.07e+00    rescaled  
  Step has positive overlap with gradient - reversing direction
    22   362.7372364661    5.00e-01     7.35e+00    reset L-BFGS
    23   356.5181672078    5.00e-01     5.64e+00    rescaled  
  Step has positive overlap with gradient - reversing direction
    24   351.3732919915    5.00e-01     5.32e+00    reset L-BFGS
    25   344.4728386511    5.00e-01     4.85e+00    rescaled  
    26   340.6684225684    5.00e-01     6.26e+00    rescaled  
    27   333.3553978322    5.00e-01     7.16e+00    rescaled  
    28   328.4154227455    5.00e-01     7.08e+00    rescaled  
    29   321.3968588516    5.00e-01     6.43e+00    rescaled  
    30   315.8662905782    5.00e-01     6.43e+00    rescaled  
    31   305.8422690405    5.00e-01     5.19e+00    rescaled  
    32   297.5665037815    5.00e-01     6.86e+00    rescaled  
    33   293.2020700035    5.00e-01     5.99e+00    rescaled  
    34   289.4316329007    5.00e-01     6.80e+00    rescaled  
    35   282.6508546474    5.00e-01     6.50e+00    rescaled  
    36   274.2176931478    5.00e-01     5.10e+00    rescaled  
    37   266.6164771064    5.00e-01     4.12e+00    rescaled  
    38   261.3627752366    5.00e-01     6.17e+00    rescaled  
    39   257.4541972342    5.00e-01     9.38e+00    rescaled  
    40   252.3548225940    5.00e-01     6.85e+00    rescaled  
    41   250.9126814281    5.00e-01     5.81e+00    rescaled  
    42   246.4416269330    5.00e-01     4.56e+00    rescaled  
    43   252.2904648211    5.00e-01     4.54e+00    rescaled  
    44   244.0494534008    3.14e-01     2.81e+00    overstep  
    45   247.3935474422    5.00e-01     6.27e+00    rescaled  
    46   242.2407766472    3.85e-01     4.99e+00    overstep  
    47   237.3444758777    3.43e-01     1.78e+00              
    48   237.9714453437    2.96e-01     2.33e+00              
    49   236.9280464796    2.39e-01     2.01e+00    overstep  
    50   236.4703305414    1.48e-01     1.34e+00              
    51   235.9376573236    1.31e-01     1.83e+00              
    52   235.8288968962    2.01e-01     1.21e+00              
    53   235.3378821152    6.49e-02     5.14e-01              
    54   235.2920241860    3.70e-02     2.03e-01              
    55   235.2694834014    1.92e-02     1.92e-01              
    56   235.2655063498    6.71e-03     9.38e-02              
    57   235.2602945732    5.33e-03     2.84e-02              
    58   235.2598432632    3.36e-03     2.14e-02              
    59   235.2596103792    1.23e-03     8.96e-03              
    60   235.2596114980    2.16e-03     1.92e-02              
    61   235.2595971088    1.95e-03     1.67e-02    overstep  
    62   235.2595532306    1.52e-03     3.69e-03              
    63   235.2595466621    1.92e-04     1.01e-03              
    64   235.2595461040    1.11e-04     3.27e-04              
    65   235.2595460513    2.73e-05     9.24e-05              
    66   235.2595460454    9.26e-06     4.33e-05              
    67   235.2595460449    2.42e-06     1.87e-05              
    68   235.2595460449    4.98e-07     4.61e-06              
    69   235.2595460448    1.13e-07     6.91e-07              
  ================================================================
  L-BFGS converged in     69 iterations (  6.20 seconds)

  Initializing Davidson diagonalisation...
    > Max iterations =   1000
    > Target states  =      5
    > Convergence    =  1.000e-04
    > Basis per root =      4
    > Max basis size =     20
  Davidson diagonalisation converged in     34 iterations (  8.49 seconds)

   --------------------------
    Converged eigenvalues:   
   --------------------------
       0        6.80565830   
       1        6.82945685   
       2        7.04661286   
       3        7.05173288   
       4        7.36016095   
   --------------------------

 ---------------------------------------------
         Total Energy =   235.25954604 Eh
              Nuclear =  5151.81221337 Eh
         One Electron = -9722.71480193 Eh
              Coulomb =  5089.50907850 Eh
        ROHF Exchange =  -283.34694389 Eh
 ---------------------------------------------
           <Sz> =  0.00
           <S2> =  0.00
  Spin Coupling = +-

 -----------------------------------------------------------------------------------------------
  Open-Shell Exchange Matrix <Ψ|Êpq Êqp|Ψ> - Np
 -----------------------------------------------------------------------------------------------
           1              2        
   1   0.00000000     1.00000000   
   2   1.00000000     0.00000000   

 -----------------------------------------------------------------------------------------------
  Open-Shell Exchange Integrals <pq|qp>
 -----------------------------------------------------------------------------------------------
           1              2        
   1   6.69575205     0.00000062   
   2   0.00000062     6.69610015   

 -----------------------------------------------------------------------------------------------
  Occupied Orbital Coefficients
 -----------------------------------------------------------------------------------------------
           1              2              3              4              5              6        
   1   0.09024839    -0.07757295    -0.00008031    -0.00000196    -0.27056019     0.28236997   
   2   0.07838031    -0.06887957     0.00000267    -0.00000154    -0.20797314     0.21854788   
   3   0.09024809    -0.07757270     0.00008668    -0.00000220    -0.27055902     0.28236875   
   4   0.05388150    -0.04443715     0.00003540    -0.00000153    -0.17129205     0.17184710   
   5   0.04798090    -0.03679109     0.00000170    -0.00000169    -0.16328113     0.15187173   
   6   0.05388168    -0.04443730    -0.00003158    -0.00000145    -0.17129272     0.17184778   
   7   0.05261140     0.05221622    -0.00000001    -0.00000727    -0.02105170    -0.02471805   
   8   0.13828885     0.14103037     0.00027743     0.18462870     0.03385068     0.02660086   
   9   0.17532649     0.17921624     0.00038141     0.25382959     0.05266212     0.04378436   
  10   0.12922184     0.13228760     0.00029530     0.19652695     0.04374158     0.03741678   
  11   0.16676941     0.17089874     0.00039377     0.26206212     0.06091158     0.05297196   
  12   0.12841561     0.13146250     0.00029331     0.19520281     0.04348451     0.03720132   
  13   0.17346236     0.17731009     0.00037687     0.25080942     0.05209985     0.04331958   
  14   0.13826044     0.14100058    -0.00027777    -0.18467139     0.03385535     0.02660353   
  15   0.17342650     0.17727240    -0.00037734    -0.25086639     0.05210652     0.04332340   
  16   0.12838661     0.13143204    -0.00029367    -0.19524320     0.04348913     0.03720376   
  17   0.16672971     0.17085705    -0.00039424    -0.26211305     0.06091727     0.05297475   
  18   0.12919103     0.13225529    -0.00029565    -0.19656521     0.04374573     0.03741883   
  19   0.17528487     0.17917265    -0.00038187    -0.25387934     0.05266723     0.04378685   
  20   0.05305728    -0.05176985     0.00000130     0.00000000    -0.02101980     0.02478819   
  21   0.13947819    -0.13984307     0.18464567    -0.00027680     0.03379146    -0.02667140   
  22   0.17683402    -0.17770712     0.25384530    -0.00038054     0.05256978    -0.04390027   
  23   0.13033351    -0.13117421     0.19653641    -0.00029463     0.04366480    -0.03751571   
  24   0.16820426    -0.16946053     0.26207190    -0.00039288     0.06080446    -0.05311178   
  25   0.12952199    -0.13035771     0.19521461    -0.00029265     0.04340867    -0.03730009   
  26   0.17495633    -0.17581950     0.25082832    -0.00037602     0.05200909    -0.04343473   
  27   0.13946278    -0.13982775    -0.18465975     0.00027839     0.03378518    -0.02666649   
  28   0.17493801    -0.17580125    -0.25084979     0.00037818     0.05200027    -0.04342761   
  29   0.12950951    -0.13034529    -0.19523340     0.00029434     0.04340193    -0.03729457   
  30   0.16819068    -0.16944704    -0.26210142     0.00039515     0.06079608    -0.05310488   
  31   0.13032036    -0.13116112    -0.19655436     0.00029633     0.04365778    -0.03750995   
  32   0.17681574    -0.17768892    -0.25386725     0.00038272     0.05256087    -0.04389308   
  33   0.05350820     0.04489831     0.00000031     0.00002277    -0.17167993    -0.17148003   
  34   0.08958731     0.07833712     0.00000048     0.00006560    -0.27117189    -0.28176476   
  35   0.07778698     0.06953732     0.00000025    -0.00001488    -0.20843983    -0.21807521   
  36   0.08958464     0.07833474     0.00000022    -0.00010122    -0.27116300    -0.28175512   
  37   0.05350751     0.04489767     0.00000019    -0.00004416    -0.17167766    -0.17147739   
  38   0.04768172     0.03721044     0.00000029    -0.00000949    -0.16365496    -0.15155228   
  39   0.01957143     0.00411595     0.00000046    -0.00000283    -0.07096736    -0.01545477   
  40   0.01960071    -0.00393296     0.00000056    -0.00000205    -0.07091789     0.01554548   
  41   0.02784790    -0.01326184     0.00000085    -0.00000193    -0.10075316     0.05412693   
  42   0.01960056    -0.00393289     0.00000041    -0.00000181    -0.07091744     0.01554525   
  43   0.01957118     0.00411575     0.00000022    -0.00000269    -0.07096651    -0.01545400   
  44   0.02775202     0.01352230     0.00000034    -0.00000474    -0.10092898    -0.05400043   
  45   0.08598971    -0.07362742    -0.00028354    -0.00000165    -0.27899116     0.29411668   
  46   0.08598933    -0.07362710     0.00028980    -0.00000254    -0.27898958     0.29411502   
  47   0.16850675     0.17245126     0.00038126     0.25373683     0.05536500     0.04696511   
  48   0.16368845     0.16776775     0.00038923     0.25902724     0.06078327     0.05309990   
  49   0.16521768     0.16909507     0.00037290     0.24817938     0.05454111     0.04631846   
  50   0.16518402     0.16905963    -0.00037337    -0.24823635     0.05454813     0.04632255   
  51   0.16364843     0.16772575    -0.00038970    -0.25907591     0.06078856     0.05310235   
  52   0.16846479     0.17240732    -0.00038172    -0.25378357     0.05536976     0.04696726   
  53   0.16995530    -0.17099875     0.25374850    -0.00038041     0.05526747    -0.04708898   
  54   0.16509411    -0.16635321     0.25903236    -0.00038831     0.06067559    -0.05323940   
  55   0.16664025    -0.16767313     0.24819400    -0.00037208     0.05444557    -0.04644106   
  56   0.16662395    -0.16765690    -0.24821712     0.00037422     0.05443682    -0.04643388   
  57   0.16508385    -0.16634305    -0.25906640     0.00039055     0.06066837    -0.05323350   
  58   0.16993908    -0.17098260    -0.25377262     0.00038259     0.05525867    -0.04708178   
  59   0.08536480     0.07435800     0.00000077     0.00026895    -0.27962464    -0.29348933   
  60   0.08536085     0.07435450    -0.00000007    -0.00030397    -0.27961133    -0.29347493   
           7              8              9              10             11             12       
   1   0.29043470     0.19751975     0.05438563    -0.00228564    -0.02794874     0.00728031   
   2  -0.00000447     0.00000470     0.05355033     0.00174812    -0.02322445     0.00435661   
   3  -0.29044353    -0.19750877     0.05439057    -0.00226569    -0.02435232     0.00250567   
   4  -0.12694246    -0.08632202    -0.03238089    -0.00266381     0.01406669    -0.00354741   
   5   0.00000722    -0.00001137    -0.12128615    -0.00356230     0.05326833    -0.00999115   
   6   0.12694527     0.08631636    -0.03238322    -0.00267261     0.01248128    -0.00144253   
   7  -0.00000026     0.00000043     0.02390831    -0.01290780    -0.00260782     0.00044929   
   8  -0.00034855     0.00051272     0.04972274    -0.04115204     0.01657143     0.01751429   
   9  -0.00164098     0.00241366     0.11770624    -0.19982271     0.25333035     0.18259117   
  10  -0.00033286     0.00048950     0.00202507    -0.04422912     0.08993449     0.05945060   
  11   0.00083074    -0.00122217    -0.11259861     0.09711990    -0.04500104    -0.04481239   
  12   0.00077893    -0.00114566    -0.05422090     0.08871399    -0.11052976    -0.07991583   
  13   0.00094926    -0.00139594    -0.01286298     0.10844800    -0.21129677    -0.14044488   
  14   0.00034790    -0.00051170     0.04967622    -0.04099963    -0.00905804    -0.01917332   
  15  -0.00094943     0.00139623    -0.01265580     0.10746945     0.01155786     0.17887924   
  16  -0.00077837     0.00114480    -0.05408193     0.08812440     0.01413212     0.09867013   
  17  -0.00082931     0.00121991    -0.11248276     0.09673198     0.02114638     0.04987871   
  18   0.00033304    -0.00048981     0.00193710    -0.04381534    -0.00450823    -0.07587631   
  19   0.00163998    -0.00241212     0.11738781    -0.19847752    -0.03166984    -0.22569499   
  20  -0.00000105     0.00000096     0.02390251     0.01290798    -0.00259713     0.00052454   
  21  -0.00051317    -0.00034771     0.04966767     0.04101650    -0.00790668     0.01493591   
  22  -0.00241276    -0.00163992     0.11743880     0.19848815    -0.01910604     0.15237982   
  23  -0.00048874    -0.00033311     0.00196611     0.04380137    -0.00036525     0.04930702   
  24   0.00122297     0.00082911    -0.11246859    -0.09677772     0.01818376    -0.03810650   
  25   0.00114544     0.00077829    -0.05410543    -0.08813175     0.00863596    -0.06670840   
  26   0.00139453     0.00094941    -0.01272359    -0.10743855     0.00177871    -0.11653078   
  27   0.00051183     0.00034959     0.04972724     0.04117703     0.01547986    -0.01611481   
  28  -0.00139601    -0.00094853    -0.01287337    -0.10844752    -0.20135951     0.15325340   
  29  -0.00114485    -0.00077964    -0.05423115    -0.08873983    -0.10502288     0.08423204   
  30  -0.00122015    -0.00083311    -0.11261103    -0.09717986    -0.04217218     0.04203219   
  31   0.00048972     0.00033240     0.00203240     0.04423083     0.08572295    -0.06502545   
  32   0.00241223     0.00164230     0.11773498     0.19988674     0.24074318    -0.19270164   
  33  -0.08632872     0.12692465    -0.03242293     0.00268873     0.01242478    -0.00372795   
  34  -0.19751831     0.29043330     0.05442301     0.00224616    -0.02813860     0.00208451   
  35  -0.00000127     0.00000207     0.05360384    -0.00177935    -0.02325028     0.00435080   
  36   0.19751791    -0.29043227     0.05447890     0.00222794    -0.02421475     0.00773844   
  37   0.08634001    -0.12694145    -0.03239916     0.00268073     0.01415497    -0.00123549   
  38   0.00001222    -0.00001840    -0.12141080     0.00363429     0.05332846    -0.00998057   
  39  -0.00002954     0.00060654    -0.27654653     0.00039230     0.12584184    -0.02358109   
  40   0.00029566     0.00054520    -0.27652092    -0.00021736     0.12583012    -0.02357619   
  41   0.00001912    -0.00002937    -0.29767791    -0.00119626     0.13495204    -0.02528877   
  42  -0.00025934    -0.00060082    -0.27652042    -0.00021735     0.12584115    -0.02357936   
  43   0.00006726    -0.00066415    -0.27654473     0.00039227     0.12585258    -0.02357508   
  44   0.00002135    -0.00003251    -0.29776376     0.00138404     0.13499189    -0.02528840   
  45   0.49129055     0.33413016     0.09273990    -0.00592332    -0.04906624     0.01251892   
  46  -0.49130532    -0.33411170     0.09274809    -0.00589078    -0.04320252     0.00473416   
  47  -0.00283036     0.00416310     0.19951327    -0.34323128     0.43798947     0.31524805   
  48   0.00128563    -0.00189148    -0.18753025     0.16295861    -0.07636165    -0.07573073   
  49   0.00176801    -0.00259993    -0.02475336     0.18576228    -0.35886772    -0.23868292   
  50  -0.00176819     0.00260027    -0.02440304     0.18410323     0.01982214     0.30393858   
  51  -0.00128335     0.00188788    -0.18733296     0.16230148     0.03549227     0.08439006   
  52   0.00282878    -0.00416066     0.19896460    -0.34090911    -0.05420493    -0.38986120   
  53  -0.00416132    -0.00282868     0.19905177     0.34092502    -0.03250877     0.26306201   
  54   0.00189261     0.00128305    -0.18730859    -0.16237768     0.03048346    -0.06438403   
  55   0.00259765     0.00176807    -0.02451613    -0.18404621     0.00320312    -0.19805323   
  56  -0.00259999    -0.00176697    -0.02476935    -0.18576031    -0.34198148     0.26037930   
  57  -0.00188818    -0.00128939    -0.18755332    -0.16306099    -0.07157744     0.07112914   
  58   0.00416065     0.00283242     0.19956388     0.34334144     0.41624935    -0.33289147   
  59  -0.33411815     0.49130877     0.09280814     0.00585245    -0.04937746     0.00406102   
  60   0.33411233    -0.49129947     0.09290401     0.00582278    -0.04298176     0.01327992   
           13             14             15             16             17             18       
   1   0.02400122    -0.00412826     0.03623177     0.00019680     0.00083087     0.00948061   
   2   0.02329255     0.00345801     0.02613953    -0.00000308    -0.00000562    -0.00003748   
   3   0.02846888    -0.00412830     0.03623195    -0.00020860    -0.00086360     0.00947995   
   4  -0.01232540    -0.00487488    -0.01322485    -0.00008950    -0.00037880    -0.23232457   
   5  -0.05342604    -0.00660188    -0.06233236     0.00000790     0.00001578    -0.38769612   
   6  -0.01429504    -0.00487487    -0.01322501     0.00009176     0.00037930    -0.23232485   
   7   0.00261406    -0.02533483    -0.01894156     0.00000454    -0.00000116     0.00328827   
   8   0.00551874    -0.08028485    -0.07500925    -0.11362514     0.02715339    -0.00026895   
   9  -0.00797431    -0.00675573    -0.02687370    -0.08499421     0.02031207    -0.00045921   
  10  -0.00865427     0.07507391     0.06190119     0.07795356    -0.01862852    -0.00000343   
  11  -0.01200374     0.18007921     0.16977570     0.26523408    -0.06338389     0.00028257   
  12   0.00320794     0.00427169     0.01218761     0.03266565    -0.00780652    -0.00003779   
  13   0.01949896    -0.17048567    -0.14175642    -0.18937881     0.04525580    -0.00051489   
  14  -0.01306787    -0.08028781    -0.07500313     0.11366368    -0.02715164    -0.00026895   
  15   0.18144725    -0.17036013    -0.14163645     0.18934868    -0.04523134    -0.00051487   
  16   0.09375782     0.00433319     0.01223685    -0.03272061     0.00781606    -0.00003779   
  17   0.03597033     0.18009273     0.16976677    -0.26532673     0.06338044     0.00028256   
  18  -0.07728761     0.07502340     0.06185278    -0.07794468     0.01861932    -0.00000343   
  19  -0.21499402    -0.00688730    -0.02697800     0.08510970    -0.02033043    -0.00045919   
  20   0.00258145     0.02531638    -0.01896785     0.00000735     0.00003080    -0.00328858   
  21  -0.01839441     0.08013939    -0.07501961     0.02717518     0.11373581     0.00026928   
  22  -0.27310352     0.00663277    -0.02682388     0.02031975     0.08504437     0.00045932   
  23  -0.09644329    -0.07498223     0.06193029    -0.01864631    -0.07803984     0.00000342   
  24   0.04969263    -0.17974435     0.16979280    -0.06343260    -0.26548332    -0.00028267   
  25   0.11918109    -0.00422324     0.01217291    -0.00781165    -0.03269417     0.00003778   
  26   0.22665999     0.17026534    -0.14181031     0.04529362     0.18956613     0.00051502   
  27   0.01064986     0.08025448    -0.07515473    -0.02712739    -0.11354305     0.00026927   
  28  -0.02576026     0.17049202    -0.14208249    -0.04522326    -0.18928307     0.00051499   
  29  -0.02203725    -0.00423977     0.01218975     0.00779482     0.03262611     0.00003777   
  30  -0.02527040    -0.18000924     0.17010412     0.06332343     0.26504339    -0.00028264   
  31   0.01053084    -0.07507188     0.06203924     0.01861375     0.07790828     0.00000342   
  32   0.04974943     0.00668825    -0.02688149    -0.02028512    -0.08490557     0.00045928   
  33  -0.01396663     0.00483558    -0.01325497     0.00038062    -0.00008412     0.23237259   
  34   0.02481432     0.00420652     0.03624793     0.00084174    -0.00021338    -0.00947895   
  35   0.02332147    -0.00339025     0.02617490    -0.00000346    -0.00001013     0.00004029   
  36   0.02770078     0.00420987     0.03627228    -0.00085270     0.00019090    -0.00947984   
  37  -0.01269450     0.00483711    -0.01324463    -0.00037741     0.00009686     0.23237579   
  38  -0.05349229     0.00644395    -0.06241392     0.00000855     0.00002407     0.38778238   
  39  -0.12624013     0.00036680    -0.15794196     0.00002453     0.00005563     0.10886023   
  40  -0.12622843    -0.00074641    -0.15792671     0.00002387     0.00005589    -0.10909812   
  41  -0.13536523    -0.00255660    -0.16813365     0.00002379     0.00005638    -0.28868462   
  42  -0.12621643    -0.00074641    -0.15792644     0.00002134     0.00005299    -0.10909764   
  43  -0.12622894     0.00036677    -0.15794096     0.00002080     0.00005469     0.10885322   
  44  -0.13540733     0.00215157    -0.16818484     0.00002403     0.00005938     0.28854233   
  45   0.04264535    -0.01080671     0.06750184     0.00031193     0.00131839     0.25924264   
  46   0.04992969    -0.01080686     0.06750230    -0.00033532    -0.00138617     0.25924242   
  47  -0.01426217    -0.00838274    -0.04426903    -0.15024587     0.03590597     0.00025142   
  48  -0.02003194     0.30435991     0.28799928     0.45723088    -0.10926603     0.00002183   
  49   0.03295221    -0.28880350    -0.24095223    -0.32825678     0.07844346     0.00020368   
  50   0.30815008    -0.28859099    -0.24074842     0.32820590    -0.07840135     0.00020367   
  51   0.06109117     0.30437923     0.28798052    -0.45738397     0.10925851     0.00002184   
  52  -0.37178457    -0.00861165    -0.04445057     0.15044709    -0.03593784     0.00025141   
  53  -0.47213256     0.00817108    -0.04417762     0.03591781     0.15032709    -0.00025179   
  54   0.08429195    -0.30378596     0.28802082    -0.10934711    -0.45764863    -0.00002179   
  55   0.38497425     0.28842394    -0.24103760     0.07850652     0.32857117    -0.00020403   
  56  -0.04395147     0.28881638    -0.24150826    -0.07838748    -0.32809283    -0.00020403   
  57  -0.04246904    -0.30424495     0.28855963     0.10916304     0.45690748    -0.00002179   
  58   0.08543159     0.00826869    -0.04427969    -0.03585928    -0.15009282    -0.00025178   
  59   0.04396892     0.01094778     0.06752701     0.00134171    -0.00034275    -0.25929729   
  60   0.04867721     0.01095334     0.06756905    -0.00136290     0.00030237    -0.25930526   
           19             20             21             22             23             24       
   1   0.05464335    -0.03774194     0.01409280    -0.00000163    -0.00025159     0.14290734   
   2   0.10095964    -0.11541131     0.07007451     0.00000014     0.00000253     0.31137866   
   3   0.05464435    -0.03774237     0.01409295     0.00000177     0.00025319     0.14290912   
   4   0.26527554     0.00025394    -0.04078524     0.00000150     0.00020573     0.07150696   
   5   0.32645665     0.04128846    -0.06832574     0.00000005    -0.00000133    -0.06899382   
   6   0.26527553     0.00025434    -0.04078550    -0.00000130    -0.00020647     0.07150545   
   7   0.03450016     0.12833904     0.11712771    -0.00000070     0.00000001    -0.08070325   
   8   0.01641513     0.19618004     0.19669970    -0.22116563     0.00147547     0.00291088   
   9   0.00356504     0.09175540     0.09436289    -0.13452288     0.00089743     0.02281779   
  10   0.00268592     0.12727293     0.13406799    -0.23548545     0.00157101     0.07533402   
  11  -0.00018706     0.06021431     0.06507946    -0.13607318     0.00090781     0.05666155   
  12   0.00262936     0.12555765     0.13225703    -0.23300191     0.00155447     0.07426336   
  13   0.00347768     0.08971856     0.09222993    -0.13193871     0.00088023     0.02180208   
  14   0.01641440     0.19617239     0.19669216     0.22117431    -0.00147489     0.00291047   
  15   0.00347755     0.08971489     0.09222618     0.13194319    -0.00087988     0.02180047   
  16   0.00262924     0.12555216     0.13225135     0.23301010    -0.00155386     0.07425951   
  17  -0.00018705     0.06021200     0.06507702     0.13607882    -0.00090746     0.05665908   
  18   0.00268581     0.12726811     0.13406303     0.23549549    -0.00157039     0.07533093   
  19   0.00356491     0.09175236     0.09435984     0.13452924    -0.00089708     0.02281697   
  20   0.03453835    -0.12827294     0.11721618     0.00000002     0.00000264     0.08070391   
  21   0.01643157    -0.19605865     0.19682759    -0.00147517    -0.22115454    -0.00291113   
  22   0.00356838    -0.09169595     0.09442153    -0.00089727    -0.13451412    -0.02281590   
  23   0.00268848    -0.12719015     0.13415095    -0.00157067    -0.23547191    -0.07532714   
  24  -0.00018723    -0.06017524     0.06511985    -0.00090759    -0.13606683    -0.05665659   
  25   0.00263190    -0.12547802     0.13234102    -0.00155409    -0.23299200    -0.07425765   
  26   0.00348095    -0.08966154     0.09228839    -0.00088000    -0.13193139    -0.02180040   
  27   0.01642985    -0.19603575     0.19680406     0.00147526     0.22118669    -0.00291251   
  28   0.00348065    -0.08965196     0.09227824     0.00088006     0.13195121    -0.02179959   
  29   0.00263168    -0.12546311     0.13232481     0.00155416     0.23302298    -0.07425165   
  30  -0.00018718    -0.06016732     0.06511101     0.00090762     0.13608286    -0.05665097   
  31   0.00268825    -0.12717363     0.13413301     0.00157072     0.23550036    -0.07531977   
  32   0.00356808    -0.09168504     0.09440997     0.00089732     0.13453226    -0.02281411   
  33   0.26513378    -0.00022553    -0.04075434     0.00020595    -0.00000188    -0.07159164   
  34   0.05461628     0.03776009     0.01406465     0.00025196    -0.00000202    -0.14300459   
  35   0.10089711     0.11544249     0.06996628    -0.00000049    -0.00000063    -0.31155030   
  36   0.05461740     0.03776011     0.01406429    -0.00025223     0.00000132    -0.14300512   
  37   0.26513809    -0.00022615    -0.04075560    -0.00020580     0.00000081    -0.07159125   
  38   0.32628847    -0.04127203    -0.06825700     0.00000024    -0.00000030     0.06899896   
  39  -0.15077946    -0.02882590     0.02495557    -0.00000527     0.00000513     0.15893319   
  40  -0.15082648     0.02882770     0.02494823    -0.00000444     0.00000520    -0.15889319   
  41  -0.06565376     0.06681780     0.00423186    -0.00000022    -0.00000103    -0.33352021   
  42  -0.15083148     0.02882887     0.02495033     0.00000415    -0.00000557    -0.15893862   
  43  -0.15078410    -0.02882269     0.02495767     0.00000537    -0.00000362     0.15887617   
  44  -0.06553900    -0.06681961     0.00424923     0.00000020     0.00000109     0.33352541   
  45  -0.30336641     0.08183449    -0.02215913     0.00000033     0.00006930    -0.24437932   
  46  -0.30336656     0.08183498    -0.02215946    -0.00000065    -0.00007233    -0.24438076   
  47  -0.01628044    -0.22540578    -0.22929566     0.30428250    -0.00202998    -0.04758013   
  48  -0.00399859    -0.17591783    -0.18487676     0.31954482    -0.00213182    -0.09886267   
  49  -0.01637386    -0.22566509    -0.22951941     0.30427514    -0.00202994    -0.04722773   
  50  -0.01637321    -0.22565588    -0.22951012    -0.30428562     0.00202913    -0.04722445   
  51  -0.00399847    -0.17591255    -0.18487134    -0.31956039     0.00213100    -0.09885892   
  52  -0.01627967    -0.22539596    -0.22928583    -0.30429340     0.00202918    -0.04757779   
  53  -0.01629677     0.22526571    -0.22944410     0.00202955     0.30426869     0.04757681   
  54  -0.00400249     0.17580723    -0.18499516     0.00213135     0.31953263     0.09885536   
  55  -0.01639073     0.22552975    -0.22967292     0.00202954     0.30426710     0.04722490   
  56  -0.01638879     0.22550017    -0.22964209    -0.00202962    -0.30430564     0.04722164   
  57  -0.00400208     0.17578277    -0.18496874    -0.00213141    -0.31956886     0.09884541   
  58  -0.01629491     0.22523593    -0.22941299    -0.00202963    -0.30430590     0.04757261   
  59  -0.30319749    -0.08187789    -0.02210478    -0.00007046     0.00000124     0.24454647   
  60  -0.30320281    -0.08187692    -0.02210343     0.00007101     0.00000032     0.24454467   
           25             26             27             28             29             30       
   1  -0.00226202    -0.13412264    -0.01511446     0.10661948    -0.23554945    -0.24329263   
   2   0.00002508    -0.37938877    -0.13046558     0.24612473    -0.00003205     0.00001925   
   3   0.00228375    -0.13412536    -0.01511519     0.10664973     0.23552361     0.24330791   
   4   0.00527306     0.10975766     0.12935304    -0.05520654     0.36340757     0.37526866   
   5  -0.00000936     0.24787849     0.12894475    -0.15032473     0.00001961    -0.00001341   
   6  -0.00526919     0.10976125     0.12935427    -0.05525265    -0.36339046    -0.37528365   
   7  -0.00000340    -0.16276418     0.15813159    -0.07791743     0.00000396     0.00000099   
   8  -0.00000639    -0.10430165     0.20724843    -0.25007328    -0.00323791     0.00317360   
   9  -0.00000195    -0.00716827     0.04614315    -0.07586780    -0.00014677     0.00014732   
  10   0.00000603     0.11429698    -0.14167629     0.13044350     0.00284510    -0.00278435   
  11   0.00000551     0.11095878    -0.15892243     0.16723483     0.00205964    -0.00201885   
  12   0.00000744     0.11297696    -0.14170151     0.13979530     0.00043665    -0.00043157   
  13   0.00000124    -0.00808896     0.04571422    -0.06892615    -0.00181235     0.00177359   
  14   0.00000505    -0.10429856     0.20724453    -0.25007747     0.00327019    -0.00316606   
  15  -0.00000024    -0.00809065     0.04571720    -0.06893653     0.00182125    -0.00177152   
  16  -0.00000219     0.11297131    -0.14169450     0.13978558    -0.00045464     0.00042741   
  17  -0.00000117     0.11095480    -0.15891864     0.16723693    -0.00208089     0.00201388   
  18  -0.00000071     0.11429378    -0.14167568     0.13045575    -0.00286095     0.00278058   
  19   0.00000302    -0.00716760     0.04614066    -0.07586238     0.00015717    -0.00014495   
  20   0.00000747    -0.16297083    -0.15791826    -0.07798315     0.00000653    -0.00000408   
  21   0.00000719    -0.10442561    -0.20695689    -0.25028627    -0.00312628    -0.00329250   
  22   0.00000131    -0.00717641    -0.04607734    -0.07592932    -0.00013947    -0.00015701   
  23  -0.00000923     0.11443235     0.14147705     0.13055838     0.00275012     0.00288278   
  24  -0.00000811     0.11109066     0.15869912     0.16737792     0.00198838     0.00209476   
  25  -0.00001059     0.11311184     0.14150219     0.13991079     0.00041814     0.00045411   
  26  -0.00000185    -0.00809911    -0.04565177    -0.06898982    -0.00175219    -0.00183574   
  27  -0.00000426    -0.10441237    -0.20693091    -0.25025067     0.00318055     0.00326136   
  28  -0.00000037    -0.00809624    -0.04564338    -0.06897391     0.00176716     0.00182717   
  29  -0.00000095     0.11310164     0.14148946     0.13990089    -0.00044847    -0.00043691   
  30  -0.00000142     0.11107807     0.15867980     0.16735415    -0.00202419    -0.00207432   
  31  -0.00000247     0.11441901     0.14145804     0.13053240    -0.00277681    -0.00286738   
  32  -0.00000367    -0.00717564    -0.04607297    -0.07592373     0.00015698     0.00014712   
  33  -0.00528055     0.10957351    -0.12946943    -0.05526715     0.37533853    -0.36333814   
  34  -0.00228157    -0.13405107     0.01515459     0.10663993     0.24326702    -0.23556679   
  35  -0.00001143    -0.37907531     0.13063062     0.24613914    -0.00001930    -0.00000462   
  36   0.00227172    -0.13404610     0.01514729     0.10658439    -0.24328541     0.23556593   
  37   0.00527882     0.10958384    -0.12948175    -0.05535437    -0.37532582     0.36334039   
  38   0.00000418     0.24762505    -0.12909112    -0.15036723     0.00001386     0.00000155   
  39  -0.49994352    -0.07494394     0.14569710     0.04213291     0.00117508     0.00663168   
  40  -0.49995843    -0.07506515    -0.14562570     0.04199939    -0.00140898     0.00660380   
  41  -0.00002084     0.00630995    -0.26118774    -0.00926647    -0.00000260     0.00000968   
  42   0.49995219    -0.07504888    -0.14561293     0.04199593     0.00139520    -0.00658883   
  43   0.49996652    -0.07492771     0.14569873     0.04212905    -0.00117999    -0.00664020   
  44   0.00000918     0.00654150     0.26117500    -0.00903943     0.00000495    -0.00001034   
  45   0.00341966     0.16750061     0.00597993    -0.11168931     0.23315455     0.24076412   
  46  -0.00345368     0.16750347     0.00598094    -0.11171917    -0.23312671    -0.24077791   
  47  -0.00000328    -0.00185270    -0.04313190     0.07288593     0.00022868    -0.00022641   
  48  -0.00000763    -0.14568850     0.17956770    -0.17065863    -0.00206098     0.00201969   
  49  -0.00000145    -0.00112494    -0.04321643     0.06719162     0.00168102    -0.00164562   
  50  -0.00000084    -0.00112197    -0.04322058     0.06720278    -0.00168967     0.00164361   
  51   0.00000071    -0.14568382     0.17956393    -0.17066113     0.00208236    -0.00201470   
  52   0.00000096    -0.00185295    -0.04312922     0.07288003    -0.00023863     0.00022412   
  53   0.00000467    -0.00185519     0.04307084     0.07294562     0.00021885     0.00023846   
  54   0.00001178    -0.14586294    -0.17931647    -0.17080535    -0.00198966    -0.00209570   
  55   0.00000282    -0.00112514     0.04315892     0.06725521     0.00162515     0.00170350   
  56   0.00000221    -0.00112760     0.04314983     0.06723858    -0.00163962    -0.00169509   
  57   0.00000342    -0.14584658    -0.17929506    -0.17078164     0.00202567     0.00207512   
  58   0.00000042    -0.00185506     0.04306673     0.07294025    -0.00023560    -0.00022896   
  59   0.00344999     0.16742266    -0.00601645    -0.11170018    -0.24078827     0.23311408   
  60  -0.00343451     0.16741382    -0.00600782    -0.11164289     0.24080430    -0.23311068   
           31             32             33             34             35             36       
   1  -0.00673098     0.00222795    -0.00000681     0.00147303    -0.10756775    -0.00322197   
   2  -0.02025133     0.00479306    -0.00015772     0.00003924    -0.31416294     0.00001366   
   3  -0.00673622     0.00221871    -0.00010806    -0.00145078    -0.10755656     0.00323190   
   4   0.00981166    -0.00093825    -0.00001877    -0.00242339     0.14772315     0.00553955   
   5   0.01397249    -0.00297324     0.00010617    -0.00002816     0.21541242    -0.00000916   
   6   0.00982030    -0.00092311     0.00014961     0.00237681     0.14770544    -0.00555134   
   7  -0.00038555    -0.00158869     0.00000930     0.00000594    -0.01323536     0.00000077   
   8  -0.01059490    -0.00524478    -0.00129802     0.00009612    -0.17612452     0.06245557   
   9  -0.17850551     0.16789730     0.23826685    -0.00960010    -0.04582798     0.02074816   
  10  -0.26248652     0.26179895     0.36562623    -0.01477458     0.10251871    -0.02957318   
  11   0.00770393     0.00247484    -0.00051970    -0.00000715     0.11160276    -0.03928484   
  12   0.27451482    -0.25805041    -0.36656201     0.01476882     0.06839751    -0.02964781   
  13   0.17148283    -0.17085045    -0.23866022     0.00964353    -0.06733850     0.02063743   
  14  -0.01059037    -0.00524597     0.00125190    -0.00000737    -0.17617931    -0.06244509   
  15   0.16836051    -0.16682557     0.24369195    -0.00950985    -0.06734496    -0.02063171   
  16   0.26970075    -0.25184830     0.37436166    -0.01464982     0.06844286     0.02964698   
  17   0.00768574     0.00249603     0.00057918    -0.00004929     0.11163705     0.03927815   
  18  -0.25770307     0.25563257    -0.37333223     0.01456823     0.10252525     0.02956369   
  19  -0.17537697     0.16386646    -0.24334105     0.00952216    -0.04585861    -0.02074764   
  20   0.00044236    -0.00157388     0.00001513     0.00000455     0.01323554    -0.00000217   
  21   0.01076361    -0.00485261     0.00005351    -0.00126521     0.17619922     0.43233081   
  22   0.17110643     0.17311302     0.00918974     0.23997417     0.04585355     0.14363221   
  23   0.25100968     0.26938645     0.01400036     0.36820338    -0.10255239    -0.20469521   
  24  -0.00777379     0.00219642    -0.00008644    -0.00055127    -0.11165073    -0.27193876   
  25  -0.26313757    -0.26606690    -0.01413898    -0.36918188    -0.06843687    -0.20524687   
  26  -0.16398871    -0.17580478    -0.00913958    -0.24033767     0.06736240     0.14284875   
  27   0.01078540    -0.00482463     0.00015067     0.00124064     0.17615105    -0.43239840   
  28  -0.16300820    -0.17434681     0.01000681     0.24201825     0.06735838    -0.14288528   
  29  -0.26164569    -0.26384511     0.01527506     0.37179162    -0.06839633     0.20525785   
  30  -0.00778044     0.00218856    -0.00004027     0.00057321    -0.11162007     0.27198089   
  31   0.24950864     0.26715404    -0.01533241    -0.37077933    -0.10254766     0.20475147   
  32   0.17013765     0.17166986    -0.00993012    -0.24167332     0.04582602    -0.14363936   
  33  -0.00976924    -0.00132920    -0.00244691     0.00013640    -0.14783721     0.00079004   
  34   0.00666036     0.00246791    -0.00144149     0.00004010     0.10759698     0.00045111   
  35   0.02007621     0.00556864     0.00007505    -0.00007053     0.31432715    -0.00001121   
  36   0.00664446     0.00249285     0.00148122    -0.00009075     0.10762894    -0.00045879   
  37  -0.00979575    -0.00128836     0.00235172    -0.00007628    -0.14778997    -0.00077929   
  38  -0.01386442    -0.00350913    -0.00005437     0.00004767    -0.21553797     0.00000769   
  39   0.00975408     0.00109281     0.00006461    -0.00005484     0.14657272     0.00005745   
  40  -0.00978133     0.00071500    -0.00003925     0.00000639    -0.14648776     0.00003743   
  41  -0.01623704    -0.00055134    -0.00009169     0.00004491    -0.24182520     0.00000903   
  42  -0.00978035     0.00071462    -0.00008775     0.00004135    -0.14647885    -0.00002595   
  43   0.00975424     0.00109261     0.00003354    -0.00000379     0.14657034    -0.00006814   
  44   0.01624410     0.00007696     0.00009549    -0.00004350     0.24180179    -0.00000912   
  45   0.00633341    -0.00225578    -0.00000104    -0.00160943     0.10074878     0.00360839   
  46   0.00633921    -0.00224571     0.00011163     0.00158945     0.10073778    -0.00361764   
  47   0.17219017    -0.16203278    -0.23006529     0.00926986     0.04308932    -0.01951136   
  48  -0.00755483    -0.00240949     0.00054793     0.00000539    -0.10799498     0.03747456   
  49  -0.16691663     0.16625696     0.23244247    -0.00939207     0.06479452    -0.01948453   
  50  -0.16387508     0.16233644    -0.23733884     0.00926219     0.06480094     0.01947922   
  51  -0.00753631    -0.00243112    -0.00060618     0.00004982    -0.10802832    -0.03746822   
  52   0.16916662    -0.15813814     0.23495723    -0.00919406     0.04311827     0.01951076   
  53  -0.16505046    -0.16706396    -0.00887305    -0.23171427    -0.04311385    -0.13507233   
  54   0.00762215    -0.00213716     0.00008608     0.00057825     0.10804174     0.25940950   
  55   0.15962459     0.17108025     0.00890209     0.23407757    -0.06481840    -0.13487130   
  56   0.15866775     0.16965827    -0.00974537    -0.23571022    -0.06481385     0.13490437   
  57   0.00762875    -0.00212948     0.00003786    -0.00060020     0.10801246    -0.25945064   
  58  -0.16411429    -0.16566971     0.00958843     0.23335275    -0.04308764     0.13507855   
  59  -0.00626293    -0.00247874     0.00158151    -0.00004634    -0.10077293    -0.00050771   
  60  -0.00624504    -0.00250590    -0.00161635     0.00009494    -0.10080161     0.00051479   
           37             38             39       
   1   0.00048207     0.12880374     0.00008029   
   2   0.00001527     0.03245367    -0.00440373   
   3  -0.00047220     0.12880343     0.00008031   
   4  -0.00082494     0.00537179     0.00535050   
   5  -0.00001063    -0.09946682    -0.00015000   
   6   0.00080907     0.00537237     0.00535052   
   7   0.00000495     0.00011540    -0.91528448   
   8   0.43237572     0.00025634     0.05618587   
   9   0.14364361    -0.00002310     0.12535266   
  10  -0.20472374    -0.00005413    -0.01386959   
  11  -0.27196562     0.00001677    -0.09211517   
  12  -0.20525886    -0.00004937    -0.01329543   
  13   0.14286561    -0.00002333     0.12519943   
  14  -0.43235787     0.00025631     0.05618230   
  15  -0.14284554    -0.00002332     0.12519424   
  16   0.20527624    -0.00004935    -0.01329428   
  17   0.27195349     0.00001678    -0.09210967   
  18   0.20468664    -0.00005413    -0.01386893   
  19  -0.14365638    -0.00002310     0.12534599   
  20   0.00000018    -0.91526476     0.00011537   
  21  -0.06245370     0.05617979     0.00025629   
  22  -0.02074922     0.12534045    -0.00002311   
  23   0.02956915    -0.01386822    -0.00005413   
  24   0.03928364    -0.09210764     0.00001678   
  25   0.02965025    -0.01329383    -0.00004934   
  26  -0.02063516     0.12518998    -0.00002333   
  27   0.06244599     0.05617383     0.00025627   
  28   0.02063417     0.12517654    -0.00002332   
  29  -0.02964442    -0.01329289    -0.00004934   
  30  -0.03927877    -0.09209732     0.00001676   
  31  -0.02956815    -0.01386677    -0.00005411   
  32   0.02074503     0.12532721    -0.00002309   
  33   0.00555346     0.00535366     0.00537031   
  34   0.00321749     0.00008039     0.12873010   
  35  -0.00002378    -0.00440650     0.03243270   
  36  -0.00323531     0.00008038     0.12873102   
  37  -0.00553393     0.00535364     0.00536975   
  38   0.00001587    -0.00015016    -0.09940676   
  39  -0.00006100     0.00069135     0.02447170   
  40  -0.00006686     0.02446590     0.00069139   
  41   0.00001443    -0.00314763    -0.02059028   
  42   0.00008283     0.02446471     0.00069135   
  43   0.00004216     0.00069137     0.02447069   
  44  -0.00001406    -0.02058499    -0.00314805   
  45  -0.00053677    -0.06602804    -0.00024087   
  46   0.00052778    -0.06602728    -0.00024088   
  47  -0.13508159    -0.00002596    -0.06428748   
  48   0.25943359     0.00001251     0.04650133   
  49  -0.13488411    -0.00002776    -0.06448905   
  50   0.13486609    -0.00002776    -0.06448650   
  51  -0.25942241     0.00001250     0.04649843   
  52   0.13509276    -0.00002595    -0.06428347   
  53   0.01951273    -0.06428218    -0.00002594   
  54  -0.03747375     0.04649742     0.00001250   
  55   0.01948278    -0.06448476    -0.00002775   
  56  -0.01948156    -0.06447757    -0.00002775   
  57   0.03746923     0.04649267     0.00001251   
  58  -0.01950873    -0.06427538    -0.00002595   
  59  -0.00360347    -0.00024098    -0.06598911   
  60   0.00362024    -0.00024098    -0.06598888   

 -----------------------------------------------------------------------------------------------
  Virtual Orbital Coefficients
 -----------------------------------------------------------------------------------------------
           40             41             42             43             44             45       
   1  -0.08444409    -0.02801527    -0.17020328     0.00011451    -0.00542439    -0.35521064   
   2   0.24744963    -0.00021646     0.33460371    -0.00000800     0.00000466    -0.00001724   
   3  -0.08444328     0.02823397    -0.17015826    -0.00010547     0.00542165     0.35522995   
   4  -0.21176739    -0.02305976    -0.19344599     0.00010582    -0.00492663    -0.31309919   
   5   0.24255578    -0.00023937     0.37011070    -0.00000874     0.00000597    -0.00001820   
   6  -0.21176694     0.02331257    -0.19340886    -0.00009829     0.00491814     0.31311416   
   7  -0.05463905    -0.00002436     0.03479949    -0.00000527    -0.00000014     0.00000049   
   8  -0.03483160    -0.00002824     0.10766345     0.37304560     0.01257839    -0.00335251   
   9   0.02699415     0.00011059    -0.06684000    -0.22263881    -0.00750608    -0.00993591   
  10   0.01170403    -0.00005364    -0.04650231    -0.16859829    -0.00568573     0.01189866   
  11  -0.03545062    -0.00005453     0.11578699     0.41362364     0.01394681    -0.00354301   
  12   0.01167244     0.00008584    -0.04749323    -0.18545010    -0.00625220    -0.00873758   
  13   0.02694414    -0.00004489    -0.06574560    -0.20439896    -0.00689300     0.01348925   
  14  -0.03482942    -0.00011366     0.10764859    -0.37304762    -0.01257112     0.00333985   
  15   0.02694232     0.00013194    -0.06573143     0.20430664     0.00688581    -0.01348982   
  16   0.01167213    -0.00002361    -0.04749190     0.18553555     0.00625146     0.00875048   
  17  -0.03544805    -0.00009778     0.11576986    -0.41362134    -0.01393856     0.00352880   
  18   0.01170262     0.00011464    -0.04648955     0.16851021     0.00567940    -0.01189935   
  19   0.02699295    -0.00002217    -0.06683721     0.22273803     0.00750505     0.00995083   
  20  -0.05461950     0.00002339    -0.03485592     0.00000021    -0.00000481    -0.00000039   
  21  -0.03481365     0.00011094    -0.10780270     0.01257904    -0.37301707     0.00324172   
  22   0.02698098     0.00002341     0.06693087    -0.00751032     0.22268386     0.00958515   
  23   0.01169765    -0.00011309     0.04655837    -0.00568231     0.16852857    -0.01148561   
  24  -0.03543299     0.00009488    -0.11593723     0.01394719    -0.41359335     0.00342580   
  25   0.01166708     0.00002441     0.04755907    -0.00625619     0.18549656     0.00842890   
  26   0.02693092    -0.00012985     0.06582837    -0.00688922     0.20432212    -0.01302083   
  27  -0.03481059     0.00002530    -0.10780074    -0.01257280     0.37307306    -0.00322270   
  28   0.02692883     0.00004631     0.06583131     0.00688766    -0.20440920     0.01302681   
  29   0.01166559    -0.00008422     0.04755403     0.00625141    -0.18547356    -0.00845277   
  30  -0.03542975     0.00005137    -0.11593503    -0.01394027     0.41365621    -0.00340462   
  31   0.01169691     0.00005457     0.04656155     0.00568118    -0.16860510     0.01149122   
  32   0.02697823    -0.00010837     0.06692501     0.00750466    -0.22265967    -0.00961265   
  33  -0.21196842    -0.02335838     0.19326764     0.00491729     0.00023298     0.32405554   
  34  -0.08453813     0.02805938     0.17003600    -0.00542466    -0.00025166    -0.36765023   
  35   0.24769791     0.00022560    -0.33432531     0.00000571    -0.00000692     0.00001058   
  36  -0.08454723    -0.02828780     0.17005877     0.00542107     0.00025968     0.36764201   
  37  -0.21196082     0.02309537     0.19324605    -0.00492706    -0.00022673    -0.32407135   
  38   0.24280706     0.00024959    -0.36980937     0.00000710    -0.00000752     0.00001320   
  39  -0.22527721    -0.49862998     0.11490791    -0.00027240     0.00023382    -0.00150886   
  40  -0.22515187     0.49863038    -0.11495201     0.00025255    -0.00025467    -0.00012584   
  41   0.39936945    -0.00001040     0.00695667     0.00000353     0.00000393     0.00000760   
  42  -0.22513448    -0.49848492    -0.11560992    -0.00025106     0.00024678     0.00012839   
  43  -0.22527722     0.49848560     0.11556588     0.00026365    -0.00023299     0.00149070   
  44   0.39935082     0.00000931    -0.00686654     0.00000408     0.00000347     0.00000916   
  45   0.03679384     0.01039715     0.06452116    -0.00004085     0.00194981     0.12909234   
  46   0.03679325    -0.01048018     0.06450406     0.00003754    -0.00194856    -0.12909876   
  47  -0.00976814    -0.00004054     0.02418948     0.08087231     0.00272657     0.00357245   
  48   0.01354019     0.00002262    -0.04275662    -0.15121964    -0.00509895     0.00127379   
  49  -0.00973986     0.00001135     0.02383815     0.07450779     0.00251266    -0.00484093   
  50  -0.00973919    -0.00004291     0.02383295    -0.07447407    -0.00251003     0.00484114   
  51   0.01353915     0.00003366    -0.04275013     0.15121817     0.00509591    -0.00126859   
  52  -0.00976763     0.00000855     0.02418825    -0.08090736    -0.00272616    -0.00357784   
  53  -0.00976348    -0.00000901    -0.02422247     0.00272805    -0.08088867    -0.00344637   
  54   0.01353340    -0.00003259     0.04281187    -0.00509898     0.15120745    -0.00123163   
  55  -0.00973514     0.00004216    -0.02386816     0.00251126    -0.07447969     0.00467278   
  56  -0.00973438    -0.00001188    -0.02386921    -0.00251068     0.07451135    -0.00467491   
  57   0.01353232    -0.00002145     0.04281152     0.00509651    -0.15123206     0.00122392   
  58  -0.00976250     0.00003975    -0.02422037    -0.00272600     0.08088013     0.00345634   
  59   0.03683212    -0.01041329    -0.06445565     0.00194989     0.00009077     0.13361090   
  60   0.03683556     0.01049993    -0.06446358    -0.00194831    -0.00009369    -0.13360628   
           46             47             48             49             50             51       
   1  -0.36658344    -0.00064496    -0.00004838    -0.00068943    -0.02341038    -0.08089183   
   2   0.00001275     0.00101268     0.00034567    -0.00000295     0.00000299     0.09358535   
   3   0.36656775    -0.00056353    -0.00038712     0.00069307     0.02340877    -0.08089224   
   4  -0.32319696    -0.00035009    -0.00043022    -0.00060517    -0.02061522     0.00487346   
   5   0.00001416     0.00095644     0.00092490    -0.00000297     0.00000800     0.07823935   
   6   0.32318556    -0.00027837    -0.00072845     0.00060716     0.02060298     0.00487305   
   7  -0.00000039     0.00095710     0.00016208    -0.00000145    -0.00000065     0.08672556   
   8   0.00317573    -0.00210168     0.00021871     0.00890844    -0.00035488    -0.23545602   
   9   0.00992089     0.35195918     0.08188617     0.35805833    -0.01454677     0.12185761   
  10  -0.01171791    -0.30851218    -0.07247485    -0.32434371     0.01317026     0.12659816   
  11   0.00335480    -0.00108195     0.00054738     0.01088943    -0.00043462    -0.27643926   
  12   0.00872238     0.30944810     0.07199889     0.31466444    -0.01278388     0.12437632   
  13  -0.01328248    -0.35024836    -0.08228458    -0.36817611     0.01495014     0.12474926   
  14  -0.00316748    -0.00192397     0.00026039    -0.00890534     0.00037050    -0.23546532   
  15   0.01328562    -0.35358613    -0.08306371     0.36483942    -0.01483119     0.12477900   
  16  -0.00873320     0.31220679     0.07264265    -0.31174024     0.01266417     0.12436079   
  17  -0.00334553    -0.00087676     0.00059549    -0.01087133     0.00045167    -0.27644724   
  18   0.01172077    -0.31145273    -0.07316124     0.32140532    -0.01306542     0.12662049   
  19  -0.00993335     0.35509889     0.08261885    -0.35473334     0.01441059     0.12184080   
  20   0.00000026     0.00027864    -0.00092748    -0.00000062    -0.00001059     0.08667602   
  21   0.00327451    -0.00111486     0.00172291    -0.00035809    -0.00887250    -0.23534231   
  22   0.01026378     0.08245836    -0.35098871    -0.01459870    -0.35885186     0.12178456   
  23  -0.01211181    -0.07166656     0.30802959     0.01321897     0.32500889     0.12654727   
  24   0.00345804    -0.00095609     0.00065659    -0.00043810    -0.01085246    -0.27630435   
  25   0.00902333     0.07249439    -0.30859043    -0.01282910    -0.31535539     0.12430505   
  26  -0.01372846    -0.08135569     0.34969684     0.01500504     0.36892453     0.12470570   
  27  -0.00329006    -0.00110058     0.00166218     0.00036378     0.00891359    -0.23529914   
  28   0.01375405    -0.08246724     0.35448575    -0.01481095    -0.36406048     0.12466709   
  29  -0.00903049     0.07345664    -0.31273690     0.01265316     0.31104578     0.12429547   
  30  -0.00347555    -0.00093734     0.00057666     0.00044380     0.01088115    -0.27625449   
  31   0.01213403    -0.07264587     0.31224882    -0.01304799    -0.32072458     0.12651164   
  32  -0.01027159     0.08355355    -0.35570804     0.01439861     0.35395107     0.12177678   
  33  -0.31219731     0.00028089     0.00051578     0.02058562    -0.00106336     0.00482507   
  34   0.35411012     0.00004014     0.00066162    -0.02338521     0.00121802    -0.08099514   
  35  -0.00000665     0.00013915    -0.00105865     0.00000295    -0.00001214     0.09373795   
  36  -0.35410632    -0.00018667     0.00061160     0.02338531    -0.00120359    -0.08097482   
  37   0.31220940     0.00048064     0.00055979    -0.02058955     0.00107334     0.00480731   
  38  -0.00000890    -0.00040529    -0.00126499     0.00000182    -0.00001295     0.07840324   
  39   0.03787899     0.00063779     0.00010998    -0.00111938     0.00115561     0.08336875   
  40  -0.03789670     0.00016774    -0.00060809     0.00106241    -0.00121346     0.08343492   
  41  -0.00000877    -0.00083513     0.00056051     0.00000244     0.00000848    -0.18306563   
  42   0.03789869     0.00018244    -0.00062255    -0.00106335     0.00119887     0.08343853   
  43  -0.03786292     0.00062273     0.00012359     0.00111543    -0.00115633     0.08335908   
  44  -0.00001070    -0.00087421     0.00049763     0.00000277     0.00000776    -0.18305225   
  45   0.13321581     0.00021980     0.00007038     0.00025342     0.00857146     0.02670418   
  46  -0.13320951     0.00019001     0.00019433    -0.00025469    -0.00856986     0.02670418   
  47  -0.00356759    -0.12705382    -0.02955837    -0.12934147     0.00525474    -0.04497012   
  48  -0.00120576     0.00039385    -0.00019983    -0.00393312     0.00015697     0.09993003   
  49   0.00476768     0.12687039     0.02980753     0.13342283    -0.00541777    -0.04614983   
  50  -0.00476883     0.12808074     0.03009006    -0.13221474     0.00537474    -0.04616044   
  51   0.00120237     0.00031960    -0.00021724     0.00392627    -0.00016318     0.09993249   
  52   0.00357209    -0.12818721    -0.02982285     0.12814064    -0.00520551    -0.04496361   
  53  -0.00369098    -0.02976823     0.12670270     0.00527352     0.12962831    -0.04494321   
  54  -0.00124274     0.00034858    -0.00023891     0.00015819     0.00391935     0.09988063   
  55   0.00492766     0.02946814    -0.12667185    -0.00543764    -0.13369442    -0.04613334   
  56  -0.00493696     0.02987095    -0.12840727     0.00536735     0.13193259    -0.04611921   
  57   0.00124916     0.00034182    -0.00021007    -0.00016027    -0.00393002     0.09986368   
  58   0.00369378    -0.03016398     0.12840806    -0.00520130    -0.12785963    -0.04494028   
  59  -0.12868083    -0.00006913    -0.00025095     0.00856162    -0.00044491     0.02674034   
  60   0.12867787     0.00001386    -0.00023263    -0.00856178     0.00043972     0.02673279   
           52             53             54             55             56             57       
   1  -0.04511721     0.17547130    -0.23727296     0.00003367     0.00105769    -0.22500680   
   2   0.12705073    -0.28977193     0.24823269    -0.00003108    -0.00094266     0.20754972   
   3  -0.04511953     0.17547297    -0.23727301     0.00003366     0.00099477    -0.22500694   
   4  -0.10099362     0.09360130     0.17175604    -0.00003464    -0.00108595     0.23160003   
   5   0.16922723    -0.30517963    -0.08769132     0.00003807     0.00117655    -0.25551291   
   6  -0.10099590     0.09360312     0.17175604    -0.00003455    -0.00103804     0.23160056   
   7   0.13523755     0.10329124     0.04159952    -0.00000053     0.00000214     0.00022555   
   8  -0.22794276    -0.08322145     0.01465748    -0.26916004     0.00098479    -0.10811070   
   9   0.11146006     0.03271141    -0.02472805     0.28437764    -0.00104105     0.11420969   
  10   0.13111761     0.05988632     0.03498426    -0.28072079     0.00102726    -0.11251199   
  11  -0.27818356    -0.11653900    -0.04293714     0.29586826    -0.00108255     0.11847510   
  12   0.13033355     0.06004202     0.03513695    -0.28141130     0.00103000    -0.11283949   
  13   0.11279152     0.03278077    -0.02484396     0.28541184    -0.00104469     0.11460010   
  14  -0.22794512    -0.08322036     0.01465665     0.26920764    -0.00001104    -0.10802858   
  15   0.11280747     0.03278362    -0.02484267    -0.28546311     0.00001123     0.11451341   
  16   0.13032315     0.06003868     0.03513543     0.28146186    -0.00001107    -0.11275414   
  17  -0.27818338    -0.11653605    -0.04293548    -0.29592259     0.00001199     0.11838591   
  18   0.13112736     0.05988637     0.03498274     0.28077031    -0.00001130    -0.11242649   
  19   0.11144975     0.03270922    -0.02472668    -0.28442550     0.00001111     0.11412203   
  20  -0.13529337     0.10330393    -0.04160038     0.00000004    -0.00001766     0.00021341   
  21   0.22804123    -0.08322876    -0.01465299    -0.00048165    -0.26862997    -0.10946549   
  22  -0.11150044     0.03271293     0.02472243     0.00050885     0.28381441     0.11564101   
  23  -0.13117829     0.05989096    -0.03497760    -0.00050235    -0.28016754    -0.11392640   
  24   0.27830141    -0.11654707     0.04292983     0.00052951     0.29529016     0.11996811   
  25  -0.13038402     0.06004588    -0.03513102    -0.00050362    -0.28086289    -0.11426004   
  26  -0.11285001     0.03278554     0.02483900     0.00051075     0.28485503     0.11603995   
  27   0.22800546    -0.08321742    -0.01465425     0.00051372     0.26973825    -0.10696281   
  28  -0.11282348     0.03277926     0.02483922    -0.00054477    -0.28602247     0.11338579   
  29  -0.13037095     0.06003946    -0.03513012     0.00053714     0.28200691    -0.11164374   
  30   0.27825901    -0.11653232     0.04292834    -0.00056473    -0.29648860     0.11721796   
  31  -0.13115170     0.05988245    -0.03497674     0.00053578     0.28130852    -0.11131672   
  32  -0.11149044     0.03270942     0.02472278    -0.00054275    -0.28497966     0.11299729   
  33   0.10091982     0.09358578    -0.17187459    -0.00005849    -0.00105839     0.23136020   
  34   0.04513354     0.17556809     0.23742210     0.00000195     0.00103061    -0.22477822   
  35  -0.12701025    -0.28987602    -0.24837931    -0.00003076    -0.00095164     0.20733999   
  36   0.04511825     0.17555062     0.23741910     0.00006500     0.00103038    -0.22477673   
  37   0.10093375     0.09360141    -0.17187376    -0.00001077    -0.00105847     0.23136127   
  38  -0.16915710    -0.30526477     0.08776977     0.00003836     0.00116459    -0.25525202   
  39   0.05992533    -0.14310137    -0.28705952     0.00000250     0.00014210    -0.03423465   
  40  -0.05998107    -0.14321519     0.28709209     0.00000876     0.00017148    -0.03439307   
  41   0.01192685     0.34760911    -0.26605039    -0.00001618    -0.00051838     0.11045740   
  42  -0.05998597    -0.14321667     0.28709244     0.00000088     0.00016560    -0.03439266   
  43   0.05993011    -0.14308975    -0.28705867     0.00000839     0.00014996    -0.03423278   
  44  -0.01180042     0.34757246     0.26595672    -0.00001686    -0.00049358     0.11028829   
  45   0.01881380    -0.06127265     0.06935863    -0.00000940    -0.00029589     0.06282731   
  46   0.01881448    -0.06127287     0.06935830    -0.00000941    -0.00027677     0.06282706   
  47  -0.04160795    -0.01293144     0.00655036    -0.07945894     0.00029095    -0.03193033   
  48   0.09984320     0.04099240     0.01299272    -0.08299814     0.00030363    -0.03321124   
  49  -0.04222391    -0.01300653     0.00660560    -0.07996860     0.00029280    -0.03213451   
  50  -0.04222948    -0.01300744     0.00660528     0.07998328    -0.00000305    -0.03211034   
  51   0.09984271     0.04099118     0.01299217     0.08301309    -0.00000340    -0.03318612   
  52  -0.04160379    -0.01293048     0.00654994     0.07947165    -0.00000305    -0.03190556   
  53   0.04162297    -0.01293193    -0.00654888    -0.00014217    -0.07930129    -0.03233020   
  54  -0.09988485     0.04099495    -0.01299047    -0.00014855    -0.08283573    -0.03362999   
  55   0.04224536    -0.01300814    -0.00660430    -0.00014310    -0.07981243    -0.03253794   
  56   0.04223558    -0.01300576    -0.00660440     0.00015264     0.08014004    -0.03179428   
  57  -0.09987069     0.04099019    -0.01299012     0.00015842     0.08317222    -0.03285898   
  58   0.04161921    -0.01293054    -0.00654906     0.00015165     0.07962772    -0.03159168   
  59  -0.01881628    -0.06130277    -0.06940037     0.00000025    -0.00028787     0.06276239   
  60  -0.01881078    -0.06129624    -0.06939869    -0.00001893    -0.00028778     0.06276123   
           58             59             60       
   1  -0.00348114     0.16429741     0.18680848   
   2  -0.01470589    -0.17007570    -0.17438952   
   3  -0.00348107     0.16429737     0.18680833   
   4   0.03202002    -0.14747974    -0.20627246   
   5  -0.06557909     0.15179238     0.27011223   
   6   0.03202017    -0.14747986    -0.20627279   
   7  -0.07216160     0.09138454    -0.04833578   
   8   0.20207673    -0.17905531     0.05309181   
   9  -0.19969907     0.17192725    -0.04729266   
  10   0.18238115    -0.15160578     0.03779694   
  11  -0.18382788     0.14946225    -0.03476904   
  12   0.18283943    -0.15195684     0.03786260   
  13  -0.20034917     0.17247676    -0.04743872   
  14   0.20206469    -0.17904540     0.05308913   
  15  -0.20033782     0.17246776    -0.04743649   
  16   0.18282883    -0.15194862     0.03786070   
  17  -0.18381799     0.14945480    -0.03476746   
  18   0.18236989    -0.15159697     0.03779486   
  19  -0.19968528     0.17191607    -0.04728979   
  20   0.07202498     0.09154132     0.04830474   
  21  -0.20176397    -0.17939722    -0.05305994   
  22   0.19939120     0.17225614     0.04726412   
  23  -0.18210535    -0.15190018    -0.03777516   
  24   0.18355556     0.14975731     0.03475029   
  25  -0.18256711    -0.15225542    -0.03784166   
  26   0.20004614     0.17281174     0.04741146   
  27  -0.20167332    -0.17933821    -0.05304887   
  28   0.19995095     0.17275057     0.04740056   
  29  -0.18247600    -0.15219810    -0.03783219   
  30   0.18346155     0.14969892     0.03474106   
  31  -0.18201469    -0.15184319    -0.03776575   
  32   0.19929768     0.17219634     0.04725357   
  33  -0.03201559    -0.14735524     0.20652929   
  34   0.00344100     0.16412100    -0.18703035   
  35   0.01476674    -0.16987024     0.17458787   
  36   0.00344131     0.16411976    -0.18702946   
  37  -0.03201614    -0.14735572     0.20653066   
  38   0.06561227     0.15170964    -0.27046892   
  39   0.09291064     0.02054779    -0.24659833   
  40  -0.09290473     0.02051792     0.24653666   
  41   0.10620530    -0.06499586    -0.29747809   
  42  -0.09290445     0.02051761     0.24653547   
  43   0.09290992     0.02054673    -0.24659592   
  44  -0.10623112    -0.06503441     0.29769060   
  45  -0.00011372    -0.04662430    -0.05146887   
  46  -0.00011373    -0.04662406    -0.05146858   
  47   0.05630013    -0.04864614     0.01350302   
  48   0.05023517    -0.04029112     0.00895135   
  49   0.05664431    -0.04893845     0.01358130   
  50   0.05664132    -0.04893608     0.01358071   
  51   0.05023231    -0.04028899     0.00895092   
  52   0.05629578    -0.04864257     0.01350209   
  53  -0.05621304    -0.04873891    -0.01349477   
  54  -0.05016103    -0.04037093    -0.00894662   
  55  -0.05655840    -0.04903327    -0.01357341   
  56  -0.05653169    -0.04901607    -0.01357033   
  57  -0.05013553    -0.04035533    -0.00894426   
  58  -0.05618714    -0.04872238    -0.01349186   
  59   0.00012630    -0.04657198     0.05152851   
  60   0.00012623    -0.04657111     0.05152766   

 -----------------------------------------------------------------------------------------------
  Generalised Fock Matrix (MO basis)
 -----------------------------------------------------------------------------------------------
           1              2              3              4              5              6        
   1  -7.93199229    -0.00000000    -0.00000000    -0.00000000     0.00000000    -0.00000000   
   2  -0.00000000    -7.92925172     0.00000000    -0.00000000    -0.00000000     0.00000000   
   3  -0.00000000     0.00000000    -7.84270334    -0.00000000    -0.00000000     0.00000000   
   4  -0.00000000    -0.00000000    -0.00000000    -7.84267558     0.00000000    -0.00000000   
   5   0.00000000    -0.00000000    -0.00000000     0.00000000    -7.73026489     0.00000000   
   6  -0.00000000     0.00000000     0.00000000    -0.00000000     0.00000000    -7.68755128   
   7  -0.00000000    -0.00000000    -0.00000000     0.00000000     0.00000000     0.00000000   
   8   0.00000000     0.00000000     0.00000000    -0.00000000    -0.00000000    -0.00000000   
   9   0.00000000     0.00000000     0.00000000     0.00000000    -0.00000000     0.00000000   
  10  -0.00000000     0.00000000     0.00000000    -0.00000000    -0.00000000     0.00000000   
  11  -0.00000000     0.00000000     0.00000000     0.00000000     0.00000000     0.00000000   
  12   0.00000000    -0.00000000    -0.00000000     0.00000000     0.00000000    -0.00000000   
  13   0.00000000     0.00000000     0.00000000    -0.00000000    -0.00000000     0.00000000   
  14  -0.00000000    -0.00000000     0.00000000     0.00000000    -0.00000000    -0.00000000   
  15  -0.00000000    -0.00000000    -0.00000000     0.00000000    -0.00000000    -0.00000000   
  16   0.00000000     0.00000000    -0.00000000    -0.00000000     0.00000000     0.00000000   
  17   0.00000000    -0.00000000    -0.00000000     0.00000000     0.00000000    -0.00000000   
  18   0.00000000    -0.00000000     0.00000000     0.00000000    -0.00000000     0.00000000   
  19  -0.00000000     0.00000000     0.00000000     0.00000000     0.00000000    -0.00000000   
  20  -0.00000000     0.00000000     0.00000000    -0.00000000    -0.00000000    -0.00000000   
  21  -0.00000000    -0.00000000     0.00000000    -0.00000000    -0.00000000    -0.00000000   
  22   0.00000000     0.00000000    -0.00000000     0.00000000     0.00000000     0.00000000   
  23   0.00000000    -0.00000000    -0.00000000     0.00000000     0.00000000    -0.00000000   
  24  -0.00000000    -0.00000000    -0.00000000    -0.00000000     0.00000000     0.00000000   
  25   0.00000000     0.00000000     0.00000000    -0.00000000     0.00000000    -0.00000000   
  26  -0.00000000    -0.00000000    -0.00000000    -0.00000000     0.00000000     0.00000000   
  27   0.00000000     0.00000000    -0.00000000     0.00000000     0.00000000    -0.00000000   
  28   0.00000000     0.00000000    -0.00000000    -0.00000000    -0.00000000    -0.00000000   
  29  -0.00000000    -0.00000000     0.00000000    -0.00000000     0.00000000     0.00000000   
  30  -0.00000000     0.00000000    -0.00000000     0.00000000    -0.00000000    -0.00000000   
  31  -0.00000000    -0.00000000    -0.00000000    -0.00000000    -0.00000000    -0.00000000   
  32  -0.00000000     0.00000000    -0.00000000     0.00000000     0.00000000     0.00000000   
  33   0.00000000     0.00000000     0.00000000     0.00000000     0.00000000     0.00000000   
  34  -0.00000000     0.00000000    -0.00000000    -0.00000000    -0.00000000     0.00000000   
  35   0.00000000     0.00000000     0.00000000    -0.00000000    -0.00000000    -0.00000000   
  36   0.00000000    -0.00000000     0.00000000     0.00000000     0.00000000     0.00000000   
  37   0.00000000     0.00000000     0.00000000     0.00000000     0.00000000     0.00000000   
  38   0.22132433    -0.21543357     0.00000469    -0.00000010    -0.09845938     0.11478205   
  39   0.21947994     0.21730622    -0.00000004    -0.00003135    -0.09862670    -0.11447588   
  40   0.00000003    -0.00000003    -0.00000000    -0.00000000    -0.00000005     0.00000004   
  41   0.00000001     0.00000000    -0.00000001    -0.00000000    -0.00000000    -0.00000002   
  42  -0.00000002     0.00000002     0.00000003     0.00000001     0.00000001     0.00000000   
  43   0.00000002     0.00000002    -0.00000001     0.00000002     0.00000000     0.00000001   
  44  -0.00000001     0.00000001    -0.00000001     0.00000002     0.00000002     0.00000001   
  45  -0.00000003    -0.00000003    -0.00000001     0.00000003     0.00000003     0.00000002   
  46  -0.00000001    -0.00000003    -0.00000000     0.00000001    -0.00000001    -0.00000002   
  47  -0.00000002    -0.00000001     0.00000002     0.00000000     0.00000002    -0.00000000   
  48  -0.00000005     0.00000002    -0.00000001     0.00000001     0.00000010    -0.00000001   
  49   0.00000001     0.00000003     0.00000001     0.00000002     0.00000003     0.00000002   
  50   0.00000004    -0.00000000    -0.00000001     0.00000000    -0.00000007    -0.00000001   
  51   0.00000002     0.00000002     0.00000000    -0.00000001    -0.00000002     0.00000001   
  52   0.00000001     0.00000001     0.00000000    -0.00000002     0.00000002    -0.00000003   
  53   0.00000002     0.00000002     0.00000001    -0.00000002     0.00000002    -0.00000004   
  54   0.00000001     0.00000001     0.00000000    -0.00000001    -0.00000001     0.00000000   
  55  -0.00000001    -0.00000002    -0.00000000     0.00000000     0.00000001     0.00000001   
  56  -0.00000002     0.00000001    -0.00000002     0.00000000     0.00000006    -0.00000000   
  57   0.00000003     0.00000001     0.00000000    -0.00000001    -0.00000012     0.00000000   
  58   0.00000002    -0.00000000    -0.00000000     0.00000003    -0.00000007     0.00000009   
  59   0.00000004     0.00000002    -0.00000000    -0.00000001    -0.00000011    -0.00000004   
  60   0.00000000    -0.00000000    -0.00000001     0.00000000     0.00000001     0.00000002   
           7              8              9              10             11             12       
   1  -0.00000000     0.00000000     0.00000000    -0.00000000    -0.00000000     0.00000000   
   2  -0.00000000     0.00000000     0.00000000     0.00000000     0.00000000    -0.00000000   
   3  -0.00000000     0.00000000     0.00000000     0.00000000     0.00000000    -0.00000000   
   4   0.00000000    -0.00000000     0.00000000    -0.00000000     0.00000000     0.00000000   
   5   0.00000000    -0.00000000    -0.00000000    -0.00000000     0.00000000     0.00000000   
   6   0.00000000    -0.00000000     0.00000000     0.00000000     0.00000000    -0.00000000   
   7  -6.13013756     0.00000000    -0.00000000    -0.00000000     0.00000000    -0.00000000   
   8   0.00000000    -6.13008990     0.00000000     0.00000000    -0.00000000    -0.00000000   
   9  -0.00000000     0.00000000    -6.04041508     0.00000000     0.00000000     0.00000000   
  10  -0.00000000     0.00000000     0.00000000    -6.03230994    -0.00000000    -0.00000000   
  11   0.00000000    -0.00000000     0.00000000    -0.00000000    -6.02849615     0.00000000   
  12  -0.00000000    -0.00000000     0.00000000    -0.00000000     0.00000000    -6.02848768   
  13  -0.00000000     0.00000000    -0.00000000    -0.00000000     0.00000000     0.00000000   
  14  -0.00000000     0.00000000     0.00000000    -0.00000000    -0.00000000    -0.00000000   
  15  -0.00000000     0.00000000    -0.00000000    -0.00000000     0.00000000    -0.00000000   
  16  -0.00000000     0.00000000    -0.00000000     0.00000000     0.00000000     0.00000000   
  17  -0.00000000    -0.00000000    -0.00000000    -0.00000000     0.00000000    -0.00000000   
  18   0.00000000    -0.00000000     0.00000000     0.00000000    -0.00000000     0.00000000   
  19   0.00000000    -0.00000000     0.00000000    -0.00000000    -0.00000000     0.00000000   
  20  -0.00000000    -0.00000000     0.00000000    -0.00000000    -0.00000000     0.00000000   
  21   0.00000000    -0.00000000    -0.00000000    -0.00000000     0.00000000    -0.00000000   
  22   0.00000000     0.00000000    -0.00000000     0.00000000    -0.00000000    -0.00000000   
  23   0.00000000    -0.00000000     0.00000000     0.00000000     0.00000000     0.00000000   
  24   0.00000000     0.00000000     0.00000000    -0.00000000    -0.00000000     0.00000000   
  25   0.00000000     0.00000000     0.00000000    -0.00000000    -0.00000000     0.00000000   
  26  -0.00000000     0.00000000    -0.00000000    -0.00000000     0.00000000     0.00000000   
  27  -0.00000000     0.00000000     0.00000000    -0.00000000    -0.00000000    -0.00000000   
  28   0.00000000    -0.00000000    -0.00000000    -0.00000000     0.00000000     0.00000000   
  29   0.00000000     0.00000000    -0.00000000     0.00000000     0.00000000     0.00000000   
  30   0.00000000    -0.00000000     0.00000000     0.00000000     0.00000000     0.00000000   
  31  -0.00000000    -0.00000000     0.00000000    -0.00000000     0.00000000     0.00000000   
  32  -0.00000000    -0.00000000     0.00000000     0.00000000    -0.00000000    -0.00000000   
  33  -0.00000000     0.00000000    -0.00000000     0.00000000    -0.00000000    -0.00000000   
  34   0.00000000    -0.00000000    -0.00000000    -0.00000000    -0.00000000     0.00000000   
  35  -0.00000000    -0.00000000     0.00000000     0.00000000     0.00000000     0.00000000   
  36  -0.00000000    -0.00000000    -0.00000000    -0.00000000    -0.00000000     0.00000000   
  37   0.00000000     0.00000000    -0.00000000     0.00000000    -0.00000000     0.00000000   
  38  -0.00000402     0.00000556     0.12298022     0.06810695    -0.01216534     0.00247963   
  39  -0.00000185     0.00000289     0.12301680    -0.06810369    -0.01222513     0.00208271   
  40   0.00000006     0.00000004    -0.00000002     0.00000001     0.00000001    -0.00000004   
  41   0.00000001    -0.00000003     0.00000007    -0.00000001    -0.00000001    -0.00000002   
  42   0.00000003     0.00000004     0.00000004    -0.00000001     0.00000001     0.00000002   
  43   0.00000000    -0.00000003    -0.00000003    -0.00000003     0.00000002     0.00000001   
  44  -0.00000000     0.00000001     0.00000001     0.00000001     0.00000004    -0.00000000   
  45  -0.00000001     0.00000003     0.00000001     0.00000000     0.00000004     0.00000003   
  46   0.00000001    -0.00000001    -0.00000005     0.00000002     0.00000000    -0.00000001   
  47   0.00000001     0.00000002     0.00000004     0.00000002     0.00000001     0.00000006   
  48  -0.00000003     0.00000001    -0.00000001    -0.00000005    -0.00000001     0.00000004   
  49  -0.00000002     0.00000003     0.00000003    -0.00000003    -0.00000000    -0.00000001   
  50   0.00000001    -0.00000000     0.00000002     0.00000005     0.00000003    -0.00000002   
  51   0.00000002     0.00000000    -0.00000004    -0.00000003     0.00000003    -0.00000002   
  52  -0.00000001    -0.00000002    -0.00000005     0.00000000    -0.00000001    -0.00000003   
  53  -0.00000003    -0.00000000    -0.00000003    -0.00000003    -0.00000000    -0.00000004   
  54  -0.00000001     0.00000001    -0.00000000    -0.00000000     0.00000001    -0.00000001   
  55  -0.00000001    -0.00000000    -0.00000000    -0.00000003     0.00000004     0.00000002   
  56  -0.00000004    -0.00000000     0.00000002    -0.00000000     0.00000000     0.00000000   
  57   0.00000002     0.00000003    -0.00000003     0.00000000     0.00000004     0.00000001   
  58   0.00000005     0.00000007    -0.00000003     0.00000001     0.00000003     0.00000002   
  59   0.00000006     0.00000002    -0.00000000     0.00000001     0.00000003     0.00000001   
  60   0.00000004    -0.00000001     0.00000005    -0.00000000    -0.00000002     0.00000000   
           13             14             15             16             17             18       
   1   0.00000000    -0.00000000    -0.00000000     0.00000000     0.00000000     0.00000000   
   2   0.00000000    -0.00000000    -0.00000000     0.00000000    -0.00000000    -0.00000000   
   3   0.00000000     0.00000000    -0.00000000    -0.00000000    -0.00000000     0.00000000   
   4  -0.00000000     0.00000000     0.00000000    -0.00000000     0.00000000     0.00000000   
   5  -0.00000000    -0.00000000    -0.00000000     0.00000000     0.00000000    -0.00000000   
   6   0.00000000    -0.00000000    -0.00000000     0.00000000    -0.00000000     0.00000000   
   7  -0.00000000    -0.00000000    -0.00000000    -0.00000000    -0.00000000     0.00000000   
   8   0.00000000     0.00000000     0.00000000     0.00000000    -0.00000000    -0.00000000   
   9  -0.00000000     0.00000000    -0.00000000    -0.00000000    -0.00000000     0.00000000   
  10  -0.00000000    -0.00000000    -0.00000000     0.00000000    -0.00000000     0.00000000   
  11   0.00000000    -0.00000000     0.00000000     0.00000000     0.00000000     0.00000000   
  12   0.00000000    -0.00000000    -0.00000000     0.00000000    -0.00000000     0.00000000   
  13  -6.02847664    -0.00000000    -0.00000000     0.00000000    -0.00000000     0.00000000   
  14  -0.00000000    -6.01147091    -0.00000000     0.00000000    -0.00000000    -0.00000000   
  15  -0.00000000    -0.00000000    -6.00594091     0.00000000     0.00000000     0.00000000   
  16   0.00000000     0.00000000     0.00000000    -5.98131391     0.00000000    -0.00000000   
  17  -0.00000000    -0.00000000     0.00000000     0.00000000    -5.98131371    -0.00000000   
  18   0.00000000    -0.00000000     0.00000000    -0.00000000    -0.00000000    -3.67738099   
  19   0.00000000     0.00000000     0.00000000    -0.00000000     0.00000000    -0.00000000   
  20  -0.00000000     0.00000000     0.00000000    -0.00000000     0.00000000     0.00000000   
  21   0.00000000     0.00000000     0.00000000    -0.00000000    -0.00000000    -0.00000000   
  22  -0.00000000     0.00000000     0.00000000    -0.00000000     0.00000000     0.00000000   
  23  -0.00000000     0.00000000    -0.00000000    -0.00000000    -0.00000000     0.00000000   
  24  -0.00000000     0.00000000     0.00000000    -0.00000000     0.00000000     0.00000000   
  25   0.00000000    -0.00000000     0.00000000    -0.00000000     0.00000000     0.00000000   
  26  -0.00000000    -0.00000000     0.00000000    -0.00000000    -0.00000000     0.00000000   
  27  -0.00000000    -0.00000000     0.00000000     0.00000000    -0.00000000     0.00000000   
  28   0.00000000    -0.00000000     0.00000000    -0.00000000    -0.00000000    -0.00000000   
  29  -0.00000000    -0.00000000    -0.00000000    -0.00000000     0.00000000     0.00000000   
  30   0.00000000     0.00000000     0.00000000     0.00000000     0.00000000    -0.00000000   
  31   0.00000000     0.00000000     0.00000000    -0.00000000    -0.00000000     0.00000000   
  32  -0.00000000    -0.00000000     0.00000000    -0.00000000    -0.00000000     0.00000000   
  33   0.00000000    -0.00000000    -0.00000000    -0.00000000     0.00000000     0.00000000   
  34  -0.00000000    -0.00000000     0.00000000    -0.00000000    -0.00000000     0.00000000   
  35   0.00000000     0.00000000     0.00000000    -0.00000000     0.00000000     0.00000000   
  36   0.00000000     0.00000000    -0.00000000     0.00000000     0.00000000     0.00000000   
  37   0.00000000     0.00000000     0.00000000    -0.00000000    -0.00000000    -0.00000000   
  38   0.01207715     0.13236610    -0.10058493     0.00003853     0.00016111     0.02183151   
  39   0.01225263    -0.13247352    -0.10045150     0.00002470    -0.00000576    -0.02182258   
  40  -0.00000001     0.00000000    -0.00000001    -0.00000000    -0.00000001     0.00000007   
  41   0.00000002     0.00000000     0.00000004     0.00000001    -0.00000001    -0.00000008   
  42   0.00000003    -0.00000001     0.00000002    -0.00000001     0.00000001     0.00000009   
  43  -0.00000000    -0.00000002    -0.00000004    -0.00000000     0.00000000     0.00000001   
  44   0.00000001    -0.00000001     0.00000000    -0.00000001    -0.00000003     0.00000001   
  45   0.00000003     0.00000001     0.00000003    -0.00000001    -0.00000000    -0.00000006   
  46  -0.00000002     0.00000001    -0.00000002    -0.00000000    -0.00000000    -0.00000000   
  47   0.00000003    -0.00000002    -0.00000000    -0.00000007     0.00000002    -0.00000009   
  48   0.00000001    -0.00000003     0.00000003    -0.00000001     0.00000003     0.00000005   
  49  -0.00000002    -0.00000008    -0.00000007    -0.00000004     0.00000002     0.00000002   
  50   0.00000001     0.00000001    -0.00000003    -0.00000000    -0.00000004    -0.00000007   
  51  -0.00000003    -0.00000001    -0.00000001     0.00000001     0.00000001     0.00000003   
  52  -0.00000005     0.00000003    -0.00000004     0.00000003    -0.00000003    -0.00000001   
  53  -0.00000005    -0.00000000    -0.00000004     0.00000002    -0.00000000    -0.00000000   
  54  -0.00000001     0.00000000    -0.00000000     0.00000001    -0.00000000     0.00000000   
  55  -0.00000001     0.00000001    -0.00000001    -0.00000001     0.00000000    -0.00000001   
  56   0.00000000    -0.00000001     0.00000001     0.00000000    -0.00000000     0.00000001   
  57  -0.00000001    -0.00000000    -0.00000001     0.00000000    -0.00000000    -0.00000002   
  58  -0.00000002    -0.00000002    -0.00000001    -0.00000001     0.00000001    -0.00000004   
  59  -0.00000003    -0.00000001    -0.00000001     0.00000000    -0.00000000     0.00000003   
  60   0.00000001    -0.00000001     0.00000002    -0.00000001     0.00000000    -0.00000001   
           19             20             21             22             23             24       
   1  -0.00000000    -0.00000000     0.00000000     0.00000000     0.00000000    -0.00000000   
   2   0.00000000     0.00000000    -0.00000000     0.00000000    -0.00000000     0.00000000   
   3   0.00000000     0.00000000     0.00000000    -0.00000000    -0.00000000    -0.00000000   
   4   0.00000000    -0.00000000    -0.00000000     0.00000000     0.00000000    -0.00000000   
   5   0.00000000    -0.00000000    -0.00000000     0.00000000     0.00000000     0.00000000   
   6  -0.00000000    -0.00000000    -0.00000000     0.00000000    -0.00000000     0.00000000   
   7   0.00000000    -0.00000000     0.00000000     0.00000000     0.00000000     0.00000000   
   8  -0.00000000    -0.00000000    -0.00000000     0.00000000    -0.00000000     0.00000000   
   9   0.00000000     0.00000000    -0.00000000    -0.00000000     0.00000000     0.00000000   
  10  -0.00000000    -0.00000000    -0.00000000     0.00000000     0.00000000    -0.00000000   
  11  -0.00000000    -0.00000000     0.00000000    -0.00000000     0.00000000    -0.00000000   
  12   0.00000000     0.00000000    -0.00000000    -0.00000000     0.00000000     0.00000000   
  13   0.00000000    -0.00000000     0.00000000    -0.00000000    -0.00000000    -0.00000000   
  14   0.00000000     0.00000000     0.00000000     0.00000000     0.00000000     0.00000000   
  15   0.00000000     0.00000000     0.00000000     0.00000000    -0.00000000     0.00000000   
  16  -0.00000000    -0.00000000    -0.00000000    -0.00000000    -0.00000000    -0.00000000   
  17   0.00000000     0.00000000    -0.00000000     0.00000000    -0.00000000     0.00000000   
  18  -0.00000000     0.00000000    -0.00000000     0.00000000     0.00000000     0.00000000   
  19  -2.70098659    -0.00000000     0.00000000     0.00000000     0.00000000     0.00000000   
  20  -0.00000000    -1.69026912    -0.00000000    -0.00000000    -0.00000000     0.00000000   
  21   0.00000000    -0.00000000    -1.65869082    -0.00000000     0.00000000    -0.00000000   
  22   0.00000000    -0.00000000    -0.00000000    -1.40817250     0.00000000    -0.00000000   
  23   0.00000000    -0.00000000     0.00000000     0.00000000    -1.40816129    -0.00000000   
  24   0.00000000     0.00000000    -0.00000000    -0.00000000    -0.00000000    -0.84799716   
  25   0.00000000    -0.00000000    -0.00000000    -0.00000000     0.00000000    -0.00000000   
  26  -0.00000000    -0.00000000     0.00000000    -0.00000000     0.00000000    -0.00000000   
  27   0.00000000     0.00000000     0.00000000     0.00000000     0.00000000    -0.00000000   
  28   0.00000000    -0.00000000    -0.00000000    -0.00000000     0.00000000    -0.00000000   
  29   0.00000000     0.00000000     0.00000000     0.00000000     0.00000000    -0.00000000   
  30  -0.00000000    -0.00000000    -0.00000000     0.00000000     0.00000000     0.00000000   
  31  -0.00000000     0.00000000    -0.00000000     0.00000000    -0.00000000    -0.00000000   
  32  -0.00000000     0.00000000    -0.00000000    -0.00000000    -0.00000000     0.00000000   
  33  -0.00000000     0.00000000     0.00000000    -0.00000000     0.00000000     0.00000000   
  34  -0.00000000    -0.00000000     0.00000000     0.00000000     0.00000000    -0.00000000   
  35  -0.00000000    -0.00000000    -0.00000000    -0.00000000    -0.00000000    -0.00000000   
  36   0.00000000    -0.00000000     0.00000000    -0.00000000     0.00000000    -0.00000000   
  37   0.00000000     0.00000000    -0.00000000    -0.00000000    -0.00000000     0.00000000   
  38   0.09554278    -0.47974973     0.44046341     0.00000005     0.00001160     0.33844421   
  39   0.09544605     0.48001448     0.44014472    -0.00000136    -0.00000003    -0.33846809   
  40   0.00000000    -0.00000004    -0.00000004    -0.00000005    -0.00000002     0.00000011   
  41  -0.00000001     0.00000003     0.00000005     0.00000001    -0.00000002    -0.00000013   
  42  -0.00000002     0.00000009     0.00000002     0.00000005    -0.00000001    -0.00000001   
  43   0.00000002     0.00000003     0.00000009     0.00000004     0.00000001     0.00000001   
  44  -0.00000001     0.00000001     0.00000006     0.00000004     0.00000000    -0.00000005   
  45   0.00000010     0.00000007    -0.00000002     0.00000010    -0.00000002    -0.00000009   
  46   0.00000002    -0.00000006    -0.00000008    -0.00000001    -0.00000002     0.00000009   
  47  -0.00000003     0.00000007    -0.00000001     0.00000006    -0.00000000    -0.00000009   
  48  -0.00000008     0.00000006     0.00000000     0.00000005    -0.00000001    -0.00000013   
  49   0.00000007     0.00000010     0.00000005     0.00000005    -0.00000000    -0.00000015   
  50   0.00000005    -0.00000001     0.00000004     0.00000001    -0.00000002     0.00000003   
  51   0.00000004     0.00000003     0.00000002     0.00000000     0.00000001     0.00000000   
  52  -0.00000004     0.00000003     0.00000001    -0.00000003    -0.00000000    -0.00000002   
  53   0.00000004    -0.00000001     0.00000003    -0.00000009     0.00000003     0.00000003   
  54   0.00000002     0.00000002    -0.00000001     0.00000000    -0.00000001    -0.00000005   
  55   0.00000001     0.00000004     0.00000005     0.00000007    -0.00000001    -0.00000007   
  56  -0.00000001     0.00000001     0.00000001     0.00000003    -0.00000001    -0.00000002   
  57   0.00000004     0.00000002     0.00000001     0.00000002     0.00000002     0.00000003   
  58   0.00000007     0.00000004     0.00000003     0.00000012     0.00000006    -0.00000006   
  59   0.00000006     0.00000002     0.00000001    -0.00000006     0.00000005     0.00000010   
  60  -0.00000003    -0.00000002     0.00000000    -0.00000002     0.00000002    -0.00000000   
           25             26             27             28             29             30       
   1   0.00000000    -0.00000000     0.00000000     0.00000000    -0.00000000    -0.00000000   
   2   0.00000000    -0.00000000     0.00000000     0.00000000    -0.00000000     0.00000000   
   3   0.00000000    -0.00000000    -0.00000000    -0.00000000     0.00000000    -0.00000000   
   4  -0.00000000    -0.00000000     0.00000000    -0.00000000    -0.00000000     0.00000000   
   5   0.00000000     0.00000000     0.00000000    -0.00000000     0.00000000    -0.00000000   
   6  -0.00000000     0.00000000    -0.00000000    -0.00000000     0.00000000    -0.00000000   
   7   0.00000000    -0.00000000    -0.00000000     0.00000000     0.00000000     0.00000000   
   8   0.00000000     0.00000000     0.00000000    -0.00000000     0.00000000    -0.00000000   
   9   0.00000000    -0.00000000     0.00000000    -0.00000000    -0.00000000     0.00000000   
  10  -0.00000000    -0.00000000    -0.00000000    -0.00000000     0.00000000     0.00000000   
  11  -0.00000000     0.00000000    -0.00000000     0.00000000     0.00000000     0.00000000   
  12   0.00000000     0.00000000    -0.00000000     0.00000000     0.00000000     0.00000000   
  13   0.00000000    -0.00000000    -0.00000000     0.00000000    -0.00000000    -0.00000000   
  14  -0.00000000    -0.00000000    -0.00000000    -0.00000000    -0.00000000     0.00000000   
  15   0.00000000     0.00000000     0.00000000     0.00000000    -0.00000000     0.00000000   
  16  -0.00000000    -0.00000000     0.00000000    -0.00000000    -0.00000000     0.00000000   
  17   0.00000000    -0.00000000    -0.00000000    -0.00000000     0.00000000     0.00000000   
  18   0.00000000     0.00000000     0.00000000    -0.00000000     0.00000000    -0.00000000   
  19   0.00000000    -0.00000000     0.00000000     0.00000000     0.00000000    -0.00000000   
  20  -0.00000000    -0.00000000     0.00000000    -0.00000000     0.00000000    -0.00000000   
  21  -0.00000000     0.00000000     0.00000000    -0.00000000     0.00000000    -0.00000000   
  22  -0.00000000    -0.00000000     0.00000000    -0.00000000     0.00000000     0.00000000   
  23   0.00000000     0.00000000     0.00000000     0.00000000     0.00000000     0.00000000   
  24  -0.00000000    -0.00000000    -0.00000000    -0.00000000    -0.00000000     0.00000000   
  25  -0.62194980     0.00000000     0.00000000     0.00000000     0.00000000     0.00000000   
  26   0.00000000     0.00464316     0.00000000     0.00000000    -0.00000000     0.00000000   
  27   0.00000000     0.00000000     0.66392321     0.00000000     0.00000000    -0.00000000   
  28   0.00000000     0.00000000     0.00000000     1.23871625     0.00000000    -0.00000000   
  29   0.00000000    -0.00000000     0.00000000     0.00000000     1.32960644     0.00000000   
  30   0.00000000     0.00000000    -0.00000000    -0.00000000     0.00000000     1.33103931   
  31   0.00000000    -0.00000000     0.00000000    -0.00000000     0.00000000    -0.00000000   
  32   0.00000000     0.00000000    -0.00000000     0.00000000     0.00000000     0.00000000   
  33   0.00000000     0.00000000    -0.00000000     0.00000000    -0.00000000     0.00000000   
  34   0.00000000     0.00000000     0.00000000     0.00000000    -0.00000000     0.00000000   
  35   0.00000000    -0.00000000    -0.00000000    -0.00000000     0.00000000    -0.00000000   
  36   0.00000000     0.00000000     0.00000000     0.00000000    -0.00000000    -0.00000000   
  37   0.00000000    -0.00000000    -0.00000000    -0.00000000     0.00000000     0.00000000   
  38   0.00003208    -0.73210232    -0.73212849    -0.35144276     0.00003082    -0.00001569   
  39  -0.00001464    -0.73121009     0.73313426    -0.35113297     0.00001783     0.00000383   
  40   0.00000008     0.00000009    -0.00000004     0.00000005    -0.00000018    -0.00000007   
  41   0.00000010    -0.00000014    -0.00000011     0.00000008    -0.00000004    -0.00000003   
  42   0.00000010    -0.00000008     0.00000008     0.00000014    -0.00000005    -0.00000021   
  43   0.00000000    -0.00000009     0.00000004     0.00000001    -0.00000002    -0.00000004   
  44   0.00000002    -0.00000005     0.00000000    -0.00000004    -0.00000001     0.00000002   
  45   0.00000004     0.00000010     0.00000007     0.00000003     0.00000013    -0.00000005   
  46  -0.00000010     0.00000029    -0.00000010    -0.00000006    -0.00000008     0.00000010   
  47   0.00000002    -0.00000003    -0.00000005    -0.00000005     0.00000003     0.00000001   
  48  -0.00000002     0.00000007     0.00000011     0.00000005    -0.00000002     0.00000004   
  49   0.00000006    -0.00000011     0.00000017    -0.00000022     0.00000004    -0.00000001   
  50   0.00000003    -0.00000013    -0.00000010    -0.00000011     0.00000002    -0.00000002   
  51  -0.00000005    -0.00000002     0.00000009    -0.00000007    -0.00000003     0.00000002   
  52  -0.00000001     0.00000007     0.00000005    -0.00000007    -0.00000005    -0.00000012   
  53   0.00000009     0.00000002    -0.00000001    -0.00000012     0.00000021     0.00000002   
  54  -0.00000006    -0.00000000     0.00000002     0.00000001     0.00000003    -0.00000004   
  55  -0.00000002    -0.00000006     0.00000003     0.00000001    -0.00000002     0.00000004   
  56   0.00000002    -0.00000001    -0.00000002    -0.00000004    -0.00000001    -0.00000001   
  57   0.00000000    -0.00000001     0.00000001     0.00000002    -0.00000000     0.00000003   
  58   0.00000003    -0.00000011    -0.00000003     0.00000002     0.00000001     0.00000005   
  59  -0.00000008     0.00000003     0.00000006    -0.00000009     0.00000006    -0.00000002   
  60  -0.00000003    -0.00000007     0.00000000     0.00000002    -0.00000003     0.00000002   
           31             32             33             34             35             36       
   1  -0.00000000     0.00000000     0.00000000    -0.00000000     0.00000000     0.00000000   
   2  -0.00000000     0.00000000     0.00000000     0.00000000     0.00000000    -0.00000000   
   3  -0.00000000    -0.00000000     0.00000000    -0.00000000     0.00000000     0.00000000   
   4  -0.00000000     0.00000000     0.00000000    -0.00000000    -0.00000000     0.00000000   
   5  -0.00000000     0.00000000     0.00000000    -0.00000000    -0.00000000     0.00000000   
   6  -0.00000000     0.00000000     0.00000000     0.00000000    -0.00000000     0.00000000   
   7  -0.00000000    -0.00000000    -0.00000000     0.00000000    -0.00000000    -0.00000000   
   8  -0.00000000    -0.00000000     0.00000000    -0.00000000    -0.00000000    -0.00000000   
   9   0.00000000     0.00000000    -0.00000000    -0.00000000     0.00000000    -0.00000000   
  10  -0.00000000     0.00000000     0.00000000    -0.00000000     0.00000000    -0.00000000   
  11   0.00000000    -0.00000000    -0.00000000    -0.00000000     0.00000000    -0.00000000   
  12   0.00000000    -0.00000000    -0.00000000     0.00000000     0.00000000     0.00000000   
  13   0.00000000    -0.00000000     0.00000000    -0.00000000     0.00000000     0.00000000   
  14   0.00000000    -0.00000000    -0.00000000    -0.00000000     0.00000000     0.00000000   
  15   0.00000000     0.00000000    -0.00000000     0.00000000     0.00000000    -0.00000000   
  16  -0.00000000    -0.00000000    -0.00000000    -0.00000000    -0.00000000     0.00000000   
  17  -0.00000000    -0.00000000     0.00000000    -0.00000000     0.00000000     0.00000000   
  18   0.00000000     0.00000000     0.00000000     0.00000000     0.00000000     0.00000000   
  19  -0.00000000    -0.00000000    -0.00000000    -0.00000000    -0.00000000     0.00000000   
  20   0.00000000     0.00000000     0.00000000    -0.00000000    -0.00000000    -0.00000000   
  21  -0.00000000    -0.00000000     0.00000000     0.00000000    -0.00000000     0.00000000   
  22   0.00000000    -0.00000000    -0.00000000     0.00000000    -0.00000000    -0.00000000   
  23  -0.00000000    -0.00000000     0.00000000     0.00000000    -0.00000000     0.00000000   
  24  -0.00000000     0.00000000     0.00000000    -0.00000000    -0.00000000    -0.00000000   
  25   0.00000000     0.00000000     0.00000000     0.00000000     0.00000000     0.00000000   
  26  -0.00000000     0.00000000     0.00000000     0.00000000    -0.00000000     0.00000000   
  27   0.00000000    -0.00000000    -0.00000000     0.00000000    -0.00000000     0.00000000   
  28  -0.00000000     0.00000000     0.00000000     0.00000000    -0.00000000     0.00000000   
  29   0.00000000     0.00000000    -0.00000000    -0.00000000     0.00000000    -0.00000000   
  30  -0.00000000     0.00000000     0.00000000     0.00000000    -0.00000000    -0.00000000   
  31   1.51255491     0.00000000     0.00000000    -0.00000000    -0.00000000    -0.00000000   
  32   0.00000000     1.51298938    -0.00000000    -0.00000000     0.00000000    -0.00000000   
  33   0.00000000    -0.00000000     1.51417097     0.00000000     0.00000000    -0.00000000   
  34  -0.00000000    -0.00000000     0.00000000     1.51418732     0.00000000     0.00000000   
  35  -0.00000000     0.00000000     0.00000000     0.00000000     1.59338523    -0.00000000   
  36  -0.00000000    -0.00000000    -0.00000000     0.00000000    -0.00000000     1.68589635   
  37   0.00000000    -0.00000000    -0.00000000     0.00000000     0.00000000    -0.00000000   
  38   0.00056130    -0.00702182     0.00005902     0.00002446     0.03660160    -0.00001154   
  39  -0.00030953    -0.00703143     0.00004839     0.00002270    -0.03658521     0.00000252   
  40  -0.00000002    -0.00000004    -0.00000009     0.00000009    -0.00000001     0.00000012   
  41  -0.00000002    -0.00000002    -0.00000003     0.00000003    -0.00000010     0.00000000   
  42  -0.00000004    -0.00000003    -0.00000002     0.00000003     0.00000003     0.00000004   
  43  -0.00000009     0.00000022     0.00000005    -0.00000003    -0.00000005    -0.00000006   
  44   0.00000011     0.00000010     0.00000002    -0.00000013    -0.00000000    -0.00000004   
  45   0.00000000    -0.00000006    -0.00000007     0.00000005     0.00000025     0.00000006   
  46  -0.00000001     0.00000001    -0.00000001    -0.00000001    -0.00000007     0.00000003   
  47   0.00000002    -0.00000010    -0.00000000     0.00000002    -0.00000001     0.00000010   
  48  -0.00000002    -0.00000008     0.00000004     0.00000004    -0.00000006     0.00000015   
  49  -0.00000007     0.00000001    -0.00000008    -0.00000000    -0.00000013    -0.00000001   
  50   0.00000001    -0.00000002    -0.00000000    -0.00000007     0.00000008    -0.00000011   
  51  -0.00000006    -0.00000006    -0.00000005     0.00000005    -0.00000012    -0.00000008   
  52   0.00000010    -0.00000002    -0.00000020    -0.00000013     0.00000009    -0.00000013   
  53  -0.00000004    -0.00000006    -0.00000004    -0.00000002     0.00000002    -0.00000006   
  54  -0.00000003    -0.00000002     0.00000001    -0.00000001     0.00000001    -0.00000003   
  55  -0.00000001    -0.00000001    -0.00000000     0.00000000     0.00000000    -0.00000004   
  56   0.00000001     0.00000000     0.00000002     0.00000003    -0.00000001    -0.00000005   
  57  -0.00000001     0.00000000    -0.00000002    -0.00000001     0.00000000     0.00000004   
  58   0.00000001     0.00000004     0.00000007    -0.00000003    -0.00000003     0.00000013   
  59  -0.00000007    -0.00000004    -0.00000004    -0.00000006    -0.00000008    -0.00000002   
  60   0.00000001     0.00000002     0.00000002    -0.00000000    -0.00000002     0.00000003   
           37             38             39       
   1   0.00000000     0.22132437     0.21947993   
   2   0.00000000    -0.21543357     0.21730624   
   3   0.00000000     0.00000470    -0.00000004   
   4   0.00000000    -0.00000009    -0.00003134   
   5   0.00000000    -0.09845939    -0.09862671   
   6   0.00000000     0.11478206    -0.11447589   
   7   0.00000000    -0.00000405    -0.00000186   
   8   0.00000000     0.00000556     0.00000293   
   9  -0.00000000     0.12298022     0.12301678   
  10   0.00000000     0.06810694    -0.06810368   
  11  -0.00000000    -0.01216532    -0.01222511   
  12   0.00000000     0.00247964     0.00208274   
  13   0.00000000     0.01207715     0.01225266   
  14   0.00000000     0.13236610    -0.13247352   
  15   0.00000000    -0.10058496    -0.10045150   
  16  -0.00000000     0.00003852     0.00002469   
  17  -0.00000000     0.00016112    -0.00000577   
  18  -0.00000000     0.02183153    -0.02182260   
  19   0.00000000     0.09554278     0.09544609   
  20   0.00000000    -0.47974975     0.48001451   
  21  -0.00000000     0.44046351     0.44014472   
  22  -0.00000000     0.00000007    -0.00000122   
  23  -0.00000000     0.00001161    -0.00000000   
  24   0.00000000     0.33844420    -0.33846822   
  25   0.00000000     0.00003206    -0.00001461   
  26  -0.00000000    -0.73210236    -0.73121018   
  27  -0.00000000    -0.73212844     0.73313431   
  28   0.00000000    -0.35144291    -0.35113291   
  29   0.00000000     0.00003075     0.00001780   
  30   0.00000000    -0.00001578     0.00000391   
  31   0.00000000     0.00056128    -0.00030961   
  32  -0.00000000    -0.00702179    -0.00703139   
  33  -0.00000000     0.00005911     0.00004855   
  34   0.00000000     0.00002446     0.00002263   
  35   0.00000000     0.03660169    -0.03658513   
  36  -0.00000000    -0.00001147     0.00000240   
  37   1.68591161     0.00000251     0.00001919   
  38   0.00000245     0.69957475    -0.01181017   
  39   0.00001929    -0.01181051     0.69936819   
  40  -0.00000008    -0.00000005    -0.00000002   
  41  -0.00000002     0.00000005     0.00000007   
  42  -0.00000006    -0.00000002     0.00000013   
  43  -0.00000000     0.00000001     0.00000009   
  44  -0.00000001     0.00000007    -0.00000007   
  45  -0.00000004    -0.00000010     0.00000020   
  46   0.00000002    -0.00000007     0.00000003   
  47   0.00000026     0.00000003     0.00000002   
  48   0.00000003    -0.00000005    -0.00000005   
  49   0.00000016    -0.00000000     0.00000016   
  50   0.00000002     0.00000008    -0.00000001   
  51   0.00000008     0.00000006    -0.00000009   
  52  -0.00000000    -0.00000002     0.00000009   
  53   0.00000005     0.00000006     0.00000008   
  54   0.00000000     0.00000001     0.00000002   
  55   0.00000004    -0.00000001    -0.00000006   
  56   0.00000000     0.00000007     0.00000000   
  57  -0.00000006    -0.00000001     0.00000001   
  58  -0.00000002    -0.00000003    -0.00000006   
  59   0.00000005     0.00000005    -0.00000005   
  60   0.00000000    -0.00000001    -0.00000007   

[[ 0.090248 -0.077573 -0.00008  ... -0.003481  0.164297  0.186808]
 [ 0.07838  -0.06888   0.000003 ... -0.014706 -0.170076 -0.17439 ]
 [ 0.090248 -0.077573  0.000087 ... -0.003481  0.164297  0.186808]
 ...
 [ 0.169939 -0.170983 -0.253773 ... -0.056187 -0.048722 -0.013492]
 [ 0.085365  0.074358  0.000001 ...  0.000126 -0.046572  0.051529]
 [ 0.085361  0.074354 -0.       ...  0.000126 -0.046571  0.051528]]
 Saved MO coefficients to FCIDUMP/FCIDUMP_AO_TTM-Ph-TTM_gwh_mo_coeff.npy

************************************************
 Testing 'core' initial guess method
************************************************

  Initializing L-BFGS optimisation...
    > Num. MOs       =     60
    > Num. params    =    894
    > Max subspace   =     20
    > Max step size   =  0.500
    > Backtracking   =  0.100
    > Parallel tr.   = True
    > Pseudo-canon.  = True
    > Canon interval = 10
    > Hybrid prec.   = True
  ================================================================
           Energy / Eh     Step Len    Max(|G_i|)
  ================================================================
     0   446.4822098242                 1.59e+01
     1   421.7112139751    5.00e-01     1.25e+01    rescaled  
     2   402.2721884040    5.00e-01     1.04e+01    rescaled  
     3   389.2428477621    5.00e-01     9.32e+00    rescaled  
     4   370.3161947451    5.00e-01     8.13e+00    rescaled  
     5   360.5988203819    5.00e-01     9.19e+00    rescaled  
     6   352.9566156387    5.00e-01     1.03e+01    rescaled  
     7   346.0901140831    5.00e-01     9.72e+00    rescaled  
     8   345.9060920026    5.00e-01     8.98e+00    rescaled  
     9   340.6142388102    5.00e-01     9.03e+00    rescaled  
    10   340.6142388102    5.00e-01     9.03e+00    understep 
    11   338.1115565730    5.00e-01     7.21e+00    rescaled  
    12   334.7114026885    5.00e-01     6.93e+00    rescaled  
    13   330.5022223223    5.00e-01     6.19e+00    rescaled  
    14   325.8443478006    5.00e-01     7.15e+00    rescaled  
    15   319.6014403300    5.00e-01     6.98e+00    rescaled  
    16   315.0192950423    5.00e-01     7.60e+00    rescaled  
    17   311.4464978259    5.00e-01     7.52e+00    rescaled  
    18   306.5560389735    5.00e-01     5.48e+00    rescaled  
    19   302.9830158298    5.00e-01     6.08e+00    rescaled  
    20   299.7010971345    5.00e-01     6.73e+00    rescaled  
    21   293.7929043892    5.00e-01     6.05e+00    rescaled  
    22   290.1847231247    5.00e-01     5.40e+00    rescaled  
    23   286.3464930770    5.00e-01     4.43e+00    rescaled  
    24   284.6686726830    5.00e-01     4.21e+00    rescaled  
    25   278.6391515683    5.00e-01     4.53e+00    rescaled  
    26   274.9364359236    5.00e-01     4.04e+00    rescaled  
    27   269.8687930102    5.00e-01     3.77e+00    rescaled  
    28   266.2879966183    5.00e-01     3.93e+00    rescaled  
    29   260.9074797377    5.00e-01     5.41e+00    rescaled  
    30   255.3193838417    5.00e-01     2.73e+00    rescaled  
    31   251.0630708152    5.00e-01     2.55e+00    rescaled  
    32   248.0486448544    5.00e-01     3.40e+00    rescaled  
    33   245.6312655208    5.00e-01     3.15e+00    rescaled  
    34   242.8627452333    5.00e-01     2.68e+00    rescaled  
    35   241.2688485832    5.00e-01     4.28e+00    rescaled  
    36   241.0357016992    4.45e-01     4.06e+00              
    37   239.5137888979    1.46e-01     2.72e+00              
    38   238.5247586700    1.74e-01     3.26e+00              
    39   237.3526915528    3.52e-01     3.02e+00              
    40   236.4014992526    2.55e-01     3.44e+00              
    41   235.8219987282    1.55e-01     1.57e+00              
    42   236.4798332730    1.68e-01     3.16e+00              
    43   235.5949262433    9.86e-02     2.04e+00    overstep  
    44   235.3822141966    6.01e-02     1.14e+00              
    45   235.2998042265    3.37e-02     3.45e-01              
    46   235.2716097122    2.79e-02     2.67e-01              
    47   235.2619334615    8.26e-03     7.10e-02              
    48   235.2603926481    5.00e-03     4.80e-02              
    49   235.2598405561    6.24e-03     3.12e-02              
    50   235.2595926224    3.27e-03     1.99e-02              
    51   235.2595560402    7.39e-04     1.44e-02              
    52   235.2595493844    5.18e-04     6.44e-03              
    53   235.2595463981    2.27e-04     6.98e-04              
    54   235.2595460814    6.42e-05     2.35e-04              
    55   235.2595460478    2.22e-05     7.42e-05              
    56   235.2595460451    4.75e-06     1.39e-05              
    57   235.2595460449    1.53e-06     6.34e-06              
    58   235.2595460448    3.48e-07     1.97e-06              
    59   235.2595460448    1.13e-07     6.10e-07              
  ================================================================
  L-BFGS converged in     59 iterations (  4.61 seconds)

  Initializing Davidson diagonalisation...
    > Max iterations =   1000
    > Target states  =      5
    > Convergence    =  1.000e-04
    > Basis per root =      4
    > Max basis size =     20
  Davidson diagonalisation converged in     37 iterations ( 10.73 seconds)

   --------------------------
    Converged eigenvalues:   
   --------------------------
       0        6.80565878   
       1        6.82945734   
       2        7.04661304   
       3        7.05173305   
       4        7.36016115   
   --------------------------

 ---------------------------------------------
         Total Energy =   235.25954604 Eh
              Nuclear =  5151.81221337 Eh
         One Electron = -9722.71480199 Eh
              Coulomb =  5089.50907870 Eh
        ROHF Exchange =  -283.34694403 Eh
 ---------------------------------------------
           <Sz> =  0.00
           <S2> =  0.00
  Spin Coupling = +-

 -----------------------------------------------------------------------------------------------
  Open-Shell Exchange Matrix <Ψ|Êpq Êqp|Ψ> - Np
 -----------------------------------------------------------------------------------------------
           1              2        
   1   0.00000000     1.00000000   
   2   1.00000000     0.00000000   

 -----------------------------------------------------------------------------------------------
  Open-Shell Exchange Integrals <pq|qp>
 -----------------------------------------------------------------------------------------------
           1              2        
   1   6.69575253     0.00000062   
   2   0.00000062     6.69610024   

 -----------------------------------------------------------------------------------------------
  Occupied Orbital Coefficients
 -----------------------------------------------------------------------------------------------
           1              2              3              4              5              6        
   1   0.09024861     0.07757274    -0.00008035    -0.00000196    -0.27056048    -0.28236967   
   2   0.07838051     0.06887939     0.00000263    -0.00000154    -0.20797336    -0.21854766   
   3   0.09024832     0.07757250     0.00008663    -0.00000220    -0.27055932    -0.28236847   
   4   0.05388163     0.04443703     0.00003538    -0.00000152    -0.17129224    -0.17184692   
   5   0.04798101     0.03679098     0.00000168    -0.00000168    -0.16328128    -0.15187155   
   6   0.05388181     0.04443718    -0.00003161    -0.00000145    -0.17129290    -0.17184759   
   7   0.05261127    -0.05221635    -0.00000001    -0.00000726    -0.02105167     0.02471807   
   8   0.13828847    -0.14103070     0.00027745     0.18462873     0.03385065    -0.02660089   
   9   0.17532601    -0.17921666     0.00038144     0.25382963     0.05266207    -0.04378442   
  10   0.12922149    -0.13228792     0.00029532     0.19652698     0.04374154    -0.03741683   
  11   0.16676895    -0.17089914     0.00039380     0.26206216     0.06091153    -0.05297202   
  12   0.12841526    -0.13146281     0.00029333     0.19520284     0.04348447    -0.03720137   
  13   0.17346188    -0.17731051     0.00037690     0.25080945     0.05209981    -0.04331964   
  14   0.13826009    -0.14100095    -0.00027779    -0.18467136     0.03385531    -0.02660356   
  15   0.17342607    -0.17727287    -0.00037736    -0.25086635     0.05210646    -0.04332344   
  16   0.12838630    -0.13143240    -0.00029369    -0.19524318     0.04348907    -0.03720380   
  17   0.16672931    -0.17085751    -0.00039427    -0.26211303     0.06091720    -0.05297481   
  18   0.12919071    -0.13225564    -0.00029568    -0.19656518     0.04374568    -0.03741886   
  19   0.17528444    -0.17917313    -0.00038190    -0.25387929     0.05266717    -0.04378690   
  20   0.05305740     0.05176972     0.00000128     0.00000000    -0.02101982    -0.02478816   
  21   0.13947856     0.13984273     0.18464563    -0.00027682     0.03379150     0.02667137   
  22   0.17683451     0.17770670     0.25384526    -0.00038057     0.05256984     0.04390022   
  23   0.13033387     0.13117390     0.19653638    -0.00029466     0.04366485     0.03751567   
  24   0.16820472     0.16946013     0.26207186    -0.00039292     0.06080452     0.05311172   
  25   0.12952234     0.13035740     0.19521458    -0.00029268     0.04340872     0.03730005   
  26   0.17495681     0.17581908     0.25082828    -0.00037605     0.05200915     0.04343468   
  27   0.13946312     0.13982737    -0.18465979     0.00027841     0.03378522     0.02666647   
  28   0.17493842     0.17580077    -0.25084984     0.00037821     0.05200034     0.04342758   
  29   0.12950981     0.13034493    -0.19523342     0.00029436     0.04340199     0.03729454   
  30   0.16819107     0.16944656    -0.26210145     0.00039518     0.06079616     0.05310484   
  31   0.13032067     0.13116076    -0.19655439     0.00029635     0.04365784     0.03750992   
  32   0.17681616     0.17768843    -0.25386730     0.00038275     0.05256095     0.04389304   
  33   0.05350808    -0.04489844     0.00000031     0.00002279    -0.17167975     0.17148022   
  34   0.08958710    -0.07833733     0.00000047     0.00006563    -0.27117159     0.28176504   
  35   0.07778680    -0.06953751     0.00000025    -0.00001486    -0.20843960     0.21807543   
  36   0.08958444    -0.07833496     0.00000021    -0.00010119    -0.27116270     0.28175541   
  37   0.05350739    -0.04489780     0.00000018    -0.00004414    -0.17167748     0.17147758   
  38   0.04768162    -0.03721056     0.00000028    -0.00000947    -0.16365480     0.15155247   
  39   0.01957142    -0.00411599     0.00000046    -0.00000283    -0.07096735     0.01545485   
  40   0.01960072     0.00393292     0.00000056    -0.00000205    -0.07091792    -0.01554540   
  41   0.02784794     0.01326177     0.00000083    -0.00000192    -0.10075322    -0.05412682   
  42   0.01960058     0.00393285     0.00000041    -0.00000180    -0.07091746    -0.01554517   
  43   0.01957117    -0.00411580     0.00000021    -0.00000268    -0.07096650     0.01545408   
  44   0.02775199    -0.01352237     0.00000033    -0.00000473    -0.10092893     0.05400055   
  45   0.08598992     0.07362722    -0.00028358    -0.00000165    -0.27899145    -0.29411637   
  46   0.08598954     0.07362691     0.00028976    -0.00000254    -0.27898990    -0.29411473   
  47   0.16850628    -0.17245167     0.00038129     0.25373686     0.05536495    -0.04696517   
  48   0.16368799    -0.16776814     0.00038926     0.25902727     0.06078321    -0.05309996   
  49   0.16521722    -0.16909547     0.00037294     0.24817941     0.05454107    -0.04631851   
  50   0.16518361    -0.16906008    -0.00037340    -0.24823632     0.05454806    -0.04632260   
  51   0.16364804    -0.16772621    -0.00038972    -0.25907589     0.06078849    -0.05310241   
  52   0.16846437    -0.17240777    -0.00038174    -0.25378353     0.05536969    -0.04696730   
  53   0.16995576     0.17099835     0.25374846    -0.00038044     0.05526752     0.04708893   
  54   0.16509456     0.16635281     0.25903231    -0.00038834     0.06067565     0.05323934   
  55   0.16664071     0.16767274     0.24819396    -0.00037211     0.05444563     0.04644100   
  56   0.16662434     0.16765643    -0.24821716     0.00037425     0.05443690     0.04643384   
  57   0.16508423     0.16634258    -0.25906643     0.00039058     0.06066845     0.05323345   
  58   0.16993949     0.17098214    -0.25377267     0.00038262     0.05525875     0.04708174   
  59   0.08536460    -0.07435820     0.00000076     0.00026898    -0.27962433     0.29348962   
  60   0.08536066    -0.07435470    -0.00000008    -0.00030393    -0.27961102     0.29347523   
           7              8              9              10             11             12       
   1  -0.29069811    -0.19713189     0.05438579    -0.00228582    -0.02797045     0.00720453   
   2   0.00000446    -0.00000470     0.05355044     0.00174796    -0.02324164     0.00428864   
   3   0.29070691     0.19712090     0.05439067    -0.00226587    -0.02436930     0.00242839   
   4   0.12705756     0.08615249    -0.03238096    -0.00266372     0.01407756    -0.00350890   
   5  -0.00000721     0.00001136    -0.12128640    -0.00356193     0.05330775    -0.00983527   
   6  -0.12706038    -0.08614684    -0.03238327    -0.00267251     0.01249006    -0.00140336   
   7   0.00000026    -0.00000042     0.02390831    -0.01290784    -0.00260962     0.00044165   
   8   0.00034786    -0.00051319     0.04972265    -0.04115208     0.01654397     0.01752972   
   9   0.00163776    -0.00241585     0.11770569    -0.19982217     0.25307313     0.18296512   
  10   0.00033220    -0.00048994     0.00202492    -0.04422886     0.08985343     0.05959206   
  11  -0.00082910     0.00122327    -0.11259840     0.09711996    -0.04493173    -0.04485877   
  12  -0.00077740     0.00114670    -0.05422066     0.08871376    -0.11041706    -0.08007859   
  13  -0.00094740     0.00139721    -0.01286263     0.10844740    -0.21110485    -0.14077599   
  14  -0.00034722     0.00051217     0.04967616    -0.04099967    -0.00902415    -0.01916680   
  15   0.00094756    -0.00139750    -0.01265539     0.10746867     0.01121550     0.17862499   
  16   0.00077685    -0.00114584    -0.05408169     0.08812409     0.01394606     0.09855044   
  17   0.00082768    -0.00122102    -0.11248263     0.09673203     0.02105735     0.04985533   
  18  -0.00033239     0.00049025     0.00193693    -0.04381500    -0.00436287    -0.07576742   
  19  -0.00163676     0.00241431     0.11738728    -0.19847680    -0.03124402    -0.22541949   
  20   0.00000104    -0.00000096     0.02390250     0.01290794    -0.00259907     0.00051695   
  21   0.00051363     0.00034702     0.04966760     0.04101652    -0.00791926     0.01495190   
  22   0.00241494     0.00163669     0.11743849     0.19848922    -0.01919472     0.15275900   
  23   0.00048918     0.00033246     0.00196605     0.04380180    -0.00039019     0.04945013   
  24  -0.00122407    -0.00082747    -0.11246843    -0.09677779     0.01821459    -0.03815427   
  25  -0.00114647    -0.00077676    -0.05410530    -0.08813222     0.00867495    -0.06687344   
  26  -0.00139579    -0.00094755    -0.01272344    -0.10743957     0.00183824    -0.11686579   
  27  -0.00051230    -0.00034891     0.04972714     0.04117696     0.01549793    -0.01610857   
  28   0.00139728     0.00094666    -0.01287321    -0.10844783    -0.20156612     0.15300329   
  29   0.00114590     0.00077811    -0.05423098    -0.08873991    -0.10513281     0.08411447   
  30   0.00122127     0.00083149    -0.11261080    -0.09717974    -0.04222047     0.04200958   
  31  -0.00049016    -0.00033174     0.00203233     0.04423097     0.08581080    -0.06491831   
  32  -0.00241442    -0.00163908     0.11773458     0.19988693     0.24099498    -0.19243100   
  33   0.08615922    -0.12703978    -0.03242298     0.00268883     0.01243666    -0.00368934   
  34   0.19713046    -0.29069669     0.05442317     0.00224598    -0.02815327     0.00200725   
  35   0.00000127    -0.00000207     0.05360396    -0.00177952    -0.02326746     0.00428276   
  36  -0.19713005     0.29069567     0.05447901     0.00222776    -0.02423887     0.00766249   
  37  -0.08617048     0.12705658    -0.03239923     0.00268083     0.01416269    -0.00119631   
  38  -0.00001220     0.00001840    -0.12141106     0.00363466     0.05336788    -0.00982450   
  39   0.00002871    -0.00060662    -0.27654715     0.00039317     0.12593496    -0.02321281   
  40  -0.00029641    -0.00054486    -0.27652154    -0.00021649     0.12592323    -0.02320793   
  41  -0.00001911     0.00002935    -0.29767856    -0.00119533     0.13505189    -0.02489384   
  42   0.00026012     0.00060042    -0.27652102    -0.00021647     0.12593425    -0.02321111   
  43  -0.00006640     0.00066419    -0.27654534     0.00039314     0.12594568    -0.02320679   
  44  -0.00002132     0.00003248    -0.29776442     0.00138498     0.13509176    -0.02489335   
  45  -0.49173612    -0.33347406     0.09274018    -0.00592363    -0.04910423     0.01238513   
  46   0.49175087     0.33345560     0.09274828    -0.00589109    -0.04323278     0.00459792   
  47   0.00282480    -0.00416687     0.19951232    -0.34323035     0.43754560     0.31589530   
  48  -0.00128310     0.00189318    -0.18752990     0.16295870    -0.07624463    -0.07580993   
  49  -0.00176454     0.00260229    -0.02475277     0.18576127    -0.35854147    -0.23924502   
  50   0.00176472    -0.00260262    -0.02440234     0.18410190     0.01924050     0.30350705   
  51   0.00128083    -0.00188961    -0.18733273     0.16230157     0.03534154     0.08434974   
  52  -0.00282322     0.00416444     0.19896367    -0.34090786    -0.05346920    -0.38938398   
  53   0.00416508     0.00282312     0.19905123     0.34092688    -0.03266156     0.26371828   
  54  -0.00189430    -0.00128051    -0.18730832    -0.16237780     0.03053539    -0.06446558   
  55  -0.00260001    -0.00176460    -0.02451588    -0.18404793     0.00330442    -0.19862198   
  56   0.00260235     0.00176350    -0.02476908    -0.18576086    -0.34233244     0.25995483   
  57   0.00188991     0.00128687    -0.18755292    -0.16306077    -0.07165929     0.07109013   
  58  -0.00416444    -0.00282686     0.19956320     0.34334177     0.41668459    -0.33242264   
  59   0.33346204    -0.49175431     0.09280842     0.00585214    -0.04940399     0.00392483   
  60  -0.33345622     0.49174503     0.09290420     0.00582246    -0.04302370     0.01314584   
           13             14             15             16             17             18       
   1   0.02399863     0.00412820    -0.03623172    -0.00017720     0.00083529    -0.00948061   
   2   0.02328786    -0.00345807    -0.02613945     0.00000293    -0.00000568     0.00003749   
   3   0.02846086     0.00412823    -0.03623186     0.00018818    -0.00086826    -0.00947995   
   4  -0.01232393     0.00487491     0.01322480     0.00008056    -0.00038081     0.23232458   
   5  -0.05341529     0.00660200     0.06233218    -0.00000750     0.00001595     0.38769613   
   6  -0.01429118     0.00487490     0.01322495    -0.00008279     0.00038136     0.23232483   
   7   0.00261336     0.02533486     0.01894153    -0.00000453    -0.00000105    -0.00328826   
   8   0.00555236     0.08028489     0.07500904     0.11423331     0.02446952     0.00026895   
   9  -0.00758265     0.00675561     0.02687351     0.08544908     0.01830446     0.00045921   
  10  -0.00852295    -0.07507399    -0.06190106    -0.07837080    -0.01678724     0.00000343   
  11  -0.01209111    -0.18007930    -0.16977521    -0.26665370    -0.05711897    -0.00028257   
  12   0.00303670    -0.00427165    -0.01218753    -0.03284047    -0.00703495     0.00003778   
  13   0.01918933     0.17048587     0.14175612     0.19039247     0.04078263     0.00051489   
  14  -0.01310109     0.08028800     0.07500309    -0.11427157    -0.02446683     0.00026895   
  15   0.18171927     0.17036060     0.14163645    -0.19036135    -0.04075881     0.00051487   
  16   0.09391187    -0.00433317    -0.01223681     0.03289560     0.00704318     0.00003778   
  17   0.03605545    -0.18009315    -0.16976667     0.26674572     0.05711326    -0.00028255   
  18  -0.07740279    -0.07502360    -0.06185277     0.07836152     0.01677821     0.00000343   
  19  -0.21534608     0.00688727     0.02697793    -0.08556489    -0.01832010     0.00045919   
  20   0.00258101    -0.02531635     0.01896792    -0.00000661     0.00003093     0.00328859   
  21  -0.01837580    -0.08013935     0.07501991    -0.02448866     0.11434423    -0.00026928   
  22  -0.27288470    -0.00663302     0.02682407    -0.01831096     0.08549940    -0.00045932   
  23  -0.09636976     0.07498210    -0.06193050     0.01680294    -0.07845728    -0.00000341   
  24   0.04964420     0.17974430    -0.16979347     0.05716169    -0.26690353     0.00028267   
  25   0.11908543     0.00422335    -0.01217300     0.00703940    -0.03286910    -0.00003778   
  26   0.22648664    -0.17026505     0.14181078    -0.04081592     0.19058014    -0.00051502   
  27   0.01063331    -0.08025426     0.07515483     0.02444548    -0.11415062    -0.00026927   
  28  -0.02562838    -0.17049167     0.14208280     0.04075236    -0.19029598    -0.00051498   
  29  -0.02196211     0.00423971    -0.01218972    -0.00702418     0.03280068    -0.00003778   
  30  -0.02522807     0.18000875    -0.17010434    -0.05706305     0.26646165     0.00028264   
  31   0.01047502     0.07507173    -0.06203938    -0.01677355     0.07832519    -0.00000342   
  32   0.04957774    -0.00668810     0.02688138     0.01827962    -0.08535983    -0.00045928   
  33  -0.01396617    -0.00483555     0.01325493    -0.00038250    -0.00007514    -0.23237258   
  34   0.02480392    -0.00420659    -0.03624786    -0.00084655    -0.00019349     0.00947896   
  35   0.02331674     0.00339020    -0.02617484     0.00000321    -0.00001020    -0.00004029   
  36   0.02770065    -0.00420994    -0.03627219     0.00085694     0.00017077     0.00947985   
  37  -0.01268951    -0.00483708     0.01324460     0.00037958     0.00008793    -0.23237579   
  38  -0.05348145    -0.00644383     0.06241377    -0.00000796     0.00002425    -0.38778238   
  39  -0.12621468    -0.00036649     0.15794158    -0.00002314     0.00005614    -0.10886023   
  40  -0.12620298     0.00074672     0.15792632    -0.00002247     0.00005639     0.10909813   
  41  -0.13533793     0.00255692     0.16813322    -0.00002237     0.00005687     0.28868463   
  42  -0.12619097     0.00074672     0.15792604    -0.00002001     0.00005343     0.10909764   
  43  -0.12620347    -0.00036647     0.15794057    -0.00001943     0.00005511    -0.10885321   
  44  -0.13538000    -0.00215124     0.16818443    -0.00002254     0.00005988    -0.28854233   
  45   0.04264041     0.01080659    -0.06750176    -0.00028082     0.00132541    -0.25924264   
  46   0.04991589     0.01080672    -0.06750215     0.00030255    -0.00139365    -0.25924241   
  47  -0.01358565     0.00838253     0.04426871     0.15104996     0.03235709    -0.00025143   
  48  -0.02017976    -0.30436004    -0.28799845    -0.45967812    -0.09846609    -0.00002183   
  49   0.03242612     0.28880383     0.24095171     0.33001377     0.07068995    -0.00020368   
  50   0.30861237     0.28859180     0.24074842    -0.32996120    -0.07064893    -0.00020367   
  51   0.06123505    -0.30437997    -0.28798036     0.45983012     0.09845483    -0.00002184   
  52  -0.37239245     0.00861159     0.04445044    -0.15125172    -0.03238420    -0.00025141   
  53  -0.47175459    -0.00817151     0.04417795    -0.03236701     0.15113142     0.00025179   
  54   0.08421001     0.30378587    -0.28802196     0.09853712    -0.46009683     0.00002179   
  55   0.38467972    -0.28842344     0.24103840    -0.07074541     0.33032874     0.00020403   
  56  -0.04372736    -0.28881578     0.24150877     0.07063787    -0.32984853     0.00020403   
  57  -0.04239752     0.30424411    -0.28855999    -0.09837079     0.45935240     0.00002179   
  58   0.08513516    -0.00826844     0.04427948     0.03231403    -0.15089586     0.00025178   
  59   0.04395128    -0.01094790    -0.06752687    -0.00134945    -0.00031104     0.25929729   
  60   0.04867632    -0.01095347    -0.06756889     0.00136960     0.00027020     0.25930526   
           19             20             21             22             23             24       
   1  -0.05464335     0.03774193     0.01409281     0.00000163    -0.00025159    -0.14290734   
   2  -0.10095964     0.11541129     0.07007454    -0.00000014     0.00000254    -0.31137868   
   3  -0.05464435     0.03774237     0.01409296    -0.00000178     0.00025320    -0.14290914   
   4  -0.26527555    -0.00025394    -0.04078524    -0.00000151     0.00020573    -0.07150696   
   5  -0.32645666    -0.04128844    -0.06832575    -0.00000005    -0.00000133     0.06899383   
   6  -0.26527552    -0.00025434    -0.04078549     0.00000130    -0.00020647    -0.07150544   
   7  -0.03450015    -0.12833907     0.11712767     0.00000073     0.00000001     0.08070322   
   8  -0.01641512    -0.19618009     0.19669965     0.22116561     0.00147878    -0.00291089   
   9  -0.00356504    -0.09175542     0.09436287     0.13452286     0.00089944    -0.02281779   
  10  -0.00268592    -0.12727297     0.13406797     0.23548542     0.00157453    -0.07533401   
  11   0.00018706    -0.06021432     0.06507945     0.13607317     0.00090985    -0.05666154   
  12  -0.00262936    -0.12555768     0.13225701     0.23300187     0.00155796    -0.07426336   
  13  -0.00347768    -0.08971859     0.09222991     0.13193868     0.00088220    -0.02180207   
  14  -0.01641440    -0.19617243     0.19669210    -0.22117429    -0.00147820    -0.00291047   
  15  -0.00347754    -0.08971491     0.09222615    -0.13194319    -0.00088185    -0.02180045   
  16  -0.00262924    -0.12555219     0.13225131    -0.23301009    -0.00155734    -0.07425950   
  17   0.00018705    -0.06021203     0.06507701    -0.13607882    -0.00090949    -0.05665906   
  18  -0.00268580    -0.12726814     0.13406299    -0.23549548    -0.00157392    -0.07533092   
  19  -0.00356491    -0.09175238     0.09435981    -0.13452924    -0.00089909    -0.02281696   
  20  -0.03453835     0.12827288     0.11721619    -0.00000002     0.00000265    -0.08070392   
  21  -0.01643157     0.19605859     0.19682765     0.00147848    -0.22115451     0.00291113   
  22  -0.00356838     0.09169593     0.09442157     0.00089929    -0.13451410     0.02281591   
  23  -0.00268848     0.12719013     0.13415100     0.00157419    -0.23547188     0.07532713   
  24   0.00018723     0.06017523     0.06511987     0.00090962    -0.13606681     0.05665659   
  25  -0.00263190     0.12547800     0.13234107     0.00155757    -0.23299197     0.07425765   
  26  -0.00348095     0.08966152     0.09228842     0.00088197    -0.13193137     0.02180040   
  27  -0.01642985     0.19603569     0.19680410    -0.00147857     0.22118670     0.00291251   
  28  -0.00348065     0.08965194     0.09227826    -0.00088203     0.13195120     0.02179959   
  29  -0.00263168     0.12546307     0.13232483    -0.00155765     0.23302296     0.07425165   
  30   0.00018717     0.06016730     0.06511102    -0.00090965     0.13608285     0.05665097   
  31  -0.00268825     0.12717359     0.13413304    -0.00157425     0.23550034     0.07531977   
  32  -0.00356807     0.09168502     0.09440999    -0.00089933     0.13453226     0.02281412   
  33  -0.26513378     0.00022554    -0.04075434    -0.00020595    -0.00000189     0.07159166   
  34  -0.05461627    -0.03776010     0.01406464    -0.00025197    -0.00000202     0.14300459   
  35  -0.10089709    -0.11544250     0.06996625     0.00000050    -0.00000063     0.31155027   
  36  -0.05461739    -0.03776010     0.01406428     0.00025223     0.00000132     0.14300510   
  37  -0.26513810     0.00022616    -0.04075559     0.00020580     0.00000081     0.07159127   
  38  -0.32628848     0.04127203    -0.06825698    -0.00000024    -0.00000030    -0.06899893   
  39   0.15077947     0.02882589     0.02495558     0.00000527     0.00000513    -0.15893318   
  40   0.15082649    -0.02882770     0.02494821     0.00000444     0.00000520     0.15889322   
  41   0.06565376    -0.06681780     0.00423184     0.00000022    -0.00000103     0.33352022   
  42   0.15083148    -0.02882887     0.02495032    -0.00000414    -0.00000557     0.15893859   
  43   0.15078409     0.02882269     0.02495767    -0.00000536    -0.00000361    -0.15887621   
  44   0.06553900     0.06681961     0.00424926    -0.00000021     0.00000110    -0.33352542   
  45   0.30336641    -0.08183447    -0.02215915    -0.00000033     0.00006929     0.24437933   
  46   0.30336656    -0.08183497    -0.02215949     0.00000065    -0.00007233     0.24438077   
  47   0.01628043     0.22540585    -0.22929561    -0.30428246    -0.00203454     0.04758014   
  48   0.00399859     0.17591788    -0.18487673    -0.31954478    -0.00213660     0.09886266   
  49   0.01637385     0.22566516    -0.22951936    -0.30427509    -0.00203449     0.04722772   
  50   0.01637321     0.22565593    -0.22951006     0.30428560     0.00203368     0.04722444   
  51   0.00399847     0.17591260    -0.18487129     0.31956038     0.00213578     0.09885889   
  52   0.01627966     0.22539601    -0.22928577     0.30429338     0.00203373     0.04757778   
  53   0.01629676    -0.22526566    -0.22944417    -0.00203410     0.30426864    -0.04757681   
  54   0.00400249    -0.17580720    -0.18499522    -0.00213613     0.31953259    -0.09885535   
  55   0.01639073    -0.22552969    -0.22967299    -0.00203409     0.30426706    -0.04722490   
  56   0.01638879    -0.22550011    -0.22964214     0.00203417    -0.30430562    -0.04722164   
  57   0.00400208    -0.17578272    -0.18496878     0.00213619    -0.31956883    -0.09884541   
  58   0.01629491    -0.22523586    -0.22941304     0.00203418    -0.30430589    -0.04757262   
  59   0.30319749     0.08187790    -0.02210476     0.00007046     0.00000124    -0.24454646   
  60   0.30320281     0.08187691    -0.02210340    -0.00007102     0.00000032    -0.24454466   
           25             26             27             28             29             30       
   1   0.00226203    -0.13412262     0.01511445    -0.10661954    -0.23555099    -0.24329115   
   2  -0.00002505    -0.37938877     0.13046564    -0.24612468    -0.00003197     0.00001926   
   3  -0.00228375    -0.13412539     0.01511524    -0.10664964     0.23552517     0.24330639   
   4  -0.00527306     0.10975768    -0.12935303     0.05520665     0.36340993     0.37526634   
   5   0.00000936     0.24787850    -0.12894477     0.15032470     0.00001959    -0.00001338   
   6   0.00526919     0.10976126    -0.12935431     0.05525250    -0.36339288    -0.37528134   
   7   0.00000339    -0.16276418    -0.15813159     0.07791744     0.00000395     0.00000098   
   8   0.00000639    -0.10430164    -0.20724846     0.25007327    -0.00323798     0.00317364   
   9   0.00000195    -0.00716826    -0.04614313     0.07586775    -0.00014681     0.00014733   
  10  -0.00000603     0.11429701     0.14167633    -0.13044354     0.00284513    -0.00278438   
  11  -0.00000550     0.11095880     0.15892245    -0.16723481     0.00205969    -0.00201887   
  12  -0.00000744     0.11297695     0.14170150    -0.13979525     0.00043670    -0.00043158   
  13  -0.00000124    -0.00808899    -0.04571425     0.06892619    -0.00181236     0.00177361   
  14  -0.00000505    -0.10429857    -0.20724455     0.25007746     0.00327008    -0.00316607   
  15   0.00000024    -0.00809065    -0.04571719     0.06893651     0.00182121    -0.00177152   
  16   0.00000219     0.11297131     0.14169450    -0.13978558    -0.00045459     0.00042741   
  17   0.00000117     0.11095479     0.15891865    -0.16723691    -0.00208082     0.00201388   
  18   0.00000071     0.11429378     0.14167569    -0.13045572    -0.00286088     0.00278059   
  19  -0.00000303    -0.00716761    -0.04614067     0.07586238     0.00015714    -0.00014494   
  20  -0.00000747    -0.16297081     0.15791824     0.07798313     0.00000652    -0.00000408   
  21  -0.00000719    -0.10442560     0.20695685     0.25028630    -0.00312639    -0.00329251   
  22  -0.00000131    -0.00717642     0.04607734     0.07592935    -0.00013950    -0.00015702   
  23   0.00000922     0.11443233    -0.14147702    -0.13055839     0.00275018     0.00288277   
  24   0.00000810     0.11109065    -0.15869910    -0.16737795     0.00198846     0.00209477   
  25   0.00001058     0.11311183    -0.14150217    -0.13991082     0.00041819     0.00045413   
  26   0.00000185    -0.00809910     0.04565175     0.06898982    -0.00175223    -0.00183574   
  27   0.00000426    -0.10441236     0.20693088     0.25025069     0.00318050     0.00326132   
  28   0.00000036    -0.00809626     0.04564340     0.06897394     0.00176714     0.00182714   
  29   0.00000095     0.11310163    -0.14148946    -0.13990090    -0.00044843    -0.00043690   
  30   0.00000142     0.11107806    -0.15867980    -0.16735418    -0.00202415    -0.00207428   
  31   0.00000247     0.11441899    -0.14145802    -0.13053242    -0.00277678    -0.00286735   
  32   0.00000367    -0.00717562     0.04607295     0.07592372     0.00015695     0.00014711   
  33   0.00528055     0.10957350     0.12946940     0.05526728     0.37533618    -0.36334053   
  34   0.00228156    -0.13405110    -0.01515462    -0.10663987     0.24326554    -0.23556832   
  35   0.00001142    -0.37907534    -0.13063062    -0.24613915    -0.00001920    -0.00000461   
  36  -0.00227172    -0.13404609    -0.01514725    -0.10658447    -0.24328389     0.23556750   
  37  -0.00527883     0.10958384     0.12948177     0.05535426    -0.37532353     0.36334277   
  38  -0.00000418     0.24762505     0.12909110     0.15036724     0.00001383     0.00000151   
  39   0.49994350    -0.07494393    -0.14569710    -0.04213292     0.00117513     0.00663169   
  40   0.49995840    -0.07506515     0.14562572    -0.04199937    -0.00140894     0.00660379   
  41   0.00002084     0.00630992     0.26118774     0.00926649    -0.00000260     0.00000966   
  42  -0.49995223    -0.07504890     0.14561293    -0.04199591     0.00139516    -0.00658886   
  43  -0.49996652    -0.07492768    -0.14569871    -0.04212906    -0.00118002    -0.00664017   
  44  -0.00000915     0.00654152    -0.26117500     0.00903940     0.00000495    -0.00001031   
  45  -0.00341967     0.16750059    -0.00597994     0.11168938     0.23315607     0.24076265   
  46   0.00345367     0.16750347    -0.00598099     0.11171908    -0.23312826    -0.24077641   
  47   0.00000327    -0.00185272     0.04313189    -0.07288588     0.00022871    -0.00022641   
  48   0.00000762    -0.14568852    -0.17956773     0.17065861    -0.00206103     0.00201972   
  49   0.00000144    -0.00112493     0.04321646    -0.06719166     0.00168103    -0.00164564   
  50   0.00000084    -0.00112196     0.04322058    -0.06720277    -0.00168963     0.00164361   
  51  -0.00000071    -0.14568382    -0.17956393     0.17066111     0.00208229    -0.00201470   
  52  -0.00000096    -0.00185293     0.04312923    -0.07288004    -0.00023860     0.00022412   
  53  -0.00000467    -0.00185518    -0.04307083    -0.07294564     0.00021888     0.00023847   
  54  -0.00001177    -0.14586292     0.17931644     0.17080537    -0.00198974    -0.00209571   
  55  -0.00000281    -0.00112515    -0.04315891    -0.06725521     0.00162518     0.00170350   
  56  -0.00000221    -0.00112759    -0.04314983    -0.06723860    -0.00163960    -0.00169506   
  57  -0.00000342    -0.14584656     0.17929505     0.17078166     0.00202563     0.00207509   
  58  -0.00000042    -0.00185507    -0.04306672    -0.07294024    -0.00023557    -0.00022895   
  59  -0.00344998     0.16742269     0.00601648     0.11170011    -0.24078682     0.23311561   
  60   0.00343452     0.16741383     0.00600780     0.11164296     0.24080279    -0.23311223   
           31             32             33             34             35             36       
   1   0.00673102     0.00222782    -0.00000684     0.00147306     0.10756772     0.00322224   
   2   0.02025143     0.00479261    -0.00015757     0.00003935     0.31416293    -0.00001367   
   3   0.00673629     0.00221855    -0.00010794    -0.00145075     0.10755658    -0.00323218   
   4  -0.00981166    -0.00093807    -0.00001871    -0.00242346    -0.14772314    -0.00554002   
   5  -0.01397255    -0.00297293     0.00010608    -0.00002824    -0.21541241     0.00000918   
   6  -0.00982034    -0.00092287     0.00014943     0.00237674    -0.14770543     0.00555181   
   7   0.00038551    -0.00158871     0.00000928     0.00000597     0.01323537    -0.00000078   
   8   0.01059480    -0.00524500    -0.00129798     0.00009620     0.17612450    -0.06220771   
   9   0.17850762     0.16789168     0.23826974    -0.00958878     0.04582797    -0.02066581   
  10   0.26248981     0.26179054     0.36563057    -0.01475734    -0.10251867     0.02945581   
  11  -0.00770390     0.00247497    -0.00051979    -0.00000726    -0.11160274     0.03912894   
  12  -0.27451804    -0.25804174    -0.36656643     0.01475140    -0.06839752     0.02953016   
  13  -0.17148496    -0.17084495    -0.23866304     0.00963228     0.06733849    -0.02055554   
  14   0.01059028    -0.00524619     0.00125197    -0.00000717     0.17617933     0.06219725   
  15  -0.16836570    -0.16682373     0.24369013    -0.00949716     0.06734497     0.02054982   
  16  -0.26970864    -0.25184524     0.37435877    -0.01463047    -0.06844284    -0.02952930   
  17  -0.00768571     0.00249619     0.00057912    -0.00004935    -0.11163706    -0.03912225   
  18   0.25771103     0.25562975    -0.37332944     0.01454879    -0.10252528    -0.02944636   
  19   0.17538211     0.16386447    -0.24333917     0.00950958     0.04585860     0.02066530   
  20  -0.00044240    -0.00157387     0.00001512     0.00000457    -0.01323553     0.00000218   
  21  -0.01076370    -0.00485239     0.00005350    -0.00126525    -0.17619926    -0.43236653   
  22  -0.17110477     0.17311954     0.00917786     0.23997108    -0.04585357    -0.14364409   
  23  -0.25100706     0.26939623     0.01398220     0.36819870     0.10255242     0.20471211   
  24   0.00777383     0.00219626    -0.00008636    -0.00055122     0.11165076     0.27196123   
  25   0.26313503    -0.26607695    -0.01412071    -0.36917715     0.06843689     0.20526384   
  26   0.16398701    -0.17581116    -0.00912773    -0.24033462    -0.06736242    -0.14286054   
  27  -0.01078551    -0.00482437     0.00015053     0.00124061    -0.17615104     0.43243412   
  28   0.16300229    -0.17434748     0.00999469     0.24202221    -0.06735841     0.14289712   
  29   0.26163672    -0.26384641     0.01525653     0.37179778     0.06839631    -0.20527481   
  30   0.00778051     0.00218837    -0.00004025     0.00057329     0.11162008    -0.27200336   
  31  -0.24949960     0.26715507    -0.01531385    -0.37078542     0.10254767    -0.20476840   
  32  -0.17013182     0.17167071    -0.00991808    -0.24167734    -0.04582600     0.14365119   
  33   0.00976923    -0.00132940    -0.00244686     0.00013638     0.14783723    -0.00078687   
  34  -0.00666030     0.00246807    -0.00144151     0.00003994    -0.10759700    -0.00044926   
  35  -0.02007610     0.00556908     0.00007497    -0.00007077    -0.31432716     0.00001123   
  36  -0.00664441     0.00249299     0.00148121    -0.00009077    -0.10762893     0.00045694   
  37   0.00979570    -0.00128860     0.00235177    -0.00007606     0.14778994     0.00077610   
  38   0.01386434    -0.00350944    -0.00005432     0.00004783     0.21553797    -0.00000770   
  39  -0.00975406     0.00109303     0.00006456    -0.00005493    -0.14657272    -0.00005748   
  40   0.00978134     0.00071478    -0.00003919     0.00000647     0.14648776    -0.00003748   
  41   0.01623703    -0.00055170    -0.00009160     0.00004505     0.24182519    -0.00000904   
  42   0.00978036     0.00071440    -0.00008770     0.00004142     0.14647883     0.00002599   
  43  -0.00975421     0.00109282     0.00003350    -0.00000389    -0.14657032     0.00006817   
  44  -0.01624410     0.00007732     0.00009540    -0.00004364    -0.24180178     0.00000913   
  45  -0.00633344    -0.00225565    -0.00000101    -0.00160946    -0.10074877    -0.00360869   
  46  -0.00633928    -0.00224555     0.00011150     0.00158943    -0.10073779     0.00361795   
  47  -0.17219220    -0.16202735    -0.23006807     0.00925893    -0.04308932     0.01943392   
  48   0.00755480    -0.00240963     0.00054800     0.00000551     0.10799497    -0.03732584   
  49   0.16691872     0.16625161     0.23244522    -0.00938111    -0.06479451     0.01940721   
  50   0.16388014     0.16233464    -0.23733707     0.00924984    -0.06480095    -0.01940191   
  51   0.00753628    -0.00243127    -0.00060612     0.00004987     0.10802833     0.03731951   
  52  -0.16917159    -0.15813623     0.23495542    -0.00918192    -0.04311826    -0.01943332   
  53   0.16504886    -0.16707026    -0.00886158    -0.23171129     0.04311386     0.13508350   
  54  -0.00762219    -0.00213699     0.00008600     0.00057821    -0.10804177    -0.25943094   
  55  -0.15962293     0.17108647     0.00889055     0.23407460     0.06481841     0.13488244   
  56  -0.15866200     0.16965892    -0.00973357    -0.23571408     0.06481387    -0.13491553   
  57  -0.00762881    -0.00212930     0.00003784    -0.00060027    -0.10801246     0.25947208   
  58   0.16410867    -0.16567052     0.00957680     0.23335662     0.04308762    -0.13508969   
  59   0.00626286    -0.00247889     0.00158153    -0.00004618     0.10077294     0.00050563   
  60   0.00624500    -0.00250603    -0.00161633     0.00009494     0.10080162    -0.00051272   
           37             38             39       
   1   0.00048023    -0.12880370    -0.00008031   
   2   0.00001529    -0.03245370     0.00440373   
   3  -0.00047034    -0.12880345    -0.00008030   
   4  -0.00082178    -0.00537178    -0.00535051   
   5  -0.00001064     0.09946681     0.00015001   
   6   0.00080588    -0.00537235    -0.00535052   
   7   0.00000497    -0.00011539     0.91528448   
   8   0.43241145    -0.00025633    -0.05618587   
   9   0.14365546     0.00002311    -0.12535264   
  10  -0.20474063     0.00005413     0.01386960   
  11  -0.27198809    -0.00001678     0.09211519   
  12  -0.20527583     0.00004936     0.01329541   
  13   0.14287743     0.00002333    -0.12519950   
  14  -0.43239359    -0.00025631    -0.05618231   
  15  -0.14285735     0.00002333    -0.12519422   
  16   0.20529320     0.00004935     0.01329428   
  17   0.27197596    -0.00001678     0.09210966   
  18   0.20470355     0.00005413     0.01386894   
  19  -0.14366826     0.00002311    -0.12534599   
  20   0.00000017     0.91526479    -0.00011538   
  21  -0.06220588    -0.05617977    -0.00025629   
  22  -0.02066688    -0.12534043     0.00002310   
  23   0.02945181     0.01386822     0.00005412   
  24   0.03912775     0.09210760    -0.00001677   
  25   0.02953260     0.01329383     0.00004935   
  26  -0.02055327    -0.12518994     0.00002332   
  27   0.06219812    -0.05617381    -0.00025626   
  28   0.02055227    -0.12517655     0.00002332   
  29  -0.02952676     0.01329290     0.00004934   
  30  -0.03912286     0.09209731    -0.00001677   
  31  -0.02945077     0.01386676     0.00005412   
  32   0.02066268    -0.12532717     0.00002310   
  33   0.00555393    -0.00535366    -0.00537031   
  34   0.00321774    -0.00008038    -0.12873011   
  35  -0.00002380     0.00440649    -0.03243270   
  36  -0.00323558    -0.00008038    -0.12873096   
  37  -0.00553437    -0.00535364    -0.00536975   
  38   0.00001589     0.00015016     0.09940673   
  39  -0.00006098    -0.00069134    -0.02447171   
  40  -0.00006684    -0.02446590    -0.00069139   
  41   0.00001445     0.00314763     0.02059028   
  42   0.00008282    -0.02446471    -0.00069137   
  43   0.00004212    -0.00069137    -0.02447068   
  44  -0.00001407     0.02058499     0.00314806   
  45  -0.00053471     0.06602801     0.00024088   
  46   0.00052571     0.06602731     0.00024088   
  47  -0.13509274     0.00002595     0.06428748   
  48   0.25945503    -0.00001251    -0.04650134   
  49  -0.13489526     0.00002776     0.06448910   
  50   0.13487724     0.00002776     0.06448649   
  51  -0.25944384    -0.00001250    -0.04649843   
  52   0.13510393     0.00002595     0.06428346   
  53   0.01943530     0.06428217     0.00002595   
  54  -0.03732505    -0.04649740    -0.00001251   
  55   0.01940547     0.06448473     0.00002776   
  56  -0.01940423     0.06447757     0.00002776   
  57   0.03732051    -0.04649267    -0.00001250   
  58  -0.01943129     0.06427536     0.00002594   
  59  -0.00360375     0.00024097     0.06598912   
  60   0.00362054     0.00024098     0.06598884   

 -----------------------------------------------------------------------------------------------
  Virtual Orbital Coefficients
 -----------------------------------------------------------------------------------------------
           40             41             42             43             44             45       
   1  -0.08444408     0.02801508    -0.17020331     0.00011462    -0.00542437     0.35521302   
   2   0.24744963     0.00021681     0.33460372    -0.00000799     0.00000465     0.00001727   
   3  -0.08444330    -0.02823414    -0.17015823    -0.00010558     0.00542165    -0.35523231   
   4  -0.21176742     0.02305955    -0.19344605     0.00010591    -0.00492661     0.31310127   
   5   0.24255579     0.00023976     0.37011071    -0.00000874     0.00000595     0.00001817   
   6  -0.21176692    -0.02331277    -0.19340881    -0.00009838     0.00491814    -0.31311625   
   7  -0.05463905     0.00002440     0.03479948    -0.00000528    -0.00000013    -0.00000048   
   8  -0.03483161     0.00002835     0.10766345     0.37304535     0.01258469     0.00335254   
   9   0.02699414    -0.00011066    -0.06683998    -0.22263866    -0.00750984     0.00993577   
  10   0.01170403     0.00005359    -0.04650231    -0.16859814    -0.00568857    -0.01189857   
  11  -0.03545062     0.00005465     0.11578698     0.41362335     0.01395380     0.00354305   
  12   0.01167245    -0.00008589    -0.04749322    -0.18545001    -0.00625534     0.00873745   
  13   0.02694415     0.00004481    -0.06574560    -0.20439881    -0.00689645    -0.01348915   
  14  -0.03482941     0.00011377     0.10764857    -0.37304744    -0.01257741    -0.00333980   
  15   0.02694231    -0.00013201    -0.06573141     0.20430656     0.00688925     0.01348969   
  16   0.01167213     0.00002356    -0.04749190     0.18553546     0.00625460    -0.00875042   
  17  -0.03544805     0.00009790     0.11576983    -0.41362116    -0.01394554    -0.00352874   
  18   0.01170261    -0.00011469    -0.04648953     0.16851014     0.00568224     0.01189924   
  19   0.02699295     0.00002210    -0.06683719     0.22273793     0.00750881    -0.00995076   
  20  -0.05461949    -0.00002343    -0.03485592     0.00000021    -0.00000481     0.00000038   
  21  -0.03481364    -0.00011106    -0.10780269     0.01258532    -0.37301689    -0.00324178   
  22   0.02698098    -0.00002334     0.06693086    -0.00751407     0.22268376    -0.00958520   
  23   0.01169765     0.00011314     0.04655836    -0.00568515     0.16852849     0.01148571   
  24  -0.03543298    -0.00009500    -0.11593721     0.01395416    -0.41359315    -0.00342587   
  25   0.01166708    -0.00002436     0.04755906    -0.00625932     0.18549646    -0.00842894   
  26   0.02693091     0.00012992     0.06582835    -0.00689267     0.20432201     0.01302095   
  27  -0.03481059    -0.00002541    -0.10780074    -0.01257910     0.37307283     0.00322270   
  28   0.02692883    -0.00004624     0.06583131     0.00689111    -0.20440908    -0.01302685   
  29   0.01166559     0.00008427     0.04755402     0.00625454    -0.18547346     0.00845282   
  30  -0.03542974    -0.00005149    -0.11593501    -0.01394726     0.41365594     0.00340460   
  31   0.01169691    -0.00005452     0.04656154     0.00568403    -0.16860497    -0.01149126   
  32   0.02697822     0.00010844     0.06692499     0.00750842    -0.22265950     0.00961272   
  33  -0.21196844     0.02335859     0.19326765     0.00491732     0.00023307    -0.32405353   
  34  -0.08453813    -0.02805921     0.17003603    -0.00542468    -0.00025178     0.36764792   
  35   0.24769790    -0.00022595    -0.33432531     0.00000571    -0.00000691    -0.00001060   
  36  -0.08454724     0.02828797     0.17005876     0.00542111     0.00025978    -0.36763974   
  37  -0.21196080    -0.02309518     0.19324605    -0.00492709    -0.00022684     0.32406934   
  38   0.24280707    -0.00024996    -0.36980939     0.00000709    -0.00000750    -0.00001318   
  39  -0.22527724     0.49863009     0.11490740    -0.00027241     0.00023381     0.00150862   
  40  -0.22515189    -0.49863050    -0.11495150     0.00025256    -0.00025466     0.00012609   
  41   0.39936945     0.00001044     0.00695667     0.00000353     0.00000392    -0.00000760   
  42  -0.22513448     0.49848479    -0.11561044    -0.00025106     0.00024678    -0.00012862   
  43  -0.22527718    -0.49848549     0.11556641     0.00026366    -0.00023299    -0.00149047   
  44   0.39935082    -0.00000932    -0.00686654     0.00000408     0.00000347    -0.00000917   
  45   0.03679384    -0.01039707     0.06452117    -0.00004089     0.00194981    -0.12909321   
  46   0.03679326     0.01048024     0.06450406     0.00003758    -0.00194856     0.12909962   
  47  -0.00976814     0.00004057     0.02418947     0.08087225     0.00272794    -0.00357240   
  48   0.01354018    -0.00002266    -0.04275662    -0.15121953    -0.00510150    -0.00127380   
  49  -0.00973986    -0.00001133     0.02383815     0.07450774     0.00251391     0.00484090   
  50  -0.00973919     0.00004293     0.02383294    -0.07447404    -0.00251128    -0.00484109   
  51   0.01353915    -0.00003371    -0.04275012     0.15121811     0.00509846     0.00126857   
  52  -0.00976763    -0.00000853     0.02418824    -0.08090733    -0.00272753     0.00357782   
  53  -0.00976348     0.00000899    -0.02422247     0.00272942    -0.08088864     0.00344639   
  54   0.01353340     0.00003264     0.04281187    -0.00510153     0.15120737     0.00123166   
  55  -0.00973514    -0.00004218    -0.02386815     0.00251252    -0.07447966    -0.00467282   
  56  -0.00973438     0.00001185    -0.02386921    -0.00251194     0.07451131     0.00467492   
  57   0.01353231     0.00002149     0.04281151     0.00509906    -0.15123197    -0.00122391   
  58  -0.00976249    -0.00003977    -0.02422036    -0.00272737     0.08088006    -0.00345637   
  59   0.03683213     0.01041323    -0.06445567     0.00194989     0.00009081    -0.13361006   
  60   0.03683556    -0.01050000    -0.06446358    -0.00194833    -0.00009373     0.13360546   
           46             47             48             49             50             51       
   1   0.36658115     0.00064490    -0.00004891    -0.00069228    -0.02341026    -0.08089184   
   2  -0.00001273    -0.00101247     0.00034630    -0.00000293     0.00000300     0.09358532   
   3  -0.36656545     0.00056333    -0.00038735     0.00069590     0.02340866    -0.08089219   
   4   0.32319493     0.00034978    -0.00043055    -0.00060767    -0.02061511     0.00487346   
   5  -0.00001417    -0.00095587     0.00092549    -0.00000295     0.00000799     0.07823930   
   6  -0.32318354     0.00027795    -0.00072852     0.00060965     0.02060288     0.00487310   
   7   0.00000039    -0.00095699     0.00016268    -0.00000144    -0.00000065     0.08672555   
   8  -0.00317579     0.00210185     0.00021740     0.00890837    -0.00035596    -0.23545598   
   9  -0.00992090    -0.35190600     0.08210533     0.35805869    -0.01459035     0.12185753   
  10   0.01171797     0.30846508    -0.07266694    -0.32434393     0.01320973     0.12659817   
  11  -0.00335487     0.00108238     0.00054670     0.01088930    -0.00043594    -0.27643923   
  12  -0.00872238    -0.30940133     0.07219158     0.31466473    -0.01282217     0.12437626   
  13   0.01328256     0.35019485    -0.08250266    -0.36817633     0.01499495     0.12474930   
  14   0.00316752     0.00192412     0.00025920    -0.00890536     0.00037158    -0.23546522   
  15  -0.01328566     0.35353625    -0.08328491     0.36483557    -0.01487521     0.12477892   
  16   0.00873322    -0.31216316     0.07283795    -0.31173683     0.01270179     0.12436076   
  17   0.00334556     0.00087710     0.00059496    -0.01087136     0.00045298    -0.27644713   
  18  -0.01172081     0.31140879    -0.07335608     0.32140192    -0.01310421     0.12662041   
  19   0.00993337    -0.35504926     0.08284097    -0.35472944     0.01445340     0.12184078   
  20  -0.00000026    -0.00027922    -0.00092730    -0.00000062    -0.00001059     0.08667604   
  21  -0.00327450     0.00111594     0.00172220    -0.00035919    -0.00887249    -0.23534237   
  22  -0.01026372    -0.08267759    -0.35093828    -0.01464217    -0.35884895     0.12178460   
  23   0.01211175     0.07185895     0.30798579     0.01325835     0.32500632     0.12654729   
  24  -0.00345803     0.00095650     0.00065597    -0.00043944    -0.01085246    -0.27630441   
  25  -0.00902329    -0.07268713    -0.30854610    -0.01286730    -0.31535284     0.12430509   
  26   0.01372840     0.08157411     0.34964711     0.01504975     0.36892163     0.12470570   
  27   0.00329000     0.00110163     0.00166151     0.00036485     0.00891352    -0.23529922   
  28  -0.01375388     0.08268832     0.35443308    -0.01485507    -0.36405978     0.12466719   
  29   0.00903041    -0.07365169    -0.31269002     0.01269086     0.31104524     0.12429549   
  30   0.00347548     0.00093771     0.00057614     0.00044511     0.01088102    -0.27625459   
  31  -0.01213388     0.07284061     0.31220244    -0.01308686    -0.32072398     0.12651172   
  32   0.01027150    -0.08377541    -0.35565475     0.01444152     0.35395049     0.12177677   
  33   0.31219940    -0.00028046     0.00051590     0.02058544    -0.00106585     0.00482501   
  34  -0.35411249    -0.00003986     0.00066170    -0.02338498     0.00122083    -0.08099513   
  35   0.00000669    -0.00013981    -0.00105856     0.00000295    -0.00001212     0.09373798   
  36   0.35410869     0.00018718     0.00061143     0.02338510    -0.00120642    -0.08097486   
  37  -0.31221152    -0.00048041     0.00056014    -0.02058935     0.00107582     0.00480732   
  38   0.00000890     0.00040451    -0.00126524     0.00000181    -0.00001294     0.07840329   
  39  -0.03787900    -0.00063772     0.00011039    -0.00111923     0.00115575     0.08336874   
  40   0.03789669    -0.00016812    -0.00060799     0.00106226    -0.00121358     0.08343493   
  41   0.00000877     0.00083547     0.00055999     0.00000243     0.00000848    -0.18306562   
  42  -0.03789868    -0.00018283    -0.00062243    -0.00106320     0.00119900     0.08343854   
  43   0.03786293    -0.00062265     0.00012397     0.00111530    -0.00115646     0.08335904   
  44   0.00001069     0.00087453     0.00049709     0.00000276     0.00000775    -0.18305224   
  45  -0.13321498    -0.00021974     0.00007056     0.00025447     0.00857141     0.02670418   
  46   0.13320867    -0.00018990     0.00019441    -0.00025572    -0.00856982     0.02670416   
  47   0.00356760     0.12703463    -0.02963748    -0.12934160     0.00527048    -0.04497009   
  48   0.00120579    -0.00039401    -0.00019958    -0.00393306     0.00015745     0.09993002   
  49  -0.00476771    -0.12685100     0.02988652     0.13342291    -0.00543401    -0.04614986   
  50   0.00476884    -0.12806267     0.03017018    -0.13221335     0.00539069    -0.04616042   
  51  -0.00120237    -0.00031973    -0.00021704     0.00392628    -0.00016365     0.09993245   
  52  -0.00357210     0.12816930    -0.02990304     0.12813923    -0.00522098    -0.04496360   
  53   0.00369096     0.02984736     0.12668449     0.00528922     0.12962725    -0.04494323   
  54   0.00124274    -0.00034873    -0.00023869     0.00015867     0.00391935     0.09988065   
  55  -0.00492764    -0.02954726    -0.12665384    -0.00545384    -0.13369338    -0.04613333   
  56   0.00493690    -0.02995103    -0.12838819     0.00538334     0.13193233    -0.04611925   
  57  -0.00124914    -0.00034196    -0.00020989    -0.00016074    -0.00392997     0.09986372   
  58  -0.00369374     0.03024407     0.12838883    -0.00521680    -0.12785942    -0.04494028   
  59   0.12868168     0.00006902    -0.00025102     0.00856153    -0.00044594     0.02674033   
  60  -0.12867874    -0.00001405    -0.00023261    -0.00856170     0.00044076     0.02673281   
           52             53             54             55             56             57       
   1  -0.04511718    -0.17547130    -0.23727297     0.00003408    -0.00105723     0.22500681   
   2   0.12705074     0.28977193     0.24823269    -0.00003146     0.00094224    -0.20754973   
   3  -0.04511963    -0.17547298    -0.23727301     0.00003407    -0.00099431     0.22500695   
   4  -0.10099357    -0.09360130     0.17175605    -0.00003506     0.00108548    -0.23160004   
   5   0.16922725     0.30517962    -0.08769133     0.00003854    -0.00117602     0.25551292   
   6  -0.10099593    -0.09360310     0.17175605    -0.00003496     0.00103757    -0.23160057   
   7   0.13523756    -0.10329124     0.04159952    -0.00000053    -0.00000214    -0.00022554   
   8  -0.22794284     0.08322147     0.01465748    -0.26915982    -0.00098439     0.10811119   
   9   0.11146006    -0.03271140    -0.02472805     0.28437740     0.00104063    -0.11421021   
  10   0.13111768    -0.05988634     0.03498426    -0.28072056    -0.00102685     0.11251250   
  11  -0.27818367     0.11653902    -0.04293714     0.29586802     0.00108211    -0.11847564   
  12   0.13033357    -0.06004202     0.03513695    -0.28141106    -0.00102958     0.11284001   
  13   0.11279162    -0.03278080    -0.02484396     0.28541160     0.00104427    -0.11460062   
  14  -0.22794516     0.08322036     0.01465665     0.26920787     0.00001108     0.10802807   
  15   0.11280747    -0.03278361    -0.02484267    -0.28546335    -0.00001127    -0.11451287   
  16   0.13032318    -0.06003869     0.03513543     0.28146210     0.00001112     0.11275360   
  17  -0.27818343     0.11653605    -0.04293547    -0.29592283    -0.00001203    -0.11838535   
  18   0.13112737    -0.05988636     0.03498274     0.28077054     0.00001135     0.11242596   
  19   0.11144979    -0.03270923    -0.02472668    -0.28442574    -0.00001116    -0.11412149   
  20  -0.13529334    -0.10330390    -0.04160038     0.00000004     0.00001766    -0.00021341   
  21   0.22804115     0.08322874    -0.01465299    -0.00048128     0.26863023     0.10946492   
  22  -0.11150043    -0.03271293     0.02472243     0.00050845    -0.28381468    -0.11564041   
  23  -0.13117823    -0.05989094    -0.03497759    -0.00050196     0.28016780     0.11392581   
  24   0.27830132     0.11654705     0.04292982     0.00052909    -0.29529044    -0.11996749   
  25  -0.13038399    -0.06004587    -0.03513101    -0.00050322     0.28086316     0.11425945   
  26  -0.11284995    -0.03278553     0.02483900     0.00051035    -0.28485530    -0.11603935   
  27   0.22800545     0.08321740    -0.01465425     0.00051373    -0.26973800     0.10696336   
  28  -0.11282351    -0.03277927     0.02483921    -0.00054478     0.28602220    -0.11338638   
  29  -0.13037092    -0.06003944    -0.03513011     0.00053716    -0.28200665     0.11164432   
  30   0.27825898     0.11653231     0.04292834    -0.00056474     0.29648833    -0.11721857   
  31  -0.13115169    -0.05988244    -0.03497673     0.00053579    -0.28130826     0.11131729   
  32  -0.11149039    -0.03270940     0.02472278    -0.00054276     0.28497939    -0.11299787   
  33   0.10091977    -0.09358579    -0.17187458    -0.00005891     0.00105791    -0.23136022   
  34   0.04513355    -0.17556810     0.23742210     0.00000235    -0.00103015     0.22477824   
  35  -0.12701019     0.28987603    -0.24837930    -0.00003114     0.00095122    -0.20734001   
  36   0.04511816    -0.17555060     0.23741909     0.00006540    -0.00102992     0.22477675   
  37   0.10093377    -0.09360142    -0.17187376    -0.00001119     0.00105800    -0.23136129   
  38  -0.16915704     0.30526478     0.08776975     0.00003882    -0.00116407     0.25525203   
  39   0.05992535     0.14310138    -0.28705952     0.00000256    -0.00014203     0.03423465   
  40  -0.05998103     0.14321521     0.28709209     0.00000883    -0.00017140     0.03439308   
  41   0.01192677    -0.34760912    -0.26605039    -0.00001637     0.00051815    -0.11045741   
  42  -0.05998593     0.14321667     0.28709244     0.00000094    -0.00016552     0.03439267   
  43   0.05993013     0.14308974    -0.28705867     0.00000846    -0.00014990     0.03423277   
  44  -0.01180049    -0.34757246     0.26595673    -0.00001707     0.00049336    -0.11028829   
  45   0.01881378     0.06127265     0.06935863    -0.00000951     0.00029576    -0.06282732   
  46   0.01881453     0.06127288     0.06935830    -0.00000952     0.00027664    -0.06282706   
  47  -0.04160795     0.01293144     0.00655036    -0.07945887    -0.00029084     0.03193047   
  48   0.09984324    -0.04099241     0.01299272    -0.08299807    -0.00030350     0.03321139   
  49  -0.04222395     0.01300655     0.00660560    -0.07996853    -0.00029268     0.03213466   
  50  -0.04222948     0.01300744     0.00660527     0.07998335     0.00000307     0.03211019   
  51   0.09984273    -0.04099118     0.01299216     0.08301316     0.00000342     0.03318596   
  52  -0.04160381     0.01293048     0.00654994     0.07947172     0.00000306     0.03190541   
  53   0.04162297     0.01293193    -0.00654888    -0.00014206     0.07930136     0.03233003   
  54  -0.09988481    -0.04099494    -0.01299047    -0.00014843     0.08283580     0.03362981   
  55   0.04224533     0.01300814    -0.00660430    -0.00014299     0.07981250     0.03253777   
  56   0.04223560     0.01300577    -0.00660440     0.00015265    -0.08013996     0.03179445   
  57  -0.09987068    -0.04099018    -0.01299012     0.00015843    -0.08317215     0.03285915   
  58   0.04161919     0.01293053    -0.00654906     0.00015165    -0.07962764     0.03159184   
  59  -0.01881629     0.06130278    -0.06940037     0.00000014     0.00028774    -0.06276240   
  60  -0.01881075     0.06129623    -0.06939869    -0.00001905     0.00028765    -0.06276123   
           58             59             60       
   1  -0.00348110    -0.16429740     0.18680847   
   2  -0.01470592     0.17007567    -0.17438951   
   3  -0.00348102    -0.16429737     0.18680833   
   4   0.03201998     0.14747974    -0.20627246   
   5  -0.06557904    -0.15179239     0.27011222   
   6   0.03202013     0.14747986    -0.20627278   
   7  -0.07216156    -0.09138457    -0.04833578   
   8   0.20207670     0.17905538     0.05309182   
   9  -0.19969904    -0.17192733    -0.04729267   
  10   0.18238113     0.15160585     0.03779695   
  11  -0.18382786    -0.14946232    -0.03476905   
  12   0.18283941     0.15195691     0.03786261   
  13  -0.20034916    -0.17247685    -0.04743873   
  14   0.20206462     0.17904544     0.05308913   
  15  -0.20033775    -0.17246780    -0.04743650   
  16   0.18282877     0.15194866     0.03786071   
  17  -0.18381793    -0.14945483    -0.03476746   
  18   0.18236983     0.15159701     0.03779487   
  19  -0.19968521    -0.17191611    -0.04728979   
  20   0.07202500    -0.09154129     0.04830473   
  21  -0.20176399     0.17939716    -0.05305993   
  22   0.19939122    -0.17225608     0.04726411   
  23  -0.18210538     0.15190013    -0.03777516   
  24   0.18355558    -0.14975725     0.03475028   
  25  -0.18256713     0.15225536    -0.03784166   
  26   0.20004616    -0.17281167     0.04741145   
  27  -0.20167338     0.17933818    -0.05304886   
  28   0.19995102    -0.17275054     0.04740056   
  29  -0.18247606     0.15219808    -0.03783218   
  30   0.18346162    -0.14969890     0.03474106   
  31  -0.18201475     0.15184316    -0.03776575   
  32   0.19929775    -0.17219631     0.04725356   
  33  -0.03201564     0.14735521     0.20652930   
  34   0.00344105    -0.16412099    -0.18703036   
  35   0.01476668     0.16987024     0.17458788   
  36   0.00344137    -0.16411974    -0.18702946   
  37  -0.03201619     0.14735569     0.20653066   
  38   0.06561232    -0.15170961    -0.27046893   
  39   0.09291064    -0.02054775    -0.24659833   
  40  -0.09290471    -0.02051796     0.24653665   
  41   0.10620529     0.06499590    -0.29747808   
  42  -0.09290444    -0.02051765     0.24653547   
  43   0.09290992    -0.02054668    -0.24659592   
  44  -0.10623114     0.06503435     0.29769059   
  45  -0.00011373     0.04662429    -0.05146886   
  46  -0.00011375     0.04662406    -0.05146858   
  47   0.05630013     0.04864616     0.01350303   
  48   0.05023517     0.04029114     0.00895135   
  49   0.05664431     0.04893848     0.01358130   
  50   0.05664130     0.04893609     0.01358071   
  51   0.05023229     0.04028899     0.00895092   
  52   0.05629576     0.04864258     0.01350209   
  53  -0.05621304     0.04873889    -0.01349477   
  54  -0.05016104     0.04037092    -0.00894662   
  55  -0.05655841     0.04903325    -0.01357341   
  56  -0.05653171     0.04901607    -0.01357033   
  57  -0.05013555     0.04035532    -0.00894426   
  58  -0.05618716     0.04872237    -0.01349186   
  59   0.00012628     0.04657198     0.05152851   
  60   0.00012620     0.04657110     0.05152766   

 -----------------------------------------------------------------------------------------------
  Generalised Fock Matrix (MO basis)
 -----------------------------------------------------------------------------------------------
           1              2              3              4              5              6        
   1  -7.93199227    -0.00000000     0.00000000    -0.00000000     0.00000000     0.00000000   
   2  -0.00000000    -7.92925169     0.00000000     0.00000000     0.00000000     0.00000000   
   3   0.00000000     0.00000000    -7.84270333    -0.00000000     0.00000000     0.00000000   
   4  -0.00000000     0.00000000    -0.00000000    -7.84267556    -0.00000000     0.00000000   
   5   0.00000000     0.00000000     0.00000000    -0.00000000    -7.73026489    -0.00000000   
   6   0.00000000     0.00000000     0.00000000     0.00000000    -0.00000000    -7.68755128   
   7  -0.00000000    -0.00000000     0.00000000     0.00000000     0.00000000    -0.00000000   
   8   0.00000000    -0.00000000     0.00000000    -0.00000000    -0.00000000     0.00000000   
   9  -0.00000000    -0.00000000     0.00000000    -0.00000000    -0.00000000    -0.00000000   
  10  -0.00000000    -0.00000000     0.00000000     0.00000000    -0.00000000    -0.00000000   
  11  -0.00000000    -0.00000000     0.00000000    -0.00000000    -0.00000000    -0.00000000   
  12   0.00000000     0.00000000    -0.00000000     0.00000000     0.00000000     0.00000000   
  13  -0.00000000    -0.00000000    -0.00000000     0.00000000    -0.00000000     0.00000000   
  14   0.00000000     0.00000000     0.00000000     0.00000000     0.00000000     0.00000000   
  15  -0.00000000    -0.00000000    -0.00000000     0.00000000    -0.00000000    -0.00000000   
  16   0.00000000    -0.00000000     0.00000000     0.00000000     0.00000000    -0.00000000   
  17  -0.00000000    -0.00000000    -0.00000000     0.00000000     0.00000000     0.00000000   
  18  -0.00000000     0.00000000     0.00000000     0.00000000     0.00000000    -0.00000000   
  19  -0.00000000     0.00000000     0.00000000     0.00000000     0.00000000    -0.00000000   
  20  -0.00000000     0.00000000    -0.00000000    -0.00000000     0.00000000    -0.00000000   
  21   0.00000000    -0.00000000    -0.00000000     0.00000000    -0.00000000    -0.00000000   
  22   0.00000000    -0.00000000     0.00000000     0.00000000     0.00000000    -0.00000000   
  23   0.00000000     0.00000000    -0.00000000     0.00000000     0.00000000     0.00000000   
  24   0.00000000    -0.00000000    -0.00000000     0.00000000    -0.00000000     0.00000000   
  25   0.00000000    -0.00000000     0.00000000    -0.00000000    -0.00000000     0.00000000   
  26  -0.00000000     0.00000000    -0.00000000    -0.00000000     0.00000000    -0.00000000   
  27  -0.00000000     0.00000000     0.00000000    -0.00000000    -0.00000000    -0.00000000   
  28  -0.00000000    -0.00000000     0.00000000     0.00000000     0.00000000    -0.00000000   
  29   0.00000000    -0.00000000     0.00000000     0.00000000    -0.00000000     0.00000000   
  30  -0.00000000     0.00000000     0.00000000    -0.00000000     0.00000000    -0.00000000   
  31   0.00000000    -0.00000000    -0.00000000    -0.00000000     0.00000000    -0.00000000   
  32   0.00000000    -0.00000000     0.00000000    -0.00000000     0.00000000    -0.00000000   
  33  -0.00000000     0.00000000     0.00000000     0.00000000    -0.00000000     0.00000000   
  34  -0.00000000    -0.00000000    -0.00000000    -0.00000000    -0.00000000    -0.00000000   
  35   0.00000000     0.00000000    -0.00000000     0.00000000     0.00000000    -0.00000000   
  36  -0.00000000    -0.00000000     0.00000000    -0.00000000    -0.00000000    -0.00000000   
  37   0.00000000    -0.00000000     0.00000000     0.00000000     0.00000000    -0.00000000   
  38  -0.22132498    -0.21543305    -0.00000464     0.00000009     0.09845951     0.11478197   
  39  -0.21947936     0.21730680     0.00000004     0.00003128     0.09862660    -0.11447599   
  40   0.00000000    -0.00000001     0.00000000     0.00000000    -0.00000001     0.00000001   
  41  -0.00000000    -0.00000001    -0.00000000     0.00000002     0.00000002     0.00000000   
  42   0.00000001     0.00000001     0.00000000     0.00000001     0.00000001    -0.00000000   
  43   0.00000001    -0.00000001    -0.00000000     0.00000000    -0.00000003     0.00000004   
  44   0.00000000    -0.00000001    -0.00000001    -0.00000000    -0.00000002     0.00000002   
  45   0.00000000    -0.00000001    -0.00000001    -0.00000000     0.00000000     0.00000000   
  46   0.00000000    -0.00000000     0.00000000    -0.00000000    -0.00000002     0.00000001   
  47   0.00000001    -0.00000001     0.00000000    -0.00000001    -0.00000002     0.00000000   
  48   0.00000001    -0.00000001     0.00000000    -0.00000000    -0.00000003     0.00000003   
  49  -0.00000001     0.00000002    -0.00000000    -0.00000000     0.00000002    -0.00000004   
  50  -0.00000000     0.00000000    -0.00000000     0.00000000     0.00000002    -0.00000001   
  51  -0.00000001     0.00000001    -0.00000000     0.00000001     0.00000001    -0.00000001   
  52   0.00000002    -0.00000001     0.00000001    -0.00000001    -0.00000003     0.00000005   
  53   0.00000000    -0.00000000    -0.00000000     0.00000000     0.00000001    -0.00000002   
  54   0.00000001    -0.00000000    -0.00000000    -0.00000001    -0.00000001     0.00000003   
  55  -0.00000000    -0.00000000     0.00000000     0.00000000    -0.00000002     0.00000004   
  56   0.00000000    -0.00000000     0.00000000    -0.00000000    -0.00000001     0.00000001   
  57  -0.00000001     0.00000001    -0.00000001     0.00000000     0.00000002    -0.00000000   
  58  -0.00000001     0.00000000     0.00000000     0.00000001    -0.00000000    -0.00000001   
  59   0.00000000    -0.00000000    -0.00000000     0.00000001    -0.00000000    -0.00000001   
  60  -0.00000001     0.00000000    -0.00000000     0.00000000     0.00000001    -0.00000000   
           7              8              9              10             11             12       
   1  -0.00000000     0.00000000    -0.00000000    -0.00000000    -0.00000000     0.00000000   
   2  -0.00000000    -0.00000000    -0.00000000    -0.00000000    -0.00000000     0.00000000   
   3   0.00000000     0.00000000     0.00000000     0.00000000     0.00000000    -0.00000000   
   4   0.00000000    -0.00000000    -0.00000000     0.00000000    -0.00000000     0.00000000   
   5   0.00000000    -0.00000000    -0.00000000    -0.00000000    -0.00000000     0.00000000   
   6  -0.00000000     0.00000000    -0.00000000    -0.00000000    -0.00000000     0.00000000   
   7  -6.13013759    -0.00000000    -0.00000000    -0.00000000     0.00000000    -0.00000000   
   8  -0.00000000    -6.13008988     0.00000000     0.00000000    -0.00000000    -0.00000000   
   9  -0.00000000     0.00000000    -6.04041511     0.00000000    -0.00000000     0.00000000   
  10  -0.00000000     0.00000000     0.00000000    -6.03230992    -0.00000000     0.00000000   
  11   0.00000000    -0.00000000    -0.00000000    -0.00000000    -6.02849613     0.00000000   
  12  -0.00000000    -0.00000000     0.00000000     0.00000000     0.00000000    -6.02848766   
  13  -0.00000000    -0.00000000    -0.00000000     0.00000000     0.00000000     0.00000000   
  14   0.00000000    -0.00000000    -0.00000000    -0.00000000    -0.00000000     0.00000000   
  15   0.00000000    -0.00000000     0.00000000     0.00000000    -0.00000000     0.00000000   
  16  -0.00000000     0.00000000    -0.00000000     0.00000000    -0.00000000    -0.00000000   
  17  -0.00000000    -0.00000000     0.00000000     0.00000000    -0.00000000     0.00000000   
  18  -0.00000000     0.00000000    -0.00000000     0.00000000     0.00000000    -0.00000000   
  19  -0.00000000     0.00000000    -0.00000000     0.00000000     0.00000000     0.00000000   
  20  -0.00000000     0.00000000     0.00000000     0.00000000    -0.00000000    -0.00000000   
  21   0.00000000    -0.00000000     0.00000000    -0.00000000     0.00000000    -0.00000000   
  22  -0.00000000     0.00000000     0.00000000    -0.00000000     0.00000000     0.00000000   
  23  -0.00000000    -0.00000000    -0.00000000     0.00000000     0.00000000     0.00000000   
  24   0.00000000    -0.00000000    -0.00000000     0.00000000     0.00000000    -0.00000000   
  25  -0.00000000    -0.00000000     0.00000000    -0.00000000    -0.00000000     0.00000000   
  26  -0.00000000     0.00000000    -0.00000000     0.00000000     0.00000000    -0.00000000   
  27   0.00000000    -0.00000000    -0.00000000    -0.00000000     0.00000000    -0.00000000   
  28  -0.00000000     0.00000000    -0.00000000    -0.00000000     0.00000000    -0.00000000   
  29   0.00000000    -0.00000000     0.00000000     0.00000000    -0.00000000     0.00000000   
  30  -0.00000000     0.00000000    -0.00000000    -0.00000000     0.00000000     0.00000000   
  31  -0.00000000     0.00000000     0.00000000    -0.00000000    -0.00000000     0.00000000   
  32  -0.00000000    -0.00000000    -0.00000000    -0.00000000     0.00000000     0.00000000   
  33   0.00000000     0.00000000    -0.00000000     0.00000000    -0.00000000     0.00000000   
  34   0.00000000    -0.00000000    -0.00000000    -0.00000000    -0.00000000     0.00000000   
  35  -0.00000000     0.00000000    -0.00000000     0.00000000     0.00000000     0.00000000   
  36   0.00000000    -0.00000000     0.00000000     0.00000000    -0.00000000     0.00000000   
  37   0.00000000    -0.00000000     0.00000000     0.00000000     0.00000000     0.00000000   
  38  -0.00000405     0.00000556    -0.12298018    -0.06810679     0.01217443    -0.00244411   
  39  -0.00000186     0.00000294    -0.12301675     0.06810386     0.01223345    -0.00204695   
  40   0.00000000     0.00000000    -0.00000001    -0.00000002     0.00000001    -0.00000001   
  41   0.00000001    -0.00000001     0.00000000    -0.00000000    -0.00000000     0.00000002   
  42   0.00000001    -0.00000000     0.00000000     0.00000001     0.00000000    -0.00000001   
  43   0.00000000    -0.00000000     0.00000001    -0.00000001    -0.00000001    -0.00000001   
  44  -0.00000000     0.00000001     0.00000001    -0.00000001    -0.00000000     0.00000001   
  45  -0.00000001    -0.00000000     0.00000000    -0.00000001    -0.00000001    -0.00000000   
  46  -0.00000001    -0.00000000    -0.00000001    -0.00000000     0.00000001    -0.00000000   
  47  -0.00000001     0.00000001     0.00000000    -0.00000001     0.00000000    -0.00000000   
  48   0.00000000    -0.00000000     0.00000002     0.00000001     0.00000000    -0.00000000   
  49  -0.00000001     0.00000001    -0.00000001     0.00000001     0.00000001     0.00000000   
  50   0.00000001    -0.00000000    -0.00000001    -0.00000001    -0.00000001     0.00000000   
  51   0.00000000    -0.00000001    -0.00000000     0.00000001     0.00000001    -0.00000001   
  52  -0.00000001     0.00000001     0.00000001     0.00000001     0.00000000    -0.00000001   
  53   0.00000000    -0.00000000     0.00000001    -0.00000001    -0.00000000     0.00000001   
  54  -0.00000001     0.00000001    -0.00000000     0.00000001     0.00000000    -0.00000001   
  55   0.00000000    -0.00000000     0.00000000     0.00000000    -0.00000001    -0.00000001   
  56  -0.00000000     0.00000000     0.00000000     0.00000000    -0.00000000     0.00000000   
  57   0.00000000     0.00000000    -0.00000000     0.00000000     0.00000000     0.00000000   
  58   0.00000000    -0.00000000    -0.00000000    -0.00000000    -0.00000000    -0.00000000   
  59   0.00000000    -0.00000000     0.00000000    -0.00000001     0.00000000     0.00000001   
  60   0.00000000    -0.00000000    -0.00000000    -0.00000000    -0.00000001     0.00000001   
           13             14             15             16             17             18       
   1  -0.00000000     0.00000000    -0.00000000     0.00000000    -0.00000000    -0.00000000   
   2  -0.00000000     0.00000000    -0.00000000    -0.00000000    -0.00000000     0.00000000   
   3  -0.00000000     0.00000000    -0.00000000     0.00000000    -0.00000000     0.00000000   
   4   0.00000000     0.00000000     0.00000000     0.00000000     0.00000000     0.00000000   
   5  -0.00000000     0.00000000    -0.00000000     0.00000000     0.00000000     0.00000000   
   6   0.00000000     0.00000000    -0.00000000    -0.00000000     0.00000000    -0.00000000   
   7  -0.00000000     0.00000000     0.00000000    -0.00000000    -0.00000000    -0.00000000   
   8  -0.00000000    -0.00000000    -0.00000000     0.00000000    -0.00000000     0.00000000   
   9  -0.00000000    -0.00000000     0.00000000    -0.00000000     0.00000000    -0.00000000   
  10   0.00000000    -0.00000000     0.00000000     0.00000000     0.00000000     0.00000000   
  11   0.00000000    -0.00000000    -0.00000000    -0.00000000    -0.00000000     0.00000000   
  12   0.00000000     0.00000000     0.00000000    -0.00000000     0.00000000    -0.00000000   
  13  -6.02847664     0.00000000    -0.00000000     0.00000000    -0.00000000    -0.00000000   
  14   0.00000000    -6.01147089    -0.00000000    -0.00000000    -0.00000000    -0.00000000   
  15  -0.00000000    -0.00000000    -6.00594090    -0.00000000     0.00000000     0.00000000   
  16   0.00000000    -0.00000000    -0.00000000    -5.98131390    -0.00000000     0.00000000   
  17  -0.00000000    -0.00000000     0.00000000    -0.00000000    -5.98131368     0.00000000   
  18  -0.00000000    -0.00000000     0.00000000     0.00000000     0.00000000    -3.67738104   
  19  -0.00000000    -0.00000000     0.00000000     0.00000000    -0.00000000     0.00000000   
  20   0.00000000    -0.00000000     0.00000000    -0.00000000     0.00000000    -0.00000000   
  21   0.00000000    -0.00000000     0.00000000     0.00000000     0.00000000     0.00000000   
  22   0.00000000     0.00000000     0.00000000    -0.00000000    -0.00000000    -0.00000000   
  23  -0.00000000     0.00000000    -0.00000000     0.00000000    -0.00000000    -0.00000000   
  24   0.00000000    -0.00000000     0.00000000    -0.00000000     0.00000000     0.00000000   
  25   0.00000000     0.00000000    -0.00000000     0.00000000     0.00000000    -0.00000000   
  26  -0.00000000    -0.00000000     0.00000000    -0.00000000     0.00000000    -0.00000000   
  27   0.00000000    -0.00000000     0.00000000    -0.00000000    -0.00000000     0.00000000   
  28   0.00000000     0.00000000     0.00000000     0.00000000     0.00000000    -0.00000000   
  29   0.00000000    -0.00000000    -0.00000000     0.00000000    -0.00000000    -0.00000000   
  30   0.00000000     0.00000000     0.00000000    -0.00000000     0.00000000    -0.00000000   
  31   0.00000000    -0.00000000     0.00000000    -0.00000000     0.00000000     0.00000000   
  32  -0.00000000     0.00000000    -0.00000000     0.00000000    -0.00000000    -0.00000000   
  33   0.00000000     0.00000000    -0.00000000     0.00000000     0.00000000     0.00000000   
  34  -0.00000000     0.00000000    -0.00000000     0.00000000    -0.00000000     0.00000000   
  35  -0.00000000    -0.00000000     0.00000000     0.00000000    -0.00000000     0.00000000   
  36  -0.00000000     0.00000000    -0.00000000    -0.00000000    -0.00000000     0.00000000   
  37  -0.00000000     0.00000000     0.00000000     0.00000000    -0.00000000     0.00000000   
  38  -0.01207511     0.13236594    -0.10058535     0.00003468    -0.00016180     0.02183155   
  39  -0.01224929    -0.13247369    -0.10045134     0.00002463     0.00000515    -0.02182259   
  40  -0.00000000    -0.00000000    -0.00000000    -0.00000000     0.00000000     0.00000000   
  41   0.00000000     0.00000000    -0.00000001     0.00000001    -0.00000001    -0.00000009   
  42   0.00000000    -0.00000001     0.00000001    -0.00000001     0.00000000    -0.00000001   
  43  -0.00000000    -0.00000001     0.00000001     0.00000001     0.00000000    -0.00000006   
  44   0.00000001     0.00000000    -0.00000000     0.00000000     0.00000001    -0.00000003   
  45  -0.00000000     0.00000000     0.00000001     0.00000000    -0.00000001     0.00000002   
  46  -0.00000000     0.00000000    -0.00000000    -0.00000000     0.00000000     0.00000001   
  47   0.00000000     0.00000001     0.00000002    -0.00000001     0.00000000     0.00000003   
  48  -0.00000000    -0.00000000    -0.00000001     0.00000000    -0.00000000     0.00000000   
  49   0.00000000     0.00000001     0.00000001    -0.00000001    -0.00000001     0.00000003   
  50  -0.00000001     0.00000000    -0.00000001    -0.00000000     0.00000000     0.00000001   
  51   0.00000000    -0.00000001    -0.00000001     0.00000000    -0.00000001    -0.00000002   
  52  -0.00000000     0.00000001     0.00000000    -0.00000002    -0.00000001    -0.00000000   
  53   0.00000001     0.00000000    -0.00000001    -0.00000000     0.00000001     0.00000001   
  54   0.00000000     0.00000000     0.00000001    -0.00000001    -0.00000000    -0.00000000   
  55   0.00000000    -0.00000000    -0.00000001     0.00000000     0.00000000    -0.00000004   
  56  -0.00000000     0.00000001    -0.00000001    -0.00000000     0.00000001    -0.00000001   
  57  -0.00000001    -0.00000000     0.00000000     0.00000000    -0.00000000    -0.00000002   
  58  -0.00000000     0.00000000    -0.00000001     0.00000001     0.00000001    -0.00000000   
  59  -0.00000000    -0.00000000    -0.00000000    -0.00000000    -0.00000000    -0.00000000   
  60   0.00000000    -0.00000000    -0.00000001     0.00000000     0.00000000    -0.00000002   
           19             20             21             22             23             24       
   1  -0.00000000    -0.00000000     0.00000000     0.00000000     0.00000000     0.00000000   
   2   0.00000000     0.00000000    -0.00000000    -0.00000000    -0.00000000    -0.00000000   
   3   0.00000000    -0.00000000    -0.00000000     0.00000000    -0.00000000    -0.00000000   
   4   0.00000000    -0.00000000     0.00000000     0.00000000    -0.00000000     0.00000000   
   5   0.00000000     0.00000000    -0.00000000     0.00000000     0.00000000    -0.00000000   
   6  -0.00000000    -0.00000000    -0.00000000    -0.00000000     0.00000000     0.00000000   
   7  -0.00000000    -0.00000000     0.00000000    -0.00000000    -0.00000000     0.00000000   
   8   0.00000000     0.00000000    -0.00000000     0.00000000    -0.00000000    -0.00000000   
   9  -0.00000000     0.00000000     0.00000000     0.00000000    -0.00000000    -0.00000000   
  10   0.00000000     0.00000000    -0.00000000    -0.00000000     0.00000000     0.00000000   
  11   0.00000000    -0.00000000     0.00000000     0.00000000     0.00000000     0.00000000   
  12   0.00000000    -0.00000000    -0.00000000     0.00000000     0.00000000    -0.00000000   
  13  -0.00000000     0.00000000     0.00000000     0.00000000    -0.00000000    -0.00000000   
  14  -0.00000000    -0.00000000    -0.00000000     0.00000000     0.00000000    -0.00000000   
  15   0.00000000     0.00000000     0.00000000     0.00000000    -0.00000000     0.00000000   
  16   0.00000000    -0.00000000     0.00000000    -0.00000000     0.00000000    -0.00000000   
  17  -0.00000000     0.00000000     0.00000000    -0.00000000    -0.00000000     0.00000000   
  18   0.00000000    -0.00000000     0.00000000    -0.00000000    -0.00000000     0.00000000   
  19  -2.70098662     0.00000000    -0.00000000     0.00000000     0.00000000    -0.00000000   
  20   0.00000000    -1.69026908    -0.00000000     0.00000000    -0.00000000    -0.00000000   
  21  -0.00000000    -0.00000000    -1.65869078    -0.00000000    -0.00000000     0.00000000   
  22   0.00000000     0.00000000    -0.00000000    -1.40817248     0.00000000     0.00000000   
  23   0.00000000    -0.00000000    -0.00000000     0.00000000    -1.40816127    -0.00000000   
  24  -0.00000000    -0.00000000     0.00000000     0.00000000    -0.00000000    -0.84799715   
  25   0.00000000     0.00000000    -0.00000000    -0.00000000    -0.00000000    -0.00000000   
  26   0.00000000     0.00000000    -0.00000000    -0.00000000    -0.00000000    -0.00000000   
  27   0.00000000     0.00000000    -0.00000000    -0.00000000    -0.00000000    -0.00000000   
  28   0.00000000    -0.00000000    -0.00000000     0.00000000    -0.00000000    -0.00000000   
  29   0.00000000     0.00000000    -0.00000000    -0.00000000    -0.00000000    -0.00000000   
  30   0.00000000    -0.00000000     0.00000000    -0.00000000    -0.00000000     0.00000000   
  31   0.00000000    -0.00000000    -0.00000000    -0.00000000     0.00000000    -0.00000000   
  32   0.00000000     0.00000000     0.00000000    -0.00000000    -0.00000000     0.00000000   
  33  -0.00000000     0.00000000    -0.00000000     0.00000000    -0.00000000     0.00000000   
  34  -0.00000000     0.00000000     0.00000000     0.00000000    -0.00000000     0.00000000   
  35  -0.00000000     0.00000000     0.00000000     0.00000000    -0.00000000    -0.00000000   
  36  -0.00000000    -0.00000000    -0.00000000    -0.00000000    -0.00000000     0.00000000   
  37  -0.00000000    -0.00000000     0.00000000     0.00000000    -0.00000000    -0.00000000   
  38   0.09554280    -0.47974974    -0.44046373     0.00000007    -0.00001167     0.33844425   
  39   0.09544605     0.48001457    -0.44014456    -0.00000122     0.00000001    -0.33846820   
  40   0.00000002     0.00000001    -0.00000000    -0.00000001    -0.00000001    -0.00000001   
  41   0.00000002     0.00000001     0.00000003     0.00000001    -0.00000002    -0.00000014   
  42   0.00000001     0.00000001     0.00000001     0.00000002    -0.00000001    -0.00000003   
  43   0.00000002     0.00000003    -0.00000003     0.00000001     0.00000001    -0.00000003   
  44  -0.00000002     0.00000001    -0.00000000    -0.00000001    -0.00000001     0.00000001   
  45  -0.00000000    -0.00000002     0.00000001     0.00000000     0.00000000     0.00000001   
  46  -0.00000002    -0.00000000    -0.00000000    -0.00000000     0.00000001     0.00000002   
  47  -0.00000001    -0.00000001    -0.00000001    -0.00000000     0.00000001     0.00000004   
  48   0.00000001     0.00000000    -0.00000001    -0.00000000     0.00000001    -0.00000000   
  49  -0.00000001    -0.00000000     0.00000001    -0.00000000     0.00000000     0.00000002   
  50   0.00000002    -0.00000003    -0.00000001     0.00000000     0.00000000     0.00000001   
  51   0.00000000     0.00000003     0.00000000     0.00000000    -0.00000000    -0.00000003   
  52   0.00000001     0.00000002     0.00000001     0.00000001    -0.00000001    -0.00000003   
  53  -0.00000001    -0.00000003     0.00000001    -0.00000000     0.00000000    -0.00000000   
  54   0.00000000     0.00000001    -0.00000000     0.00000000     0.00000001     0.00000001   
  55   0.00000000     0.00000000     0.00000001     0.00000001     0.00000000    -0.00000000   
  56  -0.00000000     0.00000001    -0.00000001    -0.00000000    -0.00000001    -0.00000000   
  57   0.00000001     0.00000000    -0.00000000    -0.00000000     0.00000001     0.00000001   
  58   0.00000001     0.00000000     0.00000001    -0.00000000     0.00000001    -0.00000000   
  59  -0.00000001    -0.00000001     0.00000001    -0.00000000    -0.00000001    -0.00000001   
  60   0.00000000    -0.00000000    -0.00000000    -0.00000001     0.00000000     0.00000001   
           25             26             27             28             29             30       
   1   0.00000000    -0.00000000    -0.00000000    -0.00000000     0.00000000    -0.00000000   
   2  -0.00000000     0.00000000     0.00000000    -0.00000000    -0.00000000     0.00000000   
   3   0.00000000    -0.00000000     0.00000000     0.00000000     0.00000000     0.00000000   
   4  -0.00000000    -0.00000000    -0.00000000     0.00000000     0.00000000    -0.00000000   
   5  -0.00000000     0.00000000    -0.00000000     0.00000000    -0.00000000     0.00000000   
   6   0.00000000    -0.00000000    -0.00000000    -0.00000000     0.00000000    -0.00000000   
   7  -0.00000000    -0.00000000     0.00000000    -0.00000000     0.00000000    -0.00000000   
   8  -0.00000000     0.00000000    -0.00000000     0.00000000    -0.00000000     0.00000000   
   9   0.00000000    -0.00000000    -0.00000000    -0.00000000     0.00000000    -0.00000000   
  10  -0.00000000     0.00000000    -0.00000000    -0.00000000     0.00000000    -0.00000000   
  11  -0.00000000     0.00000000     0.00000000     0.00000000    -0.00000000     0.00000000   
  12   0.00000000    -0.00000000    -0.00000000    -0.00000000     0.00000000     0.00000000   
  13   0.00000000    -0.00000000     0.00000000     0.00000000     0.00000000     0.00000000   
  14   0.00000000    -0.00000000    -0.00000000     0.00000000    -0.00000000     0.00000000   
  15   0.00000000     0.00000000     0.00000000     0.00000000    -0.00000000     0.00000000   
  16   0.00000000    -0.00000000    -0.00000000     0.00000000     0.00000000    -0.00000000   
  17   0.00000000     0.00000000    -0.00000000     0.00000000    -0.00000000     0.00000000   
  18  -0.00000000    -0.00000000     0.00000000    -0.00000000    -0.00000000    -0.00000000   
  19   0.00000000     0.00000000     0.00000000     0.00000000     0.00000000     0.00000000   
  20   0.00000000     0.00000000     0.00000000    -0.00000000     0.00000000    -0.00000000   
  21  -0.00000000    -0.00000000    -0.00000000    -0.00000000    -0.00000000     0.00000000   
  22  -0.00000000    -0.00000000    -0.00000000     0.00000000    -0.00000000    -0.00000000   
  23  -0.00000000    -0.00000000    -0.00000000    -0.00000000    -0.00000000    -0.00000000   
  24  -0.00000000    -0.00000000    -0.00000000    -0.00000000    -0.00000000     0.00000000   
  25  -0.62194987     0.00000000    -0.00000000     0.00000000     0.00000000     0.00000000   
  26   0.00000000     0.00464321     0.00000000     0.00000000     0.00000000    -0.00000000   
  27  -0.00000000     0.00000000     0.66392324     0.00000000     0.00000000     0.00000000   
  28   0.00000000     0.00000000    -0.00000000     1.23871628     0.00000000    -0.00000000   
  29   0.00000000     0.00000000     0.00000000     0.00000000     1.32960643    -0.00000000   
  30   0.00000000    -0.00000000     0.00000000    -0.00000000    -0.00000000     1.33103929   
  31  -0.00000000    -0.00000000     0.00000000     0.00000000    -0.00000000     0.00000000   
  32  -0.00000000     0.00000000    -0.00000000    -0.00000000    -0.00000000    -0.00000000   
  33   0.00000000    -0.00000000    -0.00000000    -0.00000000    -0.00000000     0.00000000   
  34   0.00000000     0.00000000    -0.00000000    -0.00000000     0.00000000    -0.00000000   
  35  -0.00000000     0.00000000    -0.00000000     0.00000000     0.00000000    -0.00000000   
  36   0.00000000     0.00000000    -0.00000000    -0.00000000     0.00000000    -0.00000000   
  37   0.00000000     0.00000000     0.00000000    -0.00000000    -0.00000000     0.00000000   
  38   0.00003202     0.73210236    -0.73212853    -0.35144310    -0.00003059     0.00001590   
  39  -0.00001465     0.73121017     0.73313434    -0.35113283    -0.00001764    -0.00000403   
  40   0.00000030    -0.00000000     0.00000002    -0.00000001     0.00000006     0.00000001   
  41   0.00000001    -0.00000004    -0.00000016     0.00000001     0.00000001     0.00000000   
  42   0.00000004    -0.00000001     0.00000002    -0.00000000     0.00000001     0.00000005   
  43   0.00000004     0.00000004     0.00000003    -0.00000000    -0.00000001     0.00000001   
  44  -0.00000005     0.00000000    -0.00000001     0.00000003    -0.00000000    -0.00000001   
  45  -0.00000001    -0.00000000    -0.00000005     0.00000002     0.00000000     0.00000001   
  46   0.00000002     0.00000004     0.00000001     0.00000001     0.00000001     0.00000000   
  47   0.00000003    -0.00000001    -0.00000003     0.00000006    -0.00000000     0.00000001   
  48  -0.00000004     0.00000001     0.00000002    -0.00000000     0.00000001    -0.00000001   
  49   0.00000003    -0.00000001    -0.00000003     0.00000003    -0.00000000     0.00000000   
  50   0.00000002     0.00000003    -0.00000004    -0.00000007    -0.00000000    -0.00000000   
  51  -0.00000009    -0.00000000     0.00000005    -0.00000000     0.00000001    -0.00000001   
  52  -0.00000000     0.00000000     0.00000001     0.00000002    -0.00000000     0.00000002   
  53  -0.00000012    -0.00000003    -0.00000003    -0.00000001     0.00000003     0.00000001   
  54   0.00000003     0.00000002     0.00000002     0.00000001    -0.00000001     0.00000002   
  55   0.00000000    -0.00000001     0.00000000    -0.00000001     0.00000000     0.00000000   
  56  -0.00000002     0.00000000    -0.00000001     0.00000000     0.00000000    -0.00000000   
  57  -0.00000001     0.00000002    -0.00000000    -0.00000001    -0.00000001     0.00000002   
  58  -0.00000001    -0.00000002    -0.00000001    -0.00000002     0.00000001    -0.00000002   
  59   0.00000004     0.00000001    -0.00000004    -0.00000000     0.00000000     0.00000001   
  60  -0.00000000    -0.00000000     0.00000000    -0.00000002     0.00000000    -0.00000001   
           31             32             33             34             35             36       
   1   0.00000000     0.00000000    -0.00000000     0.00000000     0.00000000    -0.00000000   
   2  -0.00000000    -0.00000000     0.00000000    -0.00000000     0.00000000    -0.00000000   
   3  -0.00000000     0.00000000     0.00000000    -0.00000000    -0.00000000     0.00000000   
   4  -0.00000000    -0.00000000     0.00000000    -0.00000000     0.00000000    -0.00000000   
   5   0.00000000     0.00000000    -0.00000000    -0.00000000     0.00000000    -0.00000000   
   6  -0.00000000    -0.00000000     0.00000000    -0.00000000    -0.00000000    -0.00000000   
   7  -0.00000000    -0.00000000     0.00000000     0.00000000    -0.00000000     0.00000000   
   8   0.00000000    -0.00000000     0.00000000    -0.00000000     0.00000000    -0.00000000   
   9   0.00000000    -0.00000000    -0.00000000    -0.00000000    -0.00000000     0.00000000   
  10  -0.00000000    -0.00000000     0.00000000    -0.00000000     0.00000000     0.00000000   
  11  -0.00000000     0.00000000    -0.00000000    -0.00000000     0.00000000    -0.00000000   
  12   0.00000000     0.00000000     0.00000000     0.00000000     0.00000000     0.00000000   
  13   0.00000000    -0.00000000     0.00000000    -0.00000000    -0.00000000    -0.00000000   
  14  -0.00000000     0.00000000     0.00000000     0.00000000    -0.00000000     0.00000000   
  15   0.00000000    -0.00000000    -0.00000000    -0.00000000     0.00000000    -0.00000000   
  16  -0.00000000     0.00000000     0.00000000     0.00000000     0.00000000    -0.00000000   
  17   0.00000000    -0.00000000     0.00000000    -0.00000000    -0.00000000     0.00000000   
  18   0.00000000    -0.00000000     0.00000000     0.00000000     0.00000000     0.00000000   
  19   0.00000000     0.00000000    -0.00000000    -0.00000000    -0.00000000     0.00000000   
  20  -0.00000000     0.00000000     0.00000000     0.00000000     0.00000000    -0.00000000   
  21  -0.00000000     0.00000000    -0.00000000     0.00000000     0.00000000    -0.00000000   
  22  -0.00000000    -0.00000000     0.00000000     0.00000000     0.00000000    -0.00000000   
  23   0.00000000    -0.00000000    -0.00000000    -0.00000000     0.00000000    -0.00000000   
  24  -0.00000000     0.00000000     0.00000000     0.00000000    -0.00000000     0.00000000   
  25  -0.00000000    -0.00000000     0.00000000     0.00000000    -0.00000000     0.00000000   
  26  -0.00000000     0.00000000    -0.00000000     0.00000000     0.00000000     0.00000000   
  27   0.00000000    -0.00000000    -0.00000000    -0.00000000    -0.00000000    -0.00000000   
  28   0.00000000    -0.00000000    -0.00000000    -0.00000000     0.00000000    -0.00000000   
  29  -0.00000000    -0.00000000    -0.00000000     0.00000000     0.00000000     0.00000000   
  30   0.00000000    -0.00000000     0.00000000    -0.00000000    -0.00000000    -0.00000000   
  31   1.51255493     0.00000000    -0.00000000     0.00000000    -0.00000000    -0.00000000   
  32   0.00000000     1.51298940    -0.00000000     0.00000000     0.00000000     0.00000000   
  33  -0.00000000    -0.00000000     1.51417098    -0.00000000    -0.00000000     0.00000000   
  34   0.00000000     0.00000000    -0.00000000     1.51418735     0.00000000     0.00000000   
  35  -0.00000000     0.00000000    -0.00000000     0.00000000     1.59338522     0.00000000   
  36  -0.00000000     0.00000000     0.00000000     0.00000000     0.00000000     1.68589634   
  37  -0.00000000    -0.00000000    -0.00000000     0.00000000    -0.00000000    -0.00000000   
  38   0.00056142     0.00702181    -0.00005905    -0.00002445     0.03660175    -0.00001147   
  39  -0.00030951     0.00703130    -0.00004859    -0.00002269    -0.03658515     0.00000236   
  40   0.00000002     0.00000002     0.00000000    -0.00000000     0.00000002    -0.00000001   
  41  -0.00000003     0.00000000    -0.00000000    -0.00000001    -0.00000015     0.00000003   
  42  -0.00000001    -0.00000002     0.00000001    -0.00000002    -0.00000001     0.00000000   
  43   0.00000001     0.00000005    -0.00000009     0.00000001    -0.00000000    -0.00000002   
  44   0.00000004    -0.00000006     0.00000001     0.00000000     0.00000003    -0.00000001   
  45  -0.00000001     0.00000001     0.00000001     0.00000001    -0.00000002    -0.00000001   
  46   0.00000000    -0.00000001     0.00000000    -0.00000001    -0.00000002     0.00000001   
  47  -0.00000001     0.00000000    -0.00000001     0.00000001     0.00000004    -0.00000001   
  48  -0.00000000     0.00000001    -0.00000000     0.00000000     0.00000001     0.00000005   
  49   0.00000003     0.00000001     0.00000001     0.00000000     0.00000003     0.00000002   
  50   0.00000001     0.00000000    -0.00000001     0.00000000     0.00000001    -0.00000001   
  51   0.00000005     0.00000004    -0.00000005    -0.00000007    -0.00000005     0.00000004   
  52   0.00000005     0.00000001    -0.00000002     0.00000006     0.00000002     0.00000002   
  53  -0.00000004    -0.00000002     0.00000002     0.00000003     0.00000005    -0.00000002   
  54  -0.00000000    -0.00000002     0.00000001     0.00000001     0.00000002    -0.00000001   
  55   0.00000000     0.00000000    -0.00000000    -0.00000000    -0.00000001    -0.00000000   
  56  -0.00000001     0.00000001     0.00000001    -0.00000002     0.00000002     0.00000001   
  57  -0.00000001    -0.00000000     0.00000000     0.00000001     0.00000002    -0.00000000   
  58  -0.00000000     0.00000001    -0.00000001    -0.00000001    -0.00000002    -0.00000002   
  59  -0.00000002    -0.00000001     0.00000000     0.00000001     0.00000003     0.00000002   
  60  -0.00000001     0.00000000    -0.00000001    -0.00000001    -0.00000000    -0.00000000   
           37             38             39       
   1   0.00000000    -0.22132496    -0.21947937   
   2  -0.00000000    -0.21543304     0.21730679   
   3   0.00000000    -0.00000464     0.00000004   
   4   0.00000000     0.00000008     0.00003128   
   5   0.00000000     0.09845950     0.09862660   
   6  -0.00000000     0.11478196    -0.11447600   
   7   0.00000000    -0.00000405    -0.00000186   
   8  -0.00000000     0.00000556     0.00000295   
   9   0.00000000    -0.12298018    -0.12301676   
  10   0.00000000    -0.06810678     0.06810386   
  11   0.00000000     0.01217443     0.01223344   
  12   0.00000000    -0.00244411    -0.00204695   
  13  -0.00000000    -0.01207512    -0.01224929   
  14   0.00000000     0.13236594    -0.13247368   
  15   0.00000000    -0.10058535    -0.10045135   
  16   0.00000000     0.00003467     0.00002463   
  17  -0.00000000    -0.00016180     0.00000515   
  18   0.00000000     0.02183154    -0.02182261   
  19  -0.00000000     0.09554279     0.09544608   
  20  -0.00000000    -0.47974969     0.48001460   
  21   0.00000000    -0.44046368    -0.44014458   
  22   0.00000000     0.00000008    -0.00000120   
  23  -0.00000000    -0.00001166    -0.00000000   
  24  -0.00000000     0.33844423    -0.33846820   
  25   0.00000000     0.00003203    -0.00001459   
  26   0.00000000     0.73210235     0.73121023   
  27   0.00000000    -0.73212848     0.73313434   
  28  -0.00000000    -0.35144304    -0.35113286   
  29  -0.00000000    -0.00003060    -0.00001766   
  30   0.00000000     0.00001587    -0.00000399   
  31  -0.00000000     0.00056143    -0.00030950   
  32  -0.00000000     0.00702178     0.00703135   
  33  -0.00000000    -0.00005907    -0.00004860   
  34   0.00000000    -0.00002449    -0.00002270   
  35  -0.00000000     0.03660175    -0.03658513   
  36  -0.00000000    -0.00001147     0.00000237   
  37   1.68591165    -0.00000251    -0.00001918   
  38  -0.00000249     0.69957444    -0.01181030   
  39  -0.00001922    -0.01181041     0.69936818   
  40   0.00000001    -0.00000002     0.00000004   
  41  -0.00000002     0.00000006     0.00000001   
  42  -0.00000000     0.00000001    -0.00000001   
  43  -0.00000001     0.00000001     0.00000004   
  44  -0.00000000     0.00000001    -0.00000001   
  45  -0.00000000     0.00000003     0.00000001   
  46   0.00000001    -0.00000000     0.00000001   
  47  -0.00000005     0.00000001    -0.00000004   
  48   0.00000001     0.00000002     0.00000003   
  49  -0.00000006     0.00000002    -0.00000003   
  50   0.00000000     0.00000003     0.00000001   
  51   0.00000003     0.00000001    -0.00000007   
  52  -0.00000001    -0.00000002     0.00000002   
  53  -0.00000004    -0.00000005     0.00000007   
  54  -0.00000000    -0.00000003     0.00000001   
  55  -0.00000001    -0.00000001    -0.00000003   
  56   0.00000000     0.00000000    -0.00000001   
  57  -0.00000000     0.00000001     0.00000001   
  58   0.00000002     0.00000002    -0.00000001   
  59  -0.00000002    -0.00000002     0.00000003   
  60  -0.00000000    -0.00000000     0.00000002   

[[ 0.090249  0.077573 -0.00008  ... -0.003481 -0.164297  0.186808]
 [ 0.078381  0.068879  0.000003 ... -0.014706  0.170076 -0.17439 ]
 [ 0.090248  0.077572  0.000087 ... -0.003481 -0.164297  0.186808]
 ...
 [ 0.169939  0.170982 -0.253773 ... -0.056187  0.048722 -0.013492]
 [ 0.085365 -0.074358  0.000001 ...  0.000126  0.046572  0.051529]
 [ 0.085361 -0.074355 -0.       ...  0.000126  0.046571  0.051528]]
 Saved MO coefficients to FCIDUMP/FCIDUMP_AO_TTM-Ph-TTM_core_mo_coeff.npy
===============================================
 Testing CSF optimisation with random coefficients
===============================================

************************************************
 Testing random coefficient initial guess method, Trial 0
************************************************

  Initializing L-BFGS optimisation...
    > Num. MOs       =     60
    > Num. params    =    893
    > Max subspace   =     20
    > Max step size   =  0.500
    > Backtracking   =  0.100
    > Parallel tr.   = True
    > Pseudo-canon.  = True
    > Canon interval = 10
    > Hybrid prec.   = True
  ================================================================
           Energy / Eh     Step Len    Max(|G_i|)
  ================================================================
     0   456.1635530782                 7.40e+00
     1   441.9964244491    5.00e-01     7.34e+00    rescaled  
     2   429.3730033761    5.00e-01     7.74e+00    rescaled  
     3   408.7434604344    5.00e-01     7.47e+00    rescaled  
     4   389.4561560205    5.00e-01     6.98e+00    rescaled  
     5   368.0442587192    5.00e-01     6.31e+00    rescaled  
     6   350.4731473614    5.00e-01     5.92e+00    rescaled  
     7   329.8387884717    5.00e-01     5.81e+00    rescaled  
     8   314.7738037529    5.00e-01     6.62e+00    rescaled  
     9   303.2912452938    5.00e-01     7.14e+00    rescaled  
    10   282.1652391507    5.00e-01     8.91e+00    rescaled  
    11   272.2230755514    5.00e-01     8.63e+00    rescaled  
    12   266.1491449806    5.00e-01     6.94e+00    rescaled  
    13   261.8242008660    5.00e-01     6.05e+00    rescaled  
    14   256.7718248887    5.00e-01     5.18e+00    rescaled  
    15   253.2148045401    5.00e-01     5.63e+00    rescaled  
    16   245.7216185948    5.00e-01     4.57e+00    rescaled  
    17   242.2973292933    5.00e-01     4.28e+00    rescaled  
    18   238.9857225163    5.00e-01     2.48e+00    rescaled  
    19   237.4604203856    5.00e-01     1.85e+00    rescaled  
    20   237.7841711091    3.71e-01     6.00e+00              
    21   237.1997221921    3.22e-01     5.23e+00    overstep  
    22   237.9718241859    2.96e-01     1.77e+00              
    23   236.7312699834    2.29e-01     1.33e+00    overstep  
    24   238.6273255004    1.61e-01     2.38e+00              
    25   236.1781698741    8.80e-02     1.75e+00    overstep  
    26   236.0503832264    3.04e-01     1.12e+00              
    27   235.5059215512    1.06e-01     6.12e-01              
    28   235.6636718250    7.60e-02     8.41e-01              
    29   235.4235804598    5.48e-02     4.40e-01    overstep  
    30   235.3285501447    5.15e-02     3.47e-01              
    31   235.2979344165    3.56e-02     2.32e-01              
    32   235.2704861012    1.60e-02     1.26e-01              
    33   235.2635631564    1.72e-02     6.21e-02              
    34   235.2602772370    7.01e-03     3.27e-02              
    35   235.2598841885    2.22e-03     1.81e-02              
    36   235.2596623944    1.23e-03     1.04e-02              
    37   235.2595668594    1.04e-03     4.99e-03              
    38   235.2595466140    3.97e-04     1.30e-03              
    39   235.2595448811    1.17e-04     4.89e-04              
    40   235.2595447039    3.75e-05     1.17e-04              
    41   235.2595446891    1.32e-05     3.31e-05              
    42   235.2595446882    2.29e-06     1.16e-05              
    43   235.2595446881    7.48e-07     2.17e-06              
    44   235.2595446881    2.25e-07     5.03e-07              
  ================================================================
  L-BFGS converged in     44 iterations (  3.34 seconds)

  Initializing Davidson diagonalisation...
    > Max iterations =   1000
    > Target states  =      5
    > Convergence    =  1.000e-04
    > Basis per root =      4
    > Max basis size =     20
  Davidson diagonalisation converged in     32 iterations (  4.88 seconds)

   --------------------------
    Converged eigenvalues:   
   --------------------------
       0        6.80630502   
       1        6.82735186   
       2        7.04656081   
       3        7.05168053   
       4        7.36031028   
   --------------------------

 ---------------------------------------------
         Total Energy =   235.25954469 Eh
              Nuclear =  5151.81221337 Eh
         One Electron = -9722.71478666 Eh
              Coulomb =  5089.50905471 Eh
        ROHF Exchange =  -283.34693672 Eh
 ---------------------------------------------
           <Sz> =  1.00
           <S2> =  2.00
  Spin Coupling = ++

 -----------------------------------------------------------------------------------------------
  Open-Shell Exchange Matrix <Ψ|Êpq Êqp|Ψ> - Np
 -----------------------------------------------------------------------------------------------
           1              2        
   1   0.00000000    -1.00000000   
   2  -1.00000000     0.00000000   

 -----------------------------------------------------------------------------------------------
  Open-Shell Exchange Integrals <pq|qp>
 -----------------------------------------------------------------------------------------------
           1              2        
   1   3.67375352     3.02044591   
   2   3.02044591     3.67718232   

 -----------------------------------------------------------------------------------------------
  Occupied Orbital Coefficients
 -----------------------------------------------------------------------------------------------
           1              2              3              4              5              6        
   1   0.09024626    -0.07757372    -0.00008034     0.00000197     0.27056033     0.28237041   
   2   0.07837939    -0.06887951     0.00000264     0.00000155     0.20797343     0.21854809   
   3   0.09024596    -0.07757349     0.00008665     0.00000222     0.27055917     0.28236920   
   4   0.05388009    -0.04443771     0.00003538     0.00000154     0.17129185     0.17184745   
   5   0.04797948    -0.03679168     0.00000168     0.00000170     0.16328047     0.15187219   
   6   0.05388028    -0.04443787    -0.00003160     0.00000146     0.17129251     0.17184812   
   7   0.05261897     0.05220880    -0.00000001     0.00000731     0.02105249    -0.02471757   
   8   0.13829440     0.14102533     0.00027841    -0.18462861    -0.03385056     0.02660001   
   9   0.17533220     0.17921114     0.00038276    -0.25382944    -0.05266227     0.04378295   
  10   0.12922592     0.13228398     0.00029635    -0.19652684    -0.04374187     0.03741556   
  11   0.16677462     0.17089415     0.00039517    -0.26206197    -0.06091210     0.05297024   
  12   0.12841969     0.13145892     0.00029435    -0.19520272    -0.04348480     0.03720012   
  13   0.17346808     0.17730506     0.00037821    -0.25080934    -0.05210001     0.04331822   
  14   0.13826584     0.14099538    -0.00027876     0.18467152    -0.03385526     0.02660271   
  15   0.17343202     0.17726716    -0.00037868     0.25086659    -0.05210672     0.04332206   
  16   0.12839054     0.13142830    -0.00029471     0.19524332    -0.04348945     0.03720258   
  17   0.16673471     0.17085224    -0.00039564     0.26211316    -0.06091784     0.05297306   
  18   0.12919495     0.13225150    -0.00029670     0.19656528    -0.04374606     0.03741762   
  19   0.17529037     0.17916733    -0.00038323     0.25387945    -0.05266743     0.04378547   
  20   0.05306139    -0.05176582     0.00000128    -0.00000000     0.02102060     0.02478770   
  21   0.13947451    -0.13984702     0.18464567     0.00027778    -0.03379139    -0.02667057   
  22   0.17682800    -0.17771341     0.25384525     0.00038189    -0.05257001    -0.04389886   
  23   0.13032894    -0.13117899     0.19653637     0.00029568    -0.04366516    -0.03751448   
  24   0.16819829    -0.16946678     0.26207185     0.00039427    -0.06080506    -0.05311006   
  25   0.12951747    -0.13036247     0.19521460     0.00029369    -0.04340903    -0.03729888   
  26   0.17495045    -0.17582575     0.25082835     0.00037735    -0.05200933    -0.04343337   
  27   0.13945907    -0.13983167    -0.18465981    -0.00027938    -0.03378512    -0.02666567   
  28   0.17493207    -0.17580746    -0.25084988    -0.00037953    -0.05200051    -0.04342626   
  29   0.12950495    -0.13035001    -0.19523342    -0.00029539    -0.04340229    -0.03729337   
  30   0.16818465    -0.16945324    -0.26210142    -0.00039656    -0.06079670    -0.05310317   
  31   0.13031575    -0.13116586    -0.19655436    -0.00029739    -0.04365815    -0.03750873   
  32   0.17680968    -0.17769517    -0.25386726    -0.00038409    -0.05256113    -0.04389168   
  33   0.05350970     0.04489534     0.00000031    -0.00002271     0.17167962    -0.17148049   
  34   0.08959025     0.07833198     0.00000047    -0.00006550     0.27117186    -0.28176538   
  35   0.07779057     0.06953214     0.00000025     0.00001497     0.20844000    -0.21807556   
  36   0.08958758     0.07832961     0.00000021     0.00010133     0.27116299    -0.28175576   
  37   0.05350901     0.04489470     0.00000019     0.00004422     0.17167736    -0.17147786   
  38   0.04768270     0.03720789     0.00000028     0.00000955     0.16365420    -0.15155285   
  39   0.01957145     0.00411509     0.00000046     0.00000285     0.07096689    -0.01545469   
  40   0.01960047    -0.00393340     0.00000056     0.00000206     0.07091744     0.01554536   
  41   0.02784715    -0.01326222     0.00000084     0.00000194     0.10075243     0.05412682   
  42   0.01960032    -0.00393333     0.00000041     0.00000182     0.07091698     0.01554512   
  43   0.01957120     0.00411489     0.00000022     0.00000270     0.07096604    -0.01545392   
  44   0.02775215     0.01352085     0.00000033     0.00000476     0.10092822    -0.05400039   
  45   0.08598773    -0.07362796    -0.00028357     0.00000166     0.27899112     0.29411750   
  46   0.08598735    -0.07362764     0.00028978     0.00000256     0.27898955     0.29411586   
  47   0.16851229     0.17244627     0.00038261    -0.25373663    -0.05536539     0.04696346   
  48   0.16369328     0.16776349     0.00039061    -0.25902706    -0.06078364     0.05309837   
  49   0.16522327     0.16909021     0.00037423    -0.24817933    -0.05454150     0.04631692   
  50   0.16518942     0.16905457    -0.00037470     0.24823658    -0.05454856     0.04632104   
  51   0.16365306     0.16772128    -0.00039108     0.25907599    -0.06078898     0.05310085   
  52   0.16847012     0.17240210    -0.00038307     0.25378362    -0.05537018     0.04696563   
  53   0.16994955    -0.17100470     0.25374839     0.00038175    -0.05526793    -0.04708732   
  54   0.16508797    -0.16635958     0.25903228     0.00038968    -0.06067604    -0.05323786   
  55   0.16663479    -0.16767901     0.24819406     0.00037340    -0.05444603    -0.04643951   
  56   0.16661843    -0.16766272    -0.24821722    -0.00037556    -0.05443730    -0.04643235   
  57   0.16507765    -0.16634938    -0.25906637    -0.00039195    -0.06066884    -0.05323197   
  58   0.16993329    -0.17098852    -0.25377259    -0.00038396    -0.05525916    -0.04708014   
  59   0.08536763     0.07435289     0.00000076    -0.00026885     0.27962442    -0.29349034   
  60   0.08536369     0.07434940    -0.00000007     0.00030408     0.27961113    -0.29347596   
           7              8              9              10             11             12       
   1   0.29048382    -0.19744749    -0.05436944    -0.00228485     0.02621402    -0.00769451   
   2  -0.00000446    -0.00000469    -0.05353760     0.00174810     0.02164747    -0.00462731   
   3  -0.29049262     0.19743652    -0.05437435    -0.00226489     0.02253218    -0.00269995   
   4  -0.12696387     0.08629040     0.03237435    -0.00266364    -0.01318484     0.00375082   
   5   0.00000721     0.00001134     0.12125678    -0.00356274    -0.04965112     0.01061198   
   6   0.12696669    -0.08628476     0.03237667    -0.00267243    -0.01156177     0.00154899   
   7  -0.00000026    -0.00000043    -0.02391335    -0.01290498     0.00243828    -0.00048084   
   8  -0.00034843    -0.00051283    -0.04973518    -0.04114801    -0.01746446    -0.01680912   
   9  -0.00164039    -0.00241419    -0.11775637    -0.19982754    -0.25872789    -0.17392766   
  10  -0.00033273    -0.00048961    -0.00203430    -0.04423491    -0.09133004    -0.05650853   
  11   0.00083045     0.00122241     0.11262732     0.09711139     0.04715960     0.04296566   
  12   0.00077864     0.00114591     0.05424318     0.08871581     0.11290894     0.07612967   
  13   0.00094891     0.00139627     0.01288589     0.10846078     0.21464994     0.13351353   
  14   0.00034778     0.00051181    -0.04968842    -0.04099479     0.01050575     0.01854894   
  15  -0.00094907    -0.00139655     0.01267763     0.10747629    -0.02859737    -0.17425352   
  16  -0.00077809    -0.00114505     0.05410348     0.08812276    -0.02315538    -0.09599095   
  17  -0.00082901    -0.00122015     0.11251088     0.09672137    -0.02502943    -0.04829397   
  18   0.00033292     0.00048992    -0.00194587    -0.04381862     0.01175505     0.07392068   
  19   0.00163938     0.00241265    -0.11743628    -0.19847445     0.05234103     0.21957751   
  20  -0.00000104    -0.00000096    -0.02390744     0.01290535     0.00242643    -0.00055659   
  21  -0.00051326     0.00034759    -0.04967964     0.04101221     0.00845634    -0.01561150   
  22  -0.00241320     0.00163942    -0.11748668     0.19848692     0.02977633    -0.15905820   
  23  -0.00048883     0.00033302    -0.00197485     0.04380489     0.00429639    -0.05144784   
  24   0.00122319    -0.00082884     0.11249617    -0.09676840    -0.01974955     0.03982310   
  25   0.00114564    -0.00077806     0.05412671    -0.08813094    -0.01328484     0.06963299   
  26   0.00139478    -0.00094915     0.01274533    -0.10744604    -0.01099423     0.12159350   
  27   0.00051193    -0.00034948    -0.04973926     0.04117275    -0.01548300     0.01686801   
  28  -0.00139626     0.00094826     0.01289543    -0.10845483     0.19695807    -0.16061428   
  29  -0.00114507     0.00077940     0.05425263    -0.08873898     0.10306609    -0.08825707   
  30  -0.00122039     0.00083284     0.11263875    -0.09717061     0.04203330    -0.04400318   
  31   0.00048981    -0.00033231    -0.00204127     0.04423427    -0.08383205     0.06814972   
  32   0.00241268    -0.00164181    -0.11778330     0.19988540    -0.23622757     0.20191165   
  33  -0.08629713    -0.12694610     0.03241638     0.00268805    -0.01144353     0.00383791   
  34  -0.19744605    -0.29048240    -0.05440681     0.00224644     0.02654030    -0.00249130   
  35  -0.00000128    -0.00000207    -0.05359111    -0.00177841     0.02167180    -0.00462172   
  36   0.19744565     0.29048137    -0.05446262     0.00222810     0.02225396    -0.00794096   
  37   0.08630840     0.12696287     0.03239264     0.00267999    -0.01333350     0.00143551   
  38   0.00001220     0.00001837     0.12138142     0.00363261    -0.04970770     0.01060193   
  39  -0.00002940    -0.00060661     0.27647372     0.00038984    -0.11729276     0.02504648   
  40   0.00029578    -0.00054519     0.27644813    -0.00021984    -0.11728192     0.02504144   
  41   0.00001910     0.00002931     0.29760023    -0.00119879    -0.12578517     0.02686064   
  42  -0.00025951     0.00060069     0.27644761    -0.00021982    -0.11729351     0.02504526   
  43   0.00006708     0.00066410     0.27647192     0.00038980    -0.11730435     0.02504109   
  44   0.00002132     0.00003244     0.29768607     0.00138127    -0.12582251     0.02686067   
  45   0.49137367    -0.33400794    -0.09271126    -0.00592166     0.04599955    -0.01323472   
  46  -0.49138842     0.33398952    -0.09271942    -0.00588910     0.03999653    -0.00509139   
  47  -0.00282934    -0.00416402    -0.19959976    -0.34323985    -0.44727850    -0.30028029   
  48   0.00128519     0.00189186     0.18757881     0.16294444     0.07999421     0.07260474   
  49   0.00176735     0.00260052     0.02479218     0.18578387     0.36457746     0.22690696   
  50  -0.00176752    -0.00260085     0.02444003     0.18411474    -0.04876554    -0.29607600   
  51  -0.00128290    -0.00188826     0.18738049     0.16228378    -0.04207594    -0.08171346   
  52   0.00282774     0.00416156    -0.19904822    -0.34090402     0.08993636     0.37930204   
  53  -0.00416208     0.00282783    -0.19913437     0.34092308     0.05096872    -0.27458955   
  54   0.00189295    -0.00128262     0.18735523    -0.16236212    -0.03314877     0.06728351   
  55   0.00259813    -0.00176757     0.02455295    -0.18405883    -0.01885075     0.20665839   
  56  -0.00260046     0.00176646     0.02480670    -0.18577264     0.33451424    -0.27288515   
  57  -0.00188856     0.00128897     0.18760019    -0.16304555     0.07132497    -0.07446528   
  58   0.00416144    -0.00283157    -0.19964725     0.34333932    -0.40841830     0.34880290   
  59  -0.33399595    -0.49139187    -0.09277947     0.00585265     0.04653275    -0.00476487   
  60   0.33399014     0.49138259    -0.09287520     0.00582277     0.03954589    -0.01365071   
           13             14             15             16             17             18       
   1  -0.02578017     0.00412764    -0.03624383     0.00012833    -0.00084422     0.00948043   
   2  -0.02473188    -0.00345788    -0.02615026    -0.00000263     0.00000584    -0.00003822   
   3  -0.02992664     0.00412767    -0.03624399    -0.00013745     0.00087776     0.00947977   
   4   0.01321974     0.00487477     0.01323143    -0.00005828     0.00038486    -0.23232466   
   5   0.05672715     0.00660232     0.06235792     0.00000664    -0.00001635    -0.38769607   
   6   0.01504779     0.00487476     0.01323159     0.00006051    -0.00038554    -0.23232492   
   7  -0.00278148     0.02533209     0.01894011     0.00000467     0.00000079     0.00329005   
   8  -0.00489231     0.08028723     0.07500294    -0.11546190    -0.01779101    -0.00026858   
   9   0.01934288     0.00676673     0.02687729    -0.08636978    -0.01330905    -0.00045931   
  10   0.01280312    -0.07507200    -0.06189345     0.07921302     0.01220528    -0.00000345   
  11   0.01024452    -0.18008580    -0.16976141     0.26952172     0.04152941     0.00028262   
  12  -0.00816281    -0.00427619    -0.01218910     0.03319445     0.00511509    -0.00003780   
  13  -0.02923019     0.17048183     0.14173869    -0.19243851    -0.02965130    -0.00051500   
  14   0.01287406     0.08028998     0.07499658     0.11550054     0.01778620    -0.00026857   
  15  -0.18405800     0.17035597     0.14161823     0.19240687     0.02962947    -0.00051498   
  16  -0.09472810    -0.00433760    -0.01223831    -0.03325021    -0.00512015    -0.00003780   
  17  -0.03561264    -0.18009882    -0.16975194    -0.26961464    -0.04151859     0.00028261   
  18   0.07841898    -0.07502137    -0.06184485    -0.07920360    -0.01219687    -0.00000345   
  19   0.21725326     0.00689809     0.02698151     0.08648682     0.01331801    -0.00045929   
  20  -0.00274980    -0.02531332     0.01896690     0.00000481    -0.00003127    -0.00329035   
  21   0.01756223    -0.08014034     0.07501488     0.01780373    -0.11557406     0.00026890   
  22   0.26827724    -0.00664325     0.02682791     0.01331263    -0.08642062     0.00045942   
  23   0.09522777     0.07497915    -0.06192391    -0.01221599     0.07930047     0.00000343   
  24  -0.04768785     0.17974771    -0.16978208    -0.04155768     0.26977433    -0.00028272   
  25  -0.11705203     0.00422751    -0.01217462    -0.00511788     0.03322339     0.00003780   
  26  -0.22373265    -0.17025880     0.14179562     0.02967375    -0.19262827     0.00051513   
  27  -0.00939142    -0.08025525     0.07514981    -0.01777184     0.11537822     0.00026890   
  28   0.01053489    -0.17048563     0.14206784    -0.02962679     0.19234094     0.00051509   
  29   0.01400872     0.00424377    -0.01219125     0.00510665    -0.03315413     0.00003780   
  30   0.02187964     0.18001216    -0.17009293     0.04148481    -0.26932735    -0.00028269   
  31  -0.00405345     0.07506887    -0.06203287     0.01219430    -0.07916692     0.00000343   
  32  -0.03135333    -0.00669812     0.02688502    -0.01328941     0.08627931     0.00045938   
  33   0.01476333    -0.00483512     0.01326164     0.00038624     0.00005279     0.23237265   
  34  -0.02649691    -0.00420678    -0.03625993     0.00085636     0.00014399    -0.00947878   
  35  -0.02476219     0.00338945    -0.02618571    -0.00000263     0.00001037     0.00004103   
  36  -0.02925870    -0.00421011    -0.03628424    -0.00086551    -0.00012071    -0.00947966   
  37   0.01354619    -0.00483665     0.01325132    -0.00038407    -0.00006574     0.23237585   
  38   0.05679666    -0.00644282     0.06243964     0.00000659    -0.00002467     0.38778231   
  39   0.13403465    -0.00036489     0.15800167     0.00002001    -0.00005739     0.10886001   
  40   0.13402216     0.00074841     0.15798640     0.00001933    -0.00005760    -0.10909788   
  41   0.14372445     0.00255870     0.16819767     0.00001922    -0.00005807    -0.28868416   
  42   0.13401091     0.00074841     0.15798612     0.00001705    -0.00005450    -0.10909740   
  43   0.13402400    -0.00036487     0.15800067     0.00001636    -0.00005614     0.10885300   
  44   0.14376885    -0.00214950     0.16824892     0.00001920    -0.00006109     0.28854188   
  45  -0.04576146     0.01080574    -0.06752303     0.00020327    -0.00133955     0.25924297   
  46  -0.05252213     0.01080588    -0.06752345    -0.00022112     0.00140895     0.25924275   
  47   0.03392653     0.00840165     0.04427580    -0.15267746    -0.02352660     0.00025110   
  48   0.01704034    -0.30437122    -0.28797527     0.46462220     0.07159160     0.00002184   
  49  -0.04947655     0.28879692     0.24092248    -0.33356034    -0.05139566     0.00020334   
  50  -0.31257495     0.28858386     0.24071784     0.33350685     0.05135800     0.00020334   
  51  -0.06050313    -0.30438969    -0.28795558    -0.46477560    -0.07157191     0.00002185   
  52   0.37571705     0.00863019     0.04445719     0.15288133     0.02354208     0.00025108   
  53   0.46382848    -0.00818911     0.04418510     0.02353181    -0.15275974    -0.00025146   
  54  -0.08091880     0.30379179    -0.28800283    -0.07163842     0.46504553    -0.00002180   
  55  -0.37998834    -0.28841277     0.24101301     0.05143293    -0.33387880    -0.00020370   
  56   0.01809135    -0.28880546     0.24148372    -0.05135343     0.33339324    -0.00020370   
  57   0.03671842     0.30425002    -0.28854084     0.07151550    -0.46429250    -0.00002180   
  58  -0.05363060    -0.00828568     0.04428629    -0.02349252     0.15252123    -0.00025146   
  59  -0.04692828    -0.01094843    -0.06754802     0.00136521     0.00023212    -0.25929762   
  60  -0.05143344    -0.01095397    -0.06759000    -0.00138316    -0.00019019    -0.25930558   
           19             20             21             22             23             24       
   1  -0.05464373    -0.03773989    -0.01409347     0.00000175     0.00025159    -0.14291004   
   2  -0.10096124    -0.11539857    -0.07008507    -0.00000013    -0.00000254    -0.31137996   
   3  -0.05464472    -0.03774034    -0.01409363    -0.00000189    -0.00025320    -0.14291184   
   4  -0.26527494     0.00025279     0.04079064    -0.00000160    -0.00020573    -0.07151007   
   5  -0.32645527     0.04128445     0.06833416    -0.00000004     0.00000133     0.06899322   
   6  -0.26527491     0.00025318     0.04079090     0.00000140     0.00020647    -0.07150857   
   7  -0.03450374     0.12831239    -0.11715366     0.00000071    -0.00000001     0.08069090   
   8  -0.01641673     0.19617673    -0.19670381     0.22116488    -0.00158058    -0.00290924   
   9  -0.00356534     0.09175858    -0.09436016     0.13452236    -0.00096136    -0.02281409   
  10  -0.00268615     0.12727977    -0.13406194     0.23548456    -0.00168293    -0.07532600   
  11   0.00018708     0.06021875    -0.06507546     0.13607268    -0.00097248    -0.05665638   
  12  -0.00262957     0.12556449    -0.13225105     0.23300110    -0.00166521    -0.07425540   
  13  -0.00347797     0.08972179    -0.09222728     0.13193827    -0.00094294    -0.02179841   
  14  -0.01641601     0.19616899    -0.19669616    -0.22117369     0.00158000    -0.00290883   
  15  -0.00347783     0.08971807    -0.09222347    -0.13194285     0.00094259    -0.02179680   
  16  -0.00262945     0.12555894    -0.13224527    -0.23300941     0.00166460    -0.07425153   
  17   0.00018707     0.06021642    -0.06507298    -0.13607836     0.00097213    -0.05665389   
  18  -0.00268602     0.12727486    -0.13405686    -0.23549471     0.00168231    -0.07532290   
  19  -0.00356521     0.09175549    -0.09435704    -0.13452880     0.00096101    -0.02281326   
  20  -0.03454190    -0.12824534    -0.11724303    -0.00000001    -0.00000264    -0.08069153   
  21  -0.01643317    -0.19605383    -0.19683309     0.00158027     0.22115384     0.00290949   
  22  -0.00356868    -0.09169842    -0.09441947     0.00096120     0.13451362     0.02281219   
  23  -0.00268870    -0.12719598    -0.13414581     0.00168256     0.23547106     0.07531908   
  24   0.00018726    -0.06017921    -0.06511629     0.00097225     0.13606635     0.05665140   
  25  -0.00263211    -0.12548389    -0.13233595     0.00166481     0.23299124     0.07424965   
  26  -0.00348124    -0.08966407    -0.09228638     0.00094269     0.13193099     0.02179673   
  27  -0.01643145    -0.19603092    -0.19680954    -0.00158039    -0.22118603     0.00291088   
  28  -0.00348094    -0.08965449    -0.09227622    -0.00094277    -0.13195083     0.02179592   
  29  -0.00263189    -0.12546895    -0.13231970    -0.00166491    -0.23302223     0.07424364   
  30   0.00018721    -0.06017128    -0.06510743    -0.00097229    -0.13608238     0.05664578   
  31  -0.00268847    -0.12717944    -0.13412785    -0.00168265    -0.23549954     0.07531172   
  32  -0.00356838    -0.09168750    -0.09440788    -0.00096126    -0.13453179     0.02281040   
  33  -0.26513318    -0.00022470     0.04075974    -0.00020595     0.00000198     0.07159474   
  34  -0.05461665     0.03775816    -0.01406506    -0.00025198     0.00000214     0.14300733   
  35  -0.10089872     0.11543029    -0.06997600     0.00000047     0.00000063     0.31155166   
  36  -0.05461778     0.03775817    -0.01406469     0.00025222    -0.00000143     0.14300785   
  37  -0.26513749    -0.00022532     0.04076099     0.00020581    -0.00000091     0.07159436   
  38  -0.32628711    -0.04126857     0.06826512    -0.00000022     0.00000030    -0.06899840   
  39   0.15077918    -0.02882448    -0.02495905     0.00000526    -0.00000512    -0.15893796   
  40   0.15082621     0.02882648    -0.02495149     0.00000442    -0.00000519     0.15889803   
  41   0.06565401     0.06681434    -0.00423218     0.00000021     0.00000103     0.33352966   
  42   0.15083119     0.02882765    -0.02495360    -0.00000414     0.00000557     0.15894342   
  43   0.15078380    -0.02882127    -0.02496114    -0.00000535     0.00000361    -0.15888100   
  44   0.06553923    -0.06681612    -0.00425003    -0.00000020    -0.00000110    -0.33353487   
  45   0.30336698     0.08182674     0.02216207    -0.00000037    -0.00006930     0.24438209   
  46   0.30336714     0.08182724     0.02216240     0.00000068     0.00007233     0.24438353   
  47   0.01628186    -0.22540772     0.22929476    -0.30428144     0.00217460     0.04757352   
  48   0.00399894    -0.17592638     0.18486936    -0.31954368     0.00228369     0.09885225   
  49   0.01637529    -0.22566696     0.22951855    -0.30427406     0.00217455     0.04722112   
  50   0.01637464    -0.22565764     0.22950913     0.30428473    -0.00217374     0.04721784   
  51   0.00399882    -0.17592100     0.18486380     0.31955941    -0.00228287     0.09884847   
  52   0.01628109    -0.22539779     0.22928480     0.30429252    -0.00217379     0.04757117   
  53   0.01629818     0.22526591     0.22944481    -0.00217415    -0.30426769    -0.04757018   
  54   0.00400284     0.17581440     0.18498902    -0.00228320    -0.31953155    -0.09884489   
  55   0.01639216     0.22552988     0.22967368    -0.00217413    -0.30426610    -0.04721828   
  56   0.01639022     0.22550029     0.22964282     0.00217426     0.30430468    -0.04721502   
  57   0.00400242     0.17578991     0.18496257     0.00228330     0.31956781    -0.09883494   
  58   0.01629632     0.22523611     0.22941367     0.00217426     0.30430495    -0.04756598   
  59   0.30319810    -0.08187031     0.02210713     0.00007048    -0.00000127    -0.24454927   
  60   0.30320341    -0.08186933     0.02210577    -0.00007100    -0.00000029    -0.24454747   
           25             26             27             28             29             30       
   1   0.00226202    -0.13411173    -0.01512466     0.10662739    -0.23555006     0.24329220   
   2  -0.00002505    -0.37937322    -0.13047889     0.24614226    -0.00003197    -0.00001927   
   3  -0.00228373    -0.13411450    -0.01512543     0.10665748     0.23552424    -0.24330746   
   4  -0.00527304     0.10975508     0.12935081    -0.05521140     0.36340832    -0.37526780   
   5   0.00000936     0.24786776     0.12895050    -0.15033651     0.00001959     0.00001339   
   6   0.00526917     0.10975866     0.12935205    -0.05525725    -0.36339127     0.37528281   
   7   0.00000340    -0.16279835     0.15810178    -0.07792308     0.00000395    -0.00000099   
   8   0.00000639    -0.10430189     0.20725719    -0.25006592    -0.00323806    -0.00317366   
   9   0.00000195    -0.00716180     0.04615121    -0.07586413    -0.00014679    -0.00014733   
  10  -0.00000603     0.11430753    -0.14167536     0.13044023     0.00284524     0.00278441   
  11  -0.00000549     0.11096450    -0.15892656     0.16722940     0.00205974     0.00201889   
  12  -0.00000742     0.11298751    -0.14170068     0.13979151     0.00043666     0.00043157   
  13  -0.00000125    -0.00808253     0.04572221    -0.06892287    -0.00181244    -0.00177363   
  14  -0.00000505    -0.10429878     0.20725319    -0.25007002     0.00327016     0.00316614   
  15   0.00000023    -0.00808419     0.04572516    -0.06893319     0.00182130     0.00177157   
  16   0.00000218     0.11298183    -0.14169361     0.13978176    -0.00045455    -0.00042740   
  17   0.00000115     0.11096047    -0.15892271     0.16723145    -0.00208088    -0.00201392   
  18   0.00000070     0.11430429    -0.14167471     0.13045240    -0.00286102    -0.00278067   
  19  -0.00000302    -0.00716114     0.04614870    -0.07585871     0.00015711     0.00014493   
  20  -0.00000746    -0.16300485    -0.15788846    -0.07798882     0.00000652     0.00000408   
  21  -0.00000718    -0.10442572    -0.20696557    -0.25027891    -0.00312643     0.00329259   
  22  -0.00000131    -0.00716995    -0.04608540    -0.07592573    -0.00013946     0.00015702   
  23   0.00000921     0.11444276     0.14147608     0.13055506     0.00275027    -0.00288285   
  24   0.00000809     0.11109626     0.15870322     0.16737252     0.00198848    -0.00209482   
  25   0.00001057     0.11312229     0.14150135     0.13990707     0.00041814    -0.00045412   
  26   0.00000185    -0.00809263    -0.04565971    -0.06898647    -0.00175229     0.00183579   
  27   0.00000425    -0.10441249    -0.20693959    -0.25024331     0.00318057    -0.00326139   
  28   0.00000036    -0.00808978    -0.04565137    -0.06897062     0.00176722    -0.00182720   
  29   0.00000095     0.11311208     0.14148861     0.13989714    -0.00044839     0.00043689   
  30   0.00000143     0.11108367     0.15868391     0.16734876    -0.00202420     0.00207433   
  31   0.00000247     0.11442942     0.14145709     0.13052910    -0.00277689     0.00286743   
  32   0.00000366    -0.00716915    -0.04608101    -0.07592009     0.00015693    -0.00014711   
  33   0.00528054     0.10957103    -0.12946707    -0.05527208     0.37533765     0.36333892   
  34   0.00228155    -0.13404017     0.01516467     0.10664775     0.24326661     0.23556739   
  35   0.00001143    -0.37905976     0.13064351     0.24615682    -0.00001921     0.00000461   
  36  -0.00227170    -0.13403518     0.01515732     0.10659232    -0.24328495    -0.23556657   
  37  -0.00527881     0.10958136    -0.12947943    -0.05535911    -0.37532499    -0.36334116   
  38  -0.00000418     0.24761440    -0.12909662    -0.15037914     0.00001383    -0.00000151   
  39   0.49994352    -0.07494176     0.14569203     0.04213627     0.00117510    -0.00663167   
  40   0.49995841    -0.07506283    -0.14562070     0.04200264    -0.00140896    -0.00660377   
  41   0.00002082     0.00630914    -0.26117630    -0.00926693    -0.00000260    -0.00000966   
  42  -0.49995221    -0.07504660    -0.14560794     0.04199919     0.00139519     0.00658882   
  43  -0.49996652    -0.07492554     0.14569367     0.04213241    -0.00117999     0.00664015   
  44  -0.00000918     0.00654045     0.26116357    -0.00903971     0.00000495     0.00001032   
  45  -0.00341966     0.16749202     0.00599055    -0.11169756     0.23315505    -0.24076360   
  46   0.00345365     0.16749490     0.00599158    -0.11172725    -0.23312724     0.24077738   
  47   0.00000327    -0.00186025    -0.04313894     0.07288286     0.00022869     0.00022641   
  48   0.00000761    -0.14570160     0.17956721    -0.17065388    -0.00206108    -0.00201973   
  49   0.00000144    -0.00113246    -0.04322341     0.06718892     0.00168111     0.00164566   
  50   0.00000085    -0.00112949    -0.04322752     0.06720003    -0.00168972    -0.00164366   
  51  -0.00000069    -0.14569686     0.17956337    -0.17065633     0.00208235     0.00201474   
  52  -0.00000096    -0.00186047    -0.04313625     0.07287697    -0.00023857    -0.00022411   
  53  -0.00000467    -0.00186272     0.04307787     0.07294261     0.00021884    -0.00023847   
  54  -0.00001175    -0.14587588    -0.17931595    -0.17080062    -0.00198976     0.00209576   
  55  -0.00000281    -0.00113269     0.04316585     0.06725245     0.00162524    -0.00170355   
  56  -0.00000221    -0.00113513     0.04315678     0.06723587    -0.00163967     0.00169511   
  57  -0.00000343    -0.14585951    -0.17929455    -0.17077692     0.00202568    -0.00207513   
  58  -0.00000042    -0.00186260     0.04307375     0.07293721    -0.00023555     0.00022894   
  59  -0.00344997     0.16741403    -0.00602692    -0.11170833    -0.24078777    -0.23311459   
  60   0.00343450     0.16740518    -0.00601824    -0.11165114     0.24080375     0.23311121   
           31             32             33             34             35             36       
   1   0.00673075    -0.00222722    -0.00000637     0.00147313    -0.10756822     0.00321563   
   2   0.02025053    -0.00479086    -0.00015812     0.00003940    -0.31416342    -0.00001386   
   3   0.00673601    -0.00221794    -0.00010881    -0.00145079    -0.10755707    -0.00322569   
   4  -0.00981116     0.00093722    -0.00001959    -0.00242356     0.14772366    -0.00552869   
   5  -0.01397193     0.00297174     0.00010645    -0.00002827     0.21541316     0.00000931   
   6  -0.00981984     0.00092203     0.00015074     0.00237681     0.14770596     0.00554068   
   7   0.00038522     0.00158850     0.00000933     0.00000595    -0.01323757    -0.00000085   
   8   0.01059348     0.00524561    -0.00129831     0.00009683    -0.17612372    -0.06796744   
   9   0.17852737    -0.16788290     0.23825671    -0.00969268    -0.04582805    -0.02257928   
  10   0.26252132    -0.26177777     0.36561102    -0.01491685     0.10251709     0.03218299   
  11  -0.00770314    -0.00247543    -0.00051947    -0.00000708     0.11160187     0.04275182   
  12  -0.27454838     0.25802827    -0.36654639     0.01491125     0.06839823     0.03226442   
  13  -0.17150551     0.17083662    -0.23865028     0.00973639    -0.06733710    -0.02245867   
  14   0.01058902     0.00524671     0.00125214    -0.00000784    -0.17617849     0.06795675   
  15  -0.16837546     0.16680172     0.24369447    -0.00960424    -0.06734356     0.02245270   
  16  -0.26972242     0.25181078     0.37436527    -0.01479486     0.06844351    -0.03226380   
  17  -0.00768493    -0.00249666     0.00057902    -0.00004953     0.11163614    -0.04274499   
  18   0.25772603    -0.25559602    -0.37333611     0.01471285     0.10252368    -0.03217305   
  19   0.17539111    -0.16384205    -0.24334341     0.00961644    -0.04585864     0.02257895   
  20  -0.00044238     0.00157361     0.00001517     0.00000457     0.01323776     0.00000218   
  21  -0.01076328     0.00485107     0.00005337    -0.00126553     0.17619850    -0.43149872   
  22  -0.17108910    -0.17313451     0.00928163     0.23996728     0.04585361    -0.14335586   
  23  -0.25098354    -0.26941786     0.01414101     0.36819322    -0.10255090     0.20430106   
  24   0.00777346    -0.00219536    -0.00008686    -0.00055098    -0.11164990     0.27141537   
  25   0.26311091     0.26609999    -0.01428035    -0.36917128    -0.06843756     0.20485208   
  26   0.16397164     0.17582532    -0.00923140    -0.24033103     0.06736106    -0.14257365   
  27  -0.01078506     0.00482308     0.00015136     0.00124080     0.17615031     0.43156639   
  28   0.16298740     0.17436200     0.01010212     0.24201756     0.06735701     0.14261022   
  29   0.26161332     0.26386999     0.01542128     0.37179040    -0.06839708    -0.20486316   
  30   0.00778012    -0.00218749    -0.00004018     0.00057312    -0.11161922    -0.27145756   
  31  -0.24947682    -0.26717727    -0.01547844    -0.37077832    -0.10254609    -0.20435731   
  32  -0.17011661    -0.17168603    -0.01002517    -0.24167255     0.04582609     0.14336303   
  33   0.00976849     0.00133033    -0.00244709     0.00013740    -0.14783774    -0.00086087   
  34  -0.00665963    -0.00246860    -0.00144151     0.00004057     0.10759746    -0.00049214   
  35  -0.02007428    -0.00557086     0.00007522    -0.00007075     0.31432756     0.00001153   
  36  -0.00664370    -0.00249359     0.00148131    -0.00009137     0.10762939     0.00050006   
  37   0.00979504     0.00128942     0.00235169    -0.00007708    -0.14779045     0.00084985   
  38   0.01386315     0.00351068    -0.00005449     0.00004782    -0.21553868    -0.00000790   
  39  -0.00975340    -0.00109390     0.00006471    -0.00005494     0.14657345    -0.00005665   
  40   0.00978084    -0.00071394    -0.00003942     0.00000647    -0.14648850    -0.00003657   
  41   0.01623607     0.00055314    -0.00009191     0.00004506    -0.24182647    -0.00000923   
  42   0.00977987    -0.00071356    -0.00008791     0.00004146    -0.14647960     0.00002488   
  43  -0.00975356    -0.00109370     0.00003367    -0.00000388     0.14657108     0.00006759   
  44  -0.01624318    -0.00007873     0.00009573    -0.00004366     0.24180307     0.00000931   
  45  -0.00633320     0.00225511    -0.00000154    -0.00160953     0.10074889    -0.00360131   
  46  -0.00633903     0.00224500     0.00011242     0.00158946     0.10073792     0.00361069   
  47  -0.17221129     0.16201893    -0.23005554     0.00935926     0.04308969     0.02123334   
  48   0.00755406     0.00241007     0.00054769     0.00000531    -0.10799429    -0.04078179   
  49   0.16693870    -0.16624349     0.23243277    -0.00948251     0.06479341     0.02120403   
  50   0.16388962    -0.16231319    -0.23734127     0.00935413     0.06479984    -0.02119850   
  51   0.00753551     0.00243173    -0.00060601     0.00005007    -0.10802761     0.04077533   
  52  -0.16918030     0.15811464     0.23495956    -0.00928510     0.04311859    -0.02123289   
  53   0.16503377     0.16708475    -0.00896178    -0.23170767    -0.04311419     0.13481248   
  54  -0.00762182     0.00213611     0.00008651     0.00057797     0.10804110    -0.25891027   
  55  -0.15960796    -0.17110022     0.00899151     0.23407108    -0.06481735     0.13461156   
  56  -0.15864750    -0.16967303    -0.00983820    -0.23570954    -0.06481277    -0.13464465   
  57  -0.00762842     0.00212842     0.00003776    -0.00060009     0.10801181     0.25895146   
  58   0.16409402     0.16568534     0.00968021     0.23335205    -0.04308801    -0.13481874   
  59   0.00626223     0.00247940     0.00158153    -0.00004687    -0.10077303     0.00055365   
  60   0.00624431     0.00250662    -0.00161643     0.00009561    -0.10080170    -0.00056096   
           37             38             39       
   1  -0.00052315     0.09069287     0.09146184   
   2  -0.00001511     0.01969952     0.02616356   
   3   0.00051340     0.09069271     0.09146167   
   4   0.00089557     0.00758736     0.00005237   
   5   0.00001051    -0.07011403    -0.07055374   
   6  -0.00087983     0.00758778     0.00005281   
   7  -0.00000499    -0.65034976     0.64404169   
   8  -0.43154354     0.04011644    -0.03933997   
   9  -0.14336724     0.08908024    -0.08819300   
  10   0.20432943    -0.00989699     0.00971700   
  11   0.27144216    -0.06546547     0.06480349   
  12   0.20486413    -0.00948554     0.00931652   
  13  -0.14259045     0.08897110    -0.08808557   
  14   0.43152595     0.04011384    -0.03933741   
  15   0.14257051     0.08896733    -0.08808185   
  16  -0.20488157    -0.00948471     0.00931570   
  17  -0.27143022    -0.06546150     0.06479957   
  18  -0.20429256    -0.00989653     0.00971653   
  19   0.14338010     0.08907547    -0.08818828   
  20  -0.00000020    -0.64381382    -0.65054769   
  21   0.06796501     0.03971368     0.03973785   
  22   0.02258028     0.08817851     0.08907736   
  23  -0.03217848    -0.00979761    -0.00981526   
  24  -0.04275028    -0.06480385    -0.06545439   
  25  -0.03226682    -0.00939005    -0.00941048   
  26   0.02245611     0.08807232     0.08897072   
  27  -0.06795817     0.03970945     0.03973363   
  28  -0.02245559     0.08806290     0.08896122   
  29   0.03226114    -0.00938940    -0.00940982   
  30   0.04274595    -0.06479662    -0.06544707   
  31   0.03217819    -0.00979658    -0.00981424   
  32  -0.02257617     0.08816919     0.08906793   
  33  -0.00554305     0.00758869     0.00002732   
  34  -0.00321152     0.09155761    -0.09049164   
  35   0.00002364     0.01994523    -0.02595089   
  36   0.00322927     0.09155821    -0.09049223   
  37   0.00552364     0.00758829     0.00002769   
  38  -0.00001579    -0.07077880     0.06980140   
  39   0.00006173     0.01788804    -0.01671653   
  40   0.00006732     0.01771462     0.01689174   
  41  -0.00001433    -0.01686028     0.01224142   
  42  -0.00008314     0.01771378     0.01689092   
  43  -0.00004301     0.01788732    -0.01671580   
  44   0.00001394    -0.01673266    -0.01240660   
  45   0.00058278    -0.04663568    -0.04674330   
  46  -0.00057391    -0.04663518    -0.04674279   
  47   0.13482175    -0.04571377     0.04520118   
  48  -0.25893430     0.03306377    -0.03269813   
  49   0.13462430    -0.04585785     0.04534220   
  50  -0.13460640    -0.04585598     0.04534036   
  51   0.25892329     0.03306169    -0.03269607   
  52  -0.13483299    -0.04571086     0.04519831   
  53  -0.02123468    -0.04525226    -0.04565569   
  54   0.04078069     0.03272985     0.03302680   
  55  -0.02120204    -0.04539556    -0.04579884   
  56   0.02120124    -0.04539053    -0.04579375   
  57  -0.04077669     0.03272652     0.03302344   
  58   0.02123076    -0.04524746    -0.04565085   
  59   0.00359676    -0.04707673     0.04624365   
  60  -0.00361346    -0.04707655     0.04624345   


************************************************
 Testing random coefficient initial guess method, Trial 1
************************************************

  Initializing L-BFGS optimisation...
    > Num. MOs       =     60
    > Num. params    =    893
    > Max subspace   =     20
    > Max step size   =  0.500
    > Backtracking   =  0.100
    > Parallel tr.   = True
    > Pseudo-canon.  = True
    > Canon interval = 10
    > Hybrid prec.   = True
  ================================================================
           Energy / Eh     Step Len    Max(|G_i|)
  ================================================================
     0   451.9273837975                 7.20e+00
     1   433.6077400097    5.00e-01     7.67e+00    rescaled  
     2   418.5403412561    5.00e-01     7.70e+00    rescaled  
     3   404.7743583736    5.00e-01     7.48e+00    rescaled  
     4   393.8091434512    5.00e-01     7.42e+00    rescaled  
     5   378.7671284308    5.00e-01     7.20e+00    rescaled  
     6   378.7671284308    5.00e-01     7.20e+00    understep 
     7   367.6546640793    5.00e-01     6.91e+00    rescaled  
     8   360.0642093367    5.00e-01     6.77e+00    rescaled  
     9   354.3420054219    5.00e-01     6.82e+00    rescaled  
    10   334.0211468465    5.00e-01     6.24e+00    rescaled  
    11   320.5102609904    5.00e-01     7.10e+00    rescaled  
    12   315.2258780013    5.00e-01     8.97e+00    rescaled  
    13   310.4261722548    5.00e-01     8.65e+00    rescaled  
    14   305.9673506280    5.00e-01     7.02e+00    rescaled  
    15   300.6584636075    5.00e-01     6.98e+00    rescaled  
    16   292.8473543749    5.00e-01     5.04e+00    rescaled  
    17   287.0959944590    5.00e-01     5.57e+00    rescaled  
    18   280.8083143555    5.00e-01     6.01e+00    rescaled  
    19   267.4577845881    5.00e-01     6.48e+00    rescaled  
    20   258.0526268102    5.00e-01     5.16e+00    rescaled  
    21   250.4727825673    5.00e-01     4.83e+00    rescaled  
    22   244.2580566545    5.00e-01     5.13e+00    rescaled  
    23   241.1028788480    5.00e-01     2.40e+00    rescaled  
    24   242.3078906453    3.62e-01     3.81e+00              
    25   240.3638601441    2.80e-01     2.89e+00    overstep  
    26   240.4008831088    4.49e-01     2.89e+00              
    27   239.6252283758    4.04e-01     2.67e+00    overstep  
    28   238.5654489997    2.29e-01     2.12e+00              
    29   238.5171854727    2.21e-01     3.35e+00              
    30   238.4935463866    2.89e-01     2.30e+00              
    31   241.8254580978    2.27e-01     2.59e+00              
    32   237.5278304288    1.21e-01     1.74e+00    overstep  
    33   236.9867780126    1.76e-01     2.01e+00              
    34   236.8163355867    1.46e-01     1.61e+00              
    35   236.3477702990    8.13e-02     1.27e+00              
    36   236.6196601046    1.66e-01     1.55e+00              
    37   236.1741584352    1.34e-01     1.28e+00    overstep  
    38   235.5268585044    4.95e-02     5.19e-01              
    39   235.3493369815    4.42e-02     3.34e-01              
    40   235.2887996984    2.73e-02     2.02e-01              
    41   235.2635569653    1.41e-02     1.02e-01              
    42   235.2610044820    5.52e-03     6.08e-02              
    43   235.2596389951    3.00e-03     1.14e-02              
    44   235.2595542790    1.26e-03     2.89e-03              
    45   235.2595464326    2.88e-04     1.31e-03              
    46   235.2595448784    1.43e-04     4.93e-04              
    47   235.2595446952    4.01e-05     9.61e-05              
    48   235.2595446888    4.98e-06     2.87e-05              
    49   235.2595446881    2.65e-06     1.05e-05              
    50   235.2595446881    4.90e-07     5.81e-06              
    51   235.2595446881    1.67e-07     3.22e-07              
  ================================================================
  L-BFGS converged in     51 iterations (  4.17 seconds)

  Initializing Davidson diagonalisation...
    > Max iterations =   1000
    > Target states  =      5
    > Convergence    =  1.000e-04
    > Basis per root =      4
    > Max basis size =     20
  Davidson diagonalisation converged in     33 iterations (  7.01 seconds)

   --------------------------
    Converged eigenvalues:   
   --------------------------
       0        6.80630639   
       1        6.82735329   
       2        7.04656134   
       3        7.05168108   
       4        7.36031090   
   --------------------------

 ---------------------------------------------
         Total Energy =   235.25954469 Eh
              Nuclear =  5151.81221337 Eh
         One Electron = -9722.71478701 Eh
              Coulomb =  5089.50905550 Eh
        ROHF Exchange =  -283.34693717 Eh
 ---------------------------------------------
           <Sz> =  1.00
           <S2> =  2.00
  Spin Coupling = ++

 -----------------------------------------------------------------------------------------------
  Open-Shell Exchange Matrix <Ψ|Êpq Êqp|Ψ> - Np
 -----------------------------------------------------------------------------------------------
           1              2        
   1   0.00000000    -1.00000000   
   2  -1.00000000     0.00000000   

 -----------------------------------------------------------------------------------------------
  Open-Shell Exchange Integrals <pq|qp>
 -----------------------------------------------------------------------------------------------
           1              2        
   1   3.67375483     3.02044546   
   2   3.02044546     3.67718358   

 -----------------------------------------------------------------------------------------------
  Occupied Orbital Coefficients
 -----------------------------------------------------------------------------------------------
           1              2              3              4              5              6        
   1  -0.09024774    -0.07757200    -0.00008038    -0.00000196     0.27056056    -0.28237019   
   2  -0.07838071    -0.06887801     0.00000261    -0.00000154     0.20797361    -0.21854791   
   3  -0.09024745    -0.07757176     0.00008661    -0.00000220     0.27055941    -0.28236898   
   4  -0.05388095    -0.04443669     0.00003536    -0.00000153     0.17129199    -0.17184730   
   5  -0.04798019    -0.03679077     0.00000166    -0.00000169     0.16328059    -0.15187205   
   6  -0.05388113    -0.04443684    -0.00003162    -0.00000145     0.17129265    -0.17184798   
   7  -0.05261796     0.05220979    -0.00000001    -0.00000727     0.02105246     0.02471759   
   8  -0.13829164     0.14102789     0.00027734     0.18462873    -0.03385056    -0.02660006   
   9  -0.17532867     0.17921436     0.00038128     0.25382958    -0.05266227    -0.04378301   
  10  -0.12922332     0.13228636     0.00029520     0.19652694    -0.04374187    -0.03741561   
  11  -0.16677125     0.17089722     0.00039364     0.26206211    -0.06091209    -0.05297031   
  12  -0.12841710     0.13146128     0.00029321     0.19520283    -0.04348480    -0.03720017   
  13  -0.17346459     0.17730826     0.00037675     0.25080948    -0.05210000    -0.04331828   
  14  -0.13826322     0.14099810    -0.00027768    -0.18467141    -0.03385522    -0.02660273   
  15  -0.17342874     0.17727057    -0.00037721    -0.25086644    -0.05210667    -0.04332209   
  16  -0.12838811     0.13143083    -0.00029356    -0.19524322    -0.04348941    -0.03720261   
  17  -0.16673156     0.17085554    -0.00039411    -0.26211303    -0.06091778    -0.05297310   
  18  -0.12919251     0.13225405    -0.00029555    -0.19656519    -0.04374602    -0.03741765   
  19  -0.17528706     0.17917078    -0.00038174    -0.25387930    -0.05266738    -0.04378550   
  20  -0.05306237    -0.05176480     0.00000127     0.00000000     0.02102061    -0.02478768   
  21  -0.13947720    -0.13984438     0.18464563    -0.00027671    -0.03379141     0.02667054   
  22  -0.17683142    -0.17771007     0.25384520    -0.00038041    -0.05257004     0.04389881   
  23  -0.13033146    -0.13117653     0.19653634    -0.00029453    -0.04366518     0.03751445   
  24  -0.16820156    -0.16946362     0.26207181    -0.00039275    -0.06080509     0.05311001   
  25  -0.12951998    -0.13036003     0.19521457    -0.00029255    -0.04340905     0.03729885   
  26  -0.17495384    -0.17582245     0.25082830    -0.00037589    -0.05200936     0.04343333   
  27  -0.13946171    -0.13982898    -0.18465985     0.00027829    -0.03378515     0.02666564   
  28  -0.17493539    -0.17580408    -0.25084993     0.00037805    -0.05200056     0.04342622   
  29  -0.12950741    -0.13034751    -0.19523347     0.00029424    -0.04340233     0.03729334   
  30  -0.16818785    -0.16944999    -0.26210147     0.00039502    -0.06079675     0.05310313   
  31  -0.13031823    -0.13116335    -0.19655440     0.00029623    -0.04365818     0.03750870   
  32  -0.17681302    -0.17769175    -0.25386731     0.00038260    -0.05256117     0.04389164   
  33  -0.05350884     0.04489637     0.00000030     0.00002278     0.17167948     0.17148063   
  34  -0.08958876     0.07833370     0.00000046     0.00006561     0.27117162     0.28176560   
  35  -0.07778924     0.06953363     0.00000025    -0.00001488     0.20843981     0.21807572   
  36  -0.08958609     0.07833133     0.00000021    -0.00010121     0.27116275     0.28175598   
  37  -0.05350816     0.04489573     0.00000018    -0.00004415     0.17167721     0.17147800   
  38  -0.04768200     0.03720881     0.00000028    -0.00000949     0.16365408     0.15155299   
  39  -0.01957138     0.00411547     0.00000046    -0.00000283     0.07096688     0.01545475   
  40  -0.01960055    -0.00393302     0.00000055    -0.00000205     0.07091745    -0.01554530   
  41  -0.02784741    -0.01326168     0.00000083    -0.00000193     0.10075248    -0.05412674   
  42  -0.01960040    -0.00393295     0.00000040    -0.00000181     0.07091699    -0.01554506   
  43  -0.01957113     0.00411527     0.00000021    -0.00000268     0.07096603     0.01545398   
  44  -0.02775189     0.01352138     0.00000033    -0.00000474     0.10092817     0.05400047   
  45  -0.08598914    -0.07362631    -0.00028361    -0.00000165     0.27899135    -0.29411727   
  46  -0.08598876    -0.07362600     0.00028974    -0.00000254     0.27898980    -0.29411564   
  47  -0.16850889     0.17244937     0.00038113     0.25373676    -0.05536539    -0.04696352   
  48  -0.16368997     0.16776650     0.00038910     0.25902720    -0.06078363    -0.05309844   
  49  -0.16521994     0.16909325     0.00037278     0.24817947    -0.05454149    -0.04631698   
  50  -0.16518629     0.16905782    -0.00037324    -0.24823644    -0.05454850    -0.04632107   
  51  -0.16364997     0.16772452    -0.00038956    -0.25907587    -0.06078892    -0.05310089   
  52  -0.16846693     0.17240542    -0.00038158    -0.25378348    -0.05537013    -0.04696566   
  53  -0.16995285    -0.17100150     0.25374835    -0.00038028    -0.05526796     0.04708727   
  54  -0.16509118    -0.16635648     0.25903224    -0.00038817    -0.06067608     0.05323781   
  55  -0.16663802    -0.16767587     0.24819402    -0.00037195    -0.05444606     0.04643946   
  56  -0.16662159    -0.16765951    -0.24821727     0.00037410    -0.05443734     0.04643231   
  57  -0.16508079    -0.16634619    -0.25906642     0.00039042    -0.06066890     0.05323192   
  58  -0.16993651    -0.17098524    -0.25377263     0.00038246    -0.05525920     0.04708010   
  59  -0.08536622     0.07435453     0.00000075     0.00026896     0.27962417     0.29349056   
  60  -0.08536228     0.07435104    -0.00000007    -0.00030396     0.27961089     0.29347619   
           7              8              9              10             11             12       
   1  -0.29060301    -0.19727201    -0.05436957     0.00228544     0.02626113    -0.00749352   
   2   0.00000446    -0.00000469    -0.05353771    -0.00174755     0.02167537    -0.00445661   
   3   0.29061181     0.19726104    -0.05437444     0.00226552     0.02254769    -0.00251662   
   4   0.12701596     0.08621370     0.03237443     0.00266332    -0.01320780     0.00364935   
   5  -0.00000721     0.00001134     0.12125703     0.00356147    -0.04971512     0.01022047   
   6  -0.12701879    -0.08620807     0.03237673     0.00267210    -0.01157080     0.00145530   
   7   0.00000026    -0.00000042    -0.02391329     0.01290511     0.00244093    -0.00046176   
   8   0.00034811    -0.00051304    -0.04973485     0.04114784    -0.01735883    -0.01691274   
   9   0.00163892    -0.00241518    -0.11775461     0.19982326    -0.25762658    -0.17558620   
  10   0.00033244    -0.00048981    -0.00203388     0.04423329    -0.09097147    -0.05710203   
  11  -0.00082970     0.00122291     0.11262652    -0.09711086     0.04688930     0.04324944   
  12  -0.00077795     0.00114638     0.05424241    -0.08871395     0.11242693     0.07685309   
  13  -0.00094806     0.00139684     0.01288490    -0.10845701     0.21380285     0.13490726   
  14  -0.00034747     0.00051202    -0.04968829     0.04099527     0.01038809     0.01859686   
  15   0.00094822    -0.00139712     0.01267733    -0.10747694    -0.02750087    -0.17417684   
  16   0.00077739    -0.00114552     0.05410322    -0.08812352    -0.02255042    -0.09600435   
  17   0.00082827    -0.00122065     0.11251057    -0.09672249    -0.02472340    -0.04840128   
  18  -0.00033262     0.00049012    -0.00194575     0.04381887     0.01128995     0.07388532   
  19  -0.00163792     0.00241363    -0.11743570     0.19847616     0.05095730     0.21960346   
  20   0.00000104    -0.00000096    -0.02390750    -0.01290523     0.00242988    -0.00053738   
  21   0.00051347     0.00034728    -0.04967981    -0.04101226     0.00855556    -0.01558149   
  22   0.00241420     0.00163797    -0.11748722    -0.19848945     0.03078974    -0.15923304   
  23   0.00048903     0.00033273    -0.00197491    -0.04380588     0.00462443    -0.05154986   
  24  -0.00122369    -0.00082810     0.11249657     0.09676861    -0.02000273     0.03976207   
  25  -0.00114611    -0.00077736     0.05412696     0.08813203    -0.01372849     0.06970741   
  26  -0.00139535    -0.00094830     0.01274549     0.10744836    -0.01176947     0.12182747   
  27  -0.00051214    -0.00034917    -0.04973935    -0.04117256    -0.01558917     0.01678316   
  28   0.00139683     0.00094742     0.01289524     0.10845532     0.19796751    -0.15938276   
  29   0.00114554     0.00077871     0.05425264     0.08873900     0.10362092    -0.08762448   
  30   0.00122089     0.00083210     0.11263894     0.09717018     0.04231018    -0.04376774   
  31  -0.00049001    -0.00033201    -0.00204119    -0.04423450    -0.08426035     0.06762494   
  32  -0.00241367    -0.00164035    -0.11778330    -0.19988548    -0.23749688     0.20046070   
  33   0.08622044    -0.12699819     0.03241642    -0.00268835    -0.01146696     0.00374536   
  34   0.19727058    -0.29060160    -0.05440695    -0.00224579     0.02655457    -0.00228734   
  35   0.00000128    -0.00000207    -0.05359121     0.00177897     0.02169962    -0.00445086   
  36  -0.19727017     0.29060057    -0.05446275    -0.00222753     0.02230266    -0.00776014   
  37  -0.08623170     0.12701496     0.03239269    -0.00268034    -0.01334175     0.00133276   
  38  -0.00001220     0.00001837     0.12138164    -0.00363389    -0.04977154     0.01021004   
  39   0.00002902    -0.00060664     0.27647429    -0.00039281    -0.11744373     0.02412164   
  40  -0.00029613    -0.00054503     0.27644870     0.00021686    -0.11743287     0.02411668   
  41  -0.00001910     0.00002931     0.29760085     0.00119560    -0.12594710     0.02586885   
  42   0.00025985     0.00060051     0.27644818     0.00021685    -0.11744448     0.02412044   
  43  -0.00006670     0.00066412     0.27647249    -0.00039278    -0.11745528     0.02411619   
  44  -0.00002132     0.00003244     0.29768667    -0.00138447    -0.12598440     0.02586861   
  45  -0.49157530    -0.33371111    -0.09271148     0.00592269     0.04608050    -0.01288132   
  46   0.49159005     0.33369269    -0.09271957     0.00589020     0.04002596    -0.00476680   
  47   0.00282681    -0.00416571    -0.19959673     0.34323244    -0.44537707    -0.30314818   
  48  -0.00128404     0.00189263     0.18757745    -0.16294353     0.07953741     0.07308656   
  49  -0.00176577     0.00260159     0.02479050    -0.18577747     0.36313788     0.22927396   
  50   0.00176595    -0.00260192     0.02443951    -0.18411584    -0.04690243    -0.29594701   
  51   0.00128176    -0.00188904     0.18737997    -0.16228567    -0.04155817    -0.08189299   
  52  -0.00282522     0.00416327    -0.19904721     0.34090696     0.08754614     0.37934327   
  53   0.00416379     0.00282532    -0.19913531    -0.34092747     0.05271825    -0.27489510   
  54  -0.00189373    -0.00128148     0.18735591     0.16236250    -0.03357655     0.06718228   
  55  -0.00259919    -0.00176600     0.02455323     0.18406274    -0.02016834     0.20705463   
  56   0.00260153     0.00176489     0.02480641     0.18577345     0.33622930    -0.27079383   
  57   0.00188933     0.00128783     0.18760052     0.16304484     0.07179354    -0.07406520   
  58  -0.00416314    -0.00282905    -0.19964726    -0.34333948    -0.41061103     0.34629352   
  59   0.33369912    -0.49159349    -0.09277973    -0.00585151     0.04656030    -0.00440659   
  60  -0.33369329     0.49158421    -0.09287543    -0.00582179     0.03962957    -0.01333016   
           13             14             15             16             17             18       
   1  -0.02579122     0.00412804    -0.03624374     0.00019536     0.00083128    -0.00948043   
   2  -0.02473865    -0.00345758    -0.02615024    -0.00000306    -0.00000562     0.00003822   
   3  -0.02993074     0.00412808    -0.03624388    -0.00020707    -0.00086398    -0.00947977   
   4   0.01322516     0.00487461     0.01323145    -0.00008884    -0.00037898     0.23232466   
   5   0.05674267     0.00660160     0.06235786     0.00000786     0.00001577     0.38769607   
   6   0.01505014     0.00487460     0.01323160     0.00009109     0.00037948     0.23232492   
   7  -0.00278204     0.02533193     0.01894036     0.00000453    -0.00000115    -0.00329004   
   8  -0.00491458     0.08028639     0.07500354    -0.11367285     0.02695384     0.00026858   
   9   0.01911102     0.00676616     0.02687724    -0.08503145     0.02016318     0.00045931   
  10   0.01272766    -0.07507142    -0.06189405     0.07798565    -0.01849146     0.00000345   
  11   0.01030150    -0.18008389    -0.16976276     0.26534555    -0.06291812    -0.00028262   
  12  -0.00806133    -0.00427595    -0.01218910     0.03268010    -0.00774934     0.00003780   
  13  -0.02905192     0.17048048     0.14174004    -0.18945675     0.04492283     0.00051500   
  14   0.01289975     0.08028942     0.07499750     0.11371128    -0.02695202     0.00026857   
  15  -0.18429670     0.17035514     0.14162025     0.18942632    -0.04489842     0.00051498   
  16  -0.09485988    -0.00433741    -0.01223833    -0.03273506     0.00775878     0.00003780   
  17  -0.03567944    -0.18009755    -0.16975402    -0.26543793     0.06291451    -0.00028261   
  18   0.07852022    -0.07502100    -0.06184572    -0.07797665     0.01848227     0.00000345   
  19   0.21755466     0.00689770     0.02698157     0.08514696    -0.02018137     0.00045929   
  20  -0.00275068    -0.02531347     0.01896668     0.00000728     0.00003076     0.00329036   
  21   0.01754037    -0.08014105     0.07501421     0.02697540     0.11378333    -0.00026890   
  22   0.26805695    -0.00664360     0.02682775     0.02017076     0.08508162    -0.00045942   
  23   0.09515675     0.07497969    -0.06192332    -0.01850907    -0.07807175    -0.00000343   
  24  -0.04763217     0.17974931    -0.16978057    -0.06296628    -0.26559437     0.00028272   
  25  -0.11695558     0.00422766    -0.01217454    -0.00775441    -0.03270863    -0.00003780   
  26  -0.22356474    -0.17026005     0.14179431     0.04496024     0.18964363    -0.00051513   
  27  -0.00936819    -0.08025585     0.07514903    -0.02692803    -0.11359082    -0.00026890   
  28   0.01031108    -0.17048679     0.14206628    -0.04489056    -0.18936120    -0.00051509   
  29   0.01388601     0.00424387    -0.01219116     0.00773770     0.03264054    -0.00003779   
  30   0.02181895     0.18001352    -0.17009117     0.06285809     0.26515501     0.00028269   
  31  -0.00395847     0.07506937    -0.06203218     0.01847682     0.07794046    -0.00000343   
  32  -0.03107257    -0.00669832     0.02688483    -0.02013638    -0.08494275    -0.00045938   
  33   0.01476878    -0.00483528     0.01326156     0.00038078    -0.00008347    -0.23237264   
  34  -0.02650086    -0.00420637    -0.03625991     0.00084216    -0.00021191     0.00947878   
  35  -0.02476892     0.00338975    -0.02618563    -0.00000344    -0.00001013    -0.00004102   
  36  -0.02927004    -0.00420971    -0.03628422    -0.00085306     0.00018943     0.00947967   
  37   0.01354838    -0.00483681     0.01325124    -0.00037760     0.00009619    -0.23237586   
  38   0.05681211    -0.00644353     0.06243945     0.00000850     0.00002406    -0.38778231   
  39   0.13407123    -0.00036668     0.15800137     0.00002439     0.00005560    -0.10886001   
  40   0.13405875     0.00074662     0.15798612     0.00002372     0.00005586     0.10909789   
  41   0.14376370     0.00255679     0.16819738     0.00002364     0.00005634     0.28868416   
  42   0.13404749     0.00074662     0.15798584     0.00002120     0.00005296     0.10909740   
  43   0.13406057    -0.00036665     0.15800037     0.00002065     0.00005465    -0.10885300   
  44   0.14380807    -0.00215141     0.16824859     0.00002387     0.00005935    -0.28854188   
  45  -0.04578048     0.01080648    -0.06752284     0.00030964     0.00131906    -0.25924298   
  46  -0.05252981     0.01080662    -0.06752324    -0.00033287    -0.00138678    -0.25924275   
  47   0.03352622     0.00840069     0.04427569    -0.15031165     0.03564277    -0.00025110   
  48   0.01713662    -0.30436797    -0.28797753     0.45742297    -0.10846308    -0.00002184   
  49  -0.04917358     0.28879462     0.24092476    -0.32839193     0.07786633    -0.00020334   
  50  -0.31298053     0.28858246     0.24072127     0.32834056    -0.07782430    -0.00020334   
  51  -0.06061615    -0.30438756    -0.28795910    -0.45757560     0.10845531    -0.00002184   
  52   0.37623768     0.00862953     0.04445726     0.15051289    -0.03567431    -0.00025108   
  53   0.46344820    -0.00818971     0.04418485     0.03565444     0.15039289     0.00025146   
  54  -0.08082474     0.30379452    -0.28800029    -0.10854325    -0.45784000     0.00002180   
  55  -0.37970296    -0.28841490     0.24101079     0.07792870     0.32870559     0.00020370   
  56   0.01771111    -0.28880743     0.24148108    -0.07781082    -0.32822830     0.00020370   
  57   0.03661570     0.30425234    -0.28853785     0.10836082     0.45709981     0.00002180   
  58  -0.05314557    -0.00828602     0.04428599    -0.03559632    -0.15015850     0.00025145   
  59  -0.04693578    -0.01094768    -0.06754802     0.00134240    -0.00034039     0.25929762   
  60  -0.05145298    -0.01095323    -0.06759000    -0.00136347     0.00030003     0.25930558   
           19             20             21             22             23             24       
   1   0.05464373     0.03773993    -0.01409339    -0.00000176     0.00025159    -0.14291006   
   2   0.10096125     0.11539874    -0.07008478     0.00000014    -0.00000254    -0.31138001   
   3   0.05464472     0.03774037    -0.01409354     0.00000191    -0.00025320    -0.14291185   
   4   0.26527494    -0.00025289     0.04079063     0.00000161    -0.00020573    -0.07151007   
   5   0.32645527    -0.04128463     0.06833405     0.00000005     0.00000134     0.06899325   
   6   0.26527491    -0.00025330     0.04079088    -0.00000141     0.00020647    -0.07150855   
   7   0.03450370    -0.12831203    -0.11715392    -0.00000073    -0.00000001     0.08069085   
   8   0.01641672    -0.19617620    -0.19670424    -0.22116483    -0.00159368    -0.00290925   
   9   0.00356535    -0.09175833    -0.09436037    -0.13452233    -0.00096932    -0.02281408   
  10   0.00268614    -0.12727943    -0.13406223    -0.23548449    -0.00169687    -0.07532596   
  11  -0.00018709    -0.06021859    -0.06507560    -0.13607264    -0.00098054    -0.05665636   
  12   0.00262957    -0.12556416    -0.13225134    -0.23300104    -0.00167901    -0.07425536   
  13   0.00347797    -0.08972156    -0.09222748    -0.13193824    -0.00095075    -0.02179840   
  14   0.01641600    -0.19616852    -0.19669667     0.22117354     0.00159309    -0.00290883   
  15   0.00347783    -0.08971786    -0.09222372     0.13194277     0.00095040    -0.02179679   
  16   0.00262945    -0.12555865    -0.13224563     0.23300927     0.00167839    -0.07425150   
  17  -0.00018708    -0.06021629    -0.06507316     0.13607829     0.00098018    -0.05665388   
  18   0.00268602    -0.12727458    -0.13405723     0.23549457     0.00169625    -0.07532287   
  19   0.00356521    -0.09175529    -0.09435730     0.13452871     0.00096898    -0.02281324   
  20   0.03454191     0.12824561    -0.11724268     0.00000002    -0.00000265    -0.08069156   
  21   0.01643317     0.19605431    -0.19683261    -0.00159337     0.22115373     0.00290948   
  22   0.00356868     0.09169866    -0.09441924    -0.00096917     0.13451357     0.02281219   
  23   0.00268870     0.12719632    -0.13414551    -0.00169651     0.23547096     0.07531909   
  24  -0.00018726     0.06017938    -0.06511615    -0.00098031     0.13606629     0.05665140   
  25   0.00263211     0.12548422    -0.13233564    -0.00167861     0.23299114     0.07424965   
  26   0.00348124     0.08966431    -0.09228617    -0.00095051     0.13193094     0.02179673   
  27   0.01643145     0.19603140    -0.19680904     0.00159348    -0.22118594     0.00291087   
  28   0.00348094     0.08965472    -0.09227600     0.00095058    -0.13195077     0.02179592   
  29   0.00263189     0.12546928    -0.13231940     0.00167870    -0.23302214     0.07424365   
  30  -0.00018720     0.06017144    -0.06510729     0.00098035    -0.13608233     0.05664578   
  31   0.00268847     0.12717978    -0.13412753     0.00169659    -0.23549944     0.07531173   
  32   0.00356838     0.09168774    -0.09440765     0.00096922    -0.13453173     0.02281041   
  33   0.26513318     0.00022459     0.04075973     0.00020595     0.00000199     0.07159477   
  34   0.05461665    -0.03775812    -0.01406514     0.00025197     0.00000215     0.14300731   
  35   0.10089870    -0.11543009    -0.06997626    -0.00000050     0.00000063     0.31155161   
  36   0.05461777    -0.03775813    -0.01406478    -0.00025223    -0.00000145     0.14300784   
  37   0.26513750     0.00022520     0.04076097    -0.00020580    -0.00000092     0.07159439   
  38   0.32628712     0.04126837     0.06826520     0.00000024     0.00000030    -0.06899836   
  39  -0.15077918     0.02882454    -0.02495898    -0.00000526    -0.00000513    -0.15893798   
  40  -0.15082621    -0.02882641    -0.02495155    -0.00000443    -0.00000519     0.15889803   
  41  -0.06565401    -0.06681433    -0.00423233    -0.00000022     0.00000103     0.33352968   
  42  -0.15083120    -0.02882757    -0.02495366     0.00000413     0.00000557     0.15894340   
  43  -0.15078380     0.02882135    -0.02496106     0.00000535     0.00000361    -0.15888103   
  44  -0.06553922     0.06681612    -0.00424987     0.00000021    -0.00000110    -0.33353489   
  45  -0.30336699    -0.08182678     0.02216187     0.00000036    -0.00006929     0.24438211   
  46  -0.30336714    -0.08182728     0.02216221    -0.00000069     0.00007234     0.24438355   
  47  -0.01628185     0.22540712     0.22929527     0.30428137     0.00219261     0.04757351   
  48  -0.00399893     0.17592591     0.18486976     0.31954360     0.00230261     0.09885221   
  49  -0.01637528     0.22566636     0.22951906     0.30427399     0.00219256     0.04722110   
  50  -0.01637463     0.22565711     0.22950973    -0.30428454    -0.00219176     0.04721782   
  51  -0.00399882     0.17592060     0.18486430    -0.31955922    -0.00230179     0.09884843   
  52  -0.01628108     0.22539727     0.22928540    -0.30429233    -0.00219181     0.04757114   
  53  -0.01629818    -0.22526648     0.22944426     0.00219217    -0.30426756    -0.04757018   
  54  -0.00400284    -0.17581487     0.18498860     0.00230213    -0.31953142    -0.09884489   
  55  -0.01639216    -0.22553045     0.22967312     0.00219216    -0.30426596    -0.04721827   
  56  -0.01639022    -0.22550085     0.22964226    -0.00219226     0.30430455    -0.04721502   
  57  -0.00400242    -0.17579038     0.18496214    -0.00230221     0.31956768    -0.09883495   
  58  -0.01629632    -0.22523667     0.22941311    -0.00219227     0.30430483    -0.04756598   
  59  -0.30319809     0.08187024     0.02210732    -0.00007046    -0.00000128    -0.24454925   
  60  -0.30320340     0.08186927     0.02210597     0.00007102    -0.00000029    -0.24454746   
           25             26             27             28             29             30       
   1  -0.00226202     0.13411173    -0.01512465    -0.10662735     0.23555473    -0.24328769   
   2   0.00002505     0.37937323    -0.13047884    -0.24614226     0.00003202     0.00001928   
   3   0.00228373     0.13411449    -0.01512542    -0.10665749    -0.23552888     0.24330296   
   4   0.00527304    -0.10975512     0.12935077     0.05521137    -0.36341552     0.37526085   
   5  -0.00000936    -0.24786779     0.12895047     0.15033651    -0.00001961    -0.00001340   
   6  -0.00526917    -0.10975870     0.12935204     0.05525730     0.36339843    -0.37527586   
   7  -0.00000340     0.16279829     0.15810177     0.07792308    -0.00000395     0.00000098   
   8  -0.00000638     0.10430186     0.20725718     0.25006588     0.00323795     0.00317371   
   9  -0.00000195     0.00716180     0.04615121     0.07586411     0.00014675     0.00014731   
  10   0.00000602    -0.11430749    -0.14167536    -0.13044022    -0.00284517    -0.00278447   
  11   0.00000549    -0.11096447    -0.15892657    -0.16722939    -0.00205966    -0.00201891   
  12   0.00000743    -0.11298746    -0.14170067    -0.13979147    -0.00043662    -0.00043156   
  13   0.00000124     0.00808253     0.04572223     0.06892287     0.00181240     0.00177367   
  14   0.00000505     0.10429876     0.20725326     0.25007005    -0.00327017    -0.00316623   
  15  -0.00000023     0.00808419     0.04572515     0.06893317    -0.00182128    -0.00177160   
  16  -0.00000218    -0.11298182    -0.14169366    -0.13978180     0.00045459     0.00042744   
  17  -0.00000116    -0.11096045    -0.15892275    -0.16723147     0.00208088     0.00201398   
  18  -0.00000070    -0.11430424    -0.14167472    -0.13045238     0.00286098     0.00278072   
  19   0.00000302     0.00716116     0.04614876     0.07585876    -0.00015714    -0.00014496   
  20   0.00000747     0.16300485    -0.15788842     0.07798879    -0.00000653    -0.00000408   
  21   0.00000718     0.10442575    -0.20696556     0.25027895     0.00312646    -0.00329254   
  22   0.00000131     0.00716994    -0.04608539     0.07592571     0.00013946    -0.00015702   
  23  -0.00000921    -0.11444276     0.14147607    -0.13055510    -0.00275031     0.00288281   
  24  -0.00000809    -0.11109626     0.15870320    -0.16737255    -0.00198851     0.00209479   
  25  -0.00001057    -0.11312228     0.14150132    -0.13990705    -0.00041813     0.00045412   
  26  -0.00000185     0.00809265    -0.04565974     0.06898653     0.00175232    -0.00183576   
  27  -0.00000425     0.10441250    -0.20693958     0.25024333    -0.00318066     0.00326132   
  28  -0.00000036     0.00808980    -0.04565137     0.06897064    -0.00176726     0.00182716   
  29  -0.00000095    -0.11311208     0.14148860    -0.13989714     0.00044841    -0.00043687   
  30  -0.00000143    -0.11108367     0.15868389    -0.16734878     0.00202426    -0.00207429   
  31  -0.00000247    -0.11442942     0.14145707    -0.13052912     0.00277696    -0.00286738   
  32  -0.00000366     0.00716915    -0.04608101     0.07592010    -0.00015694     0.00014710   
  33  -0.00528053    -0.10957099    -0.12946711     0.05527196    -0.37533072    -0.36334612   
  34  -0.00228155     0.13404018     0.01516469    -0.10664778    -0.24326209    -0.23557205   
  35  -0.00001142     0.37905981     0.13064362    -0.24615676     0.00001926    -0.00000458   
  36   0.00227170     0.13403522     0.01515738    -0.10659226     0.24328045     0.23557122   
  37   0.00527881    -0.10958132    -0.12947943     0.05535918     0.37531802     0.36334834   
  38   0.00000418    -0.24761439    -0.12909667     0.15037910    -0.00001384     0.00000152   
  39  -0.49994352     0.07494172     0.14569203    -0.04213625    -0.00117523     0.00663164   
  40  -0.49995840     0.07506289    -0.14562070    -0.04200265     0.00140884     0.00660380   
  41  -0.00002083    -0.00630905    -0.26117627     0.00926690     0.00000262     0.00000967   
  42   0.49995222     0.07504665    -0.14560791    -0.04199920    -0.00139506    -0.00658884   
  43   0.49996652     0.07492549     0.14569366    -0.04213239     0.00118011    -0.00664014   
  44   0.00000915    -0.00654056     0.26116355     0.00903974    -0.00000495    -0.00001032   
  45   0.00341966    -0.16749200     0.00599053     0.11169753    -0.23315967     0.24075913   
  46  -0.00345365    -0.16749488     0.00599156     0.11172727     0.23313183    -0.24077292   
  47  -0.00000327     0.00186024    -0.04313894    -0.07288284    -0.00022866    -0.00022640   
  48  -0.00000761     0.14570154     0.17956721     0.17065386     0.00206101     0.00201976   
  49  -0.00000144     0.00113245    -0.04322341    -0.06718892    -0.00168107    -0.00164569   
  50  -0.00000085     0.00112949    -0.04322752    -0.06720002     0.00168970     0.00164369   
  51   0.00000069     0.14569683     0.17956341     0.17065634    -0.00208235    -0.00201480   
  52   0.00000096     0.00186044    -0.04313630    -0.07287701     0.00023860     0.00022414   
  53   0.00000467     0.00186271     0.04307787    -0.07294260    -0.00021884     0.00023846   
  54   0.00001175     0.14587588    -0.17931592     0.17080065     0.00198978    -0.00209573   
  55   0.00000281     0.00113267     0.04316587    -0.06725250    -0.00162527     0.00170352   
  56   0.00000221     0.00113511     0.04315679    -0.06723588     0.00163971    -0.00169508   
  57   0.00000343     0.14585951    -0.17929452     0.17077693    -0.00202573     0.00207509   
  58   0.00000042     0.00186259     0.04307376    -0.07293721     0.00023556    -0.00022893   
  59   0.00344997    -0.16741408    -0.00602695     0.11170836     0.24078330     0.23311920   
  60  -0.00343451    -0.16740524    -0.00601831     0.11165107    -0.24079929    -0.23311582   
           31             32             33             34             35             36       
   1   0.00673054     0.00222785     0.00000590     0.00147315     0.10756820     0.00321612   
   2   0.02025009     0.00479275     0.00015760     0.00003948     0.31416339    -0.00001385   
   3   0.00673581     0.00221856     0.00010890    -0.00145075     0.10755705    -0.00322618   
   4  -0.00981106    -0.00093815     0.00002026    -0.00242360    -0.14772365    -0.00552953   
   5  -0.01397166    -0.00297304    -0.00010610    -0.00002834    -0.21541314     0.00000930   
   6  -0.00981977    -0.00092293    -0.00015099     0.00237675    -0.14770595     0.00554152   
   7   0.00038538    -0.00158846    -0.00000928     0.00000597     0.01323759    -0.00000084   
   8   0.01059397    -0.00524458     0.00129818     0.00009716     0.17612369    -0.06755840   
   9   0.17850725     0.16789329    -0.23826259    -0.00973882     0.04582803    -0.02244339   
  10   0.26249010     0.26179264    -0.36561986    -0.01498772    -0.10251709     0.03198932   
  11  -0.00770334     0.00247472     0.00051959    -0.00000702    -0.11160185     0.04249454   
  12  -0.27451746    -0.25804425     0.36655541     0.01498223    -0.06839821     0.03207023   
  13  -0.17148514    -0.17084635     0.23865605     0.00978266     0.06733710    -0.02232352   
  14   0.01058945    -0.00524576    -0.00125223    -0.00000800     0.17617855     0.06754773   
  15  -0.16836482    -0.16682348    -0.24368517    -0.00965022     0.06734357     0.02231756   
  16  -0.26970643    -0.25184522    -0.37435080    -0.01486557    -0.06844354    -0.03206960   
  17  -0.00768513     0.00249596    -0.00057887    -0.00004969    -0.11163618    -0.04248770   
  18   0.25770969     0.25562932     0.37332183     0.01478328    -0.10252371    -0.03197941   
  19   0.17538068     0.16386443     0.24333399     0.00966240     0.04585867     0.02244304   
  20  -0.00044224    -0.00157365    -0.00001512     0.00000456    -0.01323775     0.00000217   
  21  -0.01076282    -0.00485208    -0.00005280    -0.00126555    -0.17619849    -0.43156294   
  22  -0.17110589     0.17312000    -0.00932856     0.23996398    -0.04585364    -0.14337719   
  23  -0.25100963     0.26939665    -0.01421333     0.36818817     0.10255084     0.20433144   
  24   0.00777327     0.00219606     0.00008677    -0.00055098     0.11164989     0.27145576   
  25   0.26313670    -0.26607767     0.01435254    -0.36916619     0.06843760     0.20488259   
  26   0.16398865    -0.17581145     0.00927859    -0.24032772    -0.06736103    -0.14259486   
  27  -0.01078465    -0.00482405    -0.00015128     0.00124078    -0.17615028     0.43163062   
  28   0.16300265    -0.17434569    -0.01014717     0.24201715    -0.06735702     0.14263145   
  29   0.26163641    -0.26384392    -0.01549079     0.37178976     0.06839703    -0.20489364   
  30   0.00777994     0.00218819     0.00003987     0.00057313     0.11161921    -0.27149795   
  31  -0.24950019     0.26715231     0.01554745    -0.37077767     0.10254611    -0.20438773   
  32  -0.17013164     0.17166908     0.01007036    -0.24167215    -0.04582608     0.14338437   
  33   0.00976863    -0.00132938     0.00244691     0.00013792     0.14783773    -0.00085562   
  34  -0.00665985     0.00246800     0.00144156     0.00004080    -0.10759747    -0.00048910   
  35  -0.02007479     0.00556899    -0.00007494    -0.00007090    -0.31432761     0.00001151   
  36  -0.00664395     0.00249294    -0.00148123    -0.00009170    -0.10762941     0.00049700   
  37   0.00979514    -0.00128854    -0.00235183    -0.00007748     0.14779048     0.00084462   
  38   0.01386347    -0.00350938     0.00005431     0.00004792     0.21553869    -0.00000789   
  39  -0.00975350     0.00109299    -0.00006454    -0.00005501    -0.14657346    -0.00005671   
  40   0.00978078     0.00071485     0.00003921     0.00000651     0.14648850    -0.00003664   
  41   0.01623612    -0.00055162     0.00009160     0.00004516     0.24182646    -0.00000921   
  42   0.00977980     0.00071447     0.00008770     0.00004151     0.14647958     0.00002495   
  43  -0.00975366     0.00109278    -0.00003351    -0.00000394    -0.14657107     0.00006763   
  44  -0.01624319     0.00007722    -0.00009541    -0.00004374    -0.24180306     0.00000930   
  45  -0.00633298    -0.00225570     0.00000203    -0.00160955    -0.10074888    -0.00360186   
  46  -0.00633883    -0.00224558    -0.00011255     0.00158943    -0.10073790     0.00361123   
  47  -0.17219188    -0.16202895     0.23006121     0.00940381    -0.04308967     0.02110555   
  48   0.00755425    -0.00240938    -0.00054780     0.00000525     0.10799428    -0.04053637   
  49   0.16691887     0.16625295    -0.23243839    -0.00952757    -0.06479341     0.02107643   
  50   0.16387926     0.16233437     0.23733221     0.00939891    -0.06479986    -0.02107090   
  51   0.00753572    -0.00243103     0.00060588     0.00005023     0.10802765     0.04052990   
  52  -0.16917025    -0.15813624    -0.23495047    -0.00932947    -0.04311862    -0.02110509   
  53   0.16504997    -0.16707075     0.00900709    -0.23170449     0.04311422     0.13483255   
  54  -0.00762164    -0.00213680    -0.00008642     0.00057796    -0.10804109    -0.25894879   
  55  -0.15962453     0.17108673    -0.00903748     0.23406786     0.06481732     0.13463159   
  56  -0.15866234     0.16965716     0.00988207    -0.23570913     0.06481278    -0.13466469   
  57  -0.00762824    -0.00212912    -0.00003744    -0.00060010    -0.10801180     0.25898999   
  58   0.16410852    -0.16566899    -0.00972384     0.23335165     0.04308799    -0.13483880   
  59   0.00626244    -0.00247884    -0.00158158    -0.00004712     0.10077305     0.00055024   
  60   0.00624456    -0.00250600     0.00161635     0.00009596     0.10080172    -0.00055754   
           37             38             39       
   1   0.00052010    -0.09069223    -0.09146250   
   2   0.00001513    -0.01969934    -0.02616370   
   3  -0.00051033    -0.09069204    -0.09146231   
   4  -0.00089034    -0.00758737    -0.00005246   
   5  -0.00001053     0.07011353     0.07055425   
   6   0.00087458    -0.00758777    -0.00005286   
   7   0.00000497     0.65035446    -0.64403705   
   8   0.43160783    -0.04011669     0.03933966   
   9   0.14338860    -0.08908084     0.08819232   
  10  -0.20435989     0.00989706    -0.00971694   
  11  -0.27148260     0.06546590    -0.06480298   
  12  -0.20489463     0.00948560    -0.00931645   
  13   0.14261170    -0.08897170     0.08808490   
  14  -0.43159011    -0.04011412     0.03933715   
  15  -0.14259167    -0.08896792     0.08808117   
  16   0.20491202     0.00948478    -0.00931565   
  17   0.27147057     0.06546196    -0.06479910   
  18   0.20432292     0.00989659    -0.00971647   
  19  -0.14340143    -0.08907612     0.08818766   
  20   0.00000020     0.64380915     0.65055234   
  21  -0.06755603    -0.03971339    -0.03973813   
  22  -0.02244440    -0.08817783    -0.08907796   
  23   0.03198484     0.00979754     0.00981533   
  24   0.04249302     0.06480336     0.06545485   
  25   0.03207266     0.00938999     0.00941055   
  26  -0.02232097    -0.08807168    -0.08897137   
  27   0.06754909    -0.03970916    -0.03973390   
  28   0.02232041    -0.08806224    -0.08896184   
  29  -0.03206695     0.00938933     0.00940990   
  30  -0.04248864     0.06479611     0.06544753   
  31  -0.03198449     0.00979651     0.00981429   
  32   0.02244028    -0.08816852    -0.08906855   
  33   0.00554388    -0.00758867    -0.00002739   
  34   0.00321199    -0.09155819     0.09049090   
  35  -0.00002367    -0.01994546     0.02595078   
  36  -0.00322975    -0.09155882     0.09049153   
  37  -0.00552445    -0.00758828    -0.00002776   
  38   0.00001581     0.07077925    -0.06980082   
  39  -0.00006168    -0.01788815     0.01671639   
  40  -0.00006728    -0.01771450    -0.01689187   
  41   0.00001435     0.01686036    -0.01224128   
  42   0.00008312    -0.01771366    -0.01689105   
  43   0.00004294    -0.01788742     0.01671564   
  44  -0.00001396     0.01673257     0.01240672   
  45  -0.00057937     0.04663536     0.04674365   
  46   0.00057048     0.04663485     0.04674314   
  47  -0.13484183     0.04571405    -0.04520082   
  48   0.25897287    -0.03306399     0.03269788   
  49  -0.13464437     0.04585815    -0.04534185   
  50   0.13462640     0.04585627    -0.04534000   
  51  -0.25896177    -0.03306191     0.03269583   
  52   0.13485304     0.04571120    -0.04519800   
  53   0.02110690     0.04525190     0.04565599   
  54  -0.04053528    -0.03272961    -0.03302703   
  55   0.02107445     0.04539524     0.04579916   
  56  -0.02107362     0.04539019     0.04579407   
  57   0.04053123    -0.03272627    -0.03302367   
  58  -0.02110297     0.04524711     0.04565116   
  59  -0.00359728     0.04707702    -0.04624326   
  60   0.00361400     0.04707685    -0.04624308   


************************************************
 Testing random coefficient initial guess method, Trial 2
************************************************

  Initializing L-BFGS optimisation...
    > Num. MOs       =     60
    > Num. params    =    893
    > Max subspace   =     20
    > Max step size   =  0.500
    > Backtracking   =  0.100
    > Parallel tr.   = True
    > Pseudo-canon.  = True
    > Canon interval = 10
    > Hybrid prec.   = True
  ================================================================
           Energy / Eh     Step Len    Max(|G_i|)
  ================================================================
     0   461.1477838486                 9.55e+00
     1   441.0876024153    5.00e-01     8.66e+00    rescaled  
     2   441.0876024153    5.00e-01     8.66e+00    understep 
     3   425.1575997446    5.00e-01     6.94e+00    rescaled  
     4   409.5637734296    5.00e-01     6.63e+00    rescaled  
     5   396.8257765841    5.00e-01     6.49e+00    rescaled  
     6   376.5395186097    5.00e-01     5.92e+00    rescaled  
     7   354.7646638256    5.00e-01     7.23e+00    rescaled  
     8   340.8624723700    5.00e-01     7.13e+00    rescaled  
     9   332.3083227845    5.00e-01     6.69e+00    rescaled  
    10   324.8196085249    5.00e-01     6.29e+00    rescaled  
    11   306.6035531229    5.00e-01     5.23e+00    rescaled  
    12   288.5169459115    5.00e-01     9.02e+00    rescaled  
    13   277.0061537627    5.00e-01     6.76e+00    rescaled  
    14   268.7745330989    5.00e-01     5.39e+00    rescaled  
    15   258.0578461573    5.00e-01     3.98e+00    rescaled  
    16   250.0662725379    5.00e-01     4.79e+00    rescaled  
    17   243.9718735127    5.00e-01     5.82e+00    rescaled  
    18   241.1043652491    4.46e-01     2.42e+00              
    19   238.9258988375    3.15e-01     2.25e+00              
    20   239.8000115032    2.97e-01     3.74e+00              
    21   238.3076807716    2.53e-01     2.96e+00    overstep  
    22   236.6166091800    3.80e-01     2.25e+00              
    23   238.2508451653    2.36e-01     1.53e+00              
    24   236.0725108230    1.36e-01     7.98e-01    overstep  
    25   235.9677179131    1.79e-01     8.26e-01              
    26   235.5025614433    8.66e-02     4.51e-01              
    27   235.4827714512    6.89e-02     5.00e-01              
    28   235.3093666163    6.72e-02     2.49e-01              
    29   235.2852573658    3.50e-02     2.04e-01              
    30   235.2664357431    1.77e-02     9.18e-02              
    31   235.2646997686    8.55e-03     8.01e-02              
    32   235.2610132562    6.99e-03     3.60e-02              
    33   235.2600734544    4.65e-03     2.05e-02              
    34   235.2596554335    2.36e-03     1.16e-02              
    35   235.2595710857    7.99e-04     5.02e-03              
    36   235.2595470785    5.44e-04     1.37e-03              
    37   235.2595449146    1.52e-04     4.42e-04              
    38   235.2595447055    5.26e-05     1.51e-04              
    39   235.2595446889    1.48e-05     3.16e-05              
    40   235.2595446881    2.23e-06     5.84e-06              
    41   235.2595446881    6.47e-07     1.15e-06              
    42   235.2595446881    1.49e-07     5.43e-07              
  ================================================================
  L-BFGS converged in     42 iterations (  3.17 seconds)

  Initializing Davidson diagonalisation...
    > Max iterations =   1000
    > Target states  =      5
    > Convergence    =  1.000e-04
    > Basis per root =      4
    > Max basis size =     20
  Davidson diagonalisation converged in     35 iterations (  5.68 seconds)

   --------------------------
    Converged eigenvalues:   
   --------------------------
       0        6.80630526   
       1        6.82735214   
       2        7.04656097   
       3        7.05168072   
       4        7.36031031   
   --------------------------

 ---------------------------------------------
         Total Energy =   235.25954469 Eh
              Nuclear =  5151.81221337 Eh
         One Electron = -9722.71478701 Eh
              Coulomb =  5089.50905504 Eh
        ROHF Exchange =  -283.34693671 Eh
 ---------------------------------------------
           <Sz> =  1.00
           <S2> =  2.00
  Spin Coupling = ++

 -----------------------------------------------------------------------------------------------
  Open-Shell Exchange Matrix <Ψ|Êpq Êqp|Ψ> - Np
 -----------------------------------------------------------------------------------------------
           1              2        
   1   0.00000000    -1.00000000   
   2  -1.00000000     0.00000000   

 -----------------------------------------------------------------------------------------------
  Open-Shell Exchange Integrals <pq|qp>
 -----------------------------------------------------------------------------------------------
           1              2        
   1   3.67375599     3.02044357   
   2   3.02044357     3.67718466   

 -----------------------------------------------------------------------------------------------
  Occupied Orbital Coefficients
 -----------------------------------------------------------------------------------------------
           1              2              3              4              5              6        
   1  -0.09024696    -0.07757291    -0.00008030     0.00000195     0.27056027     0.28237048   
   2  -0.07838001    -0.06887880     0.00000267     0.00000154     0.20797337     0.21854813   
   3  -0.09024666    -0.07757267     0.00008668     0.00000220     0.27055910     0.28236926   
   4  -0.05388050    -0.04443723     0.00003541     0.00000153     0.17129181     0.17184749   
   5  -0.04797982    -0.03679125     0.00000170     0.00000168     0.16328044     0.15187223   
   6  -0.05388068    -0.04443738    -0.00003158     0.00000145     0.17129248     0.17184817   
   7  -0.05261849     0.05220927    -0.00000001     0.00000726     0.02105248    -0.02471756   
   8  -0.13829305     0.14102649     0.00027795    -0.18462874    -0.03385060     0.02660003   
   9  -0.17533047     0.17921259     0.00038212    -0.25382959    -0.05266233     0.04378296   
  10  -0.12922464     0.13228505     0.00029585    -0.19652694    -0.04374192     0.03741557   
  11  -0.16677296     0.17089553     0.00039450    -0.26206211    -0.06091215     0.05297025   
  12  -0.12841842     0.13145998     0.00029386    -0.19520283    -0.04348484     0.03720013   
  13  -0.17346637     0.17730650     0.00037757    -0.25080949    -0.05210006     0.04331824   
  14  -0.13826465     0.14099671    -0.00027830     0.18467140    -0.03385525     0.02660270   
  15  -0.17343053     0.17726883    -0.00037805     0.25086643    -0.05210672     0.04332204   
  16  -0.12838944     0.13142954    -0.00029422     0.19524321    -0.04348945     0.03720256   
  17  -0.16673329     0.17085387    -0.00039499     0.26211303    -0.06091784     0.05297304   
  18  -0.12919385     0.13225275    -0.00029621     0.19656518    -0.04374606     0.03741761   
  19  -0.17528886     0.17916901    -0.00038259     0.25387929    -0.05266743     0.04378545   
  20  -0.05306186    -0.05176534     0.00000130    -0.00000000     0.02102059     0.02478771   
  21  -0.13947573    -0.13984573     0.18464570     0.00027732    -0.03379139    -0.02667058   
  22  -0.17682956    -0.17771177     0.25384529     0.00038126    -0.05257001    -0.04389887   
  23  -0.13033009    -0.13117779     0.19653641     0.00029519    -0.04366515    -0.03751450   
  24  -0.16819978    -0.16946524     0.26207191     0.00039363    -0.06080505    -0.05311008   
  25  -0.12951862    -0.13036128     0.19521464     0.00029321    -0.04340903    -0.03729890   
  26  -0.17495199    -0.17582413     0.25082839     0.00037673    -0.05200932    -0.04343339   
  27  -0.13946035    -0.13983044    -0.18465976    -0.00027891    -0.03378510    -0.02666567   
  28  -0.17493369    -0.17580592    -0.25084982    -0.00037889    -0.05200049    -0.04342626   
  29  -0.12950615    -0.13034888    -0.19523339    -0.00029489    -0.04340228    -0.03729338   
  30  -0.16818622    -0.16945177    -0.26210139    -0.00039589    -0.06079668    -0.05310318   
  31  -0.13031696    -0.13116472    -0.19655433    -0.00029688    -0.04365813    -0.03750874   
  32  -0.17681130    -0.17769361    -0.25386721    -0.00038344    -0.05256110    -0.04389168   
  33  -0.05350931     0.04489584     0.00000031    -0.00002278     0.17167966    -0.17148044   
  34  -0.08958956     0.07833281     0.00000047    -0.00006562     0.27117193    -0.28176532   
  35  -0.07778995     0.06953285     0.00000025     0.00001487     0.20844004    -0.21807550   
  36  -0.08958689     0.07833044     0.00000022     0.00010121     0.27116304    -0.28175569   
  37  -0.05350862     0.04489519     0.00000019     0.00004415     0.17167738    -0.17147781   
  38  -0.04768238     0.03720833     0.00000029     0.00000948     0.16365423    -0.15155281   
  39  -0.01957142     0.00411527     0.00000046     0.00000283     0.07096690    -0.01545467   
  40  -0.01960051    -0.00393322     0.00000057     0.00000205     0.07091744     0.01554538   
  41  -0.02784727    -0.01326196     0.00000085     0.00000193     0.10075243     0.05412685   
  42  -0.01960036    -0.00393315     0.00000041     0.00000181     0.07091698     0.01554515   
  43  -0.01957117     0.00411507     0.00000022     0.00000268     0.07096605    -0.01545390   
  44  -0.02775203     0.01352110     0.00000034     0.00000473     0.10092823    -0.05400036   
  45  -0.08598840    -0.07362718    -0.00028354     0.00000165     0.27899105     0.29411757   
  46  -0.08598801    -0.07362686     0.00028982     0.00000254     0.27898947     0.29411592   
  47  -0.16851062     0.17244766     0.00038197    -0.25373677    -0.05536544     0.04696347   
  48  -0.16369165     0.16776483     0.00038996    -0.25902719    -0.06078370     0.05309838   
  49  -0.16522164     0.16909158     0.00037360    -0.24817948    -0.05454155     0.04631693   
  50  -0.16518800     0.16905616    -0.00037407     0.24823643    -0.05454856     0.04632102   
  51  -0.16365167     0.16772287    -0.00039043     0.25907586    -0.06078898     0.05310083   
  52  -0.16846867     0.17240373    -0.00038244     0.25378347    -0.05537018     0.04696561   
  53  -0.16995104    -0.17100313     0.25374843     0.00038112    -0.05526792    -0.04708734   
  54  -0.16508944    -0.16635807     0.25903234     0.00038904    -0.06067604    -0.05323788   
  55  -0.16663625    -0.16767747     0.24819410     0.00037278    -0.05444603    -0.04643953   
  56  -0.16661996    -0.16766126    -0.24821717    -0.00037493    -0.05443728    -0.04643236   
  57  -0.16507920    -0.16634794    -0.25906634    -0.00039129    -0.06066883    -0.05323198   
  58  -0.16993486    -0.17098702    -0.25377253    -0.00038331    -0.05525913    -0.04708014   
  59  -0.08536699     0.07435369     0.00000076    -0.00026897     0.27962450    -0.29349028   
  60  -0.08536304     0.07435019    -0.00000007     0.00030396     0.27961119    -0.29347588   
           7              8              9              10             11             12       
   1   0.29035459     0.19763747     0.05436962     0.00228506     0.02625662    -0.00763965   
   2  -0.00000447     0.00000469     0.05353778    -0.00174792     0.02167798    -0.00458792   
   3  -0.29036341    -0.19762650     0.05437457     0.00226508     0.02255818    -0.00266615   
   4  -0.12690740    -0.08637345    -0.03237445     0.00266353    -0.01320596     0.00372365   
   5   0.00000721    -0.00001136    -0.12125719     0.00356232    -0.04972110     0.01052163   
   6   0.12691022     0.08636779    -0.03237678     0.00267233    -0.01157557     0.00153110   
   7  -0.00000025     0.00000042     0.02391331     0.01290504     0.00244136    -0.00047647   
   8  -0.00034876     0.00051260     0.04973485     0.04114782    -0.01739878    -0.01688354   
   9  -0.00164196     0.00241311     0.11775467     0.19982478    -0.25808159    -0.17487166   
  10  -0.00033306     0.00048940     0.00203391     0.04423394    -0.09112318    -0.05683145   
  11   0.00083124    -0.00122186    -0.11262653    -0.09711086     0.04699276     0.04316149   
  12   0.00077939    -0.00114540    -0.05424244    -0.08871460     0.11262591     0.07654212   
  13   0.00094982    -0.00139564    -0.01288496    -0.10845853     0.21416070     0.13427397   
  14   0.00034812    -0.00051158     0.04968831     0.04099520     0.01042803     0.01861036   
  15  -0.00094998     0.00139593    -0.01267729    -0.10747795    -0.02783853    -0.17467498   
  16  -0.00077884     0.00114454    -0.05410321    -0.08812391    -0.02274039    -0.09623955   
  17  -0.00082982     0.00121962    -0.11251060    -0.09672238    -0.02482613    -0.04844875   
  18   0.00033324    -0.00048970     0.00194573     0.04381931     0.01143299     0.07409864   
  19   0.00164096    -0.00241157     0.11743568     0.19847707     0.05139150     0.22014480   
  20  -0.00000105     0.00000096     0.02390750    -0.01290532     0.00243001    -0.00055210   
  21  -0.00051304    -0.00034793     0.04967969    -0.04101217     0.00850587    -0.01554919   
  22  -0.00241214    -0.00164100     0.11748627    -0.19848617     0.03023307    -0.15848354   
  23  -0.00048861    -0.00033334     0.00197463    -0.04380461     0.00443959    -0.05126767   
  24   0.00122266     0.00082964    -0.11249627     0.09676827    -0.01987436     0.03966608   
  25   0.00114514     0.00077880    -0.05412654     0.08813060    -0.01348501     0.06938115   
  26   0.00139416     0.00095006    -0.01274482     0.10744538    -0.01133338     0.12116678   
  27   0.00051170     0.00034981     0.04973934    -0.04117287    -0.01554142     0.01679341   
  28  -0.00139564    -0.00094917    -0.01289496     0.10845551     0.19755677    -0.15985116   
  29  -0.00114456    -0.00078016    -0.05425249     0.08873938     0.10339064    -0.08784323   
  30  -0.00121984    -0.00083364    -0.11263890     0.09717087     0.04218708    -0.04380681   
  31   0.00048959     0.00033263     0.00204107    -0.04423457    -0.08408631     0.06782565   
  32   0.00241161     0.00164339     0.11778298    -0.19988635    -0.23697045     0.20096444   
  33  -0.08638015     0.12688961    -0.03241647    -0.00268814    -0.01146579     0.00381999   
  34  -0.19763603     0.29035318     0.05440700    -0.00224620     0.02656365    -0.00243647   
  35  -0.00000127     0.00000207     0.05359128     0.00177860     0.02170227    -0.00458230   
  36   0.19763563    -0.29035215     0.05446284    -0.00222795     0.02229945    -0.00790700   
  37   0.08639143    -0.12690639    -0.03239272    -0.00268012    -0.01334599     0.00140838   
  38   0.00001222    -0.00001839    -0.12138180    -0.00363304    -0.04977761     0.01051151   
  39  -0.00002980     0.00060655    -0.27647466    -0.00039081    -0.11745797     0.02483311   
  40   0.00029542     0.00054535    -0.27644908     0.00021886    -0.11744712     0.02482809   
  41   0.00001912    -0.00002934    -0.29760126     0.00119774    -0.12596236     0.02663179   
  42  -0.00025911    -0.00060090    -0.27644857     0.00021884    -0.11745871     0.02483184   
  43   0.00006752    -0.00066409    -0.27647286    -0.00039078    -0.11746953     0.02482765   
  44   0.00002134    -0.00003247    -0.29768707    -0.00138233    -0.12599969     0.02663176   
  45   0.49115506     0.33432932     0.09271157     0.00592203     0.04607357    -0.01313936   
  46  -0.49116984    -0.33431088     0.09271978     0.00588945     0.04004350    -0.00503037   
  47  -0.00283205     0.00416216     0.19959683     0.34323507    -0.44616294    -0.30191142   
  48   0.00128641    -0.00189101    -0.18757746    -0.16294354     0.07971239     0.07293633   
  49   0.00176905    -0.00259937    -0.02479060    -0.18578005     0.36374593     0.22819886   
  50  -0.00176922     0.00259969    -0.02443943    -0.18411755    -0.04747624    -0.29679248   
  51  -0.00128415     0.00188743    -0.18738003    -0.16228550    -0.04173184    -0.08197474   
  52   0.00283046    -0.00415971     0.19904719     0.34090853     0.08829593     0.38028093   
  53  -0.00416024    -0.00283055     0.19913367    -0.34092178     0.05175684    -0.27359796   
  54   0.00189212     0.00128386    -0.18735540     0.16236192    -0.03335946     0.06701846   
  55   0.00259697     0.00176927    -0.02455209     0.18405770    -0.01942731     0.20593296   
  56  -0.00259931    -0.00176817    -0.02480591     0.18577378     0.33553133    -0.27158874   
  57  -0.00188771    -0.00129021    -0.18760044     0.16304601     0.07158539    -0.07413277   
  58   0.00415959     0.00283430     0.19964670    -0.34334095    -0.40970192     0.34716623   
  59  -0.33431732     0.49117328     0.09277982    -0.00585223     0.04657548    -0.00466952   
  60   0.33431151    -0.49116399     0.09287560    -0.00582251     0.03962472    -0.01358940   
           13             14             15             16             17             18       
   1   0.02575281     0.00412796     0.03624370    -0.00018739     0.00083309     0.00948043   
   2   0.02471221    -0.00345763     0.02615021     0.00000300    -0.00000565    -0.00003821   
   3   0.02990983     0.00412800     0.03624388     0.00019879    -0.00086595     0.00947978   
   4  -0.01320614     0.00487465    -0.01323142     0.00008521    -0.00037981    -0.23232466   
   5  -0.05668203     0.00660173    -0.06235778    -0.00000770     0.00001588    -0.38769607   
   6  -0.01503884     0.00487463    -0.01323158    -0.00008745     0.00038034    -0.23232492   
   7   0.00277930     0.02533197    -0.01894033    -0.00000452    -0.00000110     0.00329005   
   8   0.00487273     0.08028649    -0.07500341     0.11392574     0.02586434    -0.00026858   
   9  -0.01950270     0.00676635    -0.02687727     0.08522068     0.01934821    -0.00045931   
  10  -0.01285106    -0.07507144     0.06189391    -0.07815914    -0.01774401    -0.00000345   
  11  -0.01019585    -0.18008412     0.16976246    -0.26593589    -0.06037491     0.00028263   
  12   0.00823295    -0.00427603     0.01218911    -0.03275283    -0.00743612    -0.00003780   
  13   0.02934407     0.17048050    -0.14173970     0.18987818     0.04310697    -0.00051500   
  14  -0.01284790     0.08028958    -0.07499744    -0.11396405    -0.02586212    -0.00026857   
  15   0.18377331     0.17035532    -0.14162006    -0.18984737    -0.04308278    -0.00051498   
  16   0.09457539    -0.00433749     0.01223835     0.03280785     0.00744503    -0.00003780   
  17   0.03554325    -0.18009791     0.16975388     0.26602800     0.06037032     0.00028261   
  18  -0.07829800    -0.07502108     0.06184564     0.07814997     0.01773487    -0.00000345   
  19  -0.21690360     0.00689787    -0.02698162    -0.08533630    -0.01936526    -0.00045930   
  20   0.00274739    -0.02531343    -0.01896672    -0.00000700     0.00003088    -0.00329037   
  21  -0.01759395    -0.08014078    -0.07501420    -0.02588485     0.11403653     0.00026890   
  22  -0.26856690    -0.00664304    -0.02682748    -0.01935527     0.08527085     0.00045942   
  23  -0.09531829     0.07497966     0.06192343     0.01776080    -0.07824552     0.00000343   
  24   0.04776767     0.17974866     0.16978053     0.06042071    -0.26618537    -0.00028272   
  25   0.11717898     0.00422741     0.01217442     0.00744090    -0.03278137     0.00003780   
  26   0.22394709    -0.17025998    -0.14179455    -0.04314264     0.19006572     0.00051513   
  27   0.00942824    -0.08025582    -0.07514927     0.02583926    -0.11384326     0.00026890   
  28  -0.01091550    -0.17048681    -0.14206682     0.04307555    -0.18978207     0.00051509   
  29  -0.01421473     0.00424382     0.01219116    -0.00742483     0.03271305     0.00003780   
  30  -0.02197669     0.18001343     0.17009171    -0.06031658     0.26574426    -0.00028270   
  31   0.00421511     0.07506937     0.06203241    -0.01772977     0.07811367     0.00000343   
  32   0.03182492    -0.00669824    -0.02688487     0.01932220    -0.08513151     0.00045938   
  33  -0.01475054    -0.00483524    -0.01326156    -0.00038157    -0.00007981     0.23237264   
  34   0.02647828    -0.00420644     0.03625985    -0.00084416    -0.00020386    -0.00947878   
  35   0.02474252     0.00338970     0.02618560     0.00000334    -0.00001018     0.00004103   
  36   0.02923302    -0.00420980     0.03628420     0.00085483     0.00018124    -0.00947967   
  37  -0.01353650    -0.00483678    -0.01325122     0.00037850     0.00009258     0.23237585   
  38  -0.05675156    -0.00644340    -0.06243939    -0.00000827     0.00002417     0.38778231   
  39  -0.13392818    -0.00036634    -0.15800122    -0.00002385     0.00005592     0.10886002   
  40  -0.13391572     0.00074696    -0.15798597    -0.00002318     0.00005618    -0.10909787   
  41  -0.14361027     0.00255716    -0.16819722    -0.00002309     0.00005666    -0.28868415   
  42  -0.13390445     0.00074696    -0.15798569    -0.00002069     0.00005325    -0.10909739   
  43  -0.13391754    -0.00036631    -0.15800022    -0.00002012     0.00005494     0.10885301   
  44  -0.14365465    -0.00215104    -0.16824842    -0.00002330     0.00005967     0.28854190   
  45   0.04571393     0.01080633     0.06752278    -0.00029700     0.00132191     0.25924298   
  46   0.05249180     0.01080648     0.06752323     0.00031958    -0.00138996     0.25924275   
  47  -0.03420213     0.00840101    -0.04427574     0.15064614     0.03420213     0.00025110   
  48  -0.01695825    -0.30436835     0.28797702    -0.45844063    -0.10407890     0.00002184   
  49   0.04967021     0.28879466    -0.24092418     0.32912241     0.07471883     0.00020334   
  50   0.31209133     0.28858278    -0.24072095    -0.32907039    -0.07467719     0.00020334   
  51   0.06038557    -0.30438817     0.28795887     0.45859279     0.10406952     0.00002184   
  52  -0.37511277     0.00862982    -0.04445735    -0.15084757    -0.03423169     0.00025108   
  53  -0.46432827    -0.00818874    -0.04418436    -0.03421296     0.15072736    -0.00025146   
  54   0.08105354     0.30379342     0.28800022     0.10415511    -0.45885878    -0.00002180   
  55   0.38035289    -0.28841477    -0.24101119    -0.07477828     0.32943717    -0.00020370   
  56  -0.01873793    -0.28880747    -0.24148199     0.07466478    -0.32895783    -0.00020370   
  57  -0.03688276     0.30425220     0.28853878    -0.10397952     0.45811564    -0.00002180   
  58   0.05444547    -0.00828589    -0.04428604     0.03415704    -0.15049218    -0.00025146   
  59   0.04689495    -0.01094781     0.06754792    -0.00134560    -0.00032756    -0.25929761   
  60   0.05138861    -0.01095338     0.06758996     0.00136627     0.00028693    -0.25930558   
           19             20             21             22             23             24       
   1   0.05464373     0.03773992     0.01409339     0.00000175    -0.00025160     0.14291004   
   2   0.10096123     0.11539875     0.07008483    -0.00000014     0.00000253     0.31137998   
   3   0.05464472     0.03774037     0.01409355    -0.00000190     0.00025320     0.14291184   
   4   0.26527493    -0.00025289    -0.04079064    -0.00000160     0.00020573     0.07151007   
   5   0.32645527    -0.04128462    -0.06833407    -0.00000005    -0.00000133    -0.06899322   
   6   0.26527491    -0.00025328    -0.04079089     0.00000140    -0.00020647     0.07150857   
   7   0.03450373    -0.12831208     0.11715391     0.00000073     0.00000001    -0.08069090   
   8   0.01641673    -0.19617625     0.19670420     0.22116491     0.00158372     0.00290924   
   9   0.00356534    -0.09175835     0.09436034     0.13452237     0.00096327     0.02281409   
  10   0.00268615    -0.12727944     0.13406219     0.23548457     0.00168627     0.07532599   
  11  -0.00018709    -0.06021860     0.06507558     0.13607268     0.00097441     0.05665636   
  12   0.00262957    -0.12556418     0.13225130     0.23300111     0.00166852     0.07425538   
  13   0.00347797    -0.08972157     0.09222746     0.13193829     0.00094481     0.02179841   
  14   0.01641601    -0.19616857     0.19669663    -0.22117361    -0.00158315     0.00290883   
  15   0.00347783    -0.08971787     0.09222369    -0.13194280    -0.00094446     0.02179680   
  16   0.00262945    -0.12555867     0.13224560    -0.23300935    -0.00166791     0.07425152   
  17  -0.00018707    -0.06021630     0.06507314    -0.13607834    -0.00097406     0.05665389   
  18   0.00268602    -0.12727460     0.13405720    -0.23549465    -0.00168566     0.07532288   
  19   0.00356521    -0.09175531     0.09435729    -0.13452876    -0.00096293     0.02281325   
  20   0.03454192     0.12824564     0.11724276    -0.00000002     0.00000263     0.08069157   
  21   0.01643317     0.19605426     0.19683263     0.00158342    -0.22115383    -0.00290949   
  22   0.00356868     0.09169862     0.09441924     0.00096311    -0.13451362    -0.02281220   
  23   0.00268870     0.12719627     0.13414551     0.00168592    -0.23547106    -0.07531910   
  24  -0.00018726     0.06017936     0.06511615     0.00097419    -0.13606635    -0.05665141   
  25   0.00263211     0.12548417     0.13233565     0.00166813    -0.23299124    -0.07424966   
  26   0.00348123     0.08966427     0.09228617     0.00094458    -0.13193099    -0.02179674   
  27   0.01643145     0.19603138     0.19680911    -0.00158352     0.22118598    -0.00291086   
  28   0.00348094     0.08965470     0.09227602    -0.00094464     0.13195079    -0.02179592   
  29   0.00263189     0.12546926     0.13231944    -0.00166822     0.23302220    -0.07424367   
  30  -0.00018720     0.06017143     0.06510731    -0.00097422     0.13608237    -0.05664579   
  31   0.00268847     0.12717975     0.13412757    -0.00168599     0.23549950    -0.07531174   
  32   0.00356838     0.09168772     0.09440768    -0.00096317     0.13453176    -0.02281041   
  33   0.26513318     0.00022460    -0.04075974    -0.00020595    -0.00000198    -0.07159475   
  34   0.05461665    -0.03775813     0.01406514    -0.00025197    -0.00000214    -0.14300732   
  35   0.10089872    -0.11543012     0.06997625     0.00000050    -0.00000063    -0.31155163   
  36   0.05461777    -0.03775814     0.01406478     0.00025223     0.00000144    -0.14300783   
  37   0.26513750     0.00022521    -0.04076099     0.00020580     0.00000091    -0.07159437   
  38   0.32628712     0.04126840    -0.06826520    -0.00000024    -0.00000029     0.06899838   
  39  -0.15077917     0.02882454     0.02495899     0.00000526     0.00000512     0.15893797   
  40  -0.15082621    -0.02882642     0.02495155     0.00000443     0.00000519    -0.15889802   
  41  -0.06565402    -0.06681434     0.00423232     0.00000022    -0.00000103    -0.33352966   
  42  -0.15083120    -0.02882759     0.02495366    -0.00000413    -0.00000556    -0.15894341   
  43  -0.15078380     0.02882134     0.02496107    -0.00000535    -0.00000361     0.15888101   
  44  -0.06553922     0.06681614     0.00424989    -0.00000021     0.00000109     0.33353488   
  45  -0.30336698    -0.08182680    -0.02216190    -0.00000036     0.00006930    -0.24438210   
  46  -0.30336714    -0.08182730    -0.02216223     0.00000069    -0.00007233    -0.24438353   
  47  -0.01628186     0.22540717    -0.22929521    -0.30428147    -0.00217892    -0.04757352   
  48  -0.00399894     0.17592594    -0.18486972    -0.31954370    -0.00228823    -0.09885223   
  49  -0.01637529     0.22566641    -0.22951901    -0.30427409    -0.00217887    -0.04722112   
  50  -0.01637464     0.22565716    -0.22950968     0.30428463     0.00217807    -0.04721783   
  51  -0.00399882     0.17592063    -0.18486426     0.31955933     0.00228742    -0.09884845   
  52  -0.01628109     0.22539732    -0.22928536     0.30429243     0.00217812    -0.04757115   
  53  -0.01629818    -0.22526641    -0.22944428    -0.00217848     0.30426769     0.04757019   
  54  -0.00400283    -0.17581480    -0.18498860    -0.00228775     0.31953155     0.09884491   
  55  -0.01639215    -0.22553037    -0.22967314    -0.00217847     0.30426609     0.04721829   
  56  -0.01639022    -0.22550081    -0.22964233     0.00217857    -0.30430461     0.04721503   
  57  -0.00400242    -0.17579034    -0.18496220     0.00228783    -0.31956776     0.09883497   
  58  -0.01629632    -0.22523664    -0.22941319     0.00217858    -0.30430489     0.04756599   
  59  -0.30319810     0.08187026    -0.02210731     0.00007046     0.00000127     0.24454925   
  60  -0.30320341     0.08186928    -0.02210595    -0.00007102     0.00000029     0.24454746   
           25             26             27             28             29             30       
   1   0.00226202     0.13411172     0.01512460    -0.10662740    -0.23555462    -0.24328777   
   2  -0.00002505     0.37937323     0.13047881    -0.24614228    -0.00003197     0.00001929   
   3  -0.00228373     0.13411448     0.01512539    -0.10665747     0.23552881     0.24330304   
   4  -0.00527304    -0.10975512    -0.12935077     0.05521142     0.36341537     0.37526097   
   5   0.00000936    -0.24786777    -0.12895044     0.15033652     0.00001959    -0.00001340   
   6   0.00526917    -0.10975869    -0.12935204     0.05525724    -0.36339831    -0.37527599   
   7   0.00000340     0.16279832    -0.15810179     0.07792307     0.00000395     0.00000098   
   8   0.00000638     0.10430184    -0.20725716     0.25006590    -0.00323799     0.00317372   
   9   0.00000195     0.00716178    -0.04615119     0.07586412    -0.00014677     0.00014732   
  10  -0.00000603    -0.11430749     0.14167536    -0.13044023     0.00284519    -0.00278448   
  11  -0.00000549    -0.11096446     0.15892655    -0.16722941     0.00205970    -0.00201892   
  12  -0.00000743    -0.11298745     0.14170066    -0.13979148     0.00043664    -0.00043157   
  13  -0.00000124     0.00808253    -0.04572221     0.06892289    -0.00181241     0.00177367   
  14  -0.00000505     0.10429875    -0.20725324     0.25007008     0.00327012    -0.00316620   
  15   0.00000024     0.00808418    -0.04572514     0.06893317     0.00182127    -0.00177160   
  16   0.00000218    -0.11298181     0.14169365    -0.13978183    -0.00045456     0.00042742   
  17   0.00000116    -0.11096045     0.15892273    -0.16723149    -0.00208085     0.00201397   
  18   0.00000070    -0.11430424     0.14167471    -0.13045239    -0.00286096     0.00278071   
  19  -0.00000302     0.00716115    -0.04614874     0.07585878     0.00015712    -0.00014495   
  20  -0.00000746     0.16300493     0.15788846     0.07798879     0.00000652    -0.00000409   
  21  -0.00000718     0.10442576     0.20696554     0.25027889    -0.00312651    -0.00329255   
  22  -0.00000131     0.00716995     0.04608538     0.07592572    -0.00013947    -0.00015702   
  23   0.00000921    -0.11444279    -0.14147606    -0.13055504     0.00275034     0.00288282   
  24   0.00000809    -0.11109629    -0.15870317    -0.16737250     0.00198853     0.00209479   
  25   0.00001057    -0.11312232    -0.14150132    -0.13990703     0.00041815     0.00045412   
  26   0.00000185     0.00809263     0.04565971     0.06898648    -0.00175233    -0.00183577   
  27   0.00000425     0.10441253     0.20693960     0.25024331     0.00318062     0.00326132   
  28   0.00000036     0.00808979     0.04565136     0.06897063     0.00176725     0.00182716   
  29   0.00000095    -0.11311211    -0.14148861    -0.13989712    -0.00044840    -0.00043688   
  30   0.00000143    -0.11108370    -0.15868389    -0.16734876    -0.00202423    -0.00207429   
  31   0.00000247    -0.11442946    -0.14145707    -0.13052910    -0.00277694    -0.00286738   
  32   0.00000366     0.00716915     0.04608101     0.07592010     0.00015693     0.00014710   
  33   0.00528054    -0.10957099     0.12946712     0.05527205     0.37533083    -0.36334598   
  34   0.00228155     0.13404018    -0.01516472    -0.10664775     0.24326217    -0.23557195   
  35   0.00001143     0.37905977    -0.13064365    -0.24615681    -0.00001921    -0.00000460   
  36  -0.00227170     0.13403519    -0.01515737    -0.10659230    -0.24328053     0.23557114   
  37  -0.00527880    -0.10958133     0.12947947     0.05535912    -0.37531817     0.36334821   
  38  -0.00000418    -0.24761437     0.12909671     0.15037912     0.00001383     0.00000151   
  39   0.49994353     0.07494171    -0.14569206    -0.04213626     0.00117522     0.00663165   
  40   0.49995841     0.07506287     0.14562069    -0.04200265    -0.00140884     0.00660379   
  41   0.00002082    -0.00630905     0.26117630     0.00926691    -0.00000261     0.00000967   
  42  -0.49995220     0.07504665     0.14560792    -0.04199920     0.00139506    -0.00658885   
  43  -0.49996652     0.07492549    -0.14569369    -0.04213240    -0.00118011    -0.00664013   
  44  -0.00000917    -0.00654054    -0.26116359     0.00903973     0.00000496    -0.00001031   
  45  -0.00341966    -0.16749200    -0.00599049     0.11169757     0.23315957     0.24075921   
  46   0.00345365    -0.16749488    -0.00599154     0.11172725    -0.23313176    -0.24077301   
  47   0.00000327     0.00186025     0.04313893    -0.07288285     0.00022867    -0.00022641   
  48   0.00000761     0.14570154    -0.17956720     0.17065388    -0.00206104     0.00201977   
  49   0.00000144     0.00113246     0.04322340    -0.06718893     0.00168108    -0.00164570   
  50   0.00000085     0.00112950     0.04322752    -0.06720002    -0.00168969     0.00164368   
  51  -0.00000069     0.14569683    -0.17956339     0.17065636     0.00208232    -0.00201479   
  52  -0.00000096     0.00186045     0.04313628    -0.07287702    -0.00023858     0.00022413   
  53  -0.00000467     0.00186272    -0.04307786    -0.07294260     0.00021885     0.00023847   
  54  -0.00001175     0.14587591     0.17931591     0.17080060    -0.00198981    -0.00209573   
  55  -0.00000281     0.00113269    -0.04316585    -0.06725247     0.00162528     0.00170353   
  56  -0.00000221     0.00113513    -0.04315678    -0.06723588    -0.00163970    -0.00169508   
  57  -0.00000343     0.14585955     0.17929453     0.17077691     0.00202571     0.00207509   
  58  -0.00000042     0.00186260    -0.04307376    -0.07293721    -0.00023555    -0.00022894   
  59  -0.00344997    -0.16741406     0.00602697     0.11170833    -0.24078339     0.23311911   
  60   0.00343450    -0.16740520     0.00601830     0.11165112     0.24079937    -0.23311573   
           31             32             33             34             35             36       
   1  -0.00673068    -0.00222745     0.00000604    -0.00147311    -0.10756822    -0.00321557   
   2  -0.02025037    -0.00479162     0.00015753    -0.00003933    -0.31416342     0.00001385   
   3  -0.00673592    -0.00221820     0.00010870     0.00145080    -0.10755706     0.00322564   
   4   0.00981114     0.00093757     0.00002001     0.00242351     0.14772366     0.00552861   
   5   0.01397183     0.00297225    -0.00010605     0.00002822     0.21541314    -0.00000931   
   6   0.00981979     0.00092241    -0.00015068    -0.00237685     0.14770594    -0.00554060   
   7  -0.00038529     0.00158849    -0.00000927    -0.00000594    -0.01323757     0.00000085   
   8  -0.01059369     0.00524518     0.00129818    -0.00009682    -0.17612370     0.06801427   
   9  -0.17851593    -0.16788239    -0.23826496     0.00970980    -0.04582803     0.02259484   
  10  -0.26250365    -0.26177656    -0.36562349     0.01494302     0.10251710    -0.03220517   
  11   0.00770321    -0.00247516     0.00051961     0.00000697     0.11160186    -0.04278128   
  12   0.27453080     0.25802748     0.36655905    -0.01493759     0.06839820    -0.03228665   
  13   0.17149397     0.17083584     0.23865840    -0.00975348    -0.06733711     0.02247415   
  14  -0.01058916     0.00524637    -0.00125224     0.00000803    -0.17617854    -0.06800359   
  15   0.16837483     0.16681505    -0.24368514     0.00962189    -0.06734357    -0.02246817   
  16   0.26972157     0.25183164    -0.37435076     0.01482186     0.06844355     0.03228603   
  17   0.00768500    -0.00249639    -0.00057887     0.00004951     0.11163618     0.04277444   
  18  -0.25772504    -0.25561642     0.37332179    -0.01473988     0.10252369     0.03219522   
  19  -0.17539054    -0.16385560     0.24333396    -0.00963399    -0.04585867    -0.02259451   
  20   0.00044233     0.00157363    -0.00001511    -0.00000455     0.01323775    -0.00000219   
  21   0.01076311     0.00485147    -0.00005291     0.00126551     0.17619850     0.43149138   
  22   0.17109397    -0.17312618    -0.00930031    -0.23996910     0.04585364     0.14335343   
  23   0.25099113    -0.26940551    -0.01417003    -0.36819597    -0.10255086    -0.20429756   
  24  -0.00777338    -0.00219565     0.00008668     0.00055101    -0.11164990    -0.27141074   
  25  -0.26311838     0.26608718     0.01430908     0.36917407    -0.06843759    -0.20484859   
  26  -0.16397659     0.17581725     0.00925033     0.24033283     0.06736104     0.14257121   
  27   0.01078489     0.00482348    -0.00015108    -0.00124082     0.17615034    -0.43155901   
  28  -0.16299520     0.17435819    -0.01011795    -0.24201440     0.06735704    -0.14260777   
  29  -0.26162517     0.26386372    -0.01544595    -0.37178549    -0.06839706     0.20485964   
  30  -0.00778005    -0.00218777     0.00003991    -0.00057308    -0.11161924     0.27145289   
  31   0.24948877    -0.26717143     0.01550268     0.37077346    -0.10254613     0.20435380   
  32   0.17012432    -0.17168195     0.01004121     0.24166936     0.04582610    -0.14336058   
  33  -0.00976858     0.00132992     0.00244690    -0.00013751    -0.14783772     0.00086147   
  34   0.00665970    -0.00246838     0.00144157    -0.00004073     0.10759746     0.00049249   
  35   0.02007448    -0.00557012    -0.00007492     0.00007061     0.31432756    -0.00001154   
  36   0.00664381    -0.00249331    -0.00148123     0.00009142     0.10762939    -0.00050041   
  37  -0.00979506     0.00128911    -0.00235186     0.00007732    -0.14779045    -0.00085045   
  38  -0.01386328     0.00351017     0.00005429    -0.00004772    -0.21553867     0.00000790   
  39   0.00975344    -0.00109354    -0.00006453     0.00005489     0.14657344     0.00005665   
  40  -0.00978082    -0.00071430     0.00003918    -0.00000642    -0.14648849     0.00003657   
  41  -0.01623609     0.00055253     0.00009156    -0.00004498    -0.24182644     0.00000922   
  42  -0.00977984    -0.00071392     0.00008767    -0.00004141    -0.14647958    -0.00002486   
  43   0.00975360    -0.00109333    -0.00003348     0.00000382     0.14657106    -0.00006758   
  44   0.01624319    -0.00007813    -0.00009536     0.00004356     0.24180305    -0.00000931   
  45   0.00633313     0.00225532     0.00000187     0.00160951     0.10074890     0.00360126   
  46   0.00633894     0.00224525    -0.00011233    -0.00158947     0.10073791    -0.00361063   
  47   0.17220026     0.16201844     0.23006350    -0.00937579     0.04308967    -0.02124797   
  48  -0.00755412     0.00240981    -0.00054782    -0.00000520    -0.10799428     0.04080990   
  49  -0.16692747    -0.16624272    -0.23244069     0.00949915     0.06479342    -0.02121864   
  50  -0.16388900    -0.16232617     0.23733218    -0.00937132     0.06479985     0.02121310   
  51  -0.00753559     0.00243145     0.00060588    -0.00005005    -0.10802765    -0.04080342   
  52   0.16917975     0.15812773    -0.23495044     0.00930205     0.04311862     0.02124752   
  53  -0.16503846     0.16707671     0.00897981     0.23170943    -0.04311422    -0.13481020   
  54   0.00762175     0.00213640    -0.00008633    -0.00057800     0.10804110     0.25890584   
  55   0.15961278    -0.17109237    -0.00900995    -0.23407283    -0.06481734    -0.13460926   
  56   0.15865509    -0.16966932     0.00985361     0.23570645    -0.06481279     0.13464234   
  57   0.00762836     0.00212870    -0.00003749     0.00060006     0.10801182    -0.25894700   
  58  -0.16410146     0.16568141    -0.00969569    -0.23334896    -0.04308801     0.13481644   
  59  -0.00626229     0.00247921    -0.00158159     0.00004704    -0.10077303    -0.00055404   
  60  -0.00624442     0.00250635     0.00161636    -0.00009567    -0.10080171     0.00056135   
           37             38             39       
   1   0.00052350    -0.09069112    -0.09146363   
   2   0.00001512    -0.01969904    -0.02616396   
   3  -0.00051374    -0.09069095    -0.09146346   
   4  -0.00089618    -0.00758735    -0.00005253   
   5  -0.00001052     0.07011269     0.07055513   
   6   0.00088044    -0.00758778    -0.00005295   
   7   0.00000496     0.65036234    -0.64402905   
   8   0.43153622    -0.04011718     0.03933916   
   9   0.14336480    -0.08908192     0.08819123   
  10  -0.20432599     0.00989719    -0.00971681   
  11  -0.27143756     0.06546669    -0.06480219   
  12  -0.20486064     0.00948571    -0.00931633   
  13   0.14258805    -0.08897278     0.08808382   
  14  -0.43151852    -0.04011462     0.03933665   
  15  -0.14256802    -0.08896901     0.08808009   
  16   0.20487803     0.00948491    -0.00931553   
  17   0.27142553     0.06546276    -0.06479830   
  18   0.20428903     0.00989671    -0.00971635   
  19  -0.14337765    -0.08907721     0.08818657   
  20   0.00000020     0.64380113     0.65056019   
  21  -0.06801185    -0.03971291    -0.03973861   
  22  -0.02259585    -0.08817678    -0.08907909   
  23   0.03220066     0.00979742     0.00981545   
  24   0.04277974     0.06480257     0.06545567   
  25   0.03228906     0.00938988     0.00941067   
  26  -0.02247159    -0.08807059    -0.08897246   
  27   0.06800499    -0.03970870    -0.03973442   
  28   0.02247107    -0.08806118    -0.08896294   
  29  -0.03228336     0.00938922     0.00941002   
  30  -0.04277541     0.06479534     0.06544835   
  31  -0.03220037     0.00979639     0.00981443   
  32   0.02259173    -0.08816745    -0.08906967   
  33   0.00554297    -0.00758868    -0.00002748   
  34   0.00321147    -0.09155934     0.09048982   
  35  -0.00002365    -0.01994579     0.02595054   
  36  -0.00322922    -0.09155995     0.09049044   
  37  -0.00552355    -0.00758827    -0.00002785   
  38   0.00001579     0.07078012    -0.06979998   
  39  -0.00006174    -0.01788836     0.01671616   
  40  -0.00006732    -0.01771430    -0.01689209   
  41   0.00001433     0.01686051    -0.01224108   
  42   0.00008315    -0.01771346    -0.01689128   
  43   0.00004301    -0.01788763     0.01671544   
  44  -0.00001395     0.01673242     0.01240694   
  45  -0.00058318     0.04663480     0.04674424   
  46   0.00057430     0.04663429     0.04674373   
  47  -0.13481946     0.04571460    -0.04520026   
  48   0.25892991    -0.03306439     0.03269747   
  49  -0.13462203     0.04585870    -0.04534129   
  50   0.13460407     0.04585683    -0.04533944   
  51  -0.25891882    -0.03306232     0.03269543   
  52   0.13483068     0.04571175    -0.04519744   
  53   0.02124932     0.04525136     0.04565658   
  54  -0.04080879    -0.03272921    -0.03302744   
  55   0.02121665     0.04539469     0.04579973   
  56  -0.02121585     0.04538965     0.04579464   
  57   0.04080478    -0.03272589    -0.03302409   
  58  -0.02124539     0.04524658     0.04565175   
  59  -0.00359670     0.04707762    -0.04624272   
  60   0.00361340     0.04707744    -0.04624252   


************************************************
 Testing random coefficient initial guess method, Trial 3
************************************************

  Initializing L-BFGS optimisation...
    > Num. MOs       =     60
    > Num. params    =    893
    > Max subspace   =     20
    > Max step size   =  0.500
    > Backtracking   =  0.100
    > Parallel tr.   = True
    > Pseudo-canon.  = True
    > Canon interval = 10
    > Hybrid prec.   = True
  ================================================================
           Energy / Eh     Step Len    Max(|G_i|)
  ================================================================
     0   446.6353509478                 6.72e+00
     1   422.7752940293    5.00e-01     7.51e+00    rescaled  
     2   402.1640917552    5.00e-01     6.96e+00    rescaled  
     3   379.4929696890    5.00e-01     5.67e+00    rescaled  
     4   357.6087315373    5.00e-01     7.21e+00    rescaled  
     5   339.1908046097    5.00e-01     7.29e+00    rescaled  
     6   325.9357339037    5.00e-01     6.64e+00    rescaled  
     7   319.4971346941    5.00e-01     6.70e+00    rescaled  
     8   314.2829610094    5.00e-01     6.48e+00    rescaled  
     9   300.4230385821    5.00e-01     6.64e+00    rescaled  
    10   286.0600752543    5.00e-01     6.62e+00    rescaled  
    11   269.5933799080    5.00e-01     7.42e+00    rescaled  
    12   259.2288507806    5.00e-01     4.13e+00    rescaled  
    13   250.3695945323    5.00e-01     2.87e+00    rescaled  
    14   246.5585941698    5.00e-01     2.64e+00    rescaled  
    15   244.0059384735    5.00e-01     3.71e+00    rescaled  
    16   240.7921721736    4.38e-01     2.78e+00              
    17   240.7604541833    2.39e-01     3.16e+00              
    18   238.2098317737    5.00e-01     2.52e+00    rescaled  
    19   237.6743810869    2.75e-01     1.98e+00              
    20   236.8754500478    1.89e-01     1.85e+00              
    21   236.6012242977    1.49e-01     1.48e+00              
    22   236.4243173069    5.44e-02     1.08e+00              
    23   235.9308611271    1.39e-01     8.19e-01              
    24   235.5650508507    3.28e-02     5.94e-01              
    25   235.4668764111    3.50e-02     5.15e-01              
    26   235.3165512585    3.70e-02     2.66e-01              
    27   235.2763177953    2.11e-02     1.17e-01              
    28   235.2649442999    6.77e-03     9.09e-02              
    29   235.2613645787    8.96e-03     3.63e-02              
    30   235.2599568719    3.21e-03     2.00e-02              
    31   235.2596228944    1.72e-03     8.22e-03              
    32   235.2595648988    1.03e-03     4.94e-03              
    33   235.2595453392    4.72e-04     7.06e-04              
    34   235.2595447422    5.85e-05     2.15e-04              
    35   235.2595446925    2.14e-05     5.95e-05              
    36   235.2595446884    8.71e-06     2.43e-05              
    37   235.2595446881    2.31e-06     3.54e-06              
    38   235.2595446881    3.76e-07     7.64e-07              
  ================================================================
  L-BFGS converged in     38 iterations (  2.44 seconds)

  Initializing Davidson diagonalisation...
    > Max iterations =   1000
    > Target states  =      5
    > Convergence    =  1.000e-04
    > Basis per root =      4
    > Max basis size =     20
  Davidson diagonalisation converged in     32 iterations (  5.55 seconds)

   --------------------------
    Converged eigenvalues:   
   --------------------------
       0        6.80630601   
       1        6.82735292   
       2        7.04656115   
       3        7.05168092   
       4        7.36031048   
   --------------------------

 ---------------------------------------------
         Total Energy =   235.25954469 Eh
              Nuclear =  5151.81221337 Eh
         One Electron = -9722.71478663 Eh
              Coulomb =  5089.50905508 Eh
        ROHF Exchange =  -283.34693713 Eh
 ---------------------------------------------
           <Sz> =  1.00
           <S2> =  2.00
  Spin Coupling = ++

 -----------------------------------------------------------------------------------------------
  Open-Shell Exchange Matrix <Ψ|Êpq Êqp|Ψ> - Np
 -----------------------------------------------------------------------------------------------
           1              2        
   1   0.00000000    -1.00000000   
   2  -1.00000000     0.00000000   

 -----------------------------------------------------------------------------------------------
  Open-Shell Exchange Integrals <pq|qp>
 -----------------------------------------------------------------------------------------------
           1              2        
   1   3.67375714     3.02044293   
   2   3.02044293     3.67718585   

 -----------------------------------------------------------------------------------------------
  Occupied Orbital Coefficients
 -----------------------------------------------------------------------------------------------
           1              2              3              4              5              6        
   1   0.09024777    -0.07757207     0.00008037    -0.00000194     0.27056043    -0.28237028   
   2   0.07838073    -0.06887807    -0.00000262    -0.00000152     0.20797351    -0.21854799   
   3   0.09024748    -0.07757183    -0.00008661    -0.00000218     0.27055929    -0.28236909   
   4   0.05388096    -0.04443672    -0.00003537    -0.00000151     0.17129191    -0.17184737   
   5   0.04798021    -0.03679080    -0.00000167    -0.00000167     0.16328051    -0.15187211   
   6   0.05388115    -0.04443688     0.00003162    -0.00000143     0.17129257    -0.17184803   
   7   0.05261797     0.05220978     0.00000000    -0.00000720     0.02105246     0.02471758   
   8   0.13829154     0.14102772    -0.00027726     0.18462893    -0.03385062    -0.02660008   
   9   0.17532854     0.17921413    -0.00038117     0.25382982    -0.05266236    -0.04378304   
  10   0.12922321     0.13228618    -0.00029511     0.19652712    -0.04374193    -0.03741562   
  11   0.16677111     0.17089698    -0.00039353     0.26206232    -0.06091217    -0.05297033   
  12   0.12841700     0.13146110    -0.00029313     0.19520300    -0.04348486    -0.03720018   
  13   0.17346446     0.17730803    -0.00037664     0.25080972    -0.05210009    -0.04331831   
  14   0.13826338     0.14099820     0.00027762    -0.18467122    -0.03385522    -0.02660272   
  15   0.17342894     0.17727072     0.00037712    -0.25086621    -0.05210667    -0.04332207   
  16   0.12838827     0.13143093     0.00029350    -0.19524304    -0.04348941    -0.03720258   
  17   0.16673177     0.17085568     0.00039402    -0.26211281    -0.06091778    -0.05297307   
  18   0.12919267     0.13225416     0.00029549    -0.19656501    -0.04374602    -0.03741763   
  19   0.17528726     0.17917092     0.00038165    -0.25387907    -0.05266737    -0.04378548   
  20   0.05306239    -0.05176483    -0.00000127     0.00000001     0.02102060    -0.02478769   
  21   0.13947717    -0.13984441    -0.18464564    -0.00027665    -0.03379143     0.02667057   
  22   0.17683138    -0.17771010    -0.25384520    -0.00038033    -0.05257006     0.04389886   
  23   0.13033143    -0.13117655    -0.19653634    -0.00029447    -0.04366519     0.03751448   
  24   0.16820151    -0.16946363    -0.26207180    -0.00039267    -0.06080510     0.05311005   
  25   0.12951995    -0.13036005    -0.19521457    -0.00029249    -0.04340907     0.03729889   
  26   0.17495379    -0.17582248    -0.25082830    -0.00037581    -0.05200938     0.04343337   
  27   0.13946167    -0.13982902     0.18465985     0.00027821    -0.03378515     0.02666568   
  28   0.17493534    -0.17580413     0.25084993     0.00037794    -0.05200056     0.04342627   
  29   0.12950737    -0.13034754     0.19523346     0.00029415    -0.04340233     0.03729338   
  30   0.16818779    -0.16945003     0.26210146     0.00039490    -0.06079675     0.05310317   
  31   0.13031818    -0.13116338     0.19655439     0.00029614    -0.04365819     0.03750874   
  32   0.17681297    -0.17769180     0.25386732     0.00038248    -0.05256118     0.04389169   
  33   0.05350888     0.04489637    -0.00000030     0.00002289     0.17167954     0.17148055   
  34   0.08958881     0.07833371    -0.00000047     0.00006580     0.27117172     0.28176547   
  35   0.07778929     0.06953363    -0.00000025    -0.00001472     0.20843989     0.21807563   
  36   0.08958615     0.07833134    -0.00000021    -0.00010102     0.27116286     0.28175587   
  37   0.05350819     0.04489573    -0.00000019    -0.00004404     0.17167728     0.17147793   
  38   0.04768203     0.03720881    -0.00000029    -0.00000939     0.16365414     0.15155293   
  39   0.01957139     0.00411546    -0.00000046    -0.00000281     0.07096688     0.01545473   
  40   0.01960056    -0.00393303    -0.00000056    -0.00000203     0.07091744    -0.01554532   
  41   0.02784742    -0.01326170    -0.00000083    -0.00000191     0.10075244    -0.05412677   
  42   0.01960041    -0.00393296    -0.00000040    -0.00000179     0.07091698    -0.01554509   
  43   0.01957114     0.00411526    -0.00000021    -0.00000265     0.07096604     0.01545396   
  44   0.02775191     0.01352138    -0.00000033    -0.00000469     0.10092819     0.05400043   
  45   0.08598917    -0.07362638     0.00028360    -0.00000162     0.27899121    -0.29411736   
  46   0.08598879    -0.07362607    -0.00028975    -0.00000252     0.27898968    -0.29411575   
  47   0.16850876     0.17244914    -0.00038103     0.25373700    -0.05536547    -0.04696354   
  48   0.16368982     0.16776625    -0.00038899     0.25902740    -0.06078371    -0.05309845   
  49   0.16521981     0.16909303    -0.00037268     0.24817970    -0.05454157    -0.04631700   
  50   0.16518649     0.16905796     0.00037315    -0.24823622    -0.05454850    -0.04632104   
  51   0.16365018     0.16772465     0.00038948    -0.25907565    -0.06078891    -0.05310086   
  52   0.16846714     0.17240557     0.00038150    -0.25378326    -0.05537013    -0.04696564   
  53   0.16995280    -0.17100152    -0.25374835    -0.00038019    -0.05526798     0.04708732   
  54   0.16509112    -0.16635649    -0.25903222    -0.00038809    -0.06067609     0.05323786   
  55   0.16663797    -0.16767590    -0.24819402    -0.00037187    -0.05444608     0.04643951   
  56   0.16662154    -0.16765956     0.24821728     0.00037399    -0.05443734     0.04643236   
  57   0.16508072    -0.16634623     0.25906640     0.00039031    -0.06066889     0.05323197   
  58   0.16993646    -0.17098528     0.25377264     0.00038235    -0.05525921     0.04708015   
  59   0.08536627     0.07435454    -0.00000076     0.00026915     0.27962428     0.29349043   
  60   0.08536233     0.07435105     0.00000007    -0.00030378     0.27961101     0.29347608   
           7              8              9              10             11             12       
   1   0.29061663     0.19725196     0.05436964    -0.00228530     0.02627637     0.00750989   
   2  -0.00000445     0.00000469     0.05353774     0.00174768     0.02168007     0.00448518   
   3  -0.29062542    -0.19724099     0.05437446    -0.00226533     0.02254281     0.00256468   
   4  -0.12702190    -0.08620493    -0.03237445    -0.00266338    -0.01321495    -0.00365867   
   5   0.00000723    -0.00001132    -0.12125710    -0.00356178    -0.04972587    -0.01028599   
   6   0.12702474     0.08619931    -0.03237673    -0.00267219    -0.01156909    -0.00147859   
   7  -0.00000026     0.00000042     0.02391330    -0.01290504     0.00244110     0.00046516   
   8  -0.00034808     0.00051305     0.04973470    -0.04114724    -0.01729975     0.01699796   
   9  -0.00163875     0.00241528     0.11775389    -0.19981854    -0.25697622     0.17644434   
  10  -0.00033240     0.00048983     0.00203372    -0.04423190    -0.09075654     0.05737865   
  11   0.00082962    -0.00122296    -0.11262617     0.09710938     0.04673703    -0.04346648   
  12   0.00077786    -0.00114643    -0.05424210     0.08871189     0.11214244    -0.07722881   
  13   0.00094796    -0.00139690    -0.01288454     0.10845370     0.21329560    -0.13556118   
  14   0.00034744    -0.00051205     0.04968841    -0.04099565     0.01032530    -0.01869009   
  15  -0.00094813     0.00139719    -0.01267795     0.10748129    -0.02694744     0.17507658   
  16  -0.00077732     0.00114558    -0.05410362     0.08812585    -0.02224172     0.09649746   
  17  -0.00082819     0.00122072    -0.11251088     0.09672353    -0.02456114     0.04864482   
  18   0.00033259    -0.00049014     0.00194601    -0.04382072     0.01105538    -0.07426714   
  19   0.00163776    -0.00241375     0.11743662    -0.19848148     0.05025146    -0.22073167   
  20  -0.00000104     0.00000096     0.02390747     0.01290523     0.00243069     0.00054041   
  21  -0.00051349    -0.00034725     0.04967966     0.04101206     0.00862104     0.01547323   
  22  -0.00241430    -0.00163780     0.11748673     0.19848763     0.03149777     0.15794829   
  23  -0.00048905    -0.00033269     0.00197485     0.04380532     0.00485731     0.05111711   
  24   0.00122375     0.00082802    -0.11249622    -0.09676810    -0.02017107    -0.03948005   
  25   0.00114617     0.00077728    -0.05412675    -0.08813124    -0.01403827    -0.06914578   
  26   0.00139542     0.00094821    -0.01274536    -0.10744703    -0.01231929    -0.12080741   
  27   0.00051217     0.00034913     0.04973927     0.04117263    -0.01565430    -0.01668536   
  28  -0.00139690    -0.00094732    -0.01289536    -0.10845634     0.19855286     0.15861258   
  29  -0.00114559    -0.00077863    -0.05425261    -0.08873953     0.10394621     0.08718449   
  30  -0.00122095    -0.00083202    -0.11263876    -0.09717038     0.04247896     0.04351797   
  31   0.00049003     0.00033198     0.00204124     0.04423493    -0.08450853    -0.06729900   
  32   0.00241378     0.00164018     0.11778323     0.19988668    -0.23824074    -0.19945552   
  33  -0.08621168     0.12700415    -0.03241643     0.00268823    -0.01147369    -0.00376782   
  34  -0.19725054     0.29061521     0.05440703     0.00224586     0.02655049     0.00230577   
  35  -0.00000128     0.00000206     0.05359125    -0.00177883     0.02170424     0.00447951   
  36   0.19725010    -0.29061418     0.05446275     0.00222776     0.02231735     0.00780608   
  37   0.08622293    -0.12702090    -0.03239274     0.00268029    -0.01334021    -0.00134309   
  38   0.00001221    -0.00001835    -0.12138174     0.00363356    -0.04978214    -0.01027573   
  39  -0.00002896     0.00060669    -0.27647450     0.00039206    -0.11746895    -0.02427660   
  40   0.00029619     0.00054505    -0.27644889    -0.00021761    -0.11745808    -0.02427162   
  41   0.00001913    -0.00002926    -0.29760105    -0.00119640    -0.12597416    -0.02603495   
  42  -0.00025987    -0.00060045    -0.27644838    -0.00021759    -0.11746971    -0.02427529   
  43   0.00006667    -0.00066408    -0.27647269     0.00039203    -0.11748048    -0.02427106   
  44   0.00002134    -0.00003239    -0.29768690     0.00138366    -0.12601141    -0.02603479   
  45   0.49159833     0.33367718     0.09271160    -0.00592245     0.04610601     0.01291236   
  46  -0.49161308    -0.33365877     0.09271960    -0.00588989     0.04001867     0.00484950   
  47  -0.00282651     0.00416589     0.19959549    -0.34322431    -0.44425396     0.30462956   
  48   0.00128390    -0.00189270    -0.18757685     0.16294103     0.07927994    -0.07345323   
  49   0.00176558    -0.00260171    -0.02478988     0.18577185     0.36227592    -0.23038540   
  50  -0.00176577     0.00260203    -0.02444056     0.18412323    -0.04596199     0.29747569   
  51  -0.00128163     0.00188915    -0.18738051     0.16228743    -0.04128377     0.08230514   
  52   0.00282494    -0.00416347     0.19904881    -0.34091616     0.08632711    -0.38129233   
  53  -0.00416398    -0.00282503     0.19913447     0.34092433     0.05394087     0.27267579   
  54   0.00189381     0.00128135    -0.18735531    -0.16236163    -0.03386112    -0.06670507   
  55   0.00259931     0.00176581    -0.02455300    -0.18406050    -0.02110268    -0.20532148   
  56  -0.00260164    -0.00176472    -0.02480659    -0.18577519     0.33722389     0.26948488   
  57  -0.00188943    -0.00128770    -0.18760020    -0.16304517     0.07207900     0.07364315   
  58   0.00416334     0.00282877     0.19964714     0.34334155    -0.41189581    -0.34455815   
  59  -0.33366520     0.49161651     0.09277987     0.00585165     0.04655441     0.00444092   
  60   0.33365936    -0.49160725     0.09287545     0.00582217     0.03965429     0.01340935   
           13             14             15             16             17             18       
   1  -0.02577093    -0.00412791    -0.03624372     0.00016220     0.00083837    -0.00948044   
   2  -0.02472934     0.00345768    -0.02615018    -0.00000279    -0.00000575     0.00003823   
   3  -0.02993028    -0.00412794    -0.03624383    -0.00017251    -0.00087156    -0.00947975   
   4   0.01321542    -0.00487467     0.01323141    -0.00007373    -0.00038221     0.23232464   
   5   0.05672133    -0.00660185     0.06235773     0.00000712     0.00001611     0.38769606   
   6   0.01504915    -0.00487466     0.01323155     0.00007591     0.00038281     0.23232491   
   7  -0.00278134    -0.02533202     0.01894029     0.00000443    -0.00000095    -0.00329004   
   8  -0.00483313    -0.08028638     0.07500295    -0.11465510     0.02241291     0.00026858   
   9   0.01999606    -0.00676592     0.02687688    -0.08576616     0.01676638     0.00045931   
  10   0.01301914     0.07507150    -0.06189363     0.07865955    -0.01537615     0.00000345   
  11   0.01009193     0.18008385    -0.16976141     0.26763838    -0.05231826    -0.00028262   
  12  -0.00844854     0.00427587    -0.01218895     0.03296250    -0.00644385     0.00003780   
  13  -0.02973999    -0.17048064     0.14173902    -0.19109380     0.03735454     0.00051500   
  14   0.01281309    -0.08029002     0.07499759     0.11469256    -0.02240936     0.00026857   
  15  -0.18352216    -0.17035574     0.14162007     0.19106092    -0.03733099     0.00051498   
  16  -0.09442903     0.00433776    -0.01223851    -0.03301761     0.00645106     0.00003780   
  17  -0.03545514     0.18009896    -0.16975425    -0.26772861     0.05231050    -0.00028261   
  18   0.07819187     0.07502125    -0.06184564    -0.07864951     0.01536716     0.00000345   
  19   0.21656947    -0.00689850     0.02698200     0.08588192    -0.01677984     0.00045929   
  20  -0.00274931     0.02531344     0.01896680     0.00000606     0.00003104     0.00329037   
  21   0.01760449     0.08014079     0.07501446     0.02242994     0.11476600    -0.00026890   
  22   0.26873545     0.00664357     0.02682779     0.01677189     0.08581642    -0.00045942   
  23   0.09537860    -0.07497945    -0.06192356    -0.01539023    -0.07874601    -0.00000343   
  24  -0.04779655    -0.17974872    -0.16978115    -0.05235623    -0.26788814     0.00028272   
  25  -0.11725251    -0.00422765    -0.01217457    -0.00644775    -0.03299112    -0.00003779   
  26  -0.22408871     0.17025946     0.14179481     0.03738428     0.19128143    -0.00051513   
  27  -0.00943323     0.08025569     0.07514943    -0.02239029    -0.11457159    -0.00026890   
  28   0.01090950     0.17048612     0.14206691    -0.03732593    -0.19099615    -0.00051509   
  29   0.01421701    -0.00424400    -0.01219128     0.00643378     0.03292239    -0.00003779   
  30   0.02198792    -0.18001318    -0.17009209     0.05226565     0.26744445     0.00028269   
  31  -0.00421227    -0.07506909    -0.06203247     0.01536325     0.07861341    -0.00000343   
  32  -0.03182965     0.00669862     0.02688510    -0.01674309    -0.08567621    -0.00045938   
  33   0.01475784     0.00483522     0.01326155     0.00038380    -0.00006826    -0.23237266   
  34  -0.02650331     0.00420650    -0.03625985     0.00084999    -0.00017828     0.00947879   
  35  -0.02475969    -0.00338965    -0.02618560    -0.00000301    -0.00001027    -0.00004102   
  36  -0.02924659     0.00420987    -0.03628416    -0.00085985     0.00015535     0.00947966   
  37   0.01354886     0.00483676     0.01325123    -0.00038112     0.00008111    -0.23237587   
  38   0.05679094     0.00644329     0.06243938     0.00000746     0.00002440    -0.38778232   
  39   0.13402102     0.00036606     0.15800115     0.00002192     0.00005661    -0.10885999   
  40   0.13400854    -0.00074724     0.15798588     0.00002125     0.00005685     0.10909790   
  41   0.14370981    -0.00255745     0.16819712     0.00002113     0.00005733     0.28868418   
  42   0.13399728    -0.00074724     0.15798560     0.00001885     0.00005384     0.10909742   
  43   0.13401039     0.00036604     0.15800014     0.00001823     0.00005552    -0.10885298   
  44   0.14375426     0.00215076     0.16824836     0.00002125     0.00006034    -0.28854186   
  45  -0.04574606    -0.01080624    -0.06752283     0.00025704     0.00133029    -0.25924297   
  46  -0.05252772    -0.01080636    -0.06752317    -0.00027738    -0.00139896    -0.25924274   
  47   0.03505455    -0.00840027     0.04427506    -0.15161038     0.02963818    -0.00025110   
  48   0.01678232     0.30436789    -0.28797522     0.46137549    -0.09019024    -0.00002184   
  49  -0.05034282    -0.28879489     0.24092302    -0.33122947     0.06474794    -0.00020334   
  50  -0.31166440    -0.28858349     0.24072099     0.33117391    -0.06470737    -0.00020334   
  51  -0.06023677     0.30438995    -0.28795952    -0.46152442     0.09017558    -0.00002185   
  52   0.37453611    -0.00863092     0.04445802     0.15181208    -0.02966151    -0.00025108   
  53   0.46461973     0.00818966     0.04418488     0.02964650     0.15169172     0.00025146   
  54  -0.08110255    -0.30379351    -0.28800124    -0.09025330    -0.46179406     0.00002180   
  55  -0.38059341     0.28841392     0.24101165     0.06479744     0.33154436     0.00020369   
  56   0.01872787     0.28880631     0.24148216    -0.06469871    -0.33106225     0.00020370   
  57   0.03690157    -0.30425174    -0.28853941     0.09010056     0.46104656     0.00002180   
  58  -0.05445328     0.00828654     0.04428643    -0.02959779    -0.15145509     0.00025145   
  59  -0.04693831     0.01094792    -0.06754790     0.00135502    -0.00028680     0.25929763   
  60  -0.05141328     0.01095351    -0.06758989    -0.00137418     0.00024553     0.25930559   
           19             20             21             22             23             24       
   1   0.05464373    -0.03773997    -0.01409336     0.00000174    -0.00025158    -0.14291007   
   2   0.10096125    -0.11539886    -0.07008466    -0.00000015     0.00000255    -0.31138003   
   3   0.05464474    -0.03774039    -0.01409349    -0.00000191     0.00025320    -0.14291184   
   4   0.26527494     0.00025295     0.04079063    -0.00000161     0.00020572    -0.07151008   
   5   0.32645528     0.04128474     0.06833401    -0.00000005    -0.00000134     0.06899326   
   6   0.26527492     0.00025335     0.04079089     0.00000139    -0.00020647    -0.07150854   
   7   0.03450371     0.12831188    -0.11715403     0.00000073     0.00000000     0.08069085   
   8   0.01641672     0.19617588    -0.19670442     0.22116500     0.00158543    -0.00290926   
   9   0.00356534     0.09175817    -0.09436045     0.13452242     0.00096432    -0.02281408   
  10   0.00268615     0.12727920    -0.13406233     0.23548463     0.00168809    -0.07532595   
  11  -0.00018709     0.06021848    -0.06507565     0.13607270     0.00097547    -0.05665634   
  12   0.00262957     0.12556393    -0.13225144     0.23300117     0.00167033    -0.07425535   
  13   0.00347797     0.08972141    -0.09222756     0.13193834     0.00094583    -0.02179840   
  14   0.01641600     0.19616833    -0.19669698    -0.22117351    -0.00158484    -0.00290884   
  15   0.00347783     0.08971778    -0.09222388    -0.13194274    -0.00094548    -0.02179678   
  16   0.00262945     0.12555854    -0.13224586    -0.23300925    -0.00166969    -0.07425150   
  17  -0.00018708     0.06021623    -0.06507327    -0.13607830    -0.00097511    -0.05665388   
  18   0.00268602     0.12727446    -0.13405747    -0.23549455    -0.00168747    -0.07532286   
  19   0.00356521     0.09175521    -0.09435747    -0.13452869    -0.00096395    -0.02281324   
  20   0.03454191    -0.12824579    -0.11724254    -0.00000002     0.00000264    -0.08069160   
  21   0.01643317    -0.19605457    -0.19683238     0.00158513    -0.22115378     0.00290950   
  22   0.00356868    -0.09169879    -0.09441914     0.00096415    -0.13451359     0.02281220   
  23   0.00268870    -0.12719650    -0.13414536     0.00168774    -0.23547099     0.07531912   
  24  -0.00018726    -0.06017944    -0.06511606     0.00097524    -0.13606631     0.05665142   
  25   0.00263211    -0.12548439    -0.13233549     0.00166993    -0.23299117     0.07424968   
  26   0.00348124    -0.08966444    -0.09228607     0.00094560    -0.13193095     0.02179675   
  27   0.01643146    -0.19603165    -0.19680878    -0.00158522     0.22118604     0.00291087   
  28   0.00348094    -0.08965482    -0.09227587    -0.00094565     0.13195083     0.02179594   
  29   0.00263189    -0.12546942    -0.13231921    -0.00167000     0.23302222     0.07424369   
  30  -0.00018720    -0.06017151    -0.06510719    -0.00097527     0.13608237     0.05664579   
  31   0.00268847    -0.12717992    -0.13412734    -0.00168780     0.23549952     0.07531175   
  32   0.00356837    -0.09168785    -0.09440753    -0.00096420     0.13453179     0.02281043   
  33   0.26513317    -0.00022453     0.04075972    -0.00020596    -0.00000199     0.07159477   
  34   0.05461665     0.03775811    -0.01406519    -0.00025195    -0.00000214     0.14300730   
  35   0.10089870     0.11543000    -0.06997638     0.00000052    -0.00000064     0.31155160   
  36   0.05461778     0.03775812    -0.01406484     0.00025226     0.00000144     0.14300784   
  37   0.26513750    -0.00022514     0.04076098     0.00020580     0.00000091     0.07159438   
  38   0.32628710    -0.04126829     0.06826525    -0.00000027    -0.00000030    -0.06899836   
  39  -0.15077919    -0.02882459    -0.02495894     0.00000526     0.00000513    -0.15893797   
  40  -0.15082620     0.02882638    -0.02495158     0.00000444     0.00000519     0.15889802   
  41  -0.06565399     0.06681433    -0.00423240     0.00000024    -0.00000104     0.33352967   
  42  -0.15083119     0.02882755    -0.02495370    -0.00000412    -0.00000557     0.15894340   
  43  -0.15078381    -0.02882139    -0.02496104    -0.00000535    -0.00000360    -0.15888102   
  44  -0.06553925    -0.06681614    -0.00424980    -0.00000023     0.00000110    -0.33353486   
  45  -0.30336700     0.08182684     0.02216179    -0.00000035     0.00006929     0.24438212   
  46  -0.30336715     0.08182732     0.02216211     0.00000070    -0.00007234     0.24438355   
  47  -0.01628185    -0.22540674     0.22929547    -0.30428158    -0.00218128     0.04757351   
  48  -0.00399893    -0.17592559     0.18486991    -0.31954379    -0.00229070     0.09885219   
  49  -0.01637528    -0.22566599     0.22951925    -0.30427420    -0.00218123     0.04722110   
  50  -0.01637464    -0.22565690     0.22951011     0.30428449     0.00218040     0.04721782   
  51  -0.00399882    -0.17592044     0.18486463     0.31955920     0.00228987     0.09884843   
  52  -0.01628108    -0.22539705     0.22928578     0.30429229     0.00218045     0.04757114   
  53  -0.01629819     0.22526679     0.22944401    -0.00218083     0.30426761    -0.04757021   
  54  -0.00400284     0.17581510     0.18498839    -0.00229022     0.31953146    -0.09884494   
  55  -0.01639216     0.22553076     0.22967286    -0.00218082     0.30426601    -0.04721830   
  56  -0.01639022     0.22550112     0.22964194     0.00218091    -0.30430467    -0.04721505   
  57  -0.00400242     0.17579057     0.18496187     0.00229028    -0.31956779    -0.09883498   
  58  -0.01629633     0.22523695     0.22941280     0.00218091    -0.30430495    -0.04756601   
  59  -0.30319808    -0.08187023     0.02210741     0.00007044     0.00000128    -0.24454924   
  60  -0.30320339    -0.08186925     0.02210607    -0.00007104     0.00000029    -0.24454745   
           25             26             27             28             29             30       
   1  -0.00226202     0.13411175    -0.01512465    -0.10662718    -0.23554716    -0.24329502   
   2   0.00002505     0.37937324    -0.13047874    -0.24614223    -0.00003211     0.00001919   
   3   0.00228373     0.13411444    -0.01512532    -0.10665764     0.23552130     0.24331027   
   4   0.00527304    -0.10975516     0.12935081     0.05521110     0.36340387     0.37527217   
   5  -0.00000936    -0.24786782     0.12895042     0.15033650     0.00001962    -0.00001339   
   6  -0.00526918    -0.10975873     0.12935199     0.05525756    -0.36338675    -0.37528715   
   7  -0.00000337     0.16279825     0.15810176     0.07792306     0.00000397     0.00000100   
   8  -0.00000638     0.10430178     0.20725710     0.25006589    -0.00323795     0.00317366   
   9  -0.00000195     0.00716178     0.04615117     0.07586413    -0.00014674     0.00014734   
  10   0.00000601    -0.11430743    -0.14167532    -0.13044021     0.00284520    -0.00278439   
  11   0.00000548    -0.11096441    -0.15892652    -0.16722940     0.00205966    -0.00201889   
  12   0.00000742    -0.11298741    -0.14170062    -0.13979150     0.00043659    -0.00043159   
  13   0.00000124     0.00808252     0.04572222     0.06892287    -0.00181242     0.00177361   
  14   0.00000505     0.10429875     0.20725327     0.25007018     0.00327034    -0.00316605   
  15  -0.00000024     0.00808420     0.04572518     0.06893323     0.00182136    -0.00177152   
  16  -0.00000219    -0.11298180    -0.14169367    -0.13978187    -0.00045464     0.00042738   
  17  -0.00000116    -0.11096044    -0.15892277    -0.16723156    -0.00208100     0.00201387   
  18  -0.00000071    -0.11430424    -0.14167473    -0.13045246    -0.00286111     0.00278059   
  19   0.00000301     0.00716115     0.04614875     0.07585879     0.00015716    -0.00014493   
  20   0.00000748     0.16300492    -0.15788844     0.07798877     0.00000653    -0.00000407   
  21   0.00000718     0.10442576    -0.20696555     0.25027892    -0.00312623    -0.00329255   
  22   0.00000131     0.00716995    -0.04608542     0.07592574    -0.00013940    -0.00015698   
  23  -0.00000922    -0.11444278     0.14147605    -0.13055506     0.00275015     0.00288285   
  24  -0.00000810    -0.11109629     0.15870322    -0.16737254     0.00198834     0.00209478   
  25  -0.00001057    -0.11312232     0.14150135    -0.13990707     0.00041804     0.00045408   
  26  -0.00000185     0.00809263    -0.04565972     0.06898649    -0.00175222    -0.00183579   
  27  -0.00000425     0.10441251    -0.20693956     0.25024324     0.00318069     0.00326150   
  28  -0.00000037     0.00808977    -0.04565133     0.06897059     0.00176724     0.00182724   
  29  -0.00000096    -0.11311209     0.14148862    -0.13989711    -0.00044848    -0.00043695   
  30  -0.00000143    -0.11108368     0.15868388    -0.16734873    -0.00202429    -0.00207441   
  31  -0.00000248    -0.11442943     0.14145703    -0.13052906    -0.00277694    -0.00286750   
  32  -0.00000367     0.00716915    -0.04608102     0.07592010     0.00015699     0.00014715   
  33  -0.00528054    -0.10957098    -0.12946713     0.05527191     0.37534205    -0.36333443   
  34  -0.00228155     0.13404020     0.01516476    -0.10664779     0.24326938    -0.23556451   
  35  -0.00001141     0.37905983     0.13064373    -0.24615676    -0.00001935    -0.00000466   
  36   0.00227170     0.13403525     0.01515743    -0.10659221    -0.24328781     0.23556362   
  37   0.00527880    -0.10958129    -0.12947949     0.05535921    -0.37532929     0.36333668   
  38   0.00000417    -0.24761439    -0.12909676     0.15037907     0.00001390     0.00000157   
  39  -0.49994351     0.07494170     0.14569208    -0.04213624     0.00117499     0.00663166   
  40  -0.49995841     0.07506294    -0.14562068    -0.04200264    -0.00140904     0.00660375   
  41  -0.00002082    -0.00630898    -0.26117632     0.00926689    -0.00000258     0.00000969   
  42   0.49995222     0.07504667    -0.14560793    -0.04199920     0.00139527    -0.00658880   
  43   0.49996651     0.07492544     0.14569370    -0.04213238    -0.00117994    -0.00664019   
  44   0.00000918    -0.00654062     0.26116356     0.00903974     0.00000493    -0.00001033   
  45   0.00341966    -0.16749200     0.00599051     0.11169735     0.23315221     0.24076641   
  46  -0.00345365    -0.16749483     0.00599147     0.11172742    -0.23312431    -0.24078015   
  47  -0.00000327     0.00186024    -0.04313892    -0.07288286     0.00022865    -0.00022642   
  48  -0.00000760     0.14570147     0.17956716     0.17065388    -0.00206101     0.00201973   
  49  -0.00000144     0.00113246    -0.04322341    -0.06718892     0.00168108    -0.00164565   
  50  -0.00000084     0.00112949    -0.04322754    -0.06720007    -0.00168977     0.00164361   
  51   0.00000071     0.14569681     0.17956343     0.17065643     0.00208247    -0.00201469   
  52   0.00000096     0.00186046    -0.04313629    -0.07287704    -0.00023862     0.00022411   
  53   0.00000467     0.00186271     0.04307788    -0.07294262     0.00021879     0.00023844   
  54   0.00001176     0.14587591    -0.17931594     0.17080063    -0.00198962    -0.00209572   
  55   0.00000281     0.00113269     0.04316585    -0.06725247     0.00162518     0.00170355   
  56   0.00000221     0.00113512     0.04315676    -0.06723584    -0.00163970    -0.00169515   
  57   0.00000343     0.14585953    -0.17929451     0.17077688     0.00202576     0.00207521   
  58   0.00000042     0.00186259     0.04307377    -0.07293721    -0.00023560    -0.00022898   
  59   0.00344997    -0.16741409    -0.00602701     0.11170838    -0.24079051     0.23311174   
  60  -0.00343451    -0.16740527    -0.00601835     0.11165103     0.24080658    -0.23310830   
           31             32             33             34             35             36       
   1   0.00673056    -0.00222779     0.00000584     0.00147319     0.10756822     0.00321590   
   2   0.02025016    -0.00479252     0.00015692     0.00003964     0.31416340    -0.00001392   
   3   0.00673588    -0.00221844     0.00010845    -0.00145072     0.10755703    -0.00322602   
   4  -0.00981104     0.00093809     0.00002023    -0.00242371    -0.14772364    -0.00552918   
   5  -0.01397173     0.00297286    -0.00010563    -0.00002845    -0.21541315     0.00000935   
   6  -0.00981982     0.00092276    -0.00015038     0.00237664    -0.14770597     0.00554122   
   7   0.00038536     0.00158847    -0.00000924     0.00000601     0.01323758    -0.00000084   
   8   0.01059394     0.00524467     0.00129809     0.00009723     0.17612366    -0.06771605   
   9   0.17850340    -0.16788284    -0.23827415    -0.00970767     0.04582799    -0.02249576   
  10   0.26248422    -0.26177673    -0.36563742    -0.01494014    -0.10251711     0.03206398   
  11  -0.00770332    -0.00247483     0.00051973    -0.00000724    -0.11160184     0.04259370   
  12  -0.27451151     0.25802816     0.36657315     0.01493430    -0.06839816     0.03214507   
  13  -0.17148129     0.17083595     0.23866750     0.00975160     0.06733712    -0.02237561   
  14   0.01058938     0.00524595    -0.00125231    -0.00000758     0.17617857     0.06770529   
  15  -0.16837284     0.16682993    -0.24367651    -0.00961605     0.06734359     0.02236962   
  16  -0.26971873     0.25185501    -0.37433744    -0.01481331    -0.06844357    -0.03214441   
  17  -0.00768514    -0.00249601    -0.00057881    -0.00004976    -0.11163620    -0.04258681   
  18   0.25772200    -0.25563923     0.37330861     0.01473093    -0.10252371    -0.03205400   
  19   0.17538868    -0.16387081     0.24332531     0.00962843     0.04585868     0.02249539   
  20  -0.00044226     0.00157363    -0.00001506     0.00000460    -0.01323773     0.00000218   
  21  -0.01076287     0.00485201    -0.00005251    -0.00126561    -0.17619862    -0.43153817   
  22  -0.17110713    -0.17312657    -0.00929766     0.23995953    -0.04585369    -0.14336897   
  23  -0.25101149    -0.26940665    -0.01416636     0.36818141     0.10255090     0.20431972   
  24   0.00777329    -0.00219600     0.00008641    -0.00055091     0.11164998     0.27144019   
  25   0.26313862     0.26608779     0.01430500    -0.36915934     0.06843768     0.20487083   
  26   0.16398989     0.17581799     0.00924792    -0.24032332    -0.06736107    -0.14258667   
  27  -0.01078472     0.00482393    -0.00015065     0.00124073    -0.17615024     0.43160597   
  28   0.16299719     0.17434314    -0.01011259     0.24202414    -0.06735703     0.14262328   
  29   0.26162803     0.26384008    -0.01543811     0.37180059     0.06839698    -0.20488195   
  30   0.00777993    -0.00218816     0.00003966     0.00057317     0.11161920    -0.27148246   
  31  -0.24949179    -0.26714837     0.01549446    -0.37078839     0.10254613    -0.20437608   
  32  -0.17012618    -0.17166656     0.01003611    -0.24167916    -0.04582606     0.14337620   
  33   0.00976870     0.00132941     0.00244670     0.00013775     0.14783771    -0.00085767   
  34  -0.00665978    -0.00246814     0.00144165     0.00004046    -0.10759744    -0.00049026   
  35  -0.02007474    -0.00556924    -0.00007462    -0.00007128    -0.31432756     0.00001157   
  36  -0.00664397    -0.00249297    -0.00148114    -0.00009164    -0.10762938     0.00049819   
  37   0.00979507     0.00128876    -0.00235203    -0.00007700     0.14779046     0.00084661   
  38   0.01386345     0.00350957     0.00005407     0.00004817     0.21553865    -0.00000792   
  39  -0.00975349    -0.00109311    -0.00006434    -0.00005515    -0.14657344    -0.00005667   
  40   0.00978080    -0.00071473     0.00003893     0.00000663     0.14648849    -0.00003664   
  41   0.01623613     0.00055182     0.00009120     0.00004538     0.24182646    -0.00000926   
  42   0.00977983    -0.00071434     0.00008742     0.00004162     0.14647958     0.00002490   
  43  -0.00975366    -0.00109291    -0.00003329    -0.00000409    -0.14657106     0.00006763   
  44  -0.01624322    -0.00007743    -0.00009499    -0.00004395    -0.24180304     0.00000935   
  45  -0.00633300     0.00225566     0.00000206    -0.00160958    -0.10074889    -0.00360163   
  46  -0.00633889     0.00224547    -0.00011209     0.00158940    -0.10073790     0.00361105   
  47  -0.17218815     0.16201886     0.23007235     0.00937373    -0.04308963     0.02115479   
  48   0.00755422     0.00240949    -0.00054793     0.00000547     0.10799426    -0.04063096   
  49   0.16691512    -0.16624283    -0.23244954    -0.00949732    -0.06479342     0.02112561   
  50   0.16388707    -0.16234066     0.23732380     0.00936563    -0.06479987    -0.02112006   
  51   0.00753572     0.00243109     0.00060581     0.00005030     0.10802767     0.04062444   
  52  -0.16917796     0.15814239    -0.23494209    -0.00929667    -0.04311863    -0.02115432   
  53   0.16505117     0.16707709     0.00897726    -0.23170019     0.04311426     0.13482482   
  54  -0.00762166     0.00213673    -0.00008607     0.00057790    -0.10804118    -0.25893395   
  55  -0.15962572    -0.17109309    -0.00900761     0.23406358     0.06481736     0.13462386   
  56  -0.15865701    -0.16965466     0.00984840    -0.23571594     0.06481279    -0.13465699   
  57  -0.00762824     0.00212907    -0.00003724    -0.00060015    -0.10801178     0.25897522   
  58   0.16410325     0.16566657    -0.00969077     0.23335843     0.04308796    -0.13483111   
  59   0.00626237     0.00247899    -0.00158165    -0.00004678     0.10077302     0.00055154   
  60   0.00624458     0.00250602     0.00161628     0.00009588     0.10080170    -0.00055887   
           37             38             39       
   1  -0.00052127    -0.09069050    -0.09146435   
   2  -0.00001510    -0.01969885    -0.02616412   
   3   0.00051152    -0.09069024    -0.09146409   
   4   0.00089235    -0.00758735    -0.00005260   
   5   0.00001052     0.07011218     0.07055565   
   6  -0.00087662    -0.00758779    -0.00005301   
   7  -0.00000492     0.65036715    -0.64402426   
   8  -0.43158320    -0.04011740     0.03933880   
   9  -0.14338041    -0.08908252     0.08819052   
  10   0.20434825     0.00989721    -0.00971674   
  11   0.27146714     0.06546714    -0.06480167   
  12   0.20488294     0.00948579    -0.00931624   
  13  -0.14260360    -0.08897341     0.08808312   
  14   0.43156534    -0.04011492     0.03933638   
  15   0.14258350    -0.08896968     0.08807943   
  16  -0.20490024     0.00948496    -0.00931548   
  17  -0.27145496     0.06546324    -0.06479779   
  18  -0.20431120     0.00989678    -0.00971628   
  19   0.14339315    -0.08907785     0.08818588   
  20  -0.00000020     0.64379630     0.65056498   
  21   0.06771361    -0.03971257    -0.03973891   
  22   0.02249675    -0.08817613    -0.08907975   
  23  -0.03205945     0.00979732     0.00981552   
  24  -0.04259213     0.06480211     0.06545616   
  25  -0.03214747     0.00938980     0.00941074   
  26   0.02237303    -0.08806994    -0.08897312   
  27  -0.06770672    -0.03970837    -0.03973468   
  28  -0.02237250    -0.08806049    -0.08896357   
  29   0.03214178     0.00938916     0.00941008   
  30   0.04258780     0.06479484     0.06544881   
  31   0.03205914     0.00979632     0.00981450   
  32  -0.02249265    -0.08816676    -0.08907033   
  33  -0.00554355    -0.00758867    -0.00002753   
  34  -0.00321182    -0.09155998     0.09048911   
  35   0.00002367    -0.01994594     0.02595041   
  36   0.00322954    -0.09156064     0.09048975   
  37   0.00552412    -0.00758830    -0.00002793   
  38  -0.00001577     0.07078063    -0.06979943   
  39   0.00006169    -0.01788847     0.01671602   
  40   0.00006730    -0.01771417    -0.01689224   
  41  -0.00001433     0.01686060    -0.01224094   
  42  -0.00008312    -0.01771336    -0.01689140   
  43  -0.00004298    -0.01788778     0.01671529   
  44   0.00001395     0.01673234     0.01240708   
  45   0.00058068     0.04663449     0.04674460   
  46  -0.00057180     0.04663392     0.04674404   
  47   0.13483413     0.04571489    -0.04519988   
  48  -0.25895812    -0.03306462     0.03269719   
  49   0.13463671     0.04585901    -0.04534091   
  50  -0.13461869     0.04585718    -0.04533911   
  51   0.25894690    -0.03306256     0.03269517   
  52  -0.13484527     0.04571209    -0.04519709   
  53  -0.02115613     0.04525101     0.04565693   
  54   0.04062983    -0.03272899    -0.03302768   
  55  -0.02112360     0.04539434     0.04580004   
  56   0.02112279     0.04538925     0.04579493   
  57  -0.04062582    -0.03272563    -0.03302433   
  58   0.02115221     0.04524620     0.04565209   
  59   0.00359708     0.04707793    -0.04624234   
  60  -0.00361378     0.04707777    -0.04624216   


************************************************
 Testing random coefficient initial guess method, Trial 4
************************************************

  Initializing L-BFGS optimisation...
    > Num. MOs       =     60
    > Num. params    =    893
    > Max subspace   =     20
    > Max step size   =  0.500
    > Backtracking   =  0.100
    > Parallel tr.   = True
    > Pseudo-canon.  = True
    > Canon interval = 10
    > Hybrid prec.   = True
  ================================================================
           Energy / Eh     Step Len    Max(|G_i|)
  ================================================================
     0   447.1881867226                 7.29e+00
     1   431.5720445633    5.00e-01     8.09e+00    rescaled  
     2   417.7592032646    5.00e-01     6.39e+00    rescaled  
     3   396.6407355205    5.00e-01     5.89e+00    rescaled  
     4   377.0545525418    5.00e-01     6.52e+00    rescaled  
     5   364.8553592170    5.00e-01     7.12e+00    rescaled  
     6   354.9515173302    5.00e-01     7.26e+00    rescaled  
     7   339.4909188775    5.00e-01     6.71e+00    rescaled  
     8   326.3653646263    5.00e-01     7.16e+00    rescaled  
     9   316.8288666432    5.00e-01     7.34e+00    rescaled  
    10   306.1833972957    5.00e-01     6.81e+00    rescaled  
    11   286.1486948000    5.00e-01     6.37e+00    rescaled  
    12   279.4916516608    5.00e-01     5.49e+00    rescaled  
    13   274.7111605670    5.00e-01     4.96e+00    rescaled  
    14   267.8645223215    5.00e-01     5.55e+00    rescaled  
    15   262.6428268238    5.00e-01     4.65e+00    rescaled  
    16   257.0550803407    5.00e-01     4.28e+00    rescaled  
    17   252.9011134865    5.00e-01     3.23e+00    rescaled  
    18   248.3375795321    5.00e-01     2.74e+00    rescaled  
    19   245.4823243937    5.00e-01     3.69e+00    rescaled  
    20   244.2324303148    3.02e-01     4.65e+00              
    21   245.0430889490    3.75e-01     5.43e+00              
    22   243.5037445852    3.38e-01     4.76e+00    overstep  
    23   242.6883850346    3.68e-01     4.93e+00              
    24   237.1310193799    2.76e-01     1.82e+00              
    25   239.7918805458    2.16e-01     2.34e+00              
    26   236.4336799012    1.11e-01     1.11e+00    overstep  
    27   236.3942688391    1.13e-01     1.64e+00              
    28   235.5434306085    1.05e-01     7.59e-01              
    29   235.6189812353    6.61e-02     9.10e-01              
    30   235.4920926949    5.46e-02     6.32e-01    overstep  
    31   235.3434344521    6.44e-02     3.88e-01              
    32   235.3334065024    3.84e-02     3.36e-01              
    33   235.2810197190    2.53e-02     1.79e-01              
    34   235.2843368229    2.91e-02     1.77e-01              
    35   235.2784304062    2.57e-02     1.65e-01    overstep  
    36   235.2650888305    9.84e-03     1.15e-01              
    37   235.2632759879    6.43e-03     5.22e-02              
    38   235.2601221531    6.67e-03     3.25e-02              
    39   235.2596533326    1.74e-03     1.17e-02              
    40   235.2595643800    1.01e-03     5.30e-03              
    41   235.2595473888    2.36e-04     2.14e-03              
    42   235.2595450105    2.50e-04     5.48e-04              
    43   235.2595447053    4.91e-05     1.12e-04              
    44   235.2595446895    1.41e-05     3.81e-05              
    45   235.2595446881    4.73e-06     6.23e-06              
    46   235.2595446881    8.57e-07     3.76e-06              
    47   235.2595446881    2.15e-07     3.41e-07              
  ================================================================
  L-BFGS converged in     47 iterations (  3.55 seconds)

  Initializing Davidson diagonalisation...
    > Max iterations =   1000
    > Target states  =      5
    > Convergence    =  1.000e-04
    > Basis per root =      4
    > Max basis size =     20
  Davidson diagonalisation converged in     32 iterations (  6.11 seconds)

   --------------------------
    Converged eigenvalues:   
   --------------------------
       0        6.80630627   
       1        6.82735316   
       2        7.04656124   
       3        7.05168101   
       4        7.36031083   
   --------------------------

 ---------------------------------------------
         Total Energy =   235.25954469 Eh
              Nuclear =  5151.81221337 Eh
         One Electron = -9722.71478612 Eh
              Coulomb =  5089.50905456 Eh
        ROHF Exchange =  -283.34693712 Eh
 ---------------------------------------------
           <Sz> =  1.00
           <S2> =  2.00
  Spin Coupling = ++

 -----------------------------------------------------------------------------------------------
  Open-Shell Exchange Matrix <Ψ|Êpq Êqp|Ψ> - Np
 -----------------------------------------------------------------------------------------------
           1              2        
   1   0.00000000    -1.00000000   
   2  -1.00000000     0.00000000   

 -----------------------------------------------------------------------------------------------
  Open-Shell Exchange Integrals <pq|qp>
 -----------------------------------------------------------------------------------------------
           1              2        
   1   3.67375544     3.02044474   
   2   3.02044474     3.67718414   

 -----------------------------------------------------------------------------------------------
  Occupied Orbital Coefficients
 -----------------------------------------------------------------------------------------------
           1              2              3              4              5              6        
   1  -0.09024852     0.07757114    -0.00008022    -0.00000196    -0.27056059     0.28237017   
   2  -0.07838140     0.06887726     0.00000275    -0.00000154    -0.20797362     0.21854789   
   3  -0.09024823     0.07757090     0.00008677    -0.00000221    -0.27055943     0.28236895   
   4  -0.05388139     0.04443617     0.00003546    -0.00000153    -0.17129199     0.17184728   
   5  -0.04798056     0.03679030     0.00000175    -0.00000169    -0.16328059     0.15187202   
   6  -0.05388158     0.04443632    -0.00003153    -0.00000145    -0.17129266     0.17184796   
   7  -0.05261745    -0.05221031    -0.00000001    -0.00000729    -0.02105245    -0.02471758   
   8  -0.13829029    -0.14102927     0.00027747     0.18462868     0.03385056     0.02660006   
   9  -0.17532696    -0.17921612     0.00038147     0.25382953     0.05266227     0.04378302   
  10  -0.12922205    -0.13228766     0.00029534     0.19652690     0.04374187     0.03741562   
  11  -0.16676962    -0.17089889     0.00039383     0.26206205     0.06091208     0.05297031   
  12  -0.12841585    -0.13146257     0.00029335     0.19520278     0.04348479     0.03720017   
  13  -0.17346290    -0.17731000     0.00037693     0.25080942     0.05210000     0.04331829   
  14  -0.13826181    -0.14099941    -0.00027783    -0.18467146     0.03385524     0.02660275   
  15  -0.17342696    -0.17727222    -0.00037741    -0.25086650     0.05210669     0.04332212   
  16  -0.12838679    -0.13143205    -0.00029372    -0.19524326     0.04348943     0.03720262   
  17  -0.16672985    -0.17085712    -0.00039432    -0.26211309     0.06091780     0.05297312   
  18  -0.12919118    -0.13225527    -0.00029571    -0.19656523     0.04374603     0.03741767   
  19  -0.17528526    -0.17917244    -0.00038194    -0.25387936     0.05266740     0.04378552   
  20  -0.05306289     0.05176430     0.00000134     0.00000000    -0.02102061     0.02478768   
  21  -0.13947846     0.13984291     0.18464580    -0.00027685     0.03379145    -0.02667056   
  22  -0.17683301     0.17770819     0.25384540    -0.00038061     0.05257010    -0.04389884   
  23  -0.13033263     0.13117514     0.19653648    -0.00029468     0.04366522    -0.03751447   
  24  -0.16820305     0.16946181     0.26207198    -0.00039295     0.06080514    -0.05311003   
  25  -0.12952114     0.13035864     0.19521471    -0.00029270     0.04340909    -0.03729887   
  26  -0.17495541     0.17582059     0.25082850    -0.00037608     0.05200941    -0.04343336   
  27  -0.13946319     0.13982773    -0.18465969     0.00027844     0.03378513    -0.02666563   
  28  -0.17493725     0.17580252    -0.25084974     0.00037825     0.05200054    -0.04342621   
  29  -0.12950879     0.13034636    -0.19523332     0.00029439     0.04340232    -0.03729333   
  30  -0.16818965     0.16944850    -0.26210128     0.00039523     0.06079672    -0.05310311   
  31  -0.13031962     0.13116219    -0.19655425     0.00029638     0.04365817    -0.03750869   
  32  -0.17681491     0.17769018    -0.25386712     0.00038280     0.05256115    -0.04389163   
  33  -0.05350842    -0.04489690     0.00000032     0.00002275    -0.17167946    -0.17148064   
  34  -0.08958801    -0.07833460     0.00000048     0.00006556    -0.27117160    -0.28176562   
  35  -0.07778858    -0.06953440     0.00000026    -0.00001492    -0.20843978    -0.21807574   
  36  -0.08958534    -0.07833222     0.00000023    -0.00010126    -0.27116272    -0.28175599   
  37  -0.05350773    -0.04489626     0.00000020    -0.00004418    -0.17167719    -0.17147801   
  38  -0.04768165    -0.03720928     0.00000030    -0.00000951    -0.16365407    -0.15155301   
  39  -0.01957134    -0.00411566     0.00000047    -0.00000284    -0.07096688    -0.01545477   
  40  -0.01960059     0.00393283     0.00000058    -0.00000206    -0.07091745     0.01554528   
  41  -0.02784754     0.01326141     0.00000087    -0.00000193    -0.10075247     0.05412672   
  42  -0.01960044     0.00393276     0.00000043    -0.00000181    -0.07091699     0.01554505   
  43  -0.01957109    -0.00411546     0.00000023    -0.00000269    -0.07096603    -0.01545400   
  44  -0.02775177    -0.01352166     0.00000035    -0.00000475    -0.10092817    -0.05400049   
  45  -0.08598989     0.07362549    -0.00028345    -0.00000165    -0.27899139     0.29411725   
  46  -0.08598950     0.07362518     0.00028990    -0.00000255    -0.27898982     0.29411560   
  47  -0.16850725    -0.17245106     0.00038132     0.25373671     0.05536538     0.04696353   
  48  -0.16368837    -0.16776814     0.00038929     0.25902714     0.06078362     0.05309844   
  49  -0.16521833    -0.16909491     0.00037296     0.24817941     0.05454149     0.04631699   
  50  -0.16518459    -0.16905939    -0.00037344    -0.24823649     0.05454852     0.04632109   
  51  -0.16364828    -0.16772606    -0.00038977    -0.25907592     0.06078893     0.05310091   
  52  -0.16846520    -0.17240702    -0.00038179    -0.25378354     0.05537015     0.04696568   
  53  -0.16995437     0.17099969     0.25374854    -0.00038047     0.05526801    -0.04708730   
  54  -0.16509264     0.16635469     0.25903240    -0.00038837     0.06067613    -0.05323783   
  55  -0.16663951     0.16767410     0.24819421    -0.00037214     0.05444612    -0.04643949   
  56  -0.16662337     0.16765803    -0.24821710     0.00037430     0.05443733    -0.04643230   
  57  -0.16508255     0.16634472    -0.25906623     0.00039063     0.06066887    -0.05323190   
  58  -0.16993833     0.17098373    -0.25377245     0.00038266     0.05525918    -0.04708008   
  59  -0.08536551    -0.07435539     0.00000077     0.00026891    -0.27962415    -0.29349059   
  60  -0.08536157    -0.07435189    -0.00000006    -0.00030401    -0.27961085    -0.29347620   
           7              8              9              10             11             12       
   1   0.29068572     0.19715012     0.05436954     0.00228571    -0.02630280     0.00734702   
   2  -0.00000446     0.00000469     0.05353771    -0.00174735    -0.02170119     0.00433456   
   3  -0.29069452    -0.19713913     0.05437448     0.00226567    -0.02256391     0.00238809   
   4  -0.12705211    -0.08616043    -0.03237442     0.00266317     0.01322822    -0.00357565   
   5   0.00000720    -0.00001136    -0.12125705     0.00356101     0.04977432    -0.00994051   
   6   0.12705492     0.08615478    -0.03237675     0.00267201     0.01157999    -0.00138953   
   7  -0.00000026     0.00000042     0.02391328     0.01290513    -0.00244354     0.00044780   
   8  -0.00034790     0.00051318     0.04973485     0.04114798     0.01727005     0.01700070   
   9  -0.00163791     0.00241586     0.11775480     0.19982421     0.25670992     0.17693247   
  10  -0.00033223     0.00048995     0.00203396     0.04423355     0.09067382     0.05758006   
  11   0.00082919    -0.00122326    -0.11262653    -0.09711121    -0.04666246    -0.04348837   
  12   0.00077747    -0.00114671    -0.05424249    -0.08871437    -0.11202569    -0.07744047   
  13   0.00094747    -0.00139723    -0.01288509    -0.10845762    -0.21309958    -0.13603036   
  14   0.00034726    -0.00051216     0.04968820     0.04099506    -0.01028917    -0.01864685   
  15  -0.00094763     0.00139751    -0.01267710    -0.10747499     0.02657017     0.17425319   
  16  -0.00077691     0.00114584    -0.05410302    -0.08812246     0.02203787     0.09608792   
  17  -0.00082776     0.00122100    -0.11251035    -0.09672196     0.02446579     0.04851839   
  18   0.00033241    -0.00049026     0.00194565     0.04381804    -0.01089513    -0.07391560   
  19   0.00163691    -0.00241432     0.11743525     0.19847371    -0.04978483    -0.21979113   
  20  -0.00000105     0.00000095     0.02390749    -0.01290517    -0.00243314     0.00052395   
  21  -0.00051362    -0.00034707     0.04967967    -0.04101173    -0.00863534     0.01554369   
  22  -0.00241488    -0.00163695     0.11748661    -0.19848576    -0.03159275     0.15917003   
  23  -0.00048917    -0.00033252     0.00197479    -0.04380486    -0.00488323     0.05155996   
  24   0.00122405     0.00082759    -0.11249624     0.09676730     0.02020592    -0.03967606   
  25   0.00114644     0.00077688    -0.05412670     0.08813042     0.01408008    -0.06967841   
  26   0.00139575     0.00094771    -0.01274521     0.10744593     0.01238130    -0.12184656   
  27   0.00051228     0.00034895     0.04973944    -0.04117288     0.01567496    -0.01670409   
  28  -0.00139724    -0.00094683    -0.01289591     0.10845961    -0.19879510     0.15834936   
  29  -0.00114586    -0.00077823    -0.05425302     0.08874123    -0.10407457     0.08708586   
  30  -0.00122123    -0.00083159    -0.11263918     0.09717107    -0.04253435     0.04355218   
  31   0.00049015     0.00033181     0.00204147    -0.04423632     0.08461156    -0.06718498   
  32   0.00241436     0.00163934     0.11778418    -0.19989060     0.23853480    -0.19922600   
  33  -0.08616717     0.12703433    -0.03241643    -0.00268847     0.01148803    -0.00368011   
  34  -0.19714868     0.29068431     0.05440695    -0.00224559    -0.02656920     0.00213921   
  35  -0.00000127     0.00000207     0.05359122     0.00177916    -0.02172538     0.00432861   
  36   0.19714828    -0.29068328     0.05446278    -0.00222729    -0.02234623     0.00763314   
  37   0.08617842    -0.12705113    -0.03239269    -0.00268044     0.01335006    -0.00125819   
  38   0.00001219    -0.00001839    -0.12138166    -0.00363433     0.04983064    -0.00992963   
  39  -0.00002878     0.00060662    -0.27647435    -0.00039385     0.11758338    -0.02346010   
  40   0.00029634     0.00054487    -0.27644875     0.00021582     0.11757249    -0.02345521   
  41   0.00001907    -0.00002935    -0.29760089     0.00119448     0.12609687    -0.02515944   
  42  -0.00026012    -0.00060044    -0.27644823     0.00021580     0.11758412    -0.02345892   
  43   0.00006641    -0.00066418    -0.27647255    -0.00039382     0.11759490    -0.02345459   
  44   0.00002129    -0.00003248    -0.29768674    -0.00138559     0.12613416    -0.02515894   
  45   0.49171522     0.33350493     0.09271144     0.00592315    -0.04615227     0.01262405   
  46  -0.49172996    -0.33348648     0.09271962     0.00589047    -0.04005622     0.00453881   
  47  -0.00282507     0.00416690     0.19959706     0.34323408     0.44379451     0.30547580   
  48   0.00128324    -0.00189317    -0.18757746    -0.16294413    -0.07915409    -0.07349200   
  49   0.00176468    -0.00260232    -0.02479081    -0.18577852    -0.36194265    -0.23118143   
  50  -0.00176485     0.00260265    -0.02443912    -0.18411254     0.04532106     0.29607773   
  51  -0.00128097     0.00188958    -0.18737960    -0.16228477     0.04112230     0.08208959   
  52   0.00282347    -0.00416444     0.19904645     0.34090272    -0.08552079    -0.37966477   
  53  -0.00416498    -0.00282357     0.19913425    -0.34092111    -0.05410444     0.27478881   
  54   0.00189427     0.00128069    -0.18735534     0.16236029     0.03391980    -0.06703820   
  55   0.00259993     0.00176490    -0.02455276     0.18405861     0.02120824    -0.20708613   
  56  -0.00260227    -0.00176381    -0.02480752     0.18578073    -0.33763534     0.26903873   
  57  -0.00188986    -0.00128703    -0.18760091     0.16304634    -0.07217292     0.07369931   
  58   0.00416433     0.00282730     0.19964877    -0.34334832     0.41240411    -0.34415867   
  59  -0.33349291     0.49173340     0.09277974    -0.00585118    -0.04658808     0.00414672   
  60   0.33348710    -0.49172412     0.09287550    -0.00582136    -0.03970454     0.01310473   
           13             14             15             16             17             18       
   1  -0.02579086    -0.00412812    -0.03624370    -0.00020339     0.00082929     0.00948043   
   2  -0.02473771     0.00345751    -0.02615022     0.00000313    -0.00000560    -0.00003823   
   3  -0.02992903    -0.00412816    -0.03624387     0.00021547    -0.00086199     0.00947977   
   4   0.01322492    -0.00487458     0.01323144     0.00009251    -0.00037810    -0.23232464   
   5   0.05674053    -0.00660145     0.06235782    -0.00000805     0.00001575    -0.38769606   
   6   0.01504930    -0.00487457     0.01323160    -0.00009477     0.00037858    -0.23232490   
   7  -0.00278193    -0.02533191     0.01894040    -0.00000454    -0.00000120     0.00329004   
   8  -0.00492263    -0.08028634     0.07500375     0.11340597     0.02805512    -0.00026858   
   9   0.01901853    -0.00676618     0.02687729     0.08483177     0.02098697    -0.00045931   
  10   0.01269675     0.07507137    -0.06189423    -0.07780258    -0.01924700    -0.00000345   
  11   0.01032236     0.18008379    -0.16976323    -0.26472258    -0.06548882     0.00028263   
  12  -0.00802089     0.00427595    -0.01218912    -0.03260335    -0.00806594    -0.00003780   
  13  -0.02897902    -0.17048036     0.14174045     0.18901199     0.04675833    -0.00051500   
  14   0.01290760    -0.08028926     0.07499758    -0.11344461    -0.02805369    -0.00026857   
  15  -0.18436214    -0.17035488     0.14162042    -0.18898208    -0.04673363    -0.00051498   
  16  -0.09489680     0.00433736    -0.01223833     0.03265830     0.00807593    -0.00003780   
  17  -0.03569959     0.18009717    -0.16975418     0.26481543     0.06548614     0.00028261   
  18   0.07854794     0.07502089    -0.06184580     0.07779379     0.01923773    -0.00000345   
  19   0.21763905    -0.00689756     0.02698154    -0.08494727    -0.02100629    -0.00045929   
  20  -0.00275052     0.02531352     0.01896666    -0.00000760     0.00003079    -0.00329037   
  21   0.01753590     0.08014097     0.07501386    -0.02807784     0.11351667     0.00026890   
  22   0.26800384     0.00664354     0.02682763    -0.02099511     0.08488224     0.00045942   
  23   0.09513886    -0.07497965    -0.06192303     0.01926550    -0.07788879     0.00000343   
  24  -0.04762051    -0.17974914    -0.16977978     0.06553963    -0.26497194    -0.00028272   
  25  -0.11693237    -0.00422765    -0.01217450     0.00807133    -0.03263201     0.00003780   
  26  -0.22352259     0.17025990     0.14179359    -0.04679768     0.18919911     0.00051513   
  27  -0.00936370     0.08025627     0.07514919     0.02802843    -0.11332396     0.00026890   
  28   0.01027565     0.17048695     0.14206625     0.04672496    -0.18891619     0.00051509   
  29   0.01386577    -0.00424422    -0.01219135    -0.00805392     0.03256394     0.00003780   
  30   0.02180747    -0.18001451    -0.17009158    -0.06542678     0.26453214    -0.00028270   
  31  -0.00394347    -0.07506945    -0.06203217    -0.01923185     0.07775729     0.00000343   
  32  -0.03102634     0.00669913     0.02688529     0.02095931    -0.08474341     0.00045938   
  33   0.01476879     0.00483531     0.01326155    -0.00037996    -0.00008714     0.23237267   
  34  -0.02649859     0.00420629    -0.03625989    -0.00084004    -0.00022010    -0.00947878   
  35  -0.02476799    -0.00338982    -0.02618561     0.00000355    -0.00001013     0.00004103   
  36  -0.02927022     0.00420963    -0.03628422     0.00085121     0.00019766    -0.00947967   
  37   0.01354731     0.00483684     0.01325122     0.00037664     0.00009987     0.23237587   
  38   0.05680999     0.00644369     0.06243941    -0.00000877     0.00002405     0.38778233   
  39   0.13406622     0.00036705     0.15800129    -0.00002502     0.00005553     0.10885998   
  40   0.13405372    -0.00074625     0.15798602    -0.00002437     0.00005580    -0.10909791   
  41   0.14375830    -0.00255640     0.16819728    -0.00002429     0.00005629    -0.28868418   
  42   0.13404247    -0.00074625     0.15798574    -0.00002182     0.00005292    -0.10909743   
  43   0.13405556     0.00036703     0.15800028    -0.00002128     0.00005462     0.10885298   
  44   0.14380270     0.00215181     0.16824850    -0.00002456     0.00005930     0.28854186   
  45  -0.04577976    -0.01080663    -0.06752277    -0.00032237     0.00131588     0.25924296   
  46  -0.05252689    -0.01080678    -0.06752321     0.00034635    -0.00138359     0.25924273   
  47   0.03336646    -0.00840072     0.04427577     0.14995869     0.03709900     0.00025110   
  48   0.01717192     0.30436780    -0.28797833    -0.45634904    -0.11289466     0.00002184   
  49  -0.04904972    -0.28879442     0.24092546     0.32762102     0.08104786     0.00020334   
  50  -0.31309175    -0.28858202     0.24072155    -0.32757053    -0.08100535     0.00020334   
  51  -0.06065021     0.30438691    -0.28795936     0.45650250     0.11288842     0.00002184   
  52   0.37638340    -0.00862930     0.04445721    -0.15015990    -0.03713252     0.00025108   
  53   0.46335646     0.00818960     0.04418464    -0.03711160     0.15004043    -0.00025146   
  54  -0.08080500    -0.30379420    -0.28799891     0.11297925    -0.45676700    -0.00002180   
  55  -0.37963135     0.28841463     0.24100956    -0.08111349     0.32793510    -0.00020369   
  56   0.01765088     0.28880772     0.24148104     0.08099047    -0.32745699    -0.00020370   
  57   0.03659631    -0.30425402    -0.28853856    -0.11278898     0.45602605    -0.00002180   
  58  -0.05306575     0.00828743     0.04428679     0.03705106    -0.14980612    -0.00025145   
  59  -0.04693195     0.01094753    -0.06754799    -0.00133898    -0.00035346    -0.25929763   
  60  -0.05145315     0.01095308    -0.06759000     0.00136054     0.00031318    -0.25930560   
           19             20             21             22             23             24       
   1   0.05464374     0.03773996     0.01409332     0.00000177    -0.00025160     0.14291007   
   2   0.10096127     0.11539888     0.07008459    -0.00000014     0.00000251     0.31138004   
   3   0.05464473     0.03774040     0.01409347    -0.00000191     0.00025319     0.14291186   
   4   0.26527494    -0.00025298    -0.04079063    -0.00000162     0.00020573     0.07151006   
   5   0.32645530    -0.04128477    -0.06833399    -0.00000005    -0.00000131    -0.06899327   
   6   0.26527492    -0.00025338    -0.04079089     0.00000142    -0.00020647     0.07150854   
   7   0.03450371    -0.12831182     0.11715414     0.00000072     0.00000000    -0.08069085   
   8   0.01641672    -0.19617586     0.19670461     0.22116478     0.00159805     0.00290925   
   9   0.00356534    -0.09175818     0.09436054     0.13452229     0.00097198     0.02281407   
  10   0.00268614    -0.12727920     0.13406248     0.23548444     0.00170153     0.07532596   
  11  -0.00018709    -0.06021849     0.06507572     0.13607261     0.00098323     0.05665635   
  12   0.00262957    -0.12556393     0.13225158     0.23300098     0.00168362     0.07425536   
  13   0.00347796    -0.08972140     0.09222765     0.13193821     0.00095336     0.02179840   
  14   0.01641600    -0.19616815     0.19669700    -0.22117354    -0.00159748     0.00290884   
  15   0.00347783    -0.08971768     0.09222387    -0.13194276    -0.00095302     0.02179679   
  16   0.00262945    -0.12555840     0.13224584    -0.23300926    -0.00168301     0.07425149   
  17  -0.00018708    -0.06021616     0.06507326    -0.13607828    -0.00098288     0.05665387   
  18   0.00268602    -0.12727432     0.13405745    -0.23549456    -0.00170092     0.07532286   
  19   0.00356521    -0.09175511     0.09435746    -0.13452871    -0.00097164     0.02281324   
  20   0.03454192     0.12824585     0.11724247    -0.00000002     0.00000263     0.08069158   
  21   0.01643318     0.19605462     0.19683221     0.00159775    -0.22115378    -0.00290950   
  22   0.00356868     0.09169880     0.09441905     0.00097183    -0.13451359    -0.02281220   
  23   0.00268870     0.12719651     0.13414522     0.00170118    -0.23547097    -0.07531910   
  24  -0.00018726     0.06017946     0.06511600     0.00098300    -0.13606628    -0.05665141   
  25   0.00263211     0.12548440     0.13233537     0.00168323    -0.23299115    -0.07424967   
  26   0.00348124     0.08966445     0.09228598     0.00095313    -0.13193096    -0.02179674   
  27   0.01643146     0.19603180     0.19680875    -0.00159786     0.22118585    -0.00291087   
  28   0.00348094     0.08965491     0.09227587    -0.00095319     0.13195072    -0.02179593   
  29   0.00263189     0.12546955     0.13231921    -0.00168332     0.23302205    -0.07424367   
  30  -0.00018720     0.06017157     0.06510720    -0.00098304     0.13608228    -0.05664579   
  31   0.00268847     0.12718005     0.13412734    -0.00170125     0.23549935    -0.07531175   
  32   0.00356838     0.09168793     0.09440752    -0.00097189     0.13453168    -0.02281042   
  33   0.26513317     0.00022451    -0.04075973    -0.00020595    -0.00000199    -0.07159476   
  34   0.05461665    -0.03775810     0.01406521    -0.00025198    -0.00000215    -0.14300731   
  35   0.10089870    -0.11542997     0.06997647     0.00000049    -0.00000062    -0.31155159   
  36   0.05461777    -0.03775811     0.01406485     0.00025223     0.00000146    -0.14300782   
  37   0.26513748     0.00022512    -0.04076098     0.00020580     0.00000093    -0.07159439   
  38   0.32628710     0.04126824    -0.06826527    -0.00000023    -0.00000029     0.06899833   
  39  -0.15077919     0.02882460     0.02495894     0.00000526     0.00000512     0.15893798   
  40  -0.15082620    -0.02882637     0.02495160     0.00000443     0.00000519    -0.15889803   
  41  -0.06565399    -0.06681432     0.00423244     0.00000022    -0.00000102    -0.33352968   
  42  -0.15083119    -0.02882753     0.02495371    -0.00000414    -0.00000556    -0.15894340   
  43  -0.15078381     0.02882140     0.02496102    -0.00000535    -0.00000362     0.15888103   
  44  -0.06553925     0.06681614     0.00424976    -0.00000020     0.00000109     0.33353487   
  45  -0.30336700    -0.08182683    -0.02216173    -0.00000037     0.00006931    -0.24438212   
  46  -0.30336716    -0.08182732    -0.02216206     0.00000069    -0.00007232    -0.24438356   
  47  -0.01628185     0.22540673    -0.22929569    -0.30428130    -0.00219864    -0.04757350   
  48  -0.00399893     0.17592560    -0.18487010    -0.31954352    -0.00230893    -0.09885220   
  49  -0.01637528     0.22566597    -0.22951948    -0.30427392    -0.00219859    -0.04722111   
  50  -0.01637463     0.22565668    -0.22951011     0.30428452     0.00219779    -0.04721782   
  51  -0.00399882     0.17592025    -0.18486460     0.31955920     0.00230813    -0.09884842   
  52  -0.01628108     0.22539684    -0.22928579     0.30429232     0.00219784    -0.04757114   
  53  -0.01629819    -0.22526684    -0.22944380    -0.00219820     0.30426761     0.04757019   
  54  -0.00400284    -0.17581513    -0.18498821    -0.00230846     0.31953143     0.09884491   
  55  -0.01639216    -0.22553080    -0.22967266    -0.00219819     0.30426601     0.04721829   
  56  -0.01639022    -0.22550131    -0.22964191     0.00219829    -0.30430442     0.04721503   
  57  -0.00400243    -0.17579074    -0.18496188     0.00230854    -0.31956756     0.09883498   
  58  -0.01629633    -0.22523714    -0.22941278     0.00219830    -0.30430470     0.04756600   
  59  -0.30319807     0.08187021    -0.02210746     0.00007047     0.00000127     0.24454924   
  60  -0.30320338     0.08186923    -0.02210611    -0.00007101     0.00000028     0.24454744   
           25             26             27             28             29             30       
   1  -0.00226202     0.13411173     0.01512464    -0.10662732     0.23554616     0.24329597   
   2   0.00002504     0.37937321     0.13047879    -0.24614227     0.00003202    -0.00001922   
   3   0.00228373     0.13411446     0.01512538    -0.10665754    -0.23552035    -0.24331121   
   4   0.00527304    -0.10975514    -0.12935078     0.05521131    -0.36340235    -0.37527363   
   5  -0.00000936    -0.24786780    -0.12895045     0.15033654    -0.00001959     0.00001338   
   6  -0.00526917    -0.10975872    -0.12935203     0.05525739     0.36338526     0.37528861   
   7  -0.00000340     0.16279828    -0.15810176     0.07792308    -0.00000395    -0.00000099   
   8  -0.00000638     0.10430183    -0.20725718     0.25006591     0.00323809    -0.00317366   
   9  -0.00000195     0.00716181    -0.04615122     0.07586414     0.00014677    -0.00014734   
  10   0.00000602    -0.11430747     0.14167536    -0.13044022    -0.00284528     0.00278440   
  11   0.00000549    -0.11096446     0.15892656    -0.16722941    -0.00205975     0.00201889   
  12   0.00000742    -0.11298745     0.14170068    -0.13979150    -0.00043665     0.00043159   
  13   0.00000124     0.00808252    -0.04572221     0.06892286     0.00181246    -0.00177362   
  14   0.00000505     0.10429874    -0.20725323     0.25007006    -0.00327025     0.00316604   
  15  -0.00000024     0.00808418    -0.04572515     0.06893318    -0.00182133     0.00177152   
  16  -0.00000218    -0.11298180     0.14169364    -0.13978181     0.00045458    -0.00042738   
  17  -0.00000116    -0.11096044     0.15892273    -0.16723148     0.00208093    -0.00201386   
  18  -0.00000070    -0.11430423     0.14167471    -0.13045239     0.00286106    -0.00278059   
  19   0.00000302     0.00716115    -0.04614874     0.07585876    -0.00015713     0.00014493   
  20   0.00000747     0.16300487     0.15788843     0.07798877    -0.00000653     0.00000408   
  21   0.00000718     0.10442573     0.20696552     0.25027889     0.00312635     0.00329259   
  22   0.00000131     0.00716995     0.04608539     0.07592572     0.00013945     0.00015700   
  23  -0.00000921    -0.11444276    -0.14147605    -0.13055506    -0.00275021    -0.00288287   
  24  -0.00000809    -0.11109626    -0.15870318    -0.16737252    -0.00198843    -0.00209481   
  25  -0.00001057    -0.11312229    -0.14150132    -0.13990705    -0.00041812    -0.00045410   
  26  -0.00000185     0.00809263     0.04565971     0.06898649     0.00175225     0.00183581   
  27  -0.00000425     0.10441252     0.20693961     0.25024335    -0.00318054    -0.00326149   
  28  -0.00000037     0.00808979     0.04565137     0.06897064    -0.00176720    -0.00182724   
  29  -0.00000095    -0.11311210    -0.14148863    -0.13989716     0.00044840     0.00043692   
  30  -0.00000143    -0.11108369    -0.15868392    -0.16734880     0.00202419     0.00207440   
  31  -0.00000247    -0.11442944    -0.14145709    -0.13052913     0.00277686     0.00286751   
  32  -0.00000366     0.00716916     0.04608102     0.07592012    -0.00015694    -0.00014713   
  33  -0.00528053    -0.10957098     0.12946711     0.05527206    -0.37534346     0.36333291   
  34  -0.00228155     0.13404022    -0.01516473    -0.10664771    -0.24327035     0.23556352   
  35  -0.00001142     0.37905984    -0.13064368    -0.24615673     0.00001923     0.00000465   
  36   0.00227171     0.13403522    -0.01515738    -0.10659231     0.24328873    -0.23556267   
  37   0.00527881    -0.10958132     0.12947946     0.05535904     0.37533080    -0.36333518   
  38   0.00000418    -0.24761438     0.12909670     0.15037906    -0.00001385    -0.00000154   
  39  -0.49994352     0.07494170    -0.14569205    -0.04213623    -0.00117498    -0.00663168   
  40  -0.49995841     0.07506290     0.14562069    -0.04200267     0.00140907    -0.00660374   
  41  -0.00002082    -0.00630901     0.26117630     0.00926686     0.00000260    -0.00000966   
  42   0.49995222     0.07504668     0.14560792    -0.04199921    -0.00139529     0.00658880   
  43   0.49996651     0.07492546    -0.14569368    -0.04213236     0.00117989     0.00664018   
  44   0.00000916    -0.00654059    -0.26116356     0.00903977    -0.00000495     0.00001033   
  45   0.00341967    -0.16749199    -0.00599050     0.11169748    -0.23315121    -0.24076733   
  46  -0.00345365    -0.16749485    -0.00599152     0.11172731     0.23312338     0.24078109   
  47  -0.00000327     0.00186023     0.04313895    -0.07288287    -0.00022868     0.00022642   
  48  -0.00000761     0.14570153    -0.17956721     0.17065388     0.00206109    -0.00201973   
  49  -0.00000144     0.00113246     0.04322340    -0.06718891    -0.00168113     0.00164565   
  50  -0.00000085     0.00112950     0.04322752    -0.06720002     0.00168975    -0.00164361   
  51   0.00000070     0.14569681    -0.17956339     0.17065635    -0.00208240     0.00201468   
  52   0.00000096     0.00186045     0.04313628    -0.07287701     0.00023859    -0.00022410   
  53   0.00000467     0.00186271    -0.04307787    -0.07294260    -0.00021883    -0.00023845   
  54   0.00001175     0.14587588     0.17931591     0.17080062     0.00198971     0.00209575   
  55   0.00000281     0.00113269    -0.04316585    -0.06725247    -0.00162521    -0.00170356   
  56   0.00000221     0.00113512    -0.04315679    -0.06723588     0.00163966     0.00169516   
  57   0.00000343     0.14585954     0.17929455     0.17077695    -0.00202566    -0.00207520   
  58   0.00000042     0.00186259    -0.04307377    -0.07293723     0.00023555     0.00022896   
  59   0.00344997    -0.16741411     0.00602699     0.11170828     0.24079148    -0.23311076   
  60  -0.00343451    -0.16740525     0.00601832     0.11165112    -0.24080748     0.23310735   
           31             32             33             34             35             36       
   1   0.00673049     0.00222804     0.00000581     0.00147307    -0.10756820    -0.00321649   
   2   0.02024992     0.00479349     0.00015780     0.00003922    -0.31416337     0.00001383   
   3   0.00673570     0.00221885     0.00010914    -0.00145081    -0.10755704     0.00322655   
   4  -0.00981109    -0.00093843     0.00002045    -0.00242342     0.14772365     0.00553018   
   5  -0.01397156    -0.00297354    -0.00010623    -0.00002814     0.21541314    -0.00000930   
   6  -0.00981968    -0.00092336    -0.00015135     0.00237691     0.14770596    -0.00554214   
   7   0.00038544    -0.00158845    -0.00000930     0.00000591    -0.01323759     0.00000084   
   8   0.01059416    -0.00524422     0.00129822     0.00009692    -0.17612373     0.06724713   
   9   0.17850287     0.16790191    -0.23825874    -0.00976409    -0.04582805     0.02233999   
  10   0.26248323     0.26180547    -0.36561404    -0.01502613     0.10251711    -0.03184194   
  11  -0.00770342     0.00247447     0.00051951    -0.00000673     0.11160188    -0.04229875   
  12  -0.27451074    -0.25805752     0.36654951     0.01502111     0.06839823    -0.03192247   
  13  -0.17148066    -0.17085474     0.23865226     0.00980773    -0.06733710     0.02222067   
  14   0.01058965    -0.00524538    -0.00125217    -0.00000852    -0.17617855    -0.06723649   
  15  -0.16835701    -0.16682739    -0.24368672    -0.00967914    -0.06734359    -0.02221473   
  16  -0.26969461    -0.25185161    -0.37435328    -0.01490962     0.06844353     0.03192183   
  17  -0.00768522     0.00249569    -0.00057893    -0.00004951     0.11163619     0.04229193   
  18   0.25769773     0.25563530     0.37332422     0.01482758     0.10252373     0.03183206   
  19   0.17537299     0.16386859     0.24333561     0.00969103    -0.04585866    -0.02233963   
  20  -0.00044218    -0.00157366    -0.00001514     0.00000453     0.01323774    -0.00000220   
  21  -0.01076267    -0.00485244    -0.00005279    -0.00126549     0.17619844     0.43161159   
  22  -0.17110724     0.17310666    -0.00935546     0.23997157     0.04585362     0.14339337   
  23  -0.25101184     0.26937663    -0.01425448     0.36819973    -0.10255085    -0.20435450   
  24   0.00777317     0.00219639     0.00008691    -0.00055103    -0.11164987    -0.27148639   
  25   0.26313877    -0.26605716     0.01439393    -0.36917787    -0.06843756    -0.20490569   
  26   0.16399011    -0.17579839     0.00930546    -0.24033528     0.06736103     0.14261094   
  27  -0.01078444    -0.00482450    -0.00015154     0.00124083     0.17615030    -0.43167916   
  28   0.16301394    -0.17434698    -0.01017434     0.24200749     0.06735702    -0.14264746   
  29   0.26165360    -0.26384546    -0.01553242     0.37177484    -0.06839706     0.20491669   
  30   0.00777986     0.00218849     0.00003988     0.00057304    -0.11161924     0.27152848   
  31  -0.24951749     0.26715428     0.01558908    -0.37076288    -0.10254610     0.20441071   
  32  -0.17014281     0.17167007     0.01009742    -0.24166243     0.04582610    -0.14340049   
  33   0.00976868    -0.00132904     0.00244696     0.00013794    -0.14783774     0.00085162   
  34  -0.00665995     0.00246775     0.00144152     0.00004117     0.10759748     0.00048678   
  35  -0.02007500     0.00556827    -0.00007506    -0.00007031     0.31432761    -0.00001149   
  36  -0.00664404     0.00249271    -0.00148125    -0.00009165     0.10762940    -0.00049468   
  37   0.00979520    -0.00128818    -0.00235174    -0.00007799    -0.14779045    -0.00084063   
  38   0.01386361    -0.00350889     0.00005438     0.00004753    -0.21553868     0.00000788   
  39  -0.00975354     0.00109264    -0.00006461    -0.00005477     0.14657345     0.00005676   
  40   0.00978076     0.00071521     0.00003929     0.00000633    -0.14648850     0.00003669   
  41   0.01623615    -0.00055103     0.00009172     0.00004481    -0.24182647     0.00000920   
  42   0.00977978     0.00071482     0.00008778     0.00004133    -0.14647958    -0.00002501   
  43  -0.00975370     0.00109243    -0.00003357    -0.00000370     0.14657107    -0.00006766   
  44  -0.01624320     0.00007664    -0.00009553    -0.00004341     0.24180305    -0.00000929   
  45  -0.00633294    -0.00225588     0.00000214    -0.00160948     0.10074887     0.00360228   
  46  -0.00633871    -0.00224586    -0.00011279     0.00158948     0.10073789    -0.00361164   
  47  -0.17218766    -0.16203727     0.23005750     0.00942821     0.04308969    -0.02100830   
  48   0.00755434    -0.00240912    -0.00054774     0.00000495    -0.10799431     0.04034960   
  49   0.16691452     0.16626111    -0.23243470    -0.00955199     0.06479342    -0.02097932   
  50   0.16387166     0.16233818     0.23733372     0.00942707     0.06479987     0.02097382   
  51   0.00753581    -0.00243076     0.00060594     0.00005007    -0.10802766    -0.04034315   
  52  -0.16916282    -0.15814025    -0.23495203    -0.00935712     0.04311861     0.02100784   
  53   0.16505127    -0.16705787     0.00903307    -0.23171181    -0.04311419    -0.13484776   
  54  -0.00762154    -0.00213711    -0.00008657     0.00057803     0.10804108     0.25897801   
  55  -0.15962593     0.17107400    -0.00906364     0.23407521    -0.06481732    -0.13464676   
  56  -0.15867333     0.16965841     0.00990854    -0.23569973    -0.06481278     0.13467982   
  57  -0.00762817    -0.00212940    -0.00003746    -0.00060001     0.10801182    -0.25901912   
  58   0.16411931    -0.16566996    -0.00974997     0.23334228    -0.04308801     0.13485397   
  59   0.00626254    -0.00247861    -0.00158154    -0.00004751    -0.10077305    -0.00054765   
  60   0.00624465    -0.00250579     0.00161637     0.00009594    -0.10080172     0.00055493   
           37             38             39       
   1  -0.00051778    -0.09069176    -0.09146300   
   2  -0.00001514    -0.01969921    -0.02616382   
   3   0.00050801    -0.09069156    -0.09146280   
   4   0.00088635    -0.00758736    -0.00005249   
   5   0.00001053     0.07011316     0.07055462   
   6  -0.00087058    -0.00758778    -0.00005290   
   7  -0.00000497     0.65035789    -0.64403359   
   8  -0.43165642    -0.04011690     0.03933946   
   9  -0.14340475    -0.08908132     0.08819186   
  10   0.20438290     0.00989710    -0.00971688   
  11   0.27151316     0.06546624    -0.06480264   
  12   0.20491769     0.00948565    -0.00931639   
  13  -0.14262773    -0.08897214     0.08808441   
  14   0.43163872    -0.04011432     0.03933692   
  15   0.14260775    -0.08896839     0.08808070   
  16  -0.20493510     0.00948483    -0.00931559   
  17  -0.27150115     0.06546229    -0.06479874   
  18  -0.20434594     0.00989664    -0.00971642   
  19   0.14341758    -0.08907657     0.08818717   
  20  -0.00000020     0.64380566     0.65055575   
  21   0.06724480    -0.03971314    -0.03973830   
  22   0.02234101    -0.08817738    -0.08907846   
  23  -0.03183748     0.00979748     0.00981537   
  24  -0.04229726     0.06480303     0.06545520   
  25  -0.03192491     0.00938993     0.00941060   
  26   0.02221814    -0.08807120    -0.08897183   
  27  -0.06723781    -0.03970897    -0.03973414   
  28  -0.02221755    -0.08806178    -0.08896232   
  29   0.03191919     0.00938928     0.00940995   
  30   0.04229285     0.06479579     0.06544789   
  31   0.03183709     0.00979645     0.00981436   
  32  -0.02233688    -0.08816807    -0.08906905   
  33  -0.00554448    -0.00758868    -0.00002744   
  34  -0.00321234    -0.09155869     0.09049043   
  35   0.00002367    -0.01994560     0.02595069   
  36   0.00323011    -0.09155929     0.09049102   
  37   0.00552505    -0.00758826    -0.00002780   
  38  -0.00001581     0.07077961    -0.06980044   
  39   0.00006164    -0.01788824     0.01671629   
  40   0.00006725    -0.01771441    -0.01689196   
  41  -0.00001435     0.01686042    -0.01224120   
  42  -0.00008310    -0.01771357    -0.01689115   
  43  -0.00004289    -0.01788751     0.01671555   
  44   0.00001397     0.01673250     0.01240681   
  45   0.00057677     0.04663513     0.04674392   
  46  -0.00056788     0.04663459     0.04674339   
  47   0.13485702     0.04571430    -0.04520059   
  48  -0.25900202    -0.03306416     0.03269770   
  49   0.13465952     0.04585837    -0.04534160   
  50  -0.13464157     0.04585650    -0.04533975   
  51   0.25899095    -0.03306208     0.03269565   
  52  -0.13486823     0.04571143    -0.04519775   
  53  -0.02100967     0.04525166     0.04565624   
  54   0.04034854    -0.03272944    -0.03302720   
  55  -0.02097735     0.04539498     0.04579938   
  56   0.02097650     0.04538996     0.04579432   
  57  -0.04034446    -0.03272611    -0.03302385   
  58   0.02100573     0.04524689     0.04565143   
  59   0.00359768     0.04707729    -0.04624302   
  60  -0.00361439     0.04707709    -0.04624283   


************************************************
 Testing random coefficient initial guess method, Trial 5
************************************************

  Initializing L-BFGS optimisation...
    > Num. MOs       =     60
    > Num. params    =    893
    > Max subspace   =     20
    > Max step size   =  0.500
    > Backtracking   =  0.100
    > Parallel tr.   = True
    > Pseudo-canon.  = True
    > Canon interval = 10
    > Hybrid prec.   = True
  ================================================================
           Energy / Eh     Step Len    Max(|G_i|)
  ================================================================
     0   456.2867197766                 6.42e+00
     1   434.2259661799    5.00e-01     6.09e+00    rescaled  
  Step has positive overlap with gradient - reversing direction
     2   415.7061551581    5.00e-01     4.95e+00    reset L-BFGS
     3   398.8384182954    5.00e-01     5.69e+00    rescaled  
     4   388.9391214266    5.00e-01     5.76e+00    rescaled  
     5   379.2034476301    5.00e-01     5.68e+00    rescaled  
     6   372.2931936891    5.00e-01     6.09e+00    rescaled  
     7   358.7028991164    5.00e-01     6.90e+00    rescaled  
     8   348.4484364791    5.00e-01     6.75e+00    rescaled  
     9   338.0246840570    5.00e-01     6.13e+00    rescaled  
    10   330.8438174718    5.00e-01     5.50e+00    rescaled  
    11   326.7062763713    5.00e-01     5.43e+00    rescaled  
    12   322.2437658519    5.00e-01     4.97e+00    rescaled  
    13   313.9308450376    5.00e-01     4.71e+00    rescaled  
    14   307.4775075008    5.00e-01     5.94e+00    rescaled  
    15   294.2538971142    5.00e-01     5.72e+00    rescaled  
    16   288.5314617827    5.00e-01     6.25e+00    rescaled  
    17   283.4151470943    5.00e-01     6.83e+00    rescaled  
    18   272.7913470152    5.00e-01     6.20e+00    rescaled  
    19   264.8411947130    5.00e-01     5.04e+00    rescaled  
    20   251.5773888893    5.00e-01     6.58e+00    rescaled  
    21   244.8999342230    5.00e-01     7.37e+00    rescaled  
    22   240.5593916148    5.00e-01     3.68e+00    rescaled  
    23   244.2786656501    3.95e-01     3.36e+00              
    24   239.3907992202    2.19e-01     2.30e+00    overstep  
    25   242.1916346424    2.41e-01     3.44e+00              
    26   238.2498479635    1.52e-01     1.93e+00    overstep  
    27   237.8153690214    2.91e-01     1.85e+00              
    28   240.1071995945    1.27e-01     2.61e+00              
    29   237.0414201226    7.43e-02     2.06e+00    overstep  
    30   235.7585034197    1.19e-01     8.44e-01              
    31   236.3113787090    1.22e-01     1.04e+00              
    32   235.5663984973    7.16e-02     6.12e-01    overstep  
    33   235.3595513902    4.60e-02     3.66e-01              
    34   235.3997943592    4.58e-02     4.56e-01              
    35   235.3358914688    3.50e-02     2.92e-01    overstep  
    36   235.3097262029    2.02e-02     2.28e-01              
    37   235.2741212389    2.06e-02     2.19e-01              
    38   235.2922048137    3.46e-02     1.75e-01              
    39   235.2683878969    1.95e-02     8.56e-02    overstep  
    40   235.2633372671    9.86e-03     6.65e-02              
    41   235.2605925498    7.38e-03     2.66e-02              
    42   235.2597335885    2.32e-03     1.63e-02              
    43   235.2595927877    7.21e-04     6.78e-03              
    44   235.2595502367    5.98e-04     2.17e-03              
    45   235.2595450156    1.46e-04     5.46e-04              
    46   235.2595447135    5.46e-05     1.30e-04              
    47   235.2595446898    1.51e-05     3.93e-05              
    48   235.2595446882    4.19e-06     7.32e-06              
    49   235.2595446881    6.62e-07     2.71e-06              
    50   235.2595446881    2.10e-07     5.89e-07              
  ================================================================
  L-BFGS converged in     50 iterations (  3.00 seconds)

  Initializing Davidson diagonalisation...
    > Max iterations =   1000
    > Target states  =      5
    > Convergence    =  1.000e-04
    > Basis per root =      4
    > Max basis size =     20
  Davidson diagonalisation converged in     31 iterations (  5.41 seconds)

   --------------------------
    Converged eigenvalues:   
   --------------------------
       0        6.80630606   
       1        6.82735296   
       2        7.04656127   
       3        7.05168104   
       4        7.36031063   
   --------------------------

 ---------------------------------------------
         Total Energy =   235.25954469 Eh
              Nuclear =  5151.81221337 Eh
         One Electron = -9722.71478637 Eh
              Coulomb =  5089.50905466 Eh
        ROHF Exchange =  -283.34693697 Eh
 ---------------------------------------------
           <Sz> =  1.00
           <S2> =  2.00
  Spin Coupling = ++

 -----------------------------------------------------------------------------------------------
  Open-Shell Exchange Matrix <Ψ|Êpq Êqp|Ψ> - Np
 -----------------------------------------------------------------------------------------------
           1              2        
   1   0.00000000    -1.00000000   
   2  -1.00000000     0.00000000   

 -----------------------------------------------------------------------------------------------
  Open-Shell Exchange Integrals <pq|qp>
 -----------------------------------------------------------------------------------------------
           1              2        
   1   3.67375631     3.02044371   
   2   3.02044371     3.67718506   

 -----------------------------------------------------------------------------------------------
  Occupied Orbital Coefficients
 -----------------------------------------------------------------------------------------------
           1              2              3              4              5              6        
   1  -0.09024857    -0.07757107    -0.00008033    -0.00000196     0.27056057     0.28237019   
   2  -0.07838144    -0.06887720     0.00000265    -0.00000154     0.20797361     0.21854790   
   3  -0.09024828    -0.07757083     0.00008665    -0.00000220     0.27055941     0.28236896   
   4  -0.05388142    -0.04443613     0.00003539    -0.00000153     0.17129199     0.17184730   
   5  -0.04798058    -0.03679027     0.00000169    -0.00000168     0.16328059     0.15187204   
   6  -0.05388161    -0.04443628    -0.00003160    -0.00000144     0.17129266     0.17184797   
   7  -0.05261741     0.05221033    -0.00000001    -0.00000727     0.02105245    -0.02471758   
   8  -0.13829016     0.14102932     0.00027676     0.18462873    -0.03385057     0.02660006   
   9  -0.17532679     0.17921618     0.00038049     0.25382959    -0.05266228     0.04378302   
  10  -0.12922194     0.13228770     0.00029459     0.19652695    -0.04374188     0.03741562   
  11  -0.16676947     0.17089895     0.00039282     0.26206211    -0.06091210     0.05297031   
  12  -0.12841573     0.13146261     0.00029261     0.19520284    -0.04348480     0.03720017   
  13  -0.17346274     0.17731006     0.00037597     0.25080949    -0.05210002     0.04331829   
  14  -0.13826175     0.14099954    -0.00027711    -0.18467140    -0.03385523     0.02660274   
  15  -0.17342688     0.17727238    -0.00037643    -0.25086643    -0.05210668     0.04332210   
  16  -0.12838674     0.13143217    -0.00029296    -0.19524321    -0.04348942     0.03720261   
  17  -0.16672978     0.17085729    -0.00039330    -0.26211303    -0.06091779     0.05297311   
  18  -0.12919113     0.13225540    -0.00029495    -0.19656519    -0.04374603     0.03741766   
  19  -0.17528518     0.17917261    -0.00038095    -0.25387930    -0.05266739     0.04378551   
  20  -0.05306292    -0.05176426     0.00000128     0.00000001     0.02102062     0.02478768   
  21  -0.13947862    -0.13984289     0.18464567    -0.00027614    -0.03379142    -0.02667054   
  22  -0.17683324    -0.17770819     0.25384526    -0.00037963    -0.05257007    -0.04389882   
  23  -0.13033280    -0.13117514     0.19653638    -0.00029393    -0.04366520    -0.03751445   
  24  -0.16820328    -0.16946182     0.26207187    -0.00039194    -0.06080511    -0.05311002   
  25  -0.12952130    -0.13035864     0.19521461    -0.00029195    -0.04340907    -0.03729885   
  26  -0.17495562    -0.17582057     0.25082835    -0.00037512    -0.05200938    -0.04343333   
  27  -0.13946320    -0.13982756    -0.18465980     0.00027772    -0.03378515    -0.02666564   
  28  -0.17493727    -0.17580230    -0.25084988     0.00037727    -0.05200056    -0.04342622   
  29  -0.12950880    -0.13034620    -0.19523343     0.00029363    -0.04340233    -0.03729334   
  30  -0.16818966    -0.16944828    -0.26210141     0.00039420    -0.06079675    -0.05310313   
  31  -0.13031963    -0.13116202    -0.19655436     0.00029562    -0.04365819    -0.03750870   
  32  -0.17681492    -0.17768995    -0.25386725     0.00038180    -0.05256117    -0.04389164   
  33  -0.05350839     0.04489694     0.00000031     0.00002278     0.17167947    -0.17148064   
  34  -0.08958796     0.07833465     0.00000047     0.00006561     0.27117162    -0.28176561   
  35  -0.07778853     0.06953445     0.00000025    -0.00001488     0.20843979    -0.21807572   
  36  -0.08958529     0.07833228     0.00000022    -0.00010121     0.27116273    -0.28175598   
  37  -0.05350770     0.04489629     0.00000019    -0.00004415     0.17167720    -0.17147800   
  38  -0.04768162     0.03720931     0.00000029    -0.00000949     0.16365407    -0.15155300   
  39  -0.01957134     0.00411567     0.00000046    -0.00000283     0.07096688    -0.01545476   
  40  -0.01960059    -0.00393282     0.00000056    -0.00000205     0.07091745     0.01554529   
  41  -0.02784755    -0.01326139     0.00000084    -0.00000193     0.10075248     0.05412673   
  42  -0.01960045    -0.00393275     0.00000041    -0.00000181     0.07091700     0.01554506   
  43  -0.01957109     0.00411548     0.00000021    -0.00000268     0.07096603    -0.01545399   
  44  -0.02775176     0.01352167     0.00000034    -0.00000474     0.10092818    -0.05400048   
  45  -0.08598993    -0.07362543    -0.00028357    -0.00000165     0.27899137     0.29411727   
  46  -0.08598955    -0.07362511     0.00028978    -0.00000254     0.27898979     0.29411562   
  47  -0.16850709     0.17245111     0.00038034     0.25373677    -0.05536540     0.04696353   
  48  -0.16368822     0.16776820     0.00038830     0.25902721    -0.06078364     0.05309844   
  49  -0.16521817     0.16909496     0.00037201     0.24817948    -0.05454151     0.04631699   
  50  -0.16518452     0.16905954    -0.00037247    -0.24823642    -0.05454851     0.04632108   
  51  -0.16364823     0.16772623    -0.00038876    -0.25907587    -0.06078893     0.05310090   
  52  -0.16846513     0.17240719    -0.00038080    -0.25378348    -0.05537014     0.04696567   
  53  -0.16995459    -0.17099969     0.25374841    -0.00037950    -0.05526798    -0.04708729   
  54  -0.16509287    -0.16635471     0.25903229    -0.00038738    -0.06067610    -0.05323782   
  55  -0.16663971    -0.16767408     0.24819406    -0.00037119    -0.05444608    -0.04643947   
  56  -0.16662338    -0.16765782    -0.24821722     0.00037333    -0.05443735    -0.04643231   
  57  -0.16508256    -0.16634451    -0.25906636     0.00038961    -0.06066890    -0.05323192   
  58  -0.16993833    -0.17098350    -0.25377258     0.00038167    -0.05525921    -0.04708010   
  59  -0.08536547     0.07435544     0.00000076     0.00026896     0.27962417    -0.29349058   
  60  -0.08536152     0.07435194    -0.00000007    -0.00030396     0.27961086    -0.29347618   
           7              8              9              10             11             12       
   1  -0.29060349     0.19727131    -0.05436965    -0.00228582    -0.02630228    -0.00734246   
   2   0.00000447     0.00000469    -0.05353780     0.00174720    -0.02170217    -0.00432818   
   3   0.29061230    -0.19726032    -0.05437455    -0.00226590    -0.02256672    -0.00237840   
   4   0.12701618    -0.08621340     0.03237448    -0.00266312     0.01322802     0.00357312   
   5  -0.00000721    -0.00001136     0.12125723    -0.00356068     0.04977657     0.00992587   
   6  -0.12701899     0.08620775     0.03237679    -0.00267190     0.01158127     0.00138473   
   7   0.00000026     0.00000042    -0.02391326    -0.01290520    -0.00244362    -0.00044725   
   8   0.00034811     0.00051304    -0.04973467    -0.04114788     0.01727891    -0.01698801   
   9   0.00163892     0.00241518    -0.11775371    -0.19982191     0.25681092    -0.17680703   
  10   0.00033244     0.00048981    -0.00203368    -0.04423270     0.09070752    -0.05753986   
  11  -0.00082970    -0.00122291     0.11262608     0.09711090    -0.04668539     0.04345611   
  12  -0.00077794    -0.00114638     0.05424201     0.08871337    -0.11206986     0.07738553   
  13  -0.00094806    -0.00139684     0.01288442     0.10845562    -0.21317903     0.13593528   
  14  -0.00034747    -0.00051202    -0.04968816    -0.04099543    -0.01029749     0.01863106   
  15   0.00094822     0.00139712     0.01267701     0.10747616     0.02664026    -0.17409993   
  16   0.00077739     0.00114553     0.05410295     0.08812334     0.02207735    -0.09600403   
  17   0.00082827     0.00122066     0.11251026     0.09672285     0.02448720    -0.04847714   
  18  -0.00033262    -0.00049012    -0.00194562    -0.04381852    -0.01092482     0.07385056   
  19  -0.00163792    -0.00241364    -0.11743509    -0.19847572    -0.04987505     0.21959918   
  20   0.00000105     0.00000095    -0.02390752     0.01290517    -0.00243313    -0.00052306   
  21   0.00051348    -0.00034728    -0.04967986     0.04101222    -0.00862391    -0.01556088   
  22   0.00241421    -0.00163796    -0.11748739     0.19848994    -0.03146491    -0.15938306   
  23   0.00048903    -0.00033273    -0.00197493     0.04380612    -0.00484080    -0.05163244   
  24  -0.00122371     0.00082811     0.11249668    -0.09676855     0.02017640     0.03972115   
  25  -0.00114612     0.00077736     0.05412703    -0.08813224     0.01402416     0.06977149   
  26  -0.00139536     0.00094830     0.01274555    -0.10744891     0.01228119     0.12201728   
  27  -0.00051214     0.00034917    -0.04973937     0.04117253     0.01566466     0.01672042   
  28   0.00139684    -0.00094741     0.01289520    -0.10845665    -0.19870584    -0.15846883   
  29   0.00114554    -0.00077871     0.05425263    -0.08873956    -0.10402460    -0.08715526   
  30   0.00122089    -0.00083210     0.11263896    -0.09717015    -0.04250777    -0.04359357   
  31  -0.00049001     0.00033201    -0.00204117     0.04423508     0.08457374     0.06723549   
  32  -0.00241367     0.00164034    -0.11778326     0.19988678     0.23842056     0.19938446   
  33   0.08622012     0.12699839     0.03241647     0.00268855     0.01148801     0.00367554   
  34   0.19726987     0.29060208    -0.05440704     0.00224541    -0.02657164    -0.00213421   
  35   0.00000127     0.00000207    -0.05359130    -0.00177932    -0.02172637    -0.00432227   
  36  -0.19726947    -0.29060105    -0.05446288     0.00222717    -0.02234604    -0.00762375   
  37  -0.08623139    -0.12701519     0.03239272     0.00268054     0.01335120     0.00125555   
  38  -0.00001221    -0.00001839     0.12138183     0.00363468     0.04983291     0.00991508   
  39   0.00002902     0.00060659     0.27647477     0.00039465     0.11758877     0.02342565   
  40  -0.00029613     0.00054498     0.27644918    -0.00021502     0.11757789     0.02342076   
  41  -0.00001910    -0.00002936     0.29760136    -0.00119362     0.12610264     0.02512249   
  42   0.00025985    -0.00060056     0.27644866    -0.00021500     0.11758951     0.02342448   
  43  -0.00006670    -0.00066417     0.27647296     0.00039462     0.11760029     0.02342016   
  44  -0.00002132    -0.00003249     0.29768718     0.00138645     0.12613994     0.02512201   
  45  -0.49157611     0.33370993    -0.09271163    -0.00592336    -0.04615158    -0.01261570   
  46   0.49159087    -0.33369147    -0.09271975    -0.00589087    -0.04006099    -0.00452208   
  47   0.00282680     0.00416573    -0.19959518    -0.34323010     0.44396894    -0.30525925   
  48  -0.00128403    -0.00189263     0.18757671     0.16294358    -0.07919288     0.07343750   
  49  -0.00176577    -0.00260159     0.02478968     0.18577513    -0.36207767     0.23101984   
  50   0.00176594     0.00260192     0.02443897     0.18411452     0.04544018    -0.29581732   
  51   0.00128176     0.00188905     0.18737945     0.16228627     0.04115849    -0.08201978   
  52  -0.00282521    -0.00416328    -0.19904617    -0.34090619    -0.08567659     0.37933317   
  53   0.00416382    -0.00282532    -0.19913559     0.34092833    -0.05388366    -0.27515688   
  54  -0.00189375     0.00128149     0.18735610    -0.16236241     0.03386988     0.06711454   
  55  -0.00259919     0.00176599     0.02455334    -0.18406367     0.02103810     0.20737616   
  56   0.00260153    -0.00176489     0.02480633    -0.18577572    -0.33748368    -0.26924182   
  57   0.00188933    -0.00128782     0.18760054    -0.16304478    -0.07212797    -0.07376922   
  58  -0.00416315     0.00282904    -0.19964719     0.34334174     0.41220683     0.34443216   
  59   0.33369791     0.49159431    -0.09277989     0.00585085    -0.04659222    -0.00413759   
  60  -0.33369210    -0.49158502    -0.09287567     0.00582115    -0.03970439    -0.01308843   
           13             14             15             16             17             18       
   1   0.02579257     0.00412818    -0.03624363    -0.00022636    -0.00082338    -0.00948042   
   2   0.02473787    -0.00345747    -0.02615017     0.00000326     0.00000550     0.00003822   
   3   0.02992762     0.00412822    -0.03624380     0.00023929     0.00085563    -0.00947978   
   4  -0.01322571     0.00487456     0.01323141     0.00010297     0.00037539     0.23232466   
   5  -0.05674089     0.00660133     0.06235770    -0.00000844    -0.00001548     0.38769606   
   6  -0.01504872     0.00487454     0.01323157    -0.00010524    -0.00037581     0.23232490   
   7   0.00278180     0.02533187     0.01894045    -0.00000447     0.00000131    -0.00329005   
   8   0.00493741     0.08028615     0.07500380     0.11258373    -0.03119194     0.00026858   
   9  -0.01885155     0.00676601     0.02687722     0.08421670    -0.02333343     0.00045931   
  10  -0.01264119    -0.07507124    -0.06189431    -0.07723847     0.02139903     0.00000345   
  11  -0.01036060    -0.18008334    -0.16976331    -0.26280322     0.07281108    -0.00028263   
  12   0.00794786    -0.00427588    -0.01218910    -0.03236697     0.00896776     0.00003781   
  13   0.02884796     0.17048009     0.14174060     0.18764157    -0.05198641     0.00051500   
  14  -0.01292327     0.08028919     0.07499778    -0.11262213     0.03119155     0.00026857   
  15   0.18449561     0.17035503     0.14162102    -0.18761208     0.05196087     0.00051498   
  16   0.09497178    -0.00433723    -0.01223826     0.03242147    -0.00897923     0.00003780   
  17   0.03573995    -0.18009701    -0.16975462     0.26289550    -0.07281088    -0.00028261   
  18  -0.07860449    -0.07502094    -0.06184606     0.07722982    -0.02138951     0.00000345   
  19  -0.21781045     0.00689728     0.02698140    -0.08433130     0.02335588     0.00045929   
  20   0.00275063    -0.02531352     0.01896663    -0.00000843    -0.00003048     0.00329036   
  21  -0.01752548    -0.08014117     0.07501394    -0.03121762    -0.11269333    -0.00026890   
  22  -0.26788899    -0.00664333     0.02682739    -0.02334283    -0.08426638    -0.00045942   
  23  -0.09510087     0.07497992    -0.06192321     0.02141987     0.07732394    -0.00000343   
  24   0.04759370     0.17974958    -0.16977995     0.07286854     0.26305008     0.00028272   
  25   0.11688212     0.00422754    -0.01217438     0.00897387     0.03239520    -0.00003780   
  26   0.22343293    -0.17026060     0.14179405    -0.05203085    -0.18782711    -0.00051513   
  27   0.00935383    -0.08025614     0.07514889     0.03116305     0.11250264    -0.00026890   
  28  -0.01018778    -0.17048693     0.14206582     0.05195053     0.18754707    -0.00051509   
  29  -0.01381685     0.00424409    -0.01219123    -0.00895465    -0.03232790    -0.00003779   
  30  -0.02178192     0.18001419    -0.17009086    -0.07274390    -0.26261489     0.00028269   
  31   0.00390622     0.07506944    -0.06203198    -0.02138268    -0.07719377    -0.00000343   
  32   0.03091448    -0.00669883     0.02688500     0.02330333     0.08412911    -0.00045938   
  33  -0.01476988    -0.00483533     0.01326151    -0.00037739     0.00009767    -0.23237266   
  34   0.02649643    -0.00420622    -0.03625983    -0.00083364     0.00024331     0.00947879   
  35   0.02476812     0.00338986    -0.02618554     0.00000381     0.00001000    -0.00004102   
  36   0.02927276    -0.00420957    -0.03628417     0.00084537    -0.00022124     0.00947967   
  37  -0.01354633    -0.00483686     0.01325118     0.00037373    -0.00011026    -0.23237585   
  38  -0.05681028    -0.00644380     0.06243926    -0.00000939    -0.00002373    -0.38778232   
  39  -0.13406699    -0.00036732     0.15800098    -0.00002644    -0.00005467    -0.10885999   
  40  -0.13405451     0.00074598     0.15798572    -0.00002579    -0.00005496     0.10909788   
  41  -0.14375915     0.00255610     0.16819696    -0.00002572    -0.00005545     0.28868417   
  42  -0.13404325     0.00074598     0.15798544    -0.00002315    -0.00005215     0.10909742   
  43  -0.13405633    -0.00036730     0.15799997    -0.00002267    -0.00005386    -0.10885300   
  44  -0.14380351    -0.00215210     0.16824816    -0.00002607    -0.00005844    -0.28854188   
  45   0.04578255     0.01080674    -0.06752265    -0.00035883    -0.00130652    -0.25924297   
  46   0.05252458     0.01080688    -0.06752309     0.00038457     0.00137336    -0.25924274   
  47  -0.03307807     0.00840045     0.04427564     0.14887141    -0.04124688    -0.00025110   
  48  -0.01723659    -0.30436704    -0.28797847    -0.45304031     0.12551732    -0.00002184   
  49   0.04882702     0.28879394     0.24092571     0.32524561    -0.09010987    -0.00020334   
  50   0.31331856     0.28858226     0.24072257    -0.32519586     0.09006595    -0.00020334   
  51   0.06071846    -0.30438664    -0.28796012     0.45319284    -0.12551519    -0.00002184   
  52  -0.37667940     0.00862882     0.04445696    -0.14907105     0.04128586    -0.00025108   
  53  -0.46315814    -0.00818923     0.04418423    -0.04126150    -0.14895184     0.00025146   
  54   0.08075967     0.30379496    -0.28799923     0.12561307     0.45345407     0.00002180   
  55   0.37947896    -0.28841582     0.24101035    -0.09018404    -0.32555704     0.00020370   
  56  -0.01750159    -0.28880769     0.24148029     0.09004818     0.32508381     0.00020370   
  57  -0.03655310     0.30425347    -0.28853734    -0.12540294    -0.45272091     0.00002180   
  58   0.05287254    -0.00828690     0.04428628     0.04119474     0.14872018     0.00025145   
  59   0.04692846    -0.01094741    -0.06754789    -0.00132872     0.00039044     0.25929762   
  60   0.05145733    -0.01095296    -0.06758992     0.00135127    -0.00035087     0.25930559   
           19             20             21             22             23             24       
   1   0.05464374    -0.03773997    -0.01409329    -0.00000176     0.00025159    -0.14291005   
   2   0.10096125    -0.11539894    -0.07008452     0.00000014    -0.00000254    -0.31138001   
   3   0.05464471    -0.03774040    -0.01409345     0.00000191    -0.00025319    -0.14291185   
   4   0.26527494     0.00025300     0.04079064     0.00000162    -0.00020573    -0.07151006   
   5   0.32645529     0.04128480     0.06833396     0.00000004     0.00000133     0.06899323   
   6   0.26527491     0.00025340     0.04079089    -0.00000141     0.00020647    -0.07150856   
   7   0.03450372     0.12831174    -0.11715423    -0.00000073    -0.00000001     0.08069088   
   8   0.01641672     0.19617571    -0.19670472    -0.22116483    -0.00159352    -0.00290925   
   9   0.00356534     0.09175809    -0.09436058    -0.13452232    -0.00096923    -0.02281409   
  10   0.00268615     0.12727910    -0.13406255    -0.23548449    -0.00169670    -0.07532598   
  11  -0.00018709     0.06021844    -0.06507576    -0.13607263    -0.00098044    -0.05665635   
  12   0.00262957     0.12556384    -0.13225165    -0.23300103    -0.00167884    -0.07425537   
  13   0.00347796     0.08972134    -0.09222771    -0.13193824    -0.00095065    -0.02179840   
  14   0.01641600     0.19616803    -0.19669714     0.22117354     0.00159294    -0.00290883   
  15   0.00347783     0.08971763    -0.09222393     0.13194277     0.00095031    -0.02179680   
  16   0.00262945     0.12555832    -0.13224593     0.23300928     0.00167823    -0.07425151   
  17  -0.00018708     0.06021613    -0.06507331     0.13607830     0.00098009    -0.05665387   
  18   0.00268602     0.12727425    -0.13405755     0.23549458     0.00169609    -0.07532287   
  19   0.00356521     0.09175505    -0.09435752     0.13452872     0.00096889    -0.02281325   
  20   0.03454192    -0.12824596    -0.11724241     0.00000002    -0.00000265    -0.08069158   
  21   0.01643317    -0.19605479    -0.19683212    -0.00159322     0.22115376     0.00290949   
  22   0.00356868    -0.09169887    -0.09441900    -0.00096907     0.13451359     0.02281220   
  23   0.00268870    -0.12719663    -0.13414517    -0.00169635     0.23547099     0.07531910   
  24  -0.00018726    -0.06017952    -0.06511598    -0.00098021     0.13606630     0.05665141   
  25   0.00263211    -0.12548451    -0.13233530    -0.00167845     0.23299115     0.07424966   
  26   0.00348123    -0.08966452    -0.09228593    -0.00095042     0.13193095     0.02179674   
  27   0.01643145    -0.19603191    -0.19680859     0.00159332    -0.22118592     0.00291087   
  28   0.00348094    -0.08965494    -0.09227578     0.00095049    -0.13195076     0.02179593   
  29   0.00263189    -0.12546961    -0.13231910     0.00167854    -0.23302212     0.07424367   
  30  -0.00018721    -0.06017160    -0.06510715     0.00098025    -0.13608232     0.05664579   
  31   0.00268847    -0.12718011    -0.13412723     0.00169642    -0.23549942     0.07531175   
  32   0.00356838    -0.09168797    -0.09440744     0.00096913    -0.13453172     0.02281042   
  33   0.26513318    -0.00022448     0.04075973     0.00020595     0.00000199     0.07159476   
  34   0.05461665     0.03775810    -0.01406524     0.00025197     0.00000215     0.14300731   
  35   0.10089870     0.11542993    -0.06997656    -0.00000050     0.00000063     0.31155161   
  36   0.05461777     0.03775810    -0.01406488    -0.00025223    -0.00000145     0.14300782   
  37   0.26513749    -0.00022509     0.04076098    -0.00020580    -0.00000092     0.07159439   
  38   0.32628711    -0.04126820     0.06826531     0.00000024     0.00000030    -0.06899835   
  39  -0.15077919    -0.02882461    -0.02495891    -0.00000526    -0.00000512    -0.15893796   
  40  -0.15082622     0.02882635    -0.02495163    -0.00000443    -0.00000519     0.15889802   
  41  -0.06565400     0.06681433    -0.00423250    -0.00000022     0.00000103     0.33352967   
  42  -0.15083119     0.02882752    -0.02495373     0.00000413     0.00000557     0.15894342   
  43  -0.15078380    -0.02882142    -0.02496099     0.00000535     0.00000361    -0.15888104   
  44  -0.06553923    -0.06681615    -0.00424971     0.00000021    -0.00000110    -0.33353488   
  45  -0.30336700     0.08182685     0.02216168     0.00000036    -0.00006930     0.24438211   
  46  -0.30336715     0.08182735     0.02216201    -0.00000069     0.00007233     0.24438354   
  47  -0.01628185    -0.22540655     0.22929581     0.30428137     0.00219240     0.04757352   
  48  -0.00399893    -0.17592546     0.18487021     0.31954359     0.00230238     0.09885221   
  49  -0.01637528    -0.22566580     0.22951962     0.30427399     0.00219235     0.04722111   
  50  -0.01637463    -0.22565654     0.22951028    -0.30428454    -0.00219155     0.04721783   
  51  -0.00399882    -0.17592015     0.18486474    -0.31955923    -0.00230158     0.09884843   
  52  -0.01628108    -0.22539670     0.22928595    -0.30429234    -0.00219160     0.04757115   
  53  -0.01629818     0.22526702     0.22944368     0.00219196    -0.30426759    -0.04757020   
  54  -0.00400284     0.17581529     0.18498813     0.00230191    -0.31953144    -0.09884492   
  55  -0.01639216     0.22553099     0.22967255     0.00219194    -0.30426599    -0.04721828   
  56  -0.01639022     0.22550142     0.22964172    -0.00219205     0.30430452    -0.04721504   
  57  -0.00400243     0.17579083     0.18496173    -0.00230199     0.31956765    -0.09883498   
  58  -0.01629633     0.22523725     0.22941258    -0.00219206     0.30430480    -0.04756600   
  59  -0.30319808    -0.08187020     0.02210752    -0.00007046    -0.00000127    -0.24454924   
  60  -0.30320340    -0.08186922     0.02210617     0.00007101    -0.00000028    -0.24454745   
           25             26             27             28             29             30       
   1  -0.00226203    -0.13411172    -0.01512461     0.10662736     0.23554995    -0.24329230   
   2   0.00002503    -0.37937323    -0.13047876     0.24614231     0.00003197     0.00001928   
   3   0.00228372    -0.13411448    -0.01512539     0.10665753    -0.23552412     0.24330756   
   4   0.00527304     0.10975514     0.12935076    -0.05521142    -0.36340816     0.37526797   
   5  -0.00000935     0.24786779     0.12895043    -0.15033656    -0.00001960    -0.00001340   
   6  -0.00526918     0.10975872     0.12935204    -0.05525733     0.36339110    -0.37528298   
   7  -0.00000342    -0.16279830     0.15810176    -0.07792306    -0.00000395     0.00000099   
   8  -0.00000638    -0.10430182     0.20725714    -0.25006591     0.00323804     0.00317369   
   9  -0.00000195    -0.00716176     0.04615116    -0.07586409     0.00014677     0.00014733   
  10   0.00000603     0.11430748    -0.14167536     0.13044026    -0.00284524    -0.00278444   
  11   0.00000550     0.11096444    -0.15892653     0.16722942    -0.00205973    -0.00201891   
  12   0.00000743     0.11298743    -0.14170063     0.13979146    -0.00043664    -0.00043157   
  13   0.00000124    -0.00808255     0.04572225    -0.06892294     0.00181244     0.00177365   
  14   0.00000505    -0.10429874     0.20725322    -0.25007008    -0.00327019    -0.00316611   
  15  -0.00000023    -0.00808418     0.04572515    -0.06893319    -0.00182131    -0.00177155   
  16  -0.00000217     0.11298180    -0.14169364     0.13978183     0.00045456     0.00042739   
  17  -0.00000115     0.11096042    -0.15892272     0.16723150     0.00208089     0.00201390   
  18  -0.00000070     0.11430422    -0.14167469     0.13045239     0.00286102     0.00278064   
  19   0.00000302    -0.00716115     0.04614873    -0.07585878    -0.00015712    -0.00014492   
  20   0.00000746    -0.16300490    -0.15788845    -0.07798878    -0.00000652    -0.00000408   
  21   0.00000718    -0.10442576    -0.20696556    -0.25027891     0.00312643    -0.00329260   
  22   0.00000131    -0.00716993    -0.04608538    -0.07592570     0.00013947    -0.00015702   
  23  -0.00000921     0.11444279     0.14147607     0.13055508    -0.00275027     0.00288286   
  24  -0.00000808     0.11109628     0.15870320     0.16737252    -0.00198849     0.00209482   
  25  -0.00001057     0.11312231     0.14150133     0.13990703    -0.00041815     0.00045413   
  26  -0.00000184    -0.00809265    -0.04565974    -0.06898653     0.00175229    -0.00183579   
  27  -0.00000425    -0.10441251    -0.20693960    -0.25024331    -0.00318058     0.00326140   
  28  -0.00000037    -0.00808979    -0.04565136    -0.06897061    -0.00176721     0.00182720   
  29  -0.00000095     0.11311212     0.14148863     0.13989715     0.00044839    -0.00043689   
  30  -0.00000143     0.11108370     0.15868390     0.16734876     0.00202419    -0.00207434   
  31  -0.00000247     0.11442944     0.14145706     0.13052908     0.00277690    -0.00286744   
  32  -0.00000366    -0.00716915    -0.04608102    -0.07592012    -0.00015693     0.00014711   
  33  -0.00528054     0.10957098    -0.12946713    -0.05527202    -0.37533782    -0.36333874   
  34  -0.00228155    -0.13404020     0.01516476     0.10664771    -0.24326670    -0.23556729   
  35  -0.00001144    -0.37905982     0.13064373     0.24615670     0.00001922    -0.00000465   
  36   0.00227170    -0.13403521     0.01515740     0.10659227     0.24328507     0.23556645   
  37   0.00527881     0.10958132    -0.12947948    -0.05535904     0.37532516     0.36334101   
  38   0.00000419     0.24761437    -0.12909675    -0.15037904    -0.00001385     0.00000153   
  39  -0.49994352    -0.07494167     0.14569206     0.04213621    -0.00117509     0.00663167   
  40  -0.49995841    -0.07506287    -0.14562069     0.04200268     0.00140898     0.00660376   
  41  -0.00002080     0.00630901    -0.26117631    -0.00926683     0.00000260     0.00000968   
  42   0.49995221    -0.07504668    -0.14560792     0.04199924    -0.00139519    -0.00658882   
  43   0.49996650    -0.07492549     0.14569371     0.04213235     0.00118000    -0.00664016   
  44   0.00000918     0.00654058     0.26116358    -0.00903980    -0.00000496    -0.00001033   
  45   0.00341968     0.16749199     0.00599048    -0.11169754    -0.23315494     0.24076370   
  46  -0.00345364     0.16749487     0.00599153    -0.11172729     0.23312713    -0.24077749   
  47  -0.00000328    -0.00186027    -0.04313890     0.07288282    -0.00022867    -0.00022641   
  48  -0.00000762    -0.14570151     0.17956718    -0.17065389     0.00206107     0.00201975   
  49  -0.00000145    -0.00113244    -0.04322343     0.06718897    -0.00168111    -0.00164567   
  50  -0.00000085    -0.00112950    -0.04322752     0.06720003     0.00168972     0.00164364   
  51   0.00000069    -0.14569680     0.17956337    -0.17065637    -0.00208236    -0.00201472   
  52   0.00000095    -0.00186045    -0.04313628     0.07287703     0.00023858     0.00022410   
  53   0.00000467    -0.00186272     0.04307786     0.07294258    -0.00021885     0.00023847   
  54   0.00001175    -0.14587591    -0.17931593    -0.17080062     0.00198976    -0.00209576   
  55   0.00000281    -0.00113268     0.04316587     0.06725250    -0.00162524     0.00170355   
  56   0.00000221    -0.00113513     0.04315677     0.06723586     0.00163967    -0.00169512   
  57   0.00000342    -0.14585955    -0.17929454    -0.17077692    -0.00202568     0.00207514   
  58   0.00000042    -0.00186260     0.04307377     0.07293722     0.00023555    -0.00022895   
  59   0.00344998     0.16741409    -0.00602701    -0.11170829     0.24078787     0.23311449   
  60  -0.00343450     0.16740523    -0.00601833    -0.11165110    -0.24080386    -0.23311109   
           31             32             33             34             35             36       
   1   0.00673045     0.00222814    -0.00000578     0.00147311    -0.10756821     0.00321621   
   2   0.02024986     0.00479373    -0.00015776     0.00003933    -0.31416336    -0.00001384   
   3   0.00673569     0.00221891    -0.00010913    -0.00145078    -0.10755704    -0.00322626   
   4  -0.00981106    -0.00093858    -0.00002048    -0.00242348     0.14772368    -0.00552969   
   5  -0.01397152    -0.00297371     0.00010620    -0.00002823     0.21541312     0.00000929   
   6  -0.00981968    -0.00092345     0.00015133     0.00237682     0.14770590     0.00554166   
   7   0.00038545    -0.00158845     0.00000928     0.00000593    -0.01323758    -0.00000084   
   8   0.01059422    -0.00524408    -0.00129816     0.00009710    -0.17612376    -0.06749114   
   9   0.17850040     0.16790357     0.23825945    -0.00976613    -0.04582803    -0.02242104   
  10   0.26247933     0.26180783     0.36561499    -0.01502944     0.10251714     0.03195748   
  11  -0.00770352     0.00247431    -0.00051963    -0.00000683     0.11160190     0.04245223   
  12  -0.27450689    -0.25806002    -0.36655053     0.01502426     0.06839823     0.03203830   
  13  -0.17147808    -0.17085625    -0.23865284     0.00980988    -0.06733714    -0.02230130   
  14   0.01058974    -0.00524522     0.00125222    -0.00000836    -0.17617859     0.06748048   
  15  -0.16835551    -0.16682991     0.24368600    -0.00967983    -0.06734361     0.02229534   
  16  -0.26969240    -0.25185565     0.37435210    -0.01491085     0.06844355    -0.03203767   
  17  -0.00768529     0.00249557     0.00057890    -0.00004962     0.11163621    -0.04244540   
  18   0.25769544     0.25563916    -0.37332311     0.01482865     0.10252375    -0.03194757   
  19   0.17537156     0.16387122    -0.24333484     0.00969184    -0.04585867     0.02242069   
  20  -0.00044216    -0.00157367     0.00001513     0.00000454     0.01323775     0.00000217   
  21  -0.01076260    -0.00485260     0.00005275    -0.00126550     0.17619846    -0.43157348   
  22  -0.17111131     0.17310765     0.00935674     0.23996793     0.04585362    -0.14338069   
  23  -0.25101814     0.26937827     0.01425646     0.36819414    -0.10255084     0.20433643   
  24   0.00777316     0.00219645    -0.00008690    -0.00055104    -0.11164988     0.27146238   
  25   0.26314503    -0.26605867    -0.01439588    -0.36917227    -0.06843758     0.20488759   
  26   0.16399421    -0.17579945    -0.00930675    -0.24033163     0.06736103    -0.14259835   
  27  -0.01078440    -0.00482461     0.00015152     0.00124083     0.17615029     0.43164113   
  28   0.16301401    -0.17434197     0.01017588     0.24201099     0.06735702     0.14263492   
  29   0.26165365    -0.26383764     0.01553481     0.37178022    -0.06839704    -0.20489862   
  30   0.00777984     0.00218857    -0.00003987     0.00057307    -0.11161922    -0.27150456   
  31  -0.24951759     0.26714662    -0.01559144    -0.37076824    -0.10254611    -0.20439270   
  32  -0.17014286     0.17166500    -0.01009896    -0.24166594     0.04582608     0.14338786   
  33   0.00976870    -0.00132892    -0.00244695     0.00013807    -0.14783775    -0.00085475   
  34  -0.00665997     0.00246768    -0.00144153     0.00004109     0.10759747    -0.00048860   
  35  -0.02007508     0.00556802     0.00007501    -0.00007058     0.31432761     0.00001150   
  36  -0.00664407     0.00249263     0.00148125    -0.00009175     0.10762940     0.00049650   
  37   0.00979521    -0.00128806     0.00235178    -0.00007789    -0.14779043     0.00084376   
  38   0.01386365    -0.00350872    -0.00005436     0.00004770    -0.21553868    -0.00000788   
  39  -0.00975355     0.00109252     0.00006459    -0.00005488     0.14657344    -0.00005673   
  40   0.00978075     0.00071532    -0.00003927     0.00000641    -0.14648847    -0.00003664   
  41   0.01623615    -0.00055084    -0.00009169     0.00004497    -0.24182644    -0.00000920   
  42   0.00977977     0.00071494    -0.00008776     0.00004141    -0.14647958     0.00002496   
  43  -0.00975371     0.00109232     0.00003356    -0.00000380     0.14657107     0.00006764   
  44  -0.01624320     0.00007644     0.00009550    -0.00004356     0.24180303     0.00000929   
  45  -0.00633290    -0.00225598    -0.00000217    -0.00160951     0.10074889    -0.00360196   
  46  -0.00633870    -0.00224592     0.00011279     0.00158945     0.10073788     0.00361132   
  47  -0.17218526    -0.16203886    -0.23005816     0.00943019     0.04308967     0.02108453   
  48   0.00755440    -0.00240899     0.00054783     0.00000505    -0.10799432    -0.04049600   
  49   0.16691202     0.16626260     0.23243528    -0.00955409     0.06479345     0.02105545   
  50   0.16387021     0.16234063    -0.23733302     0.00942775     0.06479989    -0.02104993   
  51   0.00753587    -0.00243065    -0.00060590     0.00005017    -0.10802768     0.04048955   
  52  -0.16916144    -0.15814278     0.23495129    -0.00935790     0.04311862    -0.02108407   
  53   0.16505520    -0.16705882    -0.00903430    -0.23170829    -0.04311420     0.13483584   
  54  -0.00762153    -0.00213719     0.00008655     0.00057802     0.10804108    -0.25895512   
  55  -0.15962993     0.17107504     0.00906490     0.23407166    -0.06481732     0.13463488   
  56  -0.15867339     0.16965354    -0.00991004    -0.23570313    -0.06481278    -0.13466797   
  57  -0.00762815    -0.00212949     0.00003744    -0.00060004     0.10801180     0.25899630   
  58   0.16411935    -0.16566506     0.00975146     0.23334567    -0.04308799    -0.13484208   
  59   0.00626256    -0.00247854     0.00158156    -0.00004743    -0.10077304     0.00054968   
  60   0.00624468    -0.00250571    -0.00161637     0.00009604    -0.10080173    -0.00055697   
           37             38             39       
   1  -0.00051960    -0.09069104     0.09146371   
   2  -0.00001513    -0.01969901     0.02616397   
   3   0.00050983    -0.09069086     0.09146353   
   4   0.00088948    -0.00758736     0.00005254   
   5   0.00001053     0.07011261    -0.07055518   
   6  -0.00087372    -0.00758776     0.00005296   
   7  -0.00000497     0.65036297     0.64402847   
   8  -0.43161835    -0.04011720    -0.03933912   
   9  -0.14339206    -0.08908196    -0.08819109   
  10   0.20436486     0.00989719     0.00971681   
  11   0.27148922     0.06546674     0.06480211   
  12   0.20489963     0.00948571     0.00931631   
  13  -0.14261521    -0.08897288    -0.08808375   
  14   0.43160063    -0.04011464    -0.03933662   
  15   0.14259517    -0.08896908    -0.08807999   
  16  -0.20491700     0.00948493     0.00931553   
  17  -0.27147718     0.06546279     0.06479821   
  18  -0.20432793     0.00989670     0.00971633   
  19   0.14340492    -0.08907725    -0.08818645   
  20  -0.00000020     0.64380052    -0.65056081   
  21   0.06748877    -0.03971286     0.03973866   
  22   0.02242206    -0.08817667     0.08907914   
  23  -0.03195299     0.00979741    -0.00981546   
  24  -0.04245072     0.06480252    -0.06545571   
  25  -0.03204073     0.00938987    -0.00941070   
  26   0.02229876    -0.08807054     0.08897255   
  27  -0.06748183    -0.03970865     0.03973445   
  28  -0.02229819    -0.08806109     0.08896301   
  29   0.03203502     0.00938920    -0.00941002   
  30   0.04244633     0.06479527    -0.06544840   
  31   0.03195264     0.00979636    -0.00981443   
  32  -0.02241794    -0.08816737     0.08906974   
  33  -0.00554400    -0.00758868     0.00002749   
  34  -0.00321206    -0.09155941    -0.09048972   
  35   0.00002366    -0.01994582    -0.02595055   
  36   0.00322982    -0.09156002    -0.09049033   
  37   0.00552457    -0.00758827     0.00002787   
  38  -0.00001580     0.07078019     0.06979990   
  39   0.00006167    -0.01788836    -0.01671616   
  40   0.00006727    -0.01771428     0.01689211   
  41  -0.00001434     0.01686051     0.01224106   
  42  -0.00008312    -0.01771342     0.01689128   
  43  -0.00004293    -0.01788765    -0.01671539   
  44   0.00001396     0.01673239    -0.01240695   
  45   0.00057881     0.04663476    -0.04674428   
  46  -0.00056992     0.04663424    -0.04674376   
  47   0.13484510     0.04571462     0.04520019   
  48  -0.25897918    -0.03306441    -0.03269743   
  49   0.13464767     0.04585876     0.04534126   
  50  -0.13462970     0.04585686     0.04533939   
  51   0.25896809    -0.03306233    -0.03269539   
  52  -0.13485632     0.04571178     0.04519737   
  53  -0.02108589     0.04525130    -0.04565660   
  54   0.04049493    -0.03272918     0.03302747   
  55  -0.02105347     0.04539466    -0.04579978   
  56   0.02105263     0.04538960    -0.04579467   
  57  -0.04049087    -0.03272584     0.03302410   
  58   0.02108195     0.04524654    -0.04565179   
  59   0.00359737     0.04707767     0.04624267   
  60  -0.00361408     0.04707748     0.04624248   


************************************************
 Testing random coefficient initial guess method, Trial 6
************************************************

  Initializing L-BFGS optimisation...
    > Num. MOs       =     60
    > Num. params    =    893
    > Max subspace   =     20
    > Max step size   =  0.500
    > Backtracking   =  0.100
    > Parallel tr.   = True
    > Pseudo-canon.  = True
    > Canon interval = 10
    > Hybrid prec.   = True
  ================================================================
           Energy / Eh     Step Len    Max(|G_i|)
  ================================================================
     0   454.7446172225                 7.06e+00
     1   437.6953163744    5.00e-01     8.07e+00    rescaled  
     2   425.5222008124    5.00e-01     6.72e+00    rescaled  
     3   406.4254305639    5.00e-01     6.24e+00    rescaled  
     4   391.6526997865    5.00e-01     5.42e+00    rescaled  
     5   381.7695396449    5.00e-01     6.31e+00    rescaled  
     6   373.4320444627    5.00e-01     6.52e+00    rescaled  
     7   360.2280003289    5.00e-01     5.88e+00    rescaled  
     8   350.1718263355    5.00e-01     6.97e+00    rescaled  
     9   338.1663152611    5.00e-01     8.08e+00    rescaled  
    10   328.7285052346    5.00e-01     7.25e+00    rescaled  
    11   316.9779636620    5.00e-01     7.15e+00    rescaled  
    12   306.1770876700    5.00e-01     5.54e+00    rescaled  
    13   295.4033786335    5.00e-01     5.38e+00    rescaled  
    14   289.7668536954    5.00e-01     6.08e+00    rescaled  
    15   287.2104527415    5.00e-01     6.22e+00    rescaled  
    16   284.2192136944    5.00e-01     6.22e+00    rescaled  
    17   278.3947996862    5.00e-01     5.62e+00    rescaled  
    18   273.2886043409    5.00e-01     5.34e+00    rescaled  
    19   264.5798388887    5.00e-01     4.54e+00    rescaled  
    20   259.0284424178    5.00e-01     7.94e+00    rescaled  
    21   252.6404394710    5.00e-01     6.04e+00    rescaled  
    22   247.9286047819    5.00e-01     3.61e+00    rescaled  
    23   244.7630175108    5.00e-01     3.13e+00    rescaled  
    24   240.0544978568    5.00e-01     2.33e+00    rescaled  
    25   241.9040737593    5.00e-01     3.48e+00    rescaled  
    26   239.2595442184    3.26e-01     2.55e+00    overstep  
    27   239.1890178173    2.57e-01     4.56e+00              
    28   237.4654222394    2.78e-01     2.71e+00              
    29   238.4558339851    4.02e-01     2.45e+00              
    30   236.9528793262    2.89e-01     1.87e+00    overstep  
    31   237.1757929858    2.07e-01     2.19e+00              
    32   236.7554891702    1.86e-01     1.89e+00    overstep  
    33   236.1407929878    1.40e-01     2.44e+00              
    34   236.1498497603    1.63e-01     1.16e+00              
    35   235.9339667466    1.47e-01     9.15e-01    overstep  
    36   235.3689808700    8.83e-02     3.75e-01              
    37   235.2819804982    3.16e-02     1.46e-01              
    38   235.2712584818    1.42e-02     1.07e-01              
    39   235.2622368382    8.45e-03     5.39e-02              
    40   235.2601230091    3.73e-03     2.30e-02              
    41   235.2596124840    2.23e-03     8.60e-03              
    42   235.2595883846    1.28e-03     7.63e-03              
    43   235.2595476728    6.12e-04     1.60e-03              
    44   235.2595451006    2.45e-04     6.40e-04              
    45   235.2595447100    7.41e-05     1.43e-04              
    46   235.2595446897    1.68e-05     5.08e-05              
    47   235.2595446882    5.40e-06     1.41e-05              
    48   235.2595446881    1.25e-06     5.21e-06              
    49   235.2595446881    2.93e-07     5.48e-07              
  ================================================================
  L-BFGS converged in     49 iterations (  3.72 seconds)

  Initializing Davidson diagonalisation...
    > Max iterations =   1000
    > Target states  =      5
    > Convergence    =  1.000e-04
    > Basis per root =      4
    > Max basis size =     20
  Davidson diagonalisation converged in     32 iterations (  5.87 seconds)

   --------------------------
    Converged eigenvalues:   
   --------------------------
       0        6.80630514   
       1        6.82735200   
       2        7.04656094   
       3        7.05168066   
       4        7.36031054   
   --------------------------

 ---------------------------------------------
         Total Energy =   235.25954469 Eh
              Nuclear =  5151.81221337 Eh
         One Electron = -9722.71478690 Eh
              Coulomb =  5089.50905485 Eh
        ROHF Exchange =  -283.34693663 Eh
 ---------------------------------------------
           <Sz> =  1.00
           <S2> =  2.00
  Spin Coupling = ++

 -----------------------------------------------------------------------------------------------
  Open-Shell Exchange Matrix <Ψ|Êpq Êqp|Ψ> - Np
 -----------------------------------------------------------------------------------------------
           1              2        
   1   0.00000000    -1.00000000   
   2  -1.00000000     0.00000000   

 -----------------------------------------------------------------------------------------------
  Open-Shell Exchange Integrals <pq|qp>
 -----------------------------------------------------------------------------------------------
           1              2        
   1   3.67375271     3.02044677   
   2   3.02044677     3.67718144   

 -----------------------------------------------------------------------------------------------
  Occupied Orbital Coefficients
 -----------------------------------------------------------------------------------------------
           1              2              3              4              5              6        
   1   0.09024692    -0.07757287    -0.00008030    -0.00000196     0.27056019     0.28237058   
   2   0.07837998    -0.06887877     0.00000268    -0.00000154     0.20797332     0.21854821   
   3   0.09024663    -0.07757263     0.00008669    -0.00000221     0.27055903     0.28236936   
   4   0.05388047    -0.04443720     0.00003541    -0.00000153     0.17129176     0.17184754   
   5   0.04797980    -0.03679123     0.00000170    -0.00000169     0.16328039     0.15187228   
   6   0.05388066    -0.04443736    -0.00003158    -0.00000145     0.17129243     0.17184822   
   7   0.05261850     0.05220928    -0.00000001    -0.00000728     0.02105250    -0.02471756   
   8   0.13829306     0.14102652     0.00027873     0.18462870    -0.03385059     0.02660001   
   9   0.17533048     0.17921263     0.00038319     0.25382955    -0.05266232     0.04378294   
  10   0.12922466     0.13228509     0.00029668     0.19652692    -0.04374191     0.03741555   
  11   0.16677298     0.17089557     0.00039561     0.26206208    -0.06091215     0.05297023   
  12   0.12841843     0.13146001     0.00029468     0.19520280    -0.04348483     0.03720010   
  13   0.17346638     0.17730655     0.00037863     0.25080945    -0.05210005     0.04331821   
  14   0.13826463     0.14099670    -0.00027908    -0.18467143    -0.03385526     0.02660268   
  15   0.17343049     0.17726881    -0.00037911    -0.25086646    -0.05210673     0.04332202   
  16   0.12838942     0.13142952    -0.00029505    -0.19524324    -0.04348946     0.03720255   
  17   0.16673326     0.17085385    -0.00039610    -0.26211306    -0.06091785     0.05297302   
  18   0.12919382     0.13225274    -0.00029704    -0.19656521    -0.04374607     0.03741759   
  19   0.17528884     0.17916900    -0.00038366    -0.25387933    -0.05266743     0.04378543   
  20   0.05306186    -0.05176534     0.00000130    -0.00000000     0.02102059     0.02478771   
  21   0.13947575    -0.13984573     0.18464570    -0.00027810    -0.03379137    -0.02667057   
  22   0.17682958    -0.17771177     0.25384529    -0.00038232    -0.05256997    -0.04389887   
  23   0.13033010    -0.13117779     0.19653640    -0.00029601    -0.04366512    -0.03751449   
  24   0.16819980    -0.16946523     0.26207190    -0.00039472    -0.06080502    -0.05311008   
  25   0.12951863    -0.13036127     0.19521463    -0.00029402    -0.04340900    -0.03729890   
  26   0.17495202    -0.17582413     0.25082839    -0.00037778    -0.05200929    -0.04343338   
  27   0.13946036    -0.13983043    -0.18465976     0.00027969    -0.03378507    -0.02666566   
  28   0.17493371    -0.17580591    -0.25084984     0.00037996    -0.05200045    -0.04342626   
  29   0.12950617    -0.13034887    -0.19523340     0.00029572    -0.04340225    -0.03729338   
  30   0.16818624    -0.16945176    -0.26210138     0.00039701    -0.06079663    -0.05310318   
  31   0.13031697    -0.13116472    -0.19655433     0.00029772    -0.04365810    -0.03750873   
  32   0.17681132    -0.17769360    -0.25386721     0.00038452    -0.05256106    -0.04389168   
  33   0.05350929     0.04489583     0.00000031     0.00002277     0.17167972    -0.17148039   
  34   0.08958954     0.07833280     0.00000047     0.00006559     0.27117202    -0.28176523   
  35   0.07778993     0.06953285     0.00000025    -0.00001489     0.20844011    -0.21807544   
  36   0.08958687     0.07833043     0.00000022    -0.00010123     0.27116313    -0.28175560   
  37   0.05350860     0.04489519     0.00000019    -0.00004416     0.17167745    -0.17147776   
  38   0.04768236     0.03720833     0.00000029    -0.00000950     0.16365429    -0.15155277   
  39   0.01957141     0.00411527     0.00000046    -0.00000284     0.07096691    -0.01545465   
  40   0.01960050    -0.00393322     0.00000057    -0.00000205     0.07091743     0.01554539   
  41   0.02784726    -0.01326195     0.00000085    -0.00000193     0.10075240     0.05412687   
  42   0.01960035    -0.00393315     0.00000041    -0.00000181     0.07091698     0.01554516   
  43   0.01957116     0.00411507     0.00000022    -0.00000269     0.07096606    -0.01545389   
  44   0.02775202     0.01352110     0.00000034    -0.00000474     0.10092825    -0.05400034   
  45   0.08598836    -0.07362714    -0.00028353    -0.00000165     0.27899097     0.29411767   
  46   0.08598798    -0.07362683     0.00028982    -0.00000255     0.27898940     0.29411602   
  47   0.16851064     0.17244771     0.00038304     0.25373674    -0.05536544     0.04696345   
  48   0.16369167     0.16776489     0.00039105     0.25902717    -0.06078369     0.05309835   
  49   0.16522165     0.16909162     0.00037465     0.24817944    -0.05454154     0.04631690   
  50   0.16518796     0.16905614    -0.00037512    -0.24823645    -0.05454857     0.04632099   
  51   0.16365164     0.16772285    -0.00039153    -0.25907590    -0.06078899     0.05310080   
  52   0.16846864     0.17240371    -0.00038351    -0.25378351    -0.05537019     0.04696559   
  53   0.16995107    -0.17100313     0.25374843    -0.00038219    -0.05526789    -0.04708734   
  54   0.16508945    -0.16635806     0.25903232    -0.00039012    -0.06067600    -0.05323788   
  55   0.16663628    -0.16767747     0.24819410    -0.00037382    -0.05444600    -0.04643953   
  56   0.16661999    -0.16766126    -0.24821718     0.00037598    -0.05443724    -0.04643236   
  57   0.16507921    -0.16634793    -0.25906634     0.00039239    -0.06066878    -0.05323197   
  58   0.16993487    -0.17098701    -0.25377253     0.00038439    -0.05525909    -0.04708014   
  59   0.08536696     0.07435367     0.00000077     0.00026894     0.27962459    -0.29349019   
  60   0.08536301     0.07435018    -0.00000007    -0.00030399     0.27961128    -0.29347580   
           7              8              9              10             11             12       
   1  -0.29037190    -0.19761203     0.05436947    -0.00228501    -0.02624224     0.00760716   
   2   0.00000447    -0.00000469     0.05353764     0.00174797    -0.02166404     0.00455695   
   3   0.29038073     0.19760106     0.05437440    -0.00226503    -0.02254112     0.00262886   
   4   0.12691497     0.08636232    -0.03237436    -0.00266356     0.01319859    -0.00370701   
   5  -0.00000722     0.00001135    -0.12125686    -0.00356244     0.04968912    -0.01045059   
   6  -0.12691779    -0.08635667    -0.03237669    -0.00267236     0.01156702    -0.00151235   
   7   0.00000025    -0.00000042     0.02391335    -0.01290503    -0.00243985     0.00047296   
   8   0.00034871    -0.00051263     0.04973507    -0.04114785     0.01740052     0.01687857   
   9   0.00164175    -0.00241326     0.11775563    -0.19982510     0.25806028     0.17490901   
  10   0.00033301    -0.00048942     0.00203410    -0.04423404     0.09111259     0.05685185   
  11  -0.00083113     0.00122193    -0.11262705     0.09711096    -0.04699595    -0.04315166   
  12  -0.00077929     0.00114547    -0.05424286     0.08871474    -0.11261675    -0.07655808   
  13  -0.00094970     0.00139573    -0.01288541     0.10845874    -0.21413624    -0.13432088   
  14  -0.00034807     0.00051162     0.04968847    -0.04099510    -0.01043464    -0.01859556   
  15   0.00094986    -0.00139601    -0.01267764     0.10747715     0.02793532     0.17445501   
  16   0.00077874    -0.00114461    -0.05410353     0.08812346     0.02279004     0.09612693   
  17   0.00082971    -0.00121969    -0.11251097     0.09672213     0.02484449     0.04840755   
  18  -0.00033319     0.00048973     0.00194587    -0.04381897    -0.01147424    -0.07400489   
  19  -0.00164075     0.00241172     0.11743639    -0.19847604    -0.05150539    -0.21988647   
  20   0.00000105    -0.00000095     0.02390746     0.01290534    -0.00242852     0.00054870   
  21   0.00051307     0.00034788     0.04967967     0.04101217    -0.00851706     0.01556998   
  22   0.00241228     0.00164079     0.11748654     0.19848661    -0.03039721     0.15880574   
  23   0.00048864     0.00033330     0.00197477     0.04380479    -0.00449744     0.05138232   
  24  -0.00122273    -0.00082953    -0.11249623    -0.09676830     0.01990451    -0.03972268   
  25  -0.00114520    -0.00077870    -0.05412665    -0.08813079     0.01355664    -0.06952171   
  26  -0.00139425    -0.00094994    -0.01274513    -0.10744581     0.01146934    -0.12143612   
  27  -0.00051173    -0.00034977     0.04973932     0.04117286     0.01554756    -0.01680374   
  28   0.00139573     0.00094905    -0.01289528    -0.10845579    -0.19757209     0.15985322   
  29   0.00114463     0.00078005    -0.05425262    -0.08873949    -0.10340355     0.08785439   
  30   0.00121991     0.00083353    -0.11263886    -0.09717086    -0.04220166     0.04383055   
  31  -0.00048962    -0.00033259     0.00204121     0.04423469     0.08409258    -0.06782602   
  32  -0.00241175    -0.00164318     0.11778327     0.19988661     0.23699961    -0.20098912   
  33   0.08636903    -0.12689717    -0.03241641     0.00268811     0.01145753    -0.00380158   
  34   0.19761059    -0.29037050     0.05440685     0.00224626    -0.02654857     0.00240310   
  35   0.00000127    -0.00000207     0.05359116    -0.00177854    -0.02168832     0.00455128   
  36  -0.19761019     0.29036947     0.05446268     0.00222799    -0.02228308     0.00787055   
  37  -0.08638031     0.12691396    -0.03239266     0.00268009     0.01333831    -0.00139133   
  38  -0.00001222     0.00001838    -0.12138150     0.00363292     0.04974560    -0.01044037   
  39   0.00002974    -0.00060656    -0.27647394     0.00039055     0.11738239    -0.02466524   
  40  -0.00029548    -0.00054533    -0.27644834    -0.00021912     0.11737154    -0.02466023   
  41  -0.00001912     0.00002933    -0.29760044    -0.00119803     0.12588130    -0.02645179   
  42   0.00025916     0.00060086    -0.27644782    -0.00021911     0.11738314    -0.02466400   
  43  -0.00006747     0.00066409    -0.27647213     0.00039052     0.11739396    -0.02465980   
  44  -0.00002134     0.00003246    -0.29768630     0.00138204     0.12591863    -0.02645170   
  45  -0.49118436    -0.33428628     0.09271131    -0.00592193    -0.04604801     0.01308170   
  46   0.49119913     0.33426784     0.09271949    -0.00588935    -0.04001356     0.00496489   
  47   0.00283168    -0.00416240     0.19959848    -0.34323562     0.44612585     0.30197658   
  48  -0.00128624     0.00189112    -0.18757834     0.16294372    -0.07971764    -0.07292008   
  49  -0.00176882     0.00259952    -0.02479137     0.18578041    -0.36370446    -0.22827832   
  50   0.00176899    -0.00259985    -0.02444004     0.18411619     0.04764061     0.29641893   
  51   0.00128399    -0.00188755    -0.18738066     0.16228507     0.04176304     0.08190472   
  52  -0.00283011     0.00415997     0.19904841    -0.34090676    -0.08849291    -0.37983413   
  53   0.00416049     0.00283019     0.19913414     0.34092254    -0.05204059     0.27415503   
  54  -0.00189223    -0.00128370    -0.18735534    -0.16236196     0.03341059    -0.06711452   
  55  -0.00259712    -0.00176904    -0.02455262    -0.18405843     0.01965825    -0.20639041   
  56   0.00259947     0.00176795    -0.02480646    -0.18577427    -0.33555747     0.27159248   
  57   0.00188782     0.00129004    -0.18760038    -0.16304597    -0.07160988     0.07417255   
  58  -0.00415983    -0.00283393     0.19964720     0.34334140     0.40975198    -0.34720821   
  59   0.33427428    -0.49120257     0.09277955     0.00585234    -0.04654879     0.00461045   
  60  -0.33426847     0.49119328     0.09287530     0.00582259    -0.03959591     0.01352531   
           13             14             15             16             17             18       
   1   0.02577727    -0.00412796     0.03624379    -0.00018012     0.00083468     0.00948043   
   2   0.02473036     0.00345763     0.02615029     0.00000297    -0.00000568    -0.00003822   
   3   0.02992615    -0.00412800     0.03624396     0.00019127    -0.00086765     0.00947977   
   4  -0.01321833    -0.00487465    -0.01323146     0.00008190    -0.00038054    -0.23232464   
   5  -0.05672366    -0.00660174    -0.06235796    -0.00000759     0.00001594    -0.38769605   
   6  -0.01504744    -0.00487463    -0.01323162    -0.00008415     0.00038108    -0.23232490   
   7   0.00278131    -0.02533197    -0.01894029    -0.00000457    -0.00000107     0.00329004   
   8   0.00488305    -0.08028656    -0.07500344     0.11414625     0.02487245    -0.00026858   
   9  -0.01944132    -0.00676630    -0.02687730     0.08538557     0.01860622    -0.00045931   
  10  -0.01283535     0.07507152     0.06189393    -0.07831044    -0.01706352    -0.00000345   
  11  -0.01022077     0.18008428     0.16976253    -0.26645062    -0.05805955     0.00028263   
  12   0.00820589     0.00427601     0.01218911    -0.03281619    -0.00715095    -0.00003780   
  13   0.02930629    -0.17048073    -0.14173977     0.19024579     0.04145382    -0.00051500   
  14  -0.01286429    -0.08028947    -0.07499727    -0.11418481    -0.02486995    -0.00026857   
  15   0.18396766    -0.17035540    -0.14161984    -0.19021524    -0.04143001    -0.00051498   
  16   0.09467820     0.00433734     0.01223827     0.03287134     0.00715939    -0.00003780   
  17   0.03558728     0.18009764     0.16975346     0.26654327     0.05805429     0.00028261   
  18  -0.07838066     0.07502111     0.06184554     0.07830141     0.01705451    -0.00000345   
  19  -0.21713912    -0.00689752    -0.02698143    -0.08550143    -0.01862229    -0.00045929   
  20   0.00274958     0.02531344    -0.01896670    -0.00000673     0.00003095    -0.00329036   
  21  -0.01756991     0.08014079    -0.07501419    -0.02489204     0.11425738     0.00026890   
  22  -0.26835744     0.00664330    -0.02682769    -0.01861293     0.08543611     0.00045942   
  23  -0.09525391    -0.07497957     0.06192333     0.01707958    -0.07839701     0.00000343   
  24   0.04770749    -0.17974873     0.16978052     0.05810330    -0.26670089    -0.00028272   
  25   0.11708713    -0.00422754     0.01217452     0.00715552    -0.03284492     0.00003779   
  26   0.22379438     0.17025977    -0.14179431    -0.04148789     0.19043367     0.00051513   
  27   0.00939930     0.08025586    -0.07514929     0.02484811    -0.11406369     0.00026890   
  28  -0.01060865     0.17048664    -0.14206661     0.04142321    -0.19014939     0.00051509   
  29  -0.01404938    -0.00424395     0.01219128    -0.00714004     0.03277647     0.00003780   
  30  -0.02190016    -0.18001356     0.17009177    -0.05800293     0.26625883    -0.00028269   
  31   0.00408474    -0.07506930     0.06203232    -0.01704967     0.07826486     0.00000343   
  32   0.03144636     0.00669852    -0.02688512     0.01858105    -0.08529650     0.00045938   
  33  -0.01476182     0.00483524    -0.01326161    -0.00038225    -0.00007649     0.23237267   
  34   0.02649667     0.00420645     0.03625994    -0.00084588    -0.00019650    -0.00947878   
  35   0.02476068    -0.00338969     0.02618569     0.00000326    -0.00001020     0.00004102   
  36   0.02925554     0.00420979     0.03628429     0.00085640     0.00017379    -0.00947967   
  37  -0.01354597     0.00483678    -0.01325128     0.00037929     0.00008929     0.23237587   
  38  -0.05679319     0.00644340    -0.06243959    -0.00000808     0.00002425     0.38778233   
  39  -0.13402645     0.00036634    -0.15800166    -0.00002343     0.00005612     0.10885998   
  40  -0.13401397    -0.00074696    -0.15798640    -0.00002277     0.00005638    -0.10909790   
  41  -0.14371565    -0.00255716    -0.16819768    -0.00002268     0.00005686    -0.28868418   
  42  -0.13400271    -0.00074696    -0.15798612    -0.00002030     0.00005342    -0.10909743   
  43  -0.13401581     0.00036631    -0.15800066    -0.00001972     0.00005511     0.10885298   
  44  -0.14376006     0.00215104    -0.16824890    -0.00002285     0.00005987     0.28854186   
  45   0.04575651    -0.01080633     0.06752294    -0.00028546     0.00132444     0.25924296   
  46   0.05252110    -0.01080648     0.06752337     0.00030751    -0.00139269     0.25924273   
  47  -0.03409650    -0.00840093    -0.04427580     0.15093764     0.03289050     0.00025110   
  48  -0.01700018     0.30436863     0.28797715    -0.45932797    -0.10008750     0.00002184   
  49   0.04960588    -0.28879505    -0.24092430     0.32975960     0.07185337     0.00020334   
  50   0.31242143    -0.28858291    -0.24072057    -0.32970802    -0.07181236     0.00020334   
  51   0.06046022     0.30438772     0.28795816     0.45948106     0.10007701     0.00002184   
  52  -0.37551989    -0.00862923    -0.04445703    -0.15113949    -0.03291836     0.00025108   
  53  -0.46396694     0.00818920    -0.04418473    -0.03290078     0.15101948    -0.00025146   
  54   0.08095198    -0.30379352     0.28800020     0.10016028    -0.45974743    -0.00002180   
  55   0.38009325     0.28841440    -0.24101079    -0.07191013     0.33007495    -0.00020370   
  56  -0.01821668     0.28880717    -0.24148164     0.07180071    -0.32959453    -0.00020370   
  57  -0.03675313    -0.30425240     0.28853888    -0.09999103     0.45900270    -0.00002180   
  58   0.05379129     0.00828637    -0.04428648     0.03284687    -0.15078384    -0.00025146   
  59   0.04692766     0.01094781     0.06754807    -0.00134836    -0.00031584    -0.25929763   
  60   0.05142806     0.01095338     0.06759011     0.00136876     0.00027504    -0.25930560   
           19             20             21             22             23             24       
   1  -0.05464373    -0.03773990     0.01409345    -0.00000175     0.00025159    -0.14291006   
   2  -0.10096123    -0.11539861     0.07008500     0.00000014    -0.00000253    -0.31137997   
   3  -0.05464472    -0.03774034     0.01409360     0.00000190    -0.00025319    -0.14291184   
   4  -0.26527495     0.00025281    -0.04079064     0.00000160    -0.00020573    -0.07151008   
   5  -0.32645530     0.04128449    -0.06833413     0.00000005     0.00000133     0.06899322   
   6  -0.26527493     0.00025321    -0.04079089    -0.00000140     0.00020647    -0.07150858   
   7  -0.03450373     0.12831233     0.11715376    -0.00000072    -0.00000000     0.08069091   
   8  -0.01641673     0.19617659     0.19670389    -0.22116489    -0.00158529    -0.00290923   
   9  -0.00356534     0.09175851     0.09436019    -0.13452236    -0.00096422    -0.02281409   
  10  -0.00268614     0.12727967     0.13406198    -0.23548456    -0.00168793    -0.07532600   
  11   0.00018709     0.06021871     0.06507548    -0.13607268    -0.00097538    -0.05665638   
  12  -0.00262957     0.12556440     0.13225109    -0.23300110    -0.00167017    -0.07425540   
  13  -0.00347796     0.08972172     0.09222730    -0.13193827    -0.00094574    -0.02179841   
  14  -0.01641600     0.19616890     0.19669631     0.22117360     0.00158470    -0.00290882   
  15  -0.00347783     0.08971803     0.09222354     0.13194280     0.00094539    -0.02179679   
  16  -0.00262945     0.12555888     0.13224537     0.23300934     0.00166955    -0.07425154   
  17   0.00018708     0.06021640     0.06507303     0.13607834     0.00097502    -0.05665390   
  18  -0.00268602     0.12727482     0.13405697     0.23549465     0.00168731    -0.07532290   
  19  -0.00356521     0.09175545     0.09435712     0.13452875     0.00096387    -0.02281325   
  20  -0.03454190    -0.12824541     0.11724295     0.00000002    -0.00000263    -0.08069154   
  21  -0.01643317    -0.19605392     0.19683296    -0.00158498     0.22115382     0.00290948   
  22  -0.00356868    -0.09169846     0.09441940    -0.00096406     0.13451361     0.02281219   
  23  -0.00268870    -0.12719604     0.13414573    -0.00168758     0.23547104     0.07531908   
  24   0.00018726    -0.06017925     0.06511625    -0.00097514     0.13606634     0.05665140   
  25  -0.00263211    -0.12548395     0.13233587    -0.00166977     0.23299122     0.07424964   
  26  -0.00348124    -0.08966412     0.09228633    -0.00094551     0.13193098     0.02179672   
  27  -0.01643145    -0.19603105     0.19680943     0.00158508    -0.22118597     0.00291086   
  28  -0.00348094    -0.08965455     0.09227618     0.00094557    -0.13195080     0.02179591   
  29  -0.00263189    -0.12546905     0.13231965     0.00166986    -0.23302219     0.07424365   
  30   0.00018720    -0.06017132     0.06510741     0.00097518    -0.13608236     0.05664578   
  31  -0.00268847    -0.12717954     0.13412778     0.00168765    -0.23549949     0.07531172   
  32  -0.00356838    -0.09168756     0.09440783     0.00096412    -0.13453176     0.02281041   
  33  -0.26513317    -0.00022468    -0.04075974     0.00020595     0.00000198     0.07159474   
  34  -0.05461665     0.03775815     0.01406508     0.00025197     0.00000214     0.14300732   
  35  -0.10089871     0.11543025     0.06997608    -0.00000049     0.00000063     0.31155164   
  36  -0.05461777     0.03775815     0.01406471    -0.00025223    -0.00000144     0.14300783   
  37  -0.26513748    -0.00022529    -0.04076099    -0.00020580    -0.00000092     0.07159436   
  38  -0.32628709    -0.04126851    -0.06826512     0.00000024     0.00000029    -0.06899837   
  39   0.15077919    -0.02882449     0.02495903    -0.00000526    -0.00000512    -0.15893798   
  40   0.15082620     0.02882646     0.02495150    -0.00000443    -0.00000520     0.15889802   
  41   0.06565398     0.06681434     0.00423221    -0.00000022     0.00000103     0.33352969   
  42   0.15083118     0.02882763     0.02495362     0.00000413     0.00000557     0.15894342   
  43   0.15078381    -0.02882130     0.02496112     0.00000535     0.00000361    -0.15888101   
  44   0.06553926    -0.06681611     0.00424999     0.00000021    -0.00000109    -0.33353487   
  45   0.30336700     0.08182675    -0.02216202     0.00000036    -0.00006930     0.24438210   
  46   0.30336716     0.08182724    -0.02216235    -0.00000068     0.00007233     0.24438354   
  47   0.01628186    -0.22540756    -0.22929484     0.30428145     0.00218107     0.04757352   
  48   0.00399894    -0.17592624    -0.18486942     0.31954368     0.00229048     0.09885225   
  49   0.01637529    -0.22566680    -0.22951863     0.30427407     0.00218102     0.04722112   
  50   0.01637464    -0.22565755    -0.22950930    -0.30428463    -0.00218021     0.04721783   
  51   0.00399882    -0.17592093    -0.18486395    -0.31955932    -0.00228966     0.09884847   
  52   0.01628109    -0.22539769    -0.22928497    -0.30429242    -0.00218026     0.04757116   
  53   0.01629818     0.22526602    -0.22944467     0.00218062    -0.30426767    -0.04757018   
  54   0.00400284     0.17581450    -0.18498891     0.00229000    -0.31953153    -0.09884489   
  55   0.01639215     0.22552999    -0.22967353     0.00218061    -0.30426607    -0.04721827   
  56   0.01639021     0.22550043    -0.22964270    -0.00218071     0.30430460    -0.04721501   
  57   0.00400242     0.17579004    -0.18496249    -0.00229008     0.31956774    -0.09883494   
  58   0.01629632     0.22523626    -0.22941356    -0.00218072     0.30430488    -0.04756598   
  59   0.30319808    -0.08187030    -0.02210718    -0.00007047    -0.00000127    -0.24454925   
  60   0.30320339    -0.08186931    -0.02210582     0.00007101    -0.00000029    -0.24454745   
           25             26             27             28             29             30       
   1  -0.00226202    -0.13411174     0.01512467     0.10662734     0.23554324     0.24329880   
   2   0.00002506    -0.37937320     0.13047889     0.24614226     0.00003196    -0.00001923   
   3   0.00228373    -0.13411449     0.01512541     0.10665753    -0.23551744    -0.24331404   
   4   0.00527304     0.10975508    -0.12935081    -0.05521133    -0.36339783    -0.37527798   
   5  -0.00000936     0.24786776    -0.12895050    -0.15033652    -0.00001957     0.00001337   
   6  -0.00526918     0.10975866    -0.12935205    -0.05525732     0.36338078     0.37529296   
   7  -0.00000340    -0.16279837    -0.15810180    -0.07792311    -0.00000395    -0.00000099   
   8  -0.00000638    -0.10430190    -0.20725716    -0.25006587     0.00323816    -0.00317364   
   9  -0.00000195    -0.00716180    -0.04615120    -0.07586411     0.00014679    -0.00014734   
  10   0.00000603     0.11430753     0.14167536     0.13044020    -0.00284533     0.00278438   
  11   0.00000549     0.11096451     0.15892655     0.16722937    -0.00205981     0.00201888   
  12   0.00000743     0.11298751     0.14170067     0.13979148    -0.00043668     0.00043159   
  13   0.00000124    -0.00808253    -0.04572221    -0.06892285     0.00181250    -0.00177361   
  14   0.00000505    -0.10429881    -0.20725324    -0.25007005    -0.00327025     0.00316599   
  15  -0.00000024    -0.00808420    -0.04572515    -0.06893317    -0.00182134     0.00177149   
  16  -0.00000218     0.11298186     0.14169365     0.13978181     0.00045456    -0.00042736   
  17  -0.00000115     0.11096050     0.15892273     0.16723146     0.00208093    -0.00201383   
  18  -0.00000070     0.11430429     0.14167470     0.13045237     0.00286109    -0.00278055   
  19   0.00000302    -0.00716115    -0.04614873    -0.07585874    -0.00015711     0.00014491   
  20   0.00000747    -0.16300484     0.15788848    -0.07798881    -0.00000652     0.00000408   
  21   0.00000718    -0.10442573     0.20696557    -0.25027890     0.00312635     0.00329264   
  22   0.00000131    -0.00716994     0.04608537    -0.07592569     0.00013945     0.00015699   
  23  -0.00000922     0.11444276    -0.14147609     0.13055508    -0.00275020    -0.00288292   
  24  -0.00000809     0.11109626    -0.15870320     0.16737251    -0.00198843    -0.00209483   
  25  -0.00001057     0.11312227    -0.14150132     0.13990702    -0.00041812    -0.00045410   
  26  -0.00000185    -0.00809264     0.04565973    -0.06898650     0.00175224     0.00183583   
  27  -0.00000425    -0.10441251     0.20693962    -0.25024333    -0.00318047    -0.00326153   
  28  -0.00000036    -0.00808981     0.04565139    -0.06897065    -0.00176717    -0.00182726   
  29  -0.00000095     0.11311208    -0.14148863     0.13989713     0.00044838     0.00043693   
  30  -0.00000143     0.11108367    -0.15868392     0.16734877     0.00202414     0.00207443   
  31  -0.00000247     0.11442943    -0.14145709     0.13052913     0.00277681     0.00286754   
  32  -0.00000366    -0.00716914     0.04608099    -0.07592008    -0.00015693    -0.00014714   
  33  -0.00528054     0.10957101     0.12946704    -0.05527217    -0.37534782     0.36332842   
  34  -0.00228156    -0.13404018    -0.01516467     0.10664772    -0.24327318     0.23556060   
  35  -0.00001142    -0.37905977    -0.13064349     0.24615686     0.00001922     0.00000466   
  36   0.00227170    -0.13403516    -0.01515729     0.10659240     0.24329155    -0.23555975   
  37   0.00527880     0.10958135     0.12947943    -0.05535903     0.37533514    -0.36333068   
  38   0.00000419     0.24761437     0.12909659    -0.15037915    -0.00001385    -0.00000154   
  39  -0.49994352    -0.07494175    -0.14569201     0.04213628    -0.00117490    -0.00663170   
  40  -0.49995842    -0.07506283     0.14562070     0.04200264     0.00140914    -0.00660372   
  41  -0.00002081     0.00630914     0.26117629    -0.00926693     0.00000259    -0.00000967   
  42   0.49995220    -0.07504660     0.14560794     0.04199919    -0.00139538     0.00658879   
  43   0.49996651    -0.07492553    -0.14569365     0.04213242     0.00117981     0.00664019   
  44   0.00000918     0.00654046    -0.26116356    -0.00903971    -0.00000494     0.00001032   
  45   0.00341966     0.16749202    -0.00599055    -0.11169751    -0.23314831    -0.24077013   
  46  -0.00345365     0.16749489    -0.00599156    -0.11172730     0.23312051     0.24078388   
  47  -0.00000327    -0.00186024     0.04313893     0.07288285    -0.00022870     0.00022642   
  48  -0.00000761    -0.14570160    -0.17956720    -0.17065385     0.00206115    -0.00201972   
  49  -0.00000144    -0.00113246     0.04322340     0.06718891    -0.00168116     0.00164564   
  50  -0.00000085    -0.00112949     0.04322752     0.06720002     0.00168976    -0.00164359   
  51   0.00000070    -0.14569689    -0.17956339    -0.17065634    -0.00208240     0.00201464   
  52   0.00000096    -0.00186045     0.04313628     0.07287700     0.00023858    -0.00022409   
  53   0.00000467    -0.00186272    -0.04307785     0.07294258    -0.00021884    -0.00023845   
  54   0.00001176    -0.14587587     0.17931594    -0.17080061     0.00198971     0.00209578   
  55   0.00000281    -0.00113269    -0.04316587     0.06725248    -0.00162520    -0.00170359   
  56   0.00000221    -0.00113511    -0.04315679     0.06723589     0.00163963     0.00169518   
  57   0.00000343    -0.14585951     0.17929456    -0.17077692    -0.00202562    -0.00207523   
  58   0.00000042    -0.00186260    -0.04307375     0.07293720     0.00023554     0.00022897   
  59   0.00344998     0.16741405     0.00602692    -0.11170829     0.24079428    -0.23310788   
  60  -0.00343449     0.16740518     0.00601822    -0.11165121    -0.24081027     0.23310446   
           31             32             33             34             35             36       
   1  -0.00673068    -0.00222740     0.00000608     0.00147312     0.10756823     0.00321605   
   2  -0.02025039    -0.00479145     0.00015756     0.00003933     0.31416343    -0.00001385   
   3  -0.00673594    -0.00221815     0.00010869    -0.00145080     0.10755706    -0.00322612   
   4   0.00981114     0.00093750     0.00001996    -0.00242353    -0.14772368    -0.00552943   
   5   0.01397184     0.00297214    -0.00010606    -0.00002823    -0.21541317     0.00000931   
   6   0.00981980     0.00092232    -0.00015065     0.00237686    -0.14770595     0.00554141   
   7  -0.00038527     0.00158848    -0.00000929     0.00000595     0.01323761    -0.00000084   
   8  -0.01059360     0.00524529     0.00129821     0.00009680     0.17612366    -0.06761429   
   9  -0.17851733    -0.16788102    -0.23826497    -0.00970657     0.04582803    -0.02246196   
  10  -0.26250588    -0.26177457    -0.36562355    -0.01493806    -0.10251704     0.03201578   
  11   0.00770316    -0.00247524     0.00051957    -0.00000698    -0.11160182     0.04252969   
  12   0.27453297     0.25802538     0.36655909     0.01493262    -0.06839822     0.03209677   
  13   0.17149543     0.17083454     0.23865846     0.00975024     0.06733706    -0.02234199   
  14  -0.01058912     0.00524644    -0.00125224    -0.00000801     0.17617852     0.06760360   
  15   0.16837620     0.16681350    -0.24368536    -0.00961839     0.06734357     0.02233602   
  16   0.26972366     0.25182919    -0.37435112    -0.01481649    -0.06844352    -0.03209612   
  17   0.00768500    -0.00249642    -0.00057890    -0.00004950    -0.11163615    -0.04252285   
  18  -0.25772715    -0.25561405     0.37332215     0.01473452    -0.10252369    -0.03200586   
  19  -0.17539190    -0.16385402     0.24333421     0.00963050     0.04585864     0.02246160   
  20   0.00044233     0.00157363    -0.00001512     0.00000455    -0.01323775     0.00000219   
  21   0.01076315     0.00485138    -0.00005293    -0.00126551    -0.17619849    -0.43155422   
  22   0.17109253    -0.17312777    -0.00929687     0.23996912    -0.04585364    -0.14337432   
  23   0.25098889    -0.26940784    -0.01416474     0.36819599     0.10255083     0.20432730   
  24  -0.00777340    -0.00219558     0.00008667    -0.00055101     0.11164989     0.27145028   
  25  -0.26311617     0.26608962     0.01430379    -0.36917410     0.06843760     0.20487846   
  26  -0.16397512     0.17581877     0.00924688    -0.24033284    -0.06736103    -0.14259198   
  27   0.01078495     0.00482337    -0.00015107     0.00124085    -0.17615031     0.43162184   
  28  -0.16299371     0.17435938    -0.01011466     0.24201463    -0.06735703     0.14262856   
  29  -0.26162296     0.26386569    -0.01544089     0.37178586     0.06839706    -0.20488947   
  30  -0.00778011    -0.00218766     0.00003992     0.00057310     0.11161923    -0.27149242   
  31   0.24948651    -0.26717328     0.01549764    -0.37077386     0.10254610    -0.20438357   
  32   0.17012290    -0.17168325     0.01003792    -0.24166961    -0.04582608     0.14338143   
  33  -0.00976856     0.00132998     0.00244692     0.00013748     0.14783773    -0.00085633   
  34   0.00665967    -0.00246844     0.00144157     0.00004070    -0.10759748    -0.00048952   
  35   0.02007441    -0.00557028    -0.00007494    -0.00007062    -0.31432759     0.00001152   
  36   0.00664379    -0.00249335    -0.00148124    -0.00009141    -0.10762940     0.00049742   
  37  -0.00979503     0.00128919    -0.00235185    -0.00007727     0.14779046     0.00084533   
  38  -0.01386324     0.00351028     0.00005430     0.00004773     0.21553869    -0.00000789   
  39   0.00975342    -0.00109361    -0.00006454    -0.00005489    -0.14657345    -0.00005670   
  40  -0.00978082    -0.00071423     0.00003919     0.00000643     0.14648850    -0.00003663   
  41  -0.01623607     0.00055267     0.00009157     0.00004498     0.24182648    -0.00000922   
  42  -0.00977984    -0.00071384     0.00008769     0.00004141     0.14647960     0.00002494   
  43   0.00975358    -0.00109341    -0.00003349    -0.00000382    -0.14657109     0.00006763   
  44   0.01624318    -0.00007826    -0.00009538    -0.00004358    -0.24180307     0.00000930   
  45   0.00633314     0.00225528     0.00000183    -0.00160952    -0.10074890    -0.00360179   
  46   0.00633896     0.00224519    -0.00011232     0.00158948    -0.10073791     0.00361116   
  47   0.17220161     0.16201711     0.23006351     0.00937267    -0.04308968     0.02112301   
  48  -0.00755407     0.00240988    -0.00054779     0.00000521     0.10799425    -0.04056990   
  49  -0.16692889    -0.16624146    -0.23244074    -0.00949600    -0.06479338     0.02109386   
  50  -0.16389034    -0.16232466     0.23733240     0.00936791    -0.06479986    -0.02108834   
  51  -0.00753558     0.00243149     0.00060590     0.00005004     0.10802763     0.04056342   
  52   0.16918107     0.15812619    -0.23495068    -0.00929868    -0.04311860    -0.02112254   
  53  -0.16503707     0.16707824     0.00897649    -0.23170945     0.04311422     0.13482984   
  54   0.00762177     0.00213633    -0.00008632     0.00057800    -0.10804109    -0.25894356   
  55   0.15961135    -0.17109385    -0.00900659     0.23407284     0.06481732     0.13462886   
  56   0.15865365    -0.16967049     0.00985041    -0.23570669     0.06481279    -0.13466196   
  57   0.00762840     0.00212860    -0.00003750    -0.00060006    -0.10801181     0.25898472   
  58  -0.16410008     0.16568266    -0.00969252     0.23334921     0.04308800    -0.13483605   
  59  -0.00626226     0.00247926    -0.00158159    -0.00004701     0.10077304     0.00055071   
  60  -0.00624440     0.00250639     0.00161636     0.00009565     0.10080172    -0.00055801   
           37             38             39       
   1   0.00052052    -0.09069352    -0.09146122   
   2   0.00001514    -0.01969970    -0.02616341   
   3  -0.00051075    -0.09069333    -0.09146102   
   4  -0.00089106    -0.00758735    -0.00005233   
   5  -0.00001053     0.07011453     0.07055326   
   6   0.00087530    -0.00758777    -0.00005276   
   7   0.00000497     0.65034529    -0.64404619   
   8   0.43159909    -0.04011617     0.03934026   
   9   0.14338571    -0.08907963     0.08819362   
  10  -0.20435570     0.00989692    -0.00971708   
  11  -0.27147710     0.06546501    -0.06480394   
  12  -0.20489052     0.00948548    -0.00931659   
  13   0.14260879    -0.08897047     0.08808619   
  14  -0.43158136    -0.04011359     0.03933774   
  15  -0.14258882    -0.08896675     0.08808248   
  16   0.20490785     0.00948467    -0.00931580   
  17   0.27146506     0.06546108    -0.06480005   
  18   0.20431878     0.00989644    -0.00971662   
  19  -0.14339850    -0.08907489     0.08818893   
  20   0.00000020     0.64381833     0.65054322   
  21  -0.06761190    -0.03971395    -0.03973757   
  22  -0.02246297    -0.08817912    -0.08907673   
  23   0.03201129     0.00979768     0.00981520   
  24   0.04252817     0.06480429     0.06545394   
  25   0.03209919     0.00939010     0.00941041   
  26  -0.02233943    -0.08807293    -0.08897012   
  27   0.06760498    -0.03970975    -0.03973337   
  28   0.02233888    -0.08806354    -0.08896062   
  29  -0.03209348     0.00938946     0.00940978   
  30  -0.04252379     0.06479706     0.06544662   
  31  -0.03201095     0.00979665     0.00981417   
  32   0.02245885    -0.08816977    -0.08906731   
  33   0.00554377    -0.00758868    -0.00002727   
  34   0.00321192    -0.09155696     0.09049225   
  35  -0.00002367    -0.01994508     0.02595107   
  36  -0.00322969    -0.09155755     0.09049284   
  37  -0.00552434    -0.00758827    -0.00002766   
  38   0.00001581     0.07077827    -0.06980185   
  39  -0.00006169    -0.01788789     0.01671664   
  40  -0.00006728    -0.01771475    -0.01689163   
  41   0.00001435     0.01686017    -0.01224152   
  42   0.00008313    -0.01771390    -0.01689080   
  43   0.00004294    -0.01788719     0.01671591   
  44  -0.00001397     0.01673275     0.01240649   
  45  -0.00057984     0.04663601     0.04674299   
  46   0.00057095     0.04663549     0.04674246   
  47  -0.13483912     0.04571345    -0.04520150   
  48   0.25896762    -0.03306354     0.03269837   
  49  -0.13464162     0.04585752    -0.04534252   
  50   0.13462370     0.04585567    -0.04534068   
  51  -0.25895652    -0.03306148     0.03269631   
  52   0.13485029     0.04571058    -0.04519866   
  53   0.02112436     0.04525256     0.04565536   
  54  -0.04056881    -0.03273007    -0.03302657   
  55   0.02109188     0.04539590     0.04579853   
  56  -0.02109105     0.04539087     0.04579345   
  57   0.04056477    -0.03272676    -0.03302322   
  58  -0.02112042     0.04524777     0.04565053   
  59  -0.00359721     0.04707641    -0.04624397   
  60   0.00361393     0.04707619    -0.04624376   


************************************************
 Testing random coefficient initial guess method, Trial 7
************************************************

  Initializing L-BFGS optimisation...
    > Num. MOs       =     60
    > Num. params    =    893
    > Max subspace   =     20
    > Max step size   =  0.500
    > Backtracking   =  0.100
    > Parallel tr.   = True
    > Pseudo-canon.  = True
    > Canon interval = 10
    > Hybrid prec.   = True
  ================================================================
           Energy / Eh     Step Len    Max(|G_i|)
  ================================================================
     0   457.3031113387                 7.42e+00
     1   433.2888375664    5.00e-01     7.29e+00    rescaled  
     2   413.3788844891    5.00e-01     6.75e+00    rescaled  
     3   399.0507255262    5.00e-01     5.35e+00    rescaled  
     4   386.3185929585    5.00e-01     5.60e+00    rescaled  
     5   359.7677003836    5.00e-01     6.80e+00    rescaled  
     6   342.1293127757    5.00e-01     8.25e+00    rescaled  
     7   328.4853155093    5.00e-01     8.26e+00    rescaled  
     8   315.6344948814    5.00e-01     7.27e+00    rescaled  
     9   287.3561421783    5.00e-01     7.63e+00    rescaled  
    10   264.4081109867    4.13e-01     6.26e+00              
    11   260.4504324669    5.00e-01     5.09e+00    rescaled  
    12   248.0760077740    5.00e-01     3.93e+00    rescaled  
    13   240.7727749095    5.00e-01     3.04e+00    rescaled  
    14   238.4375620733    4.27e-01     3.31e+00              
    15   237.6568753893    1.65e-01     1.70e+00              
    16   237.0573417808    1.61e-01     2.97e+00              
    17   235.9028169899    1.44e-01     9.52e-01              
    18   235.6466113008    8.94e-02     1.27e+00              
    19   235.3641195117    7.66e-02     6.71e-01              
    20   235.3535615631    4.02e-02     2.80e-01              
    21   235.2867203221    1.26e-02     1.63e-01              
    22   235.2792962088    2.11e-02     1.77e-01              
    23   235.2643189258    1.43e-02     6.56e-02              
    24   235.2644475422    5.97e-03     6.41e-02              
    25   235.2633253568    5.38e-03     5.53e-02    overstep  
    26   235.2600075439    4.63e-03     2.38e-02              
    27   235.2596276048    1.43e-03     8.36e-03              
    28   235.2595562705    4.99e-04     4.17e-03              
    29   235.2595463737    1.81e-04     1.19e-03              
    30   235.2595448892    1.16e-04     4.77e-04              
    31   235.2595446976    3.61e-05     9.50e-05              
    32   235.2595446890    4.57e-06     3.45e-05              
    33   235.2595446882    2.27e-06     1.09e-05              
    34   235.2595446881    9.27e-07     2.19e-06              
    35   235.2595446881    2.05e-07     1.14e-06              
    36   235.2595446881    4.31e-08     7.64e-08              
  ================================================================
  L-BFGS converged in     36 iterations (  3.93 seconds)

  Initializing Davidson diagonalisation...
    > Max iterations =   1000
    > Target states  =      5
    > Convergence    =  1.000e-04
    > Basis per root =      4
    > Max basis size =     20
  Davidson diagonalisation converged in     32 iterations (  6.07 seconds)

   --------------------------
    Converged eigenvalues:   
   --------------------------
       0        6.80630585   
       1        6.82735274   
       2        7.04656115   
       3        7.05168090   
       4        7.36031069   
   --------------------------

 ---------------------------------------------
         Total Energy =   235.25954469 Eh
              Nuclear =  5151.81221337 Eh
         One Electron = -9722.71478675 Eh
              Coulomb =  5089.50905503 Eh
        ROHF Exchange =  -283.34693696 Eh
 ---------------------------------------------
           <Sz> =  1.00
           <S2> =  2.00
  Spin Coupling = ++

 -----------------------------------------------------------------------------------------------
  Open-Shell Exchange Matrix <Ψ|Êpq Êqp|Ψ> - Np
 -----------------------------------------------------------------------------------------------
           1              2        
   1   0.00000000    -1.00000000   
   2  -1.00000000     0.00000000   

 -----------------------------------------------------------------------------------------------
  Open-Shell Exchange Integrals <pq|qp>
 -----------------------------------------------------------------------------------------------
           1              2        
   1   3.67375515     3.02044480   
   2   3.02044480     3.67718387   

 -----------------------------------------------------------------------------------------------
  Occupied Orbital Coefficients
 -----------------------------------------------------------------------------------------------
           1              2              3              4              5              6        
   1   0.09024818    -0.07757150     0.00008032     0.00000196    -0.27056053     0.28237023   
   2   0.07838109    -0.06887757    -0.00000266     0.00000154    -0.20797358     0.21854794   
   3   0.09024789    -0.07757126    -0.00008666     0.00000221    -0.27055937     0.28236901   
   4   0.05388120    -0.04443638    -0.00003540     0.00000153    -0.17129197     0.17184732   
   5   0.04798040    -0.03679050    -0.00000169     0.00000169    -0.16328057     0.15187207   
   6   0.05388138    -0.04443653     0.00003159     0.00000145    -0.17129263     0.17184800   
   7   0.05261767     0.05221009     0.00000001     0.00000728    -0.02105246    -0.02471758   
   8   0.13829086     0.14102868    -0.00027706    -0.18462870     0.03385056     0.02660005   
   9   0.17532769     0.17921537    -0.00038089    -0.25382954     0.05266228     0.04378300   
  10   0.12922259     0.13228711    -0.00029490    -0.19652692     0.04374187     0.03741561   
  11   0.16677032     0.17089819    -0.00039324    -0.26206208     0.06091209     0.05297030   
  12   0.12841639     0.13146202    -0.00029291    -0.19520280     0.04348480     0.03720016   
  13   0.17346362     0.17730926    -0.00037636    -0.25080945     0.05210001     0.04331828   
  14   0.13826241     0.14099885     0.00027740     0.18467144     0.03385524     0.02660273   
  15   0.17342771     0.17727152     0.00037683     0.25086648     0.05210669     0.04332210   
  16   0.12838735     0.13143153     0.00029327     0.19524324     0.04348943     0.03720261   
  17   0.16673058     0.17085645     0.00039371     0.26211307     0.06091780     0.05297310   
  18   0.12919175     0.13225475     0.00029525     0.19656521     0.04374603     0.03741765   
  19   0.17528602     0.17917173     0.00038135     0.25387934     0.05266739     0.04378550   
  20   0.05306267    -0.05176451    -0.00000129    -0.00000000    -0.02102061     0.02478768   
  21   0.13947795    -0.13984356    -0.18464569     0.00027642     0.03379142    -0.02667055   
  22   0.17683237    -0.17770903    -0.25384527     0.00038002     0.05257005    -0.04389883   
  23   0.13033216    -0.13117576    -0.19653639     0.00029423     0.04366518    -0.03751446   
  24   0.16820245    -0.16946262    -0.26207188     0.00039235     0.06080510    -0.05311002   
  25   0.12952067    -0.13035926    -0.19521462     0.00029225     0.04340906    -0.03729886   
  26   0.17495477    -0.17582141    -0.25082837     0.00037551     0.05200936    -0.04343334   
  27   0.13946253    -0.13982824     0.18465979    -0.00027801     0.03378513    -0.02666564   
  28   0.17493643    -0.17580315     0.25084986    -0.00037767     0.05200054    -0.04342622   
  29   0.12950818    -0.13034682     0.19523341    -0.00029395     0.04340232    -0.03729334   
  30   0.16818886    -0.16944910     0.26210140    -0.00039462     0.06079673    -0.05310313   
  31   0.13031900    -0.13116266     0.19655434    -0.00029593     0.04365817    -0.03750870   
  32   0.17681408    -0.17769082     0.25386724    -0.00038221     0.05256115    -0.04389164   
  33   0.05350860     0.04489668    -0.00000031    -0.00002276    -0.17167950    -0.17148061   
  34   0.08958833     0.07833421    -0.00000047    -0.00006558    -0.27117166    -0.28176557   
  35   0.07778886     0.06953407    -0.00000025     0.00001490    -0.20843983    -0.21807569   
  36   0.08958566     0.07833184    -0.00000022     0.00010124    -0.27116278    -0.28175594   
  37   0.05350791     0.04489603    -0.00000019     0.00004417    -0.17167723    -0.17147798   
  38   0.04768179     0.03720908    -0.00000029     0.00000950    -0.16365410    -0.15155297   
  39   0.01957136     0.00411558    -0.00000046     0.00000284    -0.07096688    -0.01545475   
  40   0.01960057    -0.00393291    -0.00000056     0.00000205    -0.07091745     0.01554530   
  41   0.02784748    -0.01326152    -0.00000084     0.00000193    -0.10075247     0.05412675   
  42   0.01960042    -0.00393284    -0.00000041     0.00000181    -0.07091699     0.01554507   
  43   0.01957111     0.00411538    -0.00000022     0.00000269    -0.07096604    -0.01545398   
  44   0.02775182     0.01352154    -0.00000034     0.00000474    -0.10092818    -0.05400046   
  45   0.08598956    -0.07362583     0.00028356     0.00000165    -0.27899132     0.29411731   
  46   0.08598917    -0.07362552    -0.00028980     0.00000254    -0.27898976     0.29411567   
  47   0.16850794     0.17245034    -0.00038075    -0.25373673     0.05536539     0.04696352   
  48   0.16368906     0.16776745    -0.00038870    -0.25902717     0.06078364     0.05309843   
  49   0.16521902     0.16909421    -0.00037240    -0.24817944     0.05454150     0.04631697   
  50   0.16518531     0.16905872     0.00037286     0.24823647     0.05454852     0.04632107   
  51   0.16364900     0.16772540     0.00038917     0.25907591     0.06078894     0.05310089   
  52   0.16846594     0.17240634     0.00038120     0.25378352     0.05537015     0.04696566   
  53   0.16995375    -0.17100049    -0.25374842     0.00037989     0.05526797    -0.04708729   
  54   0.16509205    -0.16635549    -0.25903230     0.00038778     0.06067608    -0.05323782   
  55   0.16663891    -0.16767488    -0.24819408     0.00037157     0.05444607    -0.04643948   
  56   0.16662258    -0.16765863     0.24821721    -0.00037372     0.05443733    -0.04643231   
  57   0.16508178    -0.16634532     0.25906635    -0.00039003     0.06066888    -0.05323192   
  58   0.16993753    -0.17098434     0.25377257    -0.00038208     0.05525919    -0.04708010   
  59   0.08536581     0.07435502    -0.00000076    -0.00026893    -0.27962421    -0.29349053   
  60   0.08536187     0.07435153     0.00000007     0.00030399    -0.27961092    -0.29347615   
           7              8              9              10             11             12       
   1  -0.29058167    -0.19730344     0.05436957    -0.00228565    -0.02628619     0.00740084   
   2   0.00000446    -0.00000469     0.05353773     0.00174738    -0.02169146     0.00437804   
   3   0.29059048     0.19729246     0.05437448    -0.00226568    -0.02255873     0.00243229   
   4   0.12700664     0.08622744    -0.03237443    -0.00266321     0.01322011    -0.00360261   
   5  -0.00000721     0.00001135    -0.12125707    -0.00356108     0.04975201    -0.01004025   
   6  -0.12700946    -0.08622180    -0.03237675    -0.00267201     0.01157693    -0.00141225   
   7   0.00000026    -0.00000042     0.02391329    -0.01290515    -0.00244257     0.00045282   
   8   0.00034817    -0.00051300     0.04973483    -0.04114795     0.01730884     0.01696015   
   9   0.00163918    -0.00241500     0.11775452    -0.19982352     0.25711494     0.17634949   
  10   0.00033249    -0.00048978     0.00203386    -0.04423330     0.09080576     0.05737543   
  11  -0.00082984     0.00122282    -0.11262648     0.09711111    -0.04676172    -0.04337944   
  12  -0.00077807     0.00114630    -0.05424237     0.08871407    -0.11220295    -0.07718600   
  13  -0.00094821     0.00139673    -0.01288485     0.10845702    -0.21341124    -0.13554926   
  14  -0.00034753     0.00051198     0.04968822    -0.04099521    -0.01033185    -0.01861956   
  15   0.00094837    -0.00139702    -0.01267710     0.10747578     0.02696765     0.17414424   
  16   0.00077752    -0.00114544    -0.05410304     0.08812296     0.02225720     0.09601235   
  17   0.00082841    -0.00122057    -0.11251040     0.09672233     0.02457679     0.04845224   
  18  -0.00033267     0.00049008     0.00194565    -0.04381837    -0.01106373    -0.07387017   
  19  -0.00163818     0.00241346     0.11743531    -0.19847486    -0.05028650    -0.21961957   
  20   0.00000104    -0.00000096     0.02390751     0.01290519    -0.00243187     0.00052869   
  21   0.00051343     0.00034734     0.04967978     0.04101205    -0.00859913     0.01556746   
  22   0.00241402     0.00163823     0.11748703     0.19848824    -0.03122263     0.15930791   
  23   0.00048899     0.00033278     0.00197486     0.04380558    -0.00476340     0.05159469   
  24  -0.00122360    -0.00082823    -0.11249650    -0.09676810     0.02011352    -0.03973332   
  25  -0.00114603    -0.00077749    -0.05412688    -0.08813150     0.01391805    -0.06973922   
  26  -0.00139525    -0.00094845    -0.01274538    -0.10744763     0.01209811    -0.12193018   
  27  -0.00051210    -0.00034923     0.04973941     0.04117269     0.01563678    -0.01674288   
  28   0.00139673     0.00094757    -0.01289548    -0.10845721    -0.19843133     0.15880856   
  29   0.00114545     0.00077884    -0.05425280    -0.08873997    -0.10387470     0.08732882   
  30   0.00122080     0.00083224    -0.11263909    -0.09717054    -0.04243474     0.04365634   
  31  -0.00048997    -0.00033206     0.00204128     0.04423531     0.08445721    -0.06738030   
  32  -0.00241349    -0.00164062     0.11778367     0.19988771     0.23807755    -0.19978264   
  33   0.08623417    -0.12698886    -0.03241643     0.00268846     0.01147973    -0.00370273   
  34   0.19730201    -0.29058026     0.05440697     0.00224561    -0.02656452     0.00219342   
  35   0.00000127    -0.00000207     0.05359123    -0.00177914    -0.02171568     0.00437218   
  36  -0.19730160     0.29057923     0.05446278     0.00222734    -0.02232899     0.00767695   
  37  -0.08624544     0.12700564    -0.03239270     0.00268043     0.01334730    -0.00128540   
  38  -0.00001220     0.00001838    -0.12138168     0.00363428     0.04980838    -0.01002955   
  39   0.00002910    -0.00060662    -0.27647440     0.00039371     0.11753078    -0.02369582   
  40  -0.00029606    -0.00054504    -0.27644880    -0.00021596     0.11751991    -0.02369090   
  41  -0.00001910     0.00002933    -0.29760095    -0.00119463     0.12604046    -0.02541221   
  42   0.00025980     0.00060056    -0.27644828    -0.00021594     0.11753153    -0.02369464   
  43  -0.00006676     0.00066414    -0.27647259     0.00039368     0.11754232    -0.02369034   
  44  -0.00002131     0.00003246    -0.29768679     0.00138544     0.12607776    -0.02541182   
  45  -0.49153921    -0.33376428     0.09271148    -0.00592306    -0.04612375     0.01271837   
  46   0.49155396     0.33374584     0.09271963    -0.00589048    -0.04004636     0.00461745   
  47   0.00282726    -0.00416541     0.19959657    -0.34323289     0.44449379     0.30446806   
  48  -0.00128424     0.00189249    -0.18757738     0.16294396    -0.07932183    -0.07330729   
  49  -0.00176605     0.00260140    -0.02479040     0.18577750    -0.36247232    -0.23036426   
  50   0.00176623    -0.00260172    -0.02443911     0.18411389     0.04599644     0.29589224   
  51   0.00128197    -0.00188890    -0.18737969     0.16228540     0.04131009     0.08197824   
  52  -0.00282567     0.00416296     0.19904654    -0.34090470    -0.08638736    -0.37936942   
  53   0.00416349     0.00282577     0.19913498     0.34092539    -0.05346549     0.27502603   
  54  -0.00189359    -0.00128168    -0.18735579    -0.16236165     0.03376368    -0.06713454   
  55  -0.00259900    -0.00176628    -0.02455304    -0.18406151     0.02072692    -0.20722855   
  56   0.00260134     0.00176518    -0.02480680    -0.18577666    -0.33701729     0.26981871   
  57   0.00188919     0.00128804    -0.18760077    -0.16304545    -0.07200435     0.07387593   
  58  -0.00416284    -0.00282951     0.19964789     0.34334334     0.41161420    -0.34512087   
  59   0.33375228    -0.49155740     0.09277976     0.00585121    -0.04657897     0.00424165   
  60  -0.33374646     0.49154812     0.09287549     0.00582145    -0.03967495     0.01318269   
           13             14             15             16             17             18       
   1  -0.02579240    -0.00412810     0.03624372     0.00020453     0.00082905     0.00948043   
   2  -0.02473856     0.00345753     0.02615023    -0.00000313    -0.00000559    -0.00003822   
   3  -0.02992936    -0.00412813     0.03624387    -0.00021663    -0.00086166     0.00947977   
   4   0.01322567    -0.00487459    -0.01323144    -0.00009302    -0.00037797    -0.23232465   
   5   0.05674246    -0.00660150    -0.06235784     0.00000806     0.00001570    -0.38769606   
   6   0.01504952    -0.00487458    -0.01323160     0.00009529     0.00037845    -0.23232491   
   7  -0.00278198    -0.02533192    -0.01894039     0.00000453    -0.00000120     0.00329005   
   8  -0.00492706    -0.08028635    -0.07500368    -0.11336774     0.02820931    -0.00026858   
   9   0.01897085    -0.00676610    -0.02687725    -0.08480320     0.02110232    -0.00045931   
  10   0.01268109     0.07507140     0.06189418     0.07777634    -0.01935279    -0.00000345   
  11   0.01033375     0.18008379     0.16976306     0.26463334    -0.06584875     0.00028263   
  12  -0.00800003     0.00427592     0.01218910     0.03259236    -0.00811027    -0.00003780   
  13  -0.02894205    -0.17048045    -0.14174034    -0.18894826     0.04701532    -0.00051500   
  14   0.01291256    -0.08028929    -0.07499755     0.11340632    -0.02820794    -0.00026857   
  15  -0.18440686    -0.17035499    -0.14162038     0.18891833    -0.04699059    -0.00051498   
  16  -0.09492163     0.00433735     0.01223831    -0.03264727     0.00812033    -0.00003780   
  17  -0.03571245     0.18009725     0.16975410    -0.26472606     0.06584621     0.00028261   
  18   0.07856690     0.07502094     0.06184578    -0.07776754     0.01934351    -0.00000345   
  19   0.21769585    -0.00689754    -0.02698151     0.08491859    -0.02112179    -0.00045929   
  20  -0.00275068     0.02531349    -0.01896666     0.00000763     0.00003072    -0.00329037   
  21   0.01753194     0.08014105    -0.07501404     0.02823213     0.11347817     0.00026890   
  22   0.26796333     0.00664356    -0.02682768     0.02111048     0.08485344     0.00045942   
  23   0.09512574    -0.07497971     0.06192319    -0.01937137    -0.07786237     0.00000343   
  24  -0.04761041    -0.17974931     0.16978018    -0.06589978    -0.26488207    -0.00028272   
  25  -0.11691463    -0.00422765     0.01217451    -0.00811568    -0.03262091     0.00003780   
  26  -0.22349157     0.17026008    -0.14179398     0.04705485     0.18913499     0.00051513   
  27  -0.00935987     0.08025604    -0.07514905    -0.02818257    -0.11328595     0.00026890   
  28   0.01023874     0.17048690    -0.14206620    -0.04698194    -0.18885293     0.00051509   
  29   0.01384553    -0.00424400     0.01219122     0.00809820     0.03255295     0.00003779   
  30   0.02179746    -0.18001395     0.17009123     0.06578657     0.26444336    -0.00028269   
  31  -0.00392781    -0.07506942     0.06203215     0.01933762     0.07773125     0.00000343   
  32  -0.03098003     0.00669863    -0.02688499    -0.02107453    -0.08471483     0.00045938   
  33   0.01476958     0.00483530    -0.01326155     0.00037984    -0.00008767     0.23237265   
  34  -0.02649882     0.00420632     0.03625990     0.00083975    -0.00022122    -0.00947879   
  35  -0.02476882    -0.00338980     0.02618562    -0.00000356    -0.00001010     0.00004102   
  36  -0.02927189     0.00420966     0.03628422    -0.00085093     0.00019884    -0.00947967   
  37   0.01354746     0.00483683    -0.01325123    -0.00037651     0.00010037     0.23237586   
  38   0.05681189     0.00644364    -0.06243942     0.00000878     0.00002399     0.38778232   
  39   0.13407073     0.00036693    -0.15800133     0.00002505     0.00005538     0.10885999   
  40   0.13405824    -0.00074637    -0.15798606     0.00002440     0.00005566    -0.10909789   
  41   0.14376316    -0.00255653    -0.16819733     0.00002432     0.00005614    -0.28868417   
  42   0.13404699    -0.00074637    -0.15798578     0.00002184     0.00005278    -0.10909742   
  43   0.13406007     0.00036690    -0.15800032     0.00002131     0.00005448     0.10885299   
  44   0.14380753     0.00215167    -0.16824854     0.00002459     0.00005915     0.28854187   
  45  -0.04578238    -0.01080658     0.06752280     0.00032419     0.00131551     0.25924297   
  46  -0.05252753    -0.01080672     0.06752322    -0.00034821    -0.00138305     0.25924274   
  47   0.03328413    -0.00840060    -0.04427570    -0.14990816     0.03730290     0.00025110   
  48   0.01719117     0.30436781     0.28797805     0.45619521    -0.11351514     0.00002184   
  49  -0.04898689    -0.28879457    -0.24092527    -0.32751055     0.08149330     0.00020334   
  50  -0.31316773    -0.28858221    -0.24072149     0.32746002    -0.08145076     0.00020334   
  51  -0.06067197     0.30438705     0.28795923    -0.45634845     0.11350913     0.00002184   
  52   0.37648149    -0.00862926    -0.04445715     0.15010920    -0.03733669     0.00025108   
  53   0.46328652     0.00818963    -0.04418473     0.03731553     0.14998954    -0.00025146   
  54  -0.08078795    -0.30379450     0.28799962    -0.11360010    -0.45661209    -0.00002180   
  55  -0.37957861     0.28841495    -0.24101023     0.08155924     0.32782397    -0.00020369   
  56   0.01758817     0.28880763    -0.24148095    -0.08143590    -0.32734731    -0.00020370   
  57   0.03657936    -0.30425307     0.28853796     0.11340922     0.45587301    -0.00002180   
  58  -0.05298575     0.00828655    -0.04428626    -0.03725475    -0.14975559    -0.00025145   
  59  -0.04693244     0.01094757     0.06754800     0.00133852    -0.00035524    -0.25929762   
  60  -0.05145600     0.01095313     0.06759001    -0.00136010     0.00031507    -0.25930559   
           19             20             21             22             23             24       
   1  -0.05464373     0.03773995    -0.01409334     0.00000176    -0.00025159     0.14291006   
   2  -0.10096125     0.11539883    -0.07008466    -0.00000014     0.00000253     0.31138001   
   3  -0.05464472     0.03774039    -0.01409350    -0.00000191     0.00025319     0.14291185   
   4  -0.26527494    -0.00025294     0.04079063    -0.00000161     0.00020573     0.07151006   
   5  -0.32645528    -0.04128472     0.06833401    -0.00000005    -0.00000133    -0.06899325   
   6  -0.26527492    -0.00025334     0.04079089     0.00000141    -0.00020647     0.07150855   
   7  -0.03450371    -0.12831191    -0.11715407     0.00000072     0.00000001    -0.08069087   
   8  -0.01641672    -0.19617598    -0.19670447     0.22116481     0.00159518     0.00290924   
   9  -0.00356534    -0.09175823    -0.09436048     0.13452231     0.00097024     0.02281408   
  10  -0.00268614    -0.12727928    -0.13406238     0.23548448     0.00169847     0.07532597   
  11   0.00018709    -0.06021852    -0.06507568     0.13607263     0.00098146     0.05665636   
  12  -0.00262957    -0.12556401    -0.13225149     0.23300102     0.00168059     0.07425537   
  13  -0.00347796    -0.08972145    -0.09222759     0.13193823     0.00095164     0.02179840   
  14  -0.01641600    -0.19616829    -0.19669689    -0.22117354    -0.00159460     0.00290883   
  15  -0.00347783    -0.08971775    -0.09222381    -0.13194276    -0.00095130     0.02179679   
  16  -0.00262945    -0.12555849    -0.13224576    -0.23300927    -0.00167998     0.07425151   
  17   0.00018708    -0.06021621    -0.06507322    -0.13607829    -0.00098111     0.05665388   
  18  -0.00268602    -0.12727442    -0.13405737    -0.23549457    -0.00169786     0.07532287   
  19  -0.00356521    -0.09175518    -0.09435740    -0.13452871    -0.00096989     0.02281325   
  20  -0.03454192     0.12824578    -0.11724256    -0.00000002     0.00000264     0.08069157   
  21  -0.01643317     0.19605453    -0.19683237     0.00159487    -0.22115375    -0.00290949   
  22  -0.00356868     0.09169876    -0.09441912     0.00097008    -0.13451357    -0.02281220   
  23  -0.00268870     0.12719645    -0.13414534     0.00169811    -0.23547097    -0.07531910   
  24   0.00018726     0.06017944    -0.06511606     0.00098123    -0.13606629    -0.05665141   
  25  -0.00263211     0.12548435    -0.13233548     0.00168019    -0.23299114    -0.07424966   
  26  -0.00348124     0.08966440    -0.09228605     0.00095141    -0.13193094    -0.02179674   
  27  -0.01643145     0.19603165    -0.19680884    -0.00159498     0.22118591    -0.00291087   
  28  -0.00348094     0.08965483    -0.09227590    -0.00095148     0.13195075    -0.02179592   
  29  -0.00263189     0.12546944    -0.13231926    -0.00168029     0.23302211    -0.07424367   
  30   0.00018720     0.06017152    -0.06510722    -0.00098127     0.13608231    -0.05664579   
  31  -0.00268847     0.12717994    -0.13412740    -0.00169819     0.23549941    -0.07531174   
  32  -0.00356838     0.09168785    -0.09440756    -0.00097014     0.13453172    -0.02281041   
  33  -0.26513318     0.00022454     0.04075973    -0.00020595    -0.00000199    -0.07159476   
  34  -0.05461665    -0.03775811    -0.01406519    -0.00025197    -0.00000215    -0.14300731   
  35  -0.10089870    -0.11543002    -0.06997640     0.00000049    -0.00000063    -0.31155161   
  36  -0.05461777    -0.03775812    -0.01406483     0.00025223     0.00000145    -0.14300783   
  37  -0.26513749     0.00022515     0.04076098     0.00020580     0.00000092    -0.07159438   
  38  -0.32628711     0.04126829     0.06826525    -0.00000024    -0.00000029     0.06899835   
  39   0.15077918     0.02882458    -0.02495895     0.00000526     0.00000512     0.15893798   
  40   0.15082621    -0.02882638    -0.02495159     0.00000443     0.00000519    -0.15889802   
  41   0.06565400    -0.06681433    -0.00423241     0.00000022    -0.00000103    -0.33352968   
  42   0.15083119    -0.02882755    -0.02495370    -0.00000414    -0.00000557    -0.15894340   
  43   0.15078381     0.02882138    -0.02496103    -0.00000535    -0.00000361     0.15888102   
  44   0.06553924     0.06681614    -0.00424980    -0.00000020     0.00000109     0.33353488   
  45   0.30336700    -0.08182682     0.02216178    -0.00000037     0.00006930    -0.24438211   
  46   0.30336715    -0.08182731     0.02216212     0.00000069    -0.00007233    -0.24438355   
  47   0.01628185     0.22540686     0.22929553    -0.30428134    -0.00219468    -0.04757351   
  48   0.00399893     0.17592570     0.18486998    -0.31954357    -0.00230478    -0.09885221   
  49   0.01637528     0.22566610     0.22951932    -0.30427397    -0.00219463    -0.04722111   
  50   0.01637464     0.22565684     0.22950998     0.30428453     0.00219383    -0.04721783   
  51   0.00399882     0.17592038     0.18486450     0.31955922     0.00230397    -0.09884844   
  52   0.01628108     0.22539700     0.22928565     0.30429233     0.00219388    -0.04757115   
  53   0.01629819    -0.22526673     0.22944398    -0.00219424     0.30426757     0.04757019   
  54   0.00400284    -0.17581505     0.18498837    -0.00230430     0.31953142     0.09884491   
  55   0.01639216    -0.22553069     0.22967284    -0.00219422     0.30426597     0.04721828   
  56   0.01639022    -0.22550113     0.22964202     0.00219433    -0.30430451     0.04721503   
  57   0.00400243    -0.17579059     0.18496195     0.00230438    -0.31956764     0.09883497   
  58   0.01629633    -0.22523695     0.22941288     0.00219434    -0.30430479     0.04756599   
  59   0.30319808     0.08187023     0.02210742     0.00007047     0.00000127     0.24454925   
  60   0.30320339     0.08186925     0.02210606    -0.00007101     0.00000028     0.24454745   
           25             26             27             28             29             30       
   1   0.00226202     0.13411172    -0.01512462    -0.10662738    -0.23555085    -0.24329144   
   2  -0.00002505     0.37937322    -0.13047880    -0.24614230    -0.00003199     0.00001926   
   3  -0.00228373     0.13411448    -0.01512540    -0.10665750     0.23552502     0.24330669   
   4  -0.00527304    -0.10975513     0.12935077     0.05521141     0.36340955     0.37526663   
   5   0.00000936    -0.24786779     0.12895045     0.15033654     0.00001960    -0.00001339   
   6   0.00526917    -0.10975871     0.12935204     0.05525730    -0.36339248    -0.37528163   
   7   0.00000340     0.16279831     0.15810177     0.07792308     0.00000395     0.00000098   
   8   0.00000638     0.10430185     0.20725716     0.25006589    -0.00323804     0.00317369   
   9   0.00000195     0.00716180     0.04615121     0.07586413    -0.00014677     0.00014732   
  10  -0.00000603    -0.11430748    -0.14167535    -0.13044022     0.00284523    -0.00278444   
  11  -0.00000549    -0.11096446    -0.15892655    -0.16722940     0.00205973    -0.00201890   
  12  -0.00000743    -0.11298746    -0.14170066    -0.13979149     0.00043665    -0.00043157   
  13  -0.00000124     0.00808252     0.04572221     0.06892287    -0.00181244     0.00177365   
  14  -0.00000505     0.10429876     0.20725323     0.25007006     0.00327017    -0.00316613   
  15   0.00000024     0.00808419     0.04572515     0.06893318     0.00182129    -0.00177156   
  16   0.00000218    -0.11298181    -0.14169364    -0.13978181    -0.00045456     0.00042740   
  17   0.00000116    -0.11096045    -0.15892273    -0.16723148    -0.00208088     0.00201392   
  18   0.00000070    -0.11430424    -0.14167470    -0.13045239    -0.00286100     0.00278066   
  19  -0.00000302     0.00716115     0.04614874     0.07585876     0.00015712    -0.00014494   
  20  -0.00000747     0.16300488    -0.15788844     0.07798879     0.00000652    -0.00000408   
  21  -0.00000718     0.10442575    -0.20696556     0.25027892    -0.00312644    -0.00329258   
  22  -0.00000131     0.00716995    -0.04608539     0.07592572    -0.00013946    -0.00015701   
  23   0.00000921    -0.11444277     0.14147607    -0.13055507     0.00275028     0.00288285   
  24   0.00000809    -0.11109627     0.15870320    -0.16737253     0.00198849     0.00209481   
  25   0.00001057    -0.11312230     0.14150133    -0.13990705     0.00041814     0.00045412   
  26   0.00000185     0.00809263    -0.04565972     0.06898650    -0.00175230    -0.00183579   
  27   0.00000425     0.10441251    -0.20693960     0.25024332     0.00318058     0.00326138   
  28   0.00000036     0.00808979    -0.04565136     0.06897062     0.00176722     0.00182719   
  29   0.00000095    -0.11311210     0.14148863    -0.13989715    -0.00044839    -0.00043689   
  30   0.00000143    -0.11108369     0.15868391    -0.16734877    -0.00202420    -0.00207433   
  31   0.00000247    -0.11442943     0.14145707    -0.13052910    -0.00277690    -0.00286743   
  32   0.00000366     0.00716916    -0.04608102     0.07592012     0.00015693     0.00014711   
  33   0.00528053    -0.10957099    -0.12946710     0.05527204     0.37533648    -0.36334014   
  34   0.00228155     0.13404020     0.01516472    -0.10664772     0.24326584    -0.23556818   
  35   0.00001142     0.37905981     0.13064365    -0.24615674    -0.00001921    -0.00000462   
  36  -0.00227170     0.13403520     0.01515737    -0.10659229    -0.24328419     0.23556735   
  37  -0.00527881    -0.10958132    -0.12947946     0.05535907    -0.37532381     0.36334238   
  38  -0.00000418    -0.24761438    -0.12909669     0.15037907     0.00001384     0.00000152   
  39   0.49994352     0.07494171     0.14569204    -0.04213623     0.00117512     0.00663167   
  40   0.49995841     0.07506288    -0.14562069    -0.04200267    -0.00140894     0.00660377   
  41   0.00002082    -0.00630904    -0.26117630     0.00926686    -0.00000261     0.00000966   
  42  -0.49995221     0.07504666    -0.14560792    -0.04199922     0.00139517    -0.00658883   
  43  -0.49996651     0.07492549     0.14569368    -0.04213237    -0.00118001    -0.00664015   
  44  -0.00000917    -0.00654056     0.26116356     0.00903977     0.00000495    -0.00001032   
  45  -0.00341966    -0.16749199     0.00599050     0.11169755     0.23315583     0.24076284   
  46   0.00345365    -0.16749487     0.00599154     0.11172727    -0.23312802    -0.24077662   
  47   0.00000327     0.00186024    -0.04313894    -0.07288286     0.00022868    -0.00022641   
  48   0.00000761     0.14570154     0.17956719     0.17065387    -0.00206107     0.00201975   
  49   0.00000144     0.00113246    -0.04322340    -0.06718892     0.00168110    -0.00164567   
  50   0.00000085     0.00112950    -0.04322752    -0.06720003    -0.00168971     0.00164365   
  51  -0.00000069     0.14569682     0.17956339     0.17065635     0.00208235    -0.00201474   
  52  -0.00000096     0.00186045    -0.04313628    -0.07287701    -0.00023858     0.00022412   
  53  -0.00000467     0.00186271     0.04307787    -0.07294260     0.00021885     0.00023846   
  54  -0.00001176     0.14587589    -0.17931593     0.17080062    -0.00198977    -0.00209575   
  55  -0.00000281     0.00113268     0.04316586    -0.06725248     0.00162525     0.00170355   
  56  -0.00000221     0.00113513     0.04315678    -0.06723587    -0.00163968    -0.00169511   
  57  -0.00000343     0.14585953    -0.17929454     0.17077693     0.00202568     0.00207513   
  58  -0.00000042     0.00186259     0.04307377    -0.07293723    -0.00023555    -0.00022894   
  59  -0.00344997    -0.16741408    -0.00602698     0.11170830    -0.24078701     0.23311538   
  60   0.00343450    -0.16740523    -0.00601830     0.11165111     0.24080299    -0.23311199   
           31             32             33             34             35             36       
   1   0.00673050    -0.00222798     0.00000588    -0.00147313     0.10756820    -0.00321622   
   2   0.02024998    -0.00479321     0.00015772    -0.00003941     0.31416338     0.00001385   
   3   0.00673576    -0.00221872     0.00010900     0.00145076     0.10755705     0.00322628   
   4  -0.00981106     0.00093836     0.00002031     0.00242355    -0.14772366     0.00552972   
   5  -0.01397159     0.00297335    -0.00010618     0.00002829    -0.21541314    -0.00000930   
   6  -0.00981973     0.00092317    -0.00015114    -0.00237679    -0.14770594    -0.00554170   
   7   0.00038541     0.00158845    -0.00000929    -0.00000595     0.01323759     0.00000084   
   8   0.01059409     0.00524436     0.00129820    -0.00009711     0.17612373     0.06747172   
   9   0.17850458    -0.16789873    -0.23826037     0.00974822     0.04582804     0.02241460   
  10   0.26248591    -0.26180073    -0.36561650     0.01500205    -0.10251712    -0.03194828   
  11  -0.00770340    -0.00247456     0.00051955     0.00000694    -0.11160188    -0.04244002   
  12  -0.27451337     0.25805261     0.36655200    -0.01499670    -0.06839822    -0.03202908   
  13  -0.17148240     0.17085164     0.23865385    -0.00979201     0.06733711     0.02229488   
  14   0.01058958     0.00524553    -0.00125221     0.00000815     0.17617856    -0.06746105   
  15  -0.16835989     0.16682586    -0.24368652     0.00966074     0.06734358    -0.02228892   
  16  -0.26969897     0.25184911    -0.37435292     0.01488163    -0.06844355     0.03202845   
  17  -0.00768520    -0.00249578    -0.00057891     0.00004965    -0.11163619     0.04243318   
  18   0.25770214    -0.25563296     0.37332391    -0.01479940    -0.10252371     0.03193837   
  19   0.17537583    -0.16386696     0.24333538    -0.00967284     0.04585867    -0.02241424   
  20  -0.00044221     0.00157365    -0.00001513    -0.00000455    -0.01323775    -0.00000218   
  21  -0.01076271     0.00485233    -0.00005283     0.00126553    -0.17619847     0.43157651   
  22  -0.17110846    -0.17311419    -0.00933834    -0.23996593    -0.04585363     0.14338172   
  23  -0.25101368    -0.26938803    -0.01422826    -0.36819114     0.10255084    -0.20433787   
  24   0.00777320    -0.00219627     0.00008684     0.00055098     0.11164988    -0.27146430   
  25   0.26314066     0.26606875     0.01436759     0.36916920     0.06843758    -0.20488903   
  26   0.16399131     0.17580583     0.00928834     0.24032967    -0.06736103     0.14259934   
  27  -0.01078452     0.00482432    -0.00015140    -0.00124080    -0.17615028    -0.43164416   
  28   0.16300795     0.17434396    -0.01015731    -0.24201443    -0.06735701    -0.14263591   
  29   0.26164443     0.26384097    -0.01550630    -0.37178555     0.06839704     0.20490007   
  30   0.00777987    -0.00218839     0.00003989    -0.00057309     0.11161921     0.27150647   
  31  -0.24950829    -0.26714965     0.01556298     0.37077350     0.10254610     0.20439414   
  32  -0.17013686    -0.17166716     0.01008043     0.24166940    -0.04582608    -0.14338888   
  33   0.00976866     0.00132917     0.00244694    -0.00013795     0.14783774     0.00085450   
  34  -0.00665991    -0.00246784     0.00144154    -0.00004091    -0.10759747     0.00048846   
  35  -0.02007492    -0.00556854    -0.00007501     0.00007074    -0.31432761    -0.00001151   
  36  -0.00664400    -0.00249280    -0.00148124     0.00009170    -0.10762941    -0.00049635   
  37   0.00979518     0.00128832    -0.00235178     0.00007764     0.14779046    -0.00084350   
  38   0.01386356     0.00350908     0.00005435    -0.00004781     0.21553869     0.00000788   
  39  -0.00975353    -0.00109277    -0.00006458     0.00005495    -0.14657345     0.00005672   
  40   0.00978077    -0.00071507     0.00003926    -0.00000647     0.14648850     0.00003665   
  41   0.01623613     0.00055126     0.00009167    -0.00004507     0.24182646     0.00000921   
  42   0.00977979    -0.00071469     0.00008775    -0.00004146     0.14647958    -0.00002497   
  43  -0.00975369    -0.00109257    -0.00003355     0.00000387    -0.14657107    -0.00006764   
  44  -0.01624320    -0.00007686    -0.00009548     0.00004366    -0.24180305    -0.00000930   
  45  -0.00633294     0.00225583     0.00000205     0.00160953    -0.10074888     0.00360198   
  46  -0.00633877     0.00224574    -0.00011265    -0.00158944    -0.10073789    -0.00361135   
  47  -0.17218931     0.16203420     0.23005907    -0.00941289    -0.04308968    -0.02107847   
  48   0.00755431     0.00240921    -0.00054777    -0.00000516     0.10799430     0.04048436   
  49   0.16691621    -0.16625810    -0.23243626     0.00953668    -0.06479342    -0.02104939   
  50   0.16387446    -0.16233669     0.23733353    -0.00940916    -0.06479987     0.02104387   
  51   0.00753578     0.00243086     0.00060592    -0.00005020     0.10802766    -0.04047789   
  52  -0.16916556     0.15813868    -0.23495181     0.00933956    -0.04311862     0.02107801   
  53   0.16505245     0.16706515     0.00901654     0.23170637     0.04311421    -0.13483680   
  54  -0.00762157     0.00213700    -0.00008649    -0.00057797    -0.10804108     0.25895694   
  55  -0.15962710    -0.17108126    -0.00904697    -0.23406976     0.06481732    -0.13463581   
  56  -0.15866749    -0.16965547     0.00989195     0.23570648     0.06481277     0.13466891   
  57  -0.00762819     0.00212930    -0.00003747     0.00060007    -0.10801179    -0.25899812   
  58   0.16411356     0.16566714    -0.00973357    -0.23334900     0.04308799     0.13484304   
  59   0.00626250     0.00247870    -0.00158156     0.00004725     0.10077304    -0.00054952   
  60   0.00624461     0.00250587     0.00161636    -0.00009597     0.10080173     0.00055681   
           37             38             39       
   1   0.00051945    -0.09069188     0.09146287   
   2   0.00001513    -0.01969924     0.02616378   
   3  -0.00050969    -0.09069170     0.09146268   
   4  -0.00088923    -0.00758737     0.00005248   
   5  -0.00001053     0.07011327    -0.07055453   
   6   0.00087347    -0.00758777     0.00005289   
   7   0.00000497     0.65035697     0.64403450   
   8   0.43162138    -0.04011684    -0.03933951   
   9   0.14339311    -0.08908119    -0.08819198   
  10  -0.20436630     0.00989710     0.00971690   
  11  -0.27149112     0.06546615     0.06480273   
  12  -0.20490106     0.00948563     0.00931641   
  13   0.14261617    -0.08897203    -0.08808455   
  14  -0.43160368    -0.04011427    -0.03933698   
  15  -0.14259616    -0.08896828    -0.08808083   
  16   0.20491847     0.00948482     0.00931561   
  17   0.27147910     0.06546222     0.06479884   
  18   0.20432934     0.00989662     0.00971643   
  19  -0.14340594    -0.08907646    -0.08818730   
  20   0.00000020     0.64380658    -0.65055484   
  21  -0.06746935    -0.03971323     0.03973828   
  22  -0.02241561    -0.08817751     0.08907833   
  23   0.03194380     0.00979750    -0.00981537   
  24   0.04243851     0.06480312    -0.06545511   
  25   0.03203151     0.00938995    -0.00941059   
  26  -0.02229233    -0.08807133     0.08897171   
  27   0.06746241    -0.03970902     0.03973407   
  28   0.02229177    -0.08806191     0.08896219   
  29  -0.03202580     0.00938930    -0.00940994   
  30  -0.04243412     0.06479587    -0.06544780   
  31  -0.03194345     0.00979646    -0.00981434   
  32   0.02241149    -0.08816819     0.08906892   
  33   0.00554404    -0.00758868     0.00002742   
  34   0.00321209    -0.09155857    -0.09049057   
  35  -0.00002366    -0.01994556    -0.02595071   
  36  -0.00322984    -0.09155918    -0.09049118   
  37  -0.00552461    -0.00758827     0.00002779   
  38   0.00001580     0.07077953     0.06980056   
  39  -0.00006167    -0.01788822    -0.01671632   
  40  -0.00006727    -0.01771444     0.01689194   
  41   0.00001434     0.01686041     0.01224121   
  42   0.00008312    -0.01771359     0.01689112   
  43   0.00004293    -0.01788749    -0.01671558   
  44  -0.00001396     0.01673252    -0.01240679   
  45  -0.00057865     0.04663518    -0.04674384   
  46   0.00056976     0.04663467    -0.04674333   
  47  -0.13484607     0.04571424     0.04520065   
  48   0.25898100    -0.03306412    -0.03269775   
  49  -0.13464859     0.04585832     0.04534167   
  50   0.13463064     0.04585645     0.04533982   
  51  -0.25896991    -0.03306204    -0.03269570   
  52   0.13485728     0.04571137     0.04519782   
  53   0.02107982     0.04525173    -0.04565618   
  54  -0.04048327    -0.03272948     0.03302717   
  55   0.02104741     0.04539506    -0.04579934   
  56  -0.02104657     0.04539001    -0.04579425   
  57   0.04047922    -0.03272615     0.03302380   
  58  -0.02107589     0.04524695    -0.04565136   
  59  -0.00359739     0.04707723     0.04624310   
  60   0.00361410     0.04707704     0.04624291   


************************************************
 Testing random coefficient initial guess method, Trial 8
************************************************

  Initializing L-BFGS optimisation...
    > Num. MOs       =     60
    > Num. params    =    893
    > Max subspace   =     20
    > Max step size   =  0.500
    > Backtracking   =  0.100
    > Parallel tr.   = True
    > Pseudo-canon.  = True
    > Canon interval = 10
    > Hybrid prec.   = True
  ================================================================
           Energy / Eh     Step Len    Max(|G_i|)
  ================================================================
     0   451.6259729262                 7.49e+00
     1   436.8447546795    5.00e-01     6.93e+00    rescaled  
     2   425.2958883325    5.00e-01     6.45e+00    rescaled  
     3   405.9460502150    5.00e-01     6.22e+00    rescaled  
     4   390.3203133183    5.00e-01     6.13e+00    rescaled  
     5   366.3927035312    5.00e-01     6.12e+00    rescaled  
     6   348.0955503388    5.00e-01     5.80e+00    rescaled  
     7   338.8602101619    5.00e-01     5.95e+00    rescaled  
     8   330.7109544888    5.00e-01     6.32e+00    rescaled  
     9   318.9375939899    5.00e-01     6.54e+00    rescaled  
    10   309.3397658491    5.00e-01     6.22e+00    rescaled  
    11   302.2852013890    5.00e-01     8.73e+00    rescaled  
    12   302.2852013889    5.00e-01     8.73e+00    understep 
    13   296.5869424694    5.00e-01     8.47e+00    rescaled  
    14   284.5462541849    5.00e-01     7.37e+00    rescaled  
    15   276.7964163898    5.00e-01     6.12e+00    rescaled  
    16   263.8389677864    5.00e-01     6.92e+00    rescaled  
    17   255.6972923220    5.00e-01     4.60e+00    rescaled  
    18   252.0078559436    5.00e-01     3.95e+00    rescaled  
    19   244.0974567233    3.92e-01     5.10e+00              
    20   240.1321173942    3.51e-01     2.15e+00              
    21   242.7389118624    4.86e-01     3.80e+00              
    22   238.8428285957    3.30e-01     2.50e+00    overstep  
    23   238.7529235678    2.79e-01     2.06e+00              
    24   236.9015636637    2.17e-01     1.68e+00              
    25   236.1927206060    1.56e-01     1.26e+00              
    26   235.9560940885    7.40e-02     1.14e+00              
    27   235.7292206271    1.53e-01     6.76e-01              
    28   235.4813397763    6.19e-02     5.93e-01              
    29   235.3710568735    2.53e-02     5.52e-01              
    30   235.3100759362    2.85e-02     2.75e-01              
    31   235.2834901332    1.77e-02     1.53e-01              
    32   235.2790359587    1.71e-02     1.77e-01              
    33   235.2633036976    8.76e-03     6.68e-02              
    34   235.2603173298    3.80e-03     3.28e-02              
    35   235.2596916759    4.08e-03     1.11e-02              
    36   235.2595693306    1.11e-03     6.05e-03              
    37   235.2595478487    4.78e-04     1.71e-03              
    38   235.2595448686    1.39e-04     5.65e-04              
    39   235.2595447115    6.62e-05     1.51e-04              
    40   235.2595446893    1.59e-05     3.81e-05              
    41   235.2595446881    2.90e-06     9.26e-06              
    42   235.2595446881    5.25e-07     3.55e-06              
    43   235.2595446881    2.55e-07     5.92e-07              
  ================================================================
  L-BFGS converged in     43 iterations (  2.76 seconds)

  Initializing Davidson diagonalisation...
    > Max iterations =   1000
    > Target states  =      5
    > Convergence    =  1.000e-04
    > Basis per root =      4
    > Max basis size =     20
  Davidson diagonalisation converged in     32 iterations (  5.39 seconds)

   --------------------------
    Converged eigenvalues:   
   --------------------------
       0        6.80630537   
       1        6.82735226   
       2        7.04656099   
       3        7.05168074   
       4        7.36031052   
   --------------------------

 ---------------------------------------------
         Total Energy =   235.25954469 Eh
              Nuclear =  5151.81221337 Eh
         One Electron = -9722.71478561 Eh
              Coulomb =  5089.50905360 Eh
        ROHF Exchange =  -283.34693667 Eh
 ---------------------------------------------
           <Sz> =  1.00
           <S2> =  2.00
  Spin Coupling = ++

 -----------------------------------------------------------------------------------------------
  Open-Shell Exchange Matrix <Ψ|Êpq Êqp|Ψ> - Np
 -----------------------------------------------------------------------------------------------
           1              2        
   1   0.00000000    -1.00000000   
   2  -1.00000000     0.00000000   

 -----------------------------------------------------------------------------------------------
  Open-Shell Exchange Integrals <pq|qp>
 -----------------------------------------------------------------------------------------------
           1              2        
   1   3.67375517     3.02044451   
   2   3.02044451     3.67718382   

 -----------------------------------------------------------------------------------------------
  Occupied Orbital Coefficients
 -----------------------------------------------------------------------------------------------
           1              2              3              4              5              6        
   1  -0.09024741    -0.07757235     0.00008026     0.00000196     0.27056031    -0.28237046   
   2  -0.07838041    -0.06887831    -0.00000271     0.00000154     0.20797341    -0.21854812   
   3  -0.09024712    -0.07757211    -0.00008673     0.00000221     0.27055914    -0.28236923   
   4  -0.05388075    -0.04443689    -0.00003543     0.00000153     0.17129183    -0.17184746   
   5  -0.04798003    -0.03679095    -0.00000172     0.00000169     0.16328045    -0.15187221   
   6  -0.05388094    -0.04443705     0.00003155     0.00000145     0.17129250    -0.17184815   
   7  -0.05261817     0.05220959     0.00000001     0.00000729     0.02105248     0.02471756   
   8  -0.13829223     0.14102737    -0.00027715    -0.18462868    -0.03385058    -0.02660002   
   9  -0.17532943     0.17921371    -0.00038102    -0.25382952    -0.05266230    -0.04378296   
  10  -0.12922388     0.13228588    -0.00029500    -0.19652690    -0.04374190    -0.03741557   
  11  -0.16677198     0.17089660    -0.00039337    -0.26206205    -0.06091213    -0.05297025   
  12  -0.12841766     0.13146080    -0.00029301    -0.19520278    -0.04348482    -0.03720012   
  13  -0.17346534     0.17730761    -0.00037649    -0.25080942    -0.05210003    -0.04331823   
  14  -0.13826375     0.14099751     0.00027750     0.18467146    -0.03385526    -0.02660271   
  15  -0.17342940     0.17726984     0.00037696     0.25086650    -0.05210672    -0.04332205   
  16  -0.12838860     0.13143028     0.00029338     0.19524326    -0.04348945    -0.03720257   
  17  -0.16673220     0.17085483     0.00039385     0.26211309    -0.06091784    -0.05297305   
  18  -0.12919300     0.13225350     0.00029536     0.19656523    -0.04374606    -0.03741761   
  19  -0.17528772     0.17917003     0.00038149     0.25387937    -0.05266743    -0.04378546   
  20  -0.05306217    -0.05176502    -0.00000132    -0.00000000     0.02102059    -0.02478770   
  21  -0.13947656    -0.13984486    -0.18464575     0.00027652    -0.03379139     0.02667057   
  22  -0.17683061    -0.17771067    -0.25384535     0.00038015    -0.05257002     0.04389887   
  23  -0.13033086    -0.13117696    -0.19653645     0.00029434    -0.04366516     0.03751449   
  24  -0.16820077    -0.16946417    -0.26207195     0.00039248    -0.06080506     0.05311007   
  25  -0.12951938    -0.13036046    -0.19521467     0.00029235    -0.04340903     0.03729889   
  26  -0.17495303    -0.17582303    -0.25082845     0.00037564    -0.05200933     0.04343338   
  27  -0.13946123    -0.13982962     0.18465972    -0.00027811    -0.03378509     0.02666565   
  28  -0.17493481    -0.17580490     0.25084978    -0.00037780    -0.05200048     0.04342625   
  29  -0.12950698    -0.13034812     0.19523335    -0.00029405    -0.04340227     0.03729336   
  30  -0.16818729    -0.16945078     0.26210133    -0.00039476    -0.06079666     0.05310316   
  31  -0.13031779    -0.13116396     0.19655429    -0.00029604    -0.04365812     0.03750872   
  32  -0.17681243    -0.17769258     0.25386716    -0.00038235    -0.05256109     0.04389166   
  33  -0.05350903     0.04489616    -0.00000031    -0.00002275     0.17167964     0.17148047   
  34  -0.08958907     0.07833334    -0.00000048    -0.00006556     0.27117189     0.28176535   
  35  -0.07778952     0.06953332    -0.00000026     0.00001492     0.20844001     0.21807553   
  36  -0.08958640     0.07833097    -0.00000022     0.00010126     0.27116301     0.28175572   
  37  -0.05350834     0.04489551    -0.00000019     0.00004418     0.17167737     0.17147783   
  38  -0.04768214     0.03720862    -0.00000029     0.00000951     0.16365422     0.15155284   
  39  -0.01957140     0.00411539    -0.00000047     0.00000284     0.07096690     0.01545469   
  40  -0.01960053    -0.00393310    -0.00000057     0.00000206     0.07091744    -0.01554537   
  41  -0.02784735    -0.01326179    -0.00000086     0.00000193     0.10075242    -0.05412683   
  42  -0.01960038    -0.00393303    -0.00000042     0.00000181     0.07091698    -0.01554513   
  43  -0.01957114     0.00411519    -0.00000022     0.00000269     0.07096605     0.01545392   
  44  -0.02775195     0.01352127    -0.00000034     0.00000475     0.10092823     0.05400038   
  45  -0.08598883    -0.07362664     0.00028350     0.00000165     0.27899110    -0.29411755   
  46  -0.08598844    -0.07362632    -0.00028986     0.00000255     0.27898951    -0.29411589   
  47  -0.16850962     0.17244874    -0.00038087    -0.25373671    -0.05536542    -0.04696347   
  48  -0.16369069     0.16776590    -0.00038883    -0.25902715    -0.06078367    -0.05309837   
  49  -0.16522066     0.16909264    -0.00037252    -0.24817941    -0.05454152    -0.04631692   
  50  -0.16518692     0.16905712     0.00037300     0.24823649    -0.05454856    -0.04632103   
  51  -0.16365060     0.16772381     0.00038931     0.25907593    -0.06078898    -0.05310084   
  52  -0.16846758     0.17240470     0.00038134     0.25378354    -0.05537018    -0.04696562   
  53  -0.16995206    -0.17100206    -0.25374850     0.00038002    -0.05526793     0.04708733   
  54  -0.16509040    -0.16635702    -0.25903237     0.00038791    -0.06067604     0.05323787   
  55  -0.16663724    -0.16767643    -0.24819416     0.00037170    -0.05444603     0.04643952   
  56  -0.16662103    -0.16766029     0.24821714    -0.00037385    -0.05443727     0.04643234   
  57  -0.16508025    -0.16634697     0.25906628    -0.00039017    -0.06066881     0.05323196   
  58  -0.16993594    -0.17098603     0.25377249    -0.00038221    -0.05525912     0.04708012   
  59  -0.08536652     0.07435420    -0.00000077    -0.00026891     0.27962446     0.29349031   
  60  -0.08536257     0.07435070     0.00000006     0.00030401     0.27961116     0.29347592   
           7              8              9              10             11             12       
   1  -0.29040842    -0.19755836     0.05436948    -0.00228541     0.02627065     0.00747301   
   2   0.00000447    -0.00000469     0.05353766     0.00174761     0.02168150     0.00444091   
   3   0.29041724     0.19754739     0.05437443    -0.00226542     0.02255187     0.00250167   
   4   0.12693093     0.08633887    -0.03237438    -0.00266334    -0.01321249    -0.00363917   
   5  -0.00000720     0.00001136    -0.12125692    -0.00356160    -0.04972915    -0.01018445   
   6  -0.12693374    -0.08633321    -0.03237671    -0.00267215    -0.01157313    -0.00144757   
   7   0.00000026    -0.00000042     0.02391330    -0.01290510     0.00244160     0.00045984   
   8   0.00034862    -0.00051269     0.04973498    -0.04114803    -0.01733976     0.01693334   
   9   0.00164131    -0.00241356     0.11775519    -0.19982491    -0.25743149     0.17586472   
  10   0.00033292    -0.00048949     0.00203400    -0.04423380    -0.09090828     0.05719860   
  11  -0.00083091     0.00122209    -0.11262682     0.09711134     0.04684065    -0.04330423   
  12  -0.00077908     0.00114561    -0.05424266     0.08871467     0.11234152    -0.07697471   
  13  -0.00094944     0.00139590    -0.01288518     0.10845819     0.21365353    -0.13513447   
  14  -0.00034798     0.00051168     0.04968831    -0.04099508     0.01036685    -0.01861327   
  15   0.00094960    -0.00139619    -0.01267732     0.10747579    -0.02729868     0.17427131   
  16   0.00077852    -0.00114476    -0.05410323     0.08812283    -0.02243931     0.09606268   
  17   0.00082948    -0.00121984    -0.11251060     0.09672203    -0.02466799     0.04844203   
  18  -0.00033310     0.00048979     0.00194575    -0.04381839     0.01120416    -0.07392508   
  19  -0.00164030     0.00241202     0.11743573    -0.19847458     0.05070310    -0.21973637   
  20   0.00000105    -0.00000095     0.02390749     0.01290524     0.00243068     0.00053577   
  21   0.00051313     0.00034779     0.04967972     0.04101199     0.00857238     0.01556648   
  22   0.00241258     0.00164035     0.11748687     0.19848671     0.03095622     0.15910944   
  23   0.00048870     0.00033321     0.00197485     0.04380501     0.00467781     0.05151266   
  24  -0.00122289    -0.00082931    -0.11249635    -0.09676791    -0.02004549    -0.03972474   
  25  -0.00114535    -0.00077849    -0.05412681    -0.08813083    -0.01380139    -0.06965317   
  26  -0.00139442    -0.00094968    -0.01274536    -0.10744630    -0.01189571    -0.12173911   
  27  -0.00051179    -0.00034967     0.04973941     0.04117281    -0.01560721    -0.01676202   
  28   0.00139590     0.00094879    -0.01289563    -0.10845737     0.19814470     0.15915741   
  29   0.00114477     0.00077984    -0.05425286    -0.08874015     0.10371773     0.08750315   
  30   0.00122007     0.00083330    -0.11263909    -0.09717080     0.04235743     0.04371180   
  31  -0.00048968    -0.00033249     0.00204136     0.04423537    -0.08433556    -0.06752920   
  32  -0.00241205    -0.00164273     0.11778382     0.19988812    -0.23771839    -0.20018293   
  33   0.08634558    -0.12691314    -0.03241641     0.00268832    -0.01147183    -0.00373759   
  34   0.19755692    -0.29040702     0.05440688     0.00224588     0.02655834     0.00226680   
  35   0.00000127    -0.00000207     0.05359116    -0.00177891     0.02170574     0.00443510   
  36  -0.19755652     0.29040598     0.05446271     0.00222757     0.02231266     0.00774530   
  37  -0.08635685     0.12692991    -0.03239266     0.00268029    -0.01334387    -0.00132247   
  38  -0.00001221     0.00001838    -0.12138154     0.00363375    -0.04978556    -0.01017389   
  39   0.00002965    -0.00060657    -0.27647404     0.00039249    -0.11747683    -0.02403645   
  40  -0.00029556    -0.00054528    -0.27644845    -0.00021719    -0.11746596    -0.02403150   
  41  -0.00001910     0.00002934    -0.29760057    -0.00119595    -0.12598259    -0.02577750   
  42   0.00025929     0.00060081    -0.27644792    -0.00021717    -0.11747758    -0.02403525   
  43  -0.00006733     0.00066410    -0.27647223     0.00039246    -0.11748837    -0.02403098   
  44  -0.00002132     0.00003246    -0.29768641     0.00138412    -0.12601990    -0.02577720   
  45  -0.49124613    -0.33419549     0.09271133    -0.00592263     0.04609693     0.01284549   
  46   0.49126090     0.33417706     0.09271954    -0.00589003     0.04003368     0.00474002   
  47   0.00283092    -0.00416293     0.19959771    -0.34323529    -0.44504027     0.30362954   
  48  -0.00128590     0.00189136    -0.18757796     0.16294435     0.07945521    -0.07317940   
  49  -0.00176834     0.00259985    -0.02479097     0.18577948     0.36288409    -0.22965992   
  50   0.00176851    -0.00260017    -0.02443951     0.18411390    -0.04655888     0.29610767   
  51   0.00128363    -0.00188778    -0.18738003     0.16228489    -0.04146440     0.08196169   
  52  -0.00282933     0.00416048     0.19904727    -0.34090423     0.08710702    -0.37957247   
  53   0.00416101     0.00282943     0.19913470     0.34092275     0.05300560     0.27468195   
  54  -0.00189248    -0.00128336    -0.18735554    -0.16236130    -0.03364876    -0.06711932   
  55  -0.00259744    -0.00176855    -0.02455301    -0.18405925    -0.02038291    -0.20690437   
  56   0.00259980     0.00176746    -0.02480705    -0.18577694     0.33653033     0.27041099   
  57   0.00188805     0.00128968    -0.18760076    -0.16304588     0.07187351     0.07397044   
  58  -0.00416035    -0.00283315     0.19964815     0.34334403    -0.41099372    -0.34581350   
  59   0.33418349    -0.49126434     0.09277961     0.00585167     0.04656738     0.00437075   
  60  -0.33417768     0.49125505     0.09287536     0.00582187     0.03964681     0.01330360   
           13             14             15             16             17             18       
   1  -0.02578752    -0.00412797     0.03624375    -0.00017828     0.00083507    -0.00948043   
   2  -0.02473618     0.00345763     0.02615026     0.00000296    -0.00000569     0.00003822   
   3  -0.02992893    -0.00412801     0.03624394     0.00018937    -0.00086809    -0.00947977   
   4   0.01322332    -0.00487464    -0.01323144     0.00008106    -0.00038072     0.23232465   
   5   0.05673701    -0.00660172    -0.06235790    -0.00000757     0.00001597     0.38769606   
   6   0.01504914    -0.00487463    -0.01323161    -0.00008331     0.00038127     0.23232491   
   7  -0.00278182    -0.02533197    -0.01894030    -0.00000458    -0.00000106    -0.00329005   
   8  -0.00490972    -0.08028658    -0.07500344     0.11420057     0.02462170     0.00026858   
   9   0.01915919    -0.00676614    -0.02687717     0.08542610     0.01841863     0.00045932   
  10   0.01274311     0.07507161     0.06189398    -0.07834774    -0.01689150     0.00000345   
  11   0.01028912     0.18008431     0.16976252    -0.26657739    -0.05747423    -0.00028263   
  12  -0.00808243     0.00427593     0.01218906    -0.03283175    -0.00707885     0.00003780   
  13  -0.02908844    -0.17048093    -0.14173989     0.19033641     0.04103593     0.00051500   
  14   0.01289368    -0.08028949    -0.07499726    -0.11423919    -0.02461913     0.00026857   
  15  -0.18423814    -0.17035532    -0.14161978    -0.19030572    -0.04101214     0.00051498   
  16  -0.09482778     0.00433740     0.01223830     0.03288705     0.00708719     0.00003780   
  17  -0.03566358     0.18009769     0.16975346     0.26667023     0.05746878    -0.00028261   
  18   0.07849538     0.07502108     0.06184552     0.07833866     0.01688250     0.00000345   
  19   0.21748123    -0.00689765    -0.02698148    -0.08554226    -0.01843449     0.00045929   
  20  -0.00275034     0.02531344    -0.01896672    -0.00000667     0.00003099     0.00329036   
  21   0.01754623     0.08014072    -0.07501414    -0.02464107     0.11431187    -0.00026890   
  22   0.26811331     0.00664331    -0.02682763    -0.01842524     0.08547675    -0.00045942   
  23   0.09517466    -0.07497950     0.06192331     0.01690739    -0.07843444    -0.00000343   
  24  -0.04764701    -0.17974856     0.16978042     0.05751747    -0.26682807     0.00028272   
  25  -0.11698027    -0.00422754     0.01217449     0.00708337    -0.03286054    -0.00003779   
  26  -0.22360715     0.17025958    -0.14179424    -0.04106960     0.19052457    -0.00051513   
  27  -0.00937441     0.08025594    -0.07514940     0.02459753    -0.11411787    -0.00026890   
  28   0.01037344     0.17048660    -0.14206678     0.04100549    -0.19023974    -0.00051509   
  29   0.01391994    -0.00424405     0.01219132    -0.00706804     0.03279204    -0.00003780   
  30   0.02183528    -0.18001375     0.17009203    -0.05741801     0.26638534     0.00028269   
  31  -0.00398495    -0.07506928     0.06203239    -0.01687774     0.07830205    -0.00000343   
  32  -0.03115025     0.00669875    -0.02688522     0.01839368    -0.08533702    -0.00045938   
  33   0.01476702     0.00483525    -0.01326159    -0.00038242    -0.00007564    -0.23237266   
  34  -0.02649891     0.00420644     0.03625992    -0.00084630    -0.00019466     0.00947879   
  35  -0.02476647    -0.00338970     0.02618566     0.00000324    -0.00001022    -0.00004103   
  36  -0.02926642     0.00420979     0.03628425     0.00085678     0.00017190     0.00947967   
  37   0.01354736     0.00483679    -0.01325126     0.00037948     0.00008846    -0.23237586   
  38   0.05680648     0.00644341    -0.06243952    -0.00000803     0.00002429    -0.38778232   
  39   0.13405790     0.00036638    -0.15800151    -0.00002333     0.00005623    -0.10886000   
  40   0.13404541    -0.00074692    -0.15798625    -0.00002267     0.00005648     0.10909790   
  41   0.14374938    -0.00255711    -0.16819752    -0.00002258     0.00005697     0.28868416   
  42   0.13403416    -0.00074692    -0.15798597    -0.00002020     0.00005352     0.10909742   
  43   0.13404724     0.00036635    -0.15800051    -0.00001962     0.00005520    -0.10885299   
  44   0.14379378     0.00215109    -0.16824874    -0.00002275     0.00005998    -0.28854187   
  45  -0.04577408    -0.01080635     0.06752287    -0.00028254     0.00132503    -0.25924297   
  46  -0.05252650    -0.01080650     0.06752335     0.00030446    -0.00139339    -0.25924274   
  47   0.03360937    -0.00840065    -0.04427557     0.15100928     0.03255890    -0.00025110   
  48   0.01711572     0.30436868     0.28797713    -0.45954652    -0.09907849    -0.00002184   
  49  -0.04923566    -0.28879539    -0.24092451     0.32991668     0.07112902    -0.00020334   
  50  -0.31288104    -0.28858276    -0.24072046    -0.32986485    -0.07108806    -0.00020334   
  51  -0.06058931     0.30438779     0.28795815     0.45969989     0.09906769    -0.00002184   
  52   0.37611083    -0.00862944    -0.04445712    -0.15121165    -0.03258640    -0.00025108   
  53   0.46354548     0.00818920    -0.04418462    -0.03256902     0.15109132     0.00025146   
  54  -0.08084979    -0.30379323     0.28800000     0.09915041    -0.45996667     0.00002180   
  55  -0.37977503     0.28841409    -0.24101068    -0.07118513     0.33023249     0.00020370   
  56   0.01781704     0.28880711    -0.24148193     0.07107665    -0.32975113     0.00020370   
  57   0.03664335    -0.30425272     0.28853932    -0.09898268     0.45922078     0.00002180   
  58  -0.05327977     0.00828676    -0.04428665     0.03251563    -0.15085549     0.00025146   
  59  -0.04693222     0.01094780     0.06754802    -0.00134903    -0.00031290     0.25929762   
  60  -0.05144669     0.01095336     0.06759005     0.00136937     0.00027201     0.25930559   
           19             20             21             22             23             24       
   1   0.05464374    -0.03773994    -0.01409333     0.00000176    -0.00025161    -0.14291006   
   2   0.10096124    -0.11539885    -0.07008467    -0.00000014     0.00000252    -0.31137999   
   3   0.05464472    -0.03774038    -0.01409349    -0.00000190     0.00025319    -0.14291184   
   4   0.26527494     0.00025295     0.04079064    -0.00000161     0.00020573    -0.07151007   
   5   0.32645529     0.04128471     0.06833401    -0.00000005    -0.00000132     0.06899323   
   6   0.26527492     0.00025334     0.04079089     0.00000141    -0.00020647    -0.07150857   
   7   0.03450373     0.12831193    -0.11715409     0.00000071     0.00000001     0.08069089   
   8   0.01641673     0.19617598    -0.19670449     0.22116485     0.00158902    -0.00290924   
   9   0.00356534     0.09175822    -0.09436048     0.13452234     0.00096649    -0.02281408   
  10   0.00268615     0.12727927    -0.13406239     0.23548453     0.00169191    -0.07532598   
  11  -0.00018708     0.06021852    -0.06507568     0.13607266     0.00097767    -0.05665637   
  12   0.00262957     0.12556400    -0.13225149     0.23300107     0.00167410    -0.07425538   
  13   0.00347796     0.08972144    -0.09222759     0.13193825     0.00094797    -0.02179841   
  14   0.01641600     0.19616829    -0.19669689    -0.22117359    -0.00158845    -0.00290883   
  15   0.00347783     0.08971775    -0.09222382    -0.13194279    -0.00094762    -0.02179679   
  16   0.00262945     0.12555849    -0.13224576    -0.23300931    -0.00167350    -0.07425152   
  17  -0.00018708     0.06021620    -0.06507322    -0.13607832    -0.00097733    -0.05665389   
  18   0.00268602     0.12727441    -0.13405737    -0.23549461    -0.00169131    -0.07532289   
  19   0.00356521     0.09175517    -0.09435740    -0.13452874    -0.00096615    -0.02281325   
  20   0.03454190    -0.12824582    -0.11724259    -0.00000001     0.00000264    -0.08069156   
  21   0.01643317    -0.19605452    -0.19683236     0.00158871    -0.22115382     0.00290950   
  22   0.00356868    -0.09169874    -0.09441910     0.00096634    -0.13451363     0.02281220   
  23   0.00268870    -0.12719643    -0.13414531     0.00169156    -0.23547104     0.07531910   
  24  -0.00018726    -0.06017943    -0.06511605     0.00097744    -0.13606633     0.05665141   
  25   0.00263211    -0.12548432    -0.13233545     0.00167371    -0.23299121     0.07424966   
  26   0.00348124    -0.08966439    -0.09228603     0.00094773    -0.13193099     0.02179673   
  27   0.01643145    -0.19603168    -0.19680887    -0.00158883     0.22118591     0.00291087   
  28   0.00348094    -0.08965483    -0.09227591    -0.00094781     0.13195076     0.02179592   
  29   0.00263189    -0.12546945    -0.13231928    -0.00167381     0.23302213     0.07424367   
  30  -0.00018720    -0.06017152    -0.06510724    -0.00097749     0.13608233     0.05664579   
  31   0.00268847    -0.12717995    -0.13412741    -0.00169164     0.23549943     0.07531174   
  32   0.00356838    -0.09168786    -0.09440757    -0.00096640     0.13453172     0.02281041   
  33   0.26513317    -0.00022454     0.04075973    -0.00020595    -0.00000198     0.07159475   
  34   0.05461665     0.03775811    -0.01406519    -0.00025198    -0.00000214     0.14300731   
  35   0.10089871     0.11543002    -0.06997641     0.00000048    -0.00000063     0.31155162   
  36   0.05461777     0.03775811    -0.01406483     0.00025223     0.00000145     0.14300783   
  37   0.26513749    -0.00022516     0.04076098     0.00020580     0.00000092     0.07159437   
  38   0.32628710    -0.04126830     0.06826526    -0.00000024    -0.00000029    -0.06899837   
  39  -0.15077919    -0.02882458    -0.02495895     0.00000526     0.00000512    -0.15893798   
  40  -0.15082621     0.02882639    -0.02495159     0.00000443     0.00000519     0.15889802   
  41  -0.06565400     0.06681433    -0.00423241     0.00000022    -0.00000102     0.33352968   
  42  -0.15083119     0.02882755    -0.02495370    -0.00000414    -0.00000557     0.15894342   
  43  -0.15078381    -0.02882138    -0.02496103    -0.00000535    -0.00000361    -0.15888101   
  44  -0.06553924    -0.06681614    -0.00424980    -0.00000020     0.00000109    -0.33353487   
  45  -0.30336700     0.08182683     0.02216178    -0.00000036     0.00006931     0.24438210   
  46  -0.30336715     0.08182732     0.02216212     0.00000068    -0.00007232     0.24438354   
  47  -0.01628185    -0.22540686     0.22929554    -0.30428140    -0.00218621     0.04757351   
  48  -0.00399894    -0.17592569     0.18486998    -0.31954364    -0.00229588     0.09885223   
  49  -0.01637529    -0.22566610     0.22951933    -0.30427403    -0.00218616     0.04722111   
  50  -0.01637464    -0.22565684     0.22950998     0.30428459     0.00218536     0.04721783   
  51  -0.00399882    -0.17592037     0.18486449     0.31955928     0.00229508     0.09884846   
  52  -0.01628109    -0.22539699     0.22928565     0.30429239     0.00218541     0.04757116   
  53  -0.01629818     0.22526670     0.22944394    -0.00218577     0.30426768    -0.04757019   
  54  -0.00400284     0.17581502     0.18498833    -0.00229540     0.31953152    -0.09884491   
  55  -0.01639216     0.22553067     0.22967280    -0.00218575     0.30426608    -0.04721828   
  56  -0.01639022     0.22550115     0.22964204     0.00218587    -0.30430452    -0.04721503   
  57  -0.00400243     0.17579061     0.18496198     0.00229549    -0.31956767    -0.09883497   
  58  -0.01629633     0.22523699     0.22941290     0.00218587    -0.30430480    -0.04756600   
  59  -0.30319808    -0.08187023     0.02210742     0.00007047     0.00000127    -0.24454925   
  60  -0.30320339    -0.08186925     0.02210606    -0.00007101     0.00000028    -0.24454745   
           25             26             27             28             29             30       
   1  -0.00226202     0.13411172    -0.01512462    -0.10662739     0.23554668    -0.24329546   
   2   0.00002505     0.37937321    -0.13047879    -0.24614229     0.00003199     0.00001926   
   3   0.00228373     0.13411448    -0.01512539    -0.10665751    -0.23552087     0.24331073   
   4   0.00527304    -0.10975511     0.12935076     0.05521141    -0.36340314     0.37527285   
   5  -0.00000935    -0.24786777     0.12895044     0.15033655    -0.00001959    -0.00001340   
   6  -0.00526918    -0.10975869     0.12935204     0.05525730     0.36338605    -0.37528784   
   7  -0.00000340     0.16279831     0.15810179     0.07792309    -0.00000395     0.00000098   
   8  -0.00000639     0.10430186     0.20725717     0.25006589     0.00323808     0.00317362   
   9  -0.00000195     0.00716181     0.04615122     0.07586414     0.00014677     0.00014731   
  10   0.00000603    -0.11430749    -0.14167534    -0.13044020    -0.00284528    -0.00278439   
  11   0.00000549    -0.11096447    -0.15892655    -0.16722940    -0.00205975    -0.00201886   
  12   0.00000743    -0.11298747    -0.14170068    -0.13979151    -0.00043665    -0.00043156   
  13   0.00000124     0.00808252     0.04572220     0.06892286     0.00181247     0.00177362   
  14   0.00000505     0.10429876     0.20725323     0.25007006    -0.00327023    -0.00316609   
  15  -0.00000023     0.00808421     0.04572518     0.06893322    -0.00182133    -0.00177154   
  16  -0.00000218    -0.11298181    -0.14169363    -0.13978177     0.00045457     0.00042740   
  17  -0.00000115    -0.11096046    -0.15892273    -0.16723147     0.00208092     0.00201390   
  18  -0.00000070    -0.11430426    -0.14167473    -0.13045242     0.00286106     0.00278062   
  19   0.00000302     0.00716113     0.04614870     0.07585871    -0.00015713    -0.00014494   
  20   0.00000747     0.16300488    -0.15788845     0.07798880    -0.00000652    -0.00000408   
  21   0.00000718     0.10442574    -0.20696555     0.25027889     0.00312638    -0.00329265   
  22   0.00000131     0.00716994    -0.04608537     0.07592570     0.00013946    -0.00015702   
  23  -0.00000921    -0.11444278     0.14147608    -0.13055507    -0.00275023     0.00288290   
  24  -0.00000809    -0.11109627     0.15870320    -0.16737250    -0.00198845     0.00209485   
  25  -0.00001057    -0.11312230     0.14150133    -0.13990702    -0.00041813     0.00045413   
  26  -0.00000185     0.00809263    -0.04565972     0.06898648     0.00175227    -0.00183582   
  27  -0.00000425     0.10441252    -0.20693962     0.25024334    -0.00318054     0.00326143   
  28  -0.00000036     0.00808979    -0.04565136     0.06897063    -0.00176720     0.00182722   
  29  -0.00000095    -0.11311211     0.14148863    -0.13989714     0.00044839    -0.00043689   
  30  -0.00000143    -0.11108370     0.15868392    -0.16734878     0.00202418    -0.00207436   
  31  -0.00000247    -0.11442945     0.14145710    -0.13052912     0.00277687    -0.00286748   
  32  -0.00000366     0.00716915    -0.04608102     0.07592010    -0.00015693     0.00014711   
  33  -0.00528054    -0.10957100    -0.12946709     0.05527203    -0.37534269    -0.36333372   
  34  -0.00228156     0.13404019     0.01516470    -0.10664775    -0.24326986    -0.23556402   
  35  -0.00001143     0.37905979     0.13064361    -0.24615678     0.00001922    -0.00000461   
  36   0.00227170     0.13403519     0.01515735    -0.10659229     0.24328823     0.23556320   
  37   0.00527880    -0.10958132    -0.12947945     0.05535911     0.37533003     0.36333596   
  38   0.00000419    -0.24761438    -0.12909667     0.15037909    -0.00001385     0.00000151   
  39  -0.49994351     0.07494172     0.14569204    -0.04213624    -0.00117500     0.00663169   
  40  -0.49995841     0.07506287    -0.14562069    -0.04200266     0.00140905     0.00660374   
  41  -0.00002083    -0.00630907    -0.26117629     0.00926688     0.00000261     0.00000966   
  42   0.49995221     0.07504664    -0.14560792    -0.04199921    -0.00139528    -0.00658880   
  43   0.49996652     0.07492550     0.14569368    -0.04213238     0.00117989    -0.00664017   
  44   0.00000917    -0.00654053     0.26116356     0.00903975    -0.00000495    -0.00001032   
  45   0.00341966    -0.16749199     0.00599049     0.11169756    -0.23315171     0.24076682   
  46  -0.00345365    -0.16749487     0.00599154     0.11172728     0.23312390    -0.24078062   
  47  -0.00000328     0.00186023    -0.04313895    -0.07288287    -0.00022868    -0.00022640   
  48  -0.00000761     0.14570155     0.17956720     0.17065387     0.00206109     0.00201970   
  49  -0.00000144     0.00113246    -0.04322339    -0.06718891    -0.00168113    -0.00164564   
  50  -0.00000085     0.00112948    -0.04322754    -0.06720006     0.00168974     0.00164363   
  51   0.00000069     0.14569683     0.17956339     0.17065635    -0.00208239    -0.00201471   
  52   0.00000096     0.00186047    -0.04313625    -0.07287697     0.00023859     0.00022412   
  53   0.00000467     0.00186272     0.04307785    -0.07294258    -0.00021884     0.00023847   
  54   0.00001176     0.14587590    -0.17931593     0.17080060     0.00198973    -0.00209579   
  55   0.00000281     0.00113269     0.04316585    -0.06725247    -0.00162522     0.00170358   
  56   0.00000221     0.00113513     0.04315678    -0.06723588     0.00163966    -0.00169514   
  57   0.00000343     0.14585955    -0.17929456     0.17077693    -0.00202566     0.00207516   
  58   0.00000042     0.00186260     0.04307376    -0.07293721     0.00023555    -0.00022894   
  59   0.00344998    -0.16741406    -0.00602695     0.11170833     0.24079099     0.23311125   
  60  -0.00343449    -0.16740521    -0.00601828     0.11165111    -0.24080698    -0.23310787   
           31             32             33             34             35             36       
   1   0.00673063    -0.00222760     0.00000605     0.00147309    -0.10756822    -0.00321595   
   2   0.02025023    -0.00479213     0.00015772     0.00003923    -0.31416341     0.00001384   
   3   0.00673585    -0.00221839     0.00010883    -0.00145083    -0.10755707     0.00322602   
   4  -0.00981114     0.00093778     0.00002003    -0.00242345     0.14772367     0.00552927   
   5  -0.01397174     0.00297260    -0.00010617    -0.00002815     0.21541316    -0.00000930   
   6  -0.00981974     0.00092269    -0.00015086     0.00237691     0.14770595    -0.00554124   
   7   0.00038532     0.00158848    -0.00000932     0.00000592    -0.01323759     0.00000084   
   8   0.01059381     0.00524491     0.00129824     0.00009674    -0.17612371     0.06769813   
   9   0.17851346    -0.16788920    -0.23826157    -0.00971999    -0.04582804     0.02248981   
  10   0.26249975    -0.26178671    -0.36561840    -0.01495852     0.10251709    -0.03205548   
  11  -0.00770327    -0.00247496     0.00051951    -0.00000687     0.11160186    -0.04258242   
  12  -0.27452701     0.25803796     0.36655386     0.01495327     0.06839822    -0.03213656   
  13  -0.17149143     0.17084247     0.23865510     0.00976360    -0.06733709     0.02236969   
  14   0.01058930     0.00524608    -0.00125216    -0.00000822    -0.17617854    -0.06768744   
  15  -0.16836879     0.16681693    -0.24368750    -0.00963330    -0.06734358    -0.02236373   
  16  -0.26971244     0.25183484    -0.37435453    -0.01483927     0.06844354     0.03213593   
  17  -0.00768510    -0.00249616    -0.00057900    -0.00004945     0.11163617     0.04257559   
  18   0.25771581    -0.25561932     0.37332545     0.01475737     0.10252370     0.03204556   
  19   0.17538461    -0.16385770     0.24333644     0.00964531    -0.04585865    -0.02248946   
  20  -0.00044229     0.00157364    -0.00001513     0.00000454     0.01323777    -0.00000219   
  21  -0.01076299     0.00485171    -0.00005296    -0.00126549     0.17619844     0.43154109   
  22  -0.17109650    -0.17311943    -0.00931075     0.23997176     0.04585361     0.14336996   
  23  -0.25099512    -0.26939542    -0.01418594     0.36820002    -0.10255084    -0.20432110   
  24   0.00777333    -0.00219584     0.00008677    -0.00055103    -0.11164986    -0.27144203   
  25   0.26312228     0.26607679     0.01432514    -0.36917817    -0.06843755    -0.20487223   
  26   0.16397919     0.17581066     0.00926071    -0.24033547     0.06736102     0.14258764   
  27  -0.01078476     0.00482376    -0.00015125     0.00124088     0.17615030    -0.43160868   
  28   0.16300146     0.17435653    -0.01012911     0.24201092     0.06735701    -0.14262417   
  29   0.26163467     0.26386091    -0.01546299     0.37178008    -0.06839706     0.20488325   
  30   0.00778000    -0.00218796     0.00003996     0.00057302    -0.11161922     0.27148414   
  31  -0.24949835    -0.26716890     0.01551979    -0.37076814    -0.10254609     0.20437731   
  32  -0.17013051    -0.17168011     0.01005228    -0.24166583     0.04582609    -0.14337710   
  33   0.00976859     0.00132969     0.00244696     0.00013753    -0.14783774     0.00085741   
  34  -0.00665977    -0.00246820     0.00144155     0.00004087     0.10759748     0.00049014   
  35  -0.02007461    -0.00556961    -0.00007503    -0.00007040     0.31432760    -0.00001152   
  36  -0.00664386    -0.00249315    -0.00148125    -0.00009141     0.10762940    -0.00049804   
  37   0.00979510     0.00128884    -0.00235180    -0.00007751    -0.14779046    -0.00084641   
  38   0.01386336     0.00350982     0.00005435     0.00004758    -0.21553869     0.00000789   
  39  -0.00975346    -0.00109329    -0.00006458    -0.00005480     0.14657346     0.00005670   
  40   0.00978080    -0.00071455     0.00003925     0.00000635    -0.14648850     0.00003661   
  41   0.01623610     0.00055212     0.00009167     0.00004485    -0.24182647     0.00000921   
  42   0.00977982    -0.00071416     0.00008775     0.00004135    -0.14647959    -0.00002493   
  43  -0.00975362    -0.00109309    -0.00003354    -0.00000373     0.14657108    -0.00006761   
  44  -0.01624318    -0.00007772    -0.00009548    -0.00004345     0.24180306    -0.00000930   
  45  -0.00633308     0.00225546     0.00000187    -0.00160949     0.10074889     0.00360169   
  46  -0.00633886     0.00224543    -0.00011246     0.00158950     0.10073791    -0.00361105   
  47  -0.17219787     0.16202500     0.23006023     0.00938563     0.04308968    -0.02114920   
  48   0.00755418     0.00240961    -0.00054774     0.00000510    -0.10799428     0.04062020   
  49   0.16692500    -0.16624918    -0.23243747    -0.00950901     0.06479341    -0.02112001   
  50   0.16388313    -0.16232801     0.23733449     0.00938243     0.06479986     0.02111449   
  51   0.00753567     0.00243124     0.00060598     0.00005000    -0.10802764    -0.04061373   
  52  -0.16917403     0.15812974    -0.23495282    -0.00931297     0.04311861     0.02114874   
  53   0.16504091     0.16707019     0.00898990    -0.23171200    -0.04311419    -0.13482574   
  54  -0.00762169     0.00213658    -0.00008642     0.00057803     0.10804106     0.25893570   
  55  -0.15961531    -0.17108595    -0.00902006     0.23407540    -0.06481732    -0.13462477   
  56  -0.15866118    -0.16966771     0.00986449    -0.23570307    -0.06481277     0.13465782   
  57  -0.00762831     0.00212888    -0.00003753    -0.00060000     0.10801180    -0.25897682   
  58   0.16410743     0.16567965    -0.00970639     0.23334556    -0.04308801     0.13483197   
  59   0.00626236     0.00247903    -0.00158157    -0.00004718    -0.10077304    -0.00055141   
  60   0.00624447     0.00250621     0.00161638     0.00009567    -0.10080172     0.00055870   
           37             38             39       
   1  -0.00052114     0.09069177     0.09146297   
   2  -0.00001513     0.01969920     0.02616380   
   3   0.00051138     0.09069158     0.09146278   
   4   0.00089213     0.00758737     0.00005249   
   5   0.00001053    -0.07011317    -0.07055461   
   6  -0.00087638     0.00758777     0.00005289   
   7  -0.00000497    -0.65035768     0.64403375   
   8  -0.43158593     0.04011690    -0.03933948   
   9  -0.14338133     0.08908130    -0.08819189   
  10   0.20434952    -0.00989711     0.00971688   
  11   0.27146881    -0.06546623     0.06480267   
  12   0.20488423    -0.00948565     0.00931641   
  13  -0.14260445     0.08897214    -0.08808445   
  14   0.43156823     0.04011432    -0.03933695   
  15   0.14258450     0.08896842    -0.08808077   
  16  -0.20490163    -0.00948483     0.00931560   
  17  -0.27145680    -0.06546230     0.06479877   
  18  -0.20431257    -0.00989664     0.00971643   
  19   0.14339412     0.08907653    -0.08818717   
  20  -0.00000020    -0.64380584    -0.65055554   
  21   0.06769574     0.03971318     0.03973833   
  22   0.02249083     0.08817741     0.08907844   
  23  -0.03205099    -0.00979749    -0.00981538   
  24  -0.04258091    -0.06480305    -0.06545520   
  25  -0.03213899    -0.00938993    -0.00941060   
  26   0.02236714     0.08807124     0.08897183   
  27  -0.06768882     0.03970900     0.03973415   
  28  -0.02236658     0.08806181     0.08896230   
  29   0.03213328    -0.00938928    -0.00940994   
  30   0.04257653    -0.06479581    -0.06544788   
  31   0.03205065    -0.00979646    -0.00981436   
  32  -0.02248670     0.08816811     0.08906904   
  33  -0.00554359     0.00758868     0.00002741   
  34  -0.00321183     0.09155867    -0.09049046   
  35   0.00002366     0.01994559    -0.02595068   
  36   0.00322959     0.09155929    -0.09049108   
  37   0.00552417     0.00758828     0.00002779   
  38  -0.00001580    -0.07077962     0.06980047   
  39   0.00006170     0.01788823    -0.01671628   
  40   0.00006729     0.01771442     0.01689195   
  41  -0.00001434    -0.01686043     0.01224119   
  42  -0.00008313     0.01771357     0.01689115   
  43  -0.00004296     0.01788752    -0.01671556   
  44   0.00001396    -0.01673251    -0.01240681   
  45   0.00058054    -0.04663513    -0.04674390   
  46  -0.00057165    -0.04663460    -0.04674337   
  47   0.13483499    -0.04571431     0.04520061   
  48  -0.25895972     0.03306416    -0.03269772   
  49   0.13463753    -0.04585836     0.04534161   
  50  -0.13461961    -0.04585653     0.04533981   
  51   0.25894865     0.03306208    -0.03269567   
  52  -0.13484618    -0.04571140     0.04519775   
  53  -0.02115055    -0.04525169    -0.04565625   
  54   0.04061911     0.03272945     0.03302721   
  55  -0.02111803    -0.04539502    -0.04579941   
  56   0.02111721    -0.04539000    -0.04579433   
  57  -0.04061507     0.03272612     0.03302385   
  58   0.02114662    -0.04524692    -0.04565144   
  59   0.00359710    -0.04707728     0.04624306   
  60  -0.00361381    -0.04707710     0.04624286   


************************************************
 Testing random coefficient initial guess method, Trial 9
************************************************

  Initializing L-BFGS optimisation...
    > Num. MOs       =     60
    > Num. params    =    893
    > Max subspace   =     20
    > Max step size   =  0.500
    > Backtracking   =  0.100
    > Parallel tr.   = True
    > Pseudo-canon.  = True
    > Canon interval = 10
    > Hybrid prec.   = True
  ================================================================
           Energy / Eh     Step Len    Max(|G_i|)
  ================================================================
     0   459.9920712607                 6.77e+00
     1   439.2871151984    5.00e-01     6.63e+00    rescaled  
     2   422.7271260937    5.00e-01     7.73e+00    rescaled  
     3   408.4634830390    5.00e-01     7.74e+00    rescaled  
     4   396.8473762710    5.00e-01     7.73e+00    rescaled  
     5   385.2338777241    5.00e-01     7.48e+00    rescaled  
     6   375.4774928705    5.00e-01     6.83e+00    rescaled  
     7   365.2434329962    5.00e-01     6.15e+00    rescaled  
     8   355.3601992012    5.00e-01     6.63e+00    rescaled  
     9   343.9086100108    5.00e-01     7.22e+00    rescaled  
    10   332.9442076757    5.00e-01     6.81e+00    rescaled  
    11   322.5339324453    5.00e-01     6.91e+00    rescaled  
    12   313.1585086801    5.00e-01     6.96e+00    rescaled  
    13   306.8281559222    5.00e-01     6.98e+00    rescaled  
    14   301.0047364880    5.00e-01     6.89e+00    rescaled  
    15   291.4150407537    5.00e-01     6.41e+00    rescaled  
    16   278.6196773389    5.00e-01     5.87e+00    rescaled  
    17   274.6678328090    5.00e-01     5.65e+00    rescaled  
    18   270.6128255812    5.00e-01     5.61e+00    rescaled  
    19   256.8286264534    5.00e-01     7.18e+00    rescaled  
    20   268.9887569938    5.00e-01     6.26e+00    rescaled  
    21   253.4494106257    2.72e-01     5.57e+00    overstep  
    22   249.4077029238    5.00e-01     3.54e+00    rescaled  
    23   248.6414603798    4.38e-01     3.57e+00              
    24   244.5828714737    5.00e-01     2.94e+00    rescaled  
    25   240.3253409215    5.00e-01     2.73e+00    rescaled  
    26   237.8918226659    5.00e-01     1.75e+00    rescaled  
    27   241.5080384275    4.03e-01     2.94e+00              
    28   236.8910799399    2.07e-01     1.61e+00    overstep  
    29   235.9228843573    1.62e-01     1.95e+00              
    30   236.6061611735    1.62e-01     1.22e+00              
    31   235.6936693590    9.32e-02     8.61e-01    overstep  
    32   235.4070323235    8.42e-02     6.51e-01              
    33   235.4067780468    1.54e-01     6.49e-01              
    34   235.2877583331    7.86e-02     1.97e-01              
    35   235.2752973156    2.00e-02     1.13e-01              
    36   235.2627440324    7.38e-03     6.05e-02              
    37   235.2606268838    2.71e-03     3.19e-02              
    38   235.2596971900    3.83e-03     1.26e-02              
    39   235.2595703259    1.47e-03     5.38e-03              
    40   235.2595458960    5.79e-04     1.07e-03              
    41   235.2595448645    9.50e-05     3.09e-04              
    42   235.2595446993    2.56e-05     9.38e-05              
    43   235.2595446886    1.23e-05     2.27e-05              
    44   235.2595446881    3.06e-06     9.75e-06              
    45   235.2595446881    7.10e-07     1.47e-06              
    46   235.2595446881    1.20e-07     6.01e-07              
  ================================================================
  L-BFGS converged in     46 iterations (  3.28 seconds)

  Initializing Davidson diagonalisation...
    > Max iterations =   1000
    > Target states  =      5
    > Convergence    =  1.000e-04
    > Basis per root =      4
    > Max basis size =     20
  Davidson diagonalisation converged in     32 iterations (  5.80 seconds)

   --------------------------
    Converged eigenvalues:   
   --------------------------
       0        6.80630573   
       1        6.82735260   
       2        7.04656113   
       3        7.05168087   
       4        7.36031045   
   --------------------------

 ---------------------------------------------
         Total Energy =   235.25954469 Eh
              Nuclear =  5151.81221337 Eh
         One Electron = -9722.71478657 Eh
              Coulomb =  5089.50905479 Eh
        ROHF Exchange =  -283.34693689 Eh
 ---------------------------------------------
           <Sz> =  1.00
           <S2> =  2.00
  Spin Coupling = ++

 -----------------------------------------------------------------------------------------------
  Open-Shell Exchange Matrix <Ψ|Êpq Êqp|Ψ> - Np
 -----------------------------------------------------------------------------------------------
           1              2        
   1   0.00000000    -1.00000000   
   2  -1.00000000     0.00000000   

 -----------------------------------------------------------------------------------------------
  Open-Shell Exchange Integrals <pq|qp>
 -----------------------------------------------------------------------------------------------
           1              2        
   1   3.67375432     3.02044553   
   2   3.02044553     3.67718305   

 -----------------------------------------------------------------------------------------------
  Occupied Orbital Coefficients
 -----------------------------------------------------------------------------------------------
           1              2              3              4              5              6        
   1  -0.09024846    -0.07757119    -0.00008038    -0.00000197    -0.27056066    -0.28237009   
   2  -0.07838135    -0.06887730     0.00000261    -0.00000154    -0.20797368    -0.21854784   
   3  -0.09024817    -0.07757095     0.00008661    -0.00000221    -0.27055951    -0.28236889   
   4  -0.05388136    -0.04443620     0.00003536    -0.00000154    -0.17129205    -0.17184724   
   5  -0.04798053    -0.03679033     0.00000166    -0.00000169    -0.16328063    -0.15187198   
   6  -0.05388154    -0.04443635    -0.00003163    -0.00000145    -0.17129271    -0.17184791   
   7  -0.05261749     0.05221027    -0.00000001    -0.00000730    -0.02105245     0.02471759   
   8  -0.13829040     0.14102920     0.00027792     0.18462864     0.03385054    -0.02660006   
   9  -0.17532710     0.17921604     0.00038208     0.25382947     0.05266225    -0.04378302   
  10  -0.12922217     0.13228760     0.00029581     0.19652687     0.04374185    -0.03741562   
  11  -0.16676977     0.17089883     0.00039446     0.26206202     0.06091206    -0.05297033   
  12  -0.12841596     0.13146251     0.00029382     0.19520276     0.04348477    -0.03720018   
  13  -0.17346304     0.17730992     0.00037753     0.25080938     0.05209998    -0.04331829   
  14  -0.13826188     0.14099930    -0.00027825    -0.18467149     0.03385523    -0.02660275   
  15  -0.17342704     0.17727207    -0.00037799    -0.25086654     0.05210668    -0.04332212   
  16  -0.12838686     0.13143194    -0.00029417    -0.19524329     0.04348942    -0.03720263   
  17  -0.16672993     0.17085698    -0.00039492    -0.26211313     0.06091778    -0.05297314   
  18  -0.12919125     0.13225517    -0.00029616    -0.19656526     0.04374602    -0.03741768   
  19  -0.17528534     0.17917230    -0.00038252    -0.25387940     0.05266738    -0.04378553   
  20  -0.05306285    -0.05176433     0.00000127     0.00000000    -0.02102062    -0.02478767   
  21  -0.13947848    -0.13984312     0.18464563    -0.00027728     0.03379142     0.02667053   
  22  -0.17683304    -0.17770846     0.25384519    -0.00038120     0.05257006     0.04389880   
  23  -0.13033266    -0.13117534     0.19653633    -0.00029514     0.04366520     0.03751443   
  24  -0.16820310    -0.16946208     0.26207180    -0.00039356     0.06080512     0.05310999   
  25  -0.12952117    -0.13035885     0.19521456    -0.00029316     0.04340907     0.03729884   
  26  -0.17495545    -0.17582086     0.25082831    -0.00037666     0.05200938     0.04343332   
  27  -0.13946299    -0.13982770    -0.18465985     0.00027887     0.03378516     0.02666564   
  28  -0.17493700    -0.17580248    -0.25084994     0.00037884     0.05200058     0.04342621   
  29  -0.12950860    -0.13034632    -0.19523347     0.00029485     0.04340235     0.03729333   
  30  -0.16818939    -0.16944845    -0.26210147     0.00039584     0.06079677     0.05310311   
  31  -0.13031942    -0.13116215    -0.19655439     0.00029685     0.04365820     0.03750869   
  32  -0.17681464    -0.17769013    -0.25386731     0.00038339     0.05256119     0.04389163   
  33  -0.05350844     0.04489686     0.00000030     0.00002273    -0.17167942     0.17148069   
  34  -0.08958805     0.07833453     0.00000046     0.00006553    -0.27117152     0.28176570   
  35  -0.07778861     0.06953434     0.00000025    -0.00001494    -0.20843973     0.21807579   
  36  -0.08958538     0.07833216     0.00000021    -0.00010129    -0.27116264     0.28175607   
  37  -0.05350775     0.04489622     0.00000018    -0.00004420    -0.17167715     0.17147806   
  38  -0.04768166     0.03720925     0.00000028    -0.00000953    -0.16365403     0.15155306   
  39  -0.01957134     0.00411565     0.00000046    -0.00000285    -0.07096688     0.01545478   
  40  -0.01960059    -0.00393285     0.00000056    -0.00000206    -0.07091745    -0.01554527   
  41  -0.02784753    -0.01326143     0.00000083    -0.00000194    -0.10075249    -0.05412669   
  42  -0.01960044    -0.00393277     0.00000040    -0.00000182    -0.07091700    -0.01554503   
  43  -0.01957109     0.00411545     0.00000021    -0.00000270    -0.07096603     0.01545402   
  44  -0.02775178     0.01352164     0.00000033    -0.00000476    -0.10092816     0.05400052   
  45  -0.08598983    -0.07362554    -0.00028361    -0.00000166    -0.27899145    -0.29411717   
  46  -0.08598945    -0.07362522     0.00028974    -0.00000255    -0.27898991    -0.29411554   
  47  -0.16850738     0.17245098     0.00038193     0.25373666     0.05536536    -0.04696353   
  48  -0.16368852     0.16776807     0.00038991     0.25902711     0.06078360    -0.05309845   
  49  -0.16521847     0.16909484     0.00037356     0.24817937     0.05454147    -0.04631699   
  50  -0.16518467     0.16905925    -0.00037401    -0.24823652     0.05454851    -0.04632110   
  51  -0.16364837     0.16772593    -0.00039037    -0.25907597     0.06078892    -0.05310092   
  52  -0.16846528     0.17240688    -0.00038237    -0.25378358     0.05537014    -0.04696570   
  53  -0.16995440    -0.17099994     0.25374834    -0.00038106     0.05526798     0.04708726   
  54  -0.16509269    -0.16635496     0.25903222    -0.00038897     0.06067610     0.05323779   
  55  -0.16663955    -0.16767436     0.24819403    -0.00037272     0.05444609     0.04643945   
  56  -0.16662312    -0.16765799    -0.24821728     0.00037488     0.05443737     0.04643230   
  57  -0.16508230    -0.16634468    -0.25906641     0.00039123     0.06066892     0.05323191   
  58  -0.16993807    -0.17098368    -0.25377263     0.00038326     0.05525923     0.04708008   
  59  -0.08536555     0.07435532     0.00000075     0.00026888    -0.27962407     0.29349067   
  60  -0.08536161     0.07435182    -0.00000008    -0.00030404    -0.27961077     0.29347628   
           7              8              9              10             11             12       
   1   0.29070964     0.19711485    -0.05436961    -0.00228569    -0.02628490    -0.00736325   
   2  -0.00000446     0.00000470    -0.05353774     0.00174732    -0.02169249    -0.00433903   
   3  -0.29071844    -0.19710385    -0.05437449    -0.00226575    -0.02256241    -0.00238200   
   4  -0.12706256    -0.08614501     0.03237445    -0.00266318     0.01321959     0.00358312   
   5   0.00000722    -0.00001135     0.12125712    -0.00356096     0.04975438     0.00995076   
   6   0.12706539     0.08613937     0.03237675    -0.00267197     0.01157860     0.00138715   
   7  -0.00000025     0.00000042    -0.02391330    -0.01290515    -0.00244276    -0.00044839   
   8  -0.00034784     0.00051322    -0.04973489    -0.04114806     0.01732202    -0.01693399   
   9  -0.00163762     0.00241606    -0.11775469    -0.19982449     0.25726643    -0.17617573   
  10  -0.00033217     0.00048999    -0.00203389    -0.04423360     0.09085638    -0.05732801   
  11   0.00082904    -0.00122335     0.11262660     0.09711138    -0.04679589     0.04331570   
  12   0.00077732    -0.00114680     0.05424244     0.08871449    -0.11226920     0.07710952   
  13   0.00094731    -0.00139735     0.01288490     0.10845773    -0.21353063     0.13543579   
  14   0.00034720    -0.00051221    -0.04968821    -0.04099507    -0.01034521     0.01858102   
  15  -0.00094747     0.00139763     0.01267689     0.10747439     0.02707943    -0.17369412   
  16  -0.00077678     0.00114594     0.05410294     0.08812219     0.02232023    -0.09577368   
  17  -0.00082762     0.00122111     0.11251036     0.09672196     0.02461114    -0.04834896   
  18   0.00033235    -0.00049030    -0.00194556    -0.04381778    -0.01111107     0.07367876   
  19   0.00163662    -0.00241452    -0.11743506    -0.19847311    -0.05043056     0.21907283   
  20  -0.00000104     0.00000096    -0.02390750     0.01290517    -0.00243190    -0.00052435   
  21  -0.00051366    -0.00034700    -0.04967977     0.04101214    -0.00858245    -0.01561515   
  22  -0.00241508    -0.00163666    -0.11748710     0.19849007    -0.03103591    -0.15995390   
  23  -0.00048921    -0.00033246    -0.00197490     0.04380627    -0.00470142    -0.05181879   
  24   0.00122414     0.00082744     0.11249648    -0.09676834     0.02007042     0.03986013   
  25   0.00114653     0.00077674     0.05412690    -0.08813229     0.01383638     0.07002132   
  26   0.00139587     0.00094755     0.01274546    -0.10744925     0.01195187     0.12245744   
  27   0.00051233     0.00034890    -0.04973935     0.04117252     0.01562100     0.01677770   
  28  -0.00139735    -0.00094666     0.01289530    -0.10845656    -0.19829587    -0.15899919   
  29  -0.00114596    -0.00077810     0.05425265    -0.08873951    -0.10379872    -0.08744825   
  30  -0.00122135    -0.00083145     0.11263894    -0.09717011    -0.04239404    -0.04374249   
  31   0.00049019     0.00033174    -0.00204121     0.04423503     0.08439981     0.06746044   
  32   0.00241456     0.00163905    -0.11778334     0.19988666     0.23790384     0.20005462   
  33  -0.08615175     0.12704479     0.03241645     0.00268849     0.01147945     0.00367819   
  34  -0.19711342     0.29070823    -0.05440698     0.00224557    -0.02656772    -0.00215445   
  35  -0.00000128     0.00000207    -0.05359125    -0.00177919    -0.02171674    -0.00433311   
  36   0.19711300    -0.29070720    -0.05446282     0.00222726    -0.02232811    -0.00762797   
  37   0.08616301    -0.12706158     0.03239270     0.00268045     0.01334881     0.00126527   
  38   0.00001221    -0.00001840     0.12138173     0.00363439     0.04981081     0.00993995   
  39  -0.00002867     0.00060663     0.27647451     0.00039399     0.11753644     0.02348436   
  40   0.00029644     0.00054485     0.27644891    -0.00021568     0.11752556     0.02347946   
  41   0.00001911    -0.00002934     0.29760106    -0.00119433     0.12604651     0.02518547   
  42  -0.00026015    -0.00060040     0.27644839    -0.00021566     0.11753718     0.02348323   
  43   0.00006636    -0.00066418     0.27647270     0.00039396     0.11754797     0.02347891   
  44   0.00002133    -0.00003248     0.29768691     0.00138574     0.12608384     0.02518501   
  45   0.49175567     0.33344526    -0.09271155    -0.00592312    -0.04612181    -0.01265120   
  46  -0.49177043    -0.33342680    -0.09271964    -0.00589061    -0.04005252    -0.00452957   
  47  -0.00282456     0.00416724    -0.19959686    -0.34323455     0.44475543    -0.30416879   
  48   0.00128301    -0.00189331     0.18757758     0.16294442    -0.07937964     0.07319996   
  49   0.00176437    -0.00260255     0.02479049     0.18577870    -0.36267518     0.23017113   
  50  -0.00176454     0.00260287     0.02443876     0.18411151     0.04618640    -0.29512766   
  51  -0.00128075     0.00188974     0.18737963     0.16228476     0.04136814    -0.08180315   
  52   0.00282297    -0.00416480    -0.19904612    -0.34090168    -0.08663611     0.37842439   
  53  -0.00416531    -0.00282306    -0.19913509     0.34092855    -0.05314301    -0.27614246   
  54   0.00189441     0.00128045     0.18735575    -0.16236204     0.03369080     0.06734942   
  55   0.00260015     0.00176459     0.02455318    -0.18406426     0.02047842     0.20812420   
  56  -0.00260248    -0.00176348     0.02480648    -0.18577556    -0.33678711    -0.27014294   
  57  -0.00189004    -0.00128682     0.18760050    -0.16304473    -0.07193555    -0.07402116   
  58   0.00416468     0.00282680    -0.19964732     0.34334153     0.41131423     0.34558976   
  59  -0.33343325     0.49177387    -0.09277978     0.00585113    -0.04658433    -0.00417223   
  60   0.33342742    -0.49176458    -0.09287556     0.00582132    -0.03967367    -0.01309696   
           13             14             15             16             17             18       
   1  -0.02580441     0.00412818    -0.03624373     0.00021405     0.00082667     0.00948043   
   2  -0.02474449    -0.00345747    -0.02615024    -0.00000320    -0.00000554    -0.00003823   
   3  -0.02993055     0.00412821    -0.03624386    -0.00022654    -0.00085909     0.00947977   
   4   0.01323147     0.00487456     0.01323146    -0.00009736    -0.00037688    -0.23232465   
   5   0.05675605     0.00660135     0.06235786     0.00000826     0.00001558    -0.38769606   
   6   0.01505055     0.00487455     0.01323160     0.00009964     0.00037733    -0.23232490   
   7  -0.00278243     0.02533189     0.01894043     0.00000455    -0.00000127     0.00329005   
   8  -0.00496925     0.08028633     0.07500389    -0.11303549     0.02951199    -0.00026858   
   9   0.01851498     0.00676616     0.02687736    -0.08455471     0.02207678    -0.00045932   
  10   0.01253119    -0.07507135    -0.06189434     0.07754838    -0.02024649    -0.00000345   
  11   0.01044223    -0.18008375    -0.16976355     0.26385778    -0.06888959     0.00028263   
  12  -0.00780057    -0.00427594    -0.01218915     0.03249686    -0.00848479    -0.00003780   
  13  -0.02858815     0.17048035     0.14174072    -0.18839449     0.04918647    -0.00051500   
  14   0.01295796     0.08028908     0.07499756     0.11307433    -0.02951114    -0.00026857   
  15  -0.18481511     0.17035484     0.14162057     0.18836532    -0.04916154    -0.00051498   
  16  -0.09514846    -0.00433719    -0.01223824    -0.03255167     0.00849549    -0.00003780   
  17  -0.03583006    -0.18009673    -0.16975412    -0.26395107     0.06888827     0.00028261   
  18   0.07873999    -0.07502087    -0.06184587    -0.07753990     0.02023717    -0.00000345   
  19   0.21821453     0.00689718     0.02698135     0.08466993    -0.02209760    -0.00045929   
  20  -0.00275155    -0.02531353     0.01896663     0.00000797     0.00003059    -0.00329037   
  21   0.01749706    -0.08014130     0.07501403     0.02953609     0.11314567     0.00026890   
  22   0.26759847    -0.00664410     0.02682801     0.02208558     0.08460504     0.00045942   
  23   0.09500684     0.07497974    -0.06192305    -0.02026605    -0.07763414     0.00000343   
  24  -0.04752110     0.17974991    -0.16978019    -0.06894351    -0.26410596    -0.00028272   
  25  -0.11675494     0.00422789    -0.01217466    -0.00849055    -0.03252543     0.00003780   
  26  -0.22321069    -0.17026013     0.14179366     0.04922812     0.18858060     0.00051513   
  27  -0.00932440    -0.08025609     0.07514884    -0.02948438    -0.11295426     0.00026890   
  28   0.00990942    -0.17048693     0.14206574    -0.04915209    -0.18829990     0.00051510   
  29   0.01366369     0.00424404    -0.01219122     0.00847228     0.03245768     0.00003779   
  30   0.02170521     0.18001407    -0.17009077     0.06882537     0.26366911    -0.00028269   
  31  -0.00378812     0.07506945    -0.06203196     0.02023085     0.07750364     0.00000343   
  32  -0.03056411    -0.00669871     0.02688498    -0.02204804    -0.08446686     0.00045938   
  33   0.01477589    -0.00483533     0.01326156     0.00037881    -0.00009204     0.23237266   
  34  -0.02649875    -0.00420623    -0.03625991     0.00083713    -0.00023085    -0.00947878   
  35  -0.02477470     0.00338986    -0.02618562    -0.00000368    -0.00001004     0.00004102   
  36  -0.02928534    -0.00420958    -0.03628425    -0.00084860     0.00020864    -0.00947967   
  37   0.01354781    -0.00483687     0.01325122    -0.00037533     0.00010469     0.23237586   
  38   0.05682538    -0.00644379     0.06243943     0.00000907     0.00002385     0.38778232   
  39   0.13410271    -0.00036730     0.15800137     0.00002574     0.00005501     0.10885999   
  40   0.13409021     0.00074600     0.15798610     0.00002508     0.00005529    -0.10909790   
  41   0.14379746     0.00255613     0.16819737     0.00002502     0.00005577    -0.28868417   
  42   0.13407897     0.00074600     0.15798582     0.00002249     0.00005244    -0.10909742   
  43   0.13409203    -0.00036728     0.15800036     0.00002198     0.00005415     0.10885298   
  44   0.14384181    -0.00215207     0.16824858     0.00002531     0.00005877     0.28854187   
  45  -0.04580282     0.01080674    -0.06752282     0.00033929     0.00131175     0.25924297   
  46  -0.05253033     0.01080687    -0.06752320    -0.00036412    -0.00137891     0.25924274   
  47   0.03249695     0.00840071     0.04427589    -0.14946892     0.03902549     0.00025110   
  48   0.01737455    -0.30436774    -0.28797889     0.45485826    -0.11875717     0.00002184   
  49  -0.04838550     0.28879441     0.24092592    -0.32655069     0.08525663     0.00020334   
  50  -0.31386145     0.28858194     0.24072179     0.32650146    -0.08521375     0.00020334   
  51  -0.06087088    -0.30438617    -0.28795927    -0.45501247     0.11875319     0.00002184   
  52   0.37737736     0.00862864     0.04445687     0.14966963    -0.03906161     0.00025108   
  53   0.46265655    -0.00819057     0.04418530     0.03903914     0.14955046    -0.00025146   
  54  -0.08063701     0.30379553    -0.28799964    -0.11884697    -0.45527422    -0.00002180   
  55  -0.37910128    -0.28841503     0.24100970     0.08532613     0.32686307    -0.00020369   
  56   0.01702865    -0.28880768     0.24148017    -0.08519751    -0.32638873    -0.00020370   
  57   0.03642328     0.30425326    -0.28853718     0.11864780     0.45453827    -0.00002180   
  58  -0.05226729    -0.00828667     0.04428624    -0.03897567    -0.14931723    -0.00025145   
  59  -0.04693325    -0.01094742    -0.06754802     0.00133431    -0.00037059    -0.25929762   
  60  -0.05147884    -0.01095298    -0.06759006    -0.00135641     0.00033073    -0.25930559   
           19             20             21             22             23             24       
   1  -0.05464373    -0.03773995    -0.01409335    -0.00000177     0.00025158     0.14291006   
   2  -0.10096126    -0.11539883    -0.07008467     0.00000014    -0.00000254     0.31138002   
   3  -0.05464473    -0.03774040    -0.01409351     0.00000191    -0.00025320     0.14291186   
   4  -0.26527494     0.00025294     0.04079064     0.00000161    -0.00020573     0.07151006   
   5  -0.32645528     0.04128472     0.06833402     0.00000005     0.00000134    -0.06899326   
   6  -0.26527491     0.00025334     0.04079089    -0.00000141     0.00020647     0.07150854   
   7  -0.03450372     0.12831193    -0.11715407    -0.00000071    -0.00000001    -0.08069089   
   8  -0.01641672     0.19617601    -0.19670447    -0.22116478    -0.00159681     0.00290924   
   9  -0.00356534     0.09175823    -0.09436047    -0.13452229    -0.00097123     0.02281409   
  10  -0.00268614     0.12727929    -0.13406238    -0.23548445    -0.00170020     0.07532598   
  11   0.00018708     0.06021854    -0.06507568    -0.13607262    -0.00098247     0.05665636   
  12  -0.00262957     0.12556403    -0.13225149    -0.23300100    -0.00168231     0.07425537   
  13  -0.00347796     0.08972146    -0.09222758    -0.13193821    -0.00095262     0.02179840   
  14  -0.01641600     0.19616829    -0.19669686     0.22117354     0.00159623     0.00290884   
  15  -0.00347783     0.08971775    -0.09222380     0.13194276     0.00095227     0.02179679   
  16  -0.00262945     0.12555849    -0.13224574     0.23300927     0.00168170     0.07425151   
  17   0.00018708     0.06021620    -0.06507321     0.13607829     0.00098211     0.05665388   
  18  -0.00268602     0.12727442    -0.13405735     0.23549457     0.00169959     0.07532288   
  19  -0.00356521     0.09175518    -0.09435739     0.13452871     0.00097088     0.02281325   
  20  -0.03454193    -0.12824576    -0.11724256     0.00000002    -0.00000264     0.08069159   
  21  -0.01643318    -0.19605454    -0.19683241    -0.00159650     0.22115371    -0.00290949   
  22  -0.00356868    -0.09169876    -0.09441915    -0.00097107     0.13451354    -0.02281220   
  23  -0.00268870    -0.12719645    -0.13414537    -0.00169985     0.23547092    -0.07531911   
  24   0.00018725    -0.06017944    -0.06511608    -0.00098224     0.13606627    -0.05665142   
  25  -0.00263211    -0.12548437    -0.13233552    -0.00168191     0.23299110    -0.07424967   
  26  -0.00348123    -0.08966441    -0.09228608    -0.00095238     0.13193092    -0.02179674   
  27  -0.01643146    -0.19603160    -0.19680883     0.00159661    -0.22118594    -0.00291087   
  28  -0.00348094    -0.08965480    -0.09227589     0.00095245    -0.13195077    -0.02179593   
  29  -0.00263189    -0.12546940    -0.13231925     0.00168201    -0.23302213    -0.07424367   
  30   0.00018720    -0.06017150    -0.06510722     0.00098228    -0.13608232    -0.05664579   
  31  -0.00268847    -0.12717990    -0.13412738     0.00169992    -0.23549942    -0.07531174   
  32  -0.00356838    -0.09168784    -0.09440756     0.00097113    -0.13453173    -0.02281041   
  33  -0.26513317    -0.00022454     0.04075973     0.00020595     0.00000200    -0.07159477   
  34  -0.05461665     0.03775811    -0.01406519     0.00025198     0.00000216    -0.14300730   
  35  -0.10089870     0.11543003    -0.06997640    -0.00000048     0.00000064    -0.31155160   
  36  -0.05461777     0.03775812    -0.01406483    -0.00025223    -0.00000145    -0.14300782   
  37  -0.26513749    -0.00022516     0.04076098    -0.00020580    -0.00000092    -0.07159438   
  38  -0.32628711    -0.04126830     0.06826525     0.00000023     0.00000030     0.06899834   
  39   0.15077919    -0.02882458    -0.02495895    -0.00000526    -0.00000513     0.15893798   
  40   0.15082621     0.02882638    -0.02495159    -0.00000442    -0.00000519    -0.15889801   
  41   0.06565400     0.06681434    -0.00423240    -0.00000022     0.00000104    -0.33352968   
  42   0.15083119     0.02882755    -0.02495369     0.00000414     0.00000557    -0.15894340   
  43   0.15078381    -0.02882138    -0.02496104     0.00000535     0.00000360     0.15888102   
  44   0.06553924    -0.06681614    -0.00424980     0.00000020    -0.00000110     0.33353486   
  45   0.30336700     0.08182682     0.02216179     0.00000037    -0.00006929    -0.24438211   
  46   0.30336715     0.08182732     0.02216212    -0.00000068     0.00007234    -0.24438355   
  47   0.01628185    -0.22540689     0.22929552     0.30428131     0.00219692    -0.04757351   
  48   0.00399894    -0.17592573     0.18486997     0.31954354     0.00230713    -0.09885222   
  49   0.01637528    -0.22566613     0.22951931     0.30427393     0.00219687    -0.04722111   
  50   0.01637464    -0.22565685     0.22950995    -0.30428453    -0.00219607    -0.04721783   
  51   0.00399882    -0.17592038     0.18486446    -0.31955922    -0.00230632    -0.09884845   
  52   0.01628108    -0.22539700     0.22928562    -0.30429233    -0.00219612    -0.04757116   
  53   0.01629819     0.22526674     0.22944403     0.00219648    -0.30426751     0.04757020   
  54   0.00400284     0.17581507     0.18498842     0.00230665    -0.31953136     0.09884493   
  55   0.01639216     0.22553070     0.22967289     0.00219647    -0.30426591     0.04721829   
  56   0.01639022     0.22550107     0.22964200    -0.00219658     0.30430454     0.04721504   
  57   0.00400243     0.17579054     0.18496194    -0.00230674     0.31956766     0.09883497   
  58   0.01629633     0.22523690     0.22941287    -0.00219658     0.30430482     0.04756599   
  59   0.30319808    -0.08187024     0.02210741    -0.00007047    -0.00000128     0.24454924   
  60   0.30320339    -0.08186926     0.02210606     0.00007101    -0.00000029     0.24454744   
           25             26             27             28             29             30       
   1   0.00226202     0.13411171     0.01512462    -0.10662740    -0.23554978    -0.24329247   
   2  -0.00002505     0.37937321     0.13047882    -0.24614227    -0.00003198     0.00001928   
   3  -0.00228373     0.13411449     0.01512543    -0.10665745     0.23552395     0.24330773   
   4  -0.00527304    -0.10975512    -0.12935076     0.05521146     0.36340790     0.37526822   
   5   0.00000936    -0.24786779    -0.12895048     0.15033652     0.00001960    -0.00001340   
   6   0.00526917    -0.10975872    -0.12935207     0.05525724    -0.36339084    -0.37528323   
   7   0.00000340     0.16279832    -0.15810178     0.07792307     0.00000395     0.00000098   
   8   0.00000638     0.10430186    -0.20725717     0.25006589    -0.00323805     0.00317365   
   9   0.00000195     0.00716179    -0.04615119     0.07586412    -0.00014677     0.00014731   
  10  -0.00000603    -0.11430750     0.14167536    -0.13044022     0.00284525    -0.00278442   
  11  -0.00000549    -0.11096446     0.15892655    -0.16722939     0.00205974    -0.00201888   
  12  -0.00000743    -0.11298746     0.14170066    -0.13979147     0.00043665    -0.00043155   
  13  -0.00000124     0.00808253    -0.04572222     0.06892288    -0.00181245     0.00177364   
  14  -0.00000505     0.10429876    -0.20725323     0.25007005     0.00327018    -0.00316614   
  15   0.00000024     0.00808418    -0.04572515     0.06893318     0.00182129    -0.00177156   
  16   0.00000218    -0.11298182     0.14169365    -0.13978180    -0.00045457     0.00042742   
  17   0.00000115    -0.11096046     0.15892273    -0.16723147    -0.00208089     0.00201393   
  18   0.00000070    -0.11430425     0.14167470    -0.13045238    -0.00286101     0.00278065   
  19  -0.00000302     0.00716116    -0.04614874     0.07585876     0.00015713    -0.00014495   
  20  -0.00000746     0.16300488     0.15788843     0.07798877     0.00000653    -0.00000408   
  21  -0.00000718     0.10442575     0.20696556     0.25027895    -0.00312643    -0.00329263   
  22  -0.00000131     0.00716994     0.04608539     0.07592573    -0.00013947    -0.00015703   
  23   0.00000921    -0.11444278    -0.14147609    -0.13055511     0.00275028     0.00288288   
  24   0.00000809    -0.11109626    -0.15870321    -0.16737256     0.00198850     0.00209485   
  25   0.00001057    -0.11312228    -0.14150131    -0.13990704     0.00041814     0.00045414   
  26   0.00000184     0.00809263     0.04565973     0.06898653    -0.00175230    -0.00183581   
  27   0.00000425     0.10441249     0.20693957     0.25024332     0.00318055     0.00326136   
  28   0.00000036     0.00808975     0.04565132     0.06897058     0.00176721     0.00182719   
  29   0.00000095    -0.11311208    -0.14148861    -0.13989716    -0.00044838    -0.00043687   
  30   0.00000143    -0.11108366    -0.15868388    -0.16734877    -0.00202418    -0.00207431   
  31   0.00000247    -0.11442942    -0.14145704    -0.13052909    -0.00277688    -0.00286742   
  32   0.00000366     0.00716916     0.04608105     0.07592016     0.00015692     0.00014710   
  33   0.00528054    -0.10957099     0.12946710     0.05527201     0.37533807    -0.36333850   
  34   0.00228156     0.13404020    -0.01516471    -0.10664774     0.24326688    -0.23556711   
  35   0.00001143     0.37905982    -0.13064362    -0.24615676    -0.00001921    -0.00000459   
  36  -0.00227170     0.13403521    -0.01515736    -0.10659228    -0.24328522     0.23556630   
  37  -0.00527880    -0.10958132     0.12947946     0.05535911    -0.37532541     0.36334072   
  38  -0.00000419    -0.24761438     0.12909668     0.15037907     0.00001383     0.00000151   
  39   0.49994352     0.07494170    -0.14569204    -0.04213624     0.00117509     0.00663168   
  40   0.49995841     0.07506288     0.14562071    -0.04200266    -0.00140898     0.00660376   
  41   0.00002081    -0.00630903     0.26117631     0.00926688    -0.00000261     0.00000966   
  42  -0.49995221     0.07504666     0.14560794    -0.04199921     0.00139519    -0.00658882   
  43  -0.49996651     0.07492549    -0.14569369    -0.04213237    -0.00117998    -0.00664015   
  44  -0.00000917    -0.00654057    -0.26116358     0.00903976     0.00000496    -0.00001031   
  45  -0.00341967    -0.16749198    -0.00599049     0.11169757     0.23315478     0.24076386   
  46   0.00345365    -0.16749487    -0.00599156     0.11172723    -0.23312695    -0.24077765   
  47   0.00000327     0.00186025     0.04313893    -0.07288285     0.00022868    -0.00022640   
  48   0.00000761     0.14570154    -0.17956719     0.17065386    -0.00206108     0.00201972   
  49   0.00000144     0.00113245     0.04322341    -0.06718893     0.00168111    -0.00164566   
  50   0.00000085     0.00112950     0.04322752    -0.06720002    -0.00168971     0.00164365   
  51  -0.00000069     0.14569684    -0.17956339     0.17065634     0.00208236    -0.00201475   
  52  -0.00000095     0.00186045     0.04313628    -0.07287701    -0.00023859     0.00022412   
  53  -0.00000467     0.00186272    -0.04307786    -0.07294260     0.00021885     0.00023847   
  54  -0.00001175     0.14587589     0.17931593     0.17080065    -0.00198977    -0.00209578   
  55  -0.00000281     0.00113268    -0.04316587    -0.06725250     0.00162525     0.00170357   
  56  -0.00000221     0.00113514    -0.04315675    -0.06723584    -0.00163967    -0.00169511   
  57  -0.00000343     0.14585951     0.17929451     0.17077692     0.00202566     0.00207511   
  58  -0.00000042     0.00186258    -0.04307378    -0.07293725    -0.00023554    -0.00022893   
  59  -0.00344998    -0.16741408     0.00602696     0.11170832    -0.24078804     0.23311431   
  60   0.00343450    -0.16740523     0.00601829     0.11165110     0.24080402    -0.23311094   
           31             32             33             34             35             36       
   1  -0.00673045     0.00222810     0.00000588    -0.00147317     0.10756819     0.00321646   
   2  -0.02024992     0.00479350     0.00015782    -0.00003954     0.31416337    -0.00001385   
   3  -0.00673573     0.00221881     0.00010908     0.00145072     0.10755704    -0.00322651   
   4   0.00981103    -0.00093853     0.00002033     0.00242363    -0.14772366    -0.00553011   
   5   0.01397155    -0.00297356    -0.00010624     0.00002839    -0.21541312     0.00000929   
   6   0.00981974    -0.00092328    -0.00015124    -0.00237671    -0.14770593     0.00554209   
   7  -0.00038544    -0.00158845    -0.00000930    -0.00000598     0.01323759    -0.00000084   
   8  -0.01059416    -0.00524421     0.00129820    -0.00009730     0.17612374    -0.06727759   
   9  -0.17850305     0.16790266    -0.23825847     0.00975524     0.04582804    -0.02235010   
  10  -0.26248348     0.26180660    -0.36561359     0.01501297    -0.10251713     0.03185636   
  11   0.00770345     0.00247444     0.00051956     0.00000702    -0.11160188     0.04231791   
  12   0.27451100    -0.25805866     0.36654908    -0.01500749    -0.06839822     0.03193693   
  13   0.17148081    -0.17085547     0.23865194    -0.00979914     0.06733712    -0.02223074   
  14  -0.01058968    -0.00524536    -0.00125221     0.00000802     0.17617855     0.06726692   
  15   0.16835641    -0.16682706    -0.24368786     0.00966686     0.06734358     0.02222479   
  16   0.26969371    -0.25185113    -0.37435497     0.01489119    -0.06844355    -0.03193628   
  17   0.00768524     0.00249567    -0.00057891     0.00004976    -0.11163618    -0.04231108   
  18  -0.25769681     0.25563480     0.37332595    -0.01480877    -0.10252371    -0.03184647   
  19  -0.17537241     0.16386828     0.24333671    -0.00967905     0.04585867     0.02234974   
  20   0.00044218    -0.00157367    -0.00001514    -0.00000455    -0.01323773     0.00000217   
  21   0.01076264    -0.00485250    -0.00005287     0.00126554    -0.17619850    -0.43160677   
  22   0.17111303     0.17311454    -0.00934455    -0.23996219    -0.04585365    -0.14339176   
  23   0.25102075     0.26938874    -0.01423771    -0.36818543     0.10255086     0.20435220   
  24  -0.00777318     0.00219638     0.00008690     0.00055096     0.11164991     0.27148334   
  25  -0.26314769    -0.26606929     0.01437714     0.36916345     0.06843759     0.20490340   
  26  -0.16399592    -0.17580629     0.00929451     0.24032593    -0.06736104    -0.14260934   
  27   0.01078447    -0.00482445    -0.00015151    -0.00124076    -0.17615027     0.43167449   
  28  -0.16300856    -0.17433860    -0.01016436    -0.24201762    -0.06735702     0.14264590   
  29  -0.26164530    -0.26383258    -0.01551706    -0.37179045     0.06839701    -0.20491445   
  30  -0.00777981     0.00218854     0.00003992    -0.00057306     0.11161922    -0.27152555   
  31   0.24950921     0.26714143     0.01557378     0.37077835     0.10254612    -0.20440853   
  32   0.17013741     0.17166168     0.01008743     0.24167255    -0.04582609     0.14339899   
  33  -0.00976867    -0.00132905     0.00244697    -0.00013813     0.14783774    -0.00085201   
  34   0.00665996     0.00246774     0.00144153    -0.00004086    -0.10759747    -0.00048701   
  35   0.02007502     0.00556825    -0.00007504     0.00007100    -0.31432761     0.00001150   
  36   0.00664403     0.00249271    -0.00148125     0.00009184    -0.10762941     0.00049490   
  37  -0.00979522    -0.00128816    -0.00235176     0.00007759     0.14779045     0.00084102   
  38  -0.01386361    -0.00350887     0.00005438    -0.00004799     0.21553868    -0.00000788   
  39   0.00975355     0.00109263    -0.00006461     0.00005505    -0.14657344    -0.00005675   
  40  -0.00978076     0.00071522     0.00003930    -0.00000655     0.14648849    -0.00003668   
  41  -0.01623615    -0.00055102     0.00009172    -0.00004523     0.24182646    -0.00000920   
  42  -0.00977978     0.00071483     0.00008779    -0.00004155     0.14647958     0.00002501   
  43   0.00975370     0.00109242    -0.00003357     0.00000398    -0.14657107     0.00006766   
  44   0.01624320     0.00007662    -0.00009554     0.00004381    -0.24180304     0.00000929   
  45   0.00633289    -0.00225595     0.00000206     0.00160956    -0.10074887    -0.00360224   
  46   0.00633875    -0.00224581    -0.00011273    -0.00158941    -0.10073789     0.00361160   
  47   0.17218782    -0.16203799     0.23005724    -0.00941967    -0.04308968     0.02101782   
  48  -0.00755435    -0.00240910    -0.00054777    -0.00000525     0.10799431    -0.04036787   
  49  -0.16691467     0.16626183    -0.23243440     0.00954362    -0.06479343     0.02098883   
  50  -0.16387108     0.16233786     0.23733483    -0.00941512    -0.06479986    -0.02098332   
  51  -0.00753582    -0.00243075     0.00060592    -0.00005031     0.10802766     0.04036141   
  52   0.16916226    -0.15813995    -0.23495309     0.00934555    -0.04311862    -0.02101735   
  53  -0.16505687    -0.16706549     0.00902253     0.23170276     0.04311422     0.13484625   
  54   0.00762155    -0.00213710    -0.00008655    -0.00057795    -0.10804111    -0.25897510   
  55   0.15963159     0.17108170    -0.00905298    -0.23406612     0.06481733     0.13464525   
  56   0.15866808     0.16965025     0.00989881     0.23570957     0.06481278    -0.13467835   
  57   0.00762814    -0.00212944    -0.00003749     0.00060006    -0.10801180     0.25901633   
  58  -0.16411410    -0.16566186    -0.00974032    -0.23335206     0.04308798    -0.13485253   
  59  -0.00626255    -0.00247860    -0.00158155     0.00004720     0.10077304     0.00054790   
  60  -0.00624464    -0.00250579     0.00161637    -0.00009611     0.10080173    -0.00055519   
           37             38             39       
   1   0.00051801     0.09069247     0.09146229   
   2   0.00001513     0.01969942     0.02616366   
   3  -0.00050824     0.09069230     0.09146213   
   4  -0.00088674     0.00758738     0.00005244   
   5  -0.00001053    -0.07011373    -0.07055409   
   6   0.00087098     0.00758777     0.00005284   
   7   0.00000496    -0.65035283     0.64403865   
   8   0.43165168     0.04011661    -0.03933978   
   9   0.14340317     0.08908061    -0.08819254   
  10  -0.20438064    -0.00989704     0.00971696   
  11  -0.27151018    -0.06546573     0.06480314   
  12  -0.20491545    -0.00948558     0.00931647   
  13   0.14262619     0.08897147    -0.08808512   
  14  -0.43163399     0.04011401    -0.03933723   
  15  -0.14260618     0.08896773    -0.08808141   
  16   0.20493284    -0.00948476     0.00931567   
  17   0.27149815    -0.06546182     0.06479927   
  18   0.20434369    -0.00989656     0.00971650   
  19  -0.14341600     0.08907592    -0.08818788   
  20   0.00000019    -0.64381075    -0.65055071   
  21  -0.06727523     0.03971349     0.03973804   
  22  -0.02235112     0.08817807     0.08907776   
  23   0.03185189    -0.00979758    -0.00981533   
  24   0.04231640    -0.06480354    -0.06545469   
  25   0.03193936    -0.00938999    -0.00941052   
  26  -0.02222819     0.08807189     0.08897115   
  27   0.06726828     0.03970925     0.03973380   
  28   0.02222761     0.08806243     0.08896157   
  29  -0.03193364    -0.00938935    -0.00940987   
  30  -0.04231201    -0.06479628    -0.06544736   
  31  -0.03185152    -0.00979653    -0.00981428   
  32   0.02234701     0.08816878     0.08906837   
  33   0.00554442     0.00758868     0.00002736   
  34   0.00321231     0.09155799    -0.09049117   
  35  -0.00002366     0.01994540    -0.02595084   
  36  -0.00323006     0.09155862    -0.09049178   
  37  -0.00552499     0.00758827     0.00002774   
  38   0.00001580    -0.07077909     0.06980101   
  39  -0.00006164     0.01788811    -0.01671642   
  40  -0.00006726     0.01771456     0.01689183   
  41   0.00001434    -0.01686033     0.01224132   
  42   0.00008310     0.01771370     0.01689102   
  43   0.00004290     0.01788739    -0.01671570   
  44  -0.00001396    -0.01673260    -0.01240669   
  45  -0.00057703    -0.04663548    -0.04674354   
  46   0.00056813    -0.04663500    -0.04674306   
  47  -0.13485554    -0.04571394     0.04520094   
  48   0.25899918     0.03306390    -0.03269796   
  49  -0.13465804    -0.04585803     0.04534197   
  50   0.13464009    -0.04585617     0.04534012   
  51  -0.25898809     0.03306184    -0.03269592   
  52   0.13486674    -0.04571109     0.04519812   
  53   0.02101917    -0.04525202    -0.04565589   
  54  -0.04036680     0.03272969     0.03302695   
  55   0.02098685    -0.04539536    -0.04579906   
  56  -0.02098600    -0.04539028    -0.04579392   
  57   0.04036274     0.03272635     0.03302359   
  58  -0.02101525    -0.04524724    -0.04565108   
  59  -0.00359764    -0.04707694     0.04624341   
  60   0.00361435    -0.04707675     0.04624322   

