                    ---------------------------------
                    | Radical ExROPPP Calculation |
                    ---------------------------------

Molecule: TTM-Ph-TTM.xyz radical

--------------------------------
Cartesian Coordinates / Angstrom
--------------------------------

Cl -5.81388 1.59847 2.20776
C -5.00201 0.73840 0.93723
C -5.75109 -0.00009 -0.00007
C -5.00201 -0.73859 -0.93736
Cl -5.81386 -1.59861 -2.20794
C -3.61329 -0.74603 -0.94263
H -3.09604 -1.30663 -1.72082
C -2.89695 -0.00011 -0.00005
C -3.61329 0.74582 0.94252
H -3.09604 1.30642 1.72071
C 7.22149 -0.00001 0.00002
C 7.95671 1.27504 -0.01227
C 7.70340 2.27020 -0.97682
Cl 6.57038 1.96998 -2.25380
C 8.38250 3.48330 -0.99699
C 9.35526 3.72399 -0.03198
Cl 10.21123 5.22863 -0.04401
C 9.65024 2.77522 0.94200
C 8.95036 1.57362 0.94068
Cl 9.27518 0.46015 2.22876
C 7.95679 -1.27502 0.01229
C 8.95043 -1.57354 -0.94068
Cl 9.27515 -0.46008 -2.22879
C 9.65039 -2.77510 -0.94201
C 9.35549 -3.72388 0.03198
Cl 10.21157 -5.22846 0.04401
C 8.38275 -3.48325 0.99702
C 7.70357 -2.27019 0.97686
Cl 6.57057 -1.97003 2.25388
C -7.22144 -0.00003 -0.00007
C -7.95685 -1.27500 0.01018
C -7.70368 -2.27175 0.97312
Cl -6.57051 -1.97373 2.25048
C -8.38294 -3.48479 0.99131
C -9.35570 -3.72379 0.02588
Cl -10.21183 -5.22836 0.03537
C -9.65054 -2.77340 -0.94655
C -8.95050 -1.57190 -0.94327
Cl -9.27508 -0.45639 -2.22964
C -7.95672 1.27501 -0.01022
C -8.95020 1.57203 0.94338
Cl -9.27472 0.45657 2.22981
C -9.65011 2.77361 0.94675
C -9.35530 3.72396 -0.02573
Cl -10.21124 5.22863 -0.03510
C -8.38270 3.48485 -0.99130
C -7.70357 2.27173 -0.97320
Cl -6.57064 1.97358 -2.25074
H 8.16571 4.22017 -1.76817
H 10.40014 2.97221 1.70613
H 10.40028 -2.97205 -1.70616
H 8.16603 -4.22012 1.76821
H -8.16622 -4.22296 1.76127
H -10.39985 2.96937 1.71134
H -8.16601 4.22299 -1.76129
H -10.40042 -2.96907 -1.71104
C 3.61331 0.74697 0.94167
C 5.00203 0.73961 0.93636
C 5.75112 -0.00004 0.00001
C 5.00206 -0.73971 -0.93636
C 3.61334 -0.74711 -0.94169
C 2.89695 -0.00008 -0.00002
H 3.09611 1.30846 1.71924
Cl 5.81394 1.60126 2.20580
Cl 5.81402 -1.60136 -2.20578
H 3.09617 -1.30863 -1.71926
C 0.69498 -1.15340 -0.34226
C -0.69499 -1.15340 -0.34230
C -1.41453 -0.00011 -0.00005
C -0.69500 1.15319 0.34222
C 0.69496 1.15321 0.34219
C 1.41453 -0.00010 -0.00003
H 1.23107 -2.07398 -0.57906
H -1.23111 -2.07395 -0.57919
H -1.23114 2.07372 0.57910
H 1.23104 2.07379 0.57901

There are 60 heavy atoms.
There are 76 electrons in 60 orbitals.


Carbon 1e params: A = -22.717075 b = 1.705616

Nitrogen 1e params: alphan2 = -17.681338 Acn2 = -24.737202 bcn2 = 1.433639

Chlorine 1e params: alphacl = -10.335674 Accl = -26.021937 bccl=1.451861
C-Cl bond
C-Cl bond
C-Cl bond
C-Cl bond
C-Cl bond
C-Cl bond
C-Cl bond
C-Cl bond
C-Cl bond
C-Cl bond
C-Cl bond
C-Cl bond
C-Cl bond
C-Cl bond
C-Cl bond
C-Cl bond
Cl atom 45
Cl atom 46
Cl atom 47
Cl atom 48
Cl atom 49
Cl atom 50
Cl atom 51
Cl atom 52
Cl atom 53
Cl atom 54
Cl atom 55
Cl atom 56
Cl atom 57
Cl atom 58
Cl atom 59
Cl atom 60

Carbon 2e params: U = 8.420838 r0 = 1.173157

Nitrogen 2e params: Un2n2 = 17.979843 r0n2n2 = 1.111791

Chlorine 2e params: Uclcl= 9.642991 r0clcl = 2.253316

Mixed 2e params: Ucn2 = 13.200341 Uccl = 9.031915 Un2cl = 13.811417 r0cn2 =1.142474 r0ccl = 1.713237 r0n2cl = 1.682554
[8.42083845 3.82599511 2.77522411 2.50614167 2.74957781 3.85609843
 0.73423614 0.69679636 0.69999444 0.65980902 0.62251024 0.61873851
 0.65205519 0.68987113 0.63983022 0.60393519 0.60848541 0.64958866
 0.69422796 2.67504127 2.02979632 1.89322243 1.50062464 1.32183794
 1.35400978 1.61439437 2.28567956 1.89673722 1.58131561 1.51078206
 1.6640517  2.0495891  1.00924377 0.88384993 0.82377686 0.86219452
 0.97663904 1.07828552 1.35126812 1.6333594  1.9941854  1.78294488
 1.42839729 1.28303167 4.48637742 2.70765465 1.12287421 0.87891318
 0.96401454 0.94431649 0.85587623 1.13185125 3.02792717 1.59761753
 2.15980415 2.50139517 1.78701946 2.82636495 1.22443998 1.17073903]
FCIDUMP file in AO basis written to FCIDUMP/FCIDUMP_AO_TTM-Ph-TTM


-------------------------------------
Using converged orbitals from CSF-ROHF calculation
-------------------------------------

orbital number 1
[0.09 0.08 0.09 0.05 0.05 0.05 0.05 0.14 0.18 0.13 0.17 0.13 0.17 0.14
 0.17 0.13 0.17 0.13 0.18 0.05 0.14 0.18 0.13 0.17 0.13 0.17 0.14 0.17
 0.13 0.17 0.13 0.18 0.05 0.09 0.08 0.09 0.05 0.05 0.02 0.02 0.03 0.02
 0.02 0.03 0.09 0.09 0.17 0.16 0.17 0.17 0.16 0.17 0.17 0.17 0.17 0.17
 0.17 0.17 0.09 0.09]
orbital number 2
[ 0.08  0.07  0.08  0.04  0.04  0.04 -0.05 -0.14 -0.18 -0.13 -0.17 -0.13
 -0.18 -0.14 -0.18 -0.13 -0.17 -0.13 -0.18  0.05  0.14  0.18  0.13  0.17
  0.13  0.18  0.14  0.18  0.13  0.17  0.13  0.18 -0.04 -0.08 -0.07 -0.08
 -0.04 -0.04 -0.    0.    0.01  0.   -0.   -0.01  0.07  0.07 -0.17 -0.17
 -0.17 -0.17 -0.17 -0.17  0.17  0.17  0.17  0.17  0.17  0.17 -0.07 -0.07]
orbital number 3
[-0.    0.    0.    0.    0.   -0.   -0.    0.    0.    0.    0.    0.
  0.   -0.   -0.   -0.   -0.   -0.   -0.    0.    0.18  0.25  0.2   0.26
  0.2   0.25 -0.18 -0.25 -0.2  -0.26 -0.2  -0.25  0.    0.    0.    0.
  0.    0.    0.    0.    0.    0.    0.    0.   -0.    0.    0.    0.
  0.   -0.   -0.   -0.    0.25  0.26  0.25 -0.25 -0.26 -0.25  0.   -0.  ]
orbital number 4
[-0.   -0.   -0.   -0.   -0.   -0.   -0.    0.18  0.25  0.2   0.26  0.2
  0.25 -0.18 -0.25 -0.2  -0.26 -0.2  -0.25  0.   -0.   -0.   -0.   -0.
 -0.   -0.    0.    0.    0.    0.    0.    0.    0.    0.   -0.   -0.
 -0.   -0.   -0.   -0.   -0.   -0.   -0.   -0.   -0.   -0.    0.25  0.26
  0.25 -0.25 -0.26 -0.25 -0.   -0.   -0.    0.    0.    0.    0.   -0.  ]
orbital number 5
[-0.27 -0.21 -0.27 -0.17 -0.16 -0.17 -0.02  0.03  0.05  0.04  0.06  0.04
  0.05  0.03  0.05  0.04  0.06  0.04  0.05 -0.02  0.03  0.05  0.04  0.06
  0.04  0.05  0.03  0.05  0.04  0.06  0.04  0.05 -0.17 -0.27 -0.21 -0.27
 -0.17 -0.16 -0.07 -0.07 -0.1  -0.07 -0.07 -0.1  -0.28 -0.28  0.06  0.06
  0.05  0.05  0.06  0.06  0.06  0.06  0.05  0.05  0.06  0.06 -0.28 -0.28]
orbital number 6
[-0.28 -0.22 -0.28 -0.17 -0.15 -0.17  0.02 -0.03 -0.04 -0.04 -0.05 -0.04
 -0.04 -0.03 -0.04 -0.04 -0.05 -0.04 -0.04 -0.02  0.03  0.04  0.04  0.05
  0.04  0.04  0.03  0.04  0.04  0.05  0.04  0.04  0.17  0.28  0.22  0.28
  0.17  0.15  0.02 -0.02 -0.05 -0.02  0.02  0.05 -0.29 -0.29 -0.05 -0.05
 -0.05 -0.05 -0.05 -0.05  0.05  0.05  0.05  0.05  0.05  0.05  0.29  0.29]
orbital number 7
[-0.29  0.    0.29  0.13 -0.   -0.13  0.    0.    0.    0.   -0.   -0.
 -0.   -0.    0.    0.    0.   -0.   -0.    0.    0.    0.    0.   -0.
 -0.   -0.   -0.    0.    0.    0.   -0.   -0.    0.09  0.2   0.   -0.2
 -0.09 -0.    0.   -0.   -0.    0.   -0.   -0.   -0.49  0.49  0.   -0.
 -0.    0.    0.   -0.    0.   -0.   -0.    0.    0.   -0.    0.33 -0.33]
orbital number 8
[-0.2  -0.    0.2   0.09  0.   -0.09 -0.   -0.   -0.   -0.    0.    0.
  0.    0.   -0.   -0.   -0.    0.    0.   -0.    0.    0.    0.   -0.
 -0.   -0.   -0.    0.    0.    0.   -0.   -0.   -0.13 -0.29 -0.    0.29
  0.13  0.   -0.   -0.    0.    0.    0.    0.   -0.33  0.33 -0.    0.
  0.   -0.   -0.    0.    0.   -0.   -0.    0.    0.   -0.   -0.49  0.49]
orbital number 9
[ 0.05  0.05  0.05 -0.03 -0.12 -0.03  0.02  0.05  0.12  0.   -0.11 -0.05
 -0.01  0.05 -0.01 -0.05 -0.11  0.    0.12  0.02  0.05  0.12  0.   -0.11
 -0.05 -0.01  0.05 -0.01 -0.05 -0.11  0.    0.12 -0.03  0.05  0.05  0.05
 -0.03 -0.12 -0.28 -0.28 -0.3  -0.28 -0.28 -0.3   0.09  0.09  0.2  -0.19
 -0.02 -0.02 -0.19  0.2   0.2  -0.19 -0.02 -0.02 -0.19  0.2   0.09  0.09]
orbital number 10
[-0.    0.   -0.   -0.   -0.   -0.   -0.01 -0.04 -0.2  -0.04  0.1   0.09
  0.11 -0.04  0.11  0.09  0.1  -0.04 -0.2   0.01  0.04  0.2   0.04 -0.1
 -0.09 -0.11  0.04 -0.11 -0.09 -0.1   0.04  0.2   0.    0.   -0.    0.
  0.    0.    0.   -0.   -0.   -0.    0.    0.   -0.01 -0.01 -0.34  0.16
  0.19  0.18  0.16 -0.34  0.34 -0.16 -0.18 -0.19 -0.16  0.34  0.01  0.01]
orbital number 11
[-0.03 -0.02 -0.02  0.01  0.05  0.01 -0.    0.02  0.25  0.09 -0.04 -0.11
 -0.21 -0.01  0.01  0.01  0.02 -0.   -0.03 -0.   -0.01 -0.02 -0.    0.02
  0.01  0.    0.02 -0.2  -0.11 -0.04  0.09  0.24  0.01 -0.03 -0.02 -0.02
  0.01  0.05  0.13  0.13  0.14  0.13  0.13  0.14 -0.05 -0.04  0.44 -0.08
 -0.36  0.02  0.04 -0.05 -0.03  0.03  0.   -0.34 -0.07  0.42 -0.05 -0.04]
orbital number 12
[ 0.01  0.    0.   -0.   -0.01 -0.    0.    0.02  0.18  0.06 -0.04 -0.08
 -0.14 -0.02  0.18  0.1   0.05 -0.08 -0.23  0.    0.01  0.15  0.05 -0.04
 -0.07 -0.12 -0.02  0.15  0.08  0.04 -0.06 -0.19 -0.    0.    0.    0.01
 -0.   -0.01 -0.02 -0.02 -0.02 -0.02 -0.02 -0.02  0.01  0.    0.32 -0.08
 -0.24  0.3   0.08 -0.39  0.26 -0.06 -0.2   0.26  0.07 -0.33  0.    0.01]
orbital number 13
[ 0.02  0.02  0.03 -0.01 -0.05 -0.01  0.    0.01 -0.01 -0.01 -0.01  0.
  0.02 -0.01  0.18  0.09  0.04 -0.08 -0.22  0.   -0.02 -0.27 -0.1   0.05
  0.12  0.23  0.01 -0.03 -0.02 -0.03  0.01  0.05 -0.01  0.02  0.02  0.03
 -0.01 -0.05 -0.13 -0.13 -0.14 -0.13 -0.13 -0.14  0.04  0.05 -0.01 -0.02
  0.03  0.31  0.06 -0.37 -0.47  0.08  0.38 -0.04 -0.04  0.09  0.04  0.05]
orbital number 14
[ 0.   -0.    0.    0.    0.01  0.    0.03  0.08  0.01 -0.08 -0.18 -0.
  0.17  0.08  0.17 -0.   -0.18 -0.08  0.01 -0.03 -0.08 -0.01  0.07  0.18
  0.   -0.17 -0.08 -0.17  0.    0.18  0.08 -0.01 -0.   -0.    0.   -0.
 -0.   -0.01 -0.    0.    0.    0.   -0.   -0.    0.01  0.01  0.01 -0.3
  0.29  0.29 -0.3   0.01 -0.01  0.3  -0.29 -0.29  0.3  -0.01 -0.01 -0.01]
orbital number 15
[-0.04 -0.03 -0.04  0.01  0.06  0.01  0.02  0.08  0.03 -0.06 -0.17 -0.01
  0.14  0.08  0.14 -0.01 -0.17 -0.06  0.03  0.02  0.08  0.03 -0.06 -0.17
 -0.01  0.14  0.08  0.14 -0.01 -0.17 -0.06  0.03  0.01 -0.04 -0.03 -0.04
  0.01  0.06  0.16  0.16  0.17  0.16  0.16  0.17 -0.07 -0.07  0.04 -0.29
  0.24  0.24 -0.29  0.04  0.04 -0.29  0.24  0.24 -0.29  0.04 -0.07 -0.07]
orbital number 16
[-0.    0.    0.    0.   -0.   -0.   -0.    0.11  0.09 -0.08 -0.27 -0.03
  0.19 -0.11 -0.19  0.03  0.27  0.08 -0.09 -0.   -0.02 -0.02  0.02  0.06
  0.01 -0.04  0.02  0.04 -0.01 -0.06 -0.02  0.02 -0.   -0.    0.    0.
  0.   -0.   -0.   -0.   -0.   -0.   -0.   -0.   -0.    0.    0.15 -0.46
  0.33 -0.33  0.46 -0.15 -0.03  0.1  -0.07  0.07 -0.1   0.03 -0.    0.  ]
orbital number 17
[ 0.   -0.   -0.   -0.    0.    0.   -0.    0.02  0.02 -0.02 -0.06 -0.01
  0.04 -0.02 -0.04  0.01  0.06  0.02 -0.02  0.    0.11  0.09 -0.08 -0.27
 -0.03  0.19 -0.11 -0.19  0.03  0.27  0.08 -0.09 -0.   -0.   -0.    0.
  0.    0.    0.    0.    0.    0.    0.    0.    0.   -0.    0.03 -0.1
  0.07 -0.07  0.1  -0.03  0.15 -0.46  0.33 -0.33  0.46 -0.15 -0.    0.  ]
orbital number 18
[-0.01  0.   -0.01  0.23  0.39  0.23 -0.    0.    0.    0.   -0.    0.
  0.    0.    0.    0.   -0.    0.    0.    0.   -0.   -0.   -0.    0.
 -0.   -0.   -0.   -0.   -0.    0.   -0.   -0.   -0.23  0.01 -0.    0.01
 -0.23 -0.39 -0.11  0.11  0.29  0.11 -0.11 -0.29 -0.26 -0.26 -0.   -0.
 -0.   -0.   -0.   -0.    0.    0.    0.    0.    0.    0.    0.26  0.26]
orbital number 19
[-0.05 -0.1  -0.05 -0.27 -0.33 -0.27 -0.03 -0.02 -0.   -0.    0.   -0.
 -0.   -0.02 -0.   -0.    0.   -0.   -0.   -0.03 -0.02 -0.   -0.    0.
 -0.   -0.   -0.02 -0.   -0.    0.   -0.   -0.   -0.27 -0.05 -0.1  -0.05
 -0.27 -0.33  0.15  0.15  0.07  0.15  0.15  0.07  0.3   0.3   0.02  0.
  0.02  0.02  0.    0.02  0.02  0.    0.02  0.02  0.    0.02  0.3   0.3 ]
orbital number 20
[ 0.04  0.12  0.04 -0.   -0.04 -0.   -0.13 -0.2  -0.09 -0.13 -0.06 -0.13
 -0.09 -0.2  -0.09 -0.13 -0.06 -0.13 -0.09  0.13  0.2   0.09  0.13  0.06
  0.13  0.09  0.2   0.09  0.13  0.06  0.13  0.09  0.   -0.04 -0.12 -0.04
  0.    0.04  0.03 -0.03 -0.07 -0.03  0.03  0.07 -0.08 -0.08  0.23  0.18
  0.23  0.23  0.18  0.23 -0.23 -0.18 -0.23 -0.23 -0.18 -0.23  0.08  0.08]
orbital number 21
[ 0.01  0.07  0.01 -0.04 -0.07 -0.04  0.12  0.2   0.09  0.13  0.07  0.13
  0.09  0.2   0.09  0.13  0.07  0.13  0.09  0.12  0.2   0.09  0.13  0.07
  0.13  0.09  0.2   0.09  0.13  0.07  0.13  0.09 -0.04  0.01  0.07  0.01
 -0.04 -0.07  0.02  0.02  0.    0.02  0.02  0.   -0.02 -0.02 -0.23 -0.18
 -0.23 -0.23 -0.18 -0.23 -0.23 -0.18 -0.23 -0.23 -0.18 -0.23 -0.02 -0.02]
orbital number 22
[ 0.   -0.   -0.   -0.   -0.    0.    0.    0.22  0.13  0.24  0.14  0.23
  0.13 -0.22 -0.13 -0.23 -0.14 -0.24 -0.13 -0.    0.    0.    0.    0.
  0.    0.   -0.   -0.   -0.   -0.   -0.   -0.   -0.   -0.    0.    0.
  0.   -0.    0.    0.    0.   -0.   -0.   -0.   -0.    0.   -0.3  -0.32
 -0.3   0.3   0.32  0.3  -0.   -0.   -0.    0.    0.    0.    0.   -0.  ]
orbital number 23
[-0.    0.    0.    0.   -0.   -0.    0.    0.    0.    0.    0.    0.
  0.   -0.   -0.   -0.   -0.   -0.   -0.    0.   -0.22 -0.13 -0.24 -0.14
 -0.23 -0.13  0.22  0.13  0.23  0.14  0.24  0.13 -0.   -0.   -0.    0.
  0.   -0.    0.    0.   -0.   -0.   -0.    0.    0.   -0.   -0.   -0.
 -0.    0.    0.    0.    0.3   0.32  0.3  -0.3  -0.32 -0.3   0.    0.  ]
orbital number 24
[-0.14 -0.31 -0.14 -0.07  0.07 -0.07  0.08 -0.   -0.02 -0.08 -0.06 -0.07
 -0.02 -0.   -0.02 -0.07 -0.06 -0.08 -0.02 -0.08  0.    0.02  0.08  0.06
  0.07  0.02  0.    0.02  0.07  0.06  0.08  0.02  0.07  0.14  0.31  0.14
  0.07 -0.07 -0.16  0.16  0.33  0.16 -0.16 -0.33  0.24  0.24  0.05  0.1
  0.05  0.05  0.1   0.05 -0.05 -0.1  -0.05 -0.05 -0.1  -0.05 -0.24 -0.24]
orbital number 25
[ 0.   -0.   -0.   -0.01  0.    0.01  0.    0.    0.   -0.   -0.   -0.
 -0.   -0.    0.    0.    0.    0.   -0.   -0.   -0.   -0.    0.    0.
  0.    0.    0.    0.    0.    0.    0.    0.    0.01  0.    0.   -0.
 -0.01 -0.    0.5   0.5   0.   -0.5  -0.5  -0.   -0.    0.    0.    0.
  0.    0.   -0.   -0.   -0.   -0.   -0.   -0.   -0.   -0.   -0.    0.  ]
orbital number 26
[-0.13 -0.38 -0.13  0.11  0.25  0.11 -0.16 -0.1  -0.01  0.11  0.11  0.11
 -0.01 -0.1  -0.01  0.11  0.11  0.11 -0.01 -0.16 -0.1  -0.01  0.11  0.11
  0.11 -0.01 -0.1  -0.01  0.11  0.11  0.11 -0.01  0.11 -0.13 -0.38 -0.13
  0.11  0.25 -0.07 -0.08  0.01 -0.08 -0.07  0.01  0.17  0.17 -0.   -0.15
 -0.   -0.   -0.15 -0.   -0.   -0.15 -0.   -0.   -0.15 -0.    0.17  0.17]
orbital number 27
[ 0.02  0.13  0.02 -0.13 -0.13 -0.13 -0.16 -0.21 -0.05  0.14  0.16  0.14
 -0.05 -0.21 -0.05  0.14  0.16  0.14 -0.05  0.16  0.21  0.05 -0.14 -0.16
 -0.14  0.05  0.21  0.05 -0.14 -0.16 -0.14  0.05  0.13 -0.02 -0.13 -0.02
  0.13  0.13 -0.15  0.15  0.26  0.15 -0.15 -0.26 -0.01 -0.01  0.04 -0.18
  0.04  0.04 -0.18  0.04 -0.04  0.18 -0.04 -0.04  0.18 -0.04  0.01  0.01]
orbital number 28
[-0.11 -0.25 -0.11  0.06  0.15  0.06  0.08  0.25  0.08 -0.13 -0.17 -0.14
  0.07  0.25  0.07 -0.14 -0.17 -0.13  0.08  0.08  0.25  0.08 -0.13 -0.17
 -0.14  0.07  0.25  0.07 -0.14 -0.17 -0.13  0.08  0.06 -0.11 -0.25 -0.11
  0.06  0.15 -0.04 -0.04  0.01 -0.04 -0.04  0.01  0.11  0.11 -0.07  0.17
 -0.07 -0.07  0.17 -0.07 -0.07  0.17 -0.07 -0.07  0.17 -0.07  0.11  0.11]
orbital number 29
[-0.24 -0.    0.24  0.36  0.   -0.36  0.   -0.   -0.    0.    0.    0.
 -0.    0.    0.   -0.   -0.   -0.    0.    0.   -0.   -0.    0.    0.
  0.   -0.    0.    0.   -0.   -0.   -0.    0.    0.38  0.24 -0.   -0.24
 -0.38  0.    0.   -0.   -0.    0.   -0.    0.    0.23 -0.23  0.   -0.
  0.   -0.    0.   -0.    0.   -0.    0.   -0.    0.   -0.   -0.24  0.24]
orbital number 30
[-0.24  0.    0.24  0.38 -0.   -0.38  0.    0.    0.   -0.   -0.   -0.
  0.   -0.   -0.    0.    0.    0.   -0.   -0.   -0.   -0.    0.    0.
  0.   -0.    0.    0.   -0.   -0.   -0.    0.   -0.36 -0.24 -0.    0.24
  0.36  0.    0.01  0.01  0.   -0.01 -0.01 -0.    0.24 -0.24 -0.    0.
 -0.    0.   -0.    0.    0.   -0.    0.   -0.    0.   -0.    0.23 -0.23]
orbital number 31
[ 0.01  0.02  0.01 -0.01 -0.01 -0.01  0.    0.01  0.18  0.26 -0.01 -0.27
 -0.17  0.01 -0.17 -0.27 -0.01  0.26  0.18 -0.   -0.01 -0.17 -0.25  0.01
  0.26  0.16 -0.01  0.16  0.26  0.01 -0.25 -0.17  0.01 -0.01 -0.02 -0.01
  0.01  0.01 -0.01  0.01  0.02  0.01 -0.01 -0.02 -0.01 -0.01 -0.17  0.01
  0.17  0.16  0.01 -0.17  0.17 -0.01 -0.16 -0.16 -0.01  0.16  0.01  0.01]
orbital number 32
[ 0.    0.    0.   -0.   -0.   -0.   -0.   -0.01  0.17  0.26  0.   -0.26
 -0.17 -0.01 -0.17 -0.25  0.    0.26  0.16 -0.   -0.    0.17  0.27  0.
 -0.27 -0.18 -0.   -0.17 -0.26  0.    0.27  0.17 -0.    0.    0.01  0.
 -0.   -0.    0.    0.   -0.    0.    0.    0.   -0.   -0.   -0.16 -0.
  0.17  0.16 -0.   -0.16 -0.17 -0.    0.17  0.17 -0.   -0.17 -0.   -0.  ]
orbital number 33
[-0.   -0.   -0.   -0.    0.    0.    0.   -0.    0.24  0.37 -0.   -0.37
 -0.24  0.    0.24  0.37  0.   -0.37 -0.24  0.    0.    0.01  0.01 -0.
 -0.01 -0.01  0.    0.01  0.02 -0.   -0.02 -0.01 -0.   -0.    0.    0.
  0.   -0.    0.   -0.   -0.   -0.    0.    0.   -0.    0.   -0.23  0.
  0.23 -0.24 -0.    0.23 -0.01  0.    0.01 -0.01  0.    0.01  0.   -0.  ]
orbital number 34
[ 0.    0.   -0.   -0.   -0.    0.    0.    0.   -0.01 -0.01 -0.    0.01
  0.01 -0.   -0.01 -0.01 -0.    0.01  0.01  0.   -0.    0.24  0.37 -0.
 -0.37 -0.24  0.    0.24  0.37  0.   -0.37 -0.24  0.    0.   -0.   -0.
 -0.    0.   -0.    0.    0.    0.   -0.   -0.   -0.    0.    0.01  0.
 -0.01  0.01  0.   -0.01 -0.23  0.    0.23 -0.24 -0.    0.23 -0.    0.  ]
orbital number 35
[ 0.11  0.31  0.11 -0.15 -0.22 -0.15  0.01  0.18  0.05 -0.1  -0.11 -0.07
  0.07  0.18  0.07 -0.07 -0.11 -0.1   0.05 -0.01 -0.18 -0.05  0.1   0.11
  0.07 -0.07 -0.18 -0.07  0.07  0.11  0.1  -0.05  0.15 -0.11 -0.31 -0.11
  0.15  0.22 -0.15  0.15  0.24  0.15 -0.15 -0.24 -0.1  -0.1  -0.04  0.11
 -0.06 -0.06  0.11 -0.04  0.04 -0.11  0.06  0.06 -0.11  0.04  0.1   0.1 ]
orbital number 36
[ 0.   -0.   -0.   -0.01  0.    0.01 -0.   -0.06 -0.02  0.03  0.04  0.03
 -0.02  0.06  0.02 -0.03 -0.04 -0.03  0.02  0.   -0.43 -0.14  0.2   0.27
  0.21 -0.14  0.43  0.14 -0.21 -0.27 -0.2   0.14 -0.   -0.    0.    0.
  0.   -0.   -0.   -0.   -0.    0.    0.    0.   -0.    0.    0.02 -0.04
  0.02 -0.02  0.04 -0.02  0.14 -0.26  0.13 -0.13  0.26 -0.14  0.   -0.  ]
orbital number 37
[ 0.    0.   -0.   -0.   -0.    0.    0.    0.43  0.14 -0.2  -0.27 -0.21
  0.14 -0.43 -0.14  0.21  0.27  0.2  -0.14  0.   -0.06 -0.02  0.03  0.04
  0.03 -0.02  0.06  0.02 -0.03 -0.04 -0.03  0.02  0.01  0.   -0.   -0.
 -0.01  0.   -0.   -0.    0.    0.    0.   -0.   -0.    0.   -0.14  0.26
 -0.13  0.13 -0.26  0.14  0.02 -0.04  0.02 -0.02  0.04 -0.02 -0.    0.  ]
orbital number 38
[-0.13 -0.03 -0.13 -0.01  0.1  -0.01 -0.   -0.    0.    0.   -0.    0.
  0.   -0.    0.    0.   -0.    0.    0.    0.92 -0.06 -0.13  0.01  0.09
  0.01 -0.13 -0.06 -0.13  0.01  0.09  0.01 -0.13 -0.01 -0.    0.   -0.
 -0.01  0.   -0.   -0.02  0.   -0.02 -0.    0.02  0.07  0.07  0.   -0.
  0.    0.   -0.    0.    0.06 -0.05  0.06  0.06 -0.05  0.06  0.    0.  ]
orbital number 39
[-0.    0.   -0.   -0.01  0.   -0.01  0.92 -0.06 -0.13  0.01  0.09  0.01
 -0.13 -0.06 -0.13  0.01  0.09  0.01 -0.13 -0.   -0.    0.    0.   -0.
  0.    0.   -0.    0.    0.   -0.    0.    0.   -0.01 -0.13 -0.03 -0.13
 -0.01  0.1  -0.02 -0.    0.02 -0.   -0.02  0.    0.    0.    0.06 -0.05
  0.06  0.06 -0.05  0.06  0.   -0.    0.    0.   -0.    0.    0.07  0.07]
orbital number 40
[-0.08  0.25 -0.08 -0.21  0.24 -0.21 -0.05 -0.03  0.03  0.01 -0.04  0.01
  0.03 -0.03  0.03  0.01 -0.04  0.01  0.03 -0.05 -0.03  0.03  0.01 -0.04
  0.01  0.03 -0.03  0.03  0.01 -0.04  0.01  0.03 -0.21 -0.08  0.25 -0.08
 -0.21  0.24 -0.23 -0.23  0.4  -0.23 -0.23  0.4   0.04  0.04 -0.01  0.01
 -0.01 -0.01  0.01 -0.01 -0.01  0.01 -0.01 -0.01  0.01 -0.01  0.04  0.04]
orbital number 41
[ 0.03  0.   -0.03  0.02  0.   -0.02  0.    0.   -0.    0.    0.   -0.
  0.    0.   -0.    0.    0.   -0.    0.   -0.   -0.   -0.    0.   -0.
 -0.    0.   -0.   -0.    0.   -0.   -0.    0.    0.02 -0.03 -0.    0.03
 -0.02 -0.    0.5  -0.5   0.    0.5  -0.5  -0.   -0.01  0.01  0.   -0.
 -0.    0.   -0.   -0.    0.    0.   -0.    0.    0.   -0.    0.01 -0.01]
orbital number 42
[-0.17  0.33 -0.17 -0.19  0.37 -0.19  0.03  0.11 -0.07 -0.05  0.12 -0.05
 -0.07  0.11 -0.07 -0.05  0.12 -0.05 -0.07 -0.03 -0.11  0.07  0.05 -0.12
  0.05  0.07 -0.11  0.07  0.05 -0.12  0.05  0.07  0.19  0.17 -0.33  0.17
  0.19 -0.37  0.11 -0.11  0.01 -0.12  0.12 -0.01  0.06  0.06  0.02 -0.04
  0.02  0.02 -0.04  0.02 -0.02  0.04 -0.02 -0.02  0.04 -0.02 -0.06 -0.06]
orbital number 43
[ 0.   -0.   -0.    0.   -0.   -0.   -0.    0.37 -0.22 -0.17  0.41 -0.19
 -0.2  -0.37  0.2   0.19 -0.41  0.17  0.22  0.    0.01 -0.01 -0.01  0.01
 -0.01 -0.01 -0.01  0.01  0.01 -0.01  0.01  0.01  0.   -0.01  0.    0.01
 -0.    0.   -0.    0.    0.   -0.    0.    0.   -0.    0.    0.08 -0.15
  0.07 -0.07  0.15 -0.08  0.   -0.01  0.   -0.    0.01 -0.    0.   -0.  ]
orbital number 44
[-0.01  0.    0.01 -0.    0.    0.   -0.    0.01 -0.01 -0.01  0.01 -0.01
 -0.01 -0.01  0.01  0.01 -0.01  0.01  0.01 -0.   -0.37  0.22  0.17 -0.41
  0.19  0.2   0.37 -0.2  -0.19  0.41 -0.17 -0.22  0.   -0.   -0.    0.
 -0.   -0.    0.   -0.    0.    0.   -0.    0.    0.   -0.    0.   -0.01
  0.   -0.    0.01 -0.   -0.08  0.15 -0.07  0.07 -0.15  0.08  0.   -0.  ]
orbital number 45
[ 0.36  0.   -0.36  0.31  0.   -0.31 -0.    0.    0.01 -0.01  0.    0.01
 -0.01 -0.    0.01 -0.01 -0.    0.01 -0.01  0.   -0.   -0.01  0.01 -0.
 -0.01  0.01  0.   -0.01  0.01  0.   -0.01  0.01 -0.32  0.37 -0.   -0.37
  0.32 -0.    0.    0.   -0.   -0.   -0.   -0.   -0.13  0.13 -0.   -0.
  0.   -0.    0.    0.    0.    0.   -0.    0.   -0.   -0.   -0.13  0.13]
orbital number 46
[ 0.37 -0.   -0.37  0.32 -0.   -0.32  0.   -0.   -0.01  0.01 -0.   -0.01
  0.01  0.   -0.01  0.01  0.   -0.01  0.01 -0.   -0.   -0.01  0.01 -0.
 -0.01  0.01  0.   -0.01  0.01  0.   -0.01  0.01  0.31 -0.35  0.    0.35
 -0.31  0.   -0.04  0.04  0.   -0.04  0.04  0.   -0.13  0.13  0.    0.
 -0.    0.   -0.   -0.    0.    0.   -0.    0.   -0.   -0.    0.13 -0.13]
orbital number 47
[ 0.   -0.    0.    0.   -0.    0.   -0.    0.   -0.35  0.31  0.   -0.31
  0.35  0.    0.35 -0.31  0.    0.31 -0.36 -0.    0.   -0.08  0.07  0.
 -0.07  0.08  0.    0.08 -0.07  0.    0.07 -0.08 -0.   -0.   -0.    0.
 -0.    0.   -0.   -0.    0.   -0.   -0.    0.   -0.   -0.    0.13 -0.
 -0.13 -0.13 -0.    0.13  0.03 -0.   -0.03 -0.03 -0.    0.03  0.   -0.  ]
orbital number 48
[-0.    0.   -0.   -0.    0.   -0.    0.    0.    0.08 -0.07  0.    0.07
 -0.08  0.   -0.08  0.07  0.   -0.07  0.08 -0.    0.   -0.35  0.31  0.
 -0.31  0.35  0.    0.35 -0.31  0.    0.31 -0.36  0.    0.   -0.    0.
  0.   -0.    0.   -0.    0.   -0.    0.    0.    0.    0.   -0.03 -0.
  0.03  0.03 -0.   -0.03  0.13 -0.   -0.13 -0.13 -0.    0.13 -0.   -0.  ]
orbital number 49
[-0.   -0.    0.   -0.   -0.    0.   -0.    0.01  0.36 -0.32  0.01  0.31
 -0.37 -0.01  0.36 -0.31 -0.01  0.32 -0.35 -0.   -0.   -0.01  0.01 -0.
 -0.01  0.02  0.   -0.01  0.01  0.   -0.01  0.01  0.02 -0.02  0.    0.02
 -0.02  0.   -0.    0.    0.   -0.    0.    0.    0.   -0.   -0.13 -0.
  0.13 -0.13  0.    0.13  0.01  0.   -0.01  0.01 -0.   -0.01  0.01 -0.01]
orbital number 50
[-0.02  0.    0.02 -0.02  0.    0.02 -0.   -0.   -0.01  0.01 -0.   -0.01
  0.01  0.   -0.01  0.01  0.   -0.01  0.01 -0.   -0.01 -0.36  0.33 -0.01
 -0.32  0.37  0.01 -0.36  0.31  0.01 -0.32  0.35 -0.    0.   -0.   -0.
  0.   -0.    0.   -0.    0.    0.   -0.    0.    0.01 -0.01  0.01  0.
 -0.01  0.01 -0.   -0.01  0.13  0.   -0.13  0.13 -0.   -0.13 -0.    0.  ]
orbital number 51
[-0.08  0.09 -0.08  0.    0.08  0.    0.09 -0.24  0.12  0.13 -0.28  0.12
  0.12 -0.24  0.12  0.12 -0.28  0.13  0.12  0.09 -0.24  0.12  0.13 -0.28
  0.12  0.12 -0.24  0.12  0.12 -0.28  0.13  0.12  0.   -0.08  0.09 -0.08
  0.    0.08  0.08  0.08 -0.18  0.08  0.08 -0.18  0.03  0.03 -0.04  0.1
 -0.05 -0.05  0.1  -0.04 -0.04  0.1  -0.05 -0.05  0.1  -0.04  0.03  0.03]
orbital number 52
[-0.05  0.13 -0.05 -0.1   0.17 -0.1   0.14 -0.23  0.11  0.13 -0.28  0.13
  0.11 -0.23  0.11  0.13 -0.28  0.13  0.11 -0.14  0.23 -0.11 -0.13  0.28
 -0.13 -0.11  0.23 -0.11 -0.13  0.28 -0.13 -0.11  0.1   0.05 -0.13  0.05
  0.1  -0.17  0.06 -0.06  0.01 -0.06  0.06 -0.01  0.02  0.02 -0.04  0.1
 -0.04 -0.04  0.1  -0.04  0.04 -0.1   0.04  0.04 -0.1   0.04 -0.02 -0.02]
orbital number 53
[-0.18  0.29 -0.18 -0.09  0.31 -0.09 -0.1   0.08 -0.03 -0.06  0.12 -0.06
 -0.03  0.08 -0.03 -0.06  0.12 -0.06 -0.03 -0.1   0.08 -0.03 -0.06  0.12
 -0.06 -0.03  0.08 -0.03 -0.06  0.12 -0.06 -0.03 -0.09 -0.18  0.29 -0.18
 -0.09  0.31  0.14  0.14 -0.35  0.14  0.14 -0.35  0.06  0.06  0.01 -0.04
  0.01  0.01 -0.04  0.01  0.01 -0.04  0.01  0.01 -0.04  0.01  0.06  0.06]
orbital number 54
[-0.24  0.25 -0.24  0.17 -0.09  0.17  0.04  0.01 -0.02  0.03 -0.04  0.04
 -0.02  0.01 -0.02  0.04 -0.04  0.03 -0.02 -0.04 -0.01  0.02 -0.03  0.04
 -0.04  0.02 -0.01  0.02 -0.04  0.04 -0.03  0.02 -0.17  0.24 -0.25  0.24
 -0.17  0.09 -0.29  0.29 -0.27  0.29 -0.29  0.27  0.07  0.07  0.01  0.01
  0.01  0.01  0.01  0.01 -0.01 -0.01 -0.01 -0.01 -0.01 -0.01 -0.07 -0.07]
orbital number 55
[ 0.   -0.    0.   -0.    0.   -0.   -0.   -0.27  0.28 -0.28  0.3  -0.28
  0.29  0.27 -0.29  0.28 -0.3   0.28 -0.28  0.   -0.    0.   -0.    0.
 -0.    0.    0.   -0.    0.   -0.    0.   -0.   -0.    0.   -0.    0.
 -0.    0.    0.    0.   -0.    0.    0.   -0.   -0.   -0.   -0.08 -0.08
 -0.08  0.08  0.08  0.08 -0.   -0.   -0.    0.    0.    0.    0.   -0.  ]
orbital number 56
[-0.    0.   -0.    0.   -0.    0.   -0.   -0.    0.   -0.    0.   -0.
  0.    0.   -0.    0.   -0.    0.   -0.    0.    0.27 -0.28  0.28 -0.3
  0.28 -0.28 -0.27  0.29 -0.28  0.3  -0.28  0.28  0.   -0.    0.   -0.
  0.   -0.   -0.   -0.    0.   -0.   -0.    0.    0.    0.   -0.   -0.
 -0.    0.    0.    0.    0.08  0.08  0.08 -0.08 -0.08 -0.08  0.    0.  ]
orbital number 57
[ 0.23 -0.21  0.23 -0.23  0.26 -0.23 -0.    0.11 -0.11  0.11 -0.12  0.11
 -0.11  0.11 -0.11  0.11 -0.12  0.11 -0.11 -0.    0.11 -0.12  0.11 -0.12
  0.11 -0.12  0.11 -0.11  0.11 -0.12  0.11 -0.11 -0.23  0.22 -0.21  0.22
 -0.23  0.26  0.03  0.03 -0.11  0.03  0.03 -0.11 -0.06 -0.06  0.03  0.03
  0.03  0.03  0.03  0.03  0.03  0.03  0.03  0.03  0.03  0.03 -0.06 -0.06]
orbital number 58
[-0.   -0.01 -0.    0.03 -0.07  0.03 -0.07  0.2  -0.2   0.18 -0.18  0.18
 -0.2   0.2  -0.2   0.18 -0.18  0.18 -0.2   0.07 -0.2   0.2  -0.18  0.18
 -0.18  0.2  -0.2   0.2  -0.18  0.18 -0.18  0.2  -0.03  0.    0.01  0.
 -0.03  0.07  0.09 -0.09  0.11 -0.09  0.09 -0.11 -0.   -0.    0.06  0.05
  0.06  0.06  0.05  0.06 -0.06 -0.05 -0.06 -0.06 -0.05 -0.06  0.    0.  ]
orbital number 59
[-0.16  0.17 -0.16  0.15 -0.15  0.15 -0.09  0.18 -0.17  0.15 -0.15  0.15
 -0.17  0.18 -0.17  0.15 -0.15  0.15 -0.17 -0.09  0.18 -0.17  0.15 -0.15
  0.15 -0.17  0.18 -0.17  0.15 -0.15  0.15 -0.17  0.15 -0.16  0.17 -0.16
  0.15 -0.15 -0.02 -0.02  0.06 -0.02 -0.02  0.07  0.05  0.05  0.05  0.04
  0.05  0.05  0.04  0.05  0.05  0.04  0.05  0.05  0.04  0.05  0.05  0.05]
orbital number 60
[ 0.19 -0.17  0.19 -0.21  0.27 -0.21 -0.05  0.05 -0.05  0.04 -0.03  0.04
 -0.05  0.05 -0.05  0.04 -0.03  0.04 -0.05  0.05 -0.05  0.05 -0.04  0.03
 -0.04  0.05 -0.05  0.05 -0.04  0.03 -0.04  0.05  0.21 -0.19  0.17 -0.19
  0.21 -0.27 -0.25  0.25 -0.3   0.25 -0.25  0.3  -0.05 -0.05  0.01  0.01
  0.01  0.01  0.01  0.01 -0.01 -0.01 -0.01 -0.01 -0.01 -0.01  0.05  0.05]
ENERGY0: -276.59299613210953

Orbital occupation numbers:
1: 2.000000
2: 2.000000
3: 2.000000
4: 2.000000
5: 2.000000
6: 2.000000
7: 2.000000
8: 2.000000
9: 2.000000
10: 2.000000
11: 2.000000
12: 2.000000
13: 2.000000
14: 2.000000
15: 2.000000
16: 2.000000
17: 2.000000
18: 2.000000
19: 2.000000
20: 2.000000
21: 2.000000
22: 2.000000
23: 2.000000
24: 2.000000
25: 2.000000
26: 2.000000
27: 2.000000
28: 2.000000
29: 2.000000
30: 2.000000
31: 2.000000
32: 2.000000
33: 2.000000
34: 2.000000
35: 2.000000
36: 2.000000
37: 2.000000
38: 1.000000
39: 1.000000
40: -0.000000
41: -0.000000
42: -0.000000
43: -0.000000
44: 0.000000
45: -0.000000
46: -0.000000
47: -0.000000
48: -0.000000
49: -0.000000
50: 0.000000
51: -0.000000
52: 0.000000
53: -0.000000
54: -0.000000
55: 0.000000
56: -0.000000
57: -0.000000
58: 0.000000
59: 0.000000
60: 0.000000

------------------------
Starting ExROPPP calculation for diradical in rotated basis
------------------------

Fock matrix in rotated MO basis: [[-3.96599613e+00 -3.37350488e-15 -7.43049111e-17 ... -2.79795387e-09
   9.70496692e-10 -5.40655209e-09]
 [-3.25643260e-15 -3.96462585e+00  8.47939686e-16 ...  7.73715134e-10
  -1.26504940e-09  2.38604581e-09]
 [-4.00808986e-17  9.33326250e-16 -3.92135166e+00 ...  1.26941790e-09
  -9.92004423e-10 -1.89066461e-09]
 ...
 [-2.79795365e-09  7.73715502e-10  1.26941813e-09 ...  1.03850413e+01
  -6.27974181e-06  2.81687512e-02]
 [ 9.70496192e-10 -1.26504784e-09 -9.92004472e-10 ... -6.27974181e-06
   1.04166653e+01 -7.23752172e-07]
 [-5.40655207e-09  2.38604574e-09 -1.89066446e-09 ...  2.81687512e-02
  -7.23752172e-07  1.04829777e+01]]
Dimensions of CI matrix: (9816, 9816)
Checking that the Hamiltonian is symmetric (a value of zero means matrix is symmetric) ... 
Frobenius norm of matrix - matrix transpose = 0.000000.

Lowest 200 states. WARNING - Some states may not be included in the spectrum.

Using sparse solver (eigsh) — requesting 95 singlets, 110 triplets, 26 quintets (targeting 200 states total)

Diagonalisation complete. Returning 200 states.

Checking that the Dipole matrix is symmetric (a value of zero means matrix is symmetric) ... 
Frobenius norm of matrix - matrix transpose = 0.00000             0.00000, 0.00000.

Energy of the lowest CI state: -280.05731243352204

State 0 0.000 eV 
Excitation    CI Coef
|1^OS>   -0.98117
|1T^CV(12->13')>   -0.06398
Ground state is singlet
TDMs with Triplet 'Ground' state
TDMX:0.000   TDMY:0.000   TDMZ:0.000   Oscillator Strength:-0.00000   <S**2>: 0.000
--------------------------------------------------------------------
TDMs with Singlet 'Ground' state
TDMX:0.001   TDMY:0.000   TDMZ:0.000   Oscillator Strength:0.00000   <S**2>: 0.000
--------------------------------------------------------------------


State 1 0.000 eV 
Excitation    CI Coef
|3^OS>   -0.98123
|3X^CV(11->13')>   -0.05595
TDMs with Triplet 'Ground' state
TDMX:0.001   TDMY:0.000   TDMZ:0.000   Oscillator Strength:0.00000   <S**2>: 2.000
--------------------------------------------------------------------
TDMs with Singlet 'Ground' state
TDMX:0.000   TDMY:0.000   TDMZ:0.000   Oscillator Strength:0.00000   <S**2>: 2.000
--------------------------------------------------------------------


State 2 1.954 eV 
Excitation    CI Coef
|1^OS>    0.06716
|1^CS(14->0)>   -0.05439
|1^CS(12->0)>   -0.07790
|1^CS(11->0)>    0.05081
|1^CS(10->0)>   -0.10855
|1^CS(3->0)>    0.15939
|1^CS(14->0')>   -0.05440
|1^CS(12->0')>    0.07778
|1^CS(11->0')>    0.05081
|1^CS(10->0')>    0.10855
|1^CS(3->0')>    0.15942
|1^SV(0->1')>   -0.22885
|1^SV(0->3')>   -0.16561
|1^SV(0->12')>   -0.05243
|1^SV(0->14')>   -0.07160
|1^SV(0'->1')>    0.22897
|1^SV(0'->3')>   -0.16541
|1^SV(0'->12')>    0.05250
|1^SV(0'->14')>    0.07160
|1T^CV(20->14')>   -0.08105
|1T^CV(20->18')>   -0.06266
|1T^CV(19->3')>    0.06326
|1T^CV(19->15')>   -0.08444
|1T^CV(18->1')>    0.06584
|1T^CV(18->14')>    0.05094
|1T^CV(17->3')>    0.07384
|1T^CV(14->12')>   -0.07947
|1T^CV(14->14')>   -0.15875
|1T^CV(13->2')>    0.18258
|1T^CV(12->3')>   -0.29536
|1T^CV(12->13')>   -0.07629
|1T^CV(11->1')>    0.35224
|1T^CV(10->3')>   -0.13269
|1T^CV(10->13')>   -0.14123
|1T^CV(9->6')>    0.22022
|1T^CV(8->7')>    0.21936
|1T^CV(5->10')>   -0.05059
|1T^CV(4->11')>   -0.05059
|1T^CV(3->1')>    0.42395
|1T^CV(3->12')>   -0.06742
|1T^CV(3->14')>    0.12241
|1T^CV(2->5')>   -0.07807
|1T^CV(1->4')>    0.07807
TDMs with Triplet 'Ground' state
TDMX:0.000   TDMY:0.000   TDMZ:0.000   Oscillator Strength:0.00000   <S**2>: 0.000
--------------------------------------------------------------------
TDMs with Singlet 'Ground' state
TDMX:0.000   TDMY:0.000   TDMZ:0.000   Oscillator Strength:0.00000   <S**2>: 0.000
--------------------------------------------------------------------


State 3 1.970 eV 
Excitation    CI Coef
|3^CS(14->0)>   -0.06059
|3^CS(12->0)>   -0.09932
|3^CS(10->0)>   -0.10931
|3^CS(3->0)>    0.15833
|3^CS(14->0')>   -0.06059
|3^CS(12->0')>    0.09920
|3^CS(10->0')>    0.10926
|3^CS(3->0')>    0.15835
|3^SV(0->1')>    0.21988
|3^SV(0->3')>    0.17456
|3^SV(0->12')>    0.05249
|3^SV(0->14')>    0.07738
|3^SV(0'->1')>    0.22001
|3^SV(0'->3')>   -0.17434
|3^SV(0'->12')>    0.05253
|3^SV(0'->14')>    0.07737
|3S^CV(14->3')>   -0.07599
|3S^CV(12->1')>   -0.16396
|3S^CV(12->14')>   -0.08823
|3S^CV(11->3')>    0.09805
|3S^CV(10->1')>   -0.06774
|3S^CV(10->14')>   -0.07131
|3S^CV(9->7')>    0.10977
|3S^CV(8->6')>    0.11008
|3S^CV(3->3')>    0.12524
|3S^CV(3->13')>    0.08685
|3X^CV(20->14')>   -0.07342
|3X^CV(20->18')>   -0.05769
|3X^CV(19->3')>    0.05772
|3X^CV(19->15')>   -0.07781
|3X^CV(18->1')>    0.05557
|3X^CV(17->3')>    0.06579
|3X^CV(14->12')>   -0.06927
|3X^CV(14->14')>   -0.14693
|3X^CV(13->2')>    0.16541
|3X^CV(12->3')>   -0.26797
|3X^CV(12->13')>   -0.08465
|3X^CV(11->1')>    0.30844
|3X^CV(10->3')>   -0.12929
|3X^CV(10->13')>   -0.11161
|3X^CV(9->6')>    0.20843
|3X^CV(8->7')>    0.20764
|3X^CV(3->1')>    0.38584
|3X^CV(3->14')>    0.10916
|3X^CV(2->5')>   -0.05198
|3X^CV(1->4')>    0.05194
TDMs with Triplet 'Ground' state
TDMX:0.247   TDMY:-0.000   TDMZ:0.000   Oscillator Strength:0.00294   <S**2>: 2.000
--------------------------------------------------------------------
TDMs with Singlet 'Ground' state
TDMX:0.000   TDMY:0.000   TDMZ:0.000   Oscillator Strength:0.00000   <S**2>: 2.000
--------------------------------------------------------------------


State 4 2.011 eV 
Excitation    CI Coef
|3^OS>   -0.05518
|3^CS(14->0)>   -0.06450
|3^CS(12->0)>   -0.09846
|3^CS(10->0)>   -0.13189
|3^CS(3->0)>    0.16230
|3^CS(14->0')>    0.06446
|3^CS(12->0')>   -0.09829
|3^CS(10->0')>   -0.13178
|3^CS(3->0')>   -0.16226
|3^SV(0->1')>    0.20744
|3^SV(0->3')>    0.18909
|3^SV(0->12')>    0.07530
|3^SV(0->14')>    0.07208
|3^SV(0'->1')>   -0.20750
|3^SV(0'->3')>    0.18878
|3^SV(0'->12')>   -0.07534
|3^SV(0'->14')>   -0.07203
|3S^CV(20->14')>   -0.05769
|3S^CV(19->15')>   -0.06128
|3S^CV(17->3')>    0.05143
|3S^CV(14->12')>   -0.05797
|3S^CV(14->14')>   -0.11338
|3S^CV(13->2')>    0.13510
|3S^CV(12->3')>   -0.20979
|3S^CV(12->13')>   -0.05494
|3S^CV(11->1')>    0.23687
|3S^CV(10->3')>   -0.09493
|3S^CV(10->13')>   -0.10270
|3S^CV(9->6')>    0.16617
|3S^CV(8->7')>    0.16553
|3S^CV(3->1')>    0.30207
|3S^CV(3->14')>    0.08574
|3S^CV(2->5')>   -0.05869
|3S^CV(1->4')>    0.05866
|3X^CV(20->3')>   -0.05909
|3X^CV(19->18')>    0.05635
|3X^CV(18->3')>    0.06727
|3X^CV(17->1')>    0.06441
|3X^CV(14->3')>   -0.11582
|3X^CV(14->15')>   -0.05610
|3X^CV(12->1')>   -0.24117
|3X^CV(12->12')>   -0.06711
|3X^CV(12->14')>   -0.12623
|3X^CV(11->3')>    0.15505
|3X^CV(10->1')>   -0.10453
|3X^CV(10->12')>    0.05738
|3X^CV(10->14')>   -0.11815
|3X^CV(9->7')>    0.17000
|3X^CV(8->6')>    0.17048
|3X^CV(5->10')>    0.05489
|3X^CV(4->11')>   -0.05492
|3X^CV(3->3')>    0.18251
|3X^CV(3->13')>    0.14454
|3X^CV(2->5')>   -0.08350
|3X^CV(1->4')>   -0.08346
TDMs with Triplet 'Ground' state
TDMX:0.000   TDMY:-0.000   TDMZ:-0.000   Oscillator Strength:0.00000   <S**2>: 2.000
--------------------------------------------------------------------
TDMs with Singlet 'Ground' state
TDMX:0.000   TDMY:0.000   TDMZ:0.000   Oscillator Strength:0.00000   <S**2>: 2.000
--------------------------------------------------------------------


State 5 2.052 eV 
Excitation    CI Coef
|1^CS(14->0)>   -0.07207
|1^CS(12->0)>   -0.11525
|1^CS(10->0)>   -0.13273
|1^CS(3->0)>    0.15162
|1^CS(14->0')>    0.07202
|1^CS(12->0')>   -0.11508
|1^CS(10->0')>   -0.13256
|1^CS(3->0')>   -0.15156
|1^SV(0->1')>   -0.21106
|1^SV(0->3')>   -0.20986
|1^SV(0->12')>   -0.07744
|1^SV(0->14')>   -0.08707
|1^SV(0'->1')>   -0.21113
|1^SV(0'->3')>    0.20948
|1^SV(0'->12')>   -0.07742
|1^SV(0'->14')>   -0.08701
|1T^CV(20->3')>   -0.08673
|1T^CV(20->21')>   -0.05678
|1T^CV(19->1')>    0.06902
|1T^CV(19->18')>    0.08341
|1T^CV(19->20')>   -0.05314
|1T^CV(18->3')>    0.09514
|1T^CV(17->1')>    0.08955
|1T^CV(14->3')>   -0.16800
|1T^CV(14->15')>   -0.08364
|1T^CV(12->1')>   -0.34422
|1T^CV(12->12')>   -0.08537
|1T^CV(12->14')>   -0.19138
|1T^CV(11->3')>    0.21682
|1T^CV(10->1')>   -0.15854
|1T^CV(10->12')>    0.05910
|1T^CV(10->14')>   -0.16162
|1T^CV(9->7')>    0.26051
|1T^CV(8->6')>    0.26125
|1T^CV(7->9')>    0.05315
|1T^CV(6->8')>   -0.05310
|1T^CV(5->10')>    0.06317
|1T^CV(4->11')>   -0.06328
|1T^CV(3->3')>    0.27217
|1T^CV(3->13')>    0.18988
|1T^CV(2->5')>   -0.09628
|1T^CV(1->4')>   -0.09614
TDMs with Triplet 'Ground' state
TDMX:0.000   TDMY:0.000   TDMZ:0.000   Oscillator Strength:0.00000   <S**2>: 0.000
--------------------------------------------------------------------
TDMs with Singlet 'Ground' state
TDMX:-0.294   TDMY:0.000   TDMZ:-0.000   Oscillator Strength:0.00436   <S**2>: 0.000
--------------------------------------------------------------------


State 6 2.126 eV 
Excitation    CI Coef
|3^CS(2->0)>   -0.11227
|3^CS(16->0')>   -0.08162
|3^CS(2->0')>    0.05395
|3^CS(1->0')>   -0.37926
|3^SV(0->5')>   -0.10826
|3^SV(0'->4')>    0.36482
|3^SV(0'->16')>   -0.06561
|3S^CV(12->4')>   -0.09124
|3S^CV(11->4')>   -0.13994
|3S^CV(10->4')>    0.15343
|3S^CV(7->10')>   -0.11960
|3S^CV(6->10')>   -0.11285
|3S^CV(5->8')>    0.16076
|3S^CV(3->4')>    0.09967
|3S^CV(2->12')>    0.07465
|3S^CV(1->3')>    0.06728
|3S^CV(1->12')>   -0.16224
|3S^CV(1->13')>   -0.18023
|3S^CV(1->14')>    0.06929
|3X^CV(18->4')>    0.05449
|3X^CV(18->16')>   -0.06775
|3X^CV(17->16')>    0.06959
|3X^CV(16->19')>   -0.07085
|3X^CV(16->20')>   -0.06065
|3X^CV(12->4')>    0.12617
|3X^CV(11->4')>    0.20219
|3X^CV(11->5')>   -0.05258
|3X^CV(10->4')>   -0.21248
|3X^CV(10->5')>   -0.07099
|3X^CV(7->10')>    0.16519
|3X^CV(7->11')>   -0.05459
|3X^CV(6->10')>    0.16362
|3X^CV(5->8')>   -0.22604
|3X^CV(5->9')>    0.05581
|3X^CV(4->9')>    0.06517
|3X^CV(3->4')>   -0.14377
|3X^CV(2->13')>   -0.10756
|3X^CV(1->3')>   -0.08740
|3X^CV(1->12')>    0.25013
|3X^CV(1->13')>    0.23358
|3X^CV(1->14')>   -0.10698
TDMs with Triplet 'Ground' state
TDMX:0.000   TDMY:0.106   TDMZ:-0.001   Oscillator Strength:0.00058   <S**2>: 2.000
--------------------------------------------------------------------
TDMs with Singlet 'Ground' state
TDMX:0.000   TDMY:0.000   TDMZ:0.000   Oscillator Strength:0.00000   <S**2>: 2.000
--------------------------------------------------------------------


State 7 2.126 eV 
Excitation    CI Coef
|3^CS(15->0)>   -0.08162
|3^CS(2->0)>   -0.37925
|3^CS(1->0)>   -0.05395
|3^CS(1->0')>    0.11226
|3^SV(0->5')>   -0.36479
|3^SV(0->17')>    0.06560
|3^SV(0'->4')>   -0.10823
|3S^CV(12->5')>    0.09135
|3S^CV(11->5')>   -0.13974
|3S^CV(10->5')>   -0.15355
|3S^CV(7->11')>   -0.11530
|3S^CV(6->11')>    0.11726
|3S^CV(4->9')>    0.15989
|3S^CV(3->5')>    0.09968
|3S^CV(2->3')>    0.06736
|3S^CV(2->12')>    0.16213
|3S^CV(2->13')>   -0.18029
|3S^CV(2->14')>   -0.06929
|3S^CV(1->12')>    0.07467
|3X^CV(18->5')>   -0.05446
|3X^CV(18->17')>    0.06770
|3X^CV(17->17')>    0.06963
|3X^CV(15->19')>    0.07073
|3X^CV(15->20')>   -0.06076
|3X^CV(12->5')>    0.12632
|3X^CV(11->4')>   -0.05269
|3X^CV(11->5')>   -0.20190
|3X^CV(10->4')>    0.07096
|3X^CV(10->5')>   -0.21265
|3X^CV(7->10')>   -0.05619
|3X^CV(7->11')>   -0.15897
|3X^CV(6->11')>    0.16969
|3X^CV(5->8')>    0.06940
|3X^CV(4->8')>    0.05047
|3X^CV(4->9')>    0.22731
|3X^CV(3->5')>    0.14379
|3X^CV(2->3')>    0.08753
|3X^CV(2->12')>    0.25000
|3X^CV(2->13')>   -0.23368
|3X^CV(2->14')>   -0.10698
|3X^CV(1->13')>   -0.10755
TDMs with Triplet 'Ground' state
TDMX:0.000   TDMY:0.057   TDMZ:-0.001   Oscillator Strength:0.00017   <S**2>: 2.000
--------------------------------------------------------------------
TDMs with Singlet 'Ground' state
TDMX:0.000   TDMY:0.000   TDMZ:0.000   Oscillator Strength:0.00000   <S**2>: 2.000
--------------------------------------------------------------------


State 8 2.139 eV 
Excitation    CI Coef
|1^CS(16->0')>    0.08039
|1^CS(2->0')>   -0.05424
|1^CS(1->0')>    0.37749
|1^SV(0'->4')>   -0.38587
|1^SV(0'->16')>    0.06925
|1T^CV(36->16')>    0.05006
|1T^CV(18->4')>   -0.06985
|1T^CV(18->16')>    0.08738
|1T^CV(17->4')>    0.06456
|1T^CV(17->16')>   -0.08984
|1T^CV(16->18')>    0.05251
|1T^CV(16->19')>    0.09103
|1T^CV(16->20')>    0.07806
|1T^CV(14->4')>    0.05373
|1T^CV(12->4')>   -0.16436
|1T^CV(11->4')>   -0.25874
|1T^CV(10->4')>    0.27632
|1T^CV(7->10')>   -0.21642
|1T^CV(6->10')>   -0.21012
|1T^CV(5->8')>    0.29404
|1T^CV(5->9')>   -0.06958
|1T^CV(3->4')>    0.18379
|1T^CV(2->13')>    0.06104
|1T^CV(1->3')>    0.11781
|1T^CV(1->12')>   -0.30914
|1T^CV(1->13')>   -0.30880
|1T^CV(1->14')>    0.13075
TDMs with Triplet 'Ground' state
TDMX:0.000   TDMY:0.000   TDMZ:0.000   Oscillator Strength:0.00000   <S**2>: 0.000
--------------------------------------------------------------------
TDMs with Singlet 'Ground' state
TDMX:-0.000   TDMY:-0.051   TDMZ:0.001   Oscillator Strength:0.00014   <S**2>: 0.000
--------------------------------------------------------------------


State 9 2.139 eV 
Excitation    CI Coef
|1^CS(15->0)>    0.08039
|1^CS(2->0)>    0.37748
|1^CS(1->0)>    0.05423
|1^SV(0->5')>   -0.38585
|1^SV(0->17')>    0.06925
|1T^CV(18->5')>    0.06980
|1T^CV(18->17')>   -0.08732
|1T^CV(17->5')>    0.06460
|1T^CV(17->17')>   -0.08990
|1T^CV(15->18')>    0.05259
|1T^CV(15->19')>   -0.09087
|1T^CV(15->20')>    0.07820
|1T^CV(14->5')>   -0.05373
|1T^CV(12->5')>   -0.16455
|1T^CV(11->5')>    0.25837
|1T^CV(10->5')>    0.27654
|1T^CV(7->11')>    0.20842
|1T^CV(6->11')>   -0.21808
|1T^CV(4->8')>   -0.06836
|1T^CV(4->9')>   -0.29434
|1T^CV(3->5')>   -0.18382
|1T^CV(2->3')>   -0.11797
|1T^CV(2->12')>   -0.30897
|1T^CV(2->13')>    0.30891
|1T^CV(2->14')>    0.13075
|1T^CV(1->13')>    0.06104
TDMs with Triplet 'Ground' state
TDMX:0.000   TDMY:0.000   TDMZ:0.000   Oscillator Strength:0.00000   <S**2>: 0.000
--------------------------------------------------------------------
TDMs with Singlet 'Ground' state
TDMX:0.000   TDMY:0.057   TDMZ:-0.001   Oscillator Strength:0.00017   <S**2>: 0.000
--------------------------------------------------------------------


State 10 2.218 eV 
Excitation    CI Coef
|3^CS(18->0)>    0.05911
|3^CS(17->0)>    0.05873
|3^CS(12->0)>   -0.07672
|3^CS(11->0)>    0.13602
|3^CS(10->0)>    0.13838
|3^CS(3->0)>   -0.08235
|3^CS(18->0')>    0.05923
|3^CS(17->0')>   -0.05877
|3^CS(12->0')>    0.07674
|3^CS(11->0')>    0.13638
|3^CS(10->0')>   -0.13845
|3^CS(3->0')>   -0.08245
|3^SV(0->3')>   -0.05227
|3^SV(0->12')>   -0.17121
|3^SV(0->13')>    0.17507
|3^SV(0->14')>    0.07299
|3^SV(0'->3')>    0.05227
|3^SV(0'->12')>   -0.17153
|3^SV(0'->13')>   -0.17524
|3^SV(0'->14')>    0.07309
|3S^CV(18->19')>   -0.05046
|3S^CV(16->16')>   -0.05354
|3S^CV(15->17')>   -0.05347
|3S^CV(12->12')>    0.08812
|3S^CV(11->3')>   -0.05187
|3S^CV(11->13')>    0.14188
|3S^CV(10->12')>   -0.15132
|3S^CV(10->14')>    0.06139
|3S^CV(7->8')>    0.06874
|3S^CV(7->9')>   -0.10619
|3S^CV(6->8')>    0.10648
|3S^CV(6->9')>    0.06873
|3S^CV(5->10')>   -0.12653
|3S^CV(4->11')>    0.12639
|3S^CV(3->13')>   -0.09950
|3S^CV(2->5')>    0.18002
|3S^CV(1->4')>    0.18025
|3X^CV(18->20')>    0.06373
|3X^CV(17->19')>   -0.07375
|3X^CV(16->16')>    0.07621
|3X^CV(15->17')>   -0.07611
|3X^CV(14->14')>   -0.06149
|3X^CV(13->2')>    0.09376
|3X^CV(12->13')>   -0.14601
|3X^CV(11->1')>    0.08956
|3X^CV(11->12')>   -0.21597
|3X^CV(11->14')>    0.06701
|3X^CV(10->3')>   -0.12221
|3X^CV(10->13')>    0.20228
|3X^CV(9->6')>    0.05489
|3X^CV(8->7')>    0.05461
|3X^CV(7->8')>   -0.15490
|3X^CV(7->9')>   -0.09197
|3X^CV(6->8')>   -0.09233
|3X^CV(6->9')>    0.15508
|3X^CV(5->10')>    0.18077
|3X^CV(4->11')>    0.18056
|3X^CV(3->1')>    0.14825
|3X^CV(3->12')>    0.12907
|3X^CV(3->14')>   -0.05859
|3X^CV(2->5')>    0.25874
|3X^CV(1->4')>   -0.25906
TDMs with Triplet 'Ground' state
TDMX:0.129   TDMY:-0.000   TDMZ:-0.000   Oscillator Strength:0.00091   <S**2>: 2.000
--------------------------------------------------------------------
TDMs with Singlet 'Ground' state
TDMX:0.000   TDMY:0.000   TDMZ:0.000   Oscillator Strength:0.00000   <S**2>: 2.000
--------------------------------------------------------------------


State 11 2.232 eV 
Excitation    CI Coef
|1^CS(18->0)>   -0.06359
|1^CS(17->0)>   -0.06331
|1^CS(12->0)>    0.10749
|1^CS(11->0)>   -0.13338
|1^CS(10->0)>   -0.11415
|1^CS(3->0)>    0.06215
|1^CS(18->0')>    0.06374
|1^CS(17->0')>   -0.06339
|1^CS(12->0')>    0.10750
|1^CS(11->0')>    0.13388
|1^CS(10->0')>   -0.11437
|1^CS(3->0')>   -0.06231
|1^SV(0->12')>   -0.16054
|1^SV(0->13')>    0.18685
|1^SV(0->14')>    0.09723
|1^SV(0'->12')>   -0.16103
|1^SV(0'->13')>   -0.18713
|1^SV(0'->14')>    0.09734
|1T^CV(18->13')>   -0.06264
|1T^CV(18->19')>    0.08778
|1T^CV(17->18')>   -0.05102
|1T^CV(17->20')>   -0.07807
|1T^CV(16->16')>    0.09219
|1T^CV(15->17')>    0.09199
|1T^CV(14->13')>    0.06915
|1T^CV(12->1')>    0.10120
|1T^CV(12->12')>   -0.13722
|1T^CV(12->14')>    0.12985
|1T^CV(11->13')>   -0.26442
|1T^CV(10->1')>    0.08368
|1T^CV(10->12')>    0.26729
|1T^CV(10->14')>   -0.06279
|1T^CV(9->7')>   -0.09756
|1T^CV(8->6')>   -0.09784
|1T^CV(7->8')>   -0.11908
|1T^CV(7->9')>    0.18379
|1T^CV(6->8')>   -0.18441
|1T^CV(6->9')>   -0.11892
|1T^CV(5->10')>    0.21916
|1T^CV(4->11')>   -0.21870
|1T^CV(3->3')>   -0.17264
|1T^CV(3->13')>    0.12952
|1T^CV(2->4')>    0.05525
|1T^CV(2->5')>   -0.30910
|1T^CV(1->4')>   -0.30978
|1T^CV(1->5')>   -0.05518
TDMs with Triplet 'Ground' state
TDMX:0.000   TDMY:0.000   TDMZ:0.000   Oscillator Strength:0.00000   <S**2>: 0.000
--------------------------------------------------------------------
TDMs with Singlet 'Ground' state
TDMX:0.161   TDMY:-0.000   TDMZ:-0.000   Oscillator Strength:0.00141   <S**2>: 0.000
--------------------------------------------------------------------


State 12 2.258 eV 
Excitation    CI Coef
|3^OS>    0.13966
|3^CS(18->0)>   -0.05764
|3^CS(17->0)>   -0.05776
|3^CS(12->0)>    0.07966
|3^CS(11->0)>   -0.13531
|3^CS(10->0)>   -0.12894
|3^CS(3->0)>    0.06606
|3^CS(18->0')>    0.05762
|3^CS(17->0')>   -0.05767
|3^CS(12->0')>    0.07951
|3^CS(11->0')>    0.13534
|3^CS(10->0')>   -0.12868
|3^CS(3->0')>   -0.06599
|3^SV(0->12')>    0.15345
|3^SV(0->13')>   -0.15959
|3^SV(0->14')>   -0.06584
|3^SV(0'->12')>   -0.15337
|3^SV(0'->13')>   -0.15939
|3^SV(0'->14')>    0.06580
|3S^CV(20->14')>    0.05183
|3S^CV(14->1')>   -0.08387
|3S^CV(14->14')>    0.09632
|3S^CV(13->2')>   -0.18514
|3S^CV(12->3')>    0.06684
|3S^CV(12->13')>    0.11640
|3S^CV(11->1')>   -0.18261
|3S^CV(11->12')>    0.15844
|3S^CV(10->3')>    0.12505
|3S^CV(10->13')>   -0.11050
|3S^CV(9->6')>   -0.11341
|3S^CV(8->7')>   -0.11284
|3S^CV(7->8')>    0.09932
|3S^CV(7->9')>    0.05912
|3S^CV(6->8')>    0.05914
|3S^CV(6->9')>   -0.09958
|3S^CV(5->10')>   -0.11578
|3S^CV(4->11')>   -0.11590
|3S^CV(3->1')>   -0.26736
|3S^CV(3->12')>   -0.06370
|3S^CV(2->5')>   -0.16574
|3S^CV(1->4')>    0.16559
|3X^CV(18->19')>    0.06146
|3X^CV(17->20')>   -0.05460
|3X^CV(16->16')>    0.06676
|3X^CV(15->17')>    0.06683
|3X^CV(12->12')>   -0.11155
|3X^CV(11->3')>    0.07226
|3X^CV(11->13')>   -0.17284
|3X^CV(10->12')>    0.18673
|3X^CV(10->14')>   -0.08327
|3X^CV(7->8')>   -0.08601
|3X^CV(7->9')>    0.13322
|3X^CV(6->8')>   -0.13338
|3X^CV(6->9')>   -0.08632
|3X^CV(5->10')>    0.15828
|3X^CV(4->11')>   -0.15847
|3X^CV(3->13')>    0.12935
|3X^CV(2->5')>   -0.22588
|3X^CV(1->4')>   -0.22564
TDMs with Triplet 'Ground' state
TDMX:-0.000   TDMY:-0.000   TDMZ:-0.000   Oscillator Strength:0.00000   <S**2>: 2.000
--------------------------------------------------------------------
TDMs with Singlet 'Ground' state
TDMX:0.000   TDMY:0.000   TDMZ:0.000   Oscillator Strength:0.00000   <S**2>: 2.000
--------------------------------------------------------------------


State 13 2.270 eV 
Excitation    CI Coef
|1^OS>   -0.14731
|1^CS(18->0)>   -0.05786
|1^CS(17->0)>   -0.05532
|1^CS(12->0)>    0.07126
|1^CS(11->0)>   -0.14077
|1^CS(10->0)>   -0.13289
|1^CS(3->0)>    0.07283
|1^CS(18->0')>   -0.05774
|1^CS(17->0')>    0.05513
|1^CS(12->0')>   -0.07085
|1^CS(11->0')>   -0.14064
|1^CS(10->0')>    0.13259
|1^CS(3->0')>    0.07277
|1^SV(0->3')>   -0.05637
|1^SV(0->12')>   -0.17318
|1^SV(0->13')>    0.16867
|1^SV(0->14')>    0.06687
|1^SV(0'->3')>   -0.05640
|1^SV(0'->12')>    0.17297
|1^SV(0'->13')>    0.16819
|1^SV(0'->14')>   -0.06659
|1T^CV(18->20')>   -0.07207
|1T^CV(17->19')>    0.08557
|1T^CV(16->16')>   -0.09113
|1T^CV(15->17')>    0.09132
|1T^CV(14->1')>   -0.07353
|1T^CV(14->14')>    0.06537
|1T^CV(13->2')>   -0.13051
|1T^CV(12->13')>    0.15850
|1T^CV(11->1')>   -0.10948
|1T^CV(11->12')>    0.26151
|1T^CV(11->14')>   -0.06365
|1T^CV(10->3')>    0.13279
|1T^CV(10->13')>   -0.24322
|1T^CV(7->8')>    0.18754
|1T^CV(7->9')>    0.11177
|1T^CV(6->8')>    0.11158
|1T^CV(6->9')>   -0.18814
|1T^CV(5->10')>   -0.21846
|1T^CV(4->11')>   -0.21893
|1T^CV(3->1')>   -0.17116
|1T^CV(3->12')>   -0.14497
|1T^CV(3->14')>    0.08925
|1T^CV(2->5')>   -0.31056
|1T^CV(1->4')>    0.30993
TDMs with Triplet 'Ground' state
TDMX:0.000   TDMY:0.000   TDMZ:0.000   Oscillator Strength:0.00000   <S**2>: 0.000
--------------------------------------------------------------------
TDMs with Singlet 'Ground' state
TDMX:0.000   TDMY:0.000   TDMZ:0.000   Oscillator Strength:0.00000   <S**2>: 0.000
--------------------------------------------------------------------


State 14 2.270 eV 
Excitation    CI Coef
|5^CV(33->21')>    0.05333
|5^CV(29->15')>    0.07943
|5^CV(29->21')>    0.07127
|5^CV(20->14')>   -0.10730
|5^CV(20->18')>   -0.07015
|5^CV(19->3')>    0.08661
|5^CV(19->15')>   -0.10713
|5^CV(14->1')>    0.15943
|5^CV(14->12')>   -0.09916
|5^CV(14->14')>   -0.18768
|5^CV(13->2')>    0.37841
|5^CV(12->3')>   -0.22024
|5^CV(12->13')>   -0.08956
|5^CV(11->1')>    0.38525
|5^CV(11->12')>   -0.07036
|5^CV(11->14')>   -0.05065
|5^CV(10->3')>   -0.16401
|5^CV(10->13')>   -0.05405
|5^CV(9->6')>    0.28080
|5^CV(8->7')>    0.27947
|5^CV(3->1')>    0.54703
TDMs with Triplet 'Ground' state
TDMX:0.000   TDMY:0.000   TDMZ:0.000   Oscillator Strength:0.00000   <S**2>: 6.000
--------------------------------------------------------------------
TDMs with Singlet 'Ground' state
TDMX:0.000   TDMY:0.000   TDMZ:0.000   Oscillator Strength:0.00000   <S**2>: 6.000
--------------------------------------------------------------------


State 15 2.339 eV 
Excitation    CI Coef
|3^OS>    0.08769
|3^CS(14->0)>    0.05512
|3^CS(12->0)>    0.09162
|3^CS(11->0)>   -0.05711
|3^CS(14->0')>   -0.05469
|3^CS(12->0')>    0.09097
|3^CS(11->0')>    0.05701
|3^SV(0->3')>   -0.05976
|3^SV(0->13')>   -0.09325
|3^SV(0->14')>   -0.08017
|3^SV(0'->3')>   -0.05921
|3^SV(0'->13')>   -0.09271
|3^SV(0'->14')>    0.07960
|3S^CV(29->15')>    0.06048
|3S^CV(29->21')>    0.05379
|3S^CV(20->14')>   -0.07032
|3S^CV(19->3')>    0.05411
|3S^CV(19->15')>   -0.06546
|3S^CV(14->1')>    0.15842
|3S^CV(14->12')>   -0.07794
|3S^CV(14->14')>   -0.10681
|3S^CV(13->2')>    0.29808
|3S^CV(12->3')>   -0.10078
|3S^CV(11->1')>    0.25616
|3S^CV(11->14')>   -0.08375
|3S^CV(10->3')>   -0.06073
|3S^CV(10->13')>   -0.07255
|3S^CV(9->6')>    0.15101
|3S^CV(8->7')>    0.15010
|3S^CV(3->1')>    0.34481
|3S^CV(3->12')>   -0.07842
|3S^CV(2->5')>   -0.05624
|3S^CV(1->4')>    0.05586
|3X^CV(20->3')>    0.06995
|3X^CV(19->1')>   -0.06725
|3X^CV(19->18')>   -0.06967
|3X^CV(14->3')>    0.10724
|3X^CV(14->13')>    0.05766
|3X^CV(14->15')>    0.07018
|3X^CV(12->1')>    0.22213
|3X^CV(12->14')>    0.16846
|3X^CV(11->3')>   -0.09647
|3X^CV(11->13')>   -0.12484
|3X^CV(10->1')>    0.15981
|3X^CV(10->12')>    0.10320
|3X^CV(10->14')>    0.06719
|3X^CV(9->7')>   -0.26511
|3X^CV(8->6')>   -0.26588
|3X^CV(7->9')>    0.06163
|3X^CV(6->8')>   -0.06164
|3X^CV(5->10')>    0.07308
|3X^CV(4->11')>   -0.07337
|3X^CV(3->3')>   -0.25665
|3X^CV(2->5')>   -0.09990
|3X^CV(1->4')>   -0.09952
TDMs with Triplet 'Ground' state
TDMX:-0.000   TDMY:-0.000   TDMZ:-0.000   Oscillator Strength:0.00000   <S**2>: 2.000
--------------------------------------------------------------------
TDMs with Singlet 'Ground' state
TDMX:0.000   TDMY:0.000   TDMZ:0.000   Oscillator Strength:0.00000   <S**2>: 2.000
--------------------------------------------------------------------


State 16 2.384 eV 
Excitation    CI Coef
|3^CS(14->0)>    0.05851
|3^CS(12->0)>    0.06849
|3^CS(14->0')>    0.05894
|3^CS(12->0')>   -0.06906
|3^SV(0->3')>   -0.07043
|3^SV(0->13')>   -0.05280
|3^SV(0->14')>   -0.06993
|3^SV(0'->3')>    0.07090
|3^SV(0'->13')>    0.05330
|3^SV(0'->14')>   -0.07047
|3S^CV(33->18')>   -0.05109
|3S^CV(20->3')>    0.08132
|3S^CV(20->21')>    0.05722
|3S^CV(19->1')>   -0.08081
|3S^CV(19->18')>   -0.08376
|3S^CV(19->20')>    0.05540
|3S^CV(18->3')>   -0.05279
|3S^CV(14->3')>    0.12482
|3S^CV(14->13')>    0.05197
|3S^CV(14->15')>    0.08123
|3S^CV(12->1')>    0.25027
|3S^CV(12->14')>    0.17627
|3S^CV(11->3')>   -0.12799
|3S^CV(11->13')>   -0.08427
|3S^CV(10->1')>    0.18395
|3S^CV(10->12')>    0.05944
|3S^CV(10->14')>    0.10328
|3S^CV(9->7')>   -0.33359
|3S^CV(8->6')>   -0.33456
|3S^CV(3->3')>   -0.28179
|3S^CV(3->13')>   -0.08611
|3X^CV(29->15')>    0.06377
|3X^CV(29->21')>    0.05613
|3X^CV(20->1')>    0.07226
|3X^CV(20->14')>   -0.06429
|3X^CV(19->15')>   -0.05217
|3X^CV(14->1')>    0.19681
|3X^CV(14->12')>   -0.06972
|3X^CV(14->14')>   -0.08562
|3X^CV(13->2')>    0.32152
|3X^CV(11->1')>    0.23904
|3X^CV(11->14')>   -0.09990
|3X^CV(9->6')>    0.08046
|3X^CV(8->7')>    0.07989
|3X^CV(3->1')>    0.30126
|3X^CV(3->12')>   -0.07497
|3X^CV(3->14')>   -0.07337
TDMs with Triplet 'Ground' state
TDMX:-0.087   TDMY:0.000   TDMZ:0.000   Oscillator Strength:0.00044   <S**2>: 2.000
--------------------------------------------------------------------
TDMs with Singlet 'Ground' state
TDMX:0.000   TDMY:0.000   TDMZ:0.000   Oscillator Strength:0.00000   <S**2>: 2.000
--------------------------------------------------------------------


State 17 2.475 eV 
Excitation    CI Coef
|5^CV(33->18')>    0.06658
|5^CV(32->15')>   -0.06115
|5^CV(32->21')>    0.05496
|5^CV(31->7')>    0.05332
|5^CV(30->6')>    0.05344
|5^CV(20->3')>   -0.10427
|5^CV(20->13')>   -0.05054
|5^CV(20->15')>    0.05619
|5^CV(20->21')>   -0.07511
|5^CV(19->1')>    0.11267
|5^CV(19->18')>    0.11003
|5^CV(19->20')>   -0.07202
|5^CV(18->3')>    0.05301
|5^CV(17->1')>    0.05296
|5^CV(14->3')>   -0.14101
|5^CV(14->13')>   -0.05396
|5^CV(14->15')>   -0.10165
|5^CV(14->21')>    0.05590
|5^CV(12->1')>   -0.30026
|5^CV(12->14')>   -0.20456
|5^CV(11->3')>    0.14146
|5^CV(11->13')>    0.11120
|5^CV(10->1')>   -0.23947
|5^CV(10->12')>   -0.09448
|5^CV(10->14')>   -0.12379
|5^CV(9->7')>    0.47211
|5^CV(8->6')>    0.47349
|5^CV(7->9')>   -0.06274
|5^CV(6->8')>    0.06281
|5^CV(5->10')>   -0.07458
|5^CV(4->11')>    0.07474
|5^CV(3->3')>    0.36320
|5^CV(3->13')>    0.09534
|5^CV(2->5')>    0.07539
|5^CV(1->4')>    0.07522
TDMs with Triplet 'Ground' state
TDMX:0.000   TDMY:0.000   TDMZ:0.000   Oscillator Strength:0.00000   <S**2>: 6.000
--------------------------------------------------------------------
TDMs with Singlet 'Ground' state
TDMX:0.000   TDMY:0.000   TDMZ:0.000   Oscillator Strength:0.00000   <S**2>: 6.000
--------------------------------------------------------------------


State 18 2.513 eV 
Excitation    CI Coef
|1^OS>    0.06710
|1^CS(14->0)>   -0.09378
|1^CS(12->0)>   -0.08960
|1^CS(14->0')>   -0.09387
|1^CS(12->0')>    0.08966
|1^SV(0->3')>   -0.09194
|1^SV(0->13')>   -0.06980
|1^SV(0->14')>   -0.10800
|1^SV(0'->3')>   -0.09200
|1^SV(0'->13')>   -0.06984
|1^SV(0'->14')>    0.10810
|1T^CV(33->15')>   -0.05303
|1T^CV(29->3')>    0.05689
|1T^CV(29->15')>   -0.09438
|1T^CV(29->21')>   -0.07964
|1T^CV(23->15')>    0.05481
|1T^CV(20->1')>   -0.18209
|1T^CV(20->14')>    0.05831
|1T^CV(19->21')>    0.08633
|1T^CV(18->1')>    0.08290
|1T^CV(14->1')>   -0.37288
|1T^CV(14->12')>    0.07379
|1T^CV(14->18')>    0.06887
|1T^CV(14->20')>   -0.05007
|1T^CV(13->2')>   -0.50782
|1T^CV(12->3')>   -0.15577
|1T^CV(12->13')>   -0.09630
|1T^CV(12->15')>   -0.08153
|1T^CV(11->1')>   -0.24571
|1T^CV(11->12')>    0.07066
|1T^CV(11->14')>    0.21232
|1T^CV(10->3')>   -0.11092
|1T^CV(9->6')>    0.19266
|1T^CV(8->7')>    0.19271
|1T^CV(3->1')>   -0.20300
|1T^CV(3->12')>    0.15458
|1T^CV(3->14')>    0.24339
|1T^CV(2->5')>    0.05794
|1T^CV(1->4')>   -0.05796
TDMs with Triplet 'Ground' state
TDMX:0.000   TDMY:0.000   TDMZ:0.000   Oscillator Strength:0.00000   <S**2>: 0.000
--------------------------------------------------------------------
TDMs with Singlet 'Ground' state
TDMX:0.000   TDMY:-0.000   TDMZ:-0.000   Oscillator Strength:0.00000   <S**2>: 0.000
--------------------------------------------------------------------


State 19 2.516 eV 
Excitation    CI Coef
|3S^CV(18->19')>   -0.07968
|3S^CV(17->20')>    0.07003
|3S^CV(16->16')>   -0.09746
|3S^CV(15->17')>   -0.08990
|3S^CV(12->12')>    0.09599
|3S^CV(11->3')>   -0.07795
|3S^CV(11->13')>    0.15993
|3S^CV(10->12')>   -0.19490
|3S^CV(10->14')>    0.06890
|3S^CV(7->8')>    0.16681
|3S^CV(7->9')>   -0.23662
|3S^CV(6->8')>    0.24896
|3S^CV(6->9')>    0.14704
|3S^CV(5->10')>   -0.29977
|3S^CV(4->11')>    0.27646
|3S^CV(3->3')>    0.06767
|3S^CV(3->13')>   -0.13181
|3S^CV(2->4')>   -0.05007
|3S^CV(2->5')>    0.26256
|3S^CV(1->4')>    0.28490
|3X^CV(18->20')>   -0.05029
|3X^CV(17->19')>    0.05994
|3X^CV(16->16')>   -0.07005
|3X^CV(15->17')>    0.06476
|3X^CV(13->2')>    0.05682
|3X^CV(12->13')>    0.07498
|3X^CV(11->12')>    0.10735
|3X^CV(11->14')>   -0.06451
|3X^CV(10->3')>    0.07681
|3X^CV(10->13')>   -0.13121
|3X^CV(7->8')>    0.18273
|3X^CV(7->9')>    0.09916
|3X^CV(6->8')>    0.11305
|3X^CV(6->9')>   -0.17416
|3X^CV(5->10')>   -0.21569
|3X^CV(4->11')>   -0.19942
|3X^CV(3->12')>   -0.11277
|3X^CV(2->5')>   -0.19146
|3X^CV(1->4')>    0.20691
TDMs with Triplet 'Ground' state
TDMX:-0.006   TDMY:0.000   TDMZ:0.000   Oscillator Strength:0.00000   <S**2>: 2.000
--------------------------------------------------------------------
TDMs with Singlet 'Ground' state
TDMX:0.000   TDMY:0.000   TDMZ:0.000   Oscillator Strength:0.00000   <S**2>: 2.000
--------------------------------------------------------------------


State 20 2.516 eV 
Excitation    CI Coef
|3S^CV(18->20')>   -0.06960
|3S^CV(17->19')>    0.08393
|3S^CV(16->16')>   -0.09117
|3S^CV(15->17')>    0.09863
|3S^CV(12->13')>    0.09945
|3S^CV(11->12')>    0.15964
|3S^CV(11->14')>   -0.07484
|3S^CV(10->3')>    0.10022
|3S^CV(10->13')>   -0.18792
|3S^CV(7->8')>    0.24501
|3S^CV(7->9')>    0.15904
|3S^CV(6->8')>    0.13995
|3S^CV(6->9')>   -0.25793
|3S^CV(5->10')>   -0.28100
|3S^CV(4->11')>   -0.30396
|3S^CV(3->12')>   -0.14863
|3S^CV(2->5')>   -0.29117
|3S^CV(1->4')>    0.26936
|3X^CV(18->19')>   -0.05640
|3X^CV(16->16')>   -0.06363
|3X^CV(15->17')>   -0.06900
|3X^CV(12->12')>    0.06822
|3X^CV(11->3')>   -0.05614
|3X^CV(11->13')>    0.11269
|3X^CV(10->12')>   -0.13763
|3X^CV(7->8')>    0.10395
|3X^CV(7->9')>   -0.17603
|3X^CV(6->8')>    0.16787
|3X^CV(6->9')>    0.11836
|3X^CV(5->10')>   -0.19579
|3X^CV(4->11')>    0.21234
|3X^CV(3->13')>   -0.09405
|3X^CV(2->5')>    0.20163
|3X^CV(1->4')>    0.18575
TDMs with Triplet 'Ground' state
TDMX:0.000   TDMY:-0.000   TDMZ:-0.000   Oscillator Strength:0.00000   <S**2>: 2.000
--------------------------------------------------------------------
TDMs with Singlet 'Ground' state
TDMX:0.000   TDMY:0.000   TDMZ:0.000   Oscillator Strength:0.00000   <S**2>: 2.000
--------------------------------------------------------------------


State 21 2.516 eV 
Excitation    CI Coef
|5^CV(37->19')>   -0.05471
|5^CV(35->17')>    0.05864
|5^CV(34->16')>    0.05894
|5^CV(18->18')>    0.05749
|5^CV(18->20')>    0.08462
|5^CV(17->19')>   -0.10240
|5^CV(16->16')>    0.11627
|5^CV(15->17')>   -0.11568
|5^CV(12->13')>   -0.11904
|5^CV(11->1')>   -0.05272
|5^CV(11->12')>   -0.19835
|5^CV(11->14')>    0.08530
|5^CV(10->3')>   -0.11945
|5^CV(10->13')>    0.23070
|5^CV(7->8')>   -0.30773
|5^CV(7->9')>   -0.18189
|5^CV(6->8')>   -0.18374
|5^CV(6->9')>    0.30724
|5^CV(5->10')>    0.35855
|5^CV(4->11')>    0.35673
|5^CV(3->12')>    0.17770
|5^CV(2->5')>    0.34148
|5^CV(1->4')>   -0.34322
TDMs with Triplet 'Ground' state
TDMX:0.000   TDMY:0.000   TDMZ:0.000   Oscillator Strength:0.00000   <S**2>: 6.000
--------------------------------------------------------------------
TDMs with Singlet 'Ground' state
TDMX:0.000   TDMY:0.000   TDMZ:0.000   Oscillator Strength:0.00000   <S**2>: 6.000
--------------------------------------------------------------------


State 22 2.518 eV 
Excitation    CI Coef
|5^CV(36->19')>    0.05430
|5^CV(35->17')>   -0.05763
|5^CV(34->16')>    0.05733
|5^CV(18->19')>    0.09599
|5^CV(17->18')>   -0.05770
|5^CV(17->20')>   -0.08516
|5^CV(16->16')>    0.11312
|5^CV(15->17')>    0.11372
|5^CV(12->1')>   -0.08538
|5^CV(12->12')>   -0.12800
|5^CV(11->3')>    0.12969
|5^CV(11->13')>   -0.17888
|5^CV(10->12')>    0.22604
|5^CV(10->14')>   -0.11530
|5^CV(9->7')>    0.11049
|5^CV(8->6')>    0.11081
|5^CV(7->8')>   -0.18930
|5^CV(7->9')>    0.29454
|5^CV(6->8')>   -0.29410
|5^CV(6->9')>   -0.19120
|5^CV(5->10')>    0.34831
|5^CV(4->11')>   -0.35016
|5^CV(3->13')>    0.18869
|5^CV(2->4')>    0.05898
|5^CV(2->5')>   -0.33193
|5^CV(1->4')>   -0.33018
|5^CV(1->5')>   -0.05917
TDMs with Triplet 'Ground' state
TDMX:0.000   TDMY:0.000   TDMZ:0.000   Oscillator Strength:0.00000   <S**2>: 6.000
--------------------------------------------------------------------
TDMs with Singlet 'Ground' state
TDMX:0.000   TDMY:0.000   TDMZ:0.000   Oscillator Strength:0.00000   <S**2>: 6.000
--------------------------------------------------------------------


State 23 2.527 eV 
Excitation    CI Coef
|3S^CV(18->16')>    0.08398
|3S^CV(17->16')>   -0.08701
|3S^CV(16->18')>    0.05394
|3S^CV(16->19')>    0.08975
|3S^CV(16->20')>    0.07551
|3S^CV(12->4')>   -0.10704
|3S^CV(11->4')>   -0.18670
|3S^CV(10->4')>    0.22198
|3S^CV(7->10')>   -0.30037
|3S^CV(6->10')>   -0.29022
|3S^CV(5->8')>    0.40784
|3S^CV(5->9')>   -0.09562
|3S^CV(3->4')>    0.15700
|3S^CV(1->3')>    0.11770
|3S^CV(1->12')>   -0.24262
|3S^CV(1->13')>   -0.23299
|3S^CV(1->14')>    0.08533
|3X^CV(18->16')>    0.05939
|3X^CV(17->16')>   -0.06154
|3X^CV(16->19')>    0.06348
|3X^CV(16->20')>    0.05340
|3X^CV(12->4')>   -0.07575
|3X^CV(11->4')>   -0.13200
|3X^CV(10->4')>    0.15703
|3X^CV(7->10')>   -0.21241
|3X^CV(6->10')>   -0.20524
|3X^CV(5->8')>    0.28841
|3X^CV(5->9')>   -0.06762
|3X^CV(3->4')>    0.11104
|3X^CV(1->3')>    0.08323
|3X^CV(1->12')>   -0.17157
|3X^CV(1->13')>   -0.16484
|3X^CV(1->14')>    0.06032
TDMs with Triplet 'Ground' state
TDMX:-0.000   TDMY:0.000   TDMZ:-0.000   Oscillator Strength:0.00000   <S**2>: 2.000
--------------------------------------------------------------------
TDMs with Singlet 'Ground' state
TDMX:0.000   TDMY:0.000   TDMZ:0.000   Oscillator Strength:0.00000   <S**2>: 2.000
--------------------------------------------------------------------


State 24 2.527 eV 
Excitation    CI Coef
|3S^CV(18->17')>   -0.08392
|3S^CV(17->17')>   -0.08706
|3S^CV(15->18')>    0.05401
|3S^CV(15->19')>   -0.08960
|3S^CV(15->20')>    0.07564
|3S^CV(12->5')>   -0.10716
|3S^CV(11->5')>    0.18642
|3S^CV(10->5')>    0.22216
|3S^CV(7->11')>    0.28929
|3S^CV(6->11')>   -0.30126
|3S^CV(4->8')>   -0.09561
|3S^CV(4->9')>   -0.40784
|3S^CV(3->5')>   -0.15702
|3S^CV(2->3')>   -0.11786
|3S^CV(2->12')>   -0.24248
|3S^CV(2->13')>    0.23308
|3S^CV(2->14')>    0.08533
|3X^CV(18->17')>    0.05935
|3X^CV(17->17')>    0.06157
|3X^CV(15->19')>    0.06337
|3X^CV(15->20')>   -0.05349
|3X^CV(12->5')>    0.07584
|3X^CV(11->5')>   -0.13181
|3X^CV(10->5')>   -0.15715
|3X^CV(7->11')>   -0.20458
|3X^CV(6->11')>    0.21304
|3X^CV(4->8')>    0.06761
|3X^CV(4->9')>    0.28841
|3X^CV(3->5')>    0.11106
|3X^CV(2->3')>    0.08334
|3X^CV(2->12')>    0.17147
|3X^CV(2->13')>   -0.16490
|3X^CV(2->14')>   -0.06032
TDMs with Triplet 'Ground' state
TDMX:0.000   TDMY:-0.000   TDMZ:0.000   Oscillator Strength:0.00000   <S**2>: 2.000
--------------------------------------------------------------------
TDMs with Singlet 'Ground' state
TDMX:0.000   TDMY:0.000   TDMZ:0.000   Oscillator Strength:0.00000   <S**2>: 2.000
--------------------------------------------------------------------


State 25 2.527 eV 
Excitation    CI Coef
|5^CV(37->16')>    0.05693
|5^CV(36->16')>   -0.05821
|5^CV(34->19')>   -0.05606
|5^CV(18->16')>   -0.10287
|5^CV(17->16')>    0.10657
|5^CV(16->18')>   -0.06606
|5^CV(16->19')>   -0.10993
|5^CV(16->20')>   -0.09249
|5^CV(12->4')>    0.13103
|5^CV(11->4')>    0.22877
|5^CV(10->4')>   -0.27184
|5^CV(7->10')>    0.36787
|5^CV(6->10')>    0.35548
|5^CV(5->8')>   -0.49952
|5^CV(5->9')>    0.11713
|5^CV(3->4')>   -0.19231
|5^CV(1->1')>    0.05715
|5^CV(1->3')>   -0.14416
|5^CV(1->12')>    0.29729
|5^CV(1->13')>    0.28525
|5^CV(1->14')>   -0.10459
TDMs with Triplet 'Ground' state
TDMX:0.000   TDMY:0.000   TDMZ:0.000   Oscillator Strength:0.00000   <S**2>: 6.000
--------------------------------------------------------------------
TDMs with Singlet 'Ground' state
TDMX:0.000   TDMY:0.000   TDMZ:0.000   Oscillator Strength:0.00000   <S**2>: 6.000
--------------------------------------------------------------------


State 26 2.527 eV 
Excitation    CI Coef
|5^CV(37->17')>   -0.05742
|5^CV(36->17')>   -0.05772
|5^CV(35->19')>    0.05597
|5^CV(18->17')>   -0.10280
|5^CV(17->17')>   -0.10663
|5^CV(15->18')>    0.06615
|5^CV(15->19')>   -0.10974
|5^CV(15->20')>    0.09265
|5^CV(12->5')>   -0.13118
|5^CV(11->5')>    0.22843
|5^CV(10->5')>    0.27206
|5^CV(7->11')>    0.35431
|5^CV(6->11')>   -0.36900
|5^CV(4->8')>   -0.11708
|5^CV(4->9')>   -0.49952
|5^CV(3->5')>   -0.19234
|5^CV(2->1')>   -0.05712
|5^CV(2->3')>   -0.14435
|5^CV(2->12')>   -0.29712
|5^CV(2->13')>    0.28535
|5^CV(2->14')>    0.10460
TDMs with Triplet 'Ground' state
TDMX:0.000   TDMY:0.000   TDMZ:0.000   Oscillator Strength:0.00000   <S**2>: 6.000
--------------------------------------------------------------------
TDMs with Singlet 'Ground' state
TDMX:0.000   TDMY:0.000   TDMZ:0.000   Oscillator Strength:0.00000   <S**2>: 6.000
--------------------------------------------------------------------


State 27 2.580 eV 
Excitation    CI Coef
|3^CS(14->0)>   -0.05694
|3^CS(14->0')>   -0.05707
|3^SV(0->14')>    0.05873
|3^SV(0'->14')>    0.05887
|3S^CV(19->1')>   -0.05826
|3S^CV(19->18')>   -0.05214
|3S^CV(14->3')>    0.05375
|3S^CV(12->1')>    0.13203
|3S^CV(12->14')>    0.06645
|3S^CV(11->3')>   -0.07565
|3S^CV(10->1')>    0.09634
|3S^CV(10->14')>    0.07029
|3S^CV(9->7')>   -0.24209
|3S^CV(8->6')>   -0.24279
|3S^CV(3->3')>   -0.14426
|3S^CV(3->13')>   -0.07241
|3X^CV(33->15')>   -0.05596
|3X^CV(29->3')>    0.05355
|3X^CV(29->15')>   -0.07618
|3X^CV(29->21')>   -0.06227
|3X^CV(20->1')>   -0.17174
|3X^CV(19->21')>    0.09237
|3X^CV(18->1')>    0.07146
|3X^CV(14->1')>   -0.31064
|3X^CV(14->18')>    0.06998
|3X^CV(14->20')>   -0.05601
|3X^CV(13->2')>   -0.42379
|3X^CV(12->3')>   -0.18313
|3X^CV(12->13')>   -0.07083
|3X^CV(12->15')>   -0.07221
|3X^CV(11->1')>   -0.15551
|3X^CV(11->12')>    0.08878
|3X^CV(11->14')>    0.16737
|3X^CV(10->3')>   -0.12320
|3X^CV(10->13')>   -0.05126
|3X^CV(10->15')>   -0.05016
|3X^CV(9->6')>    0.29764
|3X^CV(8->7')>    0.29731
|3X^CV(3->1')>   -0.08309
|3X^CV(3->12')>    0.10766
|3X^CV(3->14')>    0.24346
TDMs with Triplet 'Ground' state
TDMX:0.019   TDMY:-0.000   TDMZ:-0.000   Oscillator Strength:0.00002   <S**2>: 2.000
--------------------------------------------------------------------
TDMs with Singlet 'Ground' state
TDMX:0.000   TDMY:0.000   TDMZ:0.000   Oscillator Strength:0.00000   <S**2>: 2.000
--------------------------------------------------------------------


State 28 2.616 eV 
Excitation    CI Coef
|3S^CV(33->15')>   -0.06178
|3S^CV(29->3')>    0.05652
|3S^CV(29->15')>   -0.07767
|3S^CV(29->21')>   -0.06233
|3S^CV(20->1')>   -0.18449
|3S^CV(19->21')>    0.10285
|3S^CV(18->1')>    0.07299
|3S^CV(14->1')>   -0.31363
|3S^CV(14->18')>    0.07701
|3S^CV(14->20')>   -0.05961
|3S^CV(13->2')>   -0.43991
|3S^CV(12->3')>   -0.20060
|3S^CV(12->13')>   -0.07257
|3S^CV(12->15')>   -0.07326
|3S^CV(11->1')>   -0.13940
|3S^CV(11->12')>    0.08955
|3S^CV(11->14')>    0.16838
|3S^CV(10->3')>   -0.14203
|3S^CV(10->13')>   -0.05850
|3S^CV(10->15')>   -0.05368
|3S^CV(9->6')>    0.36571
|3S^CV(8->7')>    0.36519
|3S^CV(3->1')>   -0.05134
|3S^CV(3->12')>    0.11083
|3S^CV(3->14')>    0.25877
|3X^CV(12->1')>    0.08532
|3X^CV(10->1')>    0.06246
|3X^CV(9->7')>   -0.16901
|3X^CV(8->6')>   -0.16950
|3X^CV(3->3')>   -0.09423
TDMs with Triplet 'Ground' state
TDMX:-0.000   TDMY:0.000   TDMZ:0.000   Oscillator Strength:0.00000   <S**2>: 2.000
--------------------------------------------------------------------
TDMs with Singlet 'Ground' state
TDMX:0.000   TDMY:0.000   TDMZ:0.000   Oscillator Strength:0.00000   <S**2>: 2.000
--------------------------------------------------------------------


State 29 2.642 eV 
Excitation    CI Coef
|5^CV(33->15')>   -0.06572
|5^CV(29->3')>    0.05856
|5^CV(29->15')>   -0.07920
|5^CV(29->21')>   -0.06265
|5^CV(20->1')>   -0.19365
|5^CV(19->21')>    0.11017
|5^CV(18->1')>    0.07361
|5^CV(14->1')>   -0.31369
|5^CV(14->18')>    0.08135
|5^CV(14->20')>   -0.06171
|5^CV(13->2')>   -0.45458
|5^CV(12->3')>   -0.20956
|5^CV(12->13')>   -0.07002
|5^CV(12->15')>   -0.07247
|5^CV(11->1')>   -0.12844
|5^CV(11->12')>    0.09200
|5^CV(11->14')>    0.16628
|5^CV(10->3')>   -0.15196
|5^CV(10->13')>   -0.06559
|5^CV(10->15')>   -0.05585
|5^CV(9->6')>    0.41736
|5^CV(8->7')>    0.41673
|5^CV(3->12')>    0.11065
|5^CV(3->14')>    0.26840
TDMs with Triplet 'Ground' state
TDMX:0.000   TDMY:0.000   TDMZ:0.000   Oscillator Strength:0.00000   <S**2>: 6.000
--------------------------------------------------------------------
TDMs with Singlet 'Ground' state
TDMX:0.000   TDMY:0.000   TDMZ:0.000   Oscillator Strength:0.00000   <S**2>: 6.000
--------------------------------------------------------------------


State 30 2.677 eV 
Excitation    CI Coef
|3^CS(9->0)>   -0.35451
|3^CS(8->0)>   -0.35592
|3^CS(9->0')>   -0.17984
|3^CS(8->0')>    0.15283
|3^SV(0->6')>   -0.15875
|3^SV(0->7')>   -0.16118
|3^SV(0'->6')>   -0.07881
|3^SV(0'->7')>    0.07054
|3T^CV(12->7')>   -0.05634
|3T^CV(9->1')>   -0.09639
|3T^CV(9->14')>   -0.06076
|3T^CV(8->3')>   -0.06628
|3T^CV(8->13')>   -0.06789
|3S^CV(14->7')>    0.05445
|3S^CV(12->6')>    0.09131
|3S^CV(11->7')>   -0.05152
|3S^CV(9->1')>   -0.08908
|3S^CV(9->3')>   -0.20939
|3S^CV(9->13')>   -0.12200
|3S^CV(8->1')>   -0.25982
|3S^CV(8->3')>   -0.07965
|3S^CV(8->14')>   -0.14052
|3S^CV(3->7')>   -0.07423
|3X^CV(14->6')>    0.07660
|3X^CV(12->7')>    0.12998
|3X^CV(11->6')>   -0.07355
|3X^CV(10->7')>    0.06190
|3X^CV(9->1')>   -0.36939
|3X^CV(9->3')>   -0.10358
|3X^CV(9->13')>   -0.05928
|3X^CV(9->14')>   -0.19934
|3X^CV(8->1')>   -0.14029
|3X^CV(8->3')>   -0.30118
|3X^CV(8->13')>   -0.17251
|3X^CV(8->14')>   -0.07577
|3X^CV(3->6')>   -0.10464
TDMs with Triplet 'Ground' state
TDMX:-0.000   TDMY:-0.077   TDMZ:-0.100   Oscillator Strength:0.00105   <S**2>: 2.000
--------------------------------------------------------------------
TDMs with Singlet 'Ground' state
TDMX:0.000   TDMY:0.000   TDMZ:0.000   Oscillator Strength:0.00000   <S**2>: 2.000
--------------------------------------------------------------------


State 31 2.677 eV 
Excitation    CI Coef
|3^CS(9->0)>   -0.15254
|3^CS(8->0)>   -0.17967
|3^CS(9->0')>    0.35557
|3^CS(8->0')>   -0.35438
|3^SV(0->6')>   -0.07128
|3^SV(0->7')>   -0.07907
|3^SV(0'->6')>    0.16175
|3^SV(0'->7')>   -0.15825
|3T^CV(12->6')>   -0.05704
|3T^CV(9->3')>   -0.06540
|3T^CV(9->13')>   -0.06750
|3T^CV(8->1')>   -0.09545
|3T^CV(8->14')>   -0.06030
|3S^CV(14->6')>    0.05471
|3S^CV(12->7')>    0.09113
|3S^CV(11->6')>   -0.05175
|3S^CV(9->1')>   -0.25981
|3S^CV(9->3')>    0.07952
|3S^CV(9->14')>   -0.14049
|3S^CV(8->1')>    0.08946
|3S^CV(8->3')>   -0.20935
|3S^CV(8->13')>   -0.12197
|3S^CV(3->6')>   -0.07449
|3X^CV(14->7')>    0.07640
|3X^CV(12->6')>    0.13049
|3X^CV(11->7')>   -0.07352
|3X^CV(10->6')>    0.06212
|3X^CV(9->1')>    0.14069
|3X^CV(9->3')>   -0.30118
|3X^CV(9->13')>   -0.17245
|3X^CV(9->14')>    0.07580
|3X^CV(8->1')>   -0.36980
|3X^CV(8->3')>    0.10338
|3X^CV(8->13')>    0.05924
|3X^CV(8->14')>   -0.19942
|3X^CV(3->7')>   -0.10454
TDMs with Triplet 'Ground' state
TDMX:-0.000   TDMY:-0.213   TDMZ:-0.276   Oscillator Strength:0.00799   <S**2>: 2.000
--------------------------------------------------------------------
TDMs with Singlet 'Ground' state
TDMX:0.000   TDMY:0.000   TDMZ:0.000   Oscillator Strength:0.00000   <S**2>: 2.000
--------------------------------------------------------------------


State 32 2.699 eV 
Excitation    CI Coef
|1^CS(9->0)>    0.31234
|1^CS(8->0)>    0.34401
|1^CS(9->0')>   -0.17595
|1^CS(8->0')>    0.20594
|1^SV(0->6')>   -0.15350
|1^SV(0->7')>   -0.16227
|1^SV(0'->6')>   -0.08988
|1^SV(0'->7')>    0.09309
|1S^CV(12->7')>   -0.05930
|1S^CV(9->1')>   -0.09546
|1S^CV(9->14')>   -0.05930
|1S^CV(8->3')>   -0.06834
|1S^CV(8->13')>   -0.07069
|1T^CV(18->7')>    0.05399
|1T^CV(14->7')>   -0.09912
|1T^CV(12->6')>   -0.16725
|1T^CV(11->7')>    0.09731
|1T^CV(10->6')>   -0.07912
|1T^CV(9->1')>    0.11839
|1T^CV(9->3')>    0.37982
|1T^CV(9->13')>    0.21266
|1T^CV(9->14')>    0.06307
|1T^CV(8->1')>    0.47831
|1T^CV(8->3')>    0.10752
|1T^CV(8->13')>    0.06016
|1T^CV(8->14')>    0.25430
|1T^CV(3->7')>    0.13703
TDMs with Triplet 'Ground' state
TDMX:0.000   TDMY:0.000   TDMZ:0.000   Oscillator Strength:0.00000   <S**2>: 0.000
--------------------------------------------------------------------
TDMs with Singlet 'Ground' state
TDMX:0.000   TDMY:-0.054   TDMZ:-0.070   Oscillator Strength:0.00052   <S**2>: 0.000
--------------------------------------------------------------------


State 33 2.700 eV 
Excitation    CI Coef
|1^CS(9->0)>   -0.20571
|1^CS(8->0)>   -0.17576
|1^CS(9->0')>   -0.34364
|1^CS(8->0')>    0.31216
|1^SV(0->6')>    0.09397
|1^SV(0->7')>    0.09013
|1^SV(0'->6')>   -0.16293
|1^SV(0'->7')>    0.15304
|1S^CV(12->6')>    0.06002
|1S^CV(9->3')>    0.06750
|1S^CV(9->13')>    0.07033
|1S^CV(8->1')>    0.09454
|1S^CV(8->14')>    0.05885
|1T^CV(18->6')>   -0.05429
|1T^CV(14->6')>    0.09967
|1T^CV(12->7')>    0.16698
|1T^CV(11->6')>   -0.09778
|1T^CV(10->7')>    0.07899
|1T^CV(9->1')>   -0.47841
|1T^CV(9->3')>    0.10726
|1T^CV(9->13')>    0.06009
|1T^CV(9->14')>   -0.25429
|1T^CV(8->1')>    0.11902
|1T^CV(8->3')>   -0.37986
|1T^CV(8->13')>   -0.21264
|1T^CV(8->14')>    0.06314
|1T^CV(3->6')>   -0.13757
TDMs with Triplet 'Ground' state
TDMX:0.000   TDMY:0.000   TDMZ:0.000   Oscillator Strength:0.00000   <S**2>: 0.000
--------------------------------------------------------------------
TDMs with Singlet 'Ground' state
TDMX:0.000   TDMY:0.204   TDMZ:0.265   Oscillator Strength:0.00740   <S**2>: 0.000
--------------------------------------------------------------------


State 34 2.836 eV 
Excitation    CI Coef
|3^CS(5->0')>   -0.55817
|3^SV(0'->10')>   -0.40161
|3T^CV(12->10')>    0.05703
|3T^CV(11->10')>    0.07361
|3T^CV(10->10')>   -0.06177
|3T^CV(7->4')>   -0.05457
|3T^CV(6->4')>   -0.05254
|3T^CV(5->12')>    0.08774
|3T^CV(5->13')>    0.10619
|3T^CV(5->14')>   -0.05953
|3T^CV(1->8')>    0.07175
|3S^CV(18->10')>    0.06201
|3S^CV(17->10')>   -0.06012
|3S^CV(12->10')>    0.06648
|3S^CV(11->10')>    0.10221
|3S^CV(10->10')>   -0.10339
|3S^CV(7->4')>    0.12600
|3S^CV(6->4')>    0.12184
|3S^CV(5->12')>   -0.14626
|3S^CV(5->13')>   -0.16090
|3S^CV(5->14')>    0.07712
|3S^CV(3->10')>   -0.06561
|3S^CV(1->8')>    0.15005
|3X^CV(18->10')>   -0.08765
|3X^CV(17->10')>    0.08506
|3X^CV(16->8')>   -0.05743
|3X^CV(12->10')>   -0.09387
|3X^CV(11->10')>   -0.14454
|3X^CV(10->10')>    0.14644
|3X^CV(7->4')>   -0.17862
|3X^CV(6->4')>   -0.17177
|3X^CV(5->12')>    0.20696
|3X^CV(5->13')>    0.22712
|3X^CV(5->14')>   -0.10945
|3X^CV(5->19')>   -0.05456
|3X^CV(5->20')>   -0.05959
|3X^CV(3->10')>    0.09245
|3X^CV(1->8')>   -0.21275
TDMs with Triplet 'Ground' state
TDMX:-0.000   TDMY:0.027   TDMZ:-0.066   Oscillator Strength:0.00036   <S**2>: 2.000
--------------------------------------------------------------------
TDMs with Singlet 'Ground' state
TDMX:0.000   TDMY:0.000   TDMZ:0.000   Oscillator Strength:0.00000   <S**2>: 2.000
--------------------------------------------------------------------


State 35 2.836 eV 
Excitation    CI Coef
|3^CS(4->0)>   -0.55810
|3^SV(0->11')>   -0.40151
|3T^CV(12->11')>   -0.05708
|3T^CV(11->11')>    0.07349
|3T^CV(10->11')>    0.06180
|3T^CV(7->5')>   -0.05255
|3T^CV(6->5')>    0.05452
|3T^CV(4->12')>    0.08767
|3T^CV(4->13')>   -0.10622
|3T^CV(4->14')>   -0.05952
|3T^CV(2->9')>   -0.07151
|3S^CV(18->11')>   -0.06196
|3S^CV(17->11')>   -0.06014
|3S^CV(12->11')>    0.06654
|3S^CV(11->11')>   -0.10204
|3S^CV(10->11')>   -0.10345
|3S^CV(7->5')>   -0.12131
|3S^CV(6->5')>    0.12644
|3S^CV(4->12')>    0.14615
|3S^CV(4->13')>   -0.16093
|3S^CV(4->14')>   -0.07711
|3S^CV(3->11')>    0.06560
|3S^CV(2->9')>    0.15040
|3X^CV(18->11')>   -0.08758
|3X^CV(17->11')>   -0.08510
|3X^CV(15->9')>    0.05741
|3X^CV(12->11')>    0.09396
|3X^CV(11->11')>   -0.14430
|3X^CV(10->11')>   -0.14653
|3X^CV(7->5')>   -0.17203
|3X^CV(6->5')>    0.17829
|3X^CV(4->12')>    0.20681
|3X^CV(4->13')>   -0.22717
|3X^CV(4->14')>   -0.10944
|3X^CV(4->19')>    0.05444
|3X^CV(4->20')>   -0.05968
|3X^CV(3->11')>    0.09245
|3X^CV(2->8')>    0.05105
|3X^CV(2->9')>    0.21206
TDMs with Triplet 'Ground' state
TDMX:0.001   TDMY:-0.025   TDMZ:0.061   Oscillator Strength:0.00030   <S**2>: 2.000
--------------------------------------------------------------------
TDMs with Singlet 'Ground' state
TDMX:0.000   TDMY:0.000   TDMZ:0.000   Oscillator Strength:0.00000   <S**2>: 2.000
--------------------------------------------------------------------


State 36 2.837 eV 
Excitation    CI Coef
|3^CS(7->0')>   -0.40225
|3^CS(6->0')>   -0.38828
|3^SV(0'->8')>    0.38997
|3^SV(0'->9')>   -0.09149
|3T^CV(12->8')>   -0.05537
|3T^CV(11->8')>   -0.07097
|3T^CV(10->8')>    0.06019
|3T^CV(7->12')>    0.06212
|3T^CV(7->13')>    0.07864
|3T^CV(6->12')>    0.06317
|3T^CV(6->13')>    0.07199
|3T^CV(5->4')>   -0.07652
|3T^CV(1->10')>   -0.07120
|3S^CV(18->8')>   -0.05946
|3S^CV(17->8')>    0.05707
|3S^CV(12->8')>   -0.06456
|3S^CV(11->8')>   -0.09990
|3S^CV(10->8')>    0.10004
|3S^CV(7->12')>   -0.10780
|3S^CV(7->13')>   -0.11320
|3S^CV(7->14')>    0.05700
|3S^CV(6->12')>   -0.09876
|3S^CV(6->13')>   -0.11516
|3S^CV(6->14')>    0.05211
|3S^CV(5->4')>    0.17619
|3S^CV(3->8')>    0.06380
|3S^CV(1->10')>   -0.15494
|3X^CV(18->8')>    0.08329
|3X^CV(17->8')>   -0.08147
|3X^CV(16->10')>    0.06151
|3X^CV(12->8')>    0.09199
|3X^CV(11->8')>    0.14001
|3X^CV(10->8')>   -0.14298
|3X^CV(7->12')>    0.14546
|3X^CV(7->13')>    0.16757
|3X^CV(7->14')>   -0.07714
|3X^CV(6->12')>    0.14809
|3X^CV(6->13')>    0.15339
|3X^CV(6->14')>   -0.07837
|3X^CV(5->4')>   -0.24913
|3X^CV(3->8')>   -0.08910
|3X^CV(1->10')>    0.21913
TDMs with Triplet 'Ground' state
TDMX:-0.031   TDMY:-0.000   TDMZ:0.001   Oscillator Strength:0.00007   <S**2>: 2.000
--------------------------------------------------------------------
TDMs with Singlet 'Ground' state
TDMX:0.000   TDMY:0.000   TDMZ:0.000   Oscillator Strength:0.00000   <S**2>: 2.000
--------------------------------------------------------------------


State 37 2.837 eV 
Excitation    CI Coef
|3^CS(7->0)>   -0.38759
|3^CS(6->0)>    0.40282
|3^SV(0->8')>    0.09144
|3^SV(0->9')>    0.38988
|3T^CV(12->9')>    0.05541
|3T^CV(11->9')>   -0.07085
|3T^CV(10->9')>   -0.06021
|3T^CV(7->12')>    0.06303
|3T^CV(7->13')>   -0.07185
|3T^CV(6->12')>   -0.06216
|3T^CV(6->13')>    0.07881
|3T^CV(4->5')>   -0.07649
|3T^CV(2->11')>    0.07114
|3S^CV(18->9')>    0.05941
|3S^CV(17->9')>    0.05709
|3S^CV(12->9')>   -0.06463
|3S^CV(11->9')>    0.09973
|3S^CV(10->9')>    0.10011
|3S^CV(7->12')>    0.09840
|3S^CV(7->13')>   -0.11497
|3S^CV(7->14')>   -0.05207
|3S^CV(6->12')>   -0.10800
|3S^CV(6->13')>    0.11342
|3S^CV(6->14')>    0.05702
|3S^CV(4->5')>   -0.17616
|3S^CV(3->9')>   -0.06381
|3S^CV(2->11')>   -0.15491
|3X^CV(18->9')>    0.08323
|3X^CV(17->9')>    0.08151
|3X^CV(15->11')>   -0.06148
|3X^CV(12->9')>   -0.09207
|3X^CV(11->9')>    0.13978
|3X^CV(10->9')>    0.14306
|3X^CV(7->12')>    0.14758
|3X^CV(7->13')>   -0.15312
|3X^CV(7->14')>   -0.07832
|3X^CV(6->12')>   -0.14571
|3X^CV(6->13')>    0.16790
|3X^CV(6->14')>    0.07717
|3X^CV(4->5')>   -0.24905
|3X^CV(3->9')>   -0.08911
|3X^CV(2->11')>   -0.21897
TDMs with Triplet 'Ground' state
TDMX:-0.032   TDMY:-0.001   TDMZ:0.002   Oscillator Strength:0.00007   <S**2>: 2.000
--------------------------------------------------------------------
TDMs with Singlet 'Ground' state
TDMX:0.000   TDMY:0.000   TDMZ:0.000   Oscillator Strength:0.00000   <S**2>: 2.000
--------------------------------------------------------------------


State 38 2.860 eV 
Excitation    CI Coef
|1^CS(5->0')>   -0.52580
|1^SV(0'->10')>   -0.42429
|1S^CV(12->10')>    0.05973
|1S^CV(11->10')>    0.07664
|1S^CV(10->10')>   -0.06352
|1S^CV(7->4')>   -0.05548
|1S^CV(6->4')>   -0.05383
|1S^CV(5->12')>    0.08602
|1S^CV(5->13')>    0.10356
|1S^CV(5->14')>   -0.05699
|1S^CV(1->8')>    0.07218
|1T^CV(18->10')>   -0.11031
|1T^CV(17->10')>    0.10716
|1T^CV(16->8')>   -0.06954
|1T^CV(12->10')>   -0.12349
|1T^CV(11->10')>   -0.18834
|1T^CV(10->10')>    0.19071
|1T^CV(7->4')>   -0.22027
|1T^CV(6->4')>   -0.21131
|1T^CV(5->3')>   -0.06107
|1T^CV(5->12')>    0.24991
|1T^CV(5->13')>    0.27338
|1T^CV(5->14')>   -0.12974
|1T^CV(5->19')>   -0.06402
|1T^CV(5->20')>   -0.06953
|1T^CV(3->10')>    0.11977
|1T^CV(1->8')>   -0.27624
|1T^CV(1->9')>    0.06160
TDMs with Triplet 'Ground' state
TDMX:0.000   TDMY:0.000   TDMZ:0.000   Oscillator Strength:0.00000   <S**2>: 0.000
--------------------------------------------------------------------
TDMs with Singlet 'Ground' state
TDMX:-0.000   TDMY:0.011   TDMZ:-0.025   Oscillator Strength:0.00005   <S**2>: 0.000
--------------------------------------------------------------------


State 39 2.860 eV 
Excitation    CI Coef
|1^CS(4->0)>   -0.52574
|1^SV(0->11')>    0.42422
|1S^CV(12->11')>    0.05979
|1S^CV(11->11')>   -0.07652
|1S^CV(10->11')>   -0.06356
|1S^CV(7->5')>    0.05340
|1S^CV(6->5')>   -0.05585
|1S^CV(4->12')>   -0.08595
|1S^CV(4->13')>    0.10358
|1S^CV(4->14')>    0.05698
|1S^CV(2->9')>    0.07253
|1T^CV(18->11')>   -0.11022
|1T^CV(17->11')>   -0.10721
|1T^CV(15->9')>    0.06953
|1T^CV(12->11')>    0.12361
|1T^CV(11->11')>   -0.18804
|1T^CV(10->11')>   -0.19084
|1T^CV(7->5')>   -0.21216
|1T^CV(6->5')>    0.21936
|1T^CV(4->3')>    0.06114
|1T^CV(4->12')>    0.24974
|1T^CV(4->13')>   -0.27344
|1T^CV(4->14')>   -0.12973
|1T^CV(4->19')>    0.06389
|1T^CV(4->20')>   -0.06964
|1T^CV(3->11')>    0.11977
|1T^CV(2->8')>    0.06758
|1T^CV(2->9')>    0.27473
TDMs with Triplet 'Ground' state
TDMX:0.000   TDMY:0.000   TDMZ:0.000   Oscillator Strength:0.00000   <S**2>: 0.000
--------------------------------------------------------------------
TDMs with Singlet 'Ground' state
TDMX:-0.000   TDMY:0.013   TDMZ:-0.029   Oscillator Strength:0.00007   <S**2>: 0.000
--------------------------------------------------------------------


State 40 2.861 eV 
Excitation    CI Coef
|1^CS(7->0')>   -0.37925
|1^CS(6->0')>   -0.36609
|1^SV(0'->8')>    0.41353
|1^SV(0'->9')>   -0.09700
|1S^CV(12->8')>   -0.05772
|1S^CV(11->8')>   -0.07488
|1S^CV(10->8')>    0.06163
|1S^CV(7->12')>    0.06411
|1S^CV(7->13')>    0.07279
|1S^CV(6->12')>    0.05796
|1S^CV(6->13')>    0.07493
|1S^CV(5->4')>   -0.07782
|1S^CV(1->10')>   -0.07251
|1T^CV(18->8')>    0.10531
|1T^CV(17->8')>   -0.10310
|1T^CV(16->10')>    0.07445
|1T^CV(12->8')>    0.12141
|1T^CV(11->8')>    0.18307
|1T^CV(10->8')>   -0.18685
|1T^CV(7->12')>    0.17510
|1T^CV(7->13')>    0.20282
|1T^CV(7->14')>   -0.09113
|1T^CV(6->12')>    0.18040
|1T^CV(6->13')>    0.18343
|1T^CV(6->14')>   -0.09371
|1T^CV(5->4')>   -0.30745
|1T^CV(3->8')>   -0.11582
|1T^CV(1->10')>    0.28475
TDMs with Triplet 'Ground' state
TDMX:0.000   TDMY:0.000   TDMZ:0.000   Oscillator Strength:0.00000   <S**2>: 0.000
--------------------------------------------------------------------
TDMs with Singlet 'Ground' state
TDMX:-0.003   TDMY:-0.000   TDMZ:0.000   Oscillator Strength:0.00000   <S**2>: 0.000
--------------------------------------------------------------------


State 41 2.861 eV 
Excitation    CI Coef
|1^CS(7->0)>   -0.36545
|1^CS(6->0)>    0.37980
|1^SV(0->8')>   -0.09698
|1^SV(0->9')>   -0.41346
|1S^CV(12->9')>   -0.05777
|1S^CV(11->9')>    0.07477
|1S^CV(10->9')>    0.06167
|1S^CV(7->12')>   -0.05783
|1S^CV(7->13')>    0.07481
|1S^CV(6->12')>    0.06415
|1S^CV(6->13')>   -0.07293
|1S^CV(4->5')>    0.07780
|1S^CV(2->11')>   -0.07250
|1T^CV(18->9')>    0.10522
|1T^CV(17->9')>    0.10316
|1T^CV(15->11')>   -0.07442
|1T^CV(12->9')>   -0.12153
|1T^CV(11->9')>    0.18277
|1T^CV(10->9')>    0.18697
|1T^CV(7->12')>    0.17978
|1T^CV(7->13')>   -0.18313
|1T^CV(7->14')>   -0.09364
|1T^CV(6->12')>   -0.17542
|1T^CV(6->13')>    0.20322
|1T^CV(6->14')>    0.09118
|1T^CV(4->5')>   -0.30736
|1T^CV(3->9')>   -0.11583
|1T^CV(2->11')>   -0.28453
TDMs with Triplet 'Ground' state
TDMX:0.000   TDMY:0.000   TDMZ:0.000   Oscillator Strength:0.00000   <S**2>: 0.000
--------------------------------------------------------------------
TDMs with Singlet 'Ground' state
TDMX:0.003   TDMY:0.000   TDMZ:-0.001   Oscillator Strength:0.00000   <S**2>: 0.000
--------------------------------------------------------------------


State 42 3.025 eV 
Excitation    CI Coef
|1^ZW->    0.26096
|1^CS(17->0)>    0.05839
|1^CS(14->0)>    0.06424
|1^CS(10->0)>    0.17315
|1^CS(3->0)>   -0.14346
|1^CS(17->0')>    0.05840
|1^CS(14->0')>   -0.06425
|1^CS(10->0')>    0.17320
|1^CS(3->0')>    0.14357
|1^SV(0->1')>   -0.39603
|1^SV(0->3')>   -0.11734
|1^SV(0->14')>   -0.06278
|1^SV(0'->1')>   -0.39663
|1^SV(0'->3')>    0.11738
|1^SV(0'->14')>   -0.06293
|1S^CV(18->1')>    0.07804
|1S^CV(14->1')>   -0.05740
|1S^CV(12->3')>   -0.06060
|1S^CV(11->1')>    0.20523
|1S^CV(10->13')>   -0.05722
|1S^CV(3->1')>    0.12350
|1T^CV(19->1')>   -0.05401
|1T^CV(17->1')>    0.12321
|1T^CV(12->1')>   -0.23702
|1T^CV(10->1')>    0.14990
|1T^CV(10->14')>    0.07350
|1T^CV(9->7')>   -0.33675
|1T^CV(8->6')>   -0.33779
|1T^CV(3->3')>   -0.06721
|1T^CV(3->13')>   -0.06563
TDMs with Triplet 'Ground' state
TDMX:0.000   TDMY:0.000   TDMZ:0.000   Oscillator Strength:0.00000   <S**2>: 0.000
--------------------------------------------------------------------
TDMs with Singlet 'Ground' state
TDMX:-2.258   TDMY:-0.000   TDMZ:0.000   Oscillator Strength:0.37776   <S**2>: 0.000
--------------------------------------------------------------------


State 43 3.067 eV 
Excitation    CI Coef
|3S^CV(12->6')>    0.06891
|3S^CV(12->7')>   -0.05675
|3S^CV(11->7')>   -0.05289
|3S^CV(9->1')>    0.39814
|3S^CV(9->3')>   -0.33063
|3S^CV(9->13')>   -0.12675
|3S^CV(9->14')>    0.13059
|3S^CV(8->1')>   -0.45158
|3S^CV(8->3')>    0.27311
|3S^CV(8->13')>    0.10470
|3S^CV(8->14')>   -0.14805
|3S^CV(8->18')>   -0.05466
|3S^CV(3->6')>    0.07932
|3S^CV(3->7')>   -0.08956
|3X^CV(9->1')>    0.32837
|3X^CV(9->3')>   -0.19798
|3X^CV(9->13')>   -0.07365
|3X^CV(9->14')>    0.10748
|3X^CV(8->1')>   -0.27138
|3X^CV(8->3')>    0.22457
|3X^CV(8->13')>    0.08354
|3X^CV(8->14')>   -0.08876
|3X^CV(3->6')>    0.06412
|3X^CV(3->7')>   -0.05272
TDMs with Triplet 'Ground' state
TDMX:0.000   TDMY:-0.002   TDMZ:-0.003   Oscillator Strength:0.00000   <S**2>: 2.000
--------------------------------------------------------------------
TDMs with Singlet 'Ground' state
TDMX:0.000   TDMY:0.000   TDMZ:0.000   Oscillator Strength:0.00000   <S**2>: 2.000
--------------------------------------------------------------------


State 44 3.067 eV 
Excitation    CI Coef
|3S^CV(12->6')>   -0.05688
|3S^CV(12->7')>   -0.06896
|3S^CV(11->6')>    0.05294
|3S^CV(9->1')>    0.45119
|3S^CV(9->3')>    0.27340
|3S^CV(9->13')>    0.10479
|3S^CV(9->14')>    0.14809
|3S^CV(9->18')>    0.05471
|3S^CV(8->1')>    0.39798
|3S^CV(8->3')>    0.33100
|3S^CV(8->13')>    0.12686
|3S^CV(8->14')>    0.13057
|3S^CV(3->6')>    0.08973
|3S^CV(3->7')>    0.07913
|3X^CV(9->1')>   -0.27107
|3X^CV(9->3')>   -0.22476
|3X^CV(9->13')>   -0.08359
|3X^CV(9->14')>   -0.08879
|3X^CV(8->1')>   -0.32834
|3X^CV(8->3')>   -0.19826
|3X^CV(8->13')>   -0.07374
|3X^CV(8->14')>   -0.10746
|3X^CV(3->6')>   -0.05283
|3X^CV(3->7')>   -0.06395
TDMs with Triplet 'Ground' state
TDMX:0.000   TDMY:-0.002   TDMZ:-0.003   Oscillator Strength:0.00000   <S**2>: 2.000
--------------------------------------------------------------------
TDMs with Singlet 'Ground' state
TDMX:0.000   TDMY:0.000   TDMZ:0.000   Oscillator Strength:0.00000   <S**2>: 2.000
--------------------------------------------------------------------


State 45 3.070 eV 
Excitation    CI Coef
|3^CS(11->0)>    0.06611
|3^CS(10->0)>    0.16982
|3^CS(3->0)>   -0.17045
|3^CS(11->0')>    0.06645
|3^CS(10->0')>   -0.17011
|3^CS(3->0')>   -0.17077
|3^SV(0->1')>    0.37254
|3^SV(0->3')>    0.17014
|3^SV(0->14')>    0.05098
|3^SV(0'->1')>    0.37380
|3^SV(0'->3')>   -0.17049
|3^SV(0'->14')>    0.05119
|3T^CV(18->1')>   -0.07217
|3T^CV(14->1')>    0.05474
|3T^CV(12->3')>    0.07999
|3T^CV(11->1')>   -0.19017
|3T^CV(10->13')>    0.05691
|3T^CV(3->1')>   -0.13465
|3T^CV(3->12')>    0.05314
|3S^CV(17->1')>    0.06848
|3S^CV(12->1')>   -0.13338
|3S^CV(10->1')>    0.07790
|3S^CV(9->7')>   -0.21606
|3S^CV(8->6')>   -0.21680
|3X^CV(18->1')>    0.11310
|3X^CV(14->1')>   -0.11802
|3X^CV(13->2')>   -0.10778
|3X^CV(12->3')>   -0.06025
|3X^CV(11->1')>    0.16235
|3X^CV(10->3')>    0.05904
|3X^CV(10->13')>    0.05366
|3X^CV(9->6')>   -0.29530
|3X^CV(8->7')>   -0.29419
|3X^CV(7->8')>    0.05589
|3X^CV(6->9')>   -0.05576
|3X^CV(5->10')>   -0.06433
|3X^CV(4->11')>   -0.06417
|3X^CV(3->1')>   -0.07000
TDMs with Triplet 'Ground' state
TDMX:2.354   TDMY:0.000   TDMZ:-0.000   Oscillator Strength:0.41691   <S**2>: 2.000
--------------------------------------------------------------------
TDMs with Singlet 'Ground' state
TDMX:0.000   TDMY:0.000   TDMZ:0.000   Oscillator Strength:0.00000   <S**2>: 2.000
--------------------------------------------------------------------


State 46 3.070 eV 
Excitation    CI Coef
|1^ZW+>   -0.23642
|1^CS(18->0)>    0.05404
|1^CS(12->0)>    0.06020
|1^CS(11->0)>    0.12650
|1^CS(10->0)>    0.07868
|1^CS(3->0)>   -0.08988
|1^CS(18->0')>    0.05406
|1^CS(12->0')>   -0.06035
|1^CS(11->0')>    0.12654
|1^CS(10->0')>   -0.07821
|1^CS(3->0')>   -0.08959
|1^SV(0->1')>   -0.36640
|1^SV(0->3')>   -0.11320
|1^SV(0->14')>   -0.06862
|1^SV(0'->1')>    0.36586
|1^SV(0'->3')>   -0.11291
|1^SV(0'->14')>    0.06857
|1S^CV(17->1')>    0.06779
|1S^CV(12->1')>   -0.15922
|1T^CV(19->15')>    0.05878
|1T^CV(18->1')>    0.13988
|1T^CV(14->1')>   -0.15607
|1T^CV(13->2')>   -0.18156
|1T^CV(11->1')>    0.20167
|1T^CV(11->14')>    0.05831
|1T^CV(10->3')>    0.05417
|1T^CV(9->6')>   -0.42019
|1T^CV(8->7')>   -0.41874
|1T^CV(3->1')>   -0.06947
TDMs with Triplet 'Ground' state
TDMX:0.000   TDMY:0.000   TDMZ:0.000   Oscillator Strength:0.00000   <S**2>: 0.000
--------------------------------------------------------------------
TDMs with Singlet 'Ground' state
TDMX:-0.002   TDMY:0.000   TDMZ:0.000   Oscillator Strength:0.00000   <S**2>: 0.000
--------------------------------------------------------------------


State 47 3.072 eV 
Excitation    CI Coef
|5^CV(20->7')>   -0.05971
|5^CV(19->6')>    0.06736
|5^CV(12->6')>   -0.09406
|5^CV(12->7')>    0.05693
|5^CV(11->7')>    0.07120
|5^CV(10->6')>   -0.06727
|5^CV(9->1')>   -0.40143
|5^CV(9->3')>    0.45174
|5^CV(9->13')>    0.17709
|5^CV(9->14')>   -0.13061
|5^CV(9->21')>    0.05829
|5^CV(8->1')>    0.61456
|5^CV(8->3')>   -0.27460
|5^CV(8->13')>   -0.10765
|5^CV(8->14')>    0.19994
|5^CV(8->18')>    0.07492
|5^CV(3->6')>   -0.08041
|5^CV(3->7')>    0.12260
TDMs with Triplet 'Ground' state
TDMX:0.000   TDMY:0.000   TDMZ:0.000   Oscillator Strength:0.00000   <S**2>: 6.000
--------------------------------------------------------------------
TDMs with Singlet 'Ground' state
TDMX:0.000   TDMY:0.000   TDMZ:0.000   Oscillator Strength:0.00000   <S**2>: 6.000
--------------------------------------------------------------------


State 48 3.072 eV 
Excitation    CI Coef
|5^CV(20->6')>    0.05990
|5^CV(19->7')>   -0.06729
|5^CV(12->6')>    0.05715
|5^CV(12->7')>    0.09401
|5^CV(11->6')>   -0.07122
|5^CV(10->7')>    0.06715
|5^CV(9->1')>   -0.61417
|5^CV(9->3')>   -0.27501
|5^CV(9->13')>   -0.10777
|5^CV(9->14')>   -0.19998
|5^CV(9->18')>   -0.07502
|5^CV(8->1')>   -0.40113
|5^CV(8->3')>   -0.45219
|5^CV(8->13')>   -0.17721
|5^CV(8->14')>   -0.13060
|5^CV(8->21')>   -0.05823
|5^CV(3->6')>   -0.12278
|5^CV(3->7')>   -0.08024
TDMs with Triplet 'Ground' state
TDMX:0.000   TDMY:0.000   TDMZ:0.000   Oscillator Strength:0.00000   <S**2>: 6.000
--------------------------------------------------------------------
TDMs with Singlet 'Ground' state
TDMX:0.000   TDMY:0.000   TDMZ:0.000   Oscillator Strength:0.00000   <S**2>: 6.000
--------------------------------------------------------------------


State 49 3.096 eV 
Excitation    CI Coef
|3^CS(11->0)>    0.09245
|3^CS(10->0)>    0.16084
|3^CS(3->0)>   -0.12793
|3^CS(11->0')>   -0.09229
|3^CS(10->0')>    0.16002
|3^CS(3->0')>    0.12722
|3^SV(0->1')>    0.34966
|3^SV(0->3')>    0.16450
|3^SV(0->14')>    0.05360
|3^SV(0'->1')>   -0.34859
|3^SV(0'->3')>    0.16379
|3^SV(0'->14')>   -0.05347
|3T^CV(17->1')>   -0.06135
|3T^CV(12->1')>    0.14758
|3T^CV(11->3')>   -0.05051
|3S^CV(18->1')>    0.07794
|3S^CV(14->1')>   -0.08553
|3S^CV(13->2')>   -0.08352
|3S^CV(11->1')>    0.11260
|3S^CV(9->6')>   -0.24046
|3S^CV(8->7')>   -0.23963
|3S^CV(7->8')>    0.05055
|3S^CV(6->9')>   -0.05057
|3S^CV(5->10')>   -0.05815
|3S^CV(4->11')>   -0.05838
|3X^CV(18->3')>    0.05120
|3X^CV(17->1')>    0.09342
|3X^CV(12->1')>   -0.18949
|3X^CV(11->3')>    0.06802
|3X^CV(10->1')>    0.09895
|3X^CV(9->7')>   -0.34867
|3X^CV(8->6')>   -0.34985
|3X^CV(7->9')>    0.06998
|3X^CV(6->8')>   -0.06970
|3X^CV(5->10')>    0.08194
|3X^CV(4->11')>   -0.08227
TDMs with Triplet 'Ground' state
TDMX:0.004   TDMY:-0.000   TDMZ:-0.000   Oscillator Strength:0.00000   <S**2>: 2.000
--------------------------------------------------------------------
TDMs with Singlet 'Ground' state
TDMX:0.000   TDMY:0.000   TDMZ:0.000   Oscillator Strength:0.00000   <S**2>: 2.000
--------------------------------------------------------------------


State 50 3.156 eV 
Excitation    CI Coef
|3^CS(15->0)>   -0.05453
|3^CS(2->0)>   -0.43503
|3^CS(1->0)>   -0.05640
|3^CS(16->0')>    0.05084
|3^CS(2->0')>   -0.06473
|3^CS(1->0')>    0.40388
|3T^CV(2->12')>    0.06496
|3T^CV(2->13')>   -0.06542
|3T^CV(2->14')>   -0.05382
|3T^CV(1->13')>   -0.08131
|3S^CV(7->10')>   -0.13520
|3S^CV(7->11')>    0.15156
|3S^CV(6->10')>   -0.14256
|3S^CV(6->11')>   -0.14627
|3S^CV(5->8')>    0.19090
|3S^CV(5->9')>   -0.05339
|3S^CV(4->8')>   -0.05614
|3S^CV(4->9')>   -0.20501
|3S^CV(2->13')>   -0.06902
|3X^CV(7->10')>    0.20794
|3X^CV(7->11')>    0.19798
|3X^CV(6->10')>    0.18402
|3X^CV(6->11')>   -0.22247
|3X^CV(5->8')>   -0.27529
|3X^CV(5->9')>    0.05229
|3X^CV(4->8')>   -0.05775
|3X^CV(4->9')>   -0.29487
|3X^CV(2->1')>   -0.06695
|3X^CV(2->12')>    0.06817
|3X^CV(2->13')>   -0.07316
|3X^CV(2->14')>   -0.06444
|3X^CV(2->20')>   -0.05079
|3X^CV(1->13')>   -0.09090
TDMs with Triplet 'Ground' state
TDMX:0.000   TDMY:0.045   TDMZ:0.001   Oscillator Strength:0.00016   <S**2>: 2.000
--------------------------------------------------------------------
TDMs with Singlet 'Ground' state
TDMX:0.000   TDMY:0.000   TDMZ:0.000   Oscillator Strength:0.00000   <S**2>: 2.000
--------------------------------------------------------------------


State 51 3.156 eV 
Excitation    CI Coef
|3^CS(15->0)>   -0.05037
|3^CS(2->0)>   -0.40267
|3^CS(1->0)>   -0.06454
|3^CS(16->0')>   -0.05400
|3^CS(2->0')>    0.05623
|3^CS(1->0')>   -0.43374
|3T^CV(2->13')>   -0.08068
|3T^CV(1->12')>    0.06439
|3T^CV(1->13')>    0.06491
|3T^CV(1->14')>   -0.05353
|3S^CV(7->10')>    0.15735
|3S^CV(7->11')>    0.13013
|3S^CV(6->10')>    0.14086
|3S^CV(6->11')>   -0.14792
|3S^CV(5->8')>   -0.20913
|3S^CV(4->9')>   -0.19525
|3S^CV(1->13')>   -0.06902
|3X^CV(7->10')>   -0.20670
|3X^CV(7->11')>    0.20143
|3X^CV(6->10')>   -0.21550
|3X^CV(6->11')>   -0.19221
|3X^CV(5->8')>    0.29055
|3X^CV(5->9')>   -0.07953
|3X^CV(4->8')>   -0.07571
|3X^CV(4->9')>   -0.27056
|3X^CV(2->13')>   -0.09096
|3X^CV(1->1')>   -0.06671
|3X^CV(1->12')>    0.06834
|3X^CV(1->13')>    0.07315
|3X^CV(1->14')>   -0.06437
|3X^CV(1->20')>   -0.05068
TDMs with Triplet 'Ground' state
TDMX:0.000   TDMY:1.297   TDMZ:-0.007   Oscillator Strength:0.13017   <S**2>: 2.000
--------------------------------------------------------------------
TDMs with Singlet 'Ground' state
TDMX:0.000   TDMY:0.000   TDMZ:0.000   Oscillator Strength:0.00000   <S**2>: 2.000
--------------------------------------------------------------------


State 52 3.187 eV 
Excitation    CI Coef
|1^CS(2->0)>   -0.38625
|1^CS(1->0)>   -0.06058
|1^CS(1->0')>   -0.37165
|1S^CV(2->12')>   -0.05572
|1S^CV(2->13')>    0.05747
|1S^CV(1->13')>    0.07347
|1T^CV(7->10')>   -0.25634
|1T^CV(7->11')>    0.27946
|1T^CV(6->10')>   -0.26957
|1T^CV(6->11')>   -0.26904
|1T^CV(5->8')>    0.36096
|1T^CV(5->9')>   -0.10051
|1T^CV(4->8')>   -0.10362
|1T^CV(4->9')>   -0.37685
|1T^CV(2->1')>   -0.05133
|1T^CV(2->12')>    0.07479
|1T^CV(2->13')>   -0.12762
|1T^CV(2->14')>   -0.05915
|1T^CV(2->19')>    0.05438
|1T^CV(1->1')>   -0.06567
|1T^CV(1->12')>    0.09570
|1T^CV(1->13')>    0.09134
|1T^CV(1->14')>   -0.07564
|1T^CV(1->20')>   -0.05759
TDMs with Triplet 'Ground' state
TDMX:0.000   TDMY:0.000   TDMZ:0.000   Oscillator Strength:0.00000   <S**2>: 0.000
--------------------------------------------------------------------
TDMs with Singlet 'Ground' state
TDMX:-0.000   TDMY:-0.022   TDMZ:-0.001   Oscillator Strength:0.00004   <S**2>: 0.000
--------------------------------------------------------------------


State 53 3.188 eV 
Excitation    CI Coef
|1^CS(2->0)>   -0.36996
|1^CS(2->0')>   -0.06029
|1^CS(1->0')>    0.38447
|1S^CV(2->13')>    0.07279
|1S^CV(1->12')>   -0.05512
|1S^CV(1->13')>   -0.05691
|1T^CV(7->10')>    0.29002
|1T^CV(7->11')>    0.24664
|1T^CV(6->10')>    0.25900
|1T^CV(6->11')>   -0.27961
|1T^CV(5->8')>   -0.38449
|1T^CV(5->9')>    0.07484
|1T^CV(4->8')>   -0.07055
|1T^CV(4->9')>   -0.36883
|1T^CV(2->1')>   -0.06519
|1T^CV(2->12')>    0.09582
|1T^CV(2->13')>   -0.09138
|1T^CV(2->14')>   -0.07548
|1T^CV(2->20')>   -0.05756
|1T^CV(1->1')>    0.05101
|1T^CV(1->12')>   -0.07498
|1T^CV(1->13')>   -0.12758
|1T^CV(1->14')>    0.05903
|1T^CV(1->19')>    0.05439
TDMs with Triplet 'Ground' state
TDMX:0.000   TDMY:0.000   TDMZ:0.000   Oscillator Strength:0.00000   <S**2>: 0.000
--------------------------------------------------------------------
TDMs with Singlet 'Ground' state
TDMX:0.000   TDMY:-1.044   TDMZ:0.006   Oscillator Strength:0.08511   <S**2>: 0.000
--------------------------------------------------------------------


State 54 3.201 eV 
Excitation    CI Coef
|3^CS(11->0)>   -0.11090
|3^CS(10->0)>   -0.20980
|3^CS(3->0)>    0.17883
|3^CS(11->0')>    0.11119
|3^CS(10->0')>   -0.20997
|3^CS(3->0')>   -0.17913
|3^SV(0->1')>    0.05011
|3^SV(0->12')>    0.05338
|3^SV(0->13')>   -0.05368
|3^SV(0'->12')>   -0.05349
|3^SV(0'->13')>   -0.05374
|3T^CV(10->1')>   -0.05618
|3T^CV(3->13')>    0.05241
|3S^CV(11->12')>    0.05023
|3S^CV(10->13')>   -0.08165
|3S^CV(9->6')>   -0.16903
|3S^CV(8->7')>   -0.16846
|3S^CV(7->8')>   -0.17764
|3S^CV(7->9')>   -0.10547
|3S^CV(6->8')>   -0.10592
|3S^CV(6->9')>    0.17790
|3S^CV(5->10')>    0.20569
|3S^CV(4->11')>    0.20546
|3X^CV(12->1')>   -0.05074
|3X^CV(11->13')>   -0.07409
|3X^CV(10->1')>   -0.05257
|3X^CV(10->12')>    0.08848
|3X^CV(10->14')>   -0.06952
|3X^CV(9->7')>   -0.24068
|3X^CV(8->6')>   -0.24146
|3X^CV(7->8')>    0.15868
|3X^CV(7->9')>   -0.24517
|3X^CV(6->8')>    0.24590
|3X^CV(6->9')>    0.15874
|3X^CV(5->10')>   -0.28982
|3X^CV(4->11')>    0.28950
|3X^CV(3->13')>    0.09338
|3X^CV(2->5')>   -0.05605
|3X^CV(1->4')>   -0.05613
TDMs with Triplet 'Ground' state
TDMX:0.001   TDMY:-0.000   TDMZ:-0.000   Oscillator Strength:0.00000   <S**2>: 2.000
--------------------------------------------------------------------
TDMs with Singlet 'Ground' state
TDMX:0.000   TDMY:0.000   TDMZ:0.000   Oscillator Strength:0.00000   <S**2>: 2.000
--------------------------------------------------------------------


State 55 3.206 eV 
Excitation    CI Coef
|3^CS(11->0)>    0.09223
|3^CS(10->0)>    0.20706
|3^CS(3->0)>   -0.20337
|3^CS(11->0')>    0.09230
|3^CS(10->0')>   -0.20678
|3^CS(3->0')>   -0.20324
|3T^CV(10->13')>    0.05733
|3T^CV(3->1')>   -0.07933
|3S^CV(10->12')>   -0.06134
|3S^CV(10->14')>    0.05036
|3S^CV(9->7')>    0.19375
|3S^CV(8->6')>    0.19437
|3S^CV(7->8')>   -0.10510
|3S^CV(7->9')>    0.16275
|3S^CV(6->8')>   -0.16308
|3S^CV(6->9')>   -0.10552
|3S^CV(5->10')>    0.19210
|3S^CV(4->11')>   -0.19229
|3S^CV(3->13')>   -0.07182
|3X^CV(14->1')>    0.05733
|3X^CV(11->12')>   -0.06694
|3X^CV(10->13')>    0.11546
|3X^CV(9->6')>    0.27526
|3X^CV(8->7')>    0.27436
|3X^CV(7->8')>    0.23531
|3X^CV(7->9')>    0.14004
|3X^CV(6->8')>    0.14019
|3X^CV(6->9')>   -0.23603
|3X^CV(5->10')>   -0.27239
|3X^CV(4->11')>   -0.27265
|3X^CV(3->1')>   -0.06226
|3X^CV(3->12')>    0.06625
|3X^CV(3->14')>   -0.07382
|3X^CV(2->5')>    0.05596
|3X^CV(1->4')>   -0.05591
TDMs with Triplet 'Ground' state
TDMX:0.759   TDMY:0.000   TDMZ:-0.000   Oscillator Strength:0.04525   <S**2>: 2.000
--------------------------------------------------------------------
TDMs with Singlet 'Ground' state
TDMX:0.000   TDMY:0.000   TDMZ:0.000   Oscillator Strength:0.00000   <S**2>: 2.000
--------------------------------------------------------------------


State 56 3.219 eV 
Excitation    CI Coef
|1^CS(11->0)>   -0.09331
|1^CS(10->0)>   -0.20286
|1^CS(3->0)>    0.17732
|1^CS(11->0')>    0.09352
|1^CS(10->0')>   -0.20274
|1^CS(3->0')>   -0.17734
|1^SV(0->12')>   -0.06996
|1^SV(0->13')>    0.05543
|1^SV(0'->12')>   -0.07004
|1^SV(0'->13')>   -0.05540
|1S^CV(10->13')>    0.05244
|1S^CV(3->1')>   -0.07001
|1T^CV(12->1')>   -0.05105
|1T^CV(12->12')>   -0.05740
|1T^CV(11->13')>   -0.09327
|1T^CV(10->1')>   -0.06915
|1T^CV(10->12')>    0.11978
|1T^CV(10->14')>   -0.09077
|1T^CV(10->20')>   -0.05739
|1T^CV(9->7')>   -0.28246
|1T^CV(8->6')>   -0.28337
|1T^CV(7->8')>    0.19738
|1T^CV(7->9')>   -0.30531
|1T^CV(6->8')>    0.30610
|1T^CV(6->9')>    0.19783
|1T^CV(5->10')>   -0.36075
|1T^CV(4->11')>    0.36074
|1T^CV(3->13')>    0.12377
|1T^CV(2->5')>   -0.08627
|1T^CV(1->4')>   -0.08628
TDMs with Triplet 'Ground' state
TDMX:0.000   TDMY:0.000   TDMZ:0.000   Oscillator Strength:0.00000   <S**2>: 0.000
--------------------------------------------------------------------
TDMs with Singlet 'Ground' state
TDMX:0.659   TDMY:0.000   TDMZ:-0.000   Oscillator Strength:0.03421   <S**2>: 0.000
--------------------------------------------------------------------


State 57 3.221 eV 
Excitation    CI Coef
|1^CS(11->0)>    0.11548
|1^CS(10->0)>    0.20383
|1^CS(3->0)>   -0.17502
|1^CS(11->0')>    0.11561
|1^CS(10->0')>   -0.20371
|1^CS(3->0')>   -0.17504
|1^SV(0->12')>    0.06881
|1^SV(0->13')>   -0.08637
|1^SV(0'->12')>   -0.06889
|1^SV(0'->13')>   -0.08632
|1S^CV(3->13')>    0.05059
|1T^CV(12->13')>   -0.05857
|1T^CV(11->12')>   -0.10559
|1T^CV(10->13')>    0.15945
|1T^CV(10->19')>   -0.05395
|1T^CV(9->6')>    0.18884
|1T^CV(8->7')>    0.18823
|1T^CV(7->8')>    0.33310
|1T^CV(7->9')>    0.19803
|1T^CV(6->8')>    0.19846
|1T^CV(6->9')>   -0.33379
|1T^CV(5->10')>   -0.38573
|1T^CV(4->11')>   -0.38575
|1T^CV(3->1')>   -0.05759
|1T^CV(3->12')>    0.09132
|1T^CV(3->14')>   -0.07846
|1T^CV(3->20')>   -0.05119
|1T^CV(2->5')>    0.09675
|1T^CV(1->4')>   -0.09677
TDMs with Triplet 'Ground' state
TDMX:0.000   TDMY:0.000   TDMZ:0.000   Oscillator Strength:0.00000   <S**2>: 0.000
--------------------------------------------------------------------
TDMs with Singlet 'Ground' state
TDMX:0.000   TDMY:-0.000   TDMZ:-0.000   Oscillator Strength:0.00000   <S**2>: 0.000
--------------------------------------------------------------------


State 58 3.281 eV 
Excitation    CI Coef
|1^CS(9->0)>    0.05026
|1^CS(8->0)>    0.08817
|1^CS(8->0')>    0.07484
|1^SV(0->6')>    0.36643
|1^SV(0->7')>    0.38341
|1^SV(0'->6')>    0.27707
|1^SV(0'->7')>   -0.27402
|1S^CV(18->6')>   -0.06059
|1S^CV(17->7')>   -0.05556
|1S^CV(14->6')>    0.05799
|1S^CV(12->7')>    0.12477
|1S^CV(11->6')>   -0.10696
|1S^CV(9->1')>    0.10231
|1S^CV(8->3')>    0.07996
|1T^CV(33->6')>    0.05880
|1T^CV(32->7')>    0.06243
|1T^CV(19->6')>    0.09035
|1T^CV(18->7')>   -0.13395
|1T^CV(17->6')>   -0.10019
|1T^CV(14->7')>    0.22385
|1T^CV(12->6')>    0.31760
|1T^CV(12->7')>    0.05408
|1T^CV(11->7')>   -0.18693
|1T^CV(10->6')>    0.08291
|1T^CV(9->3')>    0.18859
|1T^CV(9->13')>    0.09836
|1T^CV(9->15')>   -0.08543
|1T^CV(9->21')>    0.07065
|1T^CV(8->1')>    0.35162
|1T^CV(8->14')>    0.06785
|1T^CV(8->18')>    0.09698
|1T^CV(3->7')>   -0.17416
TDMs with Triplet 'Ground' state
TDMX:0.000   TDMY:0.000   TDMZ:0.000   Oscillator Strength:0.00000   <S**2>: 0.000
--------------------------------------------------------------------
TDMs with Singlet 'Ground' state
TDMX:-0.001   TDMY:-0.050   TDMZ:-0.055   Oscillator Strength:0.00045   <S**2>: 0.000
--------------------------------------------------------------------


State 59 3.282 eV 
Excitation    CI Coef
|1^CS(9->0)>   -0.07478
|1^CS(9->0')>   -0.08778
|1^SV(0->6')>   -0.27482
|1^SV(0->7')>   -0.27568
|1^SV(0'->6')>    0.38461
|1^SV(0'->7')>   -0.36467
|1S^CV(18->7')>    0.06020
|1S^CV(17->6')>    0.05568
|1S^CV(14->7')>   -0.05735
|1S^CV(12->6')>   -0.12480
|1S^CV(11->7')>    0.10644
|1S^CV(9->3')>   -0.08168
|1S^CV(8->1')>   -0.10500
|1T^CV(33->7')>   -0.05866
|1T^CV(32->6')>   -0.06258
|1T^CV(19->7')>   -0.09031
|1T^CV(18->6')>    0.13428
|1T^CV(17->7')>    0.09966
|1T^CV(14->6')>   -0.22398
|1T^CV(12->6')>    0.05407
|1T^CV(12->7')>   -0.31588
|1T^CV(11->6')>    0.18809
|1T^CV(10->7')>   -0.08236
|1T^CV(9->1')>   -0.35281
|1T^CV(9->14')>   -0.06818
|1T^CV(9->18')>   -0.09705
|1T^CV(8->3')>   -0.18943
|1T^CV(8->13')>   -0.09855
|1T^CV(8->15')>    0.08555
|1T^CV(8->21')>   -0.07092
|1T^CV(3->6')>    0.17509
TDMs with Triplet 'Ground' state
TDMX:0.000   TDMY:0.000   TDMZ:0.000   Oscillator Strength:0.00000   <S**2>: 0.000
--------------------------------------------------------------------
TDMs with Singlet 'Ground' state
TDMX:-0.000   TDMY:0.324   TDMZ:0.357   Oscillator Strength:0.01868   <S**2>: 0.000
--------------------------------------------------------------------


State 60 3.282 eV 
Excitation    CI Coef
|3^CS(9->0)>   -0.08001
|3^CS(8->0)>   -0.07646
|3^CS(9->0')>   -0.05346
|3^SV(0->6')>    0.39683
|3^SV(0->7')>    0.40333
|3^SV(0'->6')>    0.25426
|3^SV(0'->7')>   -0.23551
|3T^CV(18->6')>   -0.06044
|3T^CV(17->7')>   -0.05424
|3T^CV(14->6')>    0.05741
|3T^CV(12->7')>    0.12123
|3T^CV(11->6')>   -0.10654
|3T^CV(9->1')>    0.09163
|3T^CV(8->3')>    0.07739
|3S^CV(19->6')>   -0.05054
|3S^CV(18->7')>    0.07601
|3S^CV(17->6')>    0.05811
|3S^CV(14->7')>   -0.12705
|3S^CV(12->6')>   -0.18315
|3S^CV(11->7')>    0.10664
|3S^CV(9->3')>   -0.10573
|3S^CV(9->13')>   -0.05989
|3S^CV(8->1')>   -0.19152
|3S^CV(8->18')>   -0.05424
|3S^CV(3->7')>    0.10034
|3X^CV(19->7')>   -0.07129
|3X^CV(18->6')>    0.10818
|3X^CV(17->7')>    0.08165
|3X^CV(14->6')>   -0.17951
|3X^CV(12->6')>   -0.05788
|3X^CV(12->7')>   -0.25890
|3X^CV(11->6')>    0.15338
|3X^CV(10->7')>   -0.06780
|3X^CV(9->1')>   -0.26737
|3X^CV(9->14')>   -0.05073
|3X^CV(9->18')>   -0.07569
|3X^CV(8->1')>   -0.06906
|3X^CV(8->3')>   -0.14760
|3X^CV(8->13')>   -0.08247
|3X^CV(8->15')>    0.06674
|3X^CV(8->21')>   -0.05496
|3X^CV(3->6')>    0.14287
TDMs with Triplet 'Ground' state
TDMX:-0.000   TDMY:-0.082   TDMZ:-0.081   Oscillator Strength:0.00107   <S**2>: 2.000
--------------------------------------------------------------------
TDMs with Singlet 'Ground' state
TDMX:0.000   TDMY:0.000   TDMZ:0.000   Oscillator Strength:0.00000   <S**2>: 2.000
--------------------------------------------------------------------


State 61 3.282 eV 
Excitation    CI Coef
|3^CS(8->0)>    0.05303
|3^CS(9->0')>   -0.07596
|3^CS(8->0')>    0.07936
|3^SV(0->6')>   -0.23568
|3^SV(0->7')>   -0.25249
|3^SV(0'->6')>    0.40432
|3^SV(0'->7')>   -0.39470
|3T^CV(18->7')>    0.05998
|3T^CV(17->6')>    0.05428
|3T^CV(14->7')>   -0.05668
|3T^CV(12->6')>   -0.12110
|3T^CV(11->7')>    0.10593
|3T^CV(9->3')>   -0.07911
|3T^CV(8->1')>   -0.09430
|3S^CV(19->7')>    0.05052
|3S^CV(18->6')>   -0.07613
|3S^CV(17->7')>   -0.05773
|3S^CV(14->6')>    0.12710
|3S^CV(12->7')>    0.18188
|3S^CV(11->6')>   -0.10702
|3S^CV(9->1')>    0.19241
|3S^CV(9->18')>    0.05429
|3S^CV(8->3')>    0.10643
|3S^CV(8->13')>    0.06006
|3S^CV(3->6')>   -0.10056
|3X^CV(19->6')>    0.07149
|3X^CV(18->7')>   -0.10767
|3X^CV(17->6')>   -0.08181
|3X^CV(14->7')>    0.17904
|3X^CV(12->6')>    0.25938
|3X^CV(12->7')>   -0.05753
|3X^CV(11->7')>   -0.15204
|3X^CV(10->6')>    0.06789
|3X^CV(9->1')>   -0.06906
|3X^CV(9->3')>    0.14788
|3X^CV(9->13')>    0.08245
|3X^CV(9->15')>   -0.06681
|3X^CV(9->21')>    0.05495
|3X^CV(8->1')>    0.26797
|3X^CV(8->14')>    0.05076
|3X^CV(8->18')>    0.07577
|3X^CV(3->7')>   -0.14146
TDMs with Triplet 'Ground' state
TDMX:-0.000   TDMY:0.340   TDMZ:0.332   Oscillator Strength:0.01819   <S**2>: 2.000
--------------------------------------------------------------------
TDMs with Singlet 'Ground' state
TDMX:0.000   TDMY:0.000   TDMZ:0.000   Oscillator Strength:0.00000   <S**2>: 2.000
--------------------------------------------------------------------


State 62 3.286 eV 
Excitation    CI Coef
|1^ZW->   -0.26025
|1^CS(14->0)>   -0.09608
|1^CS(12->0)>   -0.07553
|1^CS(11->0)>    0.16874
|1^CS(10->0)>   -0.10364
|1^CS(3->0)>    0.13939
|1^CS(14->0')>    0.09618
|1^CS(12->0')>   -0.07539
|1^CS(11->0')>   -0.16873
|1^CS(10->0')>   -0.10381
|1^CS(3->0')>   -0.13957
|1^SV(0->1')>    0.09697
|1^SV(0->13')>   -0.17106
|1^SV(0'->1')>    0.09706
|1^SV(0'->13')>    0.17106
|1S^CV(11->1')>   -0.11367
|1S^CV(10->13')>    0.05437
|1S^CV(3->1')>   -0.10886
|1T^CV(18->13')>    0.05251
|1T^CV(14->3')>   -0.06004
|1T^CV(14->13')>   -0.08213
|1T^CV(12->14')>   -0.08569
|1T^CV(11->13')>    0.17132
|1T^CV(10->1')>   -0.15253
|1T^CV(10->12')>   -0.05148
|1T^CV(10->14')>   -0.05009
|1T^CV(9->7')>   -0.42125
|1T^CV(8->6')>   -0.42271
|1T^CV(7->8')>   -0.10595
|1T^CV(7->9')>    0.16380
|1T^CV(6->8')>   -0.16443
|1T^CV(6->9')>   -0.10622
|1T^CV(5->10')>    0.19424
|1T^CV(4->11')>   -0.19415
|1T^CV(3->3')>    0.15089
|1T^CV(3->13')>    0.05161
|1T^CV(2->5')>    0.09018
|1T^CV(1->4')>    0.09018
TDMs with Triplet 'Ground' state
TDMX:0.000   TDMY:0.000   TDMZ:0.000   Oscillator Strength:0.00000   <S**2>: 0.000
--------------------------------------------------------------------
TDMs with Singlet 'Ground' state
TDMX:1.224   TDMY:0.000   TDMZ:0.000   Oscillator Strength:0.12059   <S**2>: 0.000
--------------------------------------------------------------------


State 63 3.302 eV 
Excitation    CI Coef
|3^CS(14->0)>   -0.10575
|3^CS(12->0)>   -0.15186
|3^CS(11->0)>    0.08095
|3^CS(10->0)>   -0.11559
|3^CS(7->0)>    0.08557
|3^CS(6->0)>   -0.07114
|3^CS(3->0)>    0.18938
|3^CS(14->0')>   -0.10593
|3^CS(12->0')>    0.15189
|3^CS(11->0')>    0.08109
|3^CS(10->0')>    0.11579
|3^CS(7->0')>    0.08827
|3^CS(6->0')>    0.06795
|3^CS(3->0')>    0.18970
|3^SV(0->1')>   -0.11277
|3^SV(0->3')>   -0.08241
|3^SV(0->9')>    0.10524
|3^SV(0->12')>   -0.12163
|3^SV(0->13')>    0.11218
|3^SV(0'->1')>   -0.11303
|3^SV(0'->3')>    0.08244
|3^SV(0'->8')>    0.10581
|3^SV(0'->12')>   -0.12181
|3^SV(0'->13')>   -0.11221
|3T^CV(12->3')>   -0.06317
|3T^CV(11->1')>    0.11841
|3T^CV(10->13')>   -0.06294
|3T^CV(3->1')>    0.14138
|3T^CV(3->12')>   -0.05310
|3S^CV(12->12')>    0.05677
|3S^CV(12->14')>   -0.05607
|3S^CV(11->13')>    0.07500
|3S^CV(10->1')>   -0.08985
|3S^CV(9->7')>   -0.18461
|3S^CV(8->6')>   -0.18519
|3S^CV(7->8')>   -0.07215
|3S^CV(7->9')>    0.11145
|3S^CV(6->8')>   -0.11352
|3S^CV(6->9')>   -0.07327
|3S^CV(5->10')>    0.13306
|3S^CV(4->11')>   -0.13296
|3S^CV(3->3')>    0.08039
|3S^CV(2->5')>    0.07052
|3S^CV(1->4')>    0.07058
|3X^CV(12->13')>   -0.11591
|3X^CV(11->1')>   -0.05354
|3X^CV(11->8')>    0.05413
|3X^CV(11->12')>   -0.09436
|3X^CV(11->14')>    0.05535
|3X^CV(10->3')>   -0.11357
|3X^CV(9->6')>   -0.26349
|3X^CV(8->7')>   -0.26261
|3X^CV(7->8')>    0.16169
|3X^CV(7->9')>    0.09598
|3X^CV(6->8')>    0.09783
|3X^CV(6->9')>   -0.16430
|3X^CV(5->10')>   -0.18901
|3X^CV(4->11')>   -0.18887
|3X^CV(3->1')>    0.12206
|3X^CV(3->14')>    0.07162
|3X^CV(2->5')>    0.10084
|3X^CV(2->11')>   -0.05273
|3X^CV(1->4')>   -0.10092
|3X^CV(1->10')>    0.05277
TDMs with Triplet 'Ground' state
TDMX:-1.545   TDMY:0.000   TDMZ:0.000   Oscillator Strength:0.19315   <S**2>: 2.000
--------------------------------------------------------------------
TDMs with Singlet 'Ground' state
TDMX:0.000   TDMY:0.000   TDMZ:0.000   Oscillator Strength:0.00000   <S**2>: 2.000
--------------------------------------------------------------------


State 64 3.314 eV 
Excitation    CI Coef
|3^CS(14->0)>   -0.05842
|3^CS(12->0)>   -0.08082
|3^CS(10->0)>   -0.08719
|3^CS(7->0)>    0.22401
|3^CS(6->0)>   -0.23216
|3^CS(3->0)>    0.09305
|3^CS(14->0')>    0.05840
|3^CS(12->0')>   -0.08068
|3^CS(10->0')>   -0.08711
|3^CS(7->0')>   -0.23222
|3^CS(6->0')>   -0.22331
|3^CS(3->0')>   -0.09305
|3^SV(0->1')>   -0.06857
|3^SV(0->3')>   -0.05306
|3^SV(0->8')>    0.07310
|3^SV(0->9')>    0.31927
|3^SV(0->12')>   -0.05993
|3^SV(0->13')>    0.05117
|3^SV(0'->1')>    0.06859
|3^SV(0'->3')>   -0.05296
|3^SV(0'->8')>   -0.31806
|3^SV(0'->9')>    0.07632
|3^SV(0'->12')>    0.05989
|3^SV(0'->13')>    0.05107
|3T^CV(12->1')>   -0.05128
|3T^CV(11->9')>   -0.05137
|3T^CV(7->13')>    0.05901
|3T^CV(6->1')>   -0.05334
|3S^CV(12->8')>    0.05173
|3S^CV(12->9')>   -0.08365
|3S^CV(11->8')>    0.11424
|3S^CV(11->9')>    0.07084
|3S^CV(10->8')>   -0.06514
|3S^CV(10->9')>    0.10530
|3S^CV(9->6')>   -0.08602
|3S^CV(8->7')>   -0.08575
|3S^CV(7->12')>   -0.07672
|3S^CV(7->14')>    0.05737
|3S^CV(6->13')>   -0.09808
|3S^CV(5->10')>   -0.05284
|3S^CV(4->11')>   -0.05291
|3S^CV(3->8')>   -0.06546
|3S^CV(2->11')>   -0.11947
|3S^CV(1->10')>    0.11930
|3X^CV(12->8')>   -0.11754
|3X^CV(12->9')>   -0.07310
|3X^CV(11->8')>   -0.10056
|3X^CV(11->9')>    0.16214
|3X^CV(10->1')>   -0.07857
|3X^CV(10->8')>    0.14857
|3X^CV(10->9')>    0.09236
|3X^CV(9->7')>   -0.13022
|3X^CV(8->6')>   -0.13063
|3X^CV(7->9')>    0.06010
|3X^CV(7->13')>    0.13853
|3X^CV(6->1')>   -0.06214
|3X^CV(6->8')>   -0.06873
|3X^CV(6->12')>    0.11068
|3X^CV(6->14')>   -0.07937
|3X^CV(5->4')>   -0.06142
|3X^CV(5->10')>    0.07499
|3X^CV(4->5')>    0.06147
|3X^CV(4->11')>   -0.07509
|3X^CV(3->3')>    0.06162
|3X^CV(3->8')>    0.05727
|3X^CV(3->9')>   -0.09250
|3X^CV(2->5')>    0.05030
|3X^CV(2->11')>   -0.17096
|3X^CV(1->4')>    0.05023
|3X^CV(1->10')>   -0.17073
TDMs with Triplet 'Ground' state
TDMX:0.000   TDMY:-0.000   TDMZ:0.000   Oscillator Strength:0.00000   <S**2>: 2.000
--------------------------------------------------------------------
TDMs with Singlet 'Ground' state
TDMX:0.000   TDMY:0.000   TDMZ:0.000   Oscillator Strength:0.00000   <S**2>: 2.000
--------------------------------------------------------------------


State 65 3.320 eV 
Excitation    CI Coef
|3^CS(7->0)>   -0.24045
|3^CS(6->0)>    0.24620
|3^CS(3->0)>    0.07574
|3^CS(7->0')>   -0.24980
|3^CS(6->0')>   -0.23734
|3^CS(3->0')>    0.07582
|3^SV(0->8')>   -0.08252
|3^SV(0->9')>   -0.34336
|3^SV(0'->8')>   -0.34469
|3^SV(0'->9')>    0.07879
|3T^CV(12->9')>   -0.05061
|3T^CV(11->8')>    0.05608
|3T^CV(7->1')>   -0.05702
|3T^CV(6->13')>    0.06342
|3T^CV(3->1')>    0.05878
|3S^CV(12->8')>    0.08885
|3S^CV(12->9')>    0.05510
|3S^CV(11->8')>    0.07660
|3S^CV(11->9')>   -0.12314
|3S^CV(10->8')>   -0.11734
|3S^CV(10->9')>   -0.07273
|3S^CV(9->7')>   -0.05210
|3S^CV(8->6')>   -0.05226
|3S^CV(7->13')>   -0.10572
|3S^CV(6->12')>   -0.08486
|3S^CV(6->14')>    0.05946
|3S^CV(3->9')>    0.06773
|3S^CV(2->11')>    0.13307
|3S^CV(1->10')>    0.13325
|3X^CV(12->8')>   -0.07752
|3X^CV(12->9')>    0.12498
|3X^CV(11->8')>   -0.17516
|3X^CV(11->9')>   -0.10830
|3X^CV(10->8')>    0.10278
|3X^CV(10->9')>   -0.16565
|3X^CV(9->6')>   -0.07274
|3X^CV(8->7')>   -0.07251
|3X^CV(7->1')>   -0.06055
|3X^CV(7->8')>    0.05407
|3X^CV(7->12')>    0.12197
|3X^CV(7->14')>   -0.08367
|3X^CV(6->13')>    0.14839
|3X^CV(5->4')>   -0.06451
|3X^CV(5->10')>   -0.05936
|3X^CV(4->5')>   -0.06440
|3X^CV(4->11')>   -0.05934
|3X^CV(3->8')>    0.09577
|3X^CV(3->9')>    0.05932
|3X^CV(2->11')>    0.18601
|3X^CV(1->10')>   -0.18626
TDMs with Triplet 'Ground' state
TDMX:-1.310   TDMY:0.000   TDMZ:-0.001   Oscillator Strength:0.13964   <S**2>: 2.000
--------------------------------------------------------------------
TDMs with Singlet 'Ground' state
TDMX:0.000   TDMY:0.000   TDMZ:0.000   Oscillator Strength:0.00000   <S**2>: 2.000
--------------------------------------------------------------------


State 66 3.327 eV 
Excitation    CI Coef
|3^CS(4->0)>   -0.35979
|3^CS(5->0')>   -0.36078
|3^SV(0->11')>    0.36617
|3^SV(0'->10')>    0.36686
|3S^CV(12->10')>   -0.08120
|3S^CV(12->11')>   -0.07482
|3S^CV(11->10')>   -0.10280
|3S^CV(11->11')>    0.11122
|3S^CV(10->10')>    0.10439
|3S^CV(10->11')>    0.09616
|3S^CV(5->12')>   -0.06025
|3S^CV(5->13')>   -0.08199
|3S^CV(4->12')>    0.06509
|3S^CV(4->13')>   -0.07565
|3S^CV(3->10')>    0.05700
|3S^CV(3->11')>   -0.06177
|3S^CV(2->9')>   -0.14064
|3S^CV(1->8')>   -0.14084
|3X^CV(12->10')>    0.10527
|3X^CV(12->11')>   -0.11419
|3X^CV(11->10')>    0.15842
|3X^CV(11->11')>    0.14560
|3X^CV(10->10')>   -0.13574
|3X^CV(10->11')>    0.14719
|3X^CV(7->5')>   -0.05059
|3X^CV(6->4')>   -0.05085
|3X^CV(5->1')>   -0.05012
|3X^CV(5->12')>    0.09333
|3X^CV(5->13')>    0.10560
|3X^CV(5->14')>   -0.06591
|3X^CV(4->12')>    0.08602
|3X^CV(4->13')>   -0.11418
|3X^CV(4->14')>   -0.06079
|3X^CV(3->10')>   -0.08748
|3X^CV(3->11')>   -0.08053
|3X^CV(2->8')>   -0.07285
|3X^CV(2->9')>   -0.18593
|3X^CV(1->8')>    0.18621
|3X^CV(1->9')>   -0.07285
TDMs with Triplet 'Ground' state
TDMX:-0.000   TDMY:-0.001   TDMZ:-0.001   Oscillator Strength:0.00000   <S**2>: 2.000
--------------------------------------------------------------------
TDMs with Singlet 'Ground' state
TDMX:0.000   TDMY:0.000   TDMZ:0.000   Oscillator Strength:0.00000   <S**2>: 2.000
--------------------------------------------------------------------


State 67 3.328 eV 
Excitation    CI Coef
|3^CS(4->0)>   -0.36059
|3^CS(5->0')>    0.35954
|3^SV(0->11')>    0.36666
|3^SV(0'->10')>   -0.36594
|3S^CV(12->10')>    0.07475
|3S^CV(12->11')>   -0.08132
|3S^CV(11->10')>    0.11141
|3S^CV(11->11')>    0.10268
|3S^CV(10->10')>   -0.09614
|3S^CV(10->11')>    0.10455
|3S^CV(5->12')>    0.06523
|3S^CV(5->13')>    0.07569
|3S^CV(4->12')>    0.06030
|3S^CV(4->13')>   -0.08208
|3S^CV(3->10')>   -0.06166
|3S^CV(3->11')>   -0.05692
|3S^CV(2->8')>   -0.05150
|3S^CV(2->9')>   -0.13162
|3S^CV(1->8')>    0.13141
|3S^CV(1->9')>   -0.05148
|3X^CV(12->10')>   -0.11409
|3X^CV(12->11')>   -0.10543
|3X^CV(11->10')>   -0.14587
|3X^CV(11->11')>    0.15828
|3X^CV(10->10')>    0.14721
|3X^CV(10->11')>    0.13599
|3X^CV(7->4')>    0.05240
|3X^CV(6->5')>    0.05254
|3X^CV(5->12')>   -0.08622
|3X^CV(5->13')>   -0.11424
|3X^CV(5->14')>    0.06079
|3X^CV(4->1')>   -0.05002
|3X^CV(4->12')>    0.09341
|3X^CV(4->13')>   -0.10571
|3X^CV(4->14')>   -0.06590
|3X^CV(3->10')>    0.08035
|3X^CV(3->11')>   -0.08733
|3X^CV(2->9')>   -0.19913
|3X^CV(1->8')>   -0.19886
TDMs with Triplet 'Ground' state
TDMX:-0.001   TDMY:-0.367   TDMZ:1.059   Oscillator Strength:0.10241   <S**2>: 2.000
--------------------------------------------------------------------
TDMs with Singlet 'Ground' state
TDMX:0.000   TDMY:0.000   TDMZ:0.000   Oscillator Strength:0.00000   <S**2>: 2.000
--------------------------------------------------------------------


State 68 3.335 eV 
Excitation    CI Coef
|3^CS(14->0)>   -0.11114
|3^CS(12->0)>   -0.15065
|3^CS(10->0)>   -0.16105
|3^CS(7->0)>   -0.10308
|3^CS(6->0)>    0.12824
|3^CS(3->0)>    0.21389
|3^CS(14->0')>    0.11109
|3^CS(12->0')>   -0.15037
|3^CS(10->0')>   -0.16090
|3^CS(7->0')>    0.10766
|3^CS(6->0')>    0.12416
|3^CS(3->0')>   -0.21377
|3^SV(0->1')>   -0.15463
|3^SV(0->3')>   -0.10144
|3^SV(0->9')>   -0.16694
|3^SV(0->12')>   -0.11130
|3^SV(0->13')>    0.09417
|3^SV(0'->1')>    0.15459
|3^SV(0'->3')>   -0.10125
|3^SV(0'->8')>    0.16611
|3^SV(0'->12')>    0.11122
|3^SV(0'->13')>    0.09398
|3T^CV(12->1')>   -0.11387
|3T^CV(11->3')>    0.05225
|3T^CV(10->12')>    0.05872
|3T^CV(3->13')>    0.08014
|3S^CV(12->13')>   -0.07052
|3S^CV(11->1')>   -0.06868
|3S^CV(11->8')>   -0.05980
|3S^CV(11->12')>   -0.05633
|3S^CV(10->3')>   -0.07200
|3S^CV(10->9')>   -0.06067
|3S^CV(9->6')>   -0.13188
|3S^CV(8->7')>   -0.13150
|3S^CV(7->8')>    0.08585
|3S^CV(7->9')>    0.05123
|3S^CV(6->9')>   -0.08288
|3S^CV(6->13')>    0.05264
|3S^CV(5->10')>   -0.09872
|3S^CV(4->11')>   -0.09890
|3S^CV(3->1')>    0.06569
|3S^CV(3->14')>    0.05018
|3S^CV(2->5')>    0.05998
|3S^CV(2->11')>    0.06701
|3S^CV(1->4')>   -0.05987
|3S^CV(1->10')>   -0.06695
|3X^CV(14->13')>   -0.06435
|3X^CV(12->8')>    0.05869
|3X^CV(12->12')>    0.07298
|3X^CV(12->14')>   -0.07972
|3X^CV(11->8')>    0.05284
|3X^CV(11->9')>   -0.08517
|3X^CV(11->13')>    0.08751
|3X^CV(10->1')>   -0.15311
|3X^CV(10->8')>   -0.08513
|3X^CV(10->9')>   -0.05291
|3X^CV(10->14')>   -0.05129
|3X^CV(9->7')>   -0.23291
|3X^CV(8->6')>   -0.23363
|3X^CV(7->8')>   -0.07870
|3X^CV(7->9')>    0.12214
|3X^CV(7->13')>   -0.06945
|3X^CV(6->8')>   -0.11729
|3X^CV(6->9')>   -0.07607
|3X^CV(6->12')>   -0.06178
|3X^CV(5->10')>    0.14289
|3X^CV(4->11')>   -0.14312
|3X^CV(3->3')>    0.12114
|3X^CV(3->13')>    0.06044
|3X^CV(2->5')>    0.08735
|3X^CV(2->11')>    0.09590
|3X^CV(1->4')>    0.08723
|3X^CV(1->10')>    0.09581
TDMs with Triplet 'Ground' state
TDMX:-0.001   TDMY:0.000   TDMZ:-0.000   Oscillator Strength:0.00000   <S**2>: 2.000
--------------------------------------------------------------------
TDMs with Singlet 'Ground' state
TDMX:0.000   TDMY:0.000   TDMZ:0.000   Oscillator Strength:0.00000   <S**2>: 2.000
--------------------------------------------------------------------


State 69 3.339 eV 
Excitation    CI Coef
|1^ZW+>   -0.08048
|1^CS(14->0)>    0.05918
|1^CS(12->0)>    0.10776
|1^CS(10->0)>    0.08595
|1^CS(7->0)>   -0.22881
|1^CS(6->0)>    0.21987
|1^CS(3->0)>   -0.11279
|1^CS(14->0')>    0.05919
|1^CS(12->0')>   -0.10769
|1^CS(10->0')>   -0.08588
|1^CS(7->0')>   -0.23671
|1^CS(6->0')>   -0.21098
|1^CS(3->0')>   -0.11282
|1^SV(0->1')>   -0.08476
|1^SV(0->8')>    0.06941
|1^SV(0->9')>    0.29078
|1^SV(0->13')>    0.07486
|1^SV(0'->1')>    0.08477
|1^SV(0'->8')>   -0.29113
|1^SV(0'->9')>    0.06701
|1^SV(0'->13')>    0.07479
|1S^CV(12->1')>   -0.06483
|1S^CV(7->13')>    0.06182
|1S^CV(6->1')>   -0.05062
|1T^CV(18->8')>   -0.05035
|1T^CV(14->8')>    0.05245
|1T^CV(12->8')>   -0.08226
|1T^CV(12->9')>    0.13292
|1T^CV(12->13')>    0.09459
|1T^CV(11->1')>    0.06935
|1T^CV(11->8')>   -0.18167
|1T^CV(11->9')>   -0.11257
|1T^CV(10->3')>    0.09357
|1T^CV(10->8')>    0.10247
|1T^CV(10->9')>   -0.16551
|1T^CV(9->6')>    0.21419
|1T^CV(8->7')>    0.21352
|1T^CV(7->1')>   -0.08108
|1T^CV(7->8')>   -0.06585
|1T^CV(7->12')>    0.14450
|1T^CV(7->14')>   -0.10468
|1T^CV(7->20')>   -0.05528
|1T^CV(6->9')>    0.07469
|1T^CV(6->13')>    0.17594
|1T^CV(5->4')>   -0.08855
|1T^CV(5->10')>    0.07984
|1T^CV(4->5')>   -0.08858
|1T^CV(4->11')>    0.07989
|1T^CV(3->1')>   -0.09724
|1T^CV(3->8')>    0.10247
|1T^CV(3->9')>    0.06361
|1T^CV(3->14')>   -0.06791
|1T^CV(2->5')>   -0.06170
|1T^CV(2->11')>    0.18670
|1T^CV(1->4')>    0.06168
|1T^CV(1->10')>   -0.18656
TDMs with Triplet 'Ground' state
TDMX:0.000   TDMY:0.000   TDMZ:0.000   Oscillator Strength:0.00000   <S**2>: 0.000
--------------------------------------------------------------------
TDMs with Singlet 'Ground' state
TDMX:0.000   TDMY:-0.000   TDMZ:0.000   Oscillator Strength:0.00000   <S**2>: 0.000
--------------------------------------------------------------------


State 70 3.343 eV 
Excitation    CI Coef
|1^CS(7->0)>   -0.25564
|1^CS(6->0)>    0.27336
|1^CS(7->0')>    0.26583
|1^CS(6->0')>    0.26373
|1^SV(0->8')>    0.07999
|1^SV(0->9')>    0.34723
|1^SV(0'->8')>    0.34678
|1^SV(0'->9')>   -0.08272
|1S^CV(12->9')>    0.05065
|1S^CV(11->8')>   -0.05501
|1S^CV(7->1')>    0.06264
|1S^CV(7->14')>    0.05002
|1S^CV(6->13')>   -0.07145
|1T^CV(18->9')>   -0.05955
|1T^CV(17->8')>   -0.05292
|1T^CV(14->9')>    0.06134
|1T^CV(12->8')>    0.15644
|1T^CV(12->9')>    0.09708
|1T^CV(11->8')>    0.13455
|1T^CV(11->9')>   -0.21648
|1T^CV(10->8')>   -0.20201
|1T^CV(10->9')>   -0.12532
|1T^CV(7->13')>   -0.21116
|1T^CV(7->19')>    0.05472
|1T^CV(6->1')>    0.08245
|1T^CV(6->12')>   -0.17540
|1T^CV(6->14')>    0.11837
|1T^CV(6->20')>    0.06377
|1T^CV(5->4')>    0.10498
|1T^CV(4->5')>   -0.10489
|1T^CV(3->8')>   -0.07419
|1T^CV(3->9')>    0.11957
|1T^CV(2->11')>    0.22899
|1T^CV(1->10')>    0.22912
TDMs with Triplet 'Ground' state
TDMX:0.000   TDMY:0.000   TDMZ:0.000   Oscillator Strength:0.00000   <S**2>: 0.000
--------------------------------------------------------------------
TDMs with Singlet 'Ground' state
TDMX:0.781   TDMY:-0.000   TDMZ:0.001   Oscillator Strength:0.04999   <S**2>: 0.000
--------------------------------------------------------------------


State 71 3.352 eV 
Excitation    CI Coef
|1^CS(4->0)>   -0.37347
|1^CS(5->0')>    0.37429
|1^SV(0->11')>   -0.35402
|1^SV(0'->10')>   -0.35511
|1T^CV(14->11')>   -0.05405
|1T^CV(12->10')>   -0.13636
|1T^CV(12->11')>   -0.12538
|1T^CV(11->10')>   -0.17369
|1T^CV(11->11')>    0.18754
|1T^CV(10->10')>    0.17484
|1T^CV(10->11')>    0.16072
|1T^CV(7->4')>    0.08021
|1T^CV(7->5')>   -0.07194
|1T^CV(6->4')>    0.07236
|1T^CV(6->5')>    0.08007
|1T^CV(5->1')>    0.05657
|1T^CV(5->12')>   -0.12008
|1T^CV(5->13')>   -0.15623
|1T^CV(5->14')>    0.08075
|1T^CV(4->1')>   -0.06101
|1T^CV(4->12')>    0.12945
|1T^CV(4->13')>   -0.14386
|1T^CV(4->14')>   -0.08712
|1T^CV(3->10')>    0.09529
|1T^CV(3->11')>   -0.10305
|1T^CV(2->9')>   -0.23405
|1T^CV(1->8')>   -0.23481
TDMs with Triplet 'Ground' state
TDMX:0.000   TDMY:0.000   TDMZ:0.000   Oscillator Strength:0.00000   <S**2>: 0.000
--------------------------------------------------------------------
TDMs with Singlet 'Ground' state
TDMX:0.000   TDMY:0.000   TDMZ:0.002   Oscillator Strength:0.00000   <S**2>: 0.000
--------------------------------------------------------------------


State 72 3.352 eV 
Excitation    CI Coef
|1^ZW+>   -0.23248
|1^CS(14->0)>    0.07314
|1^CS(12->0)>    0.18431
|1^CS(10->0)>    0.08026
|1^CS(7->0)>    0.13038
|1^CS(6->0)>   -0.14634
|1^CS(3->0)>   -0.16493
|1^CS(14->0')>    0.07318
|1^CS(12->0')>   -0.18430
|1^CS(10->0')>   -0.08025
|1^CS(7->0')>    0.13572
|1^CS(6->0')>    0.14133
|1^CS(3->0')>   -0.16502
|1^SV(0->1')>   -0.13722
|1^SV(0->9')>   -0.18472
|1^SV(0->13')>    0.13883
|1^SV(0'->1')>    0.13717
|1^SV(0'->8')>    0.18551
|1^SV(0'->13')>    0.13875
|1S^CV(12->1')>   -0.10573
|1S^CV(3->13')>    0.05517
|1T^CV(14->1')>    0.07671
|1T^CV(14->14')>    0.05545
|1T^CV(13->2')>   -0.11597
|1T^CV(12->3')>    0.10718
|1T^CV(12->8')>    0.05016
|1T^CV(12->9')>   -0.08102
|1T^CV(12->13')>    0.15857
|1T^CV(11->1')>    0.13237
|1T^CV(11->8')>    0.11646
|1T^CV(11->9')>    0.07214
|1T^CV(10->3')>    0.12083
|1T^CV(10->8')>   -0.06990
|1T^CV(10->9')>    0.11285
|1T^CV(9->6')>    0.32466
|1T^CV(8->7')>    0.32374
|1T^CV(7->8')>   -0.09664
|1T^CV(7->9')>   -0.05763
|1T^CV(7->12')>   -0.09736
|1T^CV(7->14')>    0.05519
|1T^CV(6->8')>   -0.05385
|1T^CV(6->9')>    0.09087
|1T^CV(6->13')>   -0.11498
|1T^CV(5->4')>    0.05510
|1T^CV(5->10')>    0.11057
|1T^CV(4->5')>    0.05510
|1T^CV(4->11')>    0.11061
|1T^CV(3->1')>   -0.11687
|1T^CV(3->8')>   -0.06142
|1T^CV(3->14')>   -0.11531
|1T^CV(2->5')>   -0.07257
|1T^CV(2->11')>   -0.12529
|1T^CV(1->4')>    0.07263
|1T^CV(1->10')>    0.12528
TDMs with Triplet 'Ground' state
TDMX:0.000   TDMY:0.000   TDMZ:0.000   Oscillator Strength:0.00000   <S**2>: 0.000
--------------------------------------------------------------------
TDMs with Singlet 'Ground' state
TDMX:0.000   TDMY:-0.001   TDMZ:0.003   Oscillator Strength:0.00000   <S**2>: 0.000
--------------------------------------------------------------------


State 73 3.353 eV 
Excitation    CI Coef
|1^CS(4->0)>   -0.37407
|1^CS(5->0')>   -0.37318
|1^SV(0->11')>   -0.35492
|1^SV(0'->10')>    0.35381
|1T^CV(14->10')>   -0.05406
|1T^CV(12->10')>    0.12526
|1T^CV(12->11')>   -0.13654
|1T^CV(11->10')>    0.18786
|1T^CV(11->11')>    0.17350
|1T^CV(10->10')>   -0.16071
|1T^CV(10->11')>    0.17512
|1T^CV(7->4')>   -0.07491
|1T^CV(7->5')>   -0.07745
|1T^CV(6->4')>   -0.07719
|1T^CV(6->5')>    0.07516
|1T^CV(5->1')>   -0.06087
|1T^CV(5->12')>    0.12974
|1T^CV(5->13')>    0.14393
|1T^CV(5->14')>   -0.08711
|1T^CV(4->1')>   -0.05640
|1T^CV(4->12')>    0.12017
|1T^CV(4->13')>   -0.15640
|1T^CV(4->14')>   -0.08074
|1T^CV(3->10')>   -0.10288
|1T^CV(3->11')>   -0.09517
|1T^CV(2->8')>   -0.08579
|1T^CV(2->9')>   -0.21943
|1T^CV(1->8')>    0.21862
|1T^CV(1->9')>   -0.08571
TDMs with Triplet 'Ground' state
TDMX:0.000   TDMY:0.000   TDMZ:0.000   Oscillator Strength:0.00000   <S**2>: 0.000
--------------------------------------------------------------------
TDMs with Singlet 'Ground' state
TDMX:0.001   TDMY:0.348   TDMZ:-1.043   Oscillator Strength:0.09922   <S**2>: 0.000
--------------------------------------------------------------------


State 74 3.357 eV 
Excitation    CI Coef
|3S^CV(14->1')>    0.14686
|3S^CV(14->14')>    0.09156
|3S^CV(13->2')>    0.31512
|3S^CV(12->3')>    0.20916
|3S^CV(12->13')>    0.09502
|3S^CV(12->15')>    0.05169
|3S^CV(11->1')>   -0.12600
|3S^CV(11->14')>   -0.06261
|3S^CV(10->3')>    0.20421
|3S^CV(9->6')>    0.37194
|3S^CV(8->7')>    0.36937
|3S^CV(5->10')>    0.05137
|3S^CV(3->1')>   -0.36362
|3S^CV(3->14')>   -0.13954
|3X^CV(14->3')>   -0.10517
|3X^CV(12->1')>   -0.18887
|3X^CV(12->14')>   -0.10046
|3X^CV(11->3')>    0.07734
|3X^CV(10->1')>   -0.16583
|3X^CV(10->14')>   -0.06765
|3X^CV(9->7')>   -0.25751
|3X^CV(8->6')>   -0.25846
|3X^CV(3->3')>    0.19262
TDMs with Triplet 'Ground' state
TDMX:0.002   TDMY:-0.000   TDMZ:0.000   Oscillator Strength:0.00000   <S**2>: 2.000
--------------------------------------------------------------------
TDMs with Singlet 'Ground' state
TDMX:0.000   TDMY:0.000   TDMZ:0.000   Oscillator Strength:0.00000   <S**2>: 2.000
--------------------------------------------------------------------


State 75 3.357 eV 
Excitation    CI Coef
|5^CV(18->1')>   -0.05696
|5^CV(14->1')>    0.18031
|5^CV(14->14')>    0.10979
|5^CV(13->2')>    0.35675
|5^CV(12->3')>    0.26402
|5^CV(12->13')>    0.11437
|5^CV(12->15')>    0.06200
|5^CV(11->1')>   -0.14959
|5^CV(11->14')>   -0.07568
|5^CV(10->3')>    0.24021
|5^CV(9->6')>    0.44690
|5^CV(8->7')>    0.44465
|5^CV(5->10')>    0.05256
|5^CV(4->11')>    0.05141
|5^CV(3->1')>   -0.42548
|5^CV(3->12')>   -0.06443
|5^CV(3->14')>   -0.16444
|5^CV(2->5')>   -0.05099
|5^CV(1->4')>    0.05212
TDMs with Triplet 'Ground' state
TDMX:0.000   TDMY:0.000   TDMZ:0.000   Oscillator Strength:0.00000   <S**2>: 6.000
--------------------------------------------------------------------
TDMs with Singlet 'Ground' state
TDMX:0.000   TDMY:0.000   TDMZ:0.000   Oscillator Strength:0.00000   <S**2>: 6.000
--------------------------------------------------------------------


State 76 3.359 eV 
Excitation    CI Coef
|3S^CV(14->3')>   -0.15139
|3S^CV(14->13')>   -0.06052
|3S^CV(12->1')>   -0.27267
|3S^CV(12->14')>   -0.15101
|3S^CV(11->3')>    0.10111
|3S^CV(11->13')>    0.06387
|3S^CV(10->1')>   -0.25284
|3S^CV(10->12')>   -0.05533
|3S^CV(10->14')>   -0.10182
|3S^CV(9->7')>   -0.38572
|3S^CV(8->6')>   -0.38708
|3S^CV(3->3')>    0.29247
|3S^CV(3->13')>    0.07749
|3X^CV(14->1')>    0.10086
|3X^CV(14->14')>    0.06334
|3X^CV(13->2')>    0.24818
|3X^CV(12->3')>    0.14388
|3X^CV(12->13')>    0.06093
|3X^CV(11->1')>   -0.10151
|3X^CV(10->3')>    0.14349
|3X^CV(9->6')>    0.25238
|3X^CV(8->7')>    0.25186
|3X^CV(3->1')>   -0.26549
|3X^CV(3->14')>   -0.09661
TDMs with Triplet 'Ground' state
TDMX:0.046   TDMY:0.000   TDMZ:-0.000   Oscillator Strength:0.00017   <S**2>: 2.000
--------------------------------------------------------------------
TDMs with Singlet 'Ground' state
TDMX:0.000   TDMY:0.000   TDMZ:0.000   Oscillator Strength:0.00000   <S**2>: 2.000
--------------------------------------------------------------------


State 77 3.364 eV 
Excitation    CI Coef
|3^CS(15->0)>   -0.16510
|3^CS(2->0)>   -0.30398
|3^CS(16->0')>    0.16136
|3^CS(1->0')>    0.29522
|3^SV(0->5')>    0.36211
|3^SV(0'->4')>    0.35375
|3T^CV(12->4')>   -0.05255
|3T^CV(12->5')>    0.05032
|3T^CV(11->4')>   -0.06033
|3T^CV(11->5')>   -0.06594
|3T^CV(2->12')>    0.06845
|3T^CV(2->13')>   -0.06503
|3T^CV(2->14')>   -0.05169
|3T^CV(1->12')>   -0.05006
|3T^CV(1->13')>   -0.08483
|3S^CV(12->4')>   -0.06309
|3S^CV(12->5')>   -0.06915
|3S^CV(11->4')>   -0.09099
|3S^CV(11->5')>    0.08691
|3S^CV(10->4')>    0.07650
|3S^CV(10->5')>    0.08382
|3S^CV(7->10')>    0.09841
|3S^CV(7->11')>   -0.10526
|3S^CV(6->10')>    0.10304
|3S^CV(6->11')>    0.10090
|3S^CV(5->8')>   -0.13544
|3S^CV(4->9')>    0.13868
|3S^CV(2->3')>   -0.05807
|3S^CV(1->1')>   -0.05968
|3X^CV(12->4')>    0.09499
|3X^CV(12->5')>   -0.09097
|3X^CV(11->4')>    0.12080
|3X^CV(11->5')>    0.13207
|3X^CV(10->4')>   -0.11561
|3X^CV(10->5')>    0.11068
|3X^CV(7->10')>   -0.15093
|3X^CV(7->11')>   -0.13712
|3X^CV(6->10')>   -0.13369
|3X^CV(6->11')>    0.15417
|3X^CV(5->8')>    0.19534
|3X^CV(4->9')>    0.19984
|3X^CV(3->4')>   -0.06218
|3X^CV(3->5')>   -0.06809
|3X^CV(2->1')>   -0.08779
|3X^CV(2->3')>   -0.06166
|3X^CV(2->12')>   -0.05156
|3X^CV(1->1')>    0.06419
|3X^CV(1->3')>   -0.08033
TDMs with Triplet 'Ground' state
TDMX:0.000   TDMY:0.021   TDMZ:0.001   Oscillator Strength:0.00004   <S**2>: 2.000
--------------------------------------------------------------------
TDMs with Singlet 'Ground' state
TDMX:0.000   TDMY:0.000   TDMZ:0.000   Oscillator Strength:0.00000   <S**2>: 2.000
--------------------------------------------------------------------


State 78 3.364 eV 
Excitation    CI Coef
|5^CV(18->3')>    0.05775
|5^CV(14->3')>   -0.18788
|5^CV(14->13')>   -0.07575
|5^CV(12->1')>   -0.34893
|5^CV(12->14')>   -0.18907
|5^CV(11->3')>    0.12060
|5^CV(11->13')>    0.08389
|5^CV(10->1')>   -0.31938
|5^CV(10->12')>   -0.07750
|5^CV(10->14')>   -0.12674
|5^CV(9->7')>   -0.47375
|5^CV(8->6')>   -0.47548
|5^CV(7->9')>    0.05320
|5^CV(6->8')>   -0.05267
|5^CV(5->10')>    0.06241
|5^CV(4->11')>   -0.06369
|5^CV(3->3')>    0.37685
|5^CV(3->13')>    0.10033
|5^CV(3->15')>    0.05166
|5^CV(2->5')>    0.06432
|5^CV(1->4')>    0.06304
TDMs with Triplet 'Ground' state
TDMX:0.000   TDMY:0.000   TDMZ:0.000   Oscillator Strength:0.00000   <S**2>: 6.000
--------------------------------------------------------------------
TDMs with Singlet 'Ground' state
TDMX:0.000   TDMY:0.000   TDMZ:0.000   Oscillator Strength:0.00000   <S**2>: 6.000
--------------------------------------------------------------------


State 79 3.365 eV 
Excitation    CI Coef
|3^CS(15->0)>   -0.16188
|3^CS(2->0)>   -0.29696
|3^CS(16->0')>   -0.16563
|3^CS(1->0')>   -0.30586
|3^SV(0->5')>    0.35360
|3^SV(0'->4')>   -0.36198
|3T^CV(12->4')>    0.05008
|3T^CV(12->5')>    0.05241
|3T^CV(11->4')>    0.06570
|3T^CV(11->5')>   -0.05991
|3T^CV(2->13')>   -0.08477
|3T^CV(1->12')>    0.06825
|3T^CV(1->13')>    0.06498
|3T^CV(1->14')>   -0.05185
|3S^CV(12->4')>    0.06914
|3S^CV(12->5')>   -0.06323
|3S^CV(11->4')>    0.08712
|3S^CV(11->5')>    0.09095
|3S^CV(10->4')>   -0.08380
|3S^CV(10->5')>    0.07661
|3S^CV(7->10')>   -0.10816
|3S^CV(7->11')>   -0.09381
|3S^CV(6->10')>   -0.09627
|3S^CV(6->11')>    0.10599
|3S^CV(5->8')>    0.14014
|3S^CV(4->9')>    0.13704
|3S^CV(2->1')>   -0.06001
|3S^CV(1->3')>   -0.05824
|3X^CV(12->4')>   -0.09095
|3X^CV(12->5')>   -0.09519
|3X^CV(11->4')>   -0.13235
|3X^CV(11->5')>    0.12073
|3X^CV(10->4')>    0.11064
|3X^CV(10->5')>    0.11577
|3X^CV(7->10')>    0.14173
|3X^CV(7->11')>   -0.14477
|3X^CV(6->10')>    0.14799
|3X^CV(6->11')>    0.13840
|3X^CV(5->8')>   -0.19475
|3X^CV(5->9')>    0.05371
|3X^CV(4->8')>    0.05281
|3X^CV(4->9')>    0.19027
|3X^CV(3->4')>    0.06820
|3X^CV(3->5')>   -0.06231
|3X^CV(2->1')>   -0.06454
|3X^CV(2->3')>   -0.08072
|3X^CV(1->1')>   -0.08839
|3X^CV(1->3')>    0.06179
|3X^CV(1->12')>   -0.05136
TDMs with Triplet 'Ground' state
TDMX:0.000   TDMY:1.889   TDMZ:-0.026   Oscillator Strength:0.29412   <S**2>: 2.000
--------------------------------------------------------------------
TDMs with Singlet 'Ground' state
TDMX:0.000   TDMY:0.000   TDMZ:0.000   Oscillator Strength:0.00000   <S**2>: 2.000
--------------------------------------------------------------------


State 80 3.387 eV 
Excitation    CI Coef
|1^CS(13->0)>   -0.08175
|1^CS(13->0')>   -0.08179
|1^SV(0->2')>    0.19633
|1^SV(0'->2')>   -0.19638
|1S^CV(12->2')>    0.05545
|1T^CV(20->2')>   -0.13691
|1T^CV(14->2')>   -0.27190
|1T^CV(13->1')>   -0.53993
|1T^CV(13->12')>    0.14697
|1T^CV(13->14')>    0.17744
|1T^CV(11->2')>   -0.48153
|1T^CV(3->2')>   -0.47824
TDMs with Triplet 'Ground' state
TDMX:0.000   TDMY:0.000   TDMZ:0.000   Oscillator Strength:0.00000   <S**2>: 0.000
--------------------------------------------------------------------
TDMs with Singlet 'Ground' state
TDMX:0.000   TDMY:0.000   TDMZ:-0.000   Oscillator Strength:0.00000   <S**2>: 0.000
--------------------------------------------------------------------


State 81 3.391 eV 
Excitation    CI Coef
|1^CS(15->0)>    0.16566
|1^CS(2->0)>    0.36080
|1^CS(1->0)>    0.05962
|1^CS(16->0')>    0.16202
|1^CS(1->0')>    0.35513
|1^SV(0->5')>    0.36498
|1^SV(0'->4')>    0.35715
|1S^CV(12->4')>   -0.05593
|1S^CV(12->5')>    0.05350
|1S^CV(11->4')>   -0.06382
|1S^CV(11->5')>   -0.06968
|1S^CV(10->4')>    0.05251
|1S^CV(10->5')>   -0.05020
|1S^CV(2->1')>   -0.05245
|1S^CV(2->12')>    0.07796
|1S^CV(2->13')>   -0.07655
|1S^CV(2->14')>   -0.05909
|1S^CV(1->12')>   -0.05708
|1S^CV(1->13')>   -0.09995
|1T^CV(18->4')>    0.05939
|1T^CV(18->5')>   -0.05672
|1T^CV(17->4')>   -0.05053
|1T^CV(17->5')>   -0.05531
|1T^CV(12->4')>    0.10621
|1T^CV(12->5')>    0.11631
|1T^CV(11->4')>    0.15322
|1T^CV(11->5')>   -0.14622
|1T^CV(10->4')>   -0.12542
|1T^CV(10->5')>   -0.13730
|1T^CV(7->10')>   -0.13852
|1T^CV(7->11')>    0.14802
|1T^CV(6->10')>   -0.14503
|1T^CV(6->11')>   -0.14189
|1T^CV(5->8')>    0.18955
|1T^CV(5->9')>   -0.05265
|1T^CV(4->8')>   -0.05344
|1T^CV(4->9')>   -0.19389
|1T^CV(3->4')>   -0.07600
|1T^CV(3->5')>    0.07265
|1T^CV(2->1')>    0.09054
|1T^CV(2->3')>    0.10186
|1T^CV(1->1')>    0.11830
|1T^CV(1->3')>   -0.07440
TDMs with Triplet 'Ground' state
TDMX:0.000   TDMY:0.000   TDMZ:0.000   Oscillator Strength:0.00000   <S**2>: 0.000
--------------------------------------------------------------------
TDMs with Singlet 'Ground' state
TDMX:0.000   TDMY:0.023   TDMZ:0.001   Oscillator Strength:0.00004   <S**2>: 0.000
--------------------------------------------------------------------


State 82 3.393 eV 
Excitation    CI Coef
|1^CS(15->0)>    0.16249
|1^CS(2->0)>    0.35693
|1^CS(16->0')>   -0.16613
|1^CS(2->0')>    0.05993
|1^CS(1->0')>   -0.36267
|1^SV(0->5')>    0.35670
|1^SV(0'->4')>   -0.36453
|1S^CV(12->4')>    0.05322
|1S^CV(12->5')>    0.05574
|1S^CV(11->4')>    0.06940
|1S^CV(11->5')>   -0.06335
|1S^CV(10->5')>   -0.05204
|1S^CV(2->12')>    0.05679
|1S^CV(2->13')>   -0.09986
|1S^CV(1->1')>   -0.05310
|1S^CV(1->12')>    0.07772
|1S^CV(1->13')>    0.07647
|1S^CV(1->14')>   -0.05924
|1T^CV(18->4')>   -0.05661
|1T^CV(18->5')>   -0.05921
|1T^CV(17->4')>    0.05511
|1T^CV(17->5')>   -0.05043
|1T^CV(12->4')>   -0.11619
|1T^CV(12->5')>    0.10636
|1T^CV(11->4')>   -0.14639
|1T^CV(11->5')>   -0.15298
|1T^CV(10->4')>    0.13710
|1T^CV(10->5')>   -0.12546
|1T^CV(7->10')>    0.15151
|1T^CV(7->11')>    0.13154
|1T^CV(6->10')>    0.13490
|1T^CV(6->11')>   -0.14866
|1T^CV(5->8')>   -0.19517
|1T^CV(4->9')>   -0.19102
|1T^CV(3->4')>    0.07267
|1T^CV(3->5')>    0.07607
|1T^CV(2->1')>    0.11895
|1T^CV(2->3')>    0.07478
|1T^CV(1->1')>   -0.09115
|1T^CV(1->3')>    0.10210
TDMs with Triplet 'Ground' state
TDMX:0.000   TDMY:0.000   TDMZ:0.000   Oscillator Strength:0.00000   <S**2>: 0.000
--------------------------------------------------------------------
TDMs with Singlet 'Ground' state
TDMX:0.000   TDMY:2.079   TDMZ:-0.046   Oscillator Strength:0.35953   <S**2>: 0.000
--------------------------------------------------------------------


State 83 3.402 eV 
Excitation    CI Coef
|1^ZW+>    0.39377
|1^CS(17->0)>    0.09212
|1^CS(14->0)>    0.06800
|1^CS(12->0)>   -0.06376
|1^CS(11->0)>   -0.09886
|1^CS(10->0)>    0.18742
|1^CS(3->0)>   -0.18845
|1^CS(17->0')>   -0.09205
|1^CS(14->0')>    0.06789
|1^CS(12->0')>    0.06412
|1^CS(11->0')>   -0.09877
|1^CS(10->0')>   -0.18714
|1^CS(3->0')>   -0.18811
|1^SV(0->3')>   -0.26992
|1^SV(0->12')>   -0.18277
|1^SV(0->13')>   -0.08923
|1^SV(0'->3')>   -0.26946
|1^SV(0'->12')>    0.18255
|1^SV(0'->13')>   -0.08933
|1S^CV(12->12')>   -0.05494
|1S^CV(11->3')>    0.10659
|1S^CV(10->12')>    0.06976
|1S^CV(3->13')>    0.07766
|1T^CV(17->3')>    0.08732
|1T^CV(14->1')>   -0.10213
|1T^CV(13->2')>    0.39342
|1T^CV(12->3')>   -0.17885
|1T^CV(11->1')>   -0.08385
|1T^CV(11->12')>    0.15195
|1T^CV(10->3')>    0.08509
|1T^CV(7->8')>   -0.06784
|1T^CV(6->9')>    0.06654
|1T^CV(5->10')>    0.07895
|1T^CV(4->11')>    0.07917
|1T^CV(3->1')>   -0.19660
|1T^CV(3->12')>    0.05778
|1T^CV(2->5')>   -0.06444
|1T^CV(1->4')>    0.06413
TDMs with Triplet 'Ground' state
TDMX:0.000   TDMY:0.000   TDMZ:0.000   Oscillator Strength:0.00000   <S**2>: 0.000
--------------------------------------------------------------------
TDMs with Singlet 'Ground' state
TDMX:-0.002   TDMY:-0.001   TDMZ:-0.000   Oscillator Strength:0.00000   <S**2>: 0.000
--------------------------------------------------------------------


State 84 3.413 eV 
Excitation    CI Coef
|3^CS(13->0)>    0.07549
|3^CS(13->0')>    0.07558
|3^SV(0->2')>    0.17689
|3^SV(0'->2')>    0.17705
|3T^CV(11->2')>   -0.07016
|3S^CV(12->2')>   -0.05748
|3X^CV(20->2')>    0.13892
|3X^CV(14->2')>    0.28448
|3X^CV(13->1')>    0.55162
|3X^CV(13->12')>   -0.14781
|3X^CV(13->14')>   -0.18528
|3X^CV(11->2')>    0.46185
|3X^CV(3->2')>    0.48109
TDMs with Triplet 'Ground' state
TDMX:0.000   TDMY:-0.027   TDMZ:0.003   Oscillator Strength:0.00006   <S**2>: 2.000
--------------------------------------------------------------------
TDMs with Singlet 'Ground' state
TDMX:0.000   TDMY:0.000   TDMZ:0.000   Oscillator Strength:0.00000   <S**2>: 2.000
--------------------------------------------------------------------


State 85 3.424 eV 
Excitation    CI Coef
|3S^CV(13->2')>    0.07883
|3S^CV(12->3')>    0.07970
|3S^CV(12->13')>   -0.08377
|3S^CV(11->1')>   -0.07334
|3S^CV(11->12')>   -0.17741
|3S^CV(11->14')>    0.05589
|3S^CV(10->3')>   -0.08454
|3S^CV(10->13')>    0.21575
|3S^CV(7->8')>    0.23316
|3S^CV(7->9')>    0.12567
|3S^CV(6->8')>    0.14484
|3S^CV(6->9')>   -0.22176
|3S^CV(5->10')>   -0.27667
|3S^CV(4->11')>   -0.25438
|3S^CV(3->12')>    0.15623
|3S^CV(3->14')>   -0.06827
|3S^CV(2->5')>    0.31439
|3S^CV(1->4')>   -0.34176
|3X^CV(12->12')>   -0.07494
|3X^CV(11->3')>    0.07914
|3X^CV(11->13')>   -0.11615
|3X^CV(10->12')>    0.15246
|3X^CV(10->14')>   -0.06245
|3X^CV(7->8')>    0.10899
|3X^CV(7->9')>   -0.15412
|3X^CV(6->8')>    0.16263
|3X^CV(6->9')>    0.09573
|3X^CV(5->10')>   -0.19649
|3X^CV(4->11')>    0.18069
|3X^CV(3->13')>    0.11440
|3X^CV(2->5')>   -0.22109
|3X^CV(1->4')>   -0.24063
TDMs with Triplet 'Ground' state
TDMX:0.001   TDMY:0.000   TDMZ:0.000   Oscillator Strength:0.00000   <S**2>: 2.000
--------------------------------------------------------------------
TDMs with Singlet 'Ground' state
TDMX:0.000   TDMY:0.000   TDMZ:0.000   Oscillator Strength:0.00000   <S**2>: 2.000
--------------------------------------------------------------------


State 86 3.424 eV 
Excitation    CI Coef
|5^CV(13->2')>    0.08122
|5^CV(12->3')>    0.10057
|5^CV(12->13')>   -0.10161
|5^CV(11->1')>   -0.08464
|5^CV(11->12')>   -0.21982
|5^CV(11->14')>    0.06720
|5^CV(10->3')>   -0.10484
|5^CV(10->13')>    0.26461
|5^CV(10->19')>   -0.05284
|5^CV(9->6')>    0.05704
|5^CV(8->7')>    0.05669
|5^CV(7->8')>    0.28112
|5^CV(7->9')>    0.16302
|5^CV(6->8')>    0.16950
|5^CV(6->9')>   -0.27814
|5^CV(5->10')>   -0.32995
|5^CV(4->11')>   -0.32289
|5^CV(3->12')>    0.18985
|5^CV(3->14')>   -0.08430
|5^CV(2->5')>    0.39854
|5^CV(2->17')>   -0.05050
|5^CV(1->4')>   -0.40725
|5^CV(1->16')>    0.05161
TDMs with Triplet 'Ground' state
TDMX:0.000   TDMY:0.000   TDMZ:0.000   Oscillator Strength:0.00000   <S**2>: 6.000
--------------------------------------------------------------------
TDMs with Singlet 'Ground' state
TDMX:0.000   TDMY:0.000   TDMZ:0.000   Oscillator Strength:0.00000   <S**2>: 6.000
--------------------------------------------------------------------


State 87 3.425 eV 
Excitation    CI Coef
|3S^CV(12->1')>   -0.06721
|3S^CV(12->12')>   -0.10557
|3S^CV(11->3')>    0.11194
|3S^CV(11->13')>   -0.16283
|3S^CV(10->12')>    0.21420
|3S^CV(10->14')>   -0.09029
|3S^CV(9->7')>   -0.05483
|3S^CV(8->6')>   -0.05503
|3S^CV(7->8')>    0.13409
|3S^CV(7->9')>   -0.22788
|3S^CV(6->8')>    0.21717
|3S^CV(6->9')>    0.15363
|3S^CV(5->10')>   -0.25382
|3S^CV(4->11')>    0.27616
|3S^CV(3->13')>    0.16409
|3S^CV(2->4')>    0.05650
|3S^CV(2->5')>   -0.33888
|3S^CV(1->4')>   -0.31131
|3S^CV(1->5')>   -0.05952
|3X^CV(13->2')>    0.07312
|3X^CV(12->3')>    0.05574
|3X^CV(12->13')>   -0.06024
|3X^CV(11->1')>   -0.05852
|3X^CV(11->12')>   -0.12402
|3X^CV(10->3')>   -0.05809
|3X^CV(10->13')>    0.15290
|3X^CV(7->8')>    0.15635
|3X^CV(7->9')>    0.10215
|3X^CV(6->8')>    0.08915
|3X^CV(6->9')>   -0.16546
|3X^CV(5->10')>   -0.17988
|3X^CV(4->11')>   -0.19574
|3X^CV(3->12')>    0.11188
|3X^CV(2->5')>    0.24178
|3X^CV(1->4')>   -0.22238
TDMs with Triplet 'Ground' state
TDMX:0.021   TDMY:-0.000   TDMZ:-0.000   Oscillator Strength:0.00004   <S**2>: 2.000
--------------------------------------------------------------------
TDMs with Singlet 'Ground' state
TDMX:0.000   TDMY:0.000   TDMZ:0.000   Oscillator Strength:0.00000   <S**2>: 2.000
--------------------------------------------------------------------


State 88 3.425 eV 
Excitation    CI Coef
|5^CV(14->3')>   -0.05210
|5^CV(12->1')>   -0.09911
|5^CV(12->12')>   -0.13097
|5^CV(11->3')>    0.14135
|5^CV(11->13')>   -0.19710
|5^CV(10->12')>    0.25995
|5^CV(10->14')>   -0.11690
|5^CV(10->20')>   -0.05143
|5^CV(9->7')>   -0.08222
|5^CV(8->6')>   -0.08253
|5^CV(7->8')>    0.17236
|5^CV(7->9')>   -0.27313
|5^CV(6->8')>    0.27033
|5^CV(6->9')>    0.17894
|5^CV(5->10')>   -0.32001
|5^CV(4->11')>    0.32712
|5^CV(3->13')>    0.20798
|5^CV(2->4')>    0.07049
|5^CV(2->5')>   -0.40206
|5^CV(2->17')>    0.05126
|5^CV(1->4')>   -0.39333
|5^CV(1->5')>   -0.07145
|5^CV(1->16')>    0.05015
TDMs with Triplet 'Ground' state
TDMX:0.000   TDMY:0.000   TDMZ:0.000   Oscillator Strength:0.00000   <S**2>: 6.000
--------------------------------------------------------------------
TDMs with Singlet 'Ground' state
TDMX:0.000   TDMY:0.000   TDMZ:0.000   Oscillator Strength:0.00000   <S**2>: 6.000
--------------------------------------------------------------------


State 89 3.437 eV 
Excitation    CI Coef
|3S^CV(12->5')>   -0.12026
|3S^CV(11->5')>    0.21723
|3S^CV(10->5')>    0.26561
|3S^CV(7->11')>   -0.26001
|3S^CV(6->11')>    0.27045
|3S^CV(4->8')>    0.08593
|3S^CV(4->9')>    0.36650
|3S^CV(3->5')>   -0.19144
|3S^CV(2->1')>   -0.07122
|3S^CV(2->3')>   -0.15093
|3S^CV(2->12')>   -0.28763
|3S^CV(2->13')>    0.27114
|3S^CV(2->14')>    0.09334
|3S^CV(2->19')>   -0.05096
|3X^CV(12->5')>    0.08508
|3X^CV(11->5')>   -0.15345
|3X^CV(10->5')>   -0.18780
|3X^CV(7->11')>    0.18387
|3X^CV(6->11')>   -0.19130
|3X^CV(4->8')>   -0.06075
|3X^CV(4->9')>   -0.25922
|3X^CV(3->5')>    0.13536
|3X^CV(2->1')>    0.05053
|3X^CV(2->3')>    0.10658
|3X^CV(2->12')>    0.20334
|3X^CV(2->13')>   -0.19195
|3X^CV(2->14')>   -0.06594
TDMs with Triplet 'Ground' state
TDMX:0.000   TDMY:0.001   TDMZ:-0.000   Oscillator Strength:0.00000   <S**2>: 2.000
--------------------------------------------------------------------
TDMs with Singlet 'Ground' state
TDMX:0.000   TDMY:0.000   TDMZ:0.000   Oscillator Strength:0.00000   <S**2>: 2.000
--------------------------------------------------------------------


State 90 3.437 eV 
Excitation    CI Coef
|3S^CV(12->4')>    0.12013
|3S^CV(11->4')>    0.21755
|3S^CV(10->4')>   -0.26541
|3S^CV(7->10')>   -0.26994
|3S^CV(6->10')>   -0.26052
|3S^CV(5->8')>    0.36650
|3S^CV(5->9')>   -0.08592
|3S^CV(3->4')>   -0.19143
|3S^CV(1->1')>    0.07126
|3S^CV(1->3')>   -0.15074
|3S^CV(1->12')>    0.28782
|3S^CV(1->13')>    0.27106
|3S^CV(1->14')>   -0.09334
|3S^CV(1->19')>   -0.05106
|3X^CV(12->4')>    0.08498
|3X^CV(11->4')>    0.15368
|3X^CV(10->4')>   -0.18767
|3X^CV(7->10')>   -0.19090
|3X^CV(6->10')>   -0.18428
|3X^CV(5->8')>    0.25921
|3X^CV(5->9')>   -0.06080
|3X^CV(3->4')>   -0.13535
|3X^CV(1->1')>    0.05056
|3X^CV(1->3')>   -0.10644
|3X^CV(1->12')>    0.20348
|3X^CV(1->13')>    0.19189
|3X^CV(1->14')>   -0.06594
TDMs with Triplet 'Ground' state
TDMX:0.000   TDMY:0.001   TDMZ:-0.000   Oscillator Strength:0.00000   <S**2>: 2.000
--------------------------------------------------------------------
TDMs with Singlet 'Ground' state
TDMX:0.000   TDMY:0.000   TDMZ:0.000   Oscillator Strength:0.00000   <S**2>: 2.000
--------------------------------------------------------------------


State 91 3.437 eV 
Excitation    CI Coef
|5^CV(18->5')>   -0.05398
|5^CV(17->5')>   -0.05177
|5^CV(12->5')>    0.14710
|5^CV(11->5')>   -0.26623
|5^CV(10->5')>   -0.32519
|5^CV(7->11')>    0.31846
|5^CV(6->11')>   -0.33127
|5^CV(4->8')>   -0.10523
|5^CV(4->9')>   -0.44891
|5^CV(3->5')>    0.23448
|5^CV(2->1')>    0.08677
|5^CV(2->3')>    0.18488
|5^CV(2->12')>    0.35268
|5^CV(2->13')>   -0.33170
|5^CV(2->14')>   -0.11465
|5^CV(2->19')>    0.06232
|5^CV(2->20')>   -0.05795
|5^CV(1->12')>    0.05090
TDMs with Triplet 'Ground' state
TDMX:0.000   TDMY:0.000   TDMZ:0.000   Oscillator Strength:0.00000   <S**2>: 6.000
--------------------------------------------------------------------
TDMs with Singlet 'Ground' state
TDMX:0.000   TDMY:0.000   TDMZ:0.000   Oscillator Strength:0.00000   <S**2>: 6.000
--------------------------------------------------------------------


State 92 3.437 eV 
Excitation    CI Coef
|5^CV(18->4')>   -0.05402
|5^CV(17->4')>    0.05174
|5^CV(12->4')>   -0.14694
|5^CV(11->4')>   -0.26663
|5^CV(10->4')>    0.32495
|5^CV(7->10')>    0.33062
|5^CV(6->10')>    0.31911
|5^CV(5->8')>   -0.44890
|5^CV(5->9')>    0.10525
|5^CV(3->4')>    0.23446
|5^CV(2->12')>    0.05093
|5^CV(1->1')>   -0.08682
|5^CV(1->3')>    0.18464
|5^CV(1->12')>   -0.35291
|5^CV(1->13')>   -0.33161
|5^CV(1->14')>    0.11465
|5^CV(1->19')>    0.06243
|5^CV(1->20')>    0.05786
TDMs with Triplet 'Ground' state
TDMX:0.000   TDMY:0.000   TDMZ:0.000   Oscillator Strength:0.00000   <S**2>: 6.000
--------------------------------------------------------------------
TDMs with Singlet 'Ground' state
TDMX:0.000   TDMY:0.000   TDMZ:0.000   Oscillator Strength:0.00000   <S**2>: 6.000
--------------------------------------------------------------------


State 93 3.450 eV 
Excitation    CI Coef
|3^CS(13->0)>   -0.05514
|3^CS(13->0')>    0.05508
|3^SV(0->2')>   -0.12913
|3^SV(0'->2')>    0.12895
|3S^CV(20->2')>   -0.14400
|3S^CV(14->2')>   -0.30711
|3S^CV(13->1')>   -0.57565
|3S^CV(13->12')>    0.15058
|3S^CV(13->14')>    0.20016
|3S^CV(11->2')>   -0.44059
|3S^CV(3->2')>   -0.49267
|3X^CV(12->2')>    0.06059
TDMs with Triplet 'Ground' state
TDMX:0.000   TDMY:0.000   TDMZ:0.000   Oscillator Strength:0.00000   <S**2>: 2.000
--------------------------------------------------------------------
TDMs with Singlet 'Ground' state
TDMX:0.000   TDMY:0.000   TDMZ:0.000   Oscillator Strength:0.00000   <S**2>: 2.000
--------------------------------------------------------------------


State 94 3.459 eV 
Excitation    CI Coef
|3S^CV(12->9')>   -0.06346
|3S^CV(12->11')>    0.09355
|3S^CV(11->9')>    0.10912
|3S^CV(11->11')>   -0.16080
|3S^CV(10->9')>    0.13083
|3S^CV(10->11')>   -0.19267
|3S^CV(7->3')>    0.05077
|3S^CV(7->5')>   -0.24093
|3S^CV(7->12')>    0.10116
|3S^CV(7->13')>   -0.09693
|3S^CV(6->3')>   -0.05274
|3S^CV(6->5')>    0.25036
|3S^CV(6->12')>   -0.10505
|3S^CV(6->13')>    0.10072
|3S^CV(4->3')>    0.10762
|3S^CV(4->5')>   -0.24020
|3S^CV(4->12')>    0.21442
|3S^CV(4->13')>   -0.20551
|3S^CV(4->14')>   -0.07507
|3S^CV(3->9')>   -0.09342
|3S^CV(3->11')>    0.13790
|3S^CV(2->8')>    0.07970
|3S^CV(2->9')>    0.34003
|3S^CV(2->11')>   -0.23568
|3X^CV(12->11')>   -0.06619
|3X^CV(11->9')>   -0.07709
|3X^CV(11->11')>    0.11359
|3X^CV(10->9')>   -0.09251
|3X^CV(10->11')>    0.13625
|3X^CV(7->5')>    0.17041
|3X^CV(7->12')>   -0.07148
|3X^CV(7->13')>    0.06867
|3X^CV(6->5')>   -0.17708
|3X^CV(6->12')>    0.07429
|3X^CV(6->13')>   -0.07130
|3X^CV(4->3')>   -0.07607
|3X^CV(4->5')>    0.16989
|3X^CV(4->12')>   -0.15158
|3X^CV(4->13')>    0.14554
|3X^CV(4->14')>    0.05302
|3X^CV(3->9')>    0.06605
|3X^CV(3->11')>   -0.09749
|3X^CV(2->8')>   -0.05635
|3X^CV(2->9')>   -0.24039
|3X^CV(2->11')>    0.16663
TDMs with Triplet 'Ground' state
TDMX:-0.000   TDMY:0.000   TDMZ:-0.000   Oscillator Strength:0.00000   <S**2>: 2.000
--------------------------------------------------------------------
TDMs with Singlet 'Ground' state
TDMX:0.000   TDMY:0.000   TDMZ:0.000   Oscillator Strength:0.00000   <S**2>: 2.000
--------------------------------------------------------------------


State 95 3.459 eV 
Excitation    CI Coef
|3S^CV(12->10')>   -0.10907
|3S^CV(11->8')>   -0.05484
|3S^CV(11->10')>   -0.18796
|3S^CV(10->8')>    0.06561
|3S^CV(10->10')>    0.22472
|3S^CV(7->4')>   -0.29079
|3S^CV(7->12')>   -0.05105
|3S^CV(6->4')>   -0.28036
|3S^CV(5->1')>    0.05641
|3S^CV(5->3')>   -0.12510
|3S^CV(5->4')>    0.12346
|3S^CV(5->12')>    0.24977
|3S^CV(5->13')>    0.23916
|3S^CV(5->14')>   -0.08739
|3S^CV(3->10')>    0.16095
|3S^CV(2->8')>    0.05672
|3S^CV(1->8')>   -0.39425
|3S^CV(1->9')>    0.09245
|3S^CV(1->10')>   -0.11688
|3X^CV(12->10')>   -0.07717
|3X^CV(11->10')>   -0.13278
|3X^CV(10->10')>    0.15891
|3X^CV(7->4')>   -0.20568
|3X^CV(6->4')>   -0.19830
|3X^CV(5->3')>   -0.08843
|3X^CV(5->4')>    0.08732
|3X^CV(5->12')>    0.17656
|3X^CV(5->13')>    0.16938
|3X^CV(5->14')>   -0.06173
|3X^CV(3->10')>    0.11378
|3X^CV(1->8')>   -0.27873
|3X^CV(1->9')>    0.06536
|3X^CV(1->10')>   -0.08263
TDMs with Triplet 'Ground' state
TDMX:-0.000   TDMY:0.000   TDMZ:-0.000   Oscillator Strength:0.00000   <S**2>: 2.000
--------------------------------------------------------------------
TDMs with Singlet 'Ground' state
TDMX:0.000   TDMY:0.000   TDMZ:0.000   Oscillator Strength:0.00000   <S**2>: 2.000
--------------------------------------------------------------------


State 96 3.459 eV 
Excitation    CI Coef
|3S^CV(12->8')>   -0.10632
|3S^CV(11->8')>   -0.18334
|3S^CV(11->10')>    0.05623
|3S^CV(10->8')>    0.21927
|3S^CV(10->9')>   -0.05150
|3S^CV(10->10')>   -0.06723
|3S^CV(7->3')>    0.08990
|3S^CV(7->4')>    0.08840
|3S^CV(7->12')>   -0.17955
|3S^CV(7->13')>   -0.17180
|3S^CV(7->14')>    0.06281
|3S^CV(6->3')>    0.08692
|3S^CV(6->4')>    0.08615
|3S^CV(6->12')>   -0.17340
|3S^CV(6->13')>   -0.16616
|3S^CV(6->14')>    0.06064
|3S^CV(5->4')>    0.40402
|3S^CV(5->12')>   -0.07063
|3S^CV(5->13')>   -0.06765
|3S^CV(5->16')>    0.06461
|3S^CV(3->8')>    0.15671
|3S^CV(2->10')>    0.05815
|3S^CV(1->8')>    0.11402
|3S^CV(1->10')>   -0.40421
|3X^CV(12->8')>   -0.07524
|3X^CV(11->8')>   -0.12949
|3X^CV(10->8')>    0.15509
|3X^CV(7->3')>    0.06360
|3X^CV(7->4')>    0.06252
|3X^CV(7->12')>   -0.12682
|3X^CV(7->13')>   -0.12176
|3X^CV(6->3')>    0.06139
|3X^CV(6->4')>    0.06094
|3X^CV(6->12')>   -0.12268
|3X^CV(6->13')>   -0.11757
|3X^CV(5->4')>    0.28576
|3X^CV(3->8')>    0.11077
|3X^CV(1->8')>    0.08060
|3X^CV(1->10')>   -0.28578
TDMs with Triplet 'Ground' state
TDMX:-0.000   TDMY:-0.000   TDMZ:0.000   Oscillator Strength:0.00000   <S**2>: 2.000
--------------------------------------------------------------------
TDMs with Singlet 'Ground' state
TDMX:0.000   TDMY:0.000   TDMZ:0.000   Oscillator Strength:0.00000   <S**2>: 2.000
--------------------------------------------------------------------


State 97 3.459 eV 
Excitation    CI Coef
|3S^CV(12->9')>    0.09119
|3S^CV(12->11')>    0.06511
|3S^CV(11->9')>   -0.15686
|3S^CV(11->11')>   -0.11191
|3S^CV(10->9')>   -0.18801
|3S^CV(10->11')>   -0.13410
|3S^CV(7->3')>   -0.07456
|3S^CV(7->5')>   -0.16628
|3S^CV(7->12')>   -0.14833
|3S^CV(7->13')>    0.14236
|3S^CV(7->14')>    0.05192
|3S^CV(6->3')>    0.07754
|3S^CV(6->5')>    0.17325
|3S^CV(6->12')>    0.15472
|3S^CV(6->13')>   -0.14808
|3S^CV(6->14')>   -0.05414
|3S^CV(4->3')>    0.07326
|3S^CV(4->5')>    0.34753
|3S^CV(4->12')>    0.14600
|3S^CV(4->13')>   -0.13993
|3S^CV(4->14')>   -0.05111
|3S^CV(4->17')>    0.05550
|3S^CV(3->9')>    0.13432
|3S^CV(3->11')>    0.09598
|3S^CV(2->8')>    0.05388
|3S^CV(2->9')>    0.22983
|3S^CV(2->11')>    0.34857
|3S^CV(1->11')>    0.05014
|3X^CV(12->9')>   -0.06455
|3X^CV(11->9')>    0.11078
|3X^CV(11->11')>    0.07906
|3X^CV(10->9')>    0.13299
|3X^CV(10->11')>    0.09482
|3X^CV(7->3')>    0.05264
|3X^CV(7->5')>    0.11761
|3X^CV(7->12')>    0.10500
|3X^CV(7->13')>   -0.10068
|3X^CV(6->3')>   -0.05488
|3X^CV(6->5')>   -0.12254
|3X^CV(6->12')>   -0.10923
|3X^CV(6->13')>    0.10500
|3X^CV(4->3')>   -0.05179
|3X^CV(4->5')>   -0.24581
|3X^CV(4->12')>   -0.10321
|3X^CV(4->13')>    0.09910
|3X^CV(3->9')>   -0.09493
|3X^CV(3->11')>   -0.06785
|3X^CV(2->9')>   -0.16248
|3X^CV(2->11')>   -0.24643
TDMs with Triplet 'Ground' state
TDMX:0.000   TDMY:0.000   TDMZ:-0.000   Oscillator Strength:0.00000   <S**2>: 2.000
--------------------------------------------------------------------
TDMs with Singlet 'Ground' state
TDMX:0.000   TDMY:0.000   TDMZ:0.000   Oscillator Strength:0.00000   <S**2>: 2.000
--------------------------------------------------------------------


State 98 3.459 eV 
Excitation    CI Coef
|5^CV(12->9')>    0.07765
|5^CV(12->11')>   -0.11446
|5^CV(11->9')>   -0.13367
|5^CV(11->11')>    0.19707
|5^CV(10->9')>   -0.16021
|5^CV(10->11')>    0.23591
|5^CV(7->3')>   -0.06212
|5^CV(7->5')>    0.29513
|5^CV(7->12')>   -0.12414
|5^CV(7->13')>    0.11846
|5^CV(6->3')>    0.06469
|5^CV(6->5')>   -0.30668
|5^CV(6->12')>    0.12861
|5^CV(6->13')>   -0.12338
|5^CV(4->1')>   -0.05905
|5^CV(4->3')>   -0.13186
|5^CV(4->5')>    0.29417
|5^CV(4->12')>   -0.26286
|5^CV(4->13')>    0.25151
|5^CV(4->14')>    0.09214
|5^CV(3->9')>    0.11438
|5^CV(3->11')>   -0.16890
|5^CV(2->8')>   -0.09760
|5^CV(2->9')>   -0.41647
|5^CV(2->11')>    0.28860
|5^CV(1->9')>   -0.05987
TDMs with Triplet 'Ground' state
TDMX:0.000   TDMY:0.000   TDMZ:0.000   Oscillator Strength:0.00000   <S**2>: 6.000
--------------------------------------------------------------------
TDMs with Singlet 'Ground' state
TDMX:0.000   TDMY:0.000   TDMZ:0.000   Oscillator Strength:0.00000   <S**2>: 6.000
--------------------------------------------------------------------


State 99 3.459 eV 
Excitation    CI Coef
|5^CV(12->10')>    0.13344
|5^CV(11->8')>    0.06719
|5^CV(11->10')>    0.23036
|5^CV(10->8')>   -0.08030
|5^CV(10->10')>   -0.27514
|5^CV(7->4')>    0.35619
|5^CV(7->12')>    0.06256
|5^CV(7->13')>    0.05979
|5^CV(7->16')>    0.05655
|5^CV(6->4')>    0.34342
|5^CV(6->12')>    0.05976
|5^CV(6->13')>    0.05713
|5^CV(6->16')>    0.05453
|5^CV(5->1')>   -0.06877
|5^CV(5->3')>    0.15328
|5^CV(5->4')>   -0.15117
|5^CV(5->12')>   -0.30619
|5^CV(5->13')>   -0.29268
|5^CV(5->14')>    0.10726
|5^CV(3->8')>   -0.05744
|5^CV(3->10')>   -0.19713
|5^CV(2->8')>   -0.06953
|5^CV(1->8')>    0.48286
|5^CV(1->9')>   -0.11327
|5^CV(1->10')>    0.14309
TDMs with Triplet 'Ground' state
TDMX:0.000   TDMY:0.000   TDMZ:0.000   Oscillator Strength:0.00000   <S**2>: 6.000
--------------------------------------------------------------------
TDMs with Singlet 'Ground' state
TDMX:0.000   TDMY:0.000   TDMZ:0.000   Oscillator Strength:0.00000   <S**2>: 6.000
--------------------------------------------------------------------


State 100 3.459 eV 
Excitation    CI Coef
|5^CV(12->8')>   -0.13001
|5^CV(11->8')>   -0.22480
|5^CV(11->9')>    0.05209
|5^CV(11->10')>    0.06887
|5^CV(10->8')>    0.26833
|5^CV(10->9')>   -0.06365
|5^CV(10->10')>   -0.08231
|5^CV(7->3')>    0.10990
|5^CV(7->4')>    0.10827
|5^CV(7->12')>   -0.22057
|5^CV(7->13')>   -0.20980
|5^CV(7->14')>    0.07726
|5^CV(6->3')>    0.10675
|5^CV(6->4')>    0.10545
|5^CV(6->12')>   -0.21207
|5^CV(6->13')>   -0.20382
|5^CV(6->14')>    0.07426
|5^CV(5->4')>    0.49489
|5^CV(5->12')>   -0.08653
|5^CV(5->13')>   -0.08278
|5^CV(5->16')>    0.07913
|5^CV(3->8')>    0.19204
|5^CV(3->10')>   -0.05890
|5^CV(2->10')>    0.07127
|5^CV(1->8')>    0.13963
|5^CV(1->10')>   -0.49505
TDMs with Triplet 'Ground' state
TDMX:0.000   TDMY:0.000   TDMZ:0.000   Oscillator Strength:0.00000   <S**2>: 6.000
--------------------------------------------------------------------
TDMs with Singlet 'Ground' state
TDMX:0.000   TDMY:0.000   TDMZ:0.000   Oscillator Strength:0.00000   <S**2>: 6.000
--------------------------------------------------------------------


State 101 3.459 eV 
Excitation    CI Coef
|5^CV(12->9')>    0.11148
|5^CV(12->11')>    0.07964
|5^CV(11->9')>   -0.19241
|5^CV(11->11')>   -0.13712
|5^CV(10->8')>   -0.05496
|5^CV(10->9')>   -0.23001
|5^CV(10->11')>   -0.16416
|5^CV(7->3')>   -0.09170
|5^CV(7->5')>   -0.20365
|5^CV(7->12')>   -0.18115
|5^CV(7->13')>    0.17488
|5^CV(7->14')>    0.06349
|5^CV(6->3')>    0.09468
|5^CV(6->5')>    0.21217
|5^CV(6->12')>    0.19032
|5^CV(6->13')>   -0.18060
|5^CV(6->14')>   -0.06668
|5^CV(4->3')>    0.08976
|5^CV(4->5')>    0.42571
|5^CV(4->12')>    0.17893
|5^CV(4->13')>   -0.17122
|5^CV(4->14')>   -0.06272
|5^CV(4->17')>    0.06798
|5^CV(3->9')>    0.16466
|5^CV(3->11')>    0.11753
|5^CV(2->8')>    0.06602
|5^CV(2->9')>    0.28142
|5^CV(2->11')>    0.42693
|5^CV(1->11')>    0.06135
TDMs with Triplet 'Ground' state
TDMX:0.000   TDMY:0.000   TDMZ:0.000   Oscillator Strength:0.00000   <S**2>: 6.000
--------------------------------------------------------------------
TDMs with Singlet 'Ground' state
TDMX:0.000   TDMY:0.000   TDMZ:0.000   Oscillator Strength:0.00000   <S**2>: 6.000
--------------------------------------------------------------------


State 102 3.467 eV 
Excitation    CI Coef
|1^ZW->   -0.48942
|1^CS(18->0)>    0.10202
|1^CS(12->0)>    0.20118
|1^CS(11->0)>    0.19015
|1^CS(10->0)>    0.13364
|1^CS(3->0)>   -0.19194
|1^CS(18->0')>   -0.10197
|1^CS(12->0')>    0.20114
|1^CS(11->0')>   -0.18979
|1^CS(10->0')>    0.13358
|1^CS(3->0')>    0.19215
|1^SV(0->3')>   -0.25707
|1^SV(0->12')>   -0.20373
|1^SV(0->13')>   -0.08883
|1^SV(0'->3')>    0.25720
|1^SV(0'->12')>   -0.20389
|1^SV(0'->13')>    0.08910
|1S^CV(12->3')>   -0.11986
|1S^CV(12->13')>   -0.06326
|1S^CV(11->12')>    0.08767
|1S^CV(10->13')>   -0.06226
|1S^CV(3->1')>    0.13476
|1S^CV(3->12')>   -0.05787
|1T^CV(18->3')>    0.08409
|1T^CV(12->1')>    0.06475
|1T^CV(12->12')>   -0.15401
|1T^CV(12->14')>    0.05263
|1T^CV(11->3')>    0.19622
|1T^CV(11->13')>    0.07652
|1T^CV(10->1')>    0.08129
|1T^CV(7->9')>   -0.06255
|1T^CV(6->8')>    0.06179
|1T^CV(5->10')>   -0.07482
|1T^CV(4->11')>    0.07484
|1T^CV(2->5')>   -0.08161
|1T^CV(1->4')>   -0.08171
TDMs with Triplet 'Ground' state
TDMX:0.000   TDMY:0.000   TDMZ:0.000   Oscillator Strength:0.00000   <S**2>: 0.000
--------------------------------------------------------------------
TDMs with Singlet 'Ground' state
TDMX:-1.634   TDMY:-0.000   TDMZ:0.000   Oscillator Strength:0.22685   <S**2>: 0.000
--------------------------------------------------------------------


State 103 3.488 eV 
Excitation    CI Coef
|5^CV(20->2')>    0.14920
|5^CV(14->2')>    0.33117
|5^CV(13->1')>    0.60229
|5^CV(13->12')>   -0.15367
|5^CV(13->14')>   -0.21648
|5^CV(11->2')>    0.41581
|5^CV(3->2')>    0.50375
TDMs with Triplet 'Ground' state
TDMX:0.000   TDMY:0.000   TDMZ:0.000   Oscillator Strength:0.00000   <S**2>: 6.000
--------------------------------------------------------------------
TDMs with Singlet 'Ground' state
TDMX:0.000   TDMY:0.000   TDMZ:0.000   Oscillator Strength:0.00000   <S**2>: 6.000
--------------------------------------------------------------------


State 104 3.512 eV 
Excitation    CI Coef
|3^CS(14->0)>   -0.07282
|3^CS(12->0)>   -0.05040
|3^CS(14->0')>   -0.07296
|3^CS(12->0')>    0.05048
|3^SV(0->3')>    0.10506
|3^SV(0->14')>    0.07705
|3^SV(0'->3')>   -0.10495
|3^SV(0'->14')>    0.07708
|3S^CV(12->1')>    0.11038
|3S^CV(10->1')>    0.08596
|3S^CV(9->7')>    0.05770
|3S^CV(8->6')>    0.05798
|3S^CV(3->3')>   -0.10874
|3S^CV(3->13')>   -0.05595
|3X^CV(20->1')>   -0.05760
|3X^CV(18->1')>    0.05464
|3X^CV(14->1')>   -0.30078
|3X^CV(13->2')>    0.71487
|3X^CV(13->7')>   -0.05037
|3X^CV(12->3')>   -0.16262
|3X^CV(12->13')>   -0.06021
|3X^CV(11->1')>   -0.26374
|3X^CV(11->12')>    0.09660
|3X^CV(11->14')>    0.12443
|3X^CV(10->3')>   -0.07202
|3X^CV(9->6')>   -0.09081
|3X^CV(8->7')>   -0.09162
|3X^CV(3->1')>   -0.25019
|3X^CV(3->12')>    0.10145
|3X^CV(3->14')>    0.16169
TDMs with Triplet 'Ground' state
TDMX:0.308   TDMY:0.000   TDMZ:-0.000   Oscillator Strength:0.00817   <S**2>: 2.000
--------------------------------------------------------------------
TDMs with Singlet 'Ground' state
TDMX:0.000   TDMY:0.000   TDMZ:0.000   Oscillator Strength:0.00000   <S**2>: 2.000
--------------------------------------------------------------------


State 105 3.543 eV 
Excitation    CI Coef
|1^ZW+>   -0.36036
|1^CS(17->0)>   -0.05270
|1^CS(14->0)>   -0.12511
|1^CS(11->0)>    0.06468
|1^CS(10->0)>   -0.13411
|1^CS(17->0')>    0.05271
|1^CS(14->0')>   -0.12524
|1^CS(11->0')>    0.06450
|1^CS(10->0')>    0.13419
|1^SV(0->3')>    0.05517
|1^SV(0->12')>    0.08131
|1^SV(0->13')>    0.06645
|1^SV(0->14')>   -0.09289
|1^SV(0'->3')>    0.05518
|1^SV(0'->12')>   -0.08132
|1^SV(0'->13')>    0.06647
|1^SV(0'->14')>    0.09300
|1T^CV(20->14')>    0.06570
|1T^CV(18->1')>    0.05623
|1T^CV(14->1')>   -0.24370
|1T^CV(14->12')>    0.08533
|1T^CV(13->2')>    0.64339
|1T^CV(11->1')>   -0.21594
|1T^CV(11->14')>    0.12307
|1T^CV(10->13')>   -0.05375
|1T^CV(3->1')>   -0.32949
|1T^CV(3->12')>    0.06873
|1T^CV(3->14')>    0.09781
TDMs with Triplet 'Ground' state
TDMX:0.000   TDMY:0.000   TDMZ:0.000   Oscillator Strength:0.00000   <S**2>: 0.000
--------------------------------------------------------------------
TDMs with Singlet 'Ground' state
TDMX:-0.000   TDMY:0.000   TDMZ:-0.000   Oscillator Strength:0.00000   <S**2>: 0.000
--------------------------------------------------------------------


State 106 3.544 eV 
Excitation    CI Coef
|3^CS(14->0)>    0.05869
|3^CS(14->0')>   -0.05874
|3^SV(0->3')>   -0.08786
|3^SV(0->14')>   -0.06247
|3^SV(0'->3')>   -0.08768
|3^SV(0'->14')>    0.06242
|3S^CV(20->1')>    0.07924
|3S^CV(18->1')>   -0.06726
|3S^CV(14->1')>    0.34913
|3S^CV(13->2')>   -0.68667
|3S^CV(12->3')>    0.19487
|3S^CV(12->13')>    0.06360
|3S^CV(11->1')>    0.25612
|3S^CV(11->12')>   -0.10604
|3S^CV(11->14')>   -0.13878
|3S^CV(10->3')>    0.11519
|3S^CV(10->13')>    0.05830
|3S^CV(9->6')>    0.10907
|3S^CV(8->7')>    0.10974
|3S^CV(3->1')>    0.20514
|3S^CV(3->12')>   -0.10929
|3S^CV(3->14')>   -0.20963
|3X^CV(12->1')>   -0.10771
|3X^CV(10->1')>   -0.08418
|3X^CV(3->3')>    0.10566
TDMs with Triplet 'Ground' state
TDMX:-0.000   TDMY:-0.000   TDMZ:-0.000   Oscillator Strength:0.00000   <S**2>: 2.000
--------------------------------------------------------------------
TDMs with Singlet 'Ground' state
TDMX:0.000   TDMY:0.000   TDMZ:0.000   Oscillator Strength:0.00000   <S**2>: 2.000
--------------------------------------------------------------------


State 107 3.583 eV 
Excitation    CI Coef
|5^CV(20->1')>    0.10913
|5^CV(18->1')>   -0.08247
|5^CV(14->1')>    0.41001
|5^CV(13->2')>   -0.67792
|5^CV(12->3')>    0.21710
|5^CV(12->13')>    0.07012
|5^CV(11->1')>    0.25809
|5^CV(11->12')>   -0.10710
|5^CV(11->14')>   -0.15481
|5^CV(10->3')>    0.17031
|5^CV(10->13')>    0.07461
|5^CV(9->6')>    0.11551
|5^CV(8->7')>    0.11610
|5^CV(3->1')>    0.16930
|5^CV(3->12')>   -0.12583
|5^CV(3->14')>   -0.26315
TDMs with Triplet 'Ground' state
TDMX:0.000   TDMY:0.000   TDMZ:0.000   Oscillator Strength:0.00000   <S**2>: 6.000
--------------------------------------------------------------------
TDMs with Singlet 'Ground' state
TDMX:0.000   TDMY:0.000   TDMZ:0.000   Oscillator Strength:0.00000   <S**2>: 6.000
--------------------------------------------------------------------


State 108 3.711 eV 
Excitation    CI Coef
|3^CS(9->0)>    0.20129
|3^CS(8->0)>    0.17636
|3^CS(9->0')>    0.21932
|3^CS(8->0')>   -0.18381
|3^SV(0->6')>   -0.07474
|3^SV(0->7')>   -0.07804
|3^SV(0'->6')>   -0.08298
|3^SV(0'->7')>    0.08078
|3T^CV(14->6')>    0.05638
|3T^CV(12->7')>    0.12586
|3T^CV(11->6')>   -0.05843
|3T^CV(10->7')>    0.13469
|3T^CV(9->1')>    0.54104
|3T^CV(9->14')>    0.16070
|3T^CV(8->3')>    0.30835
|3T^CV(8->13')>    0.16653
|3T^CV(3->6')>   -0.19211
|3S^CV(12->6')>    0.09477
|3S^CV(11->7')>   -0.07951
|3S^CV(9->3')>   -0.11104
|3S^CV(8->1')>   -0.19459
|3S^CV(3->7')>   -0.09893
|3X^CV(20->6')>    0.06109
|3X^CV(19->7')>   -0.06262
|3X^CV(12->7')>    0.13738
|3X^CV(11->6')>   -0.11435
|3X^CV(10->7')>    0.06213
|3X^CV(9->1')>   -0.27306
|3X^CV(9->12')>   -0.05733
|3X^CV(9->18')>   -0.05755
|3X^CV(9->20')>    0.06585
|3X^CV(8->3')>   -0.16825
|3X^CV(8->15')>    0.06598
|3X^CV(8->21')>   -0.05910
|3X^CV(3->6')>   -0.14484
TDMs with Triplet 'Ground' state
TDMX:0.000   TDMY:-0.026   TDMZ:-0.030   Oscillator Strength:0.00014   <S**2>: 2.000
--------------------------------------------------------------------
TDMs with Singlet 'Ground' state
TDMX:0.000   TDMY:0.000   TDMZ:0.000   Oscillator Strength:0.00000   <S**2>: 2.000
--------------------------------------------------------------------


State 109 3.715 eV 
Excitation    CI Coef
|3^CS(9->0)>   -0.18450
|3^CS(8->0)>   -0.21999
|3^CS(9->0')>    0.17726
|3^CS(8->0')>   -0.20209
|3^SV(0->6')>    0.08170
|3^SV(0->7')>    0.08390
|3^SV(0'->6')>   -0.07925
|3^SV(0'->7')>    0.07587
|3T^CV(14->7')>   -0.05924
|3T^CV(12->6')>   -0.12936
|3T^CV(11->7')>    0.05760
|3T^CV(10->6')>   -0.13815
|3T^CV(9->3')>   -0.30447
|3T^CV(9->13')>   -0.16553
|3T^CV(8->1')>   -0.53695
|3T^CV(8->14')>   -0.15881
|3T^CV(3->7')>    0.19335
|3S^CV(12->7')>   -0.09583
|3S^CV(11->6')>    0.08042
|3S^CV(9->1')>    0.19377
|3S^CV(8->3')>    0.11036
|3S^CV(3->6')>    0.10022
|3X^CV(20->7')>   -0.06109
|3X^CV(19->6')>    0.06277
|3X^CV(12->6')>   -0.13934
|3X^CV(11->7')>    0.11501
|3X^CV(10->6')>   -0.06303
|3X^CV(9->3')>    0.16718
|3X^CV(9->15')>   -0.06608
|3X^CV(9->21')>    0.05916
|3X^CV(8->1')>    0.27194
|3X^CV(8->12')>    0.05760
|3X^CV(8->18')>    0.05737
|3X^CV(8->20')>   -0.06595
|3X^CV(3->7')>    0.14569
TDMs with Triplet 'Ground' state
TDMX:0.000   TDMY:-0.746   TDMZ:-0.921   Oscillator Strength:0.12789   <S**2>: 2.000
--------------------------------------------------------------------
TDMs with Singlet 'Ground' state
TDMX:0.000   TDMY:0.000   TDMZ:0.000   Oscillator Strength:0.00000   <S**2>: 2.000
--------------------------------------------------------------------


State 110 3.718 eV 
Excitation    CI Coef
|1^CS(9->0)>   -0.22698
|1^CS(8->0)>   -0.14576
|1^CS(9->0')>    0.24089
|1^CS(8->0')>   -0.15236
|1^SV(0->6')>   -0.06649
|1^SV(0->7')>   -0.09449
|1^SV(0'->6')>   -0.07571
|1^SV(0'->7')>    0.09647
|1S^CV(14->6')>    0.05836
|1S^CV(12->7')>    0.12617
|1S^CV(11->6')>   -0.06194
|1S^CV(10->7')>    0.14020
|1S^CV(9->1')>    0.56383
|1S^CV(9->14')>    0.16364
|1S^CV(8->3')>    0.31368
|1S^CV(8->13')>    0.16162
|1S^CV(3->6')>   -0.19784
|1T^CV(20->7')>   -0.06976
|1T^CV(19->6')>    0.07085
|1T^CV(12->6')>   -0.16574
|1T^CV(11->7')>    0.14338
|1T^CV(10->6')>   -0.07696
|1T^CV(9->3')>    0.16689
|1T^CV(9->15')>   -0.07816
|1T^CV(9->21')>    0.06934
|1T^CV(8->1')>    0.31063
|1T^CV(8->12')>    0.05146
|1T^CV(8->18')>    0.06343
|1T^CV(8->20')>   -0.06881
|1T^CV(3->7')>    0.17334
TDMs with Triplet 'Ground' state
TDMX:0.000   TDMY:0.000   TDMZ:0.000   Oscillator Strength:0.00000   <S**2>: 0.000
--------------------------------------------------------------------
TDMs with Singlet 'Ground' state
TDMX:0.000   TDMY:-0.024   TDMZ:-0.028   Oscillator Strength:0.00012   <S**2>: 0.000
--------------------------------------------------------------------


State 111 3.722 eV 
Excitation    CI Coef
|1^CS(9->0)>    0.15283
|1^CS(8->0)>    0.24128
|1^CS(9->0')>    0.14630
|1^CS(8->0')>   -0.22752
|1^SV(0->6')>    0.09749
|1^SV(0->7')>    0.07657
|1^SV(0'->6')>   -0.09576
|1^SV(0'->7')>    0.06757
|1S^CV(14->7')>   -0.06141
|1S^CV(12->6')>   -0.12983
|1S^CV(11->7')>    0.06105
|1S^CV(10->6')>   -0.14382
|1S^CV(9->3')>   -0.30987
|1S^CV(9->13')>   -0.16054
|1S^CV(8->1')>   -0.56007
|1S^CV(8->14')>   -0.16168
|1S^CV(3->7')>    0.19913
|1T^CV(20->6')>    0.07006
|1T^CV(19->7')>   -0.07069
|1T^CV(12->7')>    0.16749
|1T^CV(11->6')>   -0.14487
|1T^CV(10->7')>    0.07771
|1T^CV(9->1')>   -0.30881
|1T^CV(9->12')>   -0.05168
|1T^CV(9->18')>   -0.06326
|1T^CV(9->20')>    0.06889
|1T^CV(8->3')>   -0.16546
|1T^CV(8->15')>    0.07801
|1T^CV(8->21')>   -0.06924
|1T^CV(3->6')>   -0.17548
TDMs with Triplet 'Ground' state
TDMX:0.000   TDMY:0.000   TDMZ:0.000   Oscillator Strength:0.00000   <S**2>: 0.000
--------------------------------------------------------------------
TDMs with Singlet 'Ground' state
TDMX:0.000   TDMY:-0.767   TDMZ:-0.939   Oscillator Strength:0.13400   <S**2>: 0.000
--------------------------------------------------------------------


State 112 3.801 eV 
Excitation    CI Coef
|3^CS(18->0)>    0.14128
|3^CS(17->0)>    0.14969
|3^CS(12->0)>   -0.10294
|3^CS(11->0)>    0.19292
|3^CS(10->0)>    0.17828
|3^CS(3->0)>   -0.06319
|3^CS(18->0')>   -0.14004
|3^CS(17->0')>    0.14810
|3^CS(12->0')>   -0.10241
|3^CS(11->0')>   -0.19071
|3^CS(10->0')>    0.17559
|3^CS(3->0')>    0.06220
|3^SV(0->1')>   -0.32644
|3^SV(0->3')>    0.15887
|3^SV(0->12')>    0.15071
|3^SV(0->14')>    0.05839
|3^SV(0'->1')>    0.32250
|3^SV(0'->3')>    0.15635
|3^SV(0'->12')>   -0.14874
|3^SV(0'->14')>   -0.05734
|3T^CV(18->13')>    0.05175
|3T^CV(17->1')>    0.10986
|3T^CV(12->1')>   -0.19724
|3T^CV(12->12')>    0.08257
|3T^CV(11->13')>    0.08993
|3T^CV(10->1')>    0.16589
|3T^CV(10->12')>   -0.06629
|3T^CV(10->14')>    0.07518
|3T^CV(3->3')>   -0.05914
|3T^CV(3->13')>   -0.05921
|3S^CV(18->1')>   -0.06267
|3S^CV(14->1')>    0.10890
|3S^CV(14->12')>   -0.05665
|3S^CV(13->2')>   -0.09914
|3S^CV(12->3')>   -0.10822
|3S^CV(11->12')>    0.05163
|3S^CV(9->6')>   -0.06808
|3S^CV(8->7')>   -0.06783
|3S^CV(3->1')>    0.12113
|3S^CV(2->5')>   -0.09099
|3S^CV(1->4')>    0.09011
|3X^CV(17->1')>   -0.06463
|3X^CV(17->14')>    0.05811
|3X^CV(14->3')>   -0.06273
|3X^CV(12->1')>    0.11922
|3X^CV(12->12')>   -0.11588
|3X^CV(12->14')>   -0.10422
|3X^CV(11->3')>    0.18333
|3X^CV(10->1')>   -0.08697
|3X^CV(9->7')>   -0.10418
|3X^CV(8->6')>   -0.10442
|3X^CV(3->3')>    0.10613
|3X^CV(3->13')>    0.07183
|3X^CV(2->5')>   -0.12888
|3X^CV(1->4')>   -0.12761
TDMs with Triplet 'Ground' state
TDMX:-0.004   TDMY:0.000   TDMZ:-0.000   Oscillator Strength:0.00000   <S**2>: 2.000
--------------------------------------------------------------------
TDMs with Singlet 'Ground' state
TDMX:0.000   TDMY:0.000   TDMZ:0.000   Oscillator Strength:0.00000   <S**2>: 2.000
--------------------------------------------------------------------


State 113 3.823 eV 
Excitation    CI Coef
|3^CS(18->0)>    0.11134
|3^CS(17->0)>    0.12459
|3^CS(14->0)>    0.08043
|3^CS(11->0)>    0.19139
|3^CS(10->0)>    0.20327
|3^CS(3->0)>   -0.08649
|3^CS(19->0')>   -0.05003
|3^CS(18->0')>    0.11349
|3^CS(17->0')>   -0.12670
|3^CS(14->0')>    0.08063
|3^CS(11->0')>    0.19421
|3^CS(10->0')>   -0.20553
|3^CS(3->0')>   -0.08743
|3^SV(0->1')>   -0.28729
|3^SV(0->3')>    0.17976
|3^SV(0->12')>    0.15748
|3^SV(0->14')>    0.07361
|3^SV(0'->1')>   -0.29113
|3^SV(0'->3')>   -0.18143
|3^SV(0'->12')>    0.15943
|3^SV(0'->14')>    0.07418
|3T^CV(18->1')>    0.09440
|3T^CV(18->12')>   -0.05039
|3T^CV(11->1')>    0.31604
|3T^CV(11->12')>   -0.11296
|3T^CV(10->13')>    0.10143
|3T^CV(3->1')>    0.10714
|3T^CV(3->14')>   -0.06895
|3S^CV(12->1')>    0.06557
|3S^CV(12->12')>   -0.08927
|3S^CV(12->14')>   -0.06806
|3S^CV(11->3')>    0.15118
|3S^CV(10->1')>   -0.05818
|3S^CV(9->7')>   -0.07277
|3S^CV(8->6')>   -0.07300
|3S^CV(3->3')>    0.09492
|3S^CV(2->5')>   -0.07337
|3S^CV(1->4')>   -0.07471
|3X^CV(20->14')>   -0.05232
|3X^CV(18->1')>   -0.06839
|3X^CV(18->14')>    0.05453
|3X^CV(17->3')>    0.05489
|3X^CV(14->1')>    0.10493
|3X^CV(14->12')>   -0.08216
|3X^CV(13->2')>   -0.07755
|3X^CV(12->3')>   -0.18968
|3X^CV(11->12')>    0.08162
|3X^CV(11->14')>    0.07954
|3X^CV(9->6')>   -0.09913
|3X^CV(8->7')>   -0.09873
|3X^CV(3->1')>    0.15175
|3X^CV(3->14')>    0.05418
|3X^CV(2->5')>   -0.10463
|3X^CV(1->4')>    0.10653
TDMs with Triplet 'Ground' state
TDMX:-0.523   TDMY:0.000   TDMZ:-0.000   Oscillator Strength:0.02562   <S**2>: 2.000
--------------------------------------------------------------------
TDMs with Singlet 'Ground' state
TDMX:0.000   TDMY:0.000   TDMZ:0.000   Oscillator Strength:0.00000   <S**2>: 2.000
--------------------------------------------------------------------


State 114 3.903 eV 
Excitation    CI Coef
|3^CS(4->0)>   -0.15357
|3^SV(0->11')>   -0.19848
|3T^CV(12->11')>   -0.11013
|3T^CV(11->11')>    0.17935
|3T^CV(10->11')>    0.19519
|3T^CV(7->5')>   -0.22962
|3T^CV(6->5')>    0.24180
|3T^CV(4->3')>    0.09091
|3T^CV(4->12')>    0.22255
|3T^CV(4->13')>   -0.21772
|3T^CV(4->14')>   -0.08851
|3T^CV(3->11')>   -0.13329
|3T^CV(2->8')>   -0.06746
|3T^CV(2->9')>   -0.32033
|3T^CV(1->8')>   -0.06115
|3S^CV(18->11')>   -0.05827
|3S^CV(17->11')>   -0.05989
|3S^CV(15->9')>    0.07361
|3S^CV(10->11')>    0.06224
|3S^CV(7->5')>    0.16782
|3S^CV(7->17')>    0.05574
|3S^CV(6->5')>   -0.17226
|3S^CV(6->17')>   -0.05784
|3S^CV(4->1')>   -0.06949
|3S^CV(4->3')>   -0.08998
|3S^CV(4->12')>   -0.12590
|3S^CV(4->13')>    0.10904
|3S^CV(4->19')>    0.05751
|3S^CV(3->11')>   -0.05086
|3S^CV(2->9')>   -0.13296
|3X^CV(18->11')>   -0.08370
|3X^CV(17->11')>   -0.08334
|3X^CV(15->9')>    0.10395
|3X^CV(11->11')>    0.05870
|3X^CV(10->11')>    0.08695
|3X^CV(7->5')>    0.23488
|3X^CV(7->17')>    0.07872
|3X^CV(6->5')>   -0.24630
|3X^CV(6->17')>   -0.08179
|3X^CV(4->1')>   -0.10246
|3X^CV(4->3')>   -0.12547
|3X^CV(4->12')>   -0.17889
|3X^CV(4->13')>    0.15437
|3X^CV(4->19')>    0.07972
|3X^CV(4->20')>   -0.07140
|3X^CV(3->11')>   -0.07272
|3X^CV(2->9')>   -0.18966
TDMs with Triplet 'Ground' state
TDMX:-0.001   TDMY:0.038   TDMZ:0.015   Oscillator Strength:0.00016   <S**2>: 2.000
--------------------------------------------------------------------
TDMs with Singlet 'Ground' state
TDMX:0.000   TDMY:0.000   TDMZ:0.000   Oscillator Strength:0.00000   <S**2>: 2.000
--------------------------------------------------------------------


State 115 3.903 eV 
Excitation    CI Coef
|3^CS(5->0')>    0.15356
|3^SV(0'->10')>    0.19845
|3T^CV(12->10')>   -0.11002
|3T^CV(11->10')>   -0.17963
|3T^CV(10->10')>    0.19508
|3T^CV(7->4')>    0.23855
|3T^CV(6->4')>    0.23307
|3T^CV(5->3')>    0.09080
|3T^CV(5->12')>   -0.22270
|3T^CV(5->13')>   -0.21766
|3T^CV(5->14')>    0.08852
|3T^CV(3->10')>    0.13331
|3T^CV(2->8')>    0.05766
|3T^CV(1->8')>   -0.31697
|3T^CV(1->9')>    0.08195
|3S^CV(18->10')>   -0.05831
|3S^CV(17->10')>    0.05986
|3S^CV(16->8')>   -0.07357
|3S^CV(10->10')>   -0.06221
|3S^CV(7->4')>    0.17414
|3S^CV(7->16')>    0.05786
|3S^CV(6->4')>    0.16585
|3S^CV(6->16')>    0.05572
|3S^CV(5->1')>   -0.06953
|3S^CV(5->3')>    0.08986
|3S^CV(5->12')>   -0.12597
|3S^CV(5->13')>   -0.10900
|3S^CV(5->19')>   -0.05761
|3S^CV(3->10')>   -0.05087
|3S^CV(1->8')>    0.13441
|3X^CV(18->10')>    0.08376
|3X^CV(17->10')>   -0.08329
|3X^CV(16->8')>    0.10401
|3X^CV(11->10')>   -0.05881
|3X^CV(10->10')>    0.08691
|3X^CV(7->4')>   -0.24392
|3X^CV(7->16')>   -0.08173
|3X^CV(6->4')>   -0.23733
|3X^CV(6->16')>   -0.07879
|3X^CV(5->1')>    0.10252
|3X^CV(5->3')>   -0.12529
|3X^CV(5->12')>    0.17899
|3X^CV(5->13')>    0.15431
|3X^CV(5->19')>    0.07986
|3X^CV(5->20')>    0.07127
|3X^CV(3->10')>    0.07273
|3X^CV(1->8')>   -0.18767
TDMs with Triplet 'Ground' state
TDMX:-0.000   TDMY:0.027   TDMZ:0.011   Oscillator Strength:0.00008   <S**2>: 2.000
--------------------------------------------------------------------
TDMs with Singlet 'Ground' state
TDMX:0.000   TDMY:0.000   TDMZ:0.000   Oscillator Strength:0.00000   <S**2>: 2.000
--------------------------------------------------------------------


State 116 3.905 eV 
Excitation    CI Coef
|3^CS(7->0)>    0.07781
|3^CS(6->0)>   -0.08800
|3^CS(7->0')>   -0.06834
|3^CS(6->0')>   -0.07376
|3^SV(0->9')>   -0.14804
|3^SV(0'->8')>    0.12620
|3T^CV(12->8')>   -0.09023
|3T^CV(12->9')>   -0.06627
|3T^CV(11->8')>   -0.08325
|3T^CV(11->9')>    0.16060
|3T^CV(10->8')>    0.16116
|3T^CV(10->9')>    0.11823
|3T^CV(7->3')>   -0.09274
|3T^CV(7->13')>    0.22058
|3T^CV(6->12')>    0.22431
|3T^CV(6->14')>   -0.08901
|3T^CV(5->4')>   -0.21941
|3T^CV(4->5')>    0.25645
|3T^CV(3->8')>    0.06237
|3T^CV(3->9')>   -0.12050
|3T^CV(2->11')>   -0.25123
|3T^CV(1->10')>   -0.21538
|3S^CV(17->9')>   -0.05281
|3S^CV(16->10')>   -0.05020
|3S^CV(15->11')>    0.05867
|3S^CV(10->9')>    0.05653
|3S^CV(7->1')>    0.07227
|3S^CV(7->12')>    0.12852
|3S^CV(6->3')>   -0.09071
|3S^CV(6->13')>    0.10937
|3S^CV(6->19')>    0.05713
|3S^CV(5->4')>   -0.15542
|3S^CV(5->16')>   -0.05317
|3S^CV(4->5')>   -0.18180
|3S^CV(4->17')>   -0.06214
|3S^CV(2->11')>   -0.10277
|3S^CV(1->10')>    0.08775
|3X^CV(18->9')>   -0.07387
|3X^CV(17->8')>   -0.06756
|3X^CV(16->10')>    0.07089
|3X^CV(15->11')>    0.08287
|3X^CV(11->9')>    0.05297
|3X^CV(10->8')>    0.07277
|3X^CV(10->9')>    0.05333
|3X^CV(7->3')>    0.12961
|3X^CV(7->13')>   -0.15635
|3X^CV(7->19')>   -0.07981
|3X^CV(6->1')>   -0.10384
|3X^CV(6->12')>   -0.17980
|3X^CV(6->20')>   -0.07097
|3X^CV(5->4')>    0.22062
|3X^CV(5->16')>    0.07516
|3X^CV(4->5')>   -0.25786
|3X^CV(4->17')>   -0.08784
|3X^CV(3->9')>   -0.06569
|3X^CV(2->11')>   -0.14650
|3X^CV(1->10')>   -0.12556
TDMs with Triplet 'Ground' state
TDMX:0.009   TDMY:0.000   TDMZ:0.000   Oscillator Strength:0.00001   <S**2>: 2.000
--------------------------------------------------------------------
TDMs with Singlet 'Ground' state
TDMX:0.000   TDMY:0.000   TDMZ:0.000   Oscillator Strength:0.00000   <S**2>: 2.000
--------------------------------------------------------------------


State 117 3.905 eV 
Excitation    CI Coef
|3^CS(7->0)>    0.07355
|3^CS(6->0)>   -0.06919
|3^CS(7->0')>    0.08767
|3^CS(6->0')>    0.07870
|3^SV(0->9')>   -0.12675
|3^SV(0'->8')>   -0.14847
|3T^CV(12->8')>    0.06647
|3T^CV(12->9')>   -0.09086
|3T^CV(11->8')>    0.16123
|3T^CV(11->9')>    0.08335
|3T^CV(10->8')>   -0.11824
|3T^CV(10->9')>    0.16143
|3T^CV(7->12')>   -0.22510
|3T^CV(7->14')>    0.08909
|3T^CV(6->3')>    0.09379
|3T^CV(6->13')>   -0.22243
|3T^CV(5->4')>    0.25730
|3T^CV(4->5')>    0.22035
|3T^CV(3->8')>   -0.12060
|3T^CV(3->9')>   -0.06243
|3T^CV(2->11')>   -0.21303
|3T^CV(1->10')>    0.24926
|3S^CV(17->8')>   -0.05295
|3S^CV(16->10')>    0.05883
|3S^CV(15->11')>    0.05039
|3S^CV(10->8')>    0.05640
|3S^CV(7->3')>    0.09144
|3S^CV(7->13')>   -0.10976
|3S^CV(7->19')>   -0.05724
|3S^CV(6->1')>   -0.07112
|3S^CV(6->12')>   -0.12828
|3S^CV(5->4')>    0.18300
|3S^CV(5->16')>    0.06231
|3S^CV(4->5')>   -0.15684
|3S^CV(4->17')>   -0.05335
|3S^CV(2->11')>   -0.08936
|3S^CV(1->10')>   -0.10415
|3X^CV(18->8')>   -0.07410
|3X^CV(17->9')>   -0.06785
|3X^CV(16->10')>   -0.08317
|3X^CV(15->11')>    0.07124
|3X^CV(11->8')>    0.05307
|3X^CV(10->8')>   -0.05310
|3X^CV(10->9')>    0.07241
|3X^CV(7->1')>    0.10440
|3X^CV(7->12')>    0.18080
|3X^CV(7->20')>    0.07101
|3X^CV(6->3')>   -0.12807
|3X^CV(6->13')>    0.15698
|3X^CV(6->19')>    0.08027
|3X^CV(5->4')>   -0.25839
|3X^CV(5->16')>   -0.08804
|3X^CV(4->5')>   -0.22128
|3X^CV(4->17')>   -0.07539
|3X^CV(3->8')>   -0.06530
|3X^CV(2->11')>   -0.12440
|3X^CV(1->10')>    0.14552
TDMs with Triplet 'Ground' state
TDMX:0.113   TDMY:0.000   TDMZ:0.000   Oscillator Strength:0.00123   <S**2>: 2.000
--------------------------------------------------------------------
TDMs with Singlet 'Ground' state
TDMX:0.000   TDMY:0.000   TDMZ:0.000   Oscillator Strength:0.00000   <S**2>: 2.000
--------------------------------------------------------------------


State 118 3.905 eV 
Excitation    CI Coef
|1^CS(4->0)>   -0.16194
|1^SV(0->11')>    0.19623
|1S^CV(12->11')>    0.11325
|1S^CV(11->11')>   -0.18120
|1S^CV(10->11')>   -0.20156
|1S^CV(7->5')>    0.23698
|1S^CV(6->5')>   -0.24669
|1S^CV(4->3')>   -0.09351
|1S^CV(4->12')>   -0.22549
|1S^CV(4->13')>    0.22727
|1S^CV(4->14')>    0.08898
|1S^CV(3->11')>    0.13590
|1S^CV(2->8')>    0.07734
|1S^CV(2->9')>    0.32741
|1T^CV(18->11')>   -0.10274
|1T^CV(17->11')>   -0.10337
|1T^CV(15->9')>    0.12958
|1T^CV(11->11')>    0.07551
|1T^CV(10->11')>    0.11192
|1T^CV(7->5')>    0.28509
|1T^CV(7->17')>    0.09763
|1T^CV(6->5')>   -0.29601
|1T^CV(6->17')>   -0.10142
|1T^CV(4->1')>   -0.12724
|1T^CV(4->3')>   -0.15337
|1T^CV(4->12')>   -0.21229
|1T^CV(4->13')>    0.18610
|1T^CV(4->18')>   -0.05667
|1T^CV(4->19')>    0.09972
|1T^CV(4->20')>   -0.08912
|1T^CV(3->11')>   -0.09165
|1T^CV(2->8')>   -0.05559
|1T^CV(2->9')>   -0.23874
TDMs with Triplet 'Ground' state
TDMX:0.000   TDMY:0.000   TDMZ:0.000   Oscillator Strength:0.00000   <S**2>: 0.000
--------------------------------------------------------------------
TDMs with Singlet 'Ground' state
TDMX:0.000   TDMY:-0.026   TDMZ:-0.022   Oscillator Strength:0.00011   <S**2>: 0.000
--------------------------------------------------------------------


State 119 3.905 eV 
Excitation    CI Coef
|1^CS(5->0')>    0.16193
|1^SV(0'->10')>    0.19622
|1S^CV(12->10')>   -0.11314
|1S^CV(11->10')>   -0.18151
|1S^CV(10->10')>    0.20146
|1S^CV(7->4')>    0.24608
|1S^CV(6->4')>    0.23769
|1S^CV(5->3')>    0.09339
|1S^CV(5->12')>   -0.22565
|1S^CV(5->13')>   -0.22721
|1S^CV(5->14')>    0.08899
|1S^CV(3->10')>    0.13592
|1S^CV(1->8')>   -0.32771
|1S^CV(1->9')>    0.07624
|1T^CV(18->10')>    0.10282
|1T^CV(17->10')>   -0.10332
|1T^CV(16->8')>    0.12960
|1T^CV(11->10')>   -0.07566
|1T^CV(10->10')>    0.11187
|1T^CV(7->4')>   -0.29597
|1T^CV(7->16')>   -0.10137
|1T^CV(6->4')>   -0.28513
|1T^CV(6->16')>   -0.09770
|1T^CV(5->1')>    0.12731
|1T^CV(5->3')>   -0.15316
|1T^CV(5->12')>    0.21241
|1T^CV(5->13')>    0.18604
|1T^CV(5->18')>    0.05661
|1T^CV(5->19')>    0.09990
|1T^CV(5->20')>    0.08897
|1T^CV(3->10')>    0.09166
|1T^CV(1->8')>   -0.23859
|1T^CV(1->9')>    0.05632
TDMs with Triplet 'Ground' state
TDMX:0.000   TDMY:0.000   TDMZ:0.000   Oscillator Strength:0.00000   <S**2>: 0.000
--------------------------------------------------------------------
TDMs with Singlet 'Ground' state
TDMX:-0.000   TDMY:0.026   TDMZ:0.022   Oscillator Strength:0.00011   <S**2>: 0.000
--------------------------------------------------------------------


State 120 3.907 eV 
Excitation    CI Coef
|1^CS(7->0)>   -0.08019
|1^CS(6->0)>    0.09694
|1^CS(7->0')>    0.06504
|1^CS(6->0')>    0.07851
|1^SV(0->9')>   -0.14856
|1^SV(0'->8')>   -0.11902
|1S^CV(12->9')>   -0.10210
|1S^CV(11->8')>    0.14376
|1S^CV(11->9')>    0.11164
|1S^CV(10->8')>   -0.08792
|1S^CV(10->9')>    0.18248
|1S^CV(7->12')>   -0.22500
|1S^CV(7->14')>    0.08764
|1S^CV(6->3')>    0.09536
|1S^CV(6->13')>   -0.22746
|1S^CV(5->4')>    0.21469
|1S^CV(4->5')>    0.26585
|1S^CV(3->8')>   -0.10840
|1S^CV(3->9')>   -0.08426
|1S^CV(2->11')>   -0.25936
|1S^CV(1->10')>    0.20895
|1T^CV(18->9')>    0.09152
|1T^CV(17->8')>    0.08060
|1T^CV(17->9')>    0.06273
|1T^CV(16->10')>   -0.08452
|1T^CV(15->11')>   -0.10464
|1T^CV(11->9')>   -0.06855
|1T^CV(10->8')>   -0.08964
|1T^CV(10->9')>   -0.06971
|1T^CV(7->3')>   -0.15480
|1T^CV(7->13')>    0.18396
|1T^CV(7->19')>    0.09776
|1T^CV(6->1')>    0.12799
|1T^CV(6->12')>    0.21146
|1T^CV(6->18')>    0.05583
|1T^CV(6->20')>    0.08809
|1T^CV(5->4')>   -0.25544
|1T^CV(5->16')>   -0.08897
|1T^CV(4->5')>    0.31601
|1T^CV(4->17')>    0.11012
|1T^CV(3->9')>    0.08268
|1T^CV(2->11')>    0.18888
|1T^CV(1->10')>    0.15289
TDMs with Triplet 'Ground' state
TDMX:0.000   TDMY:0.000   TDMZ:0.000   Oscillator Strength:0.00000   <S**2>: 0.000
--------------------------------------------------------------------
TDMs with Singlet 'Ground' state
TDMX:0.045   TDMY:0.000   TDMZ:0.000   Oscillator Strength:0.00020   <S**2>: 0.000
--------------------------------------------------------------------


State 121 3.907 eV 
Excitation    CI Coef
|1^CS(7->0)>    0.07774
|1^CS(6->0)>   -0.06605
|1^CS(7->0')>    0.09596
|1^CS(6->0')>    0.08140
|1^SV(0->9')>    0.11902
|1^SV(0'->8')>   -0.14842
|1S^CV(12->8')>    0.10208
|1S^CV(11->8')>    0.11200
|1S^CV(11->9')>   -0.14382
|1S^CV(10->8')>   -0.18237
|1S^CV(10->9')>   -0.08798
|1S^CV(7->3')>    0.09577
|1S^CV(7->13')>   -0.22662
|1S^CV(6->12')>   -0.22586
|1S^CV(6->14')>    0.08834
|1S^CV(5->4')>    0.26638
|1S^CV(4->5')>   -0.21528
|1S^CV(3->8')>   -0.08417
|1S^CV(3->9')>    0.10818
|1S^CV(2->11')>    0.21239
|1S^CV(1->10')>    0.26219
|1T^CV(18->8')>   -0.09149
|1T^CV(17->8')>    0.06273
|1T^CV(17->9')>   -0.08072
|1T^CV(16->10')>   -0.10472
|1T^CV(15->11')>    0.08462
|1T^CV(11->8')>    0.06880
|1T^CV(10->8')>   -0.06957
|1T^CV(10->9')>    0.08946
|1T^CV(7->1')>    0.12879
|1T^CV(7->12')>    0.21111
|1T^CV(7->18')>    0.05576
|1T^CV(7->20')>    0.08756
|1T^CV(6->3')>   -0.15217
|1T^CV(6->13')>    0.18456
|1T^CV(6->19')>    0.09834
|1T^CV(5->4')>   -0.31531
|1T^CV(5->16')>   -0.11010
|1T^CV(4->5')>   -0.25458
|1T^CV(4->17')>   -0.08894
|1T^CV(3->8')>   -0.08245
|1T^CV(2->11')>   -0.15124
|1T^CV(1->10')>    0.18756
TDMs with Triplet 'Ground' state
TDMX:0.000   TDMY:0.000   TDMZ:0.000   Oscillator Strength:0.00000   <S**2>: 0.000
--------------------------------------------------------------------
TDMs with Singlet 'Ground' state
TDMX:0.005   TDMY:-0.000   TDMZ:-0.000   Oscillator Strength:0.00000   <S**2>: 0.000
--------------------------------------------------------------------


State 122 3.937 eV 
Excitation    CI Coef
|3^CS(20->0)>   -0.08219
|3^CS(19->0)>    0.15168
|3^CS(18->0)>   -0.19097
|3^CS(17->0)>   -0.15864
|3^CS(14->0)>    0.17679
|3^CS(12->0)>    0.22273
|3^CS(11->0)>   -0.12413
|3^CS(3->0)>   -0.07620
|3^CS(20->0')>    0.08223
|3^CS(19->0')>    0.15160
|3^CS(18->0')>    0.19094
|3^CS(17->0')>   -0.15838
|3^CS(14->0')>   -0.17692
|3^CS(12->0')>    0.22256
|3^CS(11->0')>    0.12427
|3^CS(3->0')>    0.07655
|3^SV(0->1')>   -0.12289
|3^SV(0->3')>    0.12460
|3^SV(0->12')>    0.06835
|3^SV(0->20')>   -0.06195
|3^SV(0'->1')>    0.12311
|3^SV(0'->3')>    0.12453
|3^SV(0'->12')>   -0.06852
|3^SV(0'->20')>    0.06184
|3T^CV(14->13')>    0.05139
|3T^CV(12->14')>    0.06974
|3T^CV(11->3')>   -0.07754
|3T^CV(3->13')>   -0.05236
|3S^CV(20->1')>   -0.08710
|3S^CV(19->3')>    0.06902
|3S^CV(19->13')>    0.05802
|3S^CV(18->12')>    0.06311
|3S^CV(17->13')>   -0.05196
|3S^CV(12->3')>   -0.11881
|3S^CV(11->1')>   -0.07257
|3S^CV(11->14')>    0.06158
|3S^CV(10->3')>   -0.12091
|3S^CV(9->6')>   -0.05119
|3S^CV(8->7')>   -0.05108
|3S^CV(3->1')>    0.14749
|3S^CV(3->12')>    0.10182
|3S^CV(3->14')>    0.07026
|3S^CV(2->5')>    0.09659
|3S^CV(1->4')>   -0.09649
|3X^CV(20->3')>   -0.10497
|3X^CV(20->13')>   -0.06372
|3X^CV(19->1')>    0.17656
|3X^CV(19->14')>    0.09413
|3X^CV(18->13')>   -0.09147
|3X^CV(17->12')>    0.08441
|3X^CV(16->4')>   -0.05536
|3X^CV(15->5')>   -0.05541
|3X^CV(12->20')>    0.08292
|3X^CV(11->3')>    0.12113
|3X^CV(11->13')>    0.07948
|3X^CV(10->1')>   -0.21739
|3X^CV(10->12')>   -0.09630
|3X^CV(9->7')>   -0.07033
|3X^CV(8->6')>   -0.07099
|3X^CV(3->3')>    0.24969
|3X^CV(3->15')>   -0.07126
|3X^CV(2->5')>    0.13807
|3X^CV(1->4')>    0.13795
|3^CSD(18,12)>   -0.05150
|3^CSD(12,11)>    0.06013
TDMs with Triplet 'Ground' state
TDMX:-0.001   TDMY:-0.000   TDMZ:-0.000   Oscillator Strength:0.00000   <S**2>: 2.000
--------------------------------------------------------------------
TDMs with Singlet 'Ground' state
TDMX:0.000   TDMY:0.000   TDMZ:0.000   Oscillator Strength:0.00000   <S**2>: 2.000
--------------------------------------------------------------------


State 123 3.942 eV 
Excitation    CI Coef
|1^ZW->    0.22501
|1^CS(18->0)>    0.17490
|1^CS(17->0)>    0.22514
|1^CS(12->0)>   -0.21016
|1^CS(11->0)>    0.15350
|1^CS(10->0)>    0.19885
|1^CS(18->0')>   -0.17396
|1^CS(17->0')>    0.22421
|1^CS(12->0')>   -0.20963
|1^CS(11->0')>   -0.15235
|1^CS(10->0')>    0.19806
|1^SV(0->1')>    0.16192
|1^SV(0->13')>    0.10397
|1^SV(0->14')>   -0.11102
|1^SV(0->20')>   -0.06692
|1^SV(0'->1')>    0.16050
|1^SV(0'->13')>   -0.10326
|1^SV(0'->14')>   -0.11046
|1^SV(0'->20')>   -0.06660
|1S^CV(18->1')>   -0.08320
|1S^CV(17->13')>   -0.07840
|1S^CV(12->3')>    0.06063
|1S^CV(12->13')>    0.11069
|1S^CV(11->1')>   -0.31661
|1S^CV(11->12')>    0.07937
|1S^CV(10->13')>   -0.08855
|1S^CV(5->10')>   -0.05498
|1S^CV(4->11')>   -0.05517
|1S^CV(3->1')>   -0.23918
|1T^CV(18->13')>    0.08649
|1T^CV(17->12')>   -0.08545
|1T^CV(17->14')>    0.10362
|1T^CV(16->4')>    0.07478
|1T^CV(15->5')>    0.07512
|1T^CV(14->3')>   -0.05724
|1T^CV(12->1')>    0.05523
|1T^CV(12->12')>   -0.06998
|1T^CV(12->14')>   -0.12007
|1T^CV(12->20')>   -0.08090
|1T^CV(11->3')>    0.09753
|1T^CV(11->13')>   -0.08743
|1T^CV(11->19')>   -0.06549
|1T^CV(10->1')>    0.06506
|1T^CV(10->12')>    0.05184
|1T^CV(10->20')>    0.06608
|1T^CV(3->13')>    0.06648
|1T^CV(2->5')>   -0.19593
|1T^CV(2->17')>   -0.05638
|1T^CV(1->4')>   -0.19487
|1T^CV(1->16')>   -0.05612
TDMs with Triplet 'Ground' state
TDMX:0.000   TDMY:0.000   TDMZ:0.000   Oscillator Strength:0.00000   <S**2>: 0.000
--------------------------------------------------------------------
TDMs with Singlet 'Ground' state
TDMX:1.212   TDMY:-0.000   TDMZ:0.000   Oscillator Strength:0.14184   <S**2>: 0.000
--------------------------------------------------------------------


State 124 3.949 eV 
Excitation    CI Coef
|1^CS(13->0)>   -0.12878
|1^CS(13->0')>   -0.12897
|1^SV(0->2')>   -0.30387
|1^SV(0'->2')>    0.30269
|1S^CV(17->2')>    0.05117
|1S^CV(12->2')>   -0.11943
|1T^CV(18->2')>    0.07898
|1T^CV(13->1')>   -0.69129
|1T^CV(13->12')>    0.17569
|1T^CV(13->14')>    0.17438
|1T^CV(11->2')>    0.37424
|1T^CV(3->2')>    0.26592
TDMs with Triplet 'Ground' state
TDMX:0.000   TDMY:0.000   TDMZ:0.000   Oscillator Strength:0.00000   <S**2>: 0.000
--------------------------------------------------------------------
TDMs with Singlet 'Ground' state
TDMX:-0.000   TDMY:0.000   TDMZ:0.000   Oscillator Strength:0.00000   <S**2>: 0.000
--------------------------------------------------------------------


State 125 3.955 eV 
Excitation    CI Coef
|1^ZW+>    0.18580
|1^CS(18->0)>   -0.21923
|1^CS(17->0)>   -0.18276
|1^CS(12->0)>    0.08879
|1^CS(11->0)>   -0.27596
|1^CS(10->0)>   -0.14721
|1^CS(18->0')>   -0.22020
|1^CS(17->0')>    0.18396
|1^CS(12->0')>   -0.08916
|1^CS(11->0')>   -0.27705
|1^CS(10->0')>    0.14844
|1^SV(0->1')>   -0.23560
|1^SV(0->13')>   -0.11454
|1^SV(0->14')>    0.08260
|1^SV(0->20')>    0.05212
|1^SV(0'->1')>    0.23679
|1^SV(0'->13')>   -0.11535
|1^SV(0'->14')>   -0.08271
|1^SV(0'->20')>   -0.05226
|1S^CV(18->13')>    0.08178
|1S^CV(17->1')>    0.11092
|1S^CV(12->1')>   -0.17363
|1S^CV(12->12')>    0.05394
|1S^CV(11->3')>    0.07189
|1S^CV(11->13')>    0.14429
|1S^CV(10->1')>    0.17492
|1S^CV(10->14')>    0.07115
|1T^CV(18->1')>    0.05568
|1T^CV(18->12')>    0.08571
|1T^CV(18->14')>   -0.09832
|1T^CV(17->13')>   -0.09913
|1T^CV(16->4')>    0.08522
|1T^CV(15->5')>   -0.08462
|1T^CV(14->1')>   -0.06154
|1T^CV(14->12')>    0.06538
|1T^CV(12->3')>    0.12545
|1T^CV(12->13')>   -0.06381
|1T^CV(11->12')>   -0.08011
|1T^CV(11->14')>   -0.11990
|1T^CV(11->20')>   -0.09051
|1T^CV(10->13')>    0.10181
|1T^CV(10->19')>    0.07087
|1T^CV(9->6')>    0.08072
|1T^CV(8->7')>    0.08054
|1T^CV(3->1')>   -0.10115
|1T^CV(3->14')>   -0.10688
|1T^CV(2->5')>    0.20367
|1T^CV(2->17')>    0.06383
|1T^CV(1->4')>   -0.20496
|1T^CV(1->16')>   -0.06429
TDMs with Triplet 'Ground' state
TDMX:0.000   TDMY:0.000   TDMZ:0.000   Oscillator Strength:0.00000   <S**2>: 0.000
--------------------------------------------------------------------
TDMs with Singlet 'Ground' state
TDMX:0.003   TDMY:0.000   TDMZ:-0.000   Oscillator Strength:0.00000   <S**2>: 0.000
--------------------------------------------------------------------


State 126 3.955 eV 
Excitation    CI Coef
|3^CS(13->0)>    0.06873
|3^CS(13->0')>    0.06873
|3^SV(0->2')>   -0.34538
|3^SV(0'->2')>   -0.34491
|3T^CV(13->1')>   -0.19898
|3T^CV(13->14')>    0.07585
|3T^CV(11->2')>    0.27181
|3T^CV(3->2')>    0.20708
|3S^CV(17->2')>   -0.06377
|3S^CV(12->2')>    0.15781
|3X^CV(18->2')>   -0.07938
|3X^CV(13->1')>    0.60311
|3X^CV(13->12')>   -0.14724
|3X^CV(13->14')>   -0.16975
|3X^CV(11->2')>   -0.29794
|3X^CV(3->2')>   -0.18275
TDMs with Triplet 'Ground' state
TDMX:0.000   TDMY:0.167   TDMZ:0.051   Oscillator Strength:0.00294   <S**2>: 2.000
--------------------------------------------------------------------
TDMs with Singlet 'Ground' state
TDMX:0.000   TDMY:0.000   TDMZ:0.000   Oscillator Strength:0.00000   <S**2>: 2.000
--------------------------------------------------------------------


State 127 3.971 eV 
Excitation    CI Coef
|1^CS(13->0)>   -0.06606
|1^CS(13->0')>    0.06568
|1^SV(0->2')>    0.40060
|1^SV(0'->2')>    0.40121
|1S^CV(20->2')>   -0.05873
|1S^CV(14->2')>   -0.10831
|1S^CV(13->1')>    0.39742
|1S^CV(13->12')>   -0.09704
|1S^CV(13->14')>   -0.11072
|1S^CV(11->2')>   -0.40600
|1S^CV(3->2')>   -0.35562
|1T^CV(29->2')>    0.07152
|1T^CV(23->2')>   -0.05272
|1T^CV(19->2')>   -0.06451
|1T^CV(17->2')>   -0.13348
|1T^CV(13->3')>   -0.08153
|1T^CV(13->13')>   -0.05270
|1T^CV(13->15')>    0.08789
|1T^CV(13->21')>    0.06872
|1T^CV(12->2')>    0.33842
TDMs with Triplet 'Ground' state
TDMX:0.000   TDMY:0.000   TDMZ:0.000   Oscillator Strength:0.00000   <S**2>: 0.000
--------------------------------------------------------------------
TDMs with Singlet 'Ground' state
TDMX:-0.000   TDMY:-0.169   TDMZ:-0.061   Oscillator Strength:0.00315   <S**2>: 0.000
--------------------------------------------------------------------


State 128 3.979 eV 
Excitation    CI Coef
|1^ZW->   -0.10722
|1^CS(20->0)>    0.09779
|1^CS(19->0)>   -0.18044
|1^CS(18->0)>    0.06267
|1^CS(14->0)>   -0.23055
|1^CS(12->0)>   -0.10555
|1^CS(10->0)>   -0.08901
|1^CS(20->0')>   -0.09780
|1^CS(19->0')>   -0.18036
|1^CS(18->0')>   -0.06378
|1^CS(14->0')>    0.23072
|1^CS(12->0')>   -0.10616
|1^CS(10->0')>   -0.08843
|1^SV(0->1')>   -0.09264
|1^SV(0->3')>   -0.05580
|1^SV(0->13')>   -0.08075
|1^SV(0->14')>   -0.06105
|1^SV(0->15')>   -0.08900
|1^SV(0->18')>    0.06435
|1^SV(0->21')>    0.05589
|1^SV(0'->1')>   -0.09179
|1^SV(0'->3')>    0.05566
|1^SV(0'->13')>    0.08050
|1^SV(0'->14')>   -0.06131
|1^SV(0'->15')>    0.08900
|1^SV(0'->18')>    0.06410
|1^SV(0'->21')>   -0.05594
|1S^CV(14->1')>    0.05012
|1S^CV(11->1')>    0.11288
|1S^CV(10->13')>    0.05864
|1T^CV(32->3')>   -0.06322
|1T^CV(20->3')>    0.19565
|1T^CV(20->13')>    0.10610
|1T^CV(20->21')>    0.06210
|1T^CV(19->1')>   -0.36218
|1T^CV(19->14')>   -0.16381
|1T^CV(18->3')>    0.05548
|1T^CV(14->3')>   -0.14919
|1T^CV(14->13')>   -0.15131
|1T^CV(14->21')>    0.08165
|1T^CV(12->1')>    0.16400
|1T^CV(12->18')>    0.11587
|1T^CV(12->20')>   -0.08567
|1T^CV(11->3')>   -0.17228
|1T^CV(11->15')>    0.11855
|1T^CV(10->1')>    0.25802
|1T^CV(10->18')>    0.05049
|1T^CV(10->20')>   -0.06905
|1T^CV(9->7')>    0.08050
|1T^CV(8->6')>    0.08171
|1T^CV(3->3')>   -0.33625
|1T^CV(3->13')>   -0.09569
|1T^CV(3->15')>    0.14568
|1T^CV(3->21')>   -0.06243
TDMs with Triplet 'Ground' state
TDMX:0.000   TDMY:0.000   TDMZ:0.000   Oscillator Strength:0.00000   <S**2>: 0.000
--------------------------------------------------------------------
TDMs with Singlet 'Ground' state
TDMX:-0.503   TDMY:-0.000   TDMZ:-0.000   Oscillator Strength:0.02463   <S**2>: 0.000
--------------------------------------------------------------------


State 129 4.000 eV 
Excitation    CI Coef
|3^CS(20->0)>    0.06463
|3^CS(19->0)>   -0.11257
|3^CS(18->0)>    0.23398
|3^CS(17->0)>    0.20700
|3^CS(14->0)>   -0.10433
|3^CS(12->0)>   -0.16356
|3^CS(11->0)>    0.13518
|3^CS(3->0)>    0.06554
|3^CS(20->0')>    0.06470
|3^CS(19->0')>    0.11258
|3^CS(18->0')>    0.23383
|3^CS(17->0')>   -0.20653
|3^CS(14->0')>   -0.10453
|3^CS(12->0')>    0.16341
|3^CS(11->0')>    0.13525
|3^CS(3->0')>    0.06566
|3^SV(0->1')>    0.10763
|3^SV(0->3')>   -0.09539
|3^SV(0->12')>   -0.09911
|3^SV(0->13')>    0.05211
|3^SV(0->19')>   -0.06913
|3^SV(0->20')>    0.08048
|3^SV(0'->1')>    0.10749
|3^SV(0'->3')>    0.09480
|3^SV(0'->12')>   -0.09894
|3^SV(0'->13')>   -0.05213
|3^SV(0'->19')>    0.06916
|3^SV(0'->20')>    0.08032
|3T^CV(12->3')>   -0.08737
|3T^CV(12->13')>   -0.05039
|3T^CV(11->1')>    0.08072
|3T^CV(3->1')>    0.19681
|3S^CV(20->3')>    0.05777
|3S^CV(19->1')>   -0.09699
|3S^CV(19->14')>   -0.05197
|3S^CV(18->13')>    0.10697
|3S^CV(17->12')>   -0.09869
|3S^CV(16->4')>    0.07478
|3S^CV(15->5')>    0.07493
|3S^CV(12->20')>   -0.05798
|3S^CV(11->19')>   -0.05122
|3S^CV(10->1')>    0.14984
|3S^CV(10->12')>    0.07173
|3S^CV(3->3')>   -0.15409
|3S^CV(2->5')>   -0.11421
|3S^CV(1->4')>   -0.11401
|3X^CV(20->1')>    0.08864
|3X^CV(20->14')>    0.05014
|3X^CV(19->3')>   -0.07394
|3X^CV(19->13')>   -0.06813
|3X^CV(18->1')>    0.05118
|3X^CV(18->12')>   -0.14319
|3X^CV(18->14')>    0.06790
|3X^CV(17->3')>   -0.05388
|3X^CV(17->13')>    0.13856
|3X^CV(16->4')>   -0.10530
|3X^CV(15->5')>    0.10550
|3X^CV(12->3')>    0.11524
|3X^CV(12->19')>    0.05264
|3X^CV(11->1')>    0.10177
|3X^CV(11->14')>   -0.06193
|3X^CV(11->20')>    0.08017
|3X^CV(10->3')>    0.16372
|3X^CV(10->13')>   -0.05772
|3X^CV(10->19')>   -0.06119
|3X^CV(9->6')>    0.05688
|3X^CV(8->7')>    0.05671
|3X^CV(3->1')>   -0.20138
|3X^CV(3->12')>   -0.13319
|3X^CV(3->14')>   -0.06197
|3X^CV(2->5')>   -0.16110
|3X^CV(2->17')>   -0.06894
|3X^CV(1->4')>    0.16082
|3X^CV(1->16')>    0.06881
TDMs with Triplet 'Ground' state
TDMX:-1.056   TDMY:-0.000   TDMZ:0.000   Oscillator Strength:0.10924   <S**2>: 2.000
--------------------------------------------------------------------
TDMs with Singlet 'Ground' state
TDMX:0.000   TDMY:0.000   TDMZ:0.000   Oscillator Strength:0.00000   <S**2>: 2.000
--------------------------------------------------------------------


State 130 4.011 eV 
Excitation    CI Coef
|3S^CV(12->8')>    0.09918
|3S^CV(11->8')>    0.19375
|3S^CV(10->8')>   -0.21819
|3S^CV(10->9')>    0.09705
|3S^CV(7->1')>   -0.07313
|3S^CV(7->3')>    0.08177
|3S^CV(7->12')>   -0.20613
|3S^CV(7->13')>   -0.13219
|3S^CV(7->14')>    0.06253
|3S^CV(6->3')>    0.11567
|3S^CV(6->12')>   -0.13493
|3S^CV(6->13')>   -0.18703
|3S^CV(5->4')>    0.41535
|3S^CV(4->5')>    0.07851
|3S^CV(3->8')>   -0.17340
|3S^CV(2->10')>   -0.06574
|3S^CV(2->11')>   -0.07989
|3S^CV(1->10')>    0.43316
|3X^CV(12->8')>    0.07696
|3X^CV(11->8')>    0.12534
|3X^CV(11->9')>   -0.05570
|3X^CV(10->8')>   -0.16903
|3X^CV(7->3')>    0.08368
|3X^CV(7->12')>   -0.10037
|3X^CV(7->13')>   -0.13629
|3X^CV(6->1')>   -0.05140
|3X^CV(6->3')>    0.05471
|3X^CV(6->12')>   -0.14199
|3X^CV(6->13')>   -0.08918
|3X^CV(5->4')>    0.29413
|3X^CV(4->5')>   -0.05631
|3X^CV(3->8')>   -0.11228
|3X^CV(2->11')>    0.06022
|3X^CV(1->10')>    0.30732
TDMs with Triplet 'Ground' state
TDMX:0.004   TDMY:-0.000   TDMZ:0.000   Oscillator Strength:0.00000   <S**2>: 2.000
--------------------------------------------------------------------
TDMs with Singlet 'Ground' state
TDMX:0.000   TDMY:0.000   TDMZ:0.000   Oscillator Strength:0.00000   <S**2>: 2.000
--------------------------------------------------------------------


State 131 4.011 eV 
Excitation    CI Coef
|3S^CV(12->9')>   -0.09919
|3S^CV(11->9')>    0.19332
|3S^CV(10->8')>    0.09701
|3S^CV(10->9')>    0.21814
|3S^CV(7->3')>   -0.11554
|3S^CV(7->12')>   -0.13431
|3S^CV(7->13')>    0.18658
|3S^CV(6->1')>    0.07312
|3S^CV(6->3')>    0.08186
|3S^CV(6->12')>    0.20619
|3S^CV(6->13')>   -0.13222
|3S^CV(6->14')>   -0.06261
|3S^CV(5->4')>   -0.07966
|3S^CV(4->5')>    0.41507
|3S^CV(3->9')>   -0.17322
|3S^CV(2->11')>   -0.43344
|3S^CV(1->10')>   -0.08517
|3S^CV(1->11')>   -0.05892
|3X^CV(12->9')>    0.07696
|3X^CV(11->8')>   -0.05565
|3X^CV(11->9')>   -0.12500
|3X^CV(10->9')>   -0.16900
|3X^CV(7->1')>    0.05115
|3X^CV(7->3')>    0.05464
|3X^CV(7->12')>    0.14152
|3X^CV(7->13')>   -0.08889
|3X^CV(6->3')>   -0.08378
|3X^CV(6->12')>   -0.10028
|3X^CV(6->13')>    0.13641
|3X^CV(5->4')>   -0.05565
|3X^CV(4->5')>   -0.29366
|3X^CV(3->9')>    0.11217
|3X^CV(2->11')>    0.30612
|3X^CV(1->10')>   -0.05662
TDMs with Triplet 'Ground' state
TDMX:-0.005   TDMY:-0.000   TDMZ:0.000   Oscillator Strength:0.00000   <S**2>: 2.000
--------------------------------------------------------------------
TDMs with Singlet 'Ground' state
TDMX:0.000   TDMY:0.000   TDMZ:0.000   Oscillator Strength:0.00000   <S**2>: 2.000
--------------------------------------------------------------------


State 132 4.011 eV 
Excitation    CI Coef
|5^CV(12->8')>   -0.13228
|5^CV(11->8')>   -0.22127
|5^CV(11->9')>    0.08756
|5^CV(10->8')>    0.29145
|5^CV(7->1')>    0.06406
|5^CV(7->3')>   -0.14123
|5^CV(7->12')>    0.18515
|5^CV(7->13')>    0.22716
|5^CV(7->14')>   -0.05659
|5^CV(6->1')>    0.08300
|5^CV(6->3')>   -0.10097
|5^CV(6->12')>    0.24015
|5^CV(6->13')>    0.16247
|5^CV(6->14')>   -0.07345
|5^CV(5->4')>   -0.51292
|5^CV(4->5')>    0.07645
|5^CV(3->8')>    0.19774
|5^CV(3->9')>   -0.07825
|5^CV(2->10')>    0.07376
|5^CV(2->11')>   -0.08216
|5^CV(1->10')>   -0.53559
TDMs with Triplet 'Ground' state
TDMX:0.000   TDMY:0.000   TDMZ:0.000   Oscillator Strength:0.00000   <S**2>: 6.000
--------------------------------------------------------------------
TDMs with Singlet 'Ground' state
TDMX:0.000   TDMY:0.000   TDMZ:0.000   Oscillator Strength:0.00000   <S**2>: 6.000
--------------------------------------------------------------------


State 133 4.011 eV 
Excitation    CI Coef
|5^CV(12->9')>    0.13231
|5^CV(11->8')>   -0.08749
|5^CV(11->9')>   -0.22070
|5^CV(10->9')>   -0.29141
|5^CV(7->1')>    0.08284
|5^CV(7->3')>    0.10079
|5^CV(7->12')>    0.23943
|5^CV(7->13')>   -0.16195
|5^CV(7->14')>   -0.07323
|5^CV(6->1')>   -0.06392
|5^CV(6->3')>   -0.14147
|5^CV(6->12')>   -0.18496
|5^CV(6->13')>    0.22740
|5^CV(6->14')>    0.05661
|5^CV(5->4')>   -0.07516
|5^CV(4->5')>   -0.51215
|5^CV(3->8')>    0.07832
|5^CV(3->9')>    0.19755
|5^CV(2->11')>    0.53382
|5^CV(1->10')>   -0.07601
|5^CV(1->11')>    0.08008
TDMs with Triplet 'Ground' state
TDMX:0.000   TDMY:0.000   TDMZ:0.000   Oscillator Strength:0.00000   <S**2>: 6.000
--------------------------------------------------------------------
TDMs with Singlet 'Ground' state
TDMX:0.000   TDMY:0.000   TDMZ:0.000   Oscillator Strength:0.00000   <S**2>: 6.000
--------------------------------------------------------------------


State 134 4.011 eV 
Excitation    CI Coef
|3S^CV(12->10')>   -0.10831
|3S^CV(11->10')>   -0.19353
|3S^CV(10->10')>    0.23904
|3S^CV(7->4')>    0.30289
|3S^CV(6->4')>    0.29254
|3S^CV(5->1')>   -0.08851
|3S^CV(5->3')>    0.14262
|3S^CV(5->12')>   -0.24700
|3S^CV(5->13')>   -0.22967
|3S^CV(5->14')>    0.07471
|3S^CV(3->10')>    0.17288
|3S^CV(2->8')>    0.05993
|3S^CV(1->8')>   -0.43011
|3S^CV(1->9')>    0.09962
|3X^CV(12->10')>   -0.07678
|3X^CV(11->10')>   -0.13714
|3X^CV(10->10')>    0.16914
|3X^CV(7->4')>    0.21414
|3X^CV(6->4')>    0.20733
|3X^CV(5->1')>   -0.06392
|3X^CV(5->3')>    0.10063
|3X^CV(5->12')>   -0.17450
|3X^CV(5->13')>   -0.16319
|3X^CV(5->14')>    0.05245
|3X^CV(3->10')>    0.12262
|3X^CV(1->8')>   -0.30422
|3X^CV(1->9')>    0.07221
TDMs with Triplet 'Ground' state
TDMX:0.000   TDMY:-0.002   TDMZ:0.000   Oscillator Strength:0.00000   <S**2>: 2.000
--------------------------------------------------------------------
TDMs with Singlet 'Ground' state
TDMX:0.000   TDMY:0.000   TDMZ:0.000   Oscillator Strength:0.00000   <S**2>: 2.000
--------------------------------------------------------------------


State 135 4.011 eV 
Excitation    CI Coef
|3S^CV(12->11')>   -0.10832
|3S^CV(11->11')>    0.19306
|3S^CV(10->11')>    0.23898
|3S^CV(7->5')>   -0.29139
|3S^CV(6->5')>    0.30333
|3S^CV(4->1')>    0.08834
|3S^CV(4->3')>    0.14262
|3S^CV(4->12')>    0.24652
|3S^CV(4->13')>   -0.22945
|3S^CV(4->14')>   -0.07462
|3S^CV(3->11')>   -0.17273
|3S^CV(2->8')>   -0.10176
|3S^CV(2->9')>   -0.42887
|3S^CV(1->9')>   -0.06364
|3X^CV(12->11')>    0.07678
|3X^CV(11->11')>   -0.13680
|3X^CV(10->11')>   -0.16910
|3X^CV(7->5')>    0.20598
|3X^CV(6->5')>   -0.21495
|3X^CV(4->1')>   -0.06379
|3X^CV(4->3')>   -0.10063
|3X^CV(4->12')>   -0.17416
|3X^CV(4->13')>    0.16303
|3X^CV(4->14')>    0.05238
|3X^CV(3->11')>    0.12252
|3X^CV(2->8')>    0.07041
|3X^CV(2->9')>    0.30412
TDMs with Triplet 'Ground' state
TDMX:-0.000   TDMY:0.002   TDMZ:-0.000   Oscillator Strength:0.00000   <S**2>: 2.000
--------------------------------------------------------------------
TDMs with Singlet 'Ground' state
TDMX:0.000   TDMY:0.000   TDMZ:0.000   Oscillator Strength:0.00000   <S**2>: 2.000
--------------------------------------------------------------------


State 136 4.012 eV 
Excitation    CI Coef
|5^CV(12->10')>   -0.13245
|5^CV(11->10')>   -0.23770
|5^CV(10->10')>    0.29266
|5^CV(7->4')>    0.37118
|5^CV(6->4')>    0.35884
|5^CV(5->1')>   -0.10621
|5^CV(5->3')>    0.17486
|5^CV(5->12')>   -0.30411
|5^CV(5->13')>   -0.28010
|5^CV(5->14')>    0.09271
|5^CV(3->10')>    0.21202
|5^CV(2->8')>    0.07526
|5^CV(1->8')>   -0.52698
|5^CV(1->9')>    0.12323
TDMs with Triplet 'Ground' state
TDMX:0.000   TDMY:0.000   TDMZ:0.000   Oscillator Strength:0.00000   <S**2>: 6.000
--------------------------------------------------------------------
TDMs with Singlet 'Ground' state
TDMX:0.000   TDMY:0.000   TDMZ:0.000   Oscillator Strength:0.00000   <S**2>: 6.000
--------------------------------------------------------------------


State 137 4.012 eV 
Excitation    CI Coef
|5^CV(12->11')>    0.13247
|5^CV(11->11')>   -0.23712
|5^CV(10->11')>   -0.29261
|5^CV(7->5')>    0.35709
|5^CV(6->5')>   -0.37207
|5^CV(4->1')>   -0.10601
|5^CV(4->3')>   -0.17487
|5^CV(4->12')>   -0.30354
|5^CV(4->13')>    0.27984
|5^CV(4->14')>    0.09259
|5^CV(3->11')>    0.21185
|5^CV(2->8')>    0.12364
|5^CV(2->9')>    0.52600
|5^CV(1->9')>    0.07621
TDMs with Triplet 'Ground' state
TDMX:0.000   TDMY:0.000   TDMZ:0.000   Oscillator Strength:0.00000   <S**2>: 6.000
--------------------------------------------------------------------
TDMs with Singlet 'Ground' state
TDMX:0.000   TDMY:0.000   TDMZ:0.000   Oscillator Strength:0.00000   <S**2>: 6.000
--------------------------------------------------------------------


State 138 4.018 eV 
Excitation    CI Coef
|3^CS(13->0)>   -0.06109
|3^CS(13->0')>    0.06121
|3^SV(0->2')>    0.34349
|3^SV(0'->2')>   -0.34362
|3T^CV(17->2')>   -0.06042
|3T^CV(12->2')>    0.14289
|3S^CV(14->2')>    0.06404
|3S^CV(13->1')>   -0.61610
|3S^CV(13->12')>    0.14597
|3S^CV(13->14')>    0.17563
|3S^CV(12->6')>   -0.06406
|3S^CV(11->2')>    0.32484
|3S^CV(10->6')>   -0.06001
|3S^CV(3->2')>    0.27817
|3S^CV(3->7')>    0.06032
|3X^CV(17->2')>    0.09350
|3X^CV(13->15')>   -0.05417
|3X^CV(12->2')>   -0.23362
|3X^CV(12->7')>    0.06479
|3X^CV(3->6')>   -0.05788
TDMs with Triplet 'Ground' state
TDMX:0.000   TDMY:0.000   TDMZ:0.000   Oscillator Strength:0.00000   <S**2>: 2.000
--------------------------------------------------------------------
TDMs with Singlet 'Ground' state
TDMX:0.000   TDMY:0.000   TDMZ:0.000   Oscillator Strength:0.00000   <S**2>: 2.000
--------------------------------------------------------------------


State 139 4.030 eV 
Excitation    CI Coef
|3^CS(15->0)>    0.29336
|3^CS(8->0)>   -0.06325
|3^CS(16->0')>   -0.35953
|3^CS(8->0')>    0.07225
|3^SV(0->5')>    0.18773
|3^SV(0->17')>   -0.13269
|3^SV(0'->4')>    0.22991
|3^SV(0'->16')>   -0.16266
|3T^CV(16->13')>    0.05044
|3T^CV(12->4')>   -0.05288
|3T^CV(11->4')>   -0.06053
|3T^CV(11->5')>   -0.05287
|3T^CV(9->1')>    0.13720
|3T^CV(8->3')>    0.05747
|3S^CV(18->4')>   -0.11754
|3S^CV(18->5')>    0.08940
|3S^CV(17->4')>    0.11307
|3S^CV(17->5')>    0.09884
|3S^CV(16->12')>   -0.11974
|3S^CV(16->13')>   -0.13095
|3S^CV(16->14')>    0.06037
|3S^CV(15->12')>   -0.09898
|3S^CV(15->13')>    0.10543
|3S^CV(11->16')>    0.06262
|3S^CV(11->17')>   -0.05082
|3S^CV(10->4')>   -0.05168
|3S^CV(10->16')>   -0.06429
|3S^CV(10->17')>   -0.05269
|3S^CV(2->12')>    0.05179
|3S^CV(2->13')>   -0.07166
|3S^CV(2->19')>   -0.06205
|3S^CV(1->12')>    0.08615
|3S^CV(1->13')>    0.06587
|3S^CV(1->19')>    0.05717
|3S^CV(1->20')>    0.06028
|3X^CV(18->4')>    0.15783
|3X^CV(18->5')>    0.13776
|3X^CV(17->4')>   -0.16852
|3X^CV(17->5')>    0.12834
|3X^CV(16->12')>    0.17167
|3X^CV(16->13')>    0.18248
|3X^CV(16->14')>   -0.08672
|3X^CV(15->12')>   -0.13808
|3X^CV(15->13')>    0.15098
|3X^CV(15->14')>    0.06980
|3X^CV(12->16')>   -0.06058
|3X^CV(11->4')>   -0.05168
|3X^CV(11->16')>   -0.08840
|3X^CV(11->17')>   -0.07229
|3X^CV(10->4')>    0.07823
|3X^CV(10->5')>   -0.05953
|3X^CV(10->16')>    0.09108
|3X^CV(10->17')>   -0.07410
|3X^CV(9->1')>    0.08822
|3X^CV(3->4')>    0.06121
|3X^CV(3->5')>    0.05342
|3X^CV(3->16')>    0.05920
|3X^CV(2->12')>    0.10412
|3X^CV(2->13')>   -0.07135
|3X^CV(2->18')>    0.05405
|3X^CV(2->19')>   -0.06129
|3X^CV(2->20')>    0.07342
|3X^CV(1->3')>    0.05954
|3X^CV(1->12')>   -0.09580
|3X^CV(1->13')>   -0.11857
|3X^CV(1->19')>   -0.10211
|3X^CV(1->20')>   -0.06741
TDMs with Triplet 'Ground' state
TDMX:0.000   TDMY:-0.099   TDMZ:-0.003   Oscillator Strength:0.00097   <S**2>: 2.000
--------------------------------------------------------------------
TDMs with Singlet 'Ground' state
TDMX:0.000   TDMY:0.000   TDMZ:0.000   Oscillator Strength:0.00000   <S**2>: 2.000
--------------------------------------------------------------------


State 140 4.030 eV 
Excitation    CI Coef
|3^CS(15->0)>    0.35441
|3^CS(9->0)>   -0.08503
|3^CS(8->0)>   -0.05120
|3^CS(16->0')>    0.28545
|3^CS(9->0')>    0.07998
|3^SV(0->5')>    0.22708
|3^SV(0->17')>   -0.16049
|3^SV(0'->4')>   -0.18311
|3^SV(0'->16')>    0.12933
|3T^CV(12->5')>    0.05188
|3T^CV(11->4')>    0.05131
|3T^CV(11->5')>   -0.05946
|3T^CV(9->3')>    0.06826
|3T^CV(8->1')>    0.16410
|3T^CV(3->7')>   -0.05177
|3S^CV(18->4')>    0.08718
|3S^CV(18->5')>    0.11590
|3S^CV(17->4')>   -0.09631
|3S^CV(17->5')>    0.11167
|3S^CV(16->12')>    0.09646
|3S^CV(16->13')>    0.10262
|3S^CV(15->12')>   -0.11803
|3S^CV(15->13')>    0.12918
|3S^CV(15->14')>    0.05954
|3S^CV(11->17')>   -0.06167
|3S^CV(10->5')>   -0.05102
|3S^CV(10->16')>    0.05127
|3S^CV(10->17')>   -0.06345
|3S^CV(3->6')>    0.05062
|3S^CV(2->12')>    0.08482
|3S^CV(2->13')>   -0.06514
|3S^CV(2->19')>   -0.05635
|3S^CV(2->20')>    0.05948
|3S^CV(1->12')>   -0.05033
|3S^CV(1->13')>   -0.06993
|3S^CV(1->19')>   -0.06062
|3X^CV(18->4')>   -0.13451
|3X^CV(18->5')>    0.15574
|3X^CV(17->4')>    0.12493
|3X^CV(17->5')>    0.16633
|3X^CV(16->12')>   -0.13455
|3X^CV(16->13')>   -0.14698
|3X^CV(16->14')>    0.06793
|3X^CV(15->12')>   -0.16921
|3X^CV(15->13')>    0.18003
|3X^CV(15->14')>    0.08549
|3X^CV(12->17')>    0.05986
|3X^CV(11->5')>   -0.05084
|3X^CV(11->16')>    0.07053
|3X^CV(11->17')>   -0.08707
|3X^CV(10->4')>   -0.05816
|3X^CV(10->5')>   -0.07735
|3X^CV(10->16')>   -0.07208
|3X^CV(10->17')>   -0.08989
|3X^CV(9->15')>   -0.05050
|3X^CV(8->1')>    0.10897
|3X^CV(3->4')>   -0.05231
|3X^CV(3->5')>    0.06055
|3X^CV(3->17')>    0.05838
|3X^CV(2->3')>    0.05851
|3X^CV(2->12')>    0.09462
|3X^CV(2->13')>   -0.11689
|3X^CV(2->19')>   -0.10045
|3X^CV(2->20')>    0.06673
|3X^CV(1->12')>    0.10168
|3X^CV(1->13')>    0.06930
|3X^CV(1->18')>    0.05269
|3X^CV(1->19')>    0.05970
|3X^CV(1->20')>    0.07155
TDMs with Triplet 'Ground' state
TDMX:-0.000   TDMY:0.954   TDMZ:0.036   Oscillator Strength:0.09006   <S**2>: 2.000
--------------------------------------------------------------------
TDMs with Singlet 'Ground' state
TDMX:0.000   TDMY:0.000   TDMZ:0.000   Oscillator Strength:0.00000   <S**2>: 2.000
--------------------------------------------------------------------


State 141 4.037 eV 
Excitation    CI Coef
|3^CS(15->0)>    0.10080
|3^CS(9->0)>    0.23424
|3^CS(8->0)>    0.11373
|3^CS(16->0')>    0.11285
|3^CS(9->0')>   -0.25330
|3^CS(8->0')>    0.13458
|3^SV(0->5')>    0.06410
|3^SV(0'->4')>   -0.07179
|3^SV(0'->16')>    0.05109
|3T^CV(14->7')>   -0.05167
|3T^CV(13->1')>   -0.08410
|3T^CV(12->6')>   -0.10840
|3T^CV(11->2')>    0.06896
|3T^CV(11->7')>    0.05958
|3T^CV(10->6')>   -0.08247
|3T^CV(9->3')>   -0.18073
|3T^CV(8->1')>   -0.43265
|3T^CV(3->2')>    0.09171
|3T^CV(3->7')>    0.12919
|3S^CV(14->6')>    0.06403
|3S^CV(12->7')>    0.16455
|3S^CV(11->6')>   -0.10351
|3S^CV(10->7')>    0.13017
|3S^CV(9->1')>   -0.09615
|3S^CV(9->12')>   -0.05623
|3S^CV(9->20')>    0.05205
|3S^CV(8->3')>   -0.06493
|3S^CV(3->6')>   -0.21818
|3X^CV(20->7')>    0.07858
|3X^CV(19->6')>   -0.13076
|3X^CV(18->4')>   -0.05148
|3X^CV(17->4')>    0.05036
|3X^CV(16->12')>   -0.05374
|3X^CV(16->13')>   -0.05852
|3X^CV(15->13')>    0.05158
|3X^CV(14->7')>   -0.16510
|3X^CV(13->1')>   -0.06209
|3X^CV(12->6')>   -0.11455
|3X^CV(10->6')>   -0.12783
|3X^CV(9->13')>    0.08380
|3X^CV(9->15')>    0.15788
|3X^CV(9->21')>   -0.10999
|3X^CV(8->1')>   -0.33534
|3X^CV(8->14')>    0.11633
|3X^CV(8->18')>   -0.11995
|3X^CV(8->20')>    0.10883
|3X^CV(3->2')>    0.06707
|3X^CV(3->7')>    0.10093
TDMs with Triplet 'Ground' state
TDMX:-0.000   TDMY:0.280   TDMZ:-0.081   Oscillator Strength:0.00841   <S**2>: 2.000
--------------------------------------------------------------------
TDMs with Singlet 'Ground' state
TDMX:0.000   TDMY:0.000   TDMZ:0.000   Oscillator Strength:0.00000   <S**2>: 2.000
--------------------------------------------------------------------


State 142 4.039 eV 
Excitation    CI Coef
|3^CS(15->0)>   -0.09000
|3^CS(9->0)>   -0.13925
|3^CS(8->0)>   -0.26209
|3^CS(16->0')>    0.08033
|3^CS(9->0')>   -0.11951
|3^CS(8->0')>    0.24406
|3^SV(0->5')>   -0.05706
|3^SV(0'->4')>   -0.05086
|3T^CV(14->6')>    0.05152
|3T^CV(12->7')>    0.11402
|3T^CV(11->6')>   -0.06745
|3T^CV(10->7')>    0.08604
|3T^CV(9->1')>    0.45255
|3T^CV(8->3')>    0.19088
|3T^CV(3->6')>   -0.14203
|3S^CV(20->7')>   -0.05062
|3S^CV(14->7')>   -0.06279
|3S^CV(12->6')>   -0.16694
|3S^CV(11->7')>    0.10683
|3S^CV(10->6')>   -0.13152
|3S^CV(9->3')>    0.06690
|3S^CV(8->1')>    0.10295
|3S^CV(8->12')>    0.05777
|3S^CV(8->20')>   -0.05468
|3S^CV(3->7')>    0.22165
|3X^CV(20->6')>   -0.08312
|3X^CV(19->7')>    0.13602
|3X^CV(14->6')>    0.16800
|3X^CV(12->7')>    0.11405
|3X^CV(10->7')>    0.12939
|3X^CV(9->1')>    0.34629
|3X^CV(9->14')>   -0.12003
|3X^CV(9->18')>    0.12456
|3X^CV(9->20')>   -0.11309
|3X^CV(8->13')>   -0.08771
|3X^CV(8->15')>   -0.16318
|3X^CV(8->21')>    0.11464
|3X^CV(3->6')>   -0.10515
TDMs with Triplet 'Ground' state
TDMX:0.000   TDMY:-0.012   TDMZ:0.004   Oscillator Strength:0.00002   <S**2>: 2.000
--------------------------------------------------------------------
TDMs with Singlet 'Ground' state
TDMX:0.000   TDMY:0.000   TDMZ:0.000   Oscillator Strength:0.00000   <S**2>: 2.000
--------------------------------------------------------------------


State 143 4.042 eV 
Excitation    CI Coef
|3^CS(20->0)>    0.06360
|3^CS(19->0)>   -0.10108
|3^CS(18->0)>   -0.12745
|3^CS(17->0)>   -0.15912
|3^CS(14->0)>   -0.14593
|3^CS(12->0)>   -0.07333
|3^CS(20->0')>   -0.06314
|3^CS(19->0')>   -0.10027
|3^CS(18->0')>    0.12787
|3^CS(17->0')>   -0.15918
|3^CS(14->0')>    0.14513
|3^CS(12->0')>   -0.07268
|3^SV(0->3')>    0.18790
|3^SV(0->12')>    0.14653
|3^SV(0->14')>    0.07866
|3^SV(0->15')>    0.08577
|3^SV(0->18')>   -0.09810
|3^SV(0->19')>    0.07122
|3^SV(0'->3')>    0.18772
|3^SV(0'->12')>   -0.14666
|3^SV(0'->14')>   -0.07854
|3^SV(0'->15')>    0.08553
|3^SV(0'->18')>    0.09775
|3^SV(0'->19')>    0.07139
|3T^CV(14->13')>   -0.05174
|3T^CV(12->12')>    0.07806
|3T^CV(11->3')>   -0.10382
|3S^CV(20->1')>    0.12263
|3S^CV(19->3')>   -0.08962
|3S^CV(18->12')>    0.12480
|3S^CV(17->13')>   -0.11907
|3S^CV(16->4')>    0.10178
|3S^CV(15->5')>   -0.10177
|3S^CV(14->1')>    0.10392
|3S^CV(14->14')>   -0.09665
|3S^CV(13->2')>   -0.08603
|3S^CV(11->12')>   -0.05111
|3S^CV(11->18')>   -0.06615
|3S^CV(10->3')>    0.06954
|3S^CV(10->13')>    0.07254
|3S^CV(10->19')>    0.05316
|3S^CV(3->14')>   -0.12119
|3S^CV(2->5')>    0.07543
|3S^CV(2->17')>    0.06591
|3S^CV(1->4')>   -0.07550
|3S^CV(1->16')>   -0.06592
|3X^CV(20->3')>    0.12317
|3X^CV(20->13')>    0.05964
|3X^CV(19->1')>   -0.24799
|3X^CV(19->14')>   -0.09431
|3X^CV(18->3')>    0.11428
|3X^CV(18->13')>   -0.14081
|3X^CV(17->12')>    0.17897
|3X^CV(17->14')>   -0.05151
|3X^CV(16->4')>   -0.14278
|3X^CV(15->5')>   -0.14276
|3X^CV(14->3')>   -0.14788
|3X^CV(14->13')>   -0.13013
|3X^CV(14->21')>    0.05534
|3X^CV(12->1')>    0.15087
|3X^CV(12->14')>   -0.10700
|3X^CV(12->18')>    0.11649
|3X^CV(11->3')>   -0.06214
|3X^CV(11->15')>    0.10141
|3X^CV(11->19')>    0.07014
|3X^CV(10->1')>    0.07935
|3X^CV(10->12')>   -0.07078
|3X^CV(10->20')>   -0.09713
|3X^CV(3->3')>   -0.12008
|3X^CV(3->13')>   -0.12155
|3X^CV(3->15')>    0.10403
|3X^CV(3->19')>   -0.05038
|3X^CV(2->5')>    0.10109
|3X^CV(2->17')>    0.09242
|3X^CV(1->4')>    0.10118
|3X^CV(1->16')>    0.09243
TDMs with Triplet 'Ground' state
TDMX:0.002   TDMY:0.000   TDMZ:-0.000   Oscillator Strength:0.00000   <S**2>: 2.000
--------------------------------------------------------------------
TDMs with Singlet 'Ground' state
TDMX:0.000   TDMY:0.000   TDMZ:0.000   Oscillator Strength:0.00000   <S**2>: 2.000
--------------------------------------------------------------------


State 144 4.048 eV 
Excitation    CI Coef
|1^CS(15->0)>    0.31474
|1^CS(16->0')>    0.33888
|1^SV(0->5')>   -0.20597
|1^SV(0->17')>    0.15022
|1^SV(0'->4')>   -0.22195
|1^SV(0'->16')>    0.16179
|1S^CV(12->4')>    0.05276
|1S^CV(11->4')>    0.05776
|1S^CV(11->5')>    0.05733
|1S^CV(9->1')>   -0.06417
|1T^CV(18->4')>   -0.20124
|1T^CV(18->5')>    0.17449
|1T^CV(17->4')>    0.19135
|1T^CV(17->5')>    0.19020
|1T^CV(16->3')>    0.05729
|1T^CV(16->12')>   -0.20295
|1T^CV(16->13')>   -0.22035
|1T^CV(16->14')>    0.10169
|1T^CV(15->3')>   -0.05255
|1T^CV(15->12')>   -0.19088
|1T^CV(15->13')>    0.20195
|1T^CV(15->14')>    0.09570
|1T^CV(12->16')>    0.07344
|1T^CV(12->17')>    0.06852
|1T^CV(11->4')>    0.06901
|1T^CV(11->5')>   -0.05980
|1T^CV(11->16')>    0.10799
|1T^CV(11->17')>   -0.09975
|1T^CV(10->4')>   -0.09114
|1T^CV(10->5')>   -0.09062
|1T^CV(10->16')>   -0.11068
|1T^CV(10->17')>   -0.10322
|1T^CV(3->4')>   -0.07952
|1T^CV(3->5')>    0.06902
|1T^CV(3->16')>   -0.07236
|1T^CV(3->17')>    0.06695
|1T^CV(2->3')>    0.07375
|1T^CV(2->12')>    0.10329
|1T^CV(2->13')>   -0.13651
|1T^CV(2->18')>    0.05379
|1T^CV(2->19')>   -0.11995
|1T^CV(2->20')>    0.07397
|1T^CV(1->3')>   -0.05948
|1T^CV(1->12')>    0.14928
|1T^CV(1->13')>    0.11023
|1T^CV(1->14')>   -0.05464
|1T^CV(1->18')>    0.07760
|1T^CV(1->19')>    0.09709
|1T^CV(1->20')>    0.10667
TDMs with Triplet 'Ground' state
TDMX:0.000   TDMY:0.000   TDMZ:0.000   Oscillator Strength:0.00000   <S**2>: 0.000
--------------------------------------------------------------------
TDMs with Singlet 'Ground' state
TDMX:0.000   TDMY:0.035   TDMZ:-0.000   Oscillator Strength:0.00012   <S**2>: 0.000
--------------------------------------------------------------------


State 145 4.049 eV 
Excitation    CI Coef
|1^CS(15->0)>   -0.33875
|1^CS(16->0')>    0.31451
|1^SV(0->5')>    0.22235
|1^SV(0->17')>   -0.16190
|1^SV(0'->4')>   -0.20622
|1^SV(0'->16')>    0.15033
|1S^CV(12->5')>    0.05277
|1S^CV(11->4')>    0.05721
|1S^CV(11->5')>   -0.05754
|1S^CV(8->1')>    0.06359
|1T^CV(18->4')>   -0.17476
|1T^CV(18->5')>   -0.20130
|1T^CV(17->4')>    0.19024
|1T^CV(17->5')>   -0.19164
|1T^CV(16->3')>    0.05255
|1T^CV(16->12')>   -0.19105
|1T^CV(16->13')>   -0.20191
|1T^CV(16->14')>    0.09569
|1T^CV(15->3')>    0.05743
|1T^CV(15->12')>    0.20291
|1T^CV(15->13')>   -0.22048
|1T^CV(15->14')>   -0.10169
|1T^CV(12->16')>    0.06848
|1T^CV(12->17')>   -0.07356
|1T^CV(11->4')>    0.05972
|1T^CV(11->5')>    0.06875
|1T^CV(11->16')>    0.09995
|1T^CV(11->17')>    0.10789
|1T^CV(10->4')>   -0.09037
|1T^CV(10->5')>    0.09107
|1T^CV(10->16')>   -0.10321
|1T^CV(10->17')>    0.11083
|1T^CV(3->4')>   -0.06888
|1T^CV(3->5')>   -0.07943
|1T^CV(3->16')>   -0.06698
|1T^CV(3->17')>   -0.07242
|1T^CV(2->3')>   -0.05948
|1T^CV(2->12')>   -0.14927
|1T^CV(2->13')>    0.11041
|1T^CV(2->14')>    0.05479
|1T^CV(2->18')>   -0.07773
|1T^CV(2->19')>    0.09688
|1T^CV(2->20')>   -0.10680
|1T^CV(1->3')>   -0.07348
|1T^CV(1->12')>    0.10336
|1T^CV(1->13')>    0.13657
|1T^CV(1->18')>    0.05373
|1T^CV(1->19')>    0.12012
|1T^CV(1->20')>    0.07378
TDMs with Triplet 'Ground' state
TDMX:0.000   TDMY:0.000   TDMZ:0.000   Oscillator Strength:0.00000   <S**2>: 0.000
--------------------------------------------------------------------
TDMs with Singlet 'Ground' state
TDMX:0.000   TDMY:0.942   TDMZ:0.014   Oscillator Strength:0.08799   <S**2>: 0.000
--------------------------------------------------------------------


State 146 4.051 eV 
Excitation    CI Coef
|3^CS(9->0)>    0.07230
|3^CS(8->0)>    0.09404
|3^CS(9->0')>   -0.10521
|3^CS(8->0')>    0.11594
|3T^CV(12->6')>   -0.05883
|3T^CV(10->6')>   -0.05137
|3T^CV(9->3')>   -0.11049
|3T^CV(8->1')>   -0.22914
|3T^CV(3->7')>    0.07869
|3S^CV(19->7')>   -0.10699
|3S^CV(18->6')>    0.07545
|3S^CV(14->6')>   -0.28196
|3S^CV(12->6')>    0.05316
|3S^CV(12->7')>   -0.33447
|3S^CV(11->6')>    0.10009
|3S^CV(10->6')>    0.05021
|3S^CV(10->7')>   -0.31618
|3S^CV(9->1')>   -0.27221
|3S^CV(9->14')>    0.09334
|3S^CV(9->18')>   -0.10917
|3S^CV(9->20')>    0.08472
|3S^CV(8->15')>    0.13245
|3S^CV(8->21')>   -0.08672
|3S^CV(3->6')>    0.39506
|3X^CV(14->7')>    0.13214
|3X^CV(12->6')>    0.23341
|3X^CV(11->7')>   -0.12584
|3X^CV(10->6')>    0.20629
|3X^CV(8->12')>   -0.05190
|3X^CV(3->7')>   -0.30229
TDMs with Triplet 'Ground' state
TDMX:-0.000   TDMY:0.019   TDMZ:-0.050   Oscillator Strength:0.00029   <S**2>: 2.000
--------------------------------------------------------------------
TDMs with Singlet 'Ground' state
TDMX:0.000   TDMY:0.000   TDMZ:0.000   Oscillator Strength:0.00000   <S**2>: 2.000
--------------------------------------------------------------------


State 147 4.052 eV 
Excitation    CI Coef
|3^CS(9->0)>   -0.11705
|3^CS(8->0)>   -0.10813
|3^CS(9->0')>   -0.09394
|3^CS(8->0')>    0.07437
|3^SV(0->2')>    0.06263
|3^SV(0'->2')>   -0.06666
|3T^CV(12->7')>    0.05665
|3T^CV(10->7')>    0.05173
|3T^CV(9->1')>    0.23247
|3T^CV(8->3')>    0.11208
|3T^CV(3->6')>   -0.08008
|3S^CV(19->6')>    0.10728
|3S^CV(18->7')>   -0.07494
|3S^CV(14->7')>    0.27739
|3S^CV(13->1')>   -0.09106
|3S^CV(12->6')>    0.33090
|3S^CV(12->7')>    0.05322
|3S^CV(11->7')>   -0.10060
|3S^CV(10->6')>    0.31217
|3S^CV(10->7')>    0.05024
|3S^CV(9->15')>   -0.13177
|3S^CV(9->21')>    0.08657
|3S^CV(8->1')>    0.26947
|3S^CV(8->14')>   -0.09211
|3S^CV(8->18')>    0.10898
|3S^CV(8->20')>   -0.08487
|3S^CV(3->7')>   -0.38894
|3X^CV(14->6')>   -0.12895
|3X^CV(12->2')>   -0.06606
|3X^CV(12->7')>   -0.22507
|3X^CV(11->6')>    0.12319
|3X^CV(10->7')>   -0.20203
|3X^CV(9->12')>    0.05136
|3X^CV(3->6')>    0.29719
TDMs with Triplet 'Ground' state
TDMX:0.000   TDMY:-0.003   TDMZ:0.007   Oscillator Strength:0.00001   <S**2>: 2.000
--------------------------------------------------------------------
TDMs with Singlet 'Ground' state
TDMX:0.000   TDMY:0.000   TDMZ:0.000   Oscillator Strength:0.00000   <S**2>: 2.000
--------------------------------------------------------------------


State 148 4.052 eV 
Excitation    CI Coef
|5^CV(19->6')>    0.09176
|5^CV(18->7')>   -0.09471
|5^CV(17->6')>   -0.05049
|5^CV(14->7')>    0.34278
|5^CV(13->1')>    0.08028
|5^CV(12->6')>    0.46926
|5^CV(11->2')>   -0.05442
|5^CV(11->7')>   -0.15967
|5^CV(10->6')>    0.42213
|5^CV(9->15')>   -0.11758
|5^CV(9->21')>    0.07174
|5^CV(8->1')>    0.23538
|5^CV(8->12')>   -0.07250
|5^CV(8->14')>   -0.07781
|5^CV(8->18')>    0.09962
|5^CV(8->20')>   -0.06543
|5^CV(3->2')>   -0.10054
|5^CV(3->7')>   -0.55134
TDMs with Triplet 'Ground' state
TDMX:0.000   TDMY:0.000   TDMZ:0.000   Oscillator Strength:0.00000   <S**2>: 6.000
--------------------------------------------------------------------
TDMs with Singlet 'Ground' state
TDMX:0.000   TDMY:0.000   TDMZ:0.000   Oscillator Strength:0.00000   <S**2>: 6.000
--------------------------------------------------------------------


State 149 4.054 eV 
Excitation    CI Coef
|1^ZW+>    0.15545
|1^CS(20->0)>    0.08007
|1^CS(19->0)>   -0.13006
|1^CS(18->0)>    0.16530
|1^CS(17->0)>    0.17182
|1^CS(14->0)>   -0.10202
|1^CS(12->0)>   -0.16822
|1^CS(10->0)>   -0.06796
|1^CS(3->0)>    0.07190
|1^CS(20->0')>    0.07987
|1^CS(19->0')>    0.12948
|1^CS(18->0')>    0.16522
|1^CS(17->0')>   -0.17161
|1^CS(14->0')>   -0.10147
|1^CS(12->0')>    0.16769
|1^CS(10->0')>    0.06797
|1^CS(3->0')>    0.07287
|1^SV(0->1')>   -0.15014
|1^SV(0->3')>    0.06725
|1^SV(0->12')>    0.13115
|1^SV(0->13')>   -0.16439
|1^SV(0->14')>    0.05581
|1^SV(0->19')>    0.08134
|1^SV(0->20')>   -0.06931
|1^SV(0'->1')>    0.15116
|1^SV(0'->3')>    0.06720
|1^SV(0'->12')>   -0.13171
|1^SV(0'->13')>   -0.16486
|1^SV(0'->14')>   -0.05608
|1^SV(0'->19')>    0.08153
|1^SV(0'->20')>    0.06907
|1S^CV(12->14')>    0.06015
|1S^CV(11->13')>    0.06370
|1S^CV(10->1')>    0.09772
|1S^CV(10->12')>   -0.05776
|1S^CV(3->13')>   -0.06732
|1T^CV(20->1')>    0.15088
|1T^CV(20->14')>    0.07478
|1T^CV(19->3')>   -0.13195
|1T^CV(19->13')>   -0.11271
|1T^CV(18->1')>    0.06069
|1T^CV(18->12')>   -0.17485
|1T^CV(18->14')>    0.06115
|1T^CV(17->3')>   -0.06970
|1T^CV(17->13')>    0.18588
|1T^CV(16->4')>   -0.13374
|1T^CV(15->5')>    0.13364
|1T^CV(12->3')>    0.14823
|1T^CV(12->19')>    0.06544
|1T^CV(12->21')>    0.06693
|1T^CV(11->1')>    0.10223
|1T^CV(11->14')>   -0.17310
|1T^CV(11->20')>    0.07541
|1T^CV(10->3')>    0.19466
|1T^CV(10->13')>   -0.05373
|1T^CV(10->19')>   -0.06502
|1T^CV(9->6')>    0.08323
|1T^CV(8->7')>    0.08302
|1T^CV(3->1')>   -0.24004
|1T^CV(3->12')>   -0.16872
|1T^CV(3->14')>   -0.12069
|1T^CV(3->18')>   -0.07498
|1T^CV(2->5')>   -0.14706
|1T^CV(2->17')>   -0.08312
|1T^CV(1->4')>    0.14687
|1T^CV(1->16')>    0.08315
TDMs with Triplet 'Ground' state
TDMX:0.000   TDMY:0.000   TDMZ:0.000   Oscillator Strength:0.00000   <S**2>: 0.000
--------------------------------------------------------------------
TDMs with Singlet 'Ground' state
TDMX:-0.007   TDMY:0.001   TDMZ:-0.000   Oscillator Strength:0.00000   <S**2>: 0.000
--------------------------------------------------------------------


State 150 4.059 eV 
Excitation    CI Coef
|1^ZW->    0.18942
|1^CS(18->0)>   -0.15384
|1^CS(17->0)>   -0.12380
|1^CS(12->0)>   -0.05337
|1^CS(11->0)>   -0.06141
|1^CS(10->0)>    0.06990
|1^CS(3->0)>   -0.11194
|1^CS(18->0')>    0.15324
|1^CS(17->0')>   -0.12288
|1^CS(12->0')>   -0.05385
|1^CS(11->0')>    0.06155
|1^CS(10->0')>    0.06992
|1^CS(3->0')>    0.11180
|1^SV(0->1')>    0.20421
|1^SV(0->3')>   -0.13941
|1^SV(0->12')>   -0.16402
|1^SV(0->13')>    0.18107
|1^SV(0->14')>   -0.11855
|1^SV(0->18')>    0.06722
|1^SV(0->19')>   -0.08932
|1^SV(0'->1')>    0.20351
|1^SV(0'->3')>    0.13874
|1^SV(0'->12')>   -0.16363
|1^SV(0'->13')>   -0.18033
|1^SV(0'->14')>   -0.11812
|1^SV(0'->18')>    0.06695
|1^SV(0'->19')>    0.08904
|1S^CV(14->1')>    0.06816
|1S^CV(12->3')>   -0.06583
|1S^CV(12->13')>    0.06595
|1S^CV(11->12')>    0.06579
|1S^CV(10->13')>   -0.09560
|1S^CV(3->1')>    0.19084
|1S^CV(3->14')>    0.06441
|1T^CV(19->1')>   -0.09582
|1T^CV(18->3')>    0.10607
|1T^CV(18->13')>   -0.20745
|1T^CV(17->1')>   -0.08922
|1T^CV(17->12')>    0.20656
|1T^CV(16->4')>   -0.16056
|1T^CV(15->5')>   -0.16125
|1T^CV(14->3')>   -0.14053
|1T^CV(14->13')>   -0.07107
|1T^CV(12->1')>    0.11041
|1T^CV(12->14')>   -0.20415
|1T^CV(12->18')>    0.08605
|1T^CV(11->15')>    0.06356
|1T^CV(11->19')>    0.08888
|1T^CV(10->1')>   -0.18814
|1T^CV(10->12')>   -0.13085
|1T^CV(10->20')>   -0.07718
|1T^CV(9->7')>   -0.07520
|1T^CV(8->6')>   -0.07492
|1T^CV(3->3')>    0.14015
|1T^CV(3->13')>   -0.09489
|1T^CV(3->15')>    0.06266
|1T^CV(2->5')>    0.13098
|1T^CV(2->17')>    0.09981
|1T^CV(1->4')>    0.13036
|1T^CV(1->16')>    0.09937
TDMs with Triplet 'Ground' state
TDMX:0.000   TDMY:0.000   TDMZ:0.000   Oscillator Strength:0.00000   <S**2>: 0.000
--------------------------------------------------------------------
TDMs with Singlet 'Ground' state
TDMX:-1.126   TDMY:0.000   TDMZ:0.000   Oscillator Strength:0.12614   <S**2>: 0.000
--------------------------------------------------------------------


State 151 4.070 eV 
Excitation    CI Coef
|1^CS(9->0)>    0.09212
|1^CS(16->0')>    0.05215
|1^CS(9->0')>   -0.32895
|1^CS(8->0')>    0.30751
|1S^CV(14->6')>    0.05156
|1S^CV(12->6')>   -0.07826
|1S^CV(12->7')>    0.11172
|1S^CV(11->6')>   -0.06682
|1S^CV(10->6')>   -0.05772
|1S^CV(10->7')>    0.08243
|1S^CV(9->1')>    0.41500
|1S^CV(9->3')>   -0.13218
|1S^CV(9->12')>    0.05587
|1S^CV(8->1')>   -0.26649
|1S^CV(8->3')>    0.19211
|1S^CV(3->6')>   -0.14126
|1S^CV(3->7')>    0.09117
|1T^CV(20->6')>   -0.06748
|1T^CV(20->7')>    0.09764
|1T^CV(19->6')>   -0.14276
|1T^CV(19->7')>    0.09129
|1T^CV(14->6')>    0.06945
|1T^CV(14->7')>   -0.10039
|1T^CV(11->6')>    0.06059
|1T^CV(11->7')>   -0.08737
|1T^CV(9->1')>    0.22571
|1T^CV(9->3')>   -0.06187
|1T^CV(9->13')>    0.09508
|1T^CV(9->14')>   -0.09076
|1T^CV(9->15')>    0.16444
|1T^CV(9->18')>    0.08412
|1T^CV(9->20')>   -0.08534
|1T^CV(9->21')>   -0.11819
|1T^CV(8->1')>   -0.32829
|1T^CV(8->13')>   -0.06108
|1T^CV(8->14')>    0.13199
|1T^CV(8->15')>   -0.10520
|1T^CV(8->18')>   -0.12243
|1T^CV(8->20')>    0.12429
|1T^CV(8->21')>    0.07584
TDMs with Triplet 'Ground' state
TDMX:0.000   TDMY:0.000   TDMZ:0.000   Oscillator Strength:0.00000   <S**2>: 0.000
--------------------------------------------------------------------
TDMs with Singlet 'Ground' state
TDMX:-0.000   TDMY:0.045   TDMZ:-0.039   Oscillator Strength:0.00035   <S**2>: 0.000
--------------------------------------------------------------------


State 152 4.071 eV 
Excitation    CI Coef
|1^CS(15->0)>   -0.05151
|1^CS(9->0)>   -0.30690
|1^CS(8->0)>   -0.32864
|1^CS(8->0')>    0.09070
|1S^CV(14->7')>   -0.05208
|1S^CV(12->6')>   -0.11339
|1S^CV(12->7')>   -0.07741
|1S^CV(11->7')>    0.06788
|1S^CV(10->6')>   -0.08351
|1S^CV(10->7')>   -0.05704
|1S^CV(9->1')>   -0.26703
|1S^CV(9->3')>   -0.19186
|1S^CV(8->1')>   -0.41438
|1S^CV(8->3')>   -0.13273
|1S^CV(8->12')>   -0.05554
|1S^CV(3->6')>    0.09062
|1S^CV(3->7')>    0.14202
|1T^CV(20->6')>   -0.09757
|1T^CV(20->7')>   -0.06751
|1T^CV(19->6')>    0.09169
|1T^CV(19->7')>    0.14238
|1T^CV(14->6')>    0.10037
|1T^CV(14->7')>    0.06938
|1T^CV(11->6')>    0.08756
|1T^CV(11->7')>    0.06037
|1T^CV(9->1')>    0.32734
|1T^CV(9->13')>   -0.06112
|1T^CV(9->14')>   -0.13151
|1T^CV(9->15')>   -0.10576
|1T^CV(9->18')>    0.12207
|1T^CV(9->20')>   -0.12385
|1T^CV(9->21')>    0.07595
|1T^CV(8->1')>    0.22662
|1T^CV(8->3')>    0.06125
|1T^CV(8->13')>   -0.09487
|1T^CV(8->14')>   -0.09103
|1T^CV(8->15')>   -0.16352
|1T^CV(8->18')>    0.08456
|1T^CV(8->20')>   -0.08585
|1T^CV(8->21')>    0.11776
TDMs with Triplet 'Ground' state
TDMX:0.000   TDMY:0.000   TDMZ:0.000   Oscillator Strength:0.00000   <S**2>: 0.000
--------------------------------------------------------------------
TDMs with Singlet 'Ground' state
TDMX:-0.000   TDMY:0.067   TDMZ:-0.058   Oscillator Strength:0.00078   <S**2>: 0.000
--------------------------------------------------------------------


State 153 4.078 eV 
Excitation    CI Coef
|3^CS(20->0)>   -0.07451
|3^CS(19->0)>    0.10247
|3^CS(18->0)>    0.09652
|3^CS(17->0)>    0.12437
|3^CS(14->0)>    0.15959
|3^CS(12->0)>    0.14176
|3^CS(11->0)>   -0.09705
|3^CS(20->0')>   -0.07453
|3^CS(19->0')>   -0.10240
|3^CS(18->0')>    0.09695
|3^CS(17->0')>   -0.12470
|3^CS(14->0')>    0.15985
|3^CS(12->0')>   -0.14193
|3^CS(11->0')>   -0.09753
|3^SV(0->3')>   -0.14601
|3^SV(0->12')>   -0.13781
|3^SV(0->13')>    0.06575
|3^SV(0->15')>   -0.07479
|3^SV(0->18')>    0.09564
|3^SV(0->19')>   -0.07019
|3^SV(0'->3')>    0.14642
|3^SV(0'->12')>   -0.13838
|3^SV(0'->13')>   -0.06594
|3^SV(0'->15')>    0.07493
|3^SV(0'->18')>    0.09570
|3^SV(0'->19')>    0.07053
|3T^CV(14->12')>   -0.05431
|3T^CV(12->13')>    0.08680
|3T^CV(11->1')>   -0.08982
|3T^CV(11->12')>    0.09555
|3T^CV(10->3')>    0.05865
|3T^CV(3->1')>   -0.16549
|3S^CV(20->3')>   -0.09515
|3S^CV(19->1')>    0.18437
|3S^CV(19->14')>    0.06985
|3S^CV(18->3')>   -0.07938
|3S^CV(18->13')>    0.10281
|3S^CV(17->12')>   -0.12763
|3S^CV(16->4')>    0.10885
|3S^CV(15->5')>    0.10852
|3S^CV(14->3')>    0.09129
|3S^CV(14->13')>    0.09214
|3S^CV(12->1')>   -0.09078
|3S^CV(12->14')>    0.06712
|3S^CV(12->18')>   -0.08455
|3S^CV(11->15')>   -0.07702
|3S^CV(10->1')>   -0.11687
|3S^CV(10->20')>    0.06831
|3S^CV(3->3')>    0.11933
|3S^CV(3->13')>    0.06896
|3S^CV(3->15')>   -0.07632
|3S^CV(2->17')>   -0.06964
|3S^CV(1->16')>   -0.06985
|3X^CV(20->1')>   -0.17140
|3X^CV(19->3')>    0.13318
|3X^CV(19->13')>    0.06306
|3X^CV(18->12')>   -0.17630
|3X^CV(17->3')>   -0.06893
|3X^CV(17->13')>    0.17257
|3X^CV(16->4')>   -0.15506
|3X^CV(15->5')>    0.15459
|3X^CV(14->1')>   -0.11485
|3X^CV(14->14')>    0.11764
|3X^CV(13->2')>    0.08773
|3X^CV(12->3')>   -0.06451
|3X^CV(12->15')>    0.06631
|3X^CV(11->1')>   -0.05363
|3X^CV(11->12')>    0.07591
|3X^CV(11->18')>    0.09517
|3X^CV(10->3')>   -0.14003
|3X^CV(10->13')>   -0.09540
|3X^CV(10->19')>   -0.07539
|3X^CV(3->1')>    0.12167
|3X^CV(3->14')>    0.15560
|3X^CV(3->20')>   -0.07807
|3X^CV(2->5')>   -0.05742
|3X^CV(2->17')>   -0.09928
|3X^CV(1->4')>    0.05756
|3X^CV(1->16')>    0.09958
TDMs with Triplet 'Ground' state
TDMX:0.041   TDMY:0.000   TDMZ:0.000   Oscillator Strength:0.00017   <S**2>: 2.000
--------------------------------------------------------------------
TDMs with Singlet 'Ground' state
TDMX:0.000   TDMY:0.000   TDMZ:0.000   Oscillator Strength:0.00000   <S**2>: 2.000
--------------------------------------------------------------------


State 154 4.085 eV 
Excitation    CI Coef
|3^CS(13->0)>    0.11962
|3^CS(13->0')>    0.11959
|3T^CV(20->2')>   -0.08550
|3T^CV(14->2')>   -0.21135
|3T^CV(13->1')>    0.52556
|3T^CV(13->12')>   -0.12676
|3T^CV(13->14')>   -0.13077
|3T^CV(11->2')>   -0.33176
|3T^CV(9->3')>   -0.05242
|3T^CV(8->1')>   -0.10415
|3T^CV(3->2')>   -0.41562
|3T^CV(3->7')>    0.06908
|3X^CV(20->2')>   -0.06364
|3X^CV(14->2')>   -0.17190
|3X^CV(13->1')>    0.31781
|3X^CV(13->12')>   -0.08272
|3X^CV(13->14')>   -0.05898
|3X^CV(11->2')>   -0.20360
|3X^CV(8->1')>   -0.06170
|3X^CV(3->2')>   -0.29250
TDMs with Triplet 'Ground' state
TDMX:-0.000   TDMY:-0.045   TDMZ:-0.048   Oscillator Strength:0.00043   <S**2>: 2.000
--------------------------------------------------------------------
TDMs with Singlet 'Ground' state
TDMX:0.000   TDMY:0.000   TDMZ:0.000   Oscillator Strength:0.00000   <S**2>: 2.000
--------------------------------------------------------------------


State 155 4.092 eV 
Excitation    CI Coef
|1^CS(18->0)>    0.12541
|1^CS(17->0)>    0.11447
|1^CS(11->0)>   -0.05582
|1^CS(10->0)>   -0.06508
|1^CS(3->0)>   -0.09149
|1^CS(18->0')>   -0.12610
|1^CS(17->0')>    0.11512
|1^CS(11->0')>    0.05655
|1^CS(10->0')>   -0.06546
|1^CS(3->0')>    0.09116
|1^SV(0->1')>    0.11871
|1^SV(0->3')>    0.09100
|1^SV(0->12')>    0.05409
|1^SV(0->19')>    0.05131
|1^SV(0'->1')>    0.11780
|1^SV(0'->3')>   -0.09148
|1^SV(0'->12')>    0.05497
|1^SV(0'->19')>   -0.05186
|1S^CV(18->1')>   -0.07225
|1S^CV(14->1')>    0.10196
|1S^CV(11->1')>    0.20783
|1S^CV(11->12')>   -0.06456
|1S^CV(10->3')>   -0.13037
|1S^CV(7->1')>    0.08155
|1S^CV(3->1')>    0.67340
|1S^CV(3->12')>   -0.06792
|1T^CV(18->3')>   -0.05763
|1T^CV(18->13')>    0.14446
|1T^CV(17->1')>   -0.05499
|1T^CV(17->12')>   -0.14237
|1T^CV(17->14')>    0.06110
|1T^CV(16->4')>    0.13232
|1T^CV(15->5')>    0.13144
|1T^CV(14->3')>   -0.10057
|1T^CV(12->12')>   -0.05693
|1T^CV(12->20')>   -0.05793
|1T^CV(11->13')>   -0.09351
|1T^CV(11->19')>   -0.06353
|1T^CV(10->1')>   -0.25272
|1T^CV(10->12')>    0.05050
|1T^CV(10->14')>   -0.11764
|1T^CV(10->18')>    0.06679
|1T^CV(9->7')>   -0.05081
|1T^CV(8->6')>   -0.05090
|1T^CV(3->3')>    0.10707
|1T^CV(3->19')>    0.05500
|1T^CV(2->5')>   -0.08374
|1T^CV(2->17')>   -0.08820
|1T^CV(1->4')>   -0.08422
|1T^CV(1->16')>   -0.08875
TDMs with Triplet 'Ground' state
TDMX:0.000   TDMY:0.000   TDMZ:0.000   Oscillator Strength:0.00000   <S**2>: 0.000
--------------------------------------------------------------------
TDMs with Singlet 'Ground' state
TDMX:-2.111   TDMY:-0.000   TDMZ:-0.000   Oscillator Strength:0.44663   <S**2>: 0.000
--------------------------------------------------------------------


State 156 4.098 eV 
Excitation    CI Coef
|3^CS(20->0)>    0.05753
|3^CS(19->0)>   -0.10080
|3^CS(18->0)>    0.07728
|3^CS(17->0)>    0.05120
|3^CS(14->0)>   -0.12501
|3^CS(12->0)>   -0.09376
|3^CS(3->0)>   -0.08094
|3^CS(20->0')>    0.05775
|3^CS(19->0')>    0.10105
|3^CS(18->0')>    0.07700
|3^CS(17->0')>   -0.05073
|3^CS(14->0')>   -0.12568
|3^CS(12->0')>    0.09434
|3^CS(3->0')>   -0.08086
|3^SV(0->1')>   -0.14228
|3^SV(0'->1')>   -0.14220
|3T^CV(19->3')>   -0.05238
|3T^CV(18->1')>    0.07399
|3T^CV(14->1')>   -0.13501
|3T^CV(12->3')>    0.05565
|3T^CV(11->1')>   -0.20787
|3T^CV(10->3')>    0.11503
|3T^CV(7->1')>   -0.07721
|3T^CV(3->1')>   -0.70442
|3T^CV(3->12')>    0.07098
|3S^CV(20->3')>    0.06193
|3S^CV(19->1')>   -0.13380
|3S^CV(19->14')>   -0.05944
|3S^CV(17->1')>   -0.05080
|3S^CV(14->3')>   -0.12246
|3S^CV(14->13')>   -0.05726
|3S^CV(12->1')>    0.05727
|3S^CV(12->14')>   -0.06558
|3S^CV(12->20')>   -0.05131
|3S^CV(11->3')>   -0.05509
|3S^CV(10->1')>   -0.10504
|3S^CV(10->14')>   -0.06735
|3S^CV(3->15')>    0.07710
|3X^CV(20->1')>    0.12249
|3X^CV(19->3')>   -0.09136
|3X^CV(19->13')>   -0.05916
|3X^CV(18->1')>   -0.05816
|3X^CV(14->1')>    0.05011
|3X^CV(14->14')>   -0.12094
|3X^CV(13->2')>   -0.08163
|3X^CV(12->15')>   -0.05506
|3X^CV(11->1')>   -0.06838
|3X^CV(11->14')>   -0.06929
|3X^CV(10->3')>   -0.05440
|3X^CV(10->13')>   -0.05744
|3X^CV(3->1')>    0.12546
|3X^CV(3->18')>   -0.06215
TDMs with Triplet 'Ground' state
TDMX:2.503   TDMY:0.000   TDMZ:0.000   Oscillator Strength:0.62894   <S**2>: 2.000
--------------------------------------------------------------------
TDMs with Singlet 'Ground' state
TDMX:0.000   TDMY:0.000   TDMZ:0.000   Oscillator Strength:0.00000   <S**2>: 2.000
--------------------------------------------------------------------


State 157 4.128 eV 
Excitation    CI Coef
|1^CS(20->0)>   -0.08453
|1^CS(19->0)>    0.11050
|1^CS(18->0)>    0.05541
|1^CS(17->0)>    0.09091
|1^CS(14->0)>    0.19091
|1^CS(12->0)>    0.22136
|1^CS(11->0)>   -0.17404
|1^CS(20->0')>   -0.08453
|1^CS(19->0')>   -0.11050
|1^CS(18->0')>    0.05538
|1^CS(17->0')>   -0.09078
|1^CS(14->0')>    0.19119
|1^CS(12->0')>   -0.22151
|1^CS(11->0')>   -0.17432
|1^SV(0->3')>    0.07898
|1^SV(0->12')>    0.12440
|1^SV(0->13')>   -0.11606
|1^SV(0->15')>    0.05837
|1^SV(0->18')>   -0.08956
|1^SV(0->19')>    0.07425
|1^SV(0'->3')>    0.07891
|1^SV(0'->12')>   -0.12467
|1^SV(0'->13')>   -0.11631
|1^SV(0'->15')>    0.05841
|1^SV(0'->18')>    0.08946
|1^SV(0'->19')>    0.07441
|1S^CV(14->13')>   -0.08535
|1S^CV(12->1')>   -0.09790
|1S^CV(12->12')>    0.11252
|1S^CV(12->14')>   -0.05815
|1S^CV(11->13')>    0.12223
|1T^CV(20->1')>   -0.21649
|1T^CV(20->14')>   -0.05987
|1T^CV(19->3')>    0.17537
|1T^CV(19->13')>    0.08533
|1T^CV(18->12')>   -0.21256
|1T^CV(17->3')>   -0.07239
|1T^CV(17->13')>    0.22098
|1T^CV(16->4')>   -0.20108
|1T^CV(15->5')>    0.20101
|1T^CV(14->1')>   -0.09902
|1T^CV(14->14')>    0.15739
|1T^CV(13->2')>    0.08522
|1T^CV(12->3')>   -0.07634
|1T^CV(12->13')>    0.06753
|1T^CV(12->15')>    0.09876
|1T^CV(12->21')>   -0.06779
|1T^CV(11->1')>   -0.05811
|1T^CV(11->12')>    0.09691
|1T^CV(11->18')>    0.12036
|1T^CV(10->3')>   -0.13859
|1T^CV(10->13')>   -0.07015
|1T^CV(10->19')>   -0.09681
|1T^CV(10->21')>   -0.05095
|1T^CV(3->1')>    0.14594
|1T^CV(3->14')>    0.14684
|1T^CV(3->20')>   -0.11069
|1T^CV(2->17')>   -0.12735
|1T^CV(1->16')>    0.12737
TDMs with Triplet 'Ground' state
TDMX:0.000   TDMY:0.000   TDMZ:0.000   Oscillator Strength:0.00000   <S**2>: 0.000
--------------------------------------------------------------------
TDMs with Singlet 'Ground' state
TDMX:-0.003   TDMY:0.000   TDMZ:-0.000   Oscillator Strength:0.00000   <S**2>: 0.000
--------------------------------------------------------------------


State 158 4.165 eV 
Excitation    CI Coef
|3^CS(18->0)>    0.08451
|3^CS(17->0)>    0.08203
|3^CS(14->0)>    0.05596
|3^CS(12->0)>    0.18553
|3^CS(11->0)>   -0.22938
|3^CS(10->0)>   -0.10311
|3^CS(3->0)>   -0.07517
|3^CS(18->0')>   -0.08454
|3^CS(17->0')>    0.08188
|3^CS(14->0')>   -0.05553
|3^CS(12->0')>    0.18471
|3^CS(11->0')>    0.22913
|3^CS(10->0')>   -0.10271
|3^CS(3->0')>    0.07536
|3^SV(0->1')>   -0.05762
|3^SV(0->3')>    0.14878
|3^SV(0->12')>   -0.05571
|3^SV(0->13')>    0.17406
|3^SV(0->14')>    0.15518
|3^SV(0->15')>    0.05397
|3^SV(0->19')>   -0.06809
|3^SV(0->20')>    0.08452
|3^SV(0'->1')>    0.05782
|3^SV(0'->3')>    0.14861
|3^SV(0'->12')>    0.05534
|3^SV(0'->13')>    0.17354
|3^SV(0'->14')>   -0.15497
|3^SV(0'->15')>    0.05402
|3^SV(0'->19')>   -0.06807
|3^SV(0'->20')>   -0.08427
|3T^CV(14->13')>    0.05006
|3T^CV(12->12')>   -0.06857
|3T^CV(12->14')>    0.10954
|3T^CV(11->3')>   -0.13271
|3T^CV(11->13')>   -0.17352
|3T^CV(10->1')>   -0.11279
|3T^CV(10->14')>   -0.06321
|3T^CV(9->7')>   -0.06069
|3T^CV(8->6')>   -0.06095
|3S^CV(20->1')>    0.07153
|3S^CV(19->3')>   -0.05152
|3S^CV(18->12')>   -0.09466
|3S^CV(18->14')>    0.07315
|3S^CV(17->13')>    0.12080
|3S^CV(16->4')>   -0.10812
|3S^CV(15->5')>    0.10834
|3S^CV(14->1')>    0.06271
|3S^CV(14->12')>   -0.06622
|3S^CV(13->2')>   -0.05436
|3S^CV(11->14')>   -0.05926
|3S^CV(3->1')>    0.05096
|3S^CV(3->14')>   -0.05940
|3S^CV(2->17')>   -0.06727
|3S^CV(1->16')>    0.06714
|3X^CV(20->3')>    0.07815
|3X^CV(19->1')>   -0.18414
|3X^CV(19->14')>   -0.07041
|3X^CV(18->13')>    0.18141
|3X^CV(17->12')>   -0.14169
|3X^CV(17->14')>    0.09247
|3X^CV(16->4')>    0.15422
|3X^CV(15->5')>    0.15454
|3X^CV(14->3')>   -0.17835
|3X^CV(12->1')>    0.12838
|3X^CV(12->12')>   -0.10822
|3X^CV(12->20')>   -0.05278
|3X^CV(11->13')>   -0.08754
|3X^CV(11->19')>   -0.05014
|3X^CV(10->1')>   -0.08019
|3X^CV(10->14')>   -0.05716
|3X^CV(10->18')>    0.08229
|3X^CV(3->13')>   -0.06702
|3X^CV(3->15')>    0.09785
|3X^CV(3->19')>    0.05646
|3X^CV(2->17')>   -0.09591
|3X^CV(1->16')>   -0.09572
|3^CSD(12,11)>    0.06404
TDMs with Triplet 'Ground' state
TDMX:-0.002   TDMY:-0.000   TDMZ:0.000   Oscillator Strength:0.00000   <S**2>: 2.000
--------------------------------------------------------------------
TDMs with Singlet 'Ground' state
TDMX:0.000   TDMY:0.000   TDMZ:0.000   Oscillator Strength:0.00000   <S**2>: 2.000
--------------------------------------------------------------------


State 159 4.220 eV 
Excitation    CI Coef
|3^CS(12->0)>   -0.09533
|3^CS(11->0)>    0.11190
|3^CS(7->0)>    0.11058
|3^CS(6->0)>   -0.08014
|3^CS(12->0')>    0.09550
|3^CS(11->0')>    0.11249
|3^CS(7->0')>    0.10895
|3^CS(6->0')>    0.06933
|3^SV(0->3')>   -0.09972
|3^SV(0->9')>   -0.09996
|3^SV(0->13')>   -0.07062
|3^SV(0->14')>   -0.07437
|3^SV(0'->3')>    0.09989
|3^SV(0'->8')>   -0.09472
|3^SV(0'->13')>    0.07099
|3^SV(0'->14')>   -0.07475
|3T^CV(12->13')>   -0.06449
|3T^CV(11->8')>   -0.09699
|3T^CV(11->9')>   -0.06415
|3T^CV(11->14')>    0.06593
|3T^CV(10->3')>    0.05311
|3T^CV(10->8')>    0.08639
|3T^CV(10->9')>   -0.14913
|3T^CV(7->1')>    0.16084
|3T^CV(7->12')>    0.15270
|3T^CV(6->3')>   -0.14410
|3T^CV(6->13')>    0.12587
|3T^CV(5->4')>   -0.23136
|3T^CV(4->5')>   -0.24582
|3T^CV(3->1')>   -0.10935
|3T^CV(3->8')>    0.11628
|3T^CV(3->9')>    0.07690
|3T^CV(2->11')>    0.25884
|3T^CV(1->10')>   -0.24356
|3S^CV(19->1')>    0.07202
|3S^CV(18->9')>   -0.08032
|3S^CV(17->8')>   -0.07871
|3S^CV(17->9')>   -0.05228
|3S^CV(16->10')>    0.08325
|3S^CV(15->11')>    0.08855
|3S^CV(14->3')>    0.05902
|3S^CV(12->1')>   -0.06208
|3S^CV(7->3')>    0.08691
|3S^CV(7->19')>   -0.07855
|3S^CV(6->1')>   -0.09806
|3S^CV(6->12')>   -0.07636
|3S^CV(6->20')>   -0.06835
|3S^CV(5->4')>    0.11511
|3S^CV(5->16')>    0.07065
|3S^CV(4->5')>   -0.12232
|3S^CV(4->17')>   -0.07514
|3X^CV(20->1')>   -0.05040
|3X^CV(18->8')>   -0.10895
|3X^CV(18->9')>   -0.07227
|3X^CV(17->8')>    0.06611
|3X^CV(17->9')>   -0.11442
|3X^CV(16->4')>    0.05063
|3X^CV(16->10')>   -0.11679
|3X^CV(15->5')>   -0.05042
|3X^CV(15->11')>    0.12423
|3X^CV(14->1')>   -0.05872
|3X^CV(7->1')>    0.16349
|3X^CV(7->12')>    0.09558
|3X^CV(7->18')>    0.05812
|3X^CV(7->20')>    0.10028
|3X^CV(6->3')>   -0.12092
|3X^CV(6->13')>    0.07368
|3X^CV(6->19')>    0.10651
|3X^CV(5->4')>   -0.16003
|3X^CV(5->16')>   -0.09909
|3X^CV(4->5')>   -0.17010
|3X^CV(4->17')>   -0.10540
TDMs with Triplet 'Ground' state
TDMX:0.217   TDMY:-0.000   TDMZ:-0.000   Oscillator Strength:0.00485   <S**2>: 2.000
--------------------------------------------------------------------
TDMs with Singlet 'Ground' state
TDMX:0.000   TDMY:0.000   TDMZ:0.000   Oscillator Strength:0.00000   <S**2>: 2.000
--------------------------------------------------------------------


State 160 4.221 eV 
Excitation    CI Coef
|3^CS(4->0)>    0.20311
|3^SV(0->11')>    0.15936
|3T^CV(12->11')>   -0.05450
|3T^CV(11->11')>    0.12630
|3T^CV(10->11')>    0.18663
|3T^CV(7->5')>   -0.25687
|3T^CV(6->5')>    0.26766
|3T^CV(4->1')>    0.20580
|3T^CV(4->3')>    0.17195
|3T^CV(4->12')>    0.17228
|3T^CV(4->13')>   -0.13888
|3T^CV(3->11')>   -0.14760
|3T^CV(2->8')>   -0.09076
|3T^CV(2->9')>   -0.38416
|3T^CV(1->9')>   -0.05642
|3S^CV(18->11')>    0.10478
|3S^CV(17->11')>    0.10665
|3S^CV(15->9')>   -0.13279
|3S^CV(7->5')>   -0.12889
|3S^CV(7->17')>   -0.07962
|3S^CV(6->5')>    0.13433
|3S^CV(6->17')>    0.08315
|3S^CV(4->1')>    0.10225
|3S^CV(4->3')>    0.08991
|3S^CV(4->12')>    0.08353
|3S^CV(4->13')>   -0.05149
|3S^CV(4->19')>   -0.08766
|3S^CV(4->20')>    0.07618
|3X^CV(18->11')>    0.14746
|3X^CV(17->11')>    0.14925
|3X^CV(15->9')>   -0.18617
|3X^CV(7->5')>   -0.17946
|3X^CV(7->17')>   -0.11162
|3X^CV(6->5')>    0.18680
|3X^CV(6->17')>    0.11666
|3X^CV(4->1')>    0.17607
|3X^CV(4->3')>    0.12678
|3X^CV(4->12')>    0.10421
|3X^CV(4->13')>   -0.08379
|3X^CV(4->18')>    0.06445
|3X^CV(4->19')>   -0.11951
|3X^CV(4->20')>    0.11207
TDMs with Triplet 'Ground' state
TDMX:-0.011   TDMY:-0.006   TDMZ:-0.006   Oscillator Strength:0.00002   <S**2>: 2.000
--------------------------------------------------------------------
TDMs with Singlet 'Ground' state
TDMX:0.000   TDMY:0.000   TDMZ:0.000   Oscillator Strength:0.00000   <S**2>: 2.000
--------------------------------------------------------------------


State 161 4.221 eV 
Excitation    CI Coef
|3^CS(5->0')>    0.20397
|3^SV(0'->10')>    0.16006
|3T^CV(12->10')>    0.05469
|3T^CV(11->10')>    0.12703
|3T^CV(10->10')>   -0.18735
|3T^CV(7->4')>   -0.26786
|3T^CV(6->4')>   -0.25890
|3T^CV(5->1')>    0.20687
|3T^CV(5->3')>   -0.17252
|3T^CV(5->12')>    0.17312
|3T^CV(5->13')>    0.13944
|3T^CV(3->10')>   -0.14822
|3T^CV(2->8')>   -0.05418
|3T^CV(1->8')>    0.38608
|3T^CV(1->9')>   -0.08969
|3S^CV(18->10')>   -0.10534
|3S^CV(17->10')>    0.10707
|3S^CV(16->8')>   -0.13335
|3S^CV(7->4')>    0.13437
|3S^CV(7->16')>    0.08302
|3S^CV(6->4')>    0.12998
|3S^CV(6->16')>    0.08047
|3S^CV(5->1')>   -0.10279
|3S^CV(5->3')>    0.09020
|3S^CV(5->12')>   -0.08396
|3S^CV(5->13')>   -0.05168
|3S^CV(5->19')>   -0.08819
|3S^CV(5->20')>   -0.07638
|3X^CV(18->10')>    0.14822
|3X^CV(17->10')>   -0.14986
|3X^CV(16->8')>    0.18694
|3X^CV(7->4')>   -0.18714
|3X^CV(7->16')>   -0.11643
|3X^CV(6->4')>   -0.18068
|3X^CV(6->16')>   -0.11286
|3X^CV(5->1')>    0.17698
|3X^CV(5->3')>   -0.12720
|3X^CV(5->12')>    0.10474
|3X^CV(5->13')>    0.08414
|3X^CV(5->18')>    0.06468
|3X^CV(5->19')>    0.12027
|3X^CV(5->20')>    0.11237
TDMs with Triplet 'Ground' state
TDMX:0.003   TDMY:0.006   TDMZ:0.007   Oscillator Strength:0.00001   <S**2>: 2.000
--------------------------------------------------------------------
TDMs with Singlet 'Ground' state
TDMX:0.000   TDMY:0.000   TDMZ:0.000   Oscillator Strength:0.00000   <S**2>: 2.000
--------------------------------------------------------------------


State 162 4.221 eV 
Excitation    CI Coef
|3^CS(7->0)>    0.07587
|3^CS(6->0)>   -0.12242
|3^CS(7->0')>   -0.08543
|3^CS(6->0')>   -0.12276
|3^SV(0->9')>   -0.10854
|3^SV(0'->8')>    0.11185
|3T^CV(11->8')>    0.06894
|3T^CV(11->9')>   -0.10594
|3T^CV(10->8')>   -0.16000
|3T^CV(10->9')>   -0.09465
|3T^CV(7->3')>    0.16902
|3T^CV(7->13')>   -0.13804
|3T^CV(6->1')>   -0.20119
|3T^CV(6->12')>   -0.17116
|3T^CV(5->4')>    0.26919
|3T^CV(4->5')>   -0.25848
|3T^CV(3->8')>   -0.08058
|3T^CV(3->9')>    0.12386
|3T^CV(2->11')>    0.27550
|3T^CV(1->10')>    0.28665
|3S^CV(18->8')>   -0.08980
|3S^CV(18->9')>   -0.05316
|3S^CV(17->8')>    0.05782
|3S^CV(17->9')>   -0.08921
|3S^CV(16->10')>   -0.09984
|3S^CV(15->11')>    0.09604
|3S^CV(7->1')>    0.10358
|3S^CV(7->12')>    0.08382
|3S^CV(7->20')>    0.07615
|3S^CV(6->3')>   -0.09048
|3S^CV(6->13')>    0.05183
|3S^CV(6->19')>    0.08813
|3S^CV(5->4')>   -0.13426
|3S^CV(5->16')>   -0.08377
|3S^CV(4->5')>   -0.12893
|3S^CV(4->17')>   -0.08048
|3X^CV(18->8')>    0.08012
|3X^CV(18->9')>   -0.12344
|3X^CV(17->8')>   -0.12786
|3X^CV(17->9')>   -0.07580
|3X^CV(16->10')>    0.13996
|3X^CV(15->11')>    0.13463
|3X^CV(7->3')>    0.12711
|3X^CV(7->13')>   -0.08439
|3X^CV(7->19')>   -0.11957
|3X^CV(6->1')>   -0.17591
|3X^CV(6->12')>   -0.10519
|3X^CV(6->18')>   -0.06489
|3X^CV(6->20')>   -0.11245
|3X^CV(5->4')>    0.18755
|3X^CV(5->16')>    0.11756
|3X^CV(4->5')>   -0.18015
|3X^CV(4->17')>   -0.11295
TDMs with Triplet 'Ground' state
TDMX:-0.006   TDMY:0.000   TDMZ:0.000   Oscillator Strength:0.00000   <S**2>: 2.000
--------------------------------------------------------------------
TDMs with Singlet 'Ground' state
TDMX:0.000   TDMY:0.000   TDMZ:0.000   Oscillator Strength:0.00000   <S**2>: 2.000
--------------------------------------------------------------------


State 163 4.223 eV 
Excitation    CI Coef
|3^CS(14->0)>   -0.07236
|3^CS(12->0)>   -0.18175
|3^CS(11->0)>    0.21341
|3^CS(10->0)>    0.06544
|3^CS(7->0)>   -0.05359
|3^CS(14->0')>   -0.07240
|3^CS(12->0')>    0.18177
|3^CS(11->0')>    0.21396
|3^CS(10->0')>   -0.06534
|3^CS(7->0')>   -0.05528
|3^SV(0->3')>   -0.19109
|3^SV(0->9')>    0.05249
|3^SV(0->13')>   -0.14540
|3^SV(0->14')>   -0.14915
|3^SV(0->15')>   -0.05692
|3^SV(0->20')>   -0.06087
|3^SV(0'->3')>    0.19148
|3^SV(0'->8')>    0.05390
|3^SV(0'->13')>    0.14554
|3^SV(0'->14')>   -0.14949
|3^SV(0'->15')>    0.05712
|3^SV(0'->20')>   -0.06091
|3T^CV(17->3')>    0.07045
|3T^CV(12->3')>   -0.09026
|3T^CV(12->13')>   -0.12535
|3T^CV(11->1')>    0.05440
|3T^CV(11->12')>   -0.05827
|3T^CV(11->14')>    0.13190
|3T^CV(10->3')>    0.12060
|3T^CV(10->9')>    0.06249
|3T^CV(10->13')>    0.08645
|3T^CV(9->6')>    0.06416
|3T^CV(8->7')>    0.06388
|3T^CV(7->1')>   -0.13170
|3T^CV(7->12')>   -0.07835
|3T^CV(6->3')>    0.09213
|3T^CV(6->13')>   -0.05824
|3T^CV(5->4')>    0.11561
|3T^CV(4->5')>    0.11415
|3T^CV(3->1')>   -0.21354
|3T^CV(2->11')>   -0.12018
|3T^CV(1->10')>    0.12173
|3S^CV(20->3')>   -0.06614
|3S^CV(19->1')>    0.15279
|3S^CV(18->13')>   -0.08387
|3S^CV(17->12')>    0.05614
|3S^CV(16->4')>   -0.06859
|3S^CV(15->5')>   -0.06849
|3S^CV(14->3')>    0.12953
|3S^CV(12->1')>   -0.11477
|3S^CV(12->12')>    0.07312
|3S^CV(5->4')>   -0.05954
|3S^CV(4->5')>    0.05881
|3S^CV(3->15')>   -0.07957
|3X^CV(20->1')>   -0.10532
|3X^CV(19->3')>    0.07772
|3X^CV(18->8')>    0.05942
|3X^CV(18->12')>    0.07256
|3X^CV(18->14')>   -0.07345
|3X^CV(17->9')>    0.05960
|3X^CV(17->13')>   -0.10655
|3X^CV(16->4')>    0.09512
|3X^CV(16->10')>    0.06784
|3X^CV(15->5')>   -0.09498
|3X^CV(15->11')>   -0.06707
|3X^CV(14->1')>   -0.10093
|3X^CV(14->12')>    0.07990
|3X^CV(14->14')>    0.06098
|3X^CV(13->2')>    0.06545
|3X^CV(11->1')>    0.07297
|3X^CV(11->14')>    0.06684
|3X^CV(7->1')>   -0.06695
|3X^CV(7->20')>   -0.05116
|3X^CV(6->19')>   -0.05718
|3X^CV(5->4')>    0.08264
|3X^CV(5->16')>    0.05525
|3X^CV(4->5')>    0.08162
|3X^CV(4->17')>    0.05460
|3X^CV(3->14')>    0.08835
|3X^CV(3->18')>    0.05420
|3X^CV(2->5')>   -0.07040
|3X^CV(2->17')>    0.05773
|3X^CV(1->4')>    0.07046
|3X^CV(1->16')>   -0.05784
TDMs with Triplet 'Ground' state
TDMX:0.445   TDMY:0.000   TDMZ:-0.000   Oscillator Strength:0.02046   <S**2>: 2.000
--------------------------------------------------------------------
TDMs with Singlet 'Ground' state
TDMX:0.000   TDMY:0.000   TDMZ:0.000   Oscillator Strength:0.00000   <S**2>: 2.000
--------------------------------------------------------------------


State 164 4.224 eV 
Excitation    CI Coef
|1^ZW->   -0.08445
|1^CS(14->0)>   -0.12454
|1^CS(12->0)>   -0.22535
|1^CS(11->0)>    0.24816
|1^CS(14->0')>    0.12443
|1^CS(12->0')>   -0.22469
|1^CS(11->0')>   -0.24807
|1^SV(0->1')>   -0.05993
|1^SV(0->3')>    0.15212
|1^SV(0->13')>    0.09035
|1^SV(0->14')>    0.19072
|1^SV(0->20')>    0.06630
|1^SV(0'->1')>   -0.05977
|1^SV(0'->3')>   -0.15172
|1^SV(0'->13')>   -0.09005
|1^SV(0'->14')>    0.19037
|1^SV(0'->20')>    0.06610
|1S^CV(18->14')>   -0.05011
|1S^CV(17->3')>   -0.05294
|1S^CV(14->14')>    0.05677
|1S^CV(12->3')>    0.07036
|1S^CV(12->13')>    0.12502
|1S^CV(11->12')>    0.06504
|1S^CV(11->14')>   -0.15299
|1S^CV(10->3')>   -0.10706
|1S^CV(10->9')>    0.06333
|1S^CV(10->13')>   -0.06889
|1S^CV(9->6')>   -0.07539
|1S^CV(8->7')>   -0.07505
|1S^CV(7->12')>   -0.05639
|1S^CV(5->4')>    0.08864
|1S^CV(4->5')>    0.09111
|1S^CV(3->1')>    0.27316
|1S^CV(3->8')>   -0.05367
|1S^CV(2->11')>   -0.09870
|1S^CV(1->10')>    0.09609
|1T^CV(19->1')>    0.10569
|1T^CV(18->9')>   -0.05161
|1T^CV(18->13')>   -0.14244
|1T^CV(17->8')>   -0.05257
|1T^CV(17->12')>    0.12315
|1T^CV(17->14')>   -0.10300
|1T^CV(16->4')>   -0.15345
|1T^CV(16->10')>    0.05306
|1T^CV(15->5')>   -0.15377
|1T^CV(15->11')>    0.05466
|1T^CV(14->3')>    0.13922
|1T^CV(12->1')>   -0.13486
|1T^CV(12->12')>    0.12985
|1T^CV(12->14')>    0.06156
|1T^CV(11->13')>    0.09899
|1T^CV(10->1')>    0.09935
|1T^CV(10->18')>   -0.06349
|1T^CV(7->3')>    0.06399
|1T^CV(7->19')>   -0.05387
|1T^CV(6->1')>   -0.08732
|1T^CV(5->4')>    0.07621
|1T^CV(4->5')>   -0.07825
|1T^CV(3->13')>    0.07232
|1T^CV(3->15')>   -0.06601
|1T^CV(3->19')>   -0.05147
|1T^CV(2->5')>   -0.09718
|1T^CV(2->17')>    0.09371
|1T^CV(1->4')>   -0.09698
|1T^CV(1->16')>    0.09357
TDMs with Triplet 'Ground' state
TDMX:0.000   TDMY:0.000   TDMZ:0.000   Oscillator Strength:0.00000   <S**2>: 0.000
--------------------------------------------------------------------
TDMs with Singlet 'Ground' state
TDMX:-0.718   TDMY:0.000   TDMZ:0.000   Oscillator Strength:0.05332   <S**2>: 0.000
--------------------------------------------------------------------


State 165 4.226 eV 
Excitation    CI Coef
|1^CS(4->0)>   -0.20955
|1^SV(0->11')>    0.16234
|1S^CV(12->11')>   -0.05201
|1S^CV(11->11')>    0.12373
|1S^CV(10->11')>    0.18321
|1S^CV(7->5')>   -0.25391
|1S^CV(6->5')>    0.26451
|1S^CV(4->1')>    0.19302
|1S^CV(4->3')>    0.17190
|1S^CV(4->12')>    0.17473
|1S^CV(4->13')>   -0.12821
|1S^CV(3->11')>   -0.14559
|1S^CV(2->8')>   -0.08988
|1S^CV(2->9')>   -0.38003
|1S^CV(1->9')>   -0.05599
|1T^CV(35->9')>   -0.05704
|1T^CV(18->11')>   -0.18689
|1T^CV(17->11')>   -0.18945
|1T^CV(15->8')>    0.05574
|1T^CV(15->9')>    0.23797
|1T^CV(7->5')>    0.21441
|1T^CV(7->17')>    0.14198
|1T^CV(6->5')>   -0.22354
|1T^CV(6->17')>   -0.14831
|1T^CV(4->1')>   -0.20573
|1T^CV(4->3')>   -0.15340
|1T^CV(4->12')>   -0.12678
|1T^CV(4->13')>    0.09308
|1T^CV(4->18')>   -0.08204
|1T^CV(4->19')>    0.15310
|1T^CV(4->20')>   -0.14062
TDMs with Triplet 'Ground' state
TDMX:0.000   TDMY:0.000   TDMZ:0.000   Oscillator Strength:0.00000   <S**2>: 0.000
--------------------------------------------------------------------
TDMs with Singlet 'Ground' state
TDMX:-0.014   TDMY:-0.004   TDMZ:-0.009   Oscillator Strength:0.00003   <S**2>: 0.000
--------------------------------------------------------------------


State 166 4.226 eV 
Excitation    CI Coef
|1^CS(5->0')>    0.21112
|1^SV(0'->10')>    0.16367
|1S^CV(12->10')>    0.05238
|1S^CV(11->10')>    0.12490
|1S^CV(10->10')>   -0.18461
|1S^CV(7->4')>   -0.26566
|1S^CV(6->4')>   -0.25668
|1S^CV(5->1')>    0.19464
|1S^CV(5->3')>   -0.17306
|1S^CV(5->12')>    0.17613
|1S^CV(5->13')>    0.12915
|1S^CV(3->10')>   -0.14673
|1S^CV(2->8')>   -0.05332
|1S^CV(1->8')>    0.38309
|1S^CV(1->9')>   -0.08873
|1T^CV(34->8')>    0.05744
|1T^CV(18->10')>    0.18862
|1T^CV(17->10')>   -0.19086
|1T^CV(16->8')>    0.23965
|1T^CV(16->9')>   -0.05623
|1T^CV(7->4')>   -0.22425
|1T^CV(7->16')>   -0.14852
|1T^CV(6->4')>   -0.21703
|1T^CV(6->16')>   -0.14398
|1T^CV(5->1')>    0.20751
|1T^CV(5->3')>   -0.15437
|1T^CV(5->12')>    0.12787
|1T^CV(5->13')>    0.09375
|1T^CV(5->18')>    0.08270
|1T^CV(5->19')>    0.15453
|1T^CV(5->20')>    0.14149
TDMs with Triplet 'Ground' state
TDMX:0.000   TDMY:0.000   TDMZ:0.000   Oscillator Strength:0.00000   <S**2>: 0.000
--------------------------------------------------------------------
TDMs with Singlet 'Ground' state
TDMX:0.004   TDMY:0.004   TDMZ:0.009   Oscillator Strength:0.00001   <S**2>: 0.000
--------------------------------------------------------------------


State 167 4.226 eV 
Excitation    CI Coef
|1^CS(7->0)>    0.11673
|1^CS(6->0)>   -0.10234
|1^CS(7->0')>    0.11243
|1^CS(6->0')>    0.08855
|1^SV(0->9')>    0.11672
|1^SV(0'->8')>   -0.10742
|1S^CV(11->8')>   -0.06101
|1S^CV(11->9')>    0.10779
|1S^CV(10->8')>    0.15124
|1S^CV(10->9')>    0.10251
|1S^CV(7->3')>   -0.16861
|1S^CV(7->13')>    0.12682
|1S^CV(6->1')>    0.18879
|1S^CV(6->12')>    0.17343
|1S^CV(5->4')>   -0.24950
|1S^CV(4->5')>    0.27134
|1S^CV(3->8')>    0.07206
|1S^CV(3->9')>   -0.12719
|1S^CV(2->11')>   -0.28923
|1S^CV(1->10')>   -0.26614
|1T^CV(18->8')>   -0.15403
|1T^CV(18->9')>   -0.10462
|1T^CV(17->8')>    0.09272
|1T^CV(17->9')>   -0.16456
|1T^CV(16->10')>   -0.16758
|1T^CV(15->11')>    0.18264
|1T^CV(7->1')>    0.20568
|1T^CV(7->12')>    0.12707
|1T^CV(7->18')>    0.08187
|1T^CV(7->20')>    0.14034
|1T^CV(6->3')>   -0.15437
|1T^CV(6->13')>    0.09393
|1T^CV(6->19')>    0.15395
|1T^CV(5->4')>   -0.20986
|1T^CV(5->16')>   -0.14017
|1T^CV(4->5')>   -0.22825
|1T^CV(4->17')>   -0.15251
TDMs with Triplet 'Ground' state
TDMX:0.000   TDMY:0.000   TDMZ:0.000   Oscillator Strength:0.00000   <S**2>: 0.000
--------------------------------------------------------------------
TDMs with Singlet 'Ground' state
TDMX:0.015   TDMY:-0.000   TDMZ:-0.001   Oscillator Strength:0.00002   <S**2>: 0.000
--------------------------------------------------------------------


State 168 4.227 eV 
Excitation    CI Coef
|1^CS(12->0)>   -0.07857
|1^CS(11->0)>    0.08324
|1^CS(7->0)>   -0.08149
|1^CS(6->0)>    0.10458
|1^CS(12->0')>   -0.07771
|1^CS(11->0')>   -0.08277
|1^CS(7->0')>    0.09715
|1^CS(6->0')>    0.11089
|1^SV(0->3')>    0.05189
|1^SV(0->9')>   -0.10231
|1^SV(0->14')>    0.06734
|1^SV(0'->3')>   -0.05127
|1^SV(0'->8')>   -0.11332
|1^SV(0'->14')>    0.06688
|1S^CV(11->8')>   -0.10180
|1S^CV(11->9')>   -0.05562
|1S^CV(11->14')>   -0.05459
|1S^CV(10->8')>    0.09695
|1S^CV(10->9')>   -0.13881
|1S^CV(7->1')>    0.19471
|1S^CV(7->12')>    0.16540
|1S^CV(6->3')>   -0.16524
|1S^CV(6->13')>    0.12005
|1S^CV(5->4')>   -0.25960
|1S^CV(4->5')>   -0.23317
|1S^CV(3->1')>    0.09864
|1S^CV(3->8')>    0.11758
|1S^CV(3->9')>    0.06418
|1S^CV(2->11')>    0.24479
|1S^CV(1->10')>   -0.27287
|1T^CV(18->8')>   -0.10197
|1T^CV(18->9')>    0.14631
|1T^CV(18->13')>   -0.05810
|1T^CV(17->8')>    0.15808
|1T^CV(17->9')>    0.08678
|1T^CV(17->12')>    0.05513
|1T^CV(16->4')>   -0.05133
|1T^CV(16->10')>   -0.17717
|1T^CV(15->5')>   -0.05183
|1T^CV(15->11')>   -0.15943
|1T^CV(14->3')>    0.05583
|1T^CV(7->3')>   -0.14151
|1T^CV(7->13')>    0.09124
|1T^CV(7->19')>    0.14499
|1T^CV(6->1')>    0.18897
|1T^CV(6->12')>    0.11920
|1T^CV(6->18')>    0.07937
|1T^CV(6->20')>    0.13404
|1T^CV(5->4')>   -0.21882
|1T^CV(5->16')>   -0.14733
|1T^CV(4->5')>    0.19659
|1T^CV(4->17')>    0.13244
TDMs with Triplet 'Ground' state
TDMX:0.000   TDMY:0.000   TDMZ:0.000   Oscillator Strength:0.00000   <S**2>: 0.000
--------------------------------------------------------------------
TDMs with Singlet 'Ground' state
TDMX:-0.267   TDMY:0.000   TDMZ:0.000   Oscillator Strength:0.00739   <S**2>: 0.000
--------------------------------------------------------------------


State 169 4.228 eV 
Excitation    CI Coef
|1^SV(0->2')>    0.33604
|1^SV(0'->2')>    0.33556
|1S^CV(20->2')>    0.09273
|1S^CV(18->2')>   -0.10000
|1S^CV(14->2')>    0.27738
|1S^CV(13->1')>   -0.51060
|1S^CV(13->12')>    0.11332
|1S^CV(13->14')>    0.13510
|1S^CV(11->2')>    0.15340
|1S^CV(3->2')>    0.37751
|1T^CV(29->2')>    0.09479
|1T^CV(23->2')>   -0.06476
|1T^CV(19->2')>   -0.09058
|1T^CV(17->2')>   -0.13542
|1T^CV(13->3')>   -0.08871
|1T^CV(13->15')>    0.11685
|1T^CV(13->21')>    0.08155
|1T^CV(12->2')>    0.36979
TDMs with Triplet 'Ground' state
TDMX:0.000   TDMY:0.000   TDMZ:0.000   Oscillator Strength:0.00000   <S**2>: 0.000
--------------------------------------------------------------------
TDMs with Singlet 'Ground' state
TDMX:-0.000   TDMY:-0.077   TDMZ:-0.007   Oscillator Strength:0.00062   <S**2>: 0.000
--------------------------------------------------------------------


State 170 4.232 eV 
Excitation    CI Coef
|3^CS(13->0)>   -0.08042
|3^CS(13->0')>    0.08035
|3^SV(0->2')>   -0.37592
|3^SV(0'->2')>    0.37540
|3T^CV(17->2')>    0.07531
|3T^CV(12->2')>   -0.18626
|3S^CV(20->2')>    0.09854
|3S^CV(18->2')>   -0.11041
|3S^CV(14->2')>    0.29844
|3S^CV(13->1')>   -0.34247
|3S^CV(13->12')>    0.08032
|3S^CV(13->14')>    0.07654
|3S^CV(11->2')>    0.15281
|3S^CV(3->2')>    0.39712
|3X^CV(29->2')>    0.11244
|3X^CV(27->2')>   -0.05074
|3X^CV(25->2')>    0.05084
|3X^CV(23->2')>   -0.07416
|3X^CV(19->2')>   -0.10560
|3X^CV(17->2')>   -0.12888
|3X^CV(13->3')>   -0.12737
|3X^CV(13->13')>   -0.07484
|3X^CV(13->15')>    0.13396
|3X^CV(13->21')>    0.10044
|3X^CV(12->2')>    0.35987
TDMs with Triplet 'Ground' state
TDMX:-0.000   TDMY:0.000   TDMZ:-0.000   Oscillator Strength:0.00000   <S**2>: 2.000
--------------------------------------------------------------------
TDMs with Singlet 'Ground' state
TDMX:0.000   TDMY:0.000   TDMZ:0.000   Oscillator Strength:0.00000   <S**2>: 2.000
--------------------------------------------------------------------


State 171 4.320 eV 
Excitation    CI Coef
|1^ZW+>    0.17316
|1^CS(20->0)>   -0.06809
|1^CS(19->0)>    0.06566
|1^CS(12->0)>   -0.18701
|1^CS(11->0)>    0.13056
|1^CS(10->0)>    0.08212
|1^CS(3->0)>    0.08654
|1^CS(20->0')>   -0.06810
|1^CS(19->0')>   -0.06569
|1^CS(12->0')>    0.18718
|1^CS(11->0')>    0.13109
|1^CS(10->0')>   -0.08198
|1^CS(3->0')>    0.08705
|1^SV(0->1')>   -0.12485
|1^SV(0->3')>    0.18947
|1^SV(0->14')>    0.20560
|1^SV(0->15')>    0.08105
|1^SV(0->18')>   -0.06263
|1^SV(0->20')>    0.08674
|1^SV(0'->1')>    0.12480
|1^SV(0'->3')>    0.18948
|1^SV(0'->14')>   -0.20574
|1^SV(0'->15')>    0.08125
|1^SV(0'->18')>    0.06266
|1^SV(0'->20')>   -0.08673
|1S^CV(18->3')>   -0.05604
|1S^CV(12->14')>    0.13275
|1S^CV(11->3')>   -0.15373
|1S^CV(11->13')>   -0.07736
|1S^CV(10->1')>   -0.11303
|1S^CV(9->7')>   -0.05462
|1S^CV(8->6')>   -0.05497
|1T^CV(33->3')>    0.07350
|1T^CV(32->1')>    0.06961
|1T^CV(20->1')>   -0.28470
|1T^CV(19->3')>    0.24015
|1T^CV(19->13')>    0.10275
|1T^CV(18->1')>    0.07311
|1T^CV(18->12')>    0.05138
|1T^CV(18->14')>   -0.12995
|1T^CV(17->13')>   -0.06672
|1T^CV(16->4')>    0.10571
|1T^CV(15->5')>   -0.10556
|1T^CV(14->1')>   -0.10253
|1T^CV(14->12')>    0.14220
|1T^CV(14->14')>    0.21251
|1T^CV(13->2')>    0.10024
|1T^CV(12->3')>    0.08237
|1T^CV(12->13')>   -0.11915
|1T^CV(12->15')>    0.10519
|1T^CV(12->21')>   -0.07382
|1T^CV(11->1')>    0.15237
|1T^CV(11->14')>    0.06338
|1T^CV(11->18')>    0.06009
|1T^CV(11->20')>   -0.06962
|1T^CV(10->15')>    0.07829
|1T^CV(3->1')>   -0.10952
|1T^CV(3->14')>    0.12454
|1T^CV(3->18')>    0.14419
|1T^CV(2->5')>   -0.11665
|1T^CV(2->17')>    0.06771
|1T^CV(1->4')>    0.11669
|1T^CV(1->16')>   -0.06782
TDMs with Triplet 'Ground' state
TDMX:0.000   TDMY:0.000   TDMZ:0.000   Oscillator Strength:0.00000   <S**2>: 0.000
--------------------------------------------------------------------
TDMs with Singlet 'Ground' state
TDMX:0.001   TDMY:-0.000   TDMZ:-0.000   Oscillator Strength:0.00000   <S**2>: 0.000
--------------------------------------------------------------------


State 172 4.340 eV 
Excitation    CI Coef
|3^CS(19->0)>   -0.05817
|3^CS(14->0)>   -0.05758
|3^CS(11->0)>   -0.08718
|3^CS(3->0)>   -0.22415
|3^CS(19->0')>   -0.05827
|3^CS(14->0')>    0.05773
|3^CS(11->0')>    0.08713
|3^CS(3->0')>    0.22421
|3^SV(0->3')>   -0.19952
|3^SV(0->12')>    0.07055
|3^SV(0->13')>   -0.18788
|3^SV(0->14')>   -0.12215
|3^SV(0'->3')>   -0.20004
|3^SV(0'->12')>   -0.07042
|3^SV(0'->13')>   -0.18802
|3^SV(0'->14')>    0.12240
|3T^CV(18->3')>    0.06845
|3T^CV(18->13')>    0.05976
|3T^CV(11->3')>    0.08211
|3T^CV(11->13')>    0.07099
|3T^CV(10->1')>    0.12936
|3T^CV(10->14')>    0.07981
|3T^CV(6->1')>    0.05363
|3T^CV(3->3')>   -0.10874
|3T^CV(3->13')>   -0.14286
|3S^CV(14->1')>   -0.15867
|3S^CV(10->3')>   -0.18057
|3S^CV(3->1')>    0.15883
|3S^CV(3->12')>    0.09333
|3X^CV(20->3')>    0.06548
|3X^CV(19->1')>   -0.14714
|3X^CV(19->14')>   -0.08776
|3X^CV(14->3')>   -0.20514
|3X^CV(12->1')>   -0.27014
|3X^CV(12->12')>   -0.05280
|3X^CV(12->18')>    0.05877
|3X^CV(11->3')>   -0.22405
|3X^CV(11->13')>   -0.15703
|3X^CV(10->1')>   -0.38452
|3X^CV(10->14')>   -0.09613
|3X^CV(10->18')>    0.06367
|3X^CV(3->3')>    0.08794
|3X^CV(3->13')>   -0.11176
|3X^CV(3->15')>    0.08211
TDMs with Triplet 'Ground' state
TDMX:0.001   TDMY:-0.000   TDMZ:-0.000   Oscillator Strength:0.00000   <S**2>: 2.000
--------------------------------------------------------------------
TDMs with Singlet 'Ground' state
TDMX:0.000   TDMY:0.000   TDMZ:0.000   Oscillator Strength:0.00000   <S**2>: 2.000
--------------------------------------------------------------------


State 173 4.368 eV 
Excitation    CI Coef
|3^SV(0->2')>   -0.36862
|3^SV(0'->2')>   -0.36935
|3T^CV(20->2')>   -0.06225
|3T^CV(18->2')>    0.10253
|3T^CV(14->2')>   -0.20740
|3T^CV(13->1')>    0.30984
|3T^CV(13->12')>   -0.06262
|3T^CV(13->14')>   -0.08661
|3T^CV(3->2')>   -0.20307
|3S^CV(29->2')>    0.12075
|3S^CV(27->2')>   -0.05463
|3S^CV(25->2')>    0.05475
|3S^CV(23->2')>   -0.07650
|3S^CV(19->2')>   -0.11640
|3S^CV(17->2')>   -0.10551
|3S^CV(13->3')>   -0.12838
|3S^CV(13->13')>   -0.06229
|3S^CV(13->15')>    0.14383
|3S^CV(13->21')>    0.10290
|3S^CV(12->2')>    0.31715
|3X^CV(20->2')>    0.09651
|3X^CV(18->2')>   -0.14784
|3X^CV(14->2')>    0.31757
|3X^CV(13->1')>   -0.22318
|3X^CV(3->2')>    0.34293
TDMs with Triplet 'Ground' state
TDMX:0.000   TDMY:0.110   TDMZ:0.027   Oscillator Strength:0.00138   <S**2>: 2.000
--------------------------------------------------------------------
TDMs with Singlet 'Ground' state
TDMX:0.000   TDMY:0.000   TDMZ:0.000   Oscillator Strength:0.00000   <S**2>: 2.000
--------------------------------------------------------------------


State 174 4.405 eV 
Excitation    CI Coef
|3^CS(12->0)>    0.05269
|3^CS(11->0)>   -0.07626
|3^CS(10->0)>    0.05911
|3^CS(3->0)>   -0.14809
|3^CS(12->0')>   -0.05254
|3^CS(11->0')>   -0.07611
|3^CS(10->0')>   -0.05924
|3^CS(3->0')>   -0.14797
|3^SV(0->1')>    0.07219
|3^SV(0->3')>   -0.18274
|3^SV(0->12')>    0.10609
|3^SV(0->13')>   -0.20112
|3^SV(0->14')>   -0.10391
|3^SV(0'->1')>    0.07224
|3^SV(0'->3')>    0.18286
|3^SV(0'->12')>    0.10581
|3^SV(0'->13')>    0.20081
|3^SV(0'->14')>   -0.10386
|3T^CV(17->13')>    0.06089
|3T^CV(12->3')>   -0.11158
|3T^CV(12->13')>   -0.07899
|3T^CV(11->1')>    0.09845
|3T^CV(11->12')>   -0.06599
|3T^CV(10->13')>    0.09901
|3T^CV(7->8')>   -0.06101
|3T^CV(6->9')>    0.06081
|3T^CV(5->10')>    0.07151
|3T^CV(4->11')>    0.07154
|3T^CV(3->1')>    0.25936
|3T^CV(3->14')>   -0.08611
|3S^CV(20->3')>    0.09276
|3S^CV(19->1')>   -0.20906
|3S^CV(19->14')>   -0.08960
|3S^CV(14->3')>   -0.21331
|3S^CV(14->21')>    0.05380
|3S^CV(12->1')>   -0.18033
|3S^CV(12->12')>   -0.07548
|3S^CV(12->18')>    0.07100
|3S^CV(12->20')>   -0.05128
|3S^CV(11->3')>   -0.20945
|3S^CV(11->13')>   -0.13395
|3S^CV(11->15')>    0.06125
|3S^CV(10->1')>   -0.24105
|3S^CV(10->12')>   -0.05632
|3S^CV(10->14')>   -0.07044
|3S^CV(10->18')>    0.07248
|3S^CV(3->13')>   -0.09297
|3S^CV(3->15')>    0.11665
|3X^CV(18->1')>    0.05259
|3X^CV(17->3')>   -0.06165
|3X^CV(14->1')>   -0.23524
|3X^CV(12->13')>    0.08687
|3X^CV(11->12')>    0.05912
|3X^CV(10->3')>   -0.21852
|3X^CV(3->1')>    0.20243
|3X^CV(3->12')>    0.12637
|3X^CV(2->5')>    0.07445
|3X^CV(1->4')>   -0.07423
TDMs with Triplet 'Ground' state
TDMX:-0.525   TDMY:0.000   TDMZ:-0.000   Oscillator Strength:0.02979   <S**2>: 2.000
--------------------------------------------------------------------
TDMs with Singlet 'Ground' state
TDMX:0.000   TDMY:0.000   TDMZ:0.000   Oscillator Strength:0.00000   <S**2>: 2.000
--------------------------------------------------------------------


State 175 4.409 eV 
Excitation    CI Coef
|1^ZW+>   -0.06577
|1^CS(20->0)>   -0.05463
|1^CS(19->0)>    0.08386
|1^CS(14->0)>    0.09791
|1^CS(11->0)>    0.09474
|1^CS(10->0)>   -0.08461
|1^CS(3->0)>    0.08894
|1^CS(20->0')>   -0.05454
|1^CS(19->0')>   -0.08358
|1^CS(14->0')>    0.09787
|1^CS(11->0')>    0.09446
|1^CS(10->0')>    0.08488
|1^CS(3->0')>    0.08771
|1^SV(0->1')>    0.07825
|1^SV(0->3')>   -0.18626
|1^SV(0->12')>    0.05735
|1^SV(0->13')>   -0.12966
|1^SV(0->14')>   -0.20482
|1^SV(0'->1')>   -0.07797
|1^SV(0'->3')>   -0.18580
|1^SV(0'->12')>   -0.05649
|1^SV(0'->13')>   -0.12878
|1^SV(0'->14')>    0.20411
|1S^CV(18->3')>    0.06425
|1S^CV(18->13')>    0.05018
|1S^CV(17->14')>    0.06060
|1S^CV(12->1')>    0.16182
|1S^CV(12->14')>   -0.07977
|1S^CV(11->3')>    0.08730
|1S^CV(11->13')>    0.05346
|1S^CV(10->1')>    0.30162
|1S^CV(10->12')>   -0.06505
|1S^CV(10->14')>    0.09647
|1S^CV(6->1')>    0.07247
|1S^CV(3->3')>   -0.13292
|1S^CV(3->13')>   -0.10541
|1T^CV(20->1')>   -0.11014
|1T^CV(20->14')>   -0.09281
|1T^CV(19->3')>    0.19069
|1T^CV(19->13')>    0.08303
|1T^CV(18->1')>   -0.06303
|1T^CV(17->3')>    0.09592
|1T^CV(14->1')>    0.36738
|1T^CV(14->14')>    0.08429
|1T^CV(12->13')>   -0.06235
|1T^CV(12->15')>    0.06515
|1T^CV(12->21')>   -0.07649
|1T^CV(11->1')>    0.06427
|1T^CV(11->14')>    0.18072
|1T^CV(10->3')>    0.26305
|1T^CV(10->15')>    0.06244
|1T^CV(7->1')>   -0.12995
|1T^CV(6->3')>    0.05227
|1T^CV(3->1')>   -0.25760
|1T^CV(3->12')>   -0.08696
|1T^CV(3->18')>    0.10755
TDMs with Triplet 'Ground' state
TDMX:0.000   TDMY:0.000   TDMZ:0.000   Oscillator Strength:0.00000   <S**2>: 0.000
--------------------------------------------------------------------
TDMs with Singlet 'Ground' state
TDMX:-0.001   TDMY:-0.000   TDMZ:-0.000   Oscillator Strength:0.00000   <S**2>: 0.000
--------------------------------------------------------------------


State 176 4.417 eV 
Excitation    CI Coef
|3^CS(5->0)>    0.09950
|3^CS(1->0)>    0.31449
|3^CS(16->0')>   -0.05862
|3^SV(0'->4')>   -0.09124
|3T^CV(5->1')>    0.08645
|3T^CV(2->1')>   -0.07182
|3T^CV(1->1')>    0.30760
|3T^CV(1->3')>   -0.09296
|3T^CV(1->14')>    0.05081
|3S^CV(16->1')>    0.08100
|3S^CV(16->3')>   -0.05652
|3S^CV(5->1')>    0.15765
|3S^CV(1->1')>    0.45699
|3S^CV(1->3')>   -0.12275
|3S^CV(1->8')>   -0.05478
|3S^CV(1->12')>   -0.09443
|3S^CV(1->13')>   -0.06454
|3S^CV(1->14')>    0.11766
|3X^CV(18->10')>   -0.05943
|3X^CV(17->10')>    0.06038
|3X^CV(16->1')>    0.08143
|3X^CV(16->3')>   -0.06963
|3X^CV(16->8')>   -0.08519
|3X^CV(16->12')>    0.06577
|3X^CV(16->13')>    0.05209
|3X^CV(5->1')>    0.18316
|3X^CV(5->3')>   -0.05681
|3X^CV(2->1')>   -0.12067
|3X^CV(1->1')>    0.51935
|3X^CV(1->3')>   -0.16493
|3X^CV(1->14')>    0.09599
|3X^CV(1->19')>   -0.06177
TDMs with Triplet 'Ground' state
TDMX:0.000   TDMY:0.171   TDMZ:0.031   Oscillator Strength:0.00326   <S**2>: 2.000
--------------------------------------------------------------------
TDMs with Singlet 'Ground' state
TDMX:0.000   TDMY:0.000   TDMZ:0.000   Oscillator Strength:0.00000   <S**2>: 2.000
--------------------------------------------------------------------


State 177 4.417 eV 
Excitation    CI Coef
|3^CS(15->0)>    0.05872
|3^CS(4->0')>    0.09960
|3^CS(2->0')>   -0.31457
|3^SV(0->5')>   -0.09143
|3T^CV(4->1')>    0.08657
|3T^CV(2->1')>   -0.30775
|3T^CV(2->3')>   -0.09304
|3T^CV(2->14')>   -0.05081
|3T^CV(1->1')>   -0.07102
|3S^CV(15->1')>    0.08090
|3S^CV(15->3')>    0.05654
|3S^CV(4->1')>   -0.15744
|3S^CV(2->1')>    0.45655
|3S^CV(2->3')>    0.12265
|3S^CV(2->9')>   -0.05498
|3S^CV(2->12')>   -0.09453
|3S^CV(2->13')>    0.06458
|3S^CV(2->14')>    0.11760
|3X^CV(18->11')>   -0.05958
|3X^CV(17->11')>   -0.06059
|3X^CV(15->1')>   -0.08140
|3X^CV(15->3')>   -0.06975
|3X^CV(15->9')>    0.08534
|3X^CV(15->12')>   -0.06583
|3X^CV(15->13')>    0.05222
|3X^CV(4->1')>    0.18338
|3X^CV(4->3')>    0.05700
|3X^CV(2->1')>   -0.51926
|3X^CV(2->3')>   -0.16516
|3X^CV(2->14')>   -0.09593
|3X^CV(2->19')>   -0.06180
|3X^CV(1->1')>   -0.12044
TDMs with Triplet 'Ground' state
TDMX:0.000   TDMY:-0.203   TDMZ:-0.038   Oscillator Strength:0.00460   <S**2>: 2.000
--------------------------------------------------------------------
TDMs with Singlet 'Ground' state
TDMX:0.000   TDMY:0.000   TDMZ:0.000   Oscillator Strength:0.00000   <S**2>: 2.000
--------------------------------------------------------------------


State 178 4.420 eV 
Excitation    CI Coef
|1^CS(13->0)>    0.05775
|1^CS(13->0')>    0.05776
|1^SV(0->2')>   -0.44346
|1^SV(0'->2')>    0.44398
|1S^CV(17->2')>    0.09986
|1S^CV(12->2')>   -0.25922
|1T^CV(20->2')>   -0.13094
|1T^CV(18->2')>    0.21816
|1T^CV(14->2')>   -0.44196
|1T^CV(13->1')>    0.23504
|1T^CV(13->12')>   -0.05505
|1T^CV(3->2')>   -0.43814
TDMs with Triplet 'Ground' state
TDMX:0.000   TDMY:0.000   TDMZ:0.000   Oscillator Strength:0.00000   <S**2>: 0.000
--------------------------------------------------------------------
TDMs with Singlet 'Ground' state
TDMX:0.000   TDMY:-0.000   TDMZ:-0.000   Oscillator Strength:0.00000   <S**2>: 0.000
--------------------------------------------------------------------


State 179 4.426 eV 
Excitation    CI Coef
|1^ZW->    0.14678
|1^CS(18->0)>   -0.05035
|1^CS(3->0)>    0.21024
|1^CS(18->0')>    0.05040
|1^CS(3->0')>   -0.21068
|1^SV(0->1')>    0.10151
|1^SV(0->3')>   -0.14415
|1^SV(0->12')>    0.10699
|1^SV(0->13')>   -0.12285
|1^SV(0->14')>   -0.19771
|1^SV(0'->1')>    0.10217
|1^SV(0'->3')>    0.14556
|1^SV(0'->12')>    0.10697
|1^SV(0'->13')>    0.12328
|1^SV(0'->14')>   -0.19922
|1S^CV(18->14')>    0.05565
|1S^CV(12->3')>   -0.09364
|1S^CV(12->13')>   -0.05862
|1S^CV(11->1')>    0.11278
|1S^CV(11->12')>   -0.08092
|1S^CV(11->14')>    0.07021
|1S^CV(10->13')>    0.06186
|1S^CV(7->8')>   -0.06596
|1S^CV(6->9')>    0.06561
|1S^CV(5->10')>    0.07688
|1S^CV(4->11')>    0.07673
|1S^CV(3->1')>    0.27426
|1S^CV(3->12')>    0.05288
|1S^CV(3->14')>   -0.08398
|1T^CV(20->3')>   -0.07626
|1T^CV(19->1')>    0.13887
|1T^CV(19->14')>    0.09442
|1T^CV(17->14')>    0.05675
|1T^CV(14->3')>    0.19216
|1T^CV(12->1')>    0.34947
|1T^CV(12->12')>    0.07240
|1T^CV(12->14')>   -0.10916
|1T^CV(12->18')>   -0.05205
|1T^CV(11->3')>    0.21714
|1T^CV(11->13')>    0.10912
|1T^CV(10->1')>    0.37548
|1T^CV(10->14')>    0.07897
|1T^CV(10->18')>   -0.06529
|1T^CV(6->1')>    0.05889
|1T^CV(3->13')>    0.16729
|1T^CV(3->15')>   -0.05574
|1T^CV(3->19')>   -0.06401
|1T^CV(2->5')>   -0.07183
|1T^CV(1->4')>   -0.07153
TDMs with Triplet 'Ground' state
TDMX:0.000   TDMY:0.000   TDMZ:0.000   Oscillator Strength:0.00000   <S**2>: 0.000
--------------------------------------------------------------------
TDMs with Singlet 'Ground' state
TDMX:-0.532   TDMY:0.000   TDMZ:-0.000   Oscillator Strength:0.03068   <S**2>: 0.000
--------------------------------------------------------------------


State 180 4.468 eV 
Excitation    CI Coef
|3^CS(7->0)>   -0.15395
|3^CS(7->0')>   -0.15281
|3^SV(0->9')>   -0.13784
|3^SV(0'->8')>   -0.14955
|3T^CV(7->1')>   -0.19811
|3T^CV(7->12')>    0.08599
|3T^CV(7->14')>   -0.06527
|3T^CV(6->13')>    0.06512
|3T^CV(5->4')>   -0.05314
|3S^CV(10->8')>    0.08153
|3S^CV(7->3')>   -0.06321
|3S^CV(6->12')>    0.08151
|3S^CV(5->4')>   -0.11754
|3S^CV(4->5')>    0.10929
|3S^CV(3->9')>   -0.07298
|3S^CV(2->11')>   -0.17279
|3S^CV(1->10')>   -0.18590
|3X^CV(34->10')>   -0.05095
|3X^CV(18->8')>   -0.19468
|3X^CV(18->9')>   -0.11080
|3X^CV(17->8')>    0.12717
|3X^CV(17->9')>   -0.18902
|3X^CV(16->10')>   -0.22752
|3X^CV(15->11')>    0.21104
|3X^CV(14->8')>   -0.05514
|3X^CV(12->9')>   -0.05649
|3X^CV(11->8')>    0.07989
|3X^CV(10->8')>   -0.06670
|3X^CV(10->9')>    0.09933
|3X^CV(7->1')>   -0.43234
|3X^CV(7->14')>   -0.07290
|3X^CV(7->18')>    0.09605
|3X^CV(7->20')>    0.09659
|3X^CV(6->3')>    0.18933
|3X^CV(6->19')>    0.14803
|3X^CV(5->4')>    0.16249
|3X^CV(5->16')>   -0.16792
|3X^CV(4->5')>    0.15099
|3X^CV(4->17')>   -0.15578
|3X^CV(3->8')>   -0.08237
|3X^CV(2->11')>   -0.17259
|3X^CV(1->10')>    0.18576
TDMs with Triplet 'Ground' state
TDMX:-0.400   TDMY:-0.000   TDMZ:0.004   Oscillator Strength:0.01748   <S**2>: 2.000
--------------------------------------------------------------------
TDMs with Singlet 'Ground' state
TDMX:0.000   TDMY:0.000   TDMZ:0.000   Oscillator Strength:0.00000   <S**2>: 2.000
--------------------------------------------------------------------


State 181 4.468 eV 
Excitation    CI Coef
|1^CS(5->0)>    0.07923
|1^CS(4->0)>   -0.07890
|1^CS(1->0)>    0.05364
|1^CS(16->0')>   -0.06624
|1^CS(5->0')>    0.11865
|1^CS(4->0')>   -0.05624
|1^SV(0->5')>   -0.07269
|1^SV(0->11')>   -0.10583
|1^SV(0'->4')>   -0.11750
|1^SV(0'->10')>   -0.16869
|1S^CV(11->4')>    0.05004
|1S^CV(5->1')>    0.08511
|1S^CV(5->13')>   -0.06809
|1S^CV(2->1')>   -0.11316
|1S^CV(1->1')>    0.13561
|1S^CV(1->3')>   -0.08235
|1T^CV(18->10')>   -0.14774
|1T^CV(18->11')>    0.10092
|1T^CV(17->10')>    0.15632
|1T^CV(17->11')>    0.08912
|1T^CV(16->1')>    0.05445
|1T^CV(16->3')>   -0.05692
|1T^CV(16->8')>   -0.19384
|1T^CV(16->12')>    0.06715
|1T^CV(16->13')>    0.05724
|1T^CV(15->9')>   -0.12091
|1T^CV(11->10')>    0.07531
|1T^CV(11->11')>   -0.05142
|1T^CV(10->10')>   -0.12381
|1T^CV(10->11')>   -0.07074
|1T^CV(7->4')>   -0.16259
|1T^CV(7->5')>    0.09089
|1T^CV(7->16')>    0.10931
|1T^CV(7->17')>   -0.06557
|1T^CV(6->4')>   -0.14753
|1T^CV(6->5')>   -0.10318
|1T^CV(6->16')>    0.10309
|1T^CV(6->17')>    0.06721
|1T^CV(5->1')>    0.34173
|1T^CV(5->3')>   -0.17180
|1T^CV(5->14')>    0.05103
|1T^CV(5->18')>   -0.06143
|1T^CV(5->19')>   -0.09592
|1T^CV(5->20')>   -0.05772
|1T^CV(4->1')>   -0.23294
|1T^CV(4->3')>   -0.09838
|1T^CV(4->19')>   -0.05470
|1T^CV(3->10')>   -0.09708
|1T^CV(3->11')>    0.06645
|1T^CV(2->1')>    0.12503
|1T^CV(2->3')>    0.09875
|1T^CV(2->9')>    0.18101
|1T^CV(1->1')>    0.28586
|1T^CV(1->3')>   -0.11757
|1T^CV(1->8')>    0.27993
|1T^CV(1->12')>    0.07105
TDMs with Triplet 'Ground' state
TDMX:0.000   TDMY:0.000   TDMZ:0.000   Oscillator Strength:0.00000   <S**2>: 0.000
--------------------------------------------------------------------
TDMs with Singlet 'Ground' state
TDMX:0.000   TDMY:0.018   TDMZ:0.107   Oscillator Strength:0.00129   <S**2>: 0.000
--------------------------------------------------------------------


State 182 4.468 eV 
Excitation    CI Coef
|1^CS(15->0)>   -0.06648
|1^CS(5->0)>   -0.05592
|1^CS(4->0)>   -0.11864
|1^CS(5->0')>   -0.07825
|1^CS(4->0')>   -0.07918
|1^CS(2->0')>    0.05388
|1^SV(0->5')>   -0.11792
|1^SV(0->11')>   -0.16854
|1^SV(0'->4')>    0.07393
|1^SV(0'->10')>    0.10508
|1S^CV(11->5')>    0.05004
|1S^CV(4->1')>    0.08529
|1S^CV(4->13')>    0.06786
|1S^CV(2->1')>   -0.13539
|1S^CV(2->3')>   -0.08269
|1S^CV(1->1')>   -0.11552
|1T^CV(18->10')>    0.10053
|1T^CV(18->11')>    0.14753
|1T^CV(17->10')>   -0.08873
|1T^CV(17->11')>    0.15634
|1T^CV(16->8')>    0.12116
|1T^CV(15->1')>    0.05446
|1T^CV(15->3')>    0.05708
|1T^CV(15->9')>   -0.19401
|1T^CV(15->12')>    0.06729
|1T^CV(15->13')>   -0.05745
|1T^CV(11->10')>   -0.05120
|1T^CV(11->11')>   -0.07511
|1T^CV(10->10')>    0.07004
|1T^CV(10->11')>   -0.12368
|1T^CV(7->4')>    0.09369
|1T^CV(7->5')>    0.15666
|1T^CV(7->16')>   -0.06781
|1T^CV(7->17')>   -0.10530
|1T^CV(6->4')>    0.09916
|1T^CV(6->5')>   -0.15355
|1T^CV(6->16')>   -0.06448
|1T^CV(6->17')>    0.10704
|1T^CV(5->1')>   -0.23201
|1T^CV(5->3')>    0.09761
|1T^CV(5->19')>    0.05459
|1T^CV(4->1')>   -0.34141
|1T^CV(4->3')>   -0.17185
|1T^CV(4->14')>   -0.05101
|1T^CV(4->18')>    0.06148
|1T^CV(4->19')>   -0.09571
|1T^CV(4->20')>    0.05781
|1T^CV(3->10')>    0.06597
|1T^CV(3->11')>    0.09701
|1T^CV(2->1')>    0.28681
|1T^CV(2->3')>    0.11794
|1T^CV(2->8')>    0.08854
|1T^CV(2->9')>    0.26813
|1T^CV(2->12')>    0.07126
|1T^CV(1->1')>   -0.12736
|1T^CV(1->3')>    0.09996
|1T^CV(1->8')>   -0.16107
|1T^CV(1->9')>    0.07943
TDMs with Triplet 'Ground' state
TDMX:0.000   TDMY:0.000   TDMZ:0.000   Oscillator Strength:0.00000   <S**2>: 0.000
--------------------------------------------------------------------
TDMs with Singlet 'Ground' state
TDMX:0.002   TDMY:-0.073   TDMZ:-0.464   Oscillator Strength:0.02419   <S**2>: 0.000
--------------------------------------------------------------------


State 183 4.469 eV 
Excitation    CI Coef
|3^CS(6->0)>    0.15352
|3^CS(6->0')>    0.15407
|3^SV(0->9')>   -0.15064
|3^SV(0'->8')>    0.13854
|3T^CV(7->13')>   -0.06493
|3T^CV(6->1')>    0.19705
|3T^CV(6->12')>   -0.08616
|3T^CV(6->14')>    0.06552
|3T^CV(4->5')>   -0.05383
|3S^CV(10->9')>    0.08202
|3S^CV(7->12')>   -0.08072
|3S^CV(6->3')>    0.06523
|3S^CV(5->4')>    0.10964
|3S^CV(4->5')>    0.11823
|3S^CV(3->8')>   -0.07350
|3S^CV(2->11')>   -0.18418
|3S^CV(1->10')>    0.17083
|3X^CV(35->11')>   -0.05091
|3X^CV(18->8')>    0.11102
|3X^CV(18->9')>   -0.19450
|3X^CV(17->8')>   -0.18901
|3X^CV(17->9')>   -0.12715
|3X^CV(16->10')>    0.21093
|3X^CV(15->11')>    0.22695
|3X^CV(14->9')>   -0.05482
|3X^CV(12->8')>   -0.05617
|3X^CV(11->9')>    0.07983
|3X^CV(10->8')>    0.10003
|3X^CV(10->9')>    0.06741
|3X^CV(7->3')>   -0.18836
|3X^CV(7->19')>   -0.14750
|3X^CV(6->1')>    0.43180
|3X^CV(6->14')>    0.07314
|3X^CV(6->18')>   -0.09530
|3X^CV(6->20')>   -0.09680
|3X^CV(5->4')>   -0.15275
|3X^CV(5->16')>    0.15577
|3X^CV(4->5')>    0.16461
|3X^CV(4->17')>   -0.16763
|3X^CV(3->9')>   -0.08334
|3X^CV(2->11')>   -0.18936
|3X^CV(1->10')>   -0.17572
TDMs with Triplet 'Ground' state
TDMX:-0.015   TDMY:0.000   TDMZ:0.002   Oscillator Strength:0.00003   <S**2>: 2.000
--------------------------------------------------------------------
TDMs with Singlet 'Ground' state
TDMX:0.000   TDMY:0.000   TDMZ:0.000   Oscillator Strength:0.00000   <S**2>: 2.000
--------------------------------------------------------------------


State 184 4.470 eV 
Excitation    CI Coef
|3^CS(5->0)>    0.05799
|3^CS(4->0)>    0.06445
|3^CS(16->0')>   -0.05167
|3^CS(5->0')>    0.11916
|3^SV(0->11')>   -0.09713
|3^SV(0'->4')>   -0.08918
|3^SV(0'->10')>   -0.17257
|3T^CV(5->1')>    0.16102
|3T^CV(5->12')>   -0.05672
|3T^CV(5->13')>   -0.05882
|3T^CV(4->1')>    0.08201
|3T^CV(2->1')>   -0.11027
|3T^CV(1->1')>    0.14717
|3T^CV(1->3')>   -0.08550
|3S^CV(18->10')>    0.11391
|3S^CV(18->11')>   -0.06984
|3S^CV(17->10')>   -0.12192
|3S^CV(17->11')>   -0.06180
|3S^CV(16->1')>   -0.06176
|3S^CV(16->3')>    0.06191
|3S^CV(16->8')>    0.15913
|3S^CV(16->12')>   -0.06170
|3S^CV(15->9')>    0.08854
|3S^CV(10->10')>    0.06898
|3S^CV(7->4')>    0.09519
|3S^CV(7->16')>   -0.08792
|3S^CV(6->4')>    0.08812
|3S^CV(6->5')>    0.05578
|3S^CV(6->16')>   -0.08262
|3S^CV(5->1')>   -0.19878
|3S^CV(5->3')>    0.12132
|3S^CV(5->19')>    0.07282
|3S^CV(5->20')>    0.05648
|3S^CV(4->1')>    0.12177
|3S^CV(4->3')>    0.06200
|3S^CV(3->10')>    0.05323
|3S^CV(2->1')>   -0.12857
|3S^CV(2->3')>   -0.09494
|3S^CV(2->9')>   -0.08997
|3S^CV(1->1')>   -0.33608
|3S^CV(1->3')>    0.12467
|3S^CV(1->8')>   -0.15269
|3X^CV(18->10')>   -0.11297
|3X^CV(18->11')>   -0.05802
|3X^CV(17->10')>    0.10781
|3X^CV(17->11')>   -0.06709
|3X^CV(16->8')>   -0.13509
|3X^CV(15->9')>    0.07676
|3X^CV(11->10')>    0.06373
|3X^CV(10->10')>   -0.10114
|3X^CV(10->11')>    0.06267
|3X^CV(7->4')>   -0.13086
|3X^CV(7->5')>   -0.07697
|3X^CV(7->16')>    0.07619
|3X^CV(6->4')>   -0.12890
|3X^CV(6->5')>    0.06992
|3X^CV(6->16')>    0.07314
|3X^CV(5->1')>    0.22782
|3X^CV(5->3')>   -0.11268
|3X^CV(5->12')>    0.05111
|3X^CV(5->19')>   -0.06358
|3X^CV(4->1')>    0.11736
|3X^CV(4->3')>    0.06993
|3X^CV(3->10')>   -0.08884
|3X^CV(2->8')>   -0.06522
|3X^CV(2->9')>   -0.12559
|3X^CV(1->8')>    0.23241
|3X^CV(1->9')>   -0.07508
|3X^CV(1->12')>    0.05790
TDMs with Triplet 'Ground' state
TDMX:-0.001   TDMY:0.012   TDMZ:0.120   Oscillator Strength:0.00159   <S**2>: 2.000
--------------------------------------------------------------------
TDMs with Singlet 'Ground' state
TDMX:0.000   TDMY:0.000   TDMZ:0.000   Oscillator Strength:0.00000   <S**2>: 2.000
--------------------------------------------------------------------


State 185 4.470 eV 
Excitation    CI Coef
|3^CS(15->0)>   -0.05179
|3^CS(4->0)>   -0.11911
|3^CS(5->0')>    0.06346
|3^CS(4->0')>   -0.05769
|3^SV(0->5')>    0.08936
|3^SV(0->11')>    0.17241
|3^SV(0'->4')>   -0.05108
|3^SV(0'->10')>   -0.09590
|3T^CV(5->1')>    0.08222
|3T^CV(4->1')>   -0.16098
|3T^CV(4->12')>    0.05635
|3T^CV(4->13')>   -0.05864
|3T^CV(2->1')>    0.14646
|3T^CV(2->3')>    0.08593
|3T^CV(1->1')>    0.11496
|3S^CV(18->10')>    0.07069
|3S^CV(18->11')>    0.11424
|3S^CV(17->10')>   -0.06251
|3S^CV(17->11')>    0.12244
|3S^CV(16->8')>    0.09053
|3S^CV(15->1')>    0.06182
|3S^CV(15->3')>    0.06211
|3S^CV(15->9')>   -0.16000
|3S^CV(15->12')>    0.06183
|3S^CV(10->11')>   -0.06888
|3S^CV(7->5')>    0.09184
|3S^CV(7->17')>   -0.08511
|3S^CV(6->4')>    0.05312
|3S^CV(6->5')>   -0.09153
|3S^CV(6->17')>    0.08620
|3S^CV(5->1')>   -0.12263
|3S^CV(5->3')>    0.06187
|3S^CV(4->1')>   -0.19902
|3S^CV(4->3')>   -0.12155
|3S^CV(4->19')>   -0.07305
|3S^CV(4->20')>    0.05680
|3S^CV(3->11')>    0.05312
|3S^CV(2->1')>    0.33681
|3S^CV(2->3')>    0.12482
|3S^CV(2->9')>    0.14665
|3S^CV(1->1')>   -0.13121
|3S^CV(1->3')>    0.09638
|3S^CV(1->8')>   -0.07798
|3X^CV(18->10')>   -0.05656
|3X^CV(18->11')>    0.11239
|3X^CV(17->10')>    0.06545
|3X^CV(17->11')>    0.10746
|3X^CV(16->8')>   -0.07420
|3X^CV(15->9')>   -0.13408
|3X^CV(11->11')>   -0.06344
|3X^CV(10->10')>   -0.06190
|3X^CV(10->11')>   -0.10113
|3X^CV(7->4')>   -0.07865
|3X^CV(7->5')>    0.12591
|3X^CV(7->17')>   -0.07302
|3X^CV(6->4')>   -0.06585
|3X^CV(6->5')>   -0.13346
|3X^CV(6->17')>    0.07554
|3X^CV(5->1')>    0.11457
|3X^CV(5->3')>   -0.06846
|3X^CV(4->1')>   -0.22702
|3X^CV(4->3')>   -0.11263
|3X^CV(4->12')>   -0.05102
|3X^CV(4->19')>   -0.06316
|3X^CV(3->11')>    0.08878
|3X^CV(2->9')>    0.24134
|3X^CV(2->12')>    0.05789
|3X^CV(1->8')>    0.14008
TDMs with Triplet 'Ground' state
TDMX:0.004   TDMY:0.035   TDMZ:0.428   Oscillator Strength:0.02024   <S**2>: 2.000
--------------------------------------------------------------------
TDMs with Singlet 'Ground' state
TDMX:0.000   TDMY:0.000   TDMZ:0.000   Oscillator Strength:0.00000   <S**2>: 2.000
--------------------------------------------------------------------


State 186 4.474 eV 
Excitation    CI Coef
|1^CS(6->0)>    0.14934
|1^CS(6->0')>    0.14810
|1^SV(0->9')>    0.16010
|1^SV(0'->8')>    0.15878
|1S^CV(7->1')>    0.08747
|1S^CV(7->12')>   -0.05888
|1S^CV(6->13')>   -0.10417
|1T^CV(18->8')>    0.10620
|1T^CV(18->9')>   -0.17048
|1T^CV(17->8')>   -0.17163
|1T^CV(17->9')>   -0.10611
|1T^CV(16->10')>    0.17802
|1T^CV(15->11')>    0.17741
|1T^CV(11->8')>   -0.05620
|1T^CV(11->9')>    0.09014
|1T^CV(10->8')>    0.14425
|1T^CV(10->9')>    0.08923
|1T^CV(7->3')>   -0.22994
|1T^CV(7->13')>    0.05093
|1T^CV(7->19')>   -0.11702
|1T^CV(6->1')>    0.47450
|1T^CV(6->12')>    0.07782
|1T^CV(6->14')>    0.06811
|1T^CV(6->18')>   -0.08043
|1T^CV(6->20')>   -0.07147
|1T^CV(5->4')>   -0.22280
|1T^CV(5->16')>    0.13637
|1T^CV(4->5')>    0.22216
|1T^CV(4->17')>   -0.13590
|1T^CV(3->8')>    0.07596
|1T^CV(3->9')>   -0.12210
|1T^CV(2->11')>   -0.28139
|1T^CV(1->10')>   -0.28220
TDMs with Triplet 'Ground' state
TDMX:0.000   TDMY:0.000   TDMZ:0.000   Oscillator Strength:0.00000   <S**2>: 0.000
--------------------------------------------------------------------
TDMs with Singlet 'Ground' state
TDMX:0.468   TDMY:0.001   TDMZ:0.001   Oscillator Strength:0.02406   <S**2>: 0.000
--------------------------------------------------------------------


State 187 4.475 eV 
Excitation    CI Coef
|1^CS(7->0)>    0.14615
|1^CS(7->0')>    0.14721
|1^SV(0->9')>   -0.15786
|1^SV(0'->8')>    0.15922
|1S^CV(7->13')>   -0.10434
|1S^CV(6->1')>    0.09570
|1S^CV(6->12')>   -0.05787
|1T^CV(18->8')>    0.16961
|1T^CV(18->9')>    0.10550
|1T^CV(17->8')>   -0.10528
|1T^CV(17->9')>    0.17052
|1T^CV(16->10')>    0.17634
|1T^CV(15->11')>   -0.17691
|1T^CV(11->8')>   -0.08891
|1T^CV(11->9')>   -0.05526
|1T^CV(10->8')>    0.08854
|1T^CV(10->9')>   -0.14346
|1T^CV(7->1')>    0.46193
|1T^CV(7->12')>    0.07566
|1T^CV(7->14')>    0.06525
|1T^CV(7->18')>   -0.07861
|1T^CV(7->20')>   -0.07118
|1T^CV(6->3')>   -0.22750
|1T^CV(6->13')>    0.05187
|1T^CV(6->19')>   -0.11658
|1T^CV(5->4')>   -0.22098
|1T^CV(5->16')>    0.13488
|1T^CV(4->5')>   -0.22185
|1T^CV(4->17')>    0.13532
|1T^CV(3->1')>   -0.07638
|1T^CV(3->8')>    0.12167
|1T^CV(3->9')>    0.07577
|1T^CV(2->10')>    0.05126
|1T^CV(2->11')>    0.27680
|1T^CV(1->10')>   -0.27574
|1T^CV(1->11')>    0.05136
TDMs with Triplet 'Ground' state
TDMX:0.000   TDMY:0.000   TDMZ:0.000   Oscillator Strength:0.00000   <S**2>: 0.000
--------------------------------------------------------------------
TDMs with Singlet 'Ground' state
TDMX:-0.001   TDMY:-0.000   TDMZ:-0.000   Oscillator Strength:0.00000   <S**2>: 0.000
--------------------------------------------------------------------


State 188 4.479 eV 
Excitation    CI Coef
|3^CS(5->0)>    0.10266
|3^CS(1->0)>   -0.08262
|3^CS(4->0')>    0.06006
|3^CS(2->0')>    0.05370
|3^SV(0'->4')>    0.07623
|3T^CV(2->1')>    0.14701
|3T^CV(1->1')>   -0.17699
|3T^CV(1->3')>    0.08002
|3S^CV(34->8')>   -0.05315
|3S^CV(18->10')>   -0.17641
|3S^CV(18->11')>    0.11720
|3S^CV(17->10')>    0.19363
|3S^CV(17->11')>    0.10715
|3S^CV(16->8')>   -0.30016
|3S^CV(16->9')>    0.07159
|3S^CV(15->9')>   -0.18199
|3S^CV(14->10')>   -0.07540
|3S^CV(14->11')>    0.05008
|3S^CV(12->10')>    0.06774
|3S^CV(7->16')>    0.15215
|3S^CV(7->17')>   -0.08867
|3S^CV(6->16')>    0.14572
|3S^CV(6->17')>    0.09229
|3S^CV(5->1')>    0.13909
|3S^CV(5->18')>   -0.08408
|3S^CV(5->19')>   -0.14555
|3S^CV(5->20')>   -0.10635
|3S^CV(4->1')>   -0.09256
|3S^CV(4->18')>    0.05582
|3S^CV(4->19')>   -0.08054
|3S^CV(4->20')>    0.07065
|3S^CV(2->9')>   -0.08648
|3S^CV(1->8')>   -0.13867
|3X^CV(34->8')>   -0.05263
|3X^CV(18->10')>   -0.18214
|3X^CV(18->11')>   -0.10007
|3X^CV(17->10')>    0.17952
|3X^CV(17->11')>   -0.11880
|3X^CV(16->8')>   -0.27518
|3X^CV(16->9')>    0.06340
|3X^CV(15->9')>    0.16663
|3X^CV(14->10')>   -0.06717
|3X^CV(12->10')>    0.05812
|3X^CV(7->16')>    0.14022
|3X^CV(7->17')>    0.08195
|3X^CV(6->16')>    0.13636
|3X^CV(6->17')>   -0.08518
|3X^CV(5->1')>    0.22525
|3X^CV(5->3')>   -0.08202
|3X^CV(5->14')>    0.05198
|3X^CV(5->18')>   -0.08330
|3X^CV(5->19')>   -0.12857
|3X^CV(5->20')>   -0.09712
|3X^CV(4->1')>    0.12399
|3X^CV(4->3')>    0.05410
|3X^CV(4->19')>    0.08471
|3X^CV(4->20')>   -0.05369
|3X^CV(2->1')>    0.09525
|3X^CV(1->1')>   -0.11580
TDMs with Triplet 'Ground' state
TDMX:-0.000   TDMY:-0.066   TDMZ:0.032   Oscillator Strength:0.00059   <S**2>: 2.000
--------------------------------------------------------------------
TDMs with Singlet 'Ground' state
TDMX:0.000   TDMY:0.000   TDMZ:0.000   Oscillator Strength:0.00000   <S**2>: 2.000
--------------------------------------------------------------------


State 189 4.480 eV 
Excitation    CI Coef
|3^CS(5->0)>   -0.06042
|3^CS(1->0)>    0.05410
|3^CS(4->0')>    0.10235
|3^CS(2->0')>    0.08289
|3^SV(0->5')>    0.07497
|3T^CV(2->1')>    0.17414
|3T^CV(2->3')>    0.07805
|3T^CV(1->1')>    0.14171
|3S^CV(35->9')>    0.05338
|3S^CV(18->10')>    0.11751
|3S^CV(18->11')>    0.17711
|3S^CV(17->10')>   -0.10730
|3S^CV(17->11')>    0.19465
|3S^CV(16->8')>    0.18339
|3S^CV(15->8')>   -0.06959
|3S^CV(15->9')>   -0.30205
|3S^CV(14->10')>    0.05024
|3S^CV(14->11')>    0.07571
|3S^CV(12->11')>    0.06816
|3S^CV(7->16')>   -0.09221
|3S^CV(7->17')>   -0.14721
|3S^CV(6->16')>   -0.08910
|3S^CV(6->17')>    0.15200
|3S^CV(5->1')>   -0.09141
|3S^CV(5->18')>    0.05586
|3S^CV(5->19')>    0.08087
|3S^CV(5->20')>    0.07072
|3S^CV(4->1')>   -0.13864
|3S^CV(4->18')>    0.08455
|3S^CV(4->19')>   -0.14593
|3S^CV(4->20')>    0.10710
|3S^CV(2->9')>   -0.13286
|3S^CV(1->8')>    0.07810
|3X^CV(35->9')>   -0.05278
|3X^CV(18->10')>    0.10128
|3X^CV(18->11')>   -0.18252
|3X^CV(17->10')>   -0.11986
|3X^CV(17->11')>   -0.18002
|3X^CV(16->8')>    0.16739
|3X^CV(15->8')>    0.06571
|3X^CV(15->9')>    0.27546
|3X^CV(14->11')>   -0.06741
|3X^CV(12->11')>   -0.05834
|3X^CV(7->16')>   -0.08596
|3X^CV(7->17')>    0.13540
|3X^CV(6->16')>   -0.08287
|3X^CV(6->17')>   -0.14189
|3X^CV(5->1')>   -0.12479
|3X^CV(5->3')>    0.05427
|3X^CV(5->19')>    0.08563
|3X^CV(5->20')>    0.05416
|3X^CV(4->1')>    0.22418
|3X^CV(4->3')>    0.08168
|3X^CV(4->14')>    0.05186
|3X^CV(4->18')>   -0.08361
|3X^CV(4->19')>    0.12868
|3X^CV(4->20')>   -0.09770
|3X^CV(2->1')>    0.11586
|3X^CV(1->1')>    0.09523
TDMs with Triplet 'Ground' state
TDMX:-0.001   TDMY:0.270   TDMZ:-0.125   Oscillator Strength:0.00969   <S**2>: 2.000
--------------------------------------------------------------------
TDMs with Singlet 'Ground' state
TDMX:0.000   TDMY:0.000   TDMZ:0.000   Oscillator Strength:0.00000   <S**2>: 2.000
--------------------------------------------------------------------


State 190 4.481 eV 
Excitation    CI Coef
|3^CS(6->0)>   -0.06201
|3^CS(6->0')>    0.06527
|3^SV(0->9')>    0.06019
|3^SV(0'->8')>    0.08066
|3S^CV(37->8')>    0.05663
|3S^CV(35->11')>    0.05221
|3S^CV(34->10')>   -0.06897
|3S^CV(19->1')>   -0.08515
|3S^CV(18->8')>   -0.18218
|3S^CV(18->9')>    0.21940
|3S^CV(17->8')>    0.27037
|3S^CV(17->9')>    0.12006
|3S^CV(16->10')>   -0.35887
|3S^CV(15->11')>   -0.27144
|3S^CV(14->3')>   -0.06164
|3S^CV(14->8')>   -0.06773
|3S^CV(14->9')>    0.08150
|3S^CV(12->8')>    0.08826
|3S^CV(11->9')>   -0.05643
|3S^CV(7->3')>    0.13233
|3S^CV(7->19')>    0.20145
|3S^CV(6->1')>   -0.28310
|3S^CV(6->14')>   -0.06236
|3S^CV(6->18')>    0.12791
|3S^CV(6->20')>    0.15801
|3S^CV(5->4')>    0.08774
|3S^CV(5->16')>   -0.25057
|3S^CV(4->5')>   -0.06713
|3S^CV(4->17')>    0.18962
|3X^CV(20->1')>   -0.08283
|3X^CV(19->3')>    0.08831
|3X^CV(18->8')>   -0.08654
|3X^CV(17->8')>    0.06522
|3X^CV(17->9')>   -0.07754
|3X^CV(16->10')>   -0.14785
|3X^CV(15->11')>    0.11065
|3X^CV(11->14')>    0.05295
|3X^CV(10->9')>   -0.05448
|3X^CV(7->12')>    0.05239
|3X^CV(7->18')>    0.05218
|3X^CV(7->20')>    0.06814
|3X^CV(6->19')>    0.08594
|3X^CV(5->4')>   -0.08142
|3X^CV(5->16')>   -0.09628
|3X^CV(4->5')>   -0.06256
|3X^CV(4->17')>   -0.07198
|3X^CV(3->8')>    0.06829
|3X^CV(2->11')>    0.13162
|3X^CV(1->10')>   -0.17360
TDMs with Triplet 'Ground' state
TDMX:0.184   TDMY:0.002   TDMZ:-0.000   Oscillator Strength:0.00371   <S**2>: 2.000
--------------------------------------------------------------------
TDMs with Singlet 'Ground' state
TDMX:0.000   TDMY:0.000   TDMZ:0.000   Oscillator Strength:0.00000   <S**2>: 2.000
--------------------------------------------------------------------


State 191 4.481 eV 
Excitation    CI Coef
|3^CS(7->0)>    0.07037
|3^CS(7->0')>   -0.06621
|3^SV(0->9')>    0.07849
|3^SV(0'->8')>   -0.05796
|3T^CV(12->1')>    0.06256
|3T^CV(10->1')>    0.09749
|3S^CV(37->9')>    0.05825
|3S^CV(35->11')>    0.07035
|3S^CV(34->10')>    0.05402
|3S^CV(18->8')>    0.22655
|3S^CV(18->9')>    0.18519
|3S^CV(17->8')>   -0.12496
|3S^CV(17->9')>    0.27665
|3S^CV(16->10')>    0.28215
|3S^CV(15->11')>   -0.36720
|3S^CV(14->8')>    0.08473
|3S^CV(14->9')>    0.06921
|3S^CV(12->9')>    0.09062
|3S^CV(11->8')>   -0.05724
|3S^CV(7->1')>    0.29333
|3S^CV(7->14')>    0.06574
|3S^CV(7->18')>   -0.13225
|3S^CV(7->20')>   -0.16186
|3S^CV(6->3')>   -0.13708
|3S^CV(6->19')>   -0.20786
|3S^CV(5->4')>   -0.06545
|3S^CV(5->16')>    0.19660
|3S^CV(4->5')>   -0.08615
|3S^CV(4->17')>    0.25599
|3X^CV(18->9')>   -0.09410
|3X^CV(17->8')>   -0.08627
|3X^CV(17->9')>   -0.06973
|3X^CV(16->10')>    0.12220
|3X^CV(15->11')>    0.15754
|3X^CV(14->9')>   -0.05007
|3X^CV(10->8')>   -0.05266
|3X^CV(7->19')>   -0.09368
|3X^CV(6->12')>   -0.05386
|3X^CV(6->18')>   -0.05316
|3X^CV(6->20')>   -0.07447
|3X^CV(5->4')>    0.05923
|3X^CV(5->16')>    0.07997
|3X^CV(4->5')>   -0.07834
|3X^CV(4->17')>   -0.10301
|3X^CV(3->9')>    0.06713
|3X^CV(2->11')>    0.17481
|3X^CV(1->10')>    0.13401
TDMs with Triplet 'Ground' state
TDMX:0.025   TDMY:0.001   TDMZ:-0.000   Oscillator Strength:0.00007   <S**2>: 2.000
--------------------------------------------------------------------
TDMs with Singlet 'Ground' state
TDMX:0.000   TDMY:0.000   TDMZ:0.000   Oscillator Strength:0.00000   <S**2>: 2.000
--------------------------------------------------------------------


State 192 4.487 eV 
Excitation    CI Coef
|3^CS(20->0)>    0.06264
|3^CS(19->0)>   -0.05264
|3^CS(11->0)>   -0.05599
|3^CS(20->0')>    0.06234
|3^CS(19->0')>    0.05234
|3^CS(11->0')>   -0.05576
|3^SV(0->14')>   -0.05964
|3^SV(0'->14')>   -0.05939
|3T^CV(3->1')>    0.08725
|3S^CV(32->3')>    0.05282
|3S^CV(29->1')>   -0.08043
|3S^CV(20->3')>   -0.11983
|3S^CV(20->21')>   -0.05646
|3S^CV(19->1')>    0.32110
|3S^CV(19->14')>    0.07376
|3S^CV(18->9')>    0.07477
|3S^CV(17->8')>    0.07791
|3S^CV(16->10')>   -0.10144
|3S^CV(15->11')>   -0.10122
|3S^CV(14->3')>    0.22533
|3S^CV(14->13')>    0.07294
|3S^CV(14->21')>   -0.07965
|3S^CV(12->1')>   -0.08266
|3S^CV(12->12')>    0.05940
|3S^CV(12->14')>    0.10258
|3S^CV(12->18')>   -0.08516
|3S^CV(12->20')>    0.06555
|3S^CV(11->3')>    0.15196
|3S^CV(11->13')>    0.05408
|3S^CV(11->15')>   -0.11634
|3S^CV(10->14')>    0.09025
|3S^CV(10->18')>   -0.07282
|3S^CV(8->6')>   -0.05101
|3S^CV(7->19')>    0.06569
|3S^CV(6->1')>   -0.05060
|3S^CV(6->20')>    0.05184
|3S^CV(5->16')>   -0.06961
|3S^CV(4->17')>    0.06947
|3S^CV(3->3')>    0.08040
|3S^CV(3->15')>   -0.19384
|3X^CV(33->3')>   -0.07413
|3X^CV(32->1')>   -0.06841
|3X^CV(20->1')>    0.29962
|3X^CV(20->14')>    0.10475
|3X^CV(19->3')>   -0.31377
|3X^CV(19->13')>   -0.12881
|3X^CV(16->10')>   -0.06011
|3X^CV(15->11')>    0.05995
|3X^CV(14->1')>   -0.13938
|3X^CV(14->12')>   -0.09483
|3X^CV(14->14')>   -0.18258
|3X^CV(12->13')>    0.05255
|3X^CV(12->15')>   -0.11558
|3X^CV(12->21')>    0.11275
|3X^CV(11->1')>   -0.11664
|3X^CV(11->14')>   -0.16895
|3X^CV(11->18')>   -0.07217
|3X^CV(11->20')>    0.06093
|3X^CV(10->3')>   -0.07302
|3X^CV(10->15')>   -0.09316
|3X^CV(10->21')>    0.06866
|3X^CV(3->1')>    0.06761
|3X^CV(3->14')>   -0.09132
|3X^CV(3->18')>   -0.16729
|3X^CV(3->20')>    0.07240
TDMs with Triplet 'Ground' state
TDMX:0.105   TDMY:0.000   TDMZ:-0.000   Oscillator Strength:0.00121   <S**2>: 2.000
--------------------------------------------------------------------
TDMs with Singlet 'Ground' state
TDMX:0.000   TDMY:0.000   TDMZ:0.000   Oscillator Strength:0.00000   <S**2>: 2.000
--------------------------------------------------------------------


State 193 4.495 eV 
Excitation    CI Coef
|3^CS(12->0)>    0.06965
|3^CS(10->0)>    0.09459
|3^CS(3->0)>    0.17138
|3^CS(12->0')>    0.06975
|3^CS(10->0')>    0.09472
|3^CS(3->0')>   -0.17141
|3T^CV(14->3')>    0.11521
|3T^CV(14->13')>    0.05257
|3T^CV(12->1')>    0.36771
|3T^CV(12->12')>   -0.07870
|3T^CV(11->3')>    0.07300
|3T^CV(10->1')>    0.67835
|3T^CV(9->7')>   -0.16234
|3T^CV(8->6')>   -0.16291
|3T^CV(7->9')>    0.05287
|3T^CV(6->1')>    0.09290
|3T^CV(6->8')>   -0.05221
|3T^CV(5->10')>    0.06275
|3T^CV(4->11')>   -0.06287
|3T^CV(3->3')>   -0.18817
|3S^CV(17->9')>   -0.05009
|3S^CV(16->10')>   -0.06367
|3S^CV(15->11')>    0.06377
|3S^CV(11->1')>   -0.06853
|3S^CV(3->1')>    0.05336
|3S^CV(3->14')>    0.05465
|3X^CV(19->1')>   -0.12217
|3X^CV(14->3')>   -0.06291
|3X^CV(12->1')>    0.06855
|3X^CV(12->14')>   -0.05465
|3X^CV(10->1')>    0.13165
|3X^CV(10->12')>   -0.05892
|3X^CV(3->3')>    0.07475
|3X^CV(3->13')>    0.10531
|3X^CV(3->15')>    0.08328
TDMs with Triplet 'Ground' state
TDMX:0.001   TDMY:0.000   TDMZ:-0.000   Oscillator Strength:0.00000   <S**2>: 2.000
--------------------------------------------------------------------
TDMs with Singlet 'Ground' state
TDMX:0.000   TDMY:0.000   TDMZ:0.000   Oscillator Strength:0.00000   <S**2>: 2.000
--------------------------------------------------------------------


State 194 4.499 eV 
Excitation    CI Coef
|3^CS(15->0)>   -0.06722
|3^CS(5->0)>    0.05335
|3^CS(4->0)>    0.05344
|3^CS(16->0')>    0.08569
|3^CS(5->0')>    0.07287
|3^SV(0->5')>    0.12136
|3^SV(0->11')>   -0.05877
|3^SV(0'->4')>    0.15442
|3^SV(0'->10')>   -0.07592
|3T^CV(12->4')>   -0.05529
|3T^CV(11->4')>   -0.07301
|3T^CV(11->5')>   -0.06136
|3T^CV(10->4')>    0.06724
|3T^CV(5->8')>    0.05410
|3T^CV(2->1')>    0.31195
|3T^CV(2->3')>    0.09488
|3T^CV(1->1')>   -0.29902
|3T^CV(1->3')>    0.16490
|3S^CV(18->10')>    0.12932
|3S^CV(18->11')>   -0.10966
|3S^CV(17->10')>   -0.14249
|3S^CV(17->11')>   -0.10227
|3S^CV(16->3')>   -0.05433
|3S^CV(16->8')>    0.20054
|3S^CV(16->12')>    0.07662
|3S^CV(16->13')>    0.06670
|3S^CV(15->9')>    0.15660
|3S^CV(15->12')>    0.06109
|3S^CV(15->13')>   -0.05177
|3S^CV(7->4')>    0.06405
|3S^CV(7->16')>   -0.10034
|3S^CV(7->17')>    0.07509
|3S^CV(6->4')>    0.06096
|3S^CV(6->5')>    0.05274
|3S^CV(6->16')>   -0.09932
|3S^CV(6->17')>   -0.08074
|3S^CV(5->18')>    0.05546
|3S^CV(5->19')>    0.09193
|3S^CV(5->20')>    0.07451
|3S^CV(4->19')>    0.06600
|3S^CV(4->20')>   -0.06321
|3S^CV(2->1')>    0.19206
|3S^CV(2->3')>    0.13626
|3S^CV(1->1')>    0.33248
|3S^CV(1->3')>   -0.12976
|3S^CV(1->12')>    0.05245
|3X^CV(10->4')>    0.05740
|3X^CV(6->4')>   -0.05025
|3X^CV(5->1')>    0.17440
|3X^CV(5->3')>   -0.07366
|3X^CV(4->1')>    0.12465
|3X^CV(4->3')>    0.06216
|3X^CV(3->4')>    0.06224
|3X^CV(3->5')>    0.05232
|3X^CV(2->9')>   -0.10165
|3X^CV(2->12')>    0.07161
|3X^CV(2->13')>   -0.05239
|3X^CV(1->3')>    0.05126
|3X^CV(1->8')>    0.13289
|3X^CV(1->12')>   -0.06833
|3X^CV(1->13')>   -0.09111
TDMs with Triplet 'Ground' state
TDMX:-0.000   TDMY:-0.071   TDMZ:0.034   Oscillator Strength:0.00068   <S**2>: 2.000
--------------------------------------------------------------------
TDMs with Singlet 'Ground' state
TDMX:0.000   TDMY:0.000   TDMZ:0.000   Oscillator Strength:0.00000   <S**2>: 2.000
--------------------------------------------------------------------


State 195 4.499 eV 
Excitation    CI Coef
|3^CS(15->0)>   -0.08639
|3^CS(4->0)>    0.07334
|3^CS(16->0')>   -0.06744
|3^CS(5->0')>   -0.05435
|3^CS(4->0')>    0.05508
|3^SV(0->5')>    0.15585
|3^SV(0->11')>   -0.07636
|3^SV(0'->4')>   -0.12194
|3^SV(0'->10')>    0.06000
|3T^CV(12->5')>    0.05556
|3T^CV(11->4')>    0.06118
|3T^CV(11->5')>   -0.07309
|3T^CV(10->5')>   -0.06721
|3T^CV(4->9')>    0.05411
|3T^CV(2->1')>    0.29966
|3T^CV(2->3')>    0.16498
|3T^CV(1->1')>    0.31327
|3T^CV(1->3')>   -0.09458
|3S^CV(18->10')>   -0.10919
|3S^CV(18->11')>   -0.12791
|3S^CV(17->10')>    0.10168
|3S^CV(17->11')>   -0.14110
|3S^CV(16->8')>   -0.15606
|3S^CV(16->12')>   -0.06077
|3S^CV(16->13')>   -0.05154
|3S^CV(15->3')>    0.05450
|3S^CV(15->9')>    0.19884
|3S^CV(15->12')>    0.07691
|3S^CV(15->13')>   -0.06709
|3S^CV(7->5')>   -0.06190
|3S^CV(7->16')>    0.07756
|3S^CV(7->17')>    0.09542
|3S^CV(6->4')>   -0.05148
|3S^CV(6->5')>    0.06332
|3S^CV(6->16')>    0.07736
|3S^CV(6->17')>   -0.10183
|3S^CV(5->19')>   -0.06560
|3S^CV(5->20')>   -0.06274
|3S^CV(4->18')>   -0.05488
|3S^CV(4->19')>    0.09063
|3S^CV(4->20')>   -0.07386
|3S^CV(2->1')>    0.33116
|3S^CV(2->3')>    0.13020
|3S^CV(2->12')>    0.05313
|3S^CV(1->1')>   -0.18911
|3S^CV(1->3')>    0.13523
|3X^CV(10->5')>   -0.05762
|3X^CV(6->5')>    0.05208
|3X^CV(5->1')>   -0.12894
|3X^CV(5->3')>    0.06367
|3X^CV(4->1')>    0.17742
|3X^CV(4->3')>    0.07459
|3X^CV(3->4')>   -0.05242
|3X^CV(3->5')>    0.06264
|3X^CV(2->3')>    0.05219
|3X^CV(2->9')>   -0.13985
|3X^CV(2->12')>    0.06870
|3X^CV(2->13')>   -0.09186
|3X^CV(1->8')>   -0.11189
|3X^CV(1->12')>    0.07149
|3X^CV(1->13')>    0.05270
TDMs with Triplet 'Ground' state
TDMX:-0.000   TDMY:0.585   TDMZ:-0.269   Oscillator Strength:0.04567   <S**2>: 2.000
--------------------------------------------------------------------
TDMs with Singlet 'Ground' state
TDMX:0.000   TDMY:0.000   TDMZ:0.000   Oscillator Strength:0.00000   <S**2>: 2.000
--------------------------------------------------------------------


State 196 4.502 eV 
Excitation    CI Coef
|1^CS(15->0)>   -0.07363
|1^CS(5->0)>   -0.07728
|1^CS(4->0)>    0.06510
|1^CS(16->0')>   -0.09245
|1^CS(5->0')>   -0.07588
|1^CS(4->0')>    0.06572
|1^SV(0->5')>   -0.13223
|1^SV(0->11')>    0.05791
|1^SV(0'->4')>   -0.16644
|1^SV(0'->10')>    0.07308
|1S^CV(16->1')>    0.06051
|1S^CV(12->4')>    0.06351
|1S^CV(11->4')>    0.08232
|1S^CV(11->5')>    0.07005
|1S^CV(10->4')>   -0.08006
|1S^CV(10->5')>    0.05945
|1S^CV(5->1')>    0.08765
|1S^CV(5->8')>   -0.06421
|1S^CV(4->1')>    0.06314
|1S^CV(4->9')>   -0.05100
|1S^CV(2->1')>   -0.44034
|1S^CV(2->3')>   -0.13513
|1S^CV(2->14')>   -0.05035
|1S^CV(1->1')>    0.41974
|1S^CV(1->3')>   -0.23325
|1T^CV(18->10')>    0.05378
|1T^CV(17->10')>   -0.05698
|1T^CV(16->8')>    0.06460
|1T^CV(16->12')>    0.07344
|1T^CV(16->13')>    0.07304
|1T^CV(15->9')>    0.05099
|1T^CV(15->12')>    0.05931
|1T^CV(15->13')>   -0.05738
|1T^CV(10->4')>   -0.05798
|1T^CV(10->10')>    0.05740
|1T^CV(7->4')>    0.07303
|1T^CV(7->5')>   -0.05170
|1T^CV(6->4')>    0.07225
|1T^CV(6->5')>    0.06330
|1T^CV(5->1')>   -0.21478
|1T^CV(5->3')>    0.10168
|1T^CV(4->1')>    0.18309
|1T^CV(4->3')>    0.07390
|1T^CV(3->4')>   -0.07972
|1T^CV(3->5')>    0.05916
|1T^CV(2->1')>    0.12929
|1T^CV(2->3')>    0.11837
|1T^CV(2->9')>   -0.10815
|1T^CV(2->12')>    0.06830
|1T^CV(2->13')>   -0.06153
|1T^CV(1->1')>    0.21805
|1T^CV(1->3')>   -0.11080
|1T^CV(1->8')>   -0.13503
|1T^CV(1->12')>    0.11725
|1T^CV(1->13')>    0.05785
TDMs with Triplet 'Ground' state
TDMX:0.000   TDMY:0.000   TDMZ:0.000   Oscillator Strength:0.00000   <S**2>: 0.000
--------------------------------------------------------------------
TDMs with Singlet 'Ground' state
TDMX:0.000   TDMY:0.085   TDMZ:-0.037   Oscillator Strength:0.00095   <S**2>: 0.000
--------------------------------------------------------------------


State 197 4.502 eV 
Excitation    CI Coef
|1^CS(15->0)>   -0.09268
|1^CS(5->0)>    0.06690
|1^CS(4->0)>    0.07613
|1^CS(16->0')>    0.07282
|1^CS(5->0')>    0.06536
|1^CS(4->0')>    0.07767
|1^SV(0->5')>   -0.16708
|1^SV(0->11')>    0.07334
|1^SV(0'->4')>    0.13083
|1^SV(0'->10')>   -0.05811
|1S^CV(15->1')>   -0.06033
|1S^CV(12->5')>   -0.06347
|1S^CV(11->4')>   -0.06909
|1S^CV(11->5')>    0.08200
|1S^CV(10->4')>    0.05825
|1S^CV(10->5')>    0.07960
|1S^CV(5->1')>   -0.06399
|1S^CV(5->8')>    0.05047
|1S^CV(4->1')>    0.08688
|1S^CV(4->9')>   -0.06412
|1S^CV(2->1')>   -0.41832
|1S^CV(2->3')>   -0.23289
|1S^CV(1->1')>   -0.44338
|1S^CV(1->3')>    0.13559
|1S^CV(1->14')>   -0.05114
|1T^CV(18->11')>   -0.05415
|1T^CV(17->11')>   -0.05756
|1T^CV(16->8')>   -0.05184
|1T^CV(16->12')>   -0.05830
|1T^CV(16->13')>   -0.05651
|1T^CV(15->9')>    0.06550
|1T^CV(15->12')>    0.07331
|1T^CV(15->13')>   -0.07301
|1T^CV(10->5')>   -0.05800
|1T^CV(10->11')>    0.05745
|1T^CV(7->4')>   -0.05384
|1T^CV(7->5')>   -0.07015
|1T^CV(6->4')>   -0.06158
|1T^CV(6->5')>    0.07522
|1T^CV(5->1')>    0.18615
|1T^CV(5->3')>   -0.07462
|1T^CV(4->1')>    0.21604
|1T^CV(4->3')>    0.10233
|1T^CV(3->4')>    0.05851
|1T^CV(3->5')>    0.07991
|1T^CV(2->1')>    0.21695
|1T^CV(2->3')>    0.11133
|1T^CV(2->9')>   -0.12791
|1T^CV(2->12')>    0.11742
|1T^CV(2->13')>   -0.05836
|1T^CV(1->1')>   -0.12324
|1T^CV(1->3')>    0.11580
|1T^CV(1->8')>    0.09945
|1T^CV(1->12')>   -0.06797
|1T^CV(1->13')>   -0.06098
TDMs with Triplet 'Ground' state
TDMX:0.000   TDMY:0.000   TDMZ:0.000   Oscillator Strength:0.00000   <S**2>: 0.000
--------------------------------------------------------------------
TDMs with Singlet 'Ground' state
TDMX:0.000   TDMY:-0.729   TDMZ:0.309   Oscillator Strength:0.06909   <S**2>: 0.000
--------------------------------------------------------------------


State 198 4.521 eV 
Excitation    CI Coef
|1^CS(1->0)>    0.27828
|1^CS(16->0')>   -0.08142
|1^CS(5->0')>   -0.05516
|1^SV(0'->4')>   -0.17360
|1^SV(0'->10')>    0.06340
|1S^CV(16->1')>   -0.08281
|1S^CV(16->3')>    0.05059
|1S^CV(11->4')>    0.05266
|1S^CV(5->1')>   -0.23022
|1S^CV(5->3')>    0.07896
|1S^CV(5->13')>    0.05616
|1S^CV(1->1')>   -0.48471
|1S^CV(1->3')>    0.16440
|1S^CV(1->14')>   -0.08578
|1T^CV(18->10')>    0.06220
|1T^CV(17->10')>   -0.06152
|1T^CV(16->1')>    0.05587
|1T^CV(16->3')>   -0.05568
|1T^CV(16->8')>    0.07751
|1T^CV(16->12')>    0.06172
|1T^CV(16->13')>    0.05043
|1T^CV(7->4')>    0.06197
|1T^CV(6->4')>    0.06552
|1T^CV(3->4')>   -0.06910
|1T^CV(2->1')>   -0.16409
|1T^CV(1->1')>    0.55678
|1T^CV(1->3')>   -0.21784
|1T^CV(1->8')>   -0.10725
|1T^CV(1->13')>    0.09489
|1T^CV(1->14')>    0.08804
|1T^CV(1->19')>   -0.05666
TDMs with Triplet 'Ground' state
TDMX:0.000   TDMY:0.000   TDMZ:0.000   Oscillator Strength:0.00000   <S**2>: 0.000
--------------------------------------------------------------------
TDMs with Singlet 'Ground' state
TDMX:-0.000   TDMY:0.002   TDMZ:-0.070   Oscillator Strength:0.00054   <S**2>: 0.000
--------------------------------------------------------------------


State 199 4.521 eV 
Excitation    CI Coef
|1^CS(15->0)>   -0.08072
|1^CS(4->0)>    0.05446
|1^CS(2->0')>    0.27864
|1^SV(0->5')>   -0.17240
|1^SV(0->11')>    0.06274
|1S^CV(15->1')>    0.08326
|1S^CV(15->3')>    0.05098
|1S^CV(11->5')>    0.05202
|1S^CV(4->1')>   -0.23076
|1S^CV(4->3')>   -0.07924
|1S^CV(4->13')>   -0.05598
|1S^CV(2->1')>    0.48891
|1S^CV(2->3')>    0.16620
|1S^CV(2->14')>    0.08623
|1T^CV(18->11')>   -0.06158
|1T^CV(17->11')>   -0.06105
|1T^CV(15->1')>    0.05580
|1T^CV(15->3')>    0.05552
|1T^CV(15->9')>    0.07688
|1T^CV(15->12')>    0.06113
|1T^CV(7->5')>   -0.05888
|1T^CV(6->5')>    0.06714
|1T^CV(3->5')>    0.06859
|1T^CV(2->1')>    0.55515
|1T^CV(2->3')>    0.21701
|1T^CV(2->9')>   -0.10743
|1T^CV(2->13')>   -0.09433
|1T^CV(2->14')>    0.08809
|1T^CV(2->19')>    0.05625
|1T^CV(1->1')>    0.16316
TDMs with Triplet 'Ground' state
TDMX:0.000   TDMY:0.000   TDMZ:0.000   Oscillator Strength:0.00000   <S**2>: 0.000
--------------------------------------------------------------------
TDMs with Singlet 'Ground' state
TDMX:0.000   TDMY:0.001   TDMZ:0.051   Oscillator Strength:0.00029   <S**2>: 0.000
--------------------------------------------------------------------


============================================================================
  TRANSITION INTENSITY SUMMARY
  General threshold  : f >= 0.1000
  Low-energy window  : E  < 2.80 eV  (> 443 nm)  ->  f >= 0.0020
============================================================================


  Transitions from Singlet ground state (state 0):
  State   Energy/eV   Wavelen./nm   Osc. Str.    <S²>
  ------------------------------------------------------------
      5      2.0515        604.35     0.00436   0.000  *
     33      2.6998        459.23     0.00740   0.000  *
     42      3.0254        409.81     0.37776   0.000   
     62      3.2861        377.29     0.12059   0.000   
     82      3.3928        365.43     0.35953   0.000   
    102      3.4665        357.66     0.22685   0.000   
    111      3.7224        333.08     0.13400   0.000   
    123      3.9424        314.49     0.14184   0.000   
    150      4.0595        305.42     0.12614   0.000   
    155      4.0917        303.01     0.44663   0.000   
  (* below general threshold but within low-energy window)

  Transitions from Triplet ground state (state 1):
  State   Energy/eV   Wavelen./nm   Osc. Str.    <S²>
  ------------------------------------------------------------
      3      1.9699        629.39     0.00294   2.000  *
     31      2.6768        463.18     0.00799   2.000  *
     45      3.0698        403.89     0.41691   2.000   
     51      3.1559        392.86     0.13017   2.000   
     63      3.3021        375.47     0.19315   2.000   
     65      3.3194        373.51     0.13964   2.000   
     67      3.3279        372.56     0.10241   2.000   
     79      3.3647        368.49     0.29412   2.000   
    109      3.7151        333.73     0.12789   2.000   
    129      3.9997        309.98     0.10924   2.000   
    156      4.0974        302.60     0.62894   2.000   
  (* below general threshold but within low-energy window)

============================================================================

Wall clock time: 101.1246 seconds
