                    ---------------------------------
                    | Radical ExROPPP Calculation |
                    ---------------------------------

Molecule: TTMmTTM.xyz radical

--------------------------------
Cartesian Coordinates / Angstrom
--------------------------------

 C -0.02478664975019 2.50707398092152 2.13236835692158
 C -0.72196760794356 2.63090442336164 0.92066061830123
 H -1.27531439065113 1.78717568280108 0.50907611549575
 C -0.72893616453847 3.83486829515007 0.22475123958177
 Cl -1.56078807985569 3.84921390455135 -1.31255805083551
 Cl 1.44894064886770 6.19156948171904 2.65827498680938
 C 0.65686219792956 3.63353051561963 2.61819484915086
 H 1.21556842208828 3.58460860501587 3.55241120875291
 C 0.02480261114182 -2.50707404862354 2.13237094906433
 C 0.72198448054657 -2.63090779158601 0.92066402985338
 H 1.27533520357922 -1.78718144991946 0.50907986582183
 C 0.72894835913578 -3.83487175081895 0.22475471646211
 Cl 1.56080137323673 -3.84922107013235 -1.31255394578380
 C 0.04745676993844 -4.99020229333360 0.68418198052053
 C 0.04748448859871 -6.25269541171415 -0.05943391878449
 C -0.64074853168881 -4.83218320488809 1.91359130532303
 Cl -1.44894485289461 -6.19156192238688 2.65827448908948
 C -0.65685194292084 -3.63352743720109 2.61819672886408
 H -1.21555957271240 -3.58460275608285 3.55241209876267
 C 1.30400295783947 -6.80012830002895 -0.57937308825300
 C 1.43401902780667 -7.26696580781166 -1.91230126551392
 Cl 0.10502830051179 -7.12735277100759 -3.03574318919014
 C 2.62386316134381 -7.78399811940065 -2.41913134713510
 H 2.67933133170422 -8.11339987983731 -3.45568952996411
 C 3.74279155931500 -7.84752657447467 -1.58836038802652
 Cl 5.23922631191652 -8.48654389108623 -2.20841142420231
 C 3.67726469003203 -7.40499830578257 -0.26693491044110
 H 4.54515704729954 -7.47203742555814 0.38752551689056
 C 2.47440481176565 -6.89592031432260 0.21643211469556
 Cl 2.43912523518012 -6.45219162336014 1.90462482989286
 C -1.21474043467918 -6.96623551752101 -0.28317845023119
 C -2.38073689532196 -6.31018310654425 -0.75315351966083
 Cl -2.33215301582408 -4.62137023710437 -1.19297171738402
 C -3.58917336972759 -6.97192684631161 -0.95727991955798
 H -4.45416528604469 -6.42779560636831 -1.33375887324869
 C -3.66426425171617 -8.34027293536267 -0.69589420700416
 Cl -5.16851811649124 -9.18154190427473 -0.94492495612311
 C -2.54893439085076 -9.04234204276716 -0.23792628684775
 H -2.61136741282858 -10.10724421803592 -0.01854835876523
 C -1.35385228420392 -8.35554552443775 -0.03767875898931
 Cl -0.02771659636145 -9.27408676245292 0.62964910244861
 C -1.30400687255803 6.80012025997645 -0.57937664220192
 C -2.47441128257747 6.89590252016062 0.21642603105752
 Cl -2.43913181858222 6.45217422279933 1.90461886418196
 C -3.67727448235560 7.40496994301060 -0.26694380821096
 H -4.54516897037302 7.47200141901380 0.38751457590297
 C -3.74280224281524 7.84749729010921 -1.58836952011977
 Cl -5.23924138680223 8.48650086324947 -2.20842408949271
 C -2.62387130529725 7.78397887876051 -2.41913783495839
 H -2.67934001276275 8.11338005023123 -3.45569618258868
 C -1.43402375495738 7.26695710827978 -1.91230499360122
 Cl -0.10502918694180 7.12735595978260 -3.03574389010795
 C 1.21473483628093 6.96624500867848 -0.28317569836392
 C 1.35383700303282 8.35555523484125 -0.03767205673578
 Cl 0.02769385062114 9.27408605843051 0.62965530396574
 C 2.54891514667787 9.04236005656370 -0.23791472763449
 H 2.61134073991028 10.10726201436690 -0.01853362753391
 C 3.66425077580205 8.34029943276617 -0.69588150067157
 Cl 5.16850005856336 9.18157866520159 -0.94490518962155
 C 3.58916943611882 6.97195360458720 -0.95727117084459
 H 4.45416587904789 6.42782903121081 -1.33374937868074
 C 2.38073676752866 6.31020144030583 -0.75314949788212
 Cl 2.33216493336375 4.62138948978039 -1.19297238327472
 C 0.00766041447724 -1.22649877893443 2.87911241254806
 C 0.00000964966150 -0.00000004589838 2.19595286212576
 H 0.00000892554697 -0.00000070507614 1.10475455948821
 C -0.00764142326277 1.22649947788191 2.87911103627404
 C -0.00597546602659 1.21110371607307 4.28565562577613
 H -0.03618079030316 2.15186018185002 4.83877377777419
 C 0.00001003070117 0.00000154953345 4.97777796632015
 H 0.00001007972327 0.00000218585537 6.07045674394579
 C 0.00599492021514 -1.21110143044730 4.28565700588587
 H 0.03619969437820 -2.15185728174934 4.83877622241333
 C -0.04745108989794 4.99020222182910 0.68417964028568
 C -0.04748567033720 6.25269589835472 -0.05943517516396
 C 0.64075347142730 4.83218642001947 1.91358976294991

There are 60 heavy atoms.
There are 76 electrons in 60 orbitals.


Carbon 1e params: A = -22.717075 b = 1.705616

Nitrogen 1e params: alphan2 = -17.681338 Acn2 = -24.737202 bcn2 = 1.433639

Chlorine 1e params: alphacl = -10.335674 Accl = -26.021937 bccl=1.451861
C-Cl bond
C-Cl bond
C-Cl bond
C-Cl bond
C-Cl bond
C-Cl bond
C-Cl bond
C-Cl bond
C-Cl bond
C-Cl bond
C-Cl bond
C-Cl bond
C-Cl bond
C-Cl bond
C-Cl bond
C-Cl bond
Cl atom 45
Cl atom 46
Cl atom 47
Cl atom 48
Cl atom 49
Cl atom 50
Cl atom 51
Cl atom 52
Cl atom 53
Cl atom 54
Cl atom 55
Cl atom 56
Cl atom 57
Cl atom 58
Cl atom 59
Cl atom 60

Carbon 2e params: U = 8.420838 r0 = 1.173157

Nitrogen 2e params: Un2n2 = 17.979843 r0n2n2 = 1.111791

Chlorine 2e params: Uclcl= 9.642991 r0clcl = 2.253316

Mixed 2e params: Ucn2 = 13.200341 Uccl = 9.031915 Un2cl = 13.811417 r0cn2 =1.142474 r0ccl = 1.713237 r0n2cl = 1.682554
[8.42083845 3.83412028 2.74285447 3.83414894 1.59658743 1.51875572
 1.26030614 1.12141672 0.96821642 1.156589   1.34128647 0.90152956
 0.83358773 0.77583498 0.77160558 0.82169764 0.89084271 0.89631684
 0.91939851 0.83997723 0.76231538 0.74668323 0.80122279 1.5412792
 1.50774945 1.27681282 1.13957385 1.14728825 1.30390879 1.54507675
 1.30643504 1.15057268 1.14445685 1.28372319 1.51544377 1.98340407
 2.68365559 3.71997814 2.67981931 1.98949336 1.8060431  2.44056403
 1.79194129 2.74299744 2.7067466  2.70699505 1.69764563 1.46763529
 1.22351055 1.05608769 1.40569737 1.56134117 1.04206888 1.13862976
 2.43909229 1.43851004 1.78971264 1.78985412 1.44444687 2.45424798]
FCIDUMP file in AO basis written to FCIDUMP/FCIDUMP_AO_TTMmTTM


-------------------------------------
Using converged orbitals from CSF-ROHF calculation
-------------------------------------

orbital number 1
[-0.05 -0.06 -0.1  -0.06 -0.05 -0.06 -0.1  -0.09 -0.06 -0.1  -0.06 -0.14
 -0.18 -0.13 -0.17 -0.13 -0.18 -0.14 -0.17 -0.13 -0.16 -0.12 -0.17 -0.14
 -0.18 -0.13 -0.17 -0.13 -0.18 -0.14 -0.17 -0.12 -0.16 -0.13 -0.17 -0.03
 -0.03 -0.03 -0.02 -0.02 -0.02 -0.09 -0.06 -0.1  -0.09 -0.09 -0.09 -0.09
 -0.17 -0.17 -0.17 -0.16 -0.16 -0.16 -0.17 -0.17 -0.17 -0.16 -0.16 -0.16]
orbital number 2
[ 0.04  0.05  0.09  0.05 -0.04 -0.05 -0.09 -0.08 -0.06 -0.08 -0.05 -0.14
 -0.18 -0.13 -0.17 -0.13 -0.18 -0.14 -0.17 -0.13 -0.16 -0.13 -0.17  0.14
  0.18  0.13  0.17  0.13  0.18  0.14  0.17  0.13  0.16  0.13  0.17 -0.01
 -0.    0.01  0.01 -0.   -0.01  0.08  0.06  0.08  0.08  0.08 -0.08 -0.08
 -0.17 -0.17 -0.17 -0.17 -0.16 -0.16  0.17  0.17  0.17  0.16  0.16  0.17]
orbital number 3
[ 0.    0.    0.    0.    0.    0.    0.    0.    0.    0.    0.   -0.12
 -0.17 -0.13 -0.18 -0.13 -0.17  0.13  0.18  0.14  0.19  0.14  0.17 -0.13
 -0.18 -0.14 -0.19 -0.14 -0.18  0.13  0.18  0.14  0.2   0.15  0.19  0.
  0.    0.    0.    0.    0.    0.    0.    0.    0.    0.    0.    0.
 -0.17 -0.18 -0.17  0.18  0.19  0.17 -0.17 -0.19 -0.18  0.18  0.2   0.19]
orbital number 4
[-0.   -0.   -0.   -0.    0.    0.    0.    0.    0.    0.    0.   -0.13
 -0.18 -0.14 -0.19 -0.14 -0.18  0.13  0.19  0.15  0.2   0.14  0.18  0.12
  0.17  0.13  0.18  0.13  0.17 -0.13 -0.17 -0.14 -0.19 -0.14 -0.18  0.
  0.   -0.   -0.    0.    0.   -0.   -0.   -0.   -0.   -0.    0.    0.
 -0.17 -0.19 -0.17  0.19  0.2   0.18  0.17  0.18  0.17 -0.17 -0.19 -0.18]
orbital number 5
[-0.17 -0.17 -0.27 -0.17 -0.17 -0.17 -0.27 -0.21 -0.02 -0.26 -0.17  0.03
  0.05  0.05  0.07  0.05  0.05  0.04  0.06  0.05  0.07  0.05  0.06  0.03
  0.05  0.05  0.07  0.05  0.05  0.04  0.06  0.05  0.07  0.05  0.06 -0.11
 -0.09 -0.11 -0.07 -0.06 -0.07 -0.21 -0.02 -0.26 -0.28 -0.27 -0.28 -0.27
  0.06  0.07  0.06  0.06  0.07  0.06  0.06  0.07  0.06  0.06  0.07  0.06]
orbital number 6
[-0.15 -0.17 -0.28 -0.17  0.15  0.17  0.28  0.22  0.03  0.28  0.17 -0.03
 -0.05 -0.04 -0.06 -0.04 -0.05 -0.03 -0.05 -0.04 -0.06 -0.04 -0.05  0.03
  0.05  0.04  0.06  0.04  0.05  0.03  0.05  0.04  0.06  0.04  0.05  0.05
  0.   -0.05 -0.02  0.    0.02 -0.22 -0.03 -0.28 -0.3  -0.28  0.3   0.28
 -0.05 -0.06 -0.05 -0.05 -0.06 -0.05  0.05  0.06  0.05  0.05  0.06  0.05]
orbital number 7
[-0.02  0.1   0.25 -0.12 -0.02  0.1   0.25  0.    0.   -0.24 -0.12  0.
  0.   -0.   -0.   -0.    0.    0.   -0.   -0.   -0.    0.    0.    0.
  0.   -0.   -0.   -0.    0.    0.    0.    0.   -0.   -0.   -0.   -0.05
 -0.05 -0.05 -0.04 -0.04 -0.04  0.    0.   -0.24  0.43 -0.4   0.43 -0.4
  0.   -0.01  0.01 -0.   -0.    0.    0.01 -0.01  0.    0.   -0.   -0.  ]
orbital number 8
[-0.    0.1   0.24 -0.11  0.   -0.1  -0.24  0.01  0.    0.25  0.11  0.
  0.   -0.   -0.   -0.   -0.    0.    0.01 -0.   -0.01 -0.    0.   -0.
  0.    0.    0.    0.   -0.   -0.   -0.    0.    0.01  0.   -0.01  0.
 -0.   -0.   -0.   -0.    0.   -0.01 -0.   -0.25  0.42 -0.42 -0.42  0.42
  0.   -0.01 -0.    0.01 -0.01 -0.    0.    0.01 -0.    0.    0.01 -0.01]
orbital number 9
[-0.07 -0.03  0.01 -0.01 -0.07 -0.03  0.01  0.03  0.04  0.04 -0.01  0.08
  0.09 -0.03 -0.17 -0.04  0.08  0.08  0.16 -0.01 -0.18 -0.07  0.01  0.08
  0.08 -0.04 -0.17 -0.03  0.09  0.08  0.01 -0.07 -0.18 -0.01  0.16 -0.16
 -0.15 -0.16 -0.14 -0.14 -0.14  0.03  0.04  0.04  0.02  0.07  0.02  0.07
  0.15 -0.29  0.13  0.27 -0.31  0.02  0.13 -0.29  0.15  0.02 -0.31  0.27]
orbital number 10
[-0.01 -0.   -0.   -0.01  0.01  0.    0.   -0.   -0.03  0.01  0.01 -0.08
 -0.1   0.03  0.17  0.04 -0.08 -0.09 -0.19  0.    0.2   0.09  0.    0.08
  0.08 -0.04 -0.17 -0.03  0.1   0.09 -0.   -0.09 -0.2  -0.    0.19  0.
 -0.   -0.   -0.   -0.    0.    0.    0.03 -0.01 -0.   -0.03  0.    0.03
 -0.16  0.3  -0.13 -0.33  0.33  0.01  0.13 -0.3   0.16 -0.01 -0.33  0.33]
orbital number 11
[-0.05 -0.02  0.01 -0.01 -0.05 -0.02  0.01  0.02  0.01  0.04 -0.01  0.06
  0.1  -0.01 -0.12 -0.04  0.03 -0.03 -0.23 -0.07  0.07  0.1   0.15  0.06
  0.03 -0.04 -0.12 -0.01  0.1  -0.03  0.15  0.1   0.07 -0.07 -0.23 -0.13
 -0.13 -0.13 -0.12 -0.12 -0.12  0.02  0.01  0.04  0.02  0.06  0.02  0.06
  0.17 -0.21  0.05 -0.4   0.13  0.26  0.05 -0.21  0.17  0.26  0.13 -0.4 ]
orbital number 12
[ 0.    0.    0.    0.   -0.   -0.   -0.    0.    0.01 -0.   -0.    0.08
  0.16 -0.01 -0.17 -0.06  0.03 -0.01 -0.2  -0.07  0.04  0.09  0.16 -0.08
 -0.03  0.06  0.17  0.01 -0.16  0.01 -0.16 -0.09 -0.04  0.07  0.2  -0.
 -0.    0.    0.   -0.   -0.   -0.   -0.01  0.    0.01  0.   -0.01 -0.
  0.27 -0.3   0.04 -0.35  0.07  0.26 -0.04  0.3  -0.27 -0.26 -0.07  0.35]
orbital number 13
[-0.04 -0.01  0.01 -0.01 -0.04 -0.01  0.01  0.02  0.    0.03 -0.01 -0.01
 -0.24 -0.1   0.01  0.11  0.23 -0.   -0.02 -0.01  0.01  0.01  0.01 -0.01
  0.23  0.11  0.01 -0.1  -0.24 -0.    0.01  0.01  0.01 -0.01 -0.02 -0.1
 -0.1  -0.1  -0.09 -0.09 -0.09  0.02  0.    0.03  0.02  0.05  0.02  0.05
 -0.42  0.03  0.39 -0.04  0.01  0.02  0.39  0.03 -0.42  0.02  0.01 -0.04]
orbital number 14
[ 0.    0.    0.    0.   -0.   -0.   -0.    0.    0.01  0.   -0.    0.03
 -0.21 -0.11 -0.05  0.09  0.27  0.   -0.05 -0.02  0.    0.02  0.05 -0.03
 -0.27 -0.09  0.05  0.11  0.21 -0.   -0.05 -0.02 -0.    0.02  0.05 -0.
 -0.    0.    0.   -0.   -0.   -0.   -0.01 -0.    0.01 -0.   -0.01  0.
 -0.36 -0.09  0.45 -0.08  0.    0.08 -0.45  0.09  0.36 -0.08 -0.    0.08]
orbital number 15
[-0.12 -0.04  0.04 -0.02 -0.12 -0.04  0.04  0.05 -0.    0.09 -0.02 -0.07
 -0.02  0.05  0.15  0.   -0.14 -0.01  0.02  0.02  0.02 -0.01 -0.04 -0.07
 -0.14  0.    0.15  0.05 -0.02 -0.01 -0.04 -0.01  0.02  0.02  0.02 -0.31
 -0.3  -0.31 -0.28 -0.27 -0.28  0.05 -0.    0.09  0.08  0.15  0.08  0.15
 -0.04  0.26 -0.24  0.03  0.03 -0.06 -0.24  0.26 -0.04 -0.06  0.03  0.03]
orbital number 16
[-0.   -0.   -0.   -0.    0.    0.    0.   -0.   -0.01  0.    0.    0.05
  0.06 -0.02 -0.12 -0.02  0.07 -0.09  0.02  0.1   0.2  -0.02 -0.24 -0.05
 -0.07  0.02  0.12  0.02 -0.06  0.09  0.24  0.02 -0.2  -0.1  -0.02  0.
  0.   -0.   -0.    0.    0.    0.    0.01 -0.   -0.   -0.01  0.    0.01
  0.11 -0.21  0.12  0.04  0.34 -0.41 -0.12  0.21 -0.11  0.41 -0.34 -0.04]
orbital number 17
[-0.02 -0.01  0.01 -0.   -0.02 -0.01  0.01  0.01 -0.01  0.02 -0.    0.05
  0.06 -0.02 -0.11 -0.02  0.06 -0.09  0.02  0.1   0.2  -0.02 -0.24  0.05
  0.06 -0.02 -0.11 -0.02  0.06 -0.09 -0.24 -0.02  0.2   0.1   0.02 -0.05
 -0.05 -0.05 -0.05 -0.05 -0.05  0.01 -0.01  0.02  0.01  0.03  0.01  0.03
  0.1  -0.19  0.11  0.04  0.35 -0.41  0.11 -0.19  0.1  -0.41  0.35  0.04]
orbital number 18
[-0.39 -0.24  0.   -0.24  0.39  0.24 -0.    0.01  0.01 -0.01  0.24  0.
 -0.   -0.    0.    0.   -0.    0.   -0.    0.    0.   -0.   -0.   -0.
  0.   -0.   -0.    0.    0.   -0.    0.    0.   -0.   -0.    0.    0.25
  0.   -0.25 -0.16  0.    0.16 -0.01 -0.01  0.01  0.27  0.27 -0.27 -0.27
 -0.    0.   -0.   -0.    0.   -0.    0.   -0.    0.    0.   -0.    0.  ]
orbital number 19
[-0.32 -0.25 -0.05 -0.25 -0.32 -0.25 -0.05 -0.08 -0.04 -0.04 -0.25 -0.02
 -0.   -0.    0.   -0.   -0.   -0.02 -0.   -0.    0.   -0.   -0.   -0.02
 -0.   -0.    0.   -0.   -0.   -0.02 -0.   -0.    0.   -0.   -0.    0.01
  0.01  0.01  0.22  0.3   0.22 -0.08 -0.04 -0.04  0.29  0.29  0.29  0.29
  0.02  0.    0.02  0.02  0.    0.02  0.02  0.    0.02  0.02  0.    0.02]
orbital number 20
[-0.06 -0.01  0.04 -0.01  0.06  0.01 -0.04 -0.14 -0.16 -0.04  0.01 -0.21
 -0.09 -0.11 -0.05 -0.11 -0.09 -0.2  -0.09 -0.11 -0.05 -0.11 -0.08  0.21
  0.09  0.11  0.05  0.11  0.09  0.2   0.08  0.11  0.05  0.11  0.09  0.07
 -0.   -0.07 -0.05  0.    0.05  0.14  0.16  0.04 -0.09 -0.09  0.09  0.09
  0.23  0.16  0.23  0.23  0.16  0.23 -0.23 -0.16 -0.23 -0.23 -0.16 -0.23]
orbital number 21
[ 0.08  0.04 -0.03  0.04  0.08  0.04 -0.03 -0.11 -0.15 -0.02  0.04 -0.21
 -0.09 -0.12 -0.05 -0.12 -0.09 -0.2  -0.09 -0.12 -0.05 -0.11 -0.09 -0.21
 -0.09 -0.12 -0.05 -0.12 -0.09 -0.2  -0.09 -0.11 -0.05 -0.12 -0.09  0.02
  0.03  0.02 -0.06 -0.09 -0.06 -0.11 -0.15 -0.02  0.05  0.05  0.05  0.05
  0.23  0.17  0.23  0.23  0.16  0.23  0.23  0.17  0.23  0.23  0.16  0.23]
orbital number 22
[-0.    0.    0.   -0.    0.   -0.   -0.   -0.   -0.   -0.    0.    0.14
  0.09  0.15  0.09  0.15  0.08 -0.14 -0.09 -0.16 -0.09 -0.15 -0.08 -0.16
 -0.1  -0.18 -0.11 -0.18 -0.1   0.17  0.1   0.18  0.11  0.18  0.1   0.
 -0.   -0.   -0.    0.    0.    0.    0.    0.   -0.   -0.    0.    0.
 -0.2  -0.21 -0.2   0.2   0.21  0.2   0.23  0.24  0.23 -0.23 -0.25 -0.23]
orbital number 23
[-0.    0.    0.   -0.   -0.    0.    0.    0.    0.   -0.   -0.   -0.16
 -0.1  -0.18 -0.11 -0.18 -0.1   0.17  0.1   0.18  0.11  0.18  0.1  -0.14
 -0.08 -0.15 -0.09 -0.15 -0.09  0.14  0.08  0.15  0.09  0.16  0.09 -0.
 -0.   -0.    0.    0.    0.    0.    0.   -0.   -0.   -0.   -0.   -0.
  0.23  0.24  0.23 -0.23 -0.25 -0.23  0.2   0.21  0.2  -0.2  -0.21 -0.2 ]
orbital number 24
[-0.08  0.05  0.14  0.05  0.08 -0.05 -0.14 -0.3  -0.09 -0.13 -0.05 -0.
  0.03  0.09  0.07  0.09  0.03 -0.    0.03  0.09  0.07  0.09  0.02  0.
 -0.03 -0.09 -0.07 -0.09 -0.03  0.   -0.02 -0.09 -0.07 -0.09 -0.03  0.29
 -0.   -0.29 -0.27  0.    0.27  0.3   0.09  0.13 -0.23 -0.23  0.23  0.23
 -0.05 -0.12 -0.05 -0.06 -0.12 -0.06  0.05  0.12  0.05  0.06  0.12  0.06]
orbital number 25
[-0.09  0.03  0.11  0.02 -0.09  0.03  0.11  0.25  0.08  0.1   0.02  0.01
 -0.02 -0.08 -0.06 -0.08 -0.02  0.01 -0.02 -0.08 -0.06 -0.08 -0.02  0.01
 -0.02 -0.08 -0.06 -0.08 -0.02  0.01 -0.02 -0.08 -0.06 -0.08 -0.02 -0.21
 -0.4  -0.21  0.23  0.45  0.23  0.25  0.08  0.1  -0.18 -0.17 -0.18 -0.17
  0.04  0.1   0.04  0.04  0.1   0.04  0.04  0.1   0.04  0.04  0.1   0.04]
orbital number 26
[ 0.18  0.14 -0.05  0.13  0.18  0.14 -0.05 -0.22 -0.16 -0.06  0.13 -0.14
 -0.02  0.13  0.13  0.13 -0.02 -0.14 -0.02  0.13  0.13  0.13 -0.02 -0.14
 -0.02  0.13  0.13  0.13 -0.02 -0.14 -0.02  0.13  0.13  0.13 -0.02 -0.17
 -0.38 -0.17  0.11  0.27  0.11 -0.22 -0.16 -0.06  0.05  0.06  0.05  0.06
  0.01 -0.16  0.01  0.01 -0.16  0.01  0.01 -0.16  0.01  0.01 -0.16  0.01]
orbital number 27
[-0.13 -0.13  0.01 -0.13  0.13  0.13 -0.01 -0.12 -0.16 -0.01  0.13 -0.18
 -0.03  0.14  0.15  0.14 -0.03 -0.18 -0.03  0.14  0.15  0.14 -0.03  0.18
  0.03 -0.14 -0.15 -0.14  0.03  0.18  0.03 -0.14 -0.15 -0.14  0.03 -0.25
  0.    0.25  0.3  -0.   -0.3   0.12  0.16  0.01  0.    0.   -0.   -0.
  0.03 -0.17  0.03  0.03 -0.17  0.03 -0.03  0.17 -0.03 -0.03  0.17 -0.03]
orbital number 28
[-0.01  0.36  0.25 -0.38  0.01 -0.36 -0.25 -0.02  0.    0.23  0.38  0.02
  0.01 -0.01 -0.01 -0.01  0.    0.01  0.   -0.   -0.   -0.01  0.   -0.02
 -0.    0.01  0.01  0.01 -0.01 -0.01 -0.    0.01  0.    0.   -0.   -0.01
 -0.    0.01  0.01 -0.   -0.01  0.02 -0.   -0.23 -0.24  0.23  0.24 -0.23
 -0.    0.01 -0.   -0.    0.   -0.    0.   -0.01  0.    0.   -0.    0.  ]
orbital number 29
[-0.   -0.37 -0.24  0.37 -0.   -0.37 -0.24  0.01 -0.    0.25  0.37 -0.01
 -0.    0.    0.    0.   -0.   -0.01 -0.    0.01  0.01  0.01 -0.   -0.01
 -0.    0.    0.    0.   -0.   -0.01 -0.    0.01  0.01  0.01 -0.   -0.
 -0.   -0.    0.    0.01  0.    0.01 -0.    0.25  0.23 -0.24  0.23 -0.24
  0.   -0.    0.    0.   -0.01  0.    0.   -0.    0.    0.   -0.01  0.  ]
orbital number 30
[ 0.2   0.08 -0.13  0.11  0.2   0.08 -0.13 -0.3   0.05 -0.11  0.11  0.22
  0.06 -0.12 -0.14 -0.1   0.07  0.21  0.08 -0.09 -0.14 -0.13  0.05  0.22
  0.07 -0.1  -0.14 -0.12  0.06  0.21  0.05 -0.13 -0.14 -0.09  0.08 -0.07
 -0.2  -0.07  0.03  0.09  0.03 -0.3   0.05 -0.11  0.13  0.11  0.13  0.11
 -0.06  0.14 -0.07 -0.07  0.14 -0.05 -0.07  0.14 -0.06 -0.05  0.14 -0.07]
orbital number 31
[ 0.08  0.05 -0.04  0.04 -0.08 -0.05  0.04  0.11 -0.01  0.05 -0.04 -0.06
  0.19  0.35  0.04 -0.29 -0.23 -0.07 -0.1  -0.09  0.05  0.16  0.06  0.06
  0.23  0.29 -0.04 -0.35 -0.19  0.07 -0.06 -0.16 -0.05  0.09  0.1   0.06
  0.   -0.06 -0.09 -0.    0.09 -0.11  0.01 -0.05  0.03  0.04 -0.03 -0.04
 -0.18 -0.04  0.22  0.1  -0.04 -0.06 -0.22  0.04  0.18  0.06  0.04 -0.1 ]
orbital number 32
[-0.01 -0.    0.   -0.   -0.01 -0.    0.    0.01 -0.    0.   -0.   -0.01
 -0.24 -0.36  0.01  0.37  0.24 -0.    0.01  0.02  0.   -0.02 -0.01 -0.01
  0.24  0.37  0.01 -0.36 -0.24 -0.   -0.01 -0.02  0.    0.02  0.01  0.
  0.01  0.   -0.   -0.   -0.    0.01 -0.    0.   -0.   -0.   -0.   -0.
  0.24 -0.01 -0.23 -0.01 -0.    0.01 -0.23 -0.01  0.24  0.01 -0.   -0.01]
orbital number 33
[-0.07 -0.05  0.03 -0.03  0.07  0.05 -0.03 -0.1   0.01 -0.04  0.03  0.06
  0.13  0.14 -0.04 -0.2  -0.09  0.06  0.22  0.27 -0.04 -0.34 -0.18 -0.06
  0.09  0.2   0.04 -0.14 -0.13 -0.06  0.18  0.34  0.04 -0.27 -0.22 -0.06
  0.    0.06  0.08 -0.   -0.08  0.1  -0.01  0.04 -0.03 -0.04  0.03  0.04
 -0.13  0.04  0.09 -0.21  0.04  0.18 -0.09 -0.04  0.13 -0.18 -0.04  0.21]
orbital number 34
[ 0.01  0.   -0.01  0.01  0.01  0.   -0.01 -0.01  0.   -0.    0.01  0.01
 -0.01 -0.03 -0.01  0.02  0.02  0.01 -0.24 -0.37 -0.    0.37  0.24  0.01
  0.02  0.02 -0.01 -0.03 -0.01  0.01  0.24  0.37 -0.   -0.37 -0.24 -0.
 -0.01 -0.    0.    0.    0.   -0.01  0.   -0.    0.01  0.    0.01  0.
  0.01  0.01 -0.02  0.23  0.   -0.24 -0.02  0.01  0.01 -0.24  0.    0.23]
orbital number 35
[ 0.18  0.13 -0.09  0.09 -0.18 -0.13  0.09  0.27 -0.02  0.11 -0.09 -0.17
 -0.1   0.01  0.11  0.15 -0.01 -0.16  0.06  0.25  0.1  -0.09 -0.16  0.17
  0.01 -0.15 -0.11 -0.01  0.1   0.16  0.16  0.09 -0.1  -0.25 -0.06  0.14
 -0.   -0.14 -0.21  0.    0.21 -0.27  0.02 -0.11  0.08  0.11 -0.08 -0.11
  0.09 -0.1   0.01 -0.06 -0.1   0.16 -0.01  0.1  -0.09 -0.16  0.1   0.06]
orbital number 36
[-0.    0.01  0.   -0.01 -0.    0.    0.    0.   -0.   -0.   -0.    0.27
  0.09 -0.13 -0.17 -0.12  0.09 -0.28 -0.09  0.13  0.17  0.13 -0.09  0.34
  0.12 -0.15 -0.21 -0.16  0.11 -0.35 -0.12  0.16  0.22  0.16 -0.11  0.
  0.    0.    0.   -0.   -0.    0.   -0.   -0.   -0.    0.   -0.    0.
 -0.08  0.16 -0.09  0.09 -0.16  0.09 -0.11  0.2  -0.1   0.11 -0.2   0.11]
orbital number 37
[ 0.   -0.   -0.    0.01 -0.    0.    0.    0.   -0.   -0.   -0.01  0.34
  0.11 -0.16 -0.21 -0.15  0.12 -0.35 -0.11  0.16  0.22  0.16 -0.12 -0.27
 -0.09  0.12  0.17  0.13 -0.09  0.28  0.09 -0.13 -0.17 -0.13  0.09  0.
  0.   -0.   -0.   -0.    0.   -0.    0.    0.    0.   -0.   -0.    0.
 -0.1   0.2  -0.11  0.11 -0.2   0.11  0.09 -0.16  0.08 -0.09  0.16 -0.09]
orbital number 38
[ 0.    0.   -0.    0.    0.12 -0.01 -0.15 -0.03  0.89 -0.15 -0.01 -0.06
 -0.14  0.01  0.11  0.01 -0.14 -0.06 -0.14  0.02  0.11  0.01 -0.14  0.
 -0.    0.    0.    0.   -0.    0.   -0.    0.    0.    0.   -0.    0.
 -0.03 -0.    0.02 -0.   -0.03 -0.    0.   -0.    0.    0.    0.07  0.07
  0.07 -0.05  0.07  0.07 -0.05  0.07  0.   -0.    0.    0.   -0.    0.  ]
orbital number 39
[ 0.12 -0.01 -0.15 -0.01  0.    0.   -0.   -0.    0.   -0.    0.    0.
 -0.    0.    0.    0.   -0.    0.   -0.    0.    0.    0.   -0.   -0.06
 -0.14  0.01  0.11  0.01 -0.14 -0.06 -0.14  0.01  0.11  0.02 -0.14 -0.
 -0.03  0.   -0.03 -0.    0.02 -0.03  0.89 -0.15  0.07  0.07  0.    0.
  0.   -0.    0.    0.   -0.    0.    0.07 -0.05  0.07  0.07 -0.05  0.07]
orbital number 40
[ 0.24 -0.2  -0.08 -0.19 -0.24  0.2   0.08 -0.24  0.05  0.09  0.19  0.05
 -0.04 -0.02  0.05 -0.02 -0.03  0.05 -0.03 -0.02  0.05 -0.02 -0.03 -0.05
  0.03  0.02 -0.05  0.02  0.04 -0.05  0.03  0.02 -0.05  0.02  0.03 -0.33
 -0.    0.33 -0.41 -0.    0.41  0.24 -0.05 -0.09  0.03  0.04 -0.03 -0.04
  0.01 -0.02  0.01  0.01 -0.02  0.01 -0.01  0.02 -0.01 -0.01  0.02 -0.01]
orbital number 41
[-0.27  0.18  0.11  0.19 -0.27  0.18  0.11 -0.25  0.05  0.1   0.19  0.06
 -0.04 -0.02  0.06 -0.02 -0.04  0.06 -0.04 -0.02  0.06 -0.02 -0.04  0.06
 -0.04 -0.02  0.06 -0.02 -0.04  0.06 -0.04 -0.02  0.06 -0.02 -0.04 -0.22
  0.5  -0.22 -0.14  0.34 -0.14 -0.25  0.05  0.1  -0.04 -0.04 -0.04 -0.04
  0.01 -0.02  0.01  0.01 -0.02  0.01  0.01 -0.02  0.01  0.01 -0.02  0.01]
orbital number 42
[ 0.   -0.    0.    0.    0.   -0.    0.    0.    0.   -0.    0.   -0.27
  0.15  0.13 -0.29  0.12  0.16  0.26 -0.16 -0.12  0.29 -0.13 -0.14 -0.27
  0.16  0.12 -0.29  0.13  0.15  0.26 -0.14 -0.13  0.29 -0.12 -0.16 -0.
  0.   -0.   -0.    0.   -0.    0.    0.   -0.   -0.    0.   -0.    0.
 -0.05  0.11 -0.06  0.06 -0.11  0.05 -0.06  0.11 -0.05  0.05 -0.11  0.06]
orbital number 43
[ 0.   -0.    0.    0.   -0.    0.   -0.   -0.   -0.    0.   -0.    0.27
 -0.15 -0.13  0.29 -0.12 -0.15 -0.26  0.16  0.12 -0.29  0.13  0.14 -0.27
  0.15  0.12 -0.29  0.13  0.15  0.26 -0.14 -0.13  0.29 -0.12 -0.16  0.
  0.   -0.    0.    0.   -0.    0.    0.   -0.   -0.    0.    0.   -0.
  0.05 -0.11  0.06 -0.06  0.11 -0.05 -0.06  0.11 -0.05  0.05 -0.11  0.06]
orbital number 44
[ 0.04 -0.33  0.34  0.3   0.04 -0.33  0.34  0.03  0.   -0.38  0.3  -0.02
 -0.    0.02 -0.02 -0.    0.02 -0.02  0.    0.02 -0.02  0.    0.02 -0.02
  0.02 -0.   -0.02  0.02 -0.   -0.02  0.02  0.   -0.02  0.02  0.   -0.02
  0.03 -0.02 -0.03  0.06 -0.03  0.03  0.   -0.38 -0.12  0.14 -0.12  0.14
  0.    0.01 -0.01 -0.    0.01 -0.01 -0.01  0.01  0.   -0.01  0.01 -0.  ]
orbital number 45
[ 0.01  0.32 -0.37 -0.32 -0.01 -0.32  0.37 -0.01 -0.   -0.36  0.32  0.01
 -0.01  0.    0.01 -0.01  0.01  0.   -0.01  0.01  0.   -0.01  0.01 -0.01
 -0.01  0.01 -0.01 -0.    0.01 -0.   -0.01  0.01 -0.   -0.01  0.01  0.
 -0.   -0.    0.   -0.   -0.    0.01  0.    0.36  0.13 -0.13 -0.13  0.13
  0.   -0.   -0.    0.   -0.   -0.    0.    0.   -0.    0.    0.   -0.  ]
orbital number 46
[ 0.    0.01 -0.01 -0.01  0.   -0.    0.    0.   -0.   -0.    0.   -0.
  0.06 -0.05 -0.    0.05 -0.06  0.   -0.02  0.02 -0.   -0.02  0.02 -0.
  0.49 -0.43 -0.    0.43 -0.48 -0.   -0.15  0.14 -0.   -0.14  0.16 -0.
  0.   -0.   -0.    0.   -0.    0.    0.    0.01  0.   -0.   -0.    0.
 -0.02  0.    0.02  0.01  0.   -0.01 -0.17  0.    0.17  0.06  0.   -0.06]
orbital number 47
[-0.   -0.    0.    0.   -0.   -0.01  0.01 -0.   -0.   -0.01  0.01  0.
  0.48 -0.43  0.    0.43 -0.49  0.   -0.16  0.14  0.   -0.14  0.15  0.
 -0.06  0.05  0.   -0.05  0.06  0.    0.02 -0.02  0.    0.02 -0.02  0.
 -0.    0.    0.   -0.    0.   -0.   -0.   -0.   -0.    0.   -0.    0.
 -0.17 -0.    0.17  0.06 -0.   -0.06  0.02 -0.   -0.02 -0.01 -0.    0.01]
orbital number 48
[-0.    0.01 -0.01 -0.01 -0.    0.01 -0.01 -0.   -0.    0.01 -0.01  0.01
 -0.11  0.09  0.01 -0.1   0.11 -0.   -0.34  0.31 -0.   -0.3   0.35  0.01
  0.11 -0.1   0.01  0.09 -0.11 -0.    0.35 -0.3  -0.    0.31 -0.34  0.
 -0.01  0.    0.   -0.01  0.   -0.   -0.    0.01  0.   -0.    0.   -0.
  0.04 -0.   -0.04  0.12  0.   -0.12 -0.04 -0.    0.04 -0.12  0.    0.12]
orbital number 49
[ 0.   -0.01  0.01  0.01 -0.    0.01 -0.01 -0.   -0.    0.01 -0.01  0.01
 -0.11  0.09  0.01 -0.1   0.11 -0.   -0.34  0.31 -0.01 -0.3   0.35 -0.01
 -0.11  0.1  -0.01 -0.09  0.11  0.   -0.35  0.3   0.01 -0.31  0.34  0.
  0.   -0.    0.    0.   -0.    0.    0.   -0.01 -0.    0.    0.   -0.
  0.04 -0.   -0.04  0.12  0.   -0.12  0.04  0.   -0.04  0.12 -0.   -0.12]
orbital number 50
[-0.2   0.02  0.17  0.11 -0.2   0.02  0.17 -0.19 -0.03  0.07  0.11  0.14
 -0.08 -0.07  0.16 -0.07 -0.08  0.15 -0.07 -0.08  0.17 -0.07 -0.09  0.14
 -0.08 -0.07  0.16 -0.07 -0.08  0.15 -0.09 -0.07  0.17 -0.08 -0.07  0.17
 -0.3   0.17  0.24 -0.42  0.24 -0.19 -0.03  0.07 -0.06 -0.03 -0.06 -0.03
  0.03 -0.06  0.03  0.03 -0.06  0.03  0.03 -0.06  0.03  0.03 -0.06  0.03]
orbital number 51
[-0.12  0.02  0.1  -0.    0.12 -0.02 -0.1   0.13  0.08 -0.12  0.   -0.21
  0.11  0.11 -0.25  0.12  0.11 -0.22  0.11  0.12 -0.25  0.11  0.11  0.21
 -0.11 -0.12  0.25 -0.11 -0.11  0.22 -0.11 -0.11  0.25 -0.12 -0.11 -0.23
  0.    0.23 -0.2   0.    0.2  -0.13 -0.08  0.12 -0.03 -0.04  0.03  0.04
 -0.04  0.09 -0.04 -0.04  0.09 -0.04  0.04 -0.09  0.04  0.04 -0.09  0.04]
orbital number 52
[ 0.22 -0.12 -0.07 -0.12  0.22 -0.12 -0.07  0.18 -0.15 -0.07 -0.12  0.19
 -0.09 -0.12  0.24 -0.12 -0.08  0.19 -0.08 -0.12  0.24 -0.12 -0.09  0.19
 -0.08 -0.12  0.24 -0.12 -0.09  0.19 -0.09 -0.12  0.24 -0.12 -0.08 -0.05
  0.07 -0.05 -0.15  0.24 -0.15  0.18 -0.15 -0.07  0.03  0.03  0.03  0.03
  0.03 -0.09  0.03  0.03 -0.09  0.03  0.03 -0.09  0.03  0.03 -0.09  0.03]
orbital number 53
[ 0.3  -0.11 -0.15 -0.1  -0.3   0.11  0.15 -0.27  0.13  0.15  0.1  -0.12
  0.04  0.08 -0.16  0.08  0.04 -0.12  0.04  0.08 -0.16  0.08  0.04  0.12
 -0.04 -0.08  0.16 -0.08 -0.04  0.12 -0.04 -0.08  0.16 -0.08 -0.04  0.28
  0.   -0.28  0.2   0.   -0.2   0.27 -0.13 -0.15  0.05  0.05 -0.05 -0.05
 -0.02  0.06 -0.02 -0.02  0.06 -0.02  0.02 -0.06  0.02  0.02 -0.06  0.02]
orbital number 54
[-0.09  0.17 -0.23  0.17 -0.09  0.17 -0.23  0.25 -0.05 -0.24  0.17 -0.02
  0.03 -0.05  0.06 -0.05  0.03 -0.02  0.03 -0.05  0.06 -0.05  0.03 -0.02
  0.03 -0.05  0.06 -0.05  0.03 -0.02  0.03 -0.05  0.06 -0.05  0.03 -0.25
  0.26 -0.25  0.29 -0.31  0.29  0.25 -0.05 -0.24  0.07  0.07  0.07  0.07
 -0.01 -0.02 -0.01 -0.01 -0.02 -0.01 -0.01 -0.02 -0.01 -0.01 -0.02 -0.01]
orbital number 55
[-0.09  0.08 -0.08  0.08  0.09 -0.08  0.08 -0.07 -0.    0.08 -0.08  0.22
 -0.23  0.23 -0.24  0.23 -0.23 -0.14  0.14 -0.14  0.15 -0.15  0.15 -0.22
  0.23 -0.23  0.24 -0.23  0.23  0.14 -0.15  0.15 -0.15  0.14 -0.14 -0.04
 -0.    0.04 -0.02  0.    0.02  0.07  0.   -0.08  0.02  0.02 -0.02 -0.02
  0.06  0.07  0.06 -0.04 -0.04 -0.04 -0.06 -0.07 -0.06  0.04  0.04  0.04]
orbital number 56
[-0.    0.    0.    0.   -0.    0.    0.   -0.    0.    0.    0.   -0.19
  0.2  -0.2   0.21 -0.2   0.2   0.19 -0.2   0.2  -0.21  0.2  -0.2  -0.19
  0.2  -0.2   0.21 -0.2   0.2   0.19 -0.2   0.2  -0.21  0.2  -0.2   0.
 -0.    0.   -0.    0.   -0.   -0.    0.    0.   -0.   -0.   -0.   -0.
 -0.06 -0.06 -0.06  0.05  0.06  0.06 -0.06 -0.06 -0.06  0.06  0.06  0.05]
orbital number 57
[ 0.24 -0.22  0.21 -0.22 -0.24  0.22 -0.21  0.19  0.   -0.21  0.22 -0.03
  0.03 -0.03  0.04 -0.03  0.03 -0.17  0.18 -0.18  0.19 -0.18  0.18  0.03
 -0.03  0.03 -0.04  0.03 -0.03  0.17 -0.18  0.18 -0.19  0.18 -0.18  0.09
 -0.   -0.09  0.04  0.   -0.04 -0.19 -0.    0.21 -0.06 -0.06  0.06  0.06
 -0.01 -0.01 -0.01 -0.05 -0.05 -0.05  0.01  0.01  0.01  0.05  0.05  0.05]
orbital number 58
[ 0.08 -0.04  0.   -0.04  0.08 -0.04  0.    0.02 -0.09  0.   -0.04  0.2
 -0.19  0.17 -0.17  0.17 -0.19  0.2  -0.2   0.18 -0.18  0.18 -0.2   0.2
 -0.19  0.17 -0.17  0.17 -0.19  0.2  -0.2   0.18 -0.18  0.18 -0.2  -0.14
  0.13 -0.14  0.12 -0.11  0.12  0.02 -0.09  0.    0.    0.    0.    0.
  0.05  0.05  0.05  0.06  0.05  0.06  0.05  0.05  0.05  0.06  0.05  0.06]
orbital number 59
[ 0.14 -0.14  0.17 -0.14 -0.14  0.14 -0.17  0.18 -0.11 -0.17  0.14  0.19
 -0.17  0.15 -0.14  0.15 -0.17  0.19 -0.17  0.15 -0.14  0.15 -0.18 -0.19
  0.17 -0.15  0.14 -0.15  0.17 -0.19  0.18 -0.15  0.14 -0.15  0.17  0.06
 -0.   -0.06  0.03  0.   -0.03 -0.18  0.11  0.17 -0.05 -0.05  0.05  0.05
  0.05  0.04  0.05  0.05  0.04  0.05 -0.05 -0.04 -0.05 -0.05 -0.04 -0.05]
orbital number 60
[-0.27  0.2  -0.19  0.2  -0.27  0.2  -0.19  0.18 -0.06 -0.19  0.2   0.07
 -0.06  0.05 -0.04  0.05 -0.06  0.07 -0.06  0.05 -0.04  0.05 -0.06  0.07
 -0.06  0.05 -0.04  0.05 -0.06  0.07 -0.06  0.05 -0.04  0.05 -0.06  0.3
 -0.27  0.3  -0.23  0.21 -0.23  0.18 -0.06 -0.19  0.05  0.05  0.05  0.05
  0.02  0.01  0.02  0.02  0.01  0.02  0.02  0.01  0.02  0.02  0.01  0.02]
ENERGY0: -276.38615304809474

Orbital occupation numbers:
1: 2.000000
2: 2.000000
3: 2.000000
4: 2.000000
5: 2.000000
6: 2.000000
7: 2.000000
8: 2.000000
9: 2.000000
10: 2.000000
11: 2.000000
12: 2.000000
13: 2.000000
14: 2.000000
15: 2.000000
16: 2.000000
17: 2.000000
18: 2.000000
19: 2.000000
20: 2.000000
21: 2.000000
22: 2.000000
23: 2.000000
24: 2.000000
25: 2.000000
26: 2.000000
27: 2.000000
28: 2.000000
29: 2.000000
30: 2.000000
31: 2.000000
32: 2.000000
33: 2.000000
34: 2.000000
35: 2.000000
36: 2.000000
37: 2.000000
38: 1.000000
39: 1.000000
40: 0.000000
41: -0.000000
42: 0.000000
43: -0.000000
44: -0.000000
45: -0.000000
46: -0.000000
47: -0.000000
48: -0.000000
49: -0.000000
50: -0.000000
51: -0.000000
52: -0.000000
53: -0.000000
54: 0.000000
55: -0.000000
56: -0.000000
57: -0.000000
58: 0.000000
59: -0.000000
60: 0.000000

------------------------
Starting ExROPPP calculation for diradical in rotated basis
------------------------

Fock matrix in rotated MO basis: [[-3.94655538e+00 -3.60447015e-15  1.84471749e-16 ...  1.78973547e-09
  -2.72832709e-09 -1.16678200e-09]
 [-3.51527592e-15 -3.94458611e+00  1.60812809e-15 ...  1.97028715e-08
  -1.11853358e-08  6.04708843e-09]
 [-5.14961974e-17  1.67772035e-15 -3.88714386e+00 ... -5.31645972e-09
   6.45153529e-09 -2.44420291e-09]
 ...
 [ 1.78973569e-09  1.97028720e-08 -5.31645900e-09 ...  1.03331079e+01
   6.94962140e-08  2.97021683e-02]
 [-2.72832733e-09 -1.11853347e-08  6.45153520e-09 ...  6.94962137e-08
   1.03868138e+01 -3.16532514e-08]
 [-1.16678212e-09  6.04708874e-09 -2.44420297e-09 ...  2.97021683e-02
  -3.16532514e-08  1.04623343e+01]]
Dimensions of CI matrix: (9816, 9816)
Checking that the Hamiltonian is symmetric (a value of zero means matrix is symmetric) ... 
Frobenius norm of matrix - matrix transpose = 0.000000.

Lowest 200 states. WARNING - Some states may not be included in the spectrum.

Using sparse solver (eigsh) — requesting 95 singlets, 110 triplets, 26 quintets (targeting 200 states total)

Diagonalisation complete. Returning 200 states.

Checking that the Dipole matrix is symmetric (a value of zero means matrix is symmetric) ... 
Frobenius norm of matrix - matrix transpose = 0.00000             0.00000, 0.00000.

Energy of the lowest CI state: -279.6689885683743

State 0 0.000 eV 
Excitation    CI Coef
|3^OS>   -0.97290
|3X^CV(12->13')>    0.05669
Ground state is triplet
TDMs with Triplet 'Ground' state
TDMX:-0.000   TDMY:-0.000   TDMZ:-10.931   Oscillator Strength:0.00000   <S**2>: 2.000
--------------------------------------------------------------------
TDMs with Singlet 'Ground' state
TDMX:0.000   TDMY:0.000   TDMZ:0.000   Oscillator Strength:-0.00000   <S**2>: 2.000
--------------------------------------------------------------------


State 1 0.001 eV 
Excitation    CI Coef
|1^OS>   -0.97323
|1T^CV(12->14')>    0.06070
|1T^CV(11->13')>   -0.06944
TDMs with Triplet 'Ground' state
TDMX:0.000   TDMY:0.000   TDMZ:0.000   Oscillator Strength:0.00000   <S**2>: 0.000
--------------------------------------------------------------------
TDMs with Singlet 'Ground' state
TDMX:-0.000   TDMY:-0.000   TDMZ:-10.931   Oscillator Strength:0.00000   <S**2>: 0.000
--------------------------------------------------------------------


State 2 1.925 eV 
Excitation    CI Coef
|1^CS(14->0)>    0.05958
|1^CS(13->0)>   -0.05028
|1^CS(12->0)>    0.05765
|1^CS(8->0)>    0.14592
|1^CS(7->0)>   -0.05658
|1^CS(5->0)>    0.05315
|1^CS(3->0)>   -0.14061
|1^CS(14->0')>   -0.05958
|1^CS(13->0')>   -0.05028
|1^CS(12->0')>    0.05765
|1^CS(8->0')>    0.14592
|1^CS(7->0')>    0.05658
|1^CS(5->0')>   -0.05315
|1^CS(3->0')>    0.14062
|1^SV(0->1')>   -0.22807
|1^SV(0->2')>   -0.19355
|1^SV(0->11')>   -0.10704
|1^SV(0->12')>    0.07960
|1^SV(0->14')>   -0.07445
|1^SV(0'->1')>    0.22808
|1^SV(0'->2')>   -0.19355
|1^SV(0'->11')>   -0.10705
|1^SV(0'->12')>   -0.07961
|1^SV(0'->14')>    0.07445
|1T^CV(20->14')>   -0.07086
|1T^CV(20->18')>   -0.05931
|1T^CV(19->13')>   -0.05033
|1T^CV(19->15')>    0.07648
|1T^CV(18->1')>   -0.08073
|1T^CV(18->14')>   -0.05437
|1T^CV(17->2')>   -0.07631
|1T^CV(17->11')>   -0.06174
|1T^CV(14->12')>    0.10183
|1T^CV(14->14')>   -0.13394
|1T^CV(13->11')>    0.15029
|1T^CV(13->13')>   -0.08367
|1T^CV(12->2')>   -0.28756
|1T^CV(12->11')>   -0.05301
|1T^CV(11->1')>   -0.30473
|1T^CV(10->6')>   -0.21223
|1T^CV(9->5')>   -0.21094
|1T^CV(8->2')>   -0.22242
|1T^CV(8->13')>    0.16228
|1T^CV(7->1')>    0.11467
|1T^CV(7->14')>    0.05220
|1T^CV(5->1')>   -0.10820
|1T^CV(3->1')>    0.28602
|1T^CV(3->14')>    0.13239
|1T^CV(2->3')>   -0.08082
|1T^CV(1->4')>    0.08084
TDMs with Triplet 'Ground' state
TDMX:0.000   TDMY:0.000   TDMZ:0.000   Oscillator Strength:0.00000   <S**2>: 0.000
--------------------------------------------------------------------
TDMs with Singlet 'Ground' state
TDMX:-0.004   TDMY:0.321   TDMZ:-0.000   Oscillator Strength:0.00484   <S**2>: 0.000
--------------------------------------------------------------------


State 3 1.941 eV 
Excitation    CI Coef
|3^OS>    0.05433
|3^CS(14->0)>    0.06192
|3^CS(13->0)>   -0.05319
|3^CS(12->0)>    0.05007
|3^CS(8->0)>    0.16600
|3^CS(7->0)>   -0.06206
|3^CS(5->0)>    0.05837
|3^CS(3->0)>   -0.15428
|3^CS(14->0')>   -0.06193
|3^CS(13->0')>   -0.05320
|3^CS(12->0')>    0.05008
|3^CS(8->0')>    0.16602
|3^CS(7->0')>    0.06207
|3^CS(5->0')>   -0.05837
|3^CS(3->0')>    0.15430
|3^SV(0->1')>    0.21766
|3^SV(0->2')>    0.19269
|3^SV(0->11')>    0.11878
|3^SV(0->12')>   -0.10136
|3^SV(0->14')>    0.06211
|3^SV(0'->1')>    0.21768
|3^SV(0'->2')>   -0.19271
|3^SV(0'->11')>   -0.11879
|3^SV(0'->12')>   -0.10137
|3^SV(0'->14')>    0.06211
|3S^CV(17->1')>   -0.05151
|3S^CV(14->2')>   -0.06295
|3S^CV(14->11')>   -0.05005
|3S^CV(13->1')>    0.05879
|3S^CV(12->1')>   -0.12506
|3S^CV(12->12')>    0.05266
|3S^CV(11->2')>   -0.09630
|3S^CV(11->11')>   -0.05561
|3S^CV(10->5')>   -0.10625
|3S^CV(9->6')>   -0.10752
|3S^CV(8->1')>   -0.09860
|3S^CV(8->14')>   -0.10388
|3S^CV(3->2')>    0.09649
|3S^CV(3->13')>   -0.09414
|3S^CV(2->4')>    0.06698
|3S^CV(1->3')>   -0.06697
|3X^CV(20->14')>   -0.05835
|3X^CV(19->15')>    0.06316
|3X^CV(18->1')>   -0.06459
|3X^CV(17->2')>   -0.06298
|3X^CV(17->11')>   -0.05467
|3X^CV(14->12')>    0.08930
|3X^CV(14->14')>   -0.10704
|3X^CV(13->11')>    0.12731
|3X^CV(13->13')>   -0.06462
|3X^CV(12->2')>   -0.23957
|3X^CV(12->11')>   -0.05289
|3X^CV(11->1')>   -0.24929
|3X^CV(10->6')>   -0.17665
|3X^CV(9->5')>   -0.17555
|3X^CV(8->2')>   -0.18150
|3X^CV(8->13')>    0.15222
|3X^CV(7->1')>    0.09444
|3X^CV(5->1')>   -0.08888
|3X^CV(5->10')>    0.05217
|3X^CV(4->9')>   -0.05395
|3X^CV(3->1')>    0.23459
|3X^CV(3->14')>    0.11837
|3X^CV(2->3')>   -0.09399
|3X^CV(1->4')>    0.09398
TDMs with Triplet 'Ground' state
TDMX:-0.000   TDMY:0.000   TDMZ:-0.149   Oscillator Strength:0.00106   <S**2>: 2.000
--------------------------------------------------------------------
TDMs with Singlet 'Ground' state
TDMX:0.000   TDMY:0.000   TDMZ:0.000   Oscillator Strength:0.00000   <S**2>: 2.000
--------------------------------------------------------------------


State 4 1.953 eV 
Excitation    CI Coef
|3^CS(14->0)>    0.06945
|3^CS(13->0)>   -0.05926
|3^CS(12->0)>    0.05528
|3^CS(8->0)>    0.16531
|3^CS(7->0)>   -0.06077
|3^CS(5->0)>    0.05709
|3^CS(3->0)>   -0.15101
|3^CS(14->0')>    0.06945
|3^CS(13->0')>    0.05925
|3^CS(12->0')>   -0.05527
|3^CS(8->0')>   -0.16530
|3^CS(7->0')>   -0.06076
|3^CS(5->0')>    0.05709
|3^CS(3->0')>   -0.15100
|3^SV(0->1')>    0.21975
|3^SV(0->2')>    0.19794
|3^SV(0->11')>    0.11971
|3^SV(0->12')>   -0.09886
|3^SV(0->14')>    0.07450
|3^SV(0'->1')>   -0.21973
|3^SV(0'->2')>    0.19792
|3^SV(0'->11')>    0.11970
|3^SV(0'->12')>    0.09885
|3^SV(0'->14')>   -0.07450
|3S^CV(14->12')>    0.06623
|3S^CV(14->14')>   -0.08536
|3S^CV(13->11')>    0.09686
|3S^CV(13->13')>   -0.05307
|3S^CV(12->2')>   -0.18290
|3S^CV(11->1')>   -0.18890
|3S^CV(10->6')>   -0.13997
|3S^CV(9->5')>   -0.13911
|3S^CV(8->2')>   -0.14305
|3S^CV(8->13')>    0.10823
|3S^CV(7->1')>    0.07344
|3S^CV(5->1')>   -0.06912
|3S^CV(3->1')>    0.18237
|3S^CV(3->14')>    0.08689
|3S^CV(2->3')>   -0.05786
|3S^CV(1->4')>    0.05786
|3X^CV(20->2')>   -0.05428
|3X^CV(19->18')>    0.05148
|3X^CV(18->2')>   -0.07226
|3X^CV(17->1')>   -0.07717
|3X^CV(14->2')>   -0.09682
|3X^CV(14->11')>   -0.07484
|3X^CV(14->15')>    0.05178
|3X^CV(13->1')>    0.09003
|3X^CV(13->14')>    0.07077
|3X^CV(12->1')>   -0.18823
|3X^CV(12->12')>    0.07059
|3X^CV(12->14')>   -0.06965
|3X^CV(11->2')>   -0.14387
|3X^CV(11->11')>   -0.07754
|3X^CV(10->5')>   -0.16811
|3X^CV(9->6')>   -0.17015
|3X^CV(8->1')>   -0.15460
|3X^CV(8->14')>   -0.15187
|3X^CV(7->2')>    0.05976
|3X^CV(7->13')>   -0.05340
|3X^CV(5->2')>   -0.05655
|3X^CV(5->13')>    0.05072
|3X^CV(3->2')>    0.15063
|3X^CV(3->13')>   -0.13474
|3X^CV(2->4')>    0.08267
|3X^CV(1->3')>   -0.08267
TDMs with Triplet 'Ground' state
TDMX:0.003   TDMY:-0.287   TDMZ:-0.000   Oscillator Strength:0.00394   <S**2>: 2.000
--------------------------------------------------------------------
TDMs with Singlet 'Ground' state
TDMX:0.000   TDMY:0.000   TDMZ:0.000   Oscillator Strength:0.00000   <S**2>: 2.000
--------------------------------------------------------------------


State 5 1.992 eV 
Excitation    CI Coef
|1^CS(14->0)>   -0.06820
|1^CS(13->0)>    0.05831
|1^CS(8->0)>   -0.17202
|1^CS(7->0)>    0.06104
|1^CS(5->0)>   -0.05748
|1^CS(3->0)>    0.15201
|1^CS(14->0')>   -0.06820
|1^CS(13->0')>   -0.05831
|1^CS(8->0')>    0.17202
|1^CS(7->0')>    0.06104
|1^CS(5->0')>   -0.05748
|1^CS(3->0')>    0.15201
|1^SV(0->1')>    0.21688
|1^SV(0->2')>    0.20016
|1^SV(0->11')>    0.13572
|1^SV(0->12')>   -0.12149
|1^SV(0->14')>    0.06701
|1^SV(0'->1')>    0.21687
|1^SV(0'->2')>   -0.20016
|1^SV(0'->11')>   -0.13572
|1^SV(0'->12')>   -0.12148
|1^SV(0'->14')>    0.06701
|1T^CV(20->2')>    0.06857
|1T^CV(20->21')>    0.05223
|1T^CV(19->1')>   -0.05163
|1T^CV(19->18')>   -0.06538
|1T^CV(18->2')>    0.09136
|1T^CV(18->11')>    0.06551
|1T^CV(17->1')>    0.09649
|1T^CV(17->12')>   -0.05059
|1T^CV(14->2')>    0.12258
|1T^CV(14->11')>    0.09847
|1T^CV(14->13')>   -0.05459
|1T^CV(14->15')>   -0.06419
|1T^CV(13->1')>   -0.11320
|1T^CV(13->12')>    0.06891
|1T^CV(13->14')>   -0.08508
|1T^CV(12->1')>    0.23666
|1T^CV(12->12')>   -0.10760
|1T^CV(12->14')>    0.07637
|1T^CV(11->2')>    0.18301
|1T^CV(11->11')>    0.11189
|1T^CV(10->5')>    0.21630
|1T^CV(9->6')>    0.21886
|1T^CV(8->1')>    0.19184
|1T^CV(8->14')>    0.20213
|1T^CV(7->2')>   -0.07385
|1T^CV(7->7')>   -0.05052
|1T^CV(7->8')>    0.06363
|1T^CV(7->13')>    0.07207
|1T^CV(6->7')>   -0.06646
|1T^CV(6->8')>   -0.05277
|1T^CV(5->2')>    0.06977
|1T^CV(5->9')>   -0.07513
|1T^CV(5->13')>   -0.06847
|1T^CV(4->10')>    0.07787
|1T^CV(3->2')>   -0.18572
|1T^CV(3->13')>    0.18171
|1T^CV(2->4')>   -0.13595
|1T^CV(1->3')>    0.13594
TDMs with Triplet 'Ground' state
TDMX:0.000   TDMY:0.000   TDMZ:0.000   Oscillator Strength:0.00000   <S**2>: 0.000
--------------------------------------------------------------------
TDMs with Singlet 'Ground' state
TDMX:-0.000   TDMY:-0.000   TDMZ:-0.174   Oscillator Strength:0.00148   <S**2>: 0.000
--------------------------------------------------------------------


State 6 2.062 eV 
Excitation    CI Coef
|3^CS(2->0)>    0.19268
|3^CS(1->0)>    0.23929
|3^CS(2->0')>   -0.23861
|3^CS(1->0')>    0.19158
|3^SV(0->3')>   -0.21700
|3^SV(0->4')>    0.21694
|3^SV(0'->3')>   -0.21604
|3^SV(0'->4')>   -0.21618
|3S^CV(12->3')>    0.11114
|3S^CV(11->4')>   -0.12929
|3S^CV(8->3')>   -0.12922
|3S^CV(7->7')>   -0.06307
|3S^CV(7->8')>   -0.05024
|3S^CV(7->10')>    0.06266
|3S^CV(6->7')>   -0.06374
|3S^CV(6->8')>    0.08064
|3S^CV(5->7')>   -0.05833
|3S^CV(5->10')>   -0.06984
|3S^CV(4->9')>    0.10126
|3S^CV(3->4')>   -0.09474
|3S^CV(3->10')>   -0.05482
|3S^CV(2->11')>    0.10112
|3S^CV(2->13')>    0.15057
|3S^CV(1->12')>   -0.15492
|3S^CV(1->14')>   -0.09833
|3X^CV(18->3')>    0.06799
|3X^CV(18->17')>    0.06428
|3X^CV(17->4')>   -0.06528
|3X^CV(17->16')>   -0.06148
|3X^CV(16->19')>    0.06742
|3X^CV(15->20')>   -0.05925
|3X^CV(14->3')>    0.05372
|3X^CV(13->4')>    0.05129
|3X^CV(12->4')>   -0.15719
|3X^CV(11->3')>    0.18279
|3X^CV(8->4')>    0.18277
|3X^CV(7->3')>    0.05779
|3X^CV(7->7')>    0.07064
|3X^CV(7->8')>   -0.08932
|3X^CV(7->9')>    0.08885
|3X^CV(6->7')>    0.11375
|3X^CV(6->8')>    0.09067
|3X^CV(6->10')>   -0.05541
|3X^CV(5->3')>   -0.05393
|3X^CV(5->7')>    0.06550
|3X^CV(5->8')>   -0.08288
|3X^CV(5->9')>   -0.09860
|3X^CV(4->10')>    0.14331
|3X^CV(3->3')>    0.13401
|3X^CV(3->9')>   -0.07759
|3X^CV(2->12')>   -0.21901
|3X^CV(2->14')>   -0.13904
|3X^CV(1->11')>    0.14306
|3X^CV(1->13')>    0.21301
TDMs with Triplet 'Ground' state
TDMX:-0.085   TDMY:-0.001   TDMZ:0.000   Oscillator Strength:0.00036   <S**2>: 2.000
--------------------------------------------------------------------
TDMs with Singlet 'Ground' state
TDMX:0.000   TDMY:0.000   TDMZ:0.000   Oscillator Strength:0.00000   <S**2>: 2.000
--------------------------------------------------------------------


State 7 2.062 eV 
Excitation    CI Coef
|3^CS(2->0)>    0.19156
|3^CS(1->0)>    0.23860
|3^CS(2->0')>    0.23928
|3^CS(1->0')>   -0.19267
|3^SV(0->3')>   -0.21615
|3^SV(0->4')>    0.21604
|3^SV(0'->3')>    0.21692
|3^SV(0'->4')>    0.21700
|3S^CV(12->4')>   -0.11115
|3S^CV(11->3')>    0.12929
|3S^CV(8->4')>    0.12923
|3S^CV(7->8')>   -0.06232
|3S^CV(7->9')>    0.06288
|3S^CV(6->7')>    0.08002
|3S^CV(6->8')>    0.06327
|3S^CV(5->8')>   -0.05830
|3S^CV(5->9')>   -0.07056
|3S^CV(4->10')>    0.10221
|3S^CV(3->3')>    0.09473
|3S^CV(3->9')>   -0.05520
|3S^CV(2->12')>   -0.15495
|3S^CV(2->14')>   -0.09834
|3S^CV(1->11')>    0.10116
|3S^CV(1->13')>    0.15059
|3X^CV(18->4')>   -0.06801
|3X^CV(18->16')>   -0.06002
|3X^CV(17->3')>    0.06528
|3X^CV(17->17')>    0.06570
|3X^CV(16->20')>    0.05926
|3X^CV(15->19')>   -0.06744
|3X^CV(14->4')>   -0.05373
|3X^CV(13->3')>   -0.05128
|3X^CV(12->3')>    0.15721
|3X^CV(11->4')>   -0.18282
|3X^CV(8->3')>   -0.18278
|3X^CV(7->4')>   -0.05780
|3X^CV(7->7')>   -0.08858
|3X^CV(7->8')>   -0.06999
|3X^CV(7->10')>    0.08870
|3X^CV(6->7')>   -0.08986
|3X^CV(6->8')>    0.11277
|3X^CV(6->9')>   -0.05539
|3X^CV(5->4')>    0.05396
|3X^CV(5->7')>   -0.08259
|3X^CV(5->8')>   -0.06530
|3X^CV(5->10')>   -0.09996
|3X^CV(4->9')>    0.14446
|3X^CV(3->4')>   -0.13398
|3X^CV(3->10')>   -0.07803
|3X^CV(2->11')>    0.14311
|3X^CV(2->13')>    0.21304
|3X^CV(1->12')>   -0.21905
|3X^CV(1->14')>   -0.13906
TDMs with Triplet 'Ground' state
TDMX:0.000   TDMY:0.000   TDMZ:0.012   Oscillator Strength:0.00001   <S**2>: 2.000
--------------------------------------------------------------------
TDMs with Singlet 'Ground' state
TDMX:0.000   TDMY:0.000   TDMZ:0.000   Oscillator Strength:0.00000   <S**2>: 2.000
--------------------------------------------------------------------


State 8 2.078 eV 
Excitation    CI Coef
|1^CS(2->0)>   -0.18400
|1^CS(1->0)>   -0.22901
|1^CS(2->0')>   -0.22669
|1^CS(1->0')>    0.18240
|1^SV(0->3')>   -0.22197
|1^SV(0->4')>    0.22182
|1^SV(0'->3')>   -0.21975
|1^SV(0'->4')>   -0.21979
|1T^CV(18->4')>    0.08475
|1T^CV(18->16')>    0.07471
|1T^CV(17->3')>   -0.08136
|1T^CV(17->17')>   -0.08153
|1T^CV(16->20')>   -0.07313
|1T^CV(15->19')>    0.08344
|1T^CV(14->4')>    0.06684
|1T^CV(13->3')>    0.06380
|1T^CV(12->3')>   -0.19539
|1T^CV(11->4')>    0.22714
|1T^CV(8->3')>    0.22678
|1T^CV(7->4')>    0.07158
|1T^CV(7->7')>    0.11189
|1T^CV(7->8')>    0.08963
|1T^CV(7->10')>   -0.11056
|1T^CV(6->7')>    0.11280
|1T^CV(6->8')>   -0.14352
|1T^CV(6->9')>    0.06980
|1T^CV(5->4')>   -0.06686
|1T^CV(5->7')>    0.10295
|1T^CV(5->8')>    0.08254
|1T^CV(5->10')>    0.12235
|1T^CV(4->8')>   -0.05390
|1T^CV(4->9')>   -0.17781
|1T^CV(3->4')>    0.16627
|1T^CV(3->10')>    0.09648
|1T^CV(2->2')>   -0.05614
|1T^CV(2->11')>   -0.17653
|1T^CV(2->13')>   -0.26020
|1T^CV(1->12')>    0.26960
|1T^CV(1->14')>    0.16939
|1T^CV(1->20')>   -0.05444
TDMs with Triplet 'Ground' state
TDMX:0.000   TDMY:0.000   TDMZ:0.000   Oscillator Strength:0.00000   <S**2>: 0.000
--------------------------------------------------------------------
TDMs with Singlet 'Ground' state
TDMX:-0.028   TDMY:0.001   TDMZ:0.000   Oscillator Strength:0.00004   <S**2>: 0.000
--------------------------------------------------------------------


State 9 2.078 eV 
Excitation    CI Coef
|1^CS(2->0)>   -0.18247
|1^CS(1->0)>   -0.22678
|1^CS(2->0')>    0.22909
|1^CS(1->0')>   -0.18407
|1^SV(0->3')>   -0.21969
|1^SV(0->4')>    0.21967
|1^SV(0'->3')>    0.22172
|1^SV(0'->4')>    0.22189
|1T^CV(18->3')>   -0.08472
|1T^CV(18->17')>   -0.07974
|1T^CV(17->4')>    0.08134
|1T^CV(17->16')>    0.07605
|1T^CV(16->19')>   -0.08347
|1T^CV(15->20')>    0.07314
|1T^CV(14->3')>   -0.06682
|1T^CV(13->4')>   -0.06380
|1T^CV(12->4')>    0.19532
|1T^CV(11->3')>   -0.22706
|1T^CV(8->4')>   -0.22670
|1T^CV(7->3')>   -0.07161
|1T^CV(7->7')>   -0.08742
|1T^CV(7->8')>    0.10897
|1T^CV(7->9')>   -0.11102
|1T^CV(6->7')>   -0.14080
|1T^CV(6->8')>   -0.11065
|1T^CV(6->10')>    0.06850
|1T^CV(5->3')>    0.06693
|1T^CV(5->7')>   -0.08222
|1T^CV(5->8')>    0.10259
|1T^CV(5->9')>    0.12555
|1T^CV(4->7')>   -0.05440
|1T^CV(4->10')>   -0.18150
|1T^CV(3->3')>   -0.16616
|1T^CV(3->9')>    0.09793
|1T^CV(2->12')>    0.26966
|1T^CV(2->14')>    0.16943
|1T^CV(2->20')>   -0.05445
|1T^CV(1->2')>   -0.05611
|1T^CV(1->11')>   -0.17659
|1T^CV(1->13')>   -0.26025
TDMs with Triplet 'Ground' state
TDMX:0.000   TDMY:0.000   TDMZ:0.000   Oscillator Strength:0.00000   <S**2>: 0.000
--------------------------------------------------------------------
TDMs with Singlet 'Ground' state
TDMX:0.000   TDMY:-0.000   TDMZ:0.007   Oscillator Strength:0.00000   <S**2>: 0.000
--------------------------------------------------------------------


State 10 2.216 eV 
Excitation    CI Coef
|1^CS(18->0)>    0.06990
|1^CS(17->0)>    0.06740
|1^CS(12->0)>    0.11134
|1^CS(11->0)>    0.13751
|1^CS(8->0)>   -0.10941
|1^CS(3->0)>    0.07281
|1^CS(18->0')>   -0.06990
|1^CS(17->0')>    0.06740
|1^CS(12->0')>    0.11134
|1^CS(11->0')>   -0.13751
|1^CS(8->0')>   -0.10941
|1^CS(3->0')>   -0.07281
|1^SV(0->11')>    0.10665
|1^SV(0->12')>   -0.17462
|1^SV(0->13')>    0.17406
|1^SV(0->14')>   -0.11589
|1^SV(0->20')>    0.05162
|1^SV(0'->11')>    0.10665
|1^SV(0'->12')>    0.17462
|1^SV(0'->13')>    0.17406
|1^SV(0'->14')>    0.11589
|1^SV(0'->20')>   -0.05162
|1T^CV(18->12')>   -0.05213
|1T^CV(18->20')>    0.07272
|1T^CV(17->13')>    0.06000
|1T^CV(17->19')>    0.08095
|1T^CV(16->16')>   -0.08259
|1T^CV(15->17')>   -0.08895
|1T^CV(14->14')>   -0.08147
|1T^CV(13->2')>   -0.05242
|1T^CV(13->13')>   -0.08412
|1T^CV(12->2')>   -0.06583
|1T^CV(12->11')>    0.13029
|1T^CV(12->13')>    0.16469
|1T^CV(11->1')>   -0.09436
|1T^CV(11->12')>   -0.22212
|1T^CV(11->14')>   -0.10589
|1T^CV(10->6')>   -0.05760
|1T^CV(9->5')>   -0.05770
|1T^CV(8->2')>   -0.12414
|1T^CV(8->11')>   -0.13460
|1T^CV(8->13')>   -0.16197
|1T^CV(7->1')>    0.05633
|1T^CV(7->7')>    0.14625
|1T^CV(7->8')>    0.11604
|1T^CV(7->12')>   -0.05237
|1T^CV(6->7')>    0.12015
|1T^CV(6->8')>   -0.15142
|1T^CV(5->1')>   -0.05319
|1T^CV(5->10')>   -0.19087
|1T^CV(4->9')>    0.20034
|1T^CV(3->1')>    0.14021
|1T^CV(3->7')>   -0.05043
|1T^CV(3->10')>   -0.07825
|1T^CV(3->12')>   -0.13222
|1T^CV(3->14')>   -0.07744
|1T^CV(2->3')>    0.31026
|1T^CV(1->4')>   -0.31027
TDMs with Triplet 'Ground' state
TDMX:0.000   TDMY:0.000   TDMZ:0.000   Oscillator Strength:0.00000   <S**2>: 0.000
--------------------------------------------------------------------
TDMs with Singlet 'Ground' state
TDMX:0.002   TDMY:0.094   TDMZ:-0.000   Oscillator Strength:0.00048   <S**2>: 0.000
--------------------------------------------------------------------


State 11 2.222 eV 
Excitation    CI Coef
|3^CS(18->0)>    0.07133
|3^CS(17->0)>    0.07042
|3^CS(12->0)>    0.11840
|3^CS(11->0)>    0.13506
|3^CS(8->0)>   -0.09858
|3^CS(3->0)>    0.06484
|3^CS(18->0')>    0.07133
|3^CS(17->0')>   -0.07042
|3^CS(12->0')>   -0.11840
|3^CS(11->0')>    0.13506
|3^CS(8->0')>    0.09858
|3^CS(3->0')>    0.06484
|3^SV(0->11')>   -0.09274
|3^SV(0->12')>    0.16097
|3^SV(0->13')>   -0.18132
|3^SV(0->14')>    0.12646
|3^SV(0->20')>   -0.05277
|3^SV(0'->11')>   -0.09274
|3^SV(0'->12')>   -0.16097
|3^SV(0'->13')>   -0.18132
|3^SV(0'->14')>   -0.12646
|3^SV(0'->20')>    0.05277
|3S^CV(15->17')>   -0.05040
|3S^CV(14->14')>   -0.07218
|3S^CV(13->13')>   -0.06587
|3S^CV(12->2')>   -0.08955
|3S^CV(12->11')>    0.07785
|3S^CV(12->13')>    0.10264
|3S^CV(11->1')>   -0.10749
|3S^CV(11->12')>   -0.13455
|3S^CV(11->14')>   -0.05922
|3S^CV(10->6')>   -0.07821
|3S^CV(9->5')>   -0.07800
|3S^CV(8->2')>   -0.11587
|3S^CV(8->11')>   -0.08508
|3S^CV(8->13')>   -0.07611
|3S^CV(7->1')>    0.05596
|3S^CV(7->7')>    0.08322
|3S^CV(7->8')>    0.06603
|3S^CV(6->7')>    0.06842
|3S^CV(6->8')>   -0.08622
|3S^CV(5->1')>   -0.05249
|3S^CV(5->10')>   -0.10811
|3S^CV(4->9')>    0.11336
|3S^CV(3->1')>    0.13792
|3S^CV(3->12')>   -0.07350
|3S^CV(2->3')>    0.17582
|3S^CV(1->4')>   -0.17583
|3X^CV(18->19')>    0.06375
|3X^CV(17->20')>    0.05817
|3X^CV(16->17')>    0.07042
|3X^CV(15->16')>    0.06542
|3X^CV(14->13')>    0.05817
|3X^CV(12->12')>   -0.12499
|3X^CV(12->14')>   -0.10330
|3X^CV(11->11')>    0.09080
|3X^CV(11->13')>    0.16125
|3X^CV(8->1')>   -0.07235
|3X^CV(8->12')>    0.16380
|3X^CV(8->14')>    0.06442
|3X^CV(7->7')>   -0.09227
|3X^CV(7->8')>    0.11621
|3X^CV(6->7')>   -0.12036
|3X^CV(6->8')>   -0.09556
|3X^CV(5->9')>   -0.15161
|3X^CV(4->10')>    0.15844
|3X^CV(3->2')>    0.07237
|3X^CV(3->9')>   -0.06000
|3X^CV(3->11')>    0.09584
|3X^CV(3->13')>    0.08439
|3X^CV(2->4')>   -0.24573
|3X^CV(1->3')>    0.24571
TDMs with Triplet 'Ground' state
TDMX:-0.003   TDMY:-0.143   TDMZ:0.000   Oscillator Strength:0.00112   <S**2>: 2.000
--------------------------------------------------------------------
TDMs with Singlet 'Ground' state
TDMX:0.000   TDMY:0.000   TDMZ:0.000   Oscillator Strength:0.00000   <S**2>: 2.000
--------------------------------------------------------------------


State 12 2.281 eV 
Excitation    CI Coef
|3^OS>    0.18101
|3^CS(18->0)>    0.06993
|3^CS(17->0)>    0.06999
|3^CS(12->0)>    0.12061
|3^CS(11->0)>    0.14340
|3^CS(8->0)>   -0.10216
|3^CS(3->0)>    0.06297
|3^CS(18->0')>   -0.06993
|3^CS(17->0')>    0.06999
|3^CS(12->0')>    0.12061
|3^CS(11->0')>   -0.14340
|3^CS(8->0')>   -0.10216
|3^CS(3->0')>   -0.06297
|3^SV(0->11')>   -0.09506
|3^SV(0->12')>    0.15926
|3^SV(0->13')>   -0.16543
|3^SV(0->14')>    0.10876
|3^SV(0'->11')>    0.09506
|3^SV(0'->12')>    0.15926
|3^SV(0'->13')>    0.16543
|3^SV(0'->14')>    0.10876
|3S^CV(12->12')>   -0.08575
|3S^CV(12->14')>   -0.05014
|3S^CV(11->11')>    0.06571
|3S^CV(11->13')>    0.09429
|3S^CV(8->12')>    0.09795
|3S^CV(8->14')>    0.06080
|3S^CV(7->7')>   -0.05935
|3S^CV(7->8')>    0.07475
|3S^CV(6->7')>   -0.07743
|3S^CV(6->8')>   -0.06148
|3S^CV(5->9')>   -0.09668
|3S^CV(4->10')>    0.10102
|3S^CV(3->13')>    0.06848
|3S^CV(2->4')>   -0.15911
|3S^CV(1->3')>    0.15909
|3X^CV(18->20')>    0.05090
|3X^CV(17->19')>    0.05702
|3X^CV(16->16')>   -0.06092
|3X^CV(15->17')>   -0.06549
|3X^CV(14->1')>    0.07933
|3X^CV(14->14')>   -0.09312
|3X^CV(13->2')>   -0.08788
|3X^CV(13->11')>    0.07751
|3X^CV(13->13')>   -0.08652
|3X^CV(12->2')>   -0.13012
|3X^CV(12->11')>    0.12331
|3X^CV(12->13')>    0.11893
|3X^CV(11->1')>   -0.16802
|3X^CV(11->12')>   -0.19035
|3X^CV(11->14')>   -0.05738
|3X^CV(10->6')>   -0.08280
|3X^CV(9->5')>   -0.08265
|3X^CV(8->2')>   -0.15279
|3X^CV(8->11')>   -0.09705
|3X^CV(8->13')>   -0.10882
|3X^CV(7->1')>    0.07945
|3X^CV(7->7')>    0.10868
|3X^CV(7->8')>    0.08623
|3X^CV(6->7')>    0.08937
|3X^CV(6->8')>   -0.11262
|3X^CV(5->1')>   -0.07432
|3X^CV(5->10')>   -0.14007
|3X^CV(4->9')>    0.14671
|3X^CV(3->1')>    0.19480
|3X^CV(3->10')>   -0.05708
|3X^CV(3->12')>   -0.08252
|3X^CV(3->14')>   -0.05864
|3X^CV(2->3')>    0.23045
|3X^CV(1->4')>   -0.23047
TDMs with Triplet 'Ground' state
TDMX:-0.000   TDMY:0.000   TDMZ:-0.083   Oscillator Strength:0.00038   <S**2>: 2.000
--------------------------------------------------------------------
TDMs with Singlet 'Ground' state
TDMX:0.000   TDMY:0.000   TDMZ:0.000   Oscillator Strength:0.00000   <S**2>: 2.000
--------------------------------------------------------------------


State 13 2.323 eV 
Excitation    CI Coef
|5^CV(33->21')>    0.05342
|5^CV(23->15')>   -0.08574
|5^CV(23->21')>    0.07431
|5^CV(20->12')>    0.05728
|5^CV(20->14')>   -0.09545
|5^CV(20->18')>   -0.06578
|5^CV(19->11')>    0.08182
|5^CV(19->13')>   -0.07372
|5^CV(19->15')>    0.10587
|5^CV(14->1')>    0.14930
|5^CV(14->12')>    0.13339
|5^CV(14->14')>   -0.16446
|5^CV(13->2')>   -0.16322
|5^CV(13->11')>    0.23184
|5^CV(13->13')>   -0.11789
|5^CV(12->2')>   -0.33822
|5^CV(12->11')>    0.08733
|5^CV(11->1')>   -0.38419
|5^CV(11->12')>   -0.10483
|5^CV(10->6')>   -0.27867
|5^CV(9->5')>   -0.27701
|5^CV(8->2')>   -0.29365
|5^CV(8->13')>    0.06519
|5^CV(7->1')>    0.16736
|5^CV(5->1')>   -0.15460
|5^CV(3->1')>    0.40243
TDMs with Triplet 'Ground' state
TDMX:0.000   TDMY:0.000   TDMZ:0.000   Oscillator Strength:0.00000   <S**2>: 6.000
--------------------------------------------------------------------
TDMs with Singlet 'Ground' state
TDMX:0.000   TDMY:0.000   TDMZ:0.000   Oscillator Strength:0.00000   <S**2>: 6.000
--------------------------------------------------------------------


State 14 2.329 eV 
Excitation    CI Coef
|1^OS>    0.20285
|1^CS(18->0)>   -0.07452
|1^CS(17->0)>   -0.07405
|1^CS(14->0)>   -0.05110
|1^CS(12->0)>   -0.13014
|1^CS(11->0)>   -0.13419
|1^CS(8->0)>    0.07188
|1^CS(18->0')>   -0.07452
|1^CS(17->0')>    0.07405
|1^CS(14->0')>   -0.05110
|1^CS(12->0')>    0.13014
|1^CS(11->0')>   -0.13419
|1^CS(8->0')>   -0.07188
|1^SV(0->1')>    0.07024
|1^SV(0->11')>   -0.07241
|1^SV(0->12')>    0.14545
|1^SV(0->13')>   -0.19099
|1^SV(0->14')>    0.14554
|1^SV(0->20')>   -0.05460
|1^SV(0'->1')>    0.07024
|1^SV(0'->11')>    0.07241
|1^SV(0'->12')>    0.14545
|1^SV(0'->13')>    0.19099
|1^SV(0'->14')>    0.14554
|1^SV(0'->20')>   -0.05460
|1T^CV(18->13')>   -0.05769
|1T^CV(18->19')>   -0.07166
|1T^CV(17->20')>   -0.06463
|1T^CV(16->17')>   -0.08280
|1T^CV(15->16')>   -0.07704
|1T^CV(14->13')>   -0.08321
|1T^CV(13->14')>   -0.07580
|1T^CV(12->1')>    0.09013
|1T^CV(12->12')>    0.13457
|1T^CV(12->14')>    0.14311
|1T^CV(11->11')>   -0.09237
|1T^CV(11->13')>   -0.19842
|1T^CV(10->5')>    0.11738
|1T^CV(9->6')>    0.11954
|1T^CV(8->1')>    0.14461
|1T^CV(8->12')>   -0.20249
|1T^CV(7->2')>   -0.05596
|1T^CV(7->7')>    0.11128
|1T^CV(7->8')>   -0.14015
|1T^CV(7->11')>   -0.05190
|1T^CV(6->7')>    0.14518
|1T^CV(6->8')>    0.11527
|1T^CV(5->2')>    0.05300
|1T^CV(5->9')>    0.18092
|1T^CV(4->10')>   -0.18849
|1T^CV(3->2')>   -0.13998
|1T^CV(3->9')>    0.07056
|1T^CV(3->11')>   -0.13451
|1T^CV(3->13')>   -0.06839
|1T^CV(2->4')>    0.28996
|1T^CV(1->3')>   -0.28995
TDMs with Triplet 'Ground' state
TDMX:0.000   TDMY:0.000   TDMZ:0.000   Oscillator Strength:0.00000   <S**2>: 0.000
--------------------------------------------------------------------
TDMs with Singlet 'Ground' state
TDMX:-0.000   TDMY:0.000   TDMZ:-0.100   Oscillator Strength:0.00057   <S**2>: 0.000
--------------------------------------------------------------------


State 15 2.368 eV 
Excitation    CI Coef
|3^SV(0->13')>   -0.05698
|3^SV(0->14')>    0.06304
|3^SV(0'->13')>   -0.05698
|3^SV(0'->14')>   -0.06304
|3S^CV(23->15')>    0.07777
|3S^CV(23->21')>   -0.06688
|3S^CV(20->12')>   -0.05019
|3S^CV(20->14')>    0.07556
|3S^CV(19->11')>   -0.07197
|3S^CV(19->13')>    0.06122
|3S^CV(19->15')>   -0.08201
|3S^CV(14->1')>   -0.16813
|3S^CV(14->12')>   -0.11471
|3S^CV(14->14')>    0.11757
|3S^CV(13->2')>    0.17852
|3S^CV(13->11')>   -0.19836
|3S^CV(13->13')>    0.08469
|3S^CV(12->2')>    0.26814
|3S^CV(12->11')>   -0.09445
|3S^CV(11->1')>    0.32291
|3S^CV(11->12')>    0.08874
|3S^CV(11->14')>   -0.07468
|3S^CV(10->6')>    0.18715
|3S^CV(9->5')>    0.18599
|3S^CV(8->2')>    0.21292
|3S^CV(7->1')>   -0.13159
|3S^CV(5->1')>    0.12114
|3S^CV(3->1')>   -0.31458
|3S^CV(3->12')>   -0.05567
|3X^CV(20->2')>   -0.05501
|3X^CV(19->18')>    0.05396
|3X^CV(14->2')>   -0.07172
|3X^CV(14->11')>   -0.05358
|3X^CV(14->13')>    0.06111
|3X^CV(14->15')>    0.05594
|3X^CV(13->1')>    0.06309
|3X^CV(13->14')>    0.07520
|3X^CV(12->1')>   -0.13117
|3X^CV(12->14')>   -0.09569
|3X^CV(11->2')>   -0.09331
|3X^CV(11->13')>    0.07617
|3X^CV(10->5')>   -0.23296
|3X^CV(9->6')>   -0.23596
|3X^CV(8->1')>   -0.17613
|3X^CV(8->12')>    0.07303
|3X^CV(8->14')>   -0.08972
|3X^CV(7->2')>    0.06657
|3X^CV(5->2')>   -0.06197
|3X^CV(3->2')>    0.16261
|3X^CV(3->11')>    0.08705
|3X^CV(3->13')>   -0.05963
|3X^CV(2->4')>   -0.05298
|3X^CV(1->3')>    0.05298
TDMs with Triplet 'Ground' state
TDMX:-0.000   TDMY:-0.078   TDMZ:-0.000   Oscillator Strength:0.00035   <S**2>: 2.000
--------------------------------------------------------------------
TDMs with Singlet 'Ground' state
TDMX:0.000   TDMY:0.000   TDMZ:0.000   Oscillator Strength:0.00000   <S**2>: 2.000
--------------------------------------------------------------------


State 16 2.423 eV 
Excitation    CI Coef
|3^OS>    0.07970
|3^CS(14->0)>    0.06189
|3^CS(13->0)>   -0.05088
|3^CS(12->0)>    0.05421
|3^CS(14->0')>   -0.06189
|3^CS(13->0')>   -0.05088
|3^CS(12->0')>    0.05421
|3^SV(0->13')>   -0.08399
|3^SV(0->14')>    0.08740
|3^SV(0'->13')>    0.08399
|3^SV(0'->14')>    0.08740
|3S^CV(20->2')>   -0.07107
|3S^CV(20->21')>   -0.05669
|3S^CV(19->1')>    0.06598
|3S^CV(19->18')>    0.07031
|3S^CV(14->2')>   -0.08552
|3S^CV(14->11')>   -0.06747
|3S^CV(14->13')>    0.07381
|3S^CV(14->15')>    0.07079
|3S^CV(13->1')>    0.07521
|3S^CV(13->14')>    0.09272
|3S^CV(12->1')>   -0.16730
|3S^CV(12->14')>   -0.11748
|3S^CV(11->2')>   -0.11797
|3S^CV(11->13')>    0.09613
|3S^CV(10->5')>   -0.31366
|3S^CV(9->6')>   -0.31768
|3S^CV(8->1')>   -0.22900
|3S^CV(8->12')>    0.09641
|3S^CV(8->14')>   -0.11179
|3S^CV(7->2')>    0.08709
|3S^CV(5->2')>   -0.08086
|3S^CV(5->9')>   -0.05113
|3S^CV(4->10')>    0.05238
|3S^CV(3->2')>    0.21158
|3S^CV(3->11')>    0.11197
|3S^CV(3->13')>   -0.07360
|3S^CV(2->4')>   -0.07243
|3S^CV(1->3')>    0.07243
|3X^CV(23->15')>    0.06588
|3X^CV(23->21')>   -0.05590
|3X^CV(20->1')>   -0.05861
|3X^CV(20->14')>    0.05259
|3X^CV(19->11')>   -0.05826
|3X^CV(19->15')>   -0.05530
|3X^CV(14->1')>   -0.17347
|3X^CV(14->12')>   -0.09290
|3X^CV(14->14')>    0.06785
|3X^CV(13->2')>    0.18038
|3X^CV(13->11')>   -0.15772
|3X^CV(12->2')>    0.19013
|3X^CV(12->11')>   -0.09061
|3X^CV(12->13')>    0.05914
|3X^CV(11->1')>    0.24847
|3X^CV(11->12')>    0.06098
|3X^CV(11->14')>   -0.09913
|3X^CV(10->6')>    0.09117
|3X^CV(9->5')>    0.09050
|3X^CV(8->2')>    0.12406
|3X^CV(8->11')>   -0.05401
|3X^CV(7->1')>   -0.09004
|3X^CV(5->1')>    0.08245
|3X^CV(3->1')>   -0.21328
|3X^CV(3->12')>   -0.08015
|3X^CV(2->3')>    0.05058
|3X^CV(1->4')>   -0.05058
TDMs with Triplet 'Ground' state
TDMX:-0.000   TDMY:0.000   TDMZ:-0.058   Oscillator Strength:0.00020   <S**2>: 2.000
--------------------------------------------------------------------
TDMs with Singlet 'Ground' state
TDMX:0.000   TDMY:0.000   TDMZ:0.000   Oscillator Strength:0.00000   <S**2>: 2.000
--------------------------------------------------------------------


State 17 2.500 eV 
Excitation    CI Coef
|5^CV(33->18')>    0.06266
|5^CV(32->15')>   -0.06029
|5^CV(32->21')>   -0.05341
|5^CV(31->6')>    0.05402
|5^CV(30->5')>   -0.05381
|5^CV(20->2')>   -0.09276
|5^CV(20->13')>    0.06265
|5^CV(20->15')>   -0.05937
|5^CV(20->21')>   -0.07587
|5^CV(19->1')>    0.09090
|5^CV(19->18')>    0.09434
|5^CV(19->20')>    0.06421
|5^CV(17->1')>   -0.05568
|5^CV(14->2')>   -0.09512
|5^CV(14->11')>   -0.08638
|5^CV(14->13')>    0.08205
|5^CV(14->15')>    0.09085
|5^CV(13->1')>    0.08332
|5^CV(13->14')>    0.11000
|5^CV(12->1')>   -0.21219
|5^CV(12->14')>   -0.13565
|5^CV(11->2')>   -0.14685
|5^CV(11->13')>    0.11377
|5^CV(10->5')>   -0.45284
|5^CV(10->11')>   -0.07099
|5^CV(9->6')>   -0.45855
|5^CV(8->1')>   -0.30276
|5^CV(8->12')>    0.12640
|5^CV(8->14')>   -0.14129
|5^CV(7->2')>    0.11641
|5^CV(7->7')>   -0.05554
|5^CV(7->8')>    0.06995
|5^CV(7->11')>    0.05842
|5^CV(6->7')>   -0.07250
|5^CV(6->8')>   -0.05756
|5^CV(5->2')>   -0.10749
|5^CV(5->9')>   -0.08954
|5^CV(5->11')>   -0.05321
|5^CV(4->10')>    0.09208
|5^CV(3->2')>    0.27969
|5^CV(3->11')>    0.14361
|5^CV(3->13')>   -0.09242
|5^CV(2->4')>   -0.09953
|5^CV(1->3')>    0.09953
TDMs with Triplet 'Ground' state
TDMX:0.000   TDMY:0.000   TDMZ:0.000   Oscillator Strength:0.00000   <S**2>: 6.000
--------------------------------------------------------------------
TDMs with Singlet 'Ground' state
TDMX:0.000   TDMY:0.000   TDMZ:0.000   Oscillator Strength:0.00000   <S**2>: 6.000
--------------------------------------------------------------------


State 18 2.515 eV 
Excitation    CI Coef
|1^CS(14->0)>   -0.08778
|1^CS(13->0)>    0.07552
|1^CS(14->0')>    0.08778
|1^CS(13->0')>    0.07552
|1^SV(0->2')>    0.06765
|1^SV(0->11')>    0.05396
|1^SV(0->13')>   -0.08775
|1^SV(0->14')>    0.09922
|1^SV(0'->2')>    0.06765
|1^SV(0'->11')>    0.05396
|1^SV(0'->13')>   -0.08775
|1^SV(0'->14')>   -0.09922
|1T^CV(33->15')>   -0.05017
|1T^CV(29->15')>   -0.05113
|1T^CV(23->15')>   -0.10182
|1T^CV(23->21')>    0.08439
|1T^CV(20->1')>    0.15938
|1T^CV(20->12')>    0.05931
|1T^CV(19->2')>   -0.07072
|1T^CV(19->11')>    0.08462
|1T^CV(19->21')>   -0.07573
|1T^CV(18->1')>    0.07833
|1T^CV(17->2')>    0.07470
|1T^CV(14->1')>    0.35147
|1T^CV(14->12')>    0.09624
|1T^CV(14->18')>   -0.05462
|1T^CV(13->2')>   -0.36434
|1T^CV(13->11')>    0.19482
|1T^CV(13->15')>    0.06053
|1T^CV(12->2')>   -0.17316
|1T^CV(12->11')>    0.22096
|1T^CV(12->13')>   -0.14807
|1T^CV(11->1')>   -0.31528
|1T^CV(11->12')>   -0.14701
|1T^CV(11->14')>    0.19472
|1T^CV(10->6')>    0.15930
|1T^CV(9->5')>    0.15841
|1T^CV(8->11')>    0.16263
|1T^CV(8->13')>   -0.06748
|1T^CV(8->15')>   -0.05256
|1T^CV(7->1')>    0.07304
|1T^CV(7->12')>    0.06567
|1T^CV(7->14')>   -0.06579
|1T^CV(5->1')>   -0.06672
|1T^CV(5->12')>   -0.06097
|1T^CV(5->14')>    0.06199
|1T^CV(3->1')>    0.17203
|1T^CV(3->12')>    0.15866
|1T^CV(3->14')>   -0.16396
TDMs with Triplet 'Ground' state
TDMX:0.000   TDMY:0.000   TDMZ:0.000   Oscillator Strength:0.00000   <S**2>: 0.000
--------------------------------------------------------------------
TDMs with Singlet 'Ground' state
TDMX:-0.002   TDMY:-0.097   TDMZ:0.000   Oscillator Strength:0.00058   <S**2>: 0.000
--------------------------------------------------------------------


State 19 2.549 eV 
Excitation    CI Coef
|3S^CV(18->19')>   -0.07225
|3S^CV(17->20')>   -0.06462
|3S^CV(16->17')>   -0.09136
|3S^CV(15->16')>   -0.08491
|3S^CV(12->12')>    0.10803
|3S^CV(12->14')>    0.06252
|3S^CV(11->11')>   -0.08889
|3S^CV(11->13')>   -0.11781
|3S^CV(8->12')>   -0.15040
|3S^CV(8->14')>   -0.07694
|3S^CV(7->7')>    0.16244
|3S^CV(7->8')>   -0.20454
|3S^CV(6->7')>    0.21173
|3S^CV(6->8')>    0.16808
|3S^CV(6->10')>   -0.06923
|3S^CV(5->9')>    0.26480
|3S^CV(4->7')>   -0.05603
|3S^CV(4->10')>   -0.27714
|3S^CV(3->7')>   -0.05516
|3S^CV(3->8')>    0.06949
|3S^CV(3->9')>    0.10631
|3S^CV(3->11')>   -0.08270
|3S^CV(3->13')>   -0.09642
|3S^CV(2->4')>    0.27278
|3S^CV(1->3')>   -0.27275
|3X^CV(18->20')>    0.05003
|3X^CV(17->19')>    0.05695
|3X^CV(16->16')>   -0.06351
|3X^CV(15->17')>   -0.06830
|3X^CV(14->1')>   -0.06525
|3X^CV(13->2')>    0.06708
|3X^CV(13->11')>   -0.05296
|3X^CV(12->2')>    0.05563
|3X^CV(12->13')>    0.10002
|3X^CV(11->1')>    0.07945
|3X^CV(11->12')>   -0.06633
|3X^CV(11->14')>   -0.09159
|3X^CV(8->11')>   -0.10840
|3X^CV(8->13')>   -0.07917
|3X^CV(7->7')>    0.15144
|3X^CV(7->8')>    0.12014
|3X^CV(6->7')>    0.12434
|3X^CV(6->8')>   -0.15667
|3X^CV(6->9')>    0.05167
|3X^CV(5->10')>   -0.19550
|3X^CV(4->9')>    0.20483
|3X^CV(3->7')>   -0.05140
|3X^CV(3->10')>   -0.07954
|3X^CV(3->12')>   -0.11350
|3X^CV(2->3')>    0.20558
|3X^CV(1->4')>   -0.20559
TDMs with Triplet 'Ground' state
TDMX:-0.000   TDMY:-0.000   TDMZ:-0.007   Oscillator Strength:0.00000   <S**2>: 2.000
--------------------------------------------------------------------
TDMs with Singlet 'Ground' state
TDMX:0.000   TDMY:0.000   TDMZ:0.000   Oscillator Strength:0.00000   <S**2>: 2.000
--------------------------------------------------------------------


State 20 2.550 eV 
Excitation    CI Coef
|3S^CV(18->20')>    0.06722
|3S^CV(17->19')>    0.07788
|3S^CV(16->16')>   -0.08814
|3S^CV(15->17')>   -0.09482
|3S^CV(12->2')>    0.05636
|3S^CV(12->13')>    0.11809
|3S^CV(11->1')>    0.07123
|3S^CV(11->12')>   -0.11460
|3S^CV(11->14')>   -0.09910
|3S^CV(8->11')>   -0.12632
|3S^CV(8->13')>   -0.12480
|3S^CV(7->7')>    0.21139
|3S^CV(7->8')>    0.16776
|3S^CV(7->12')>   -0.05566
|3S^CV(6->7')>    0.17354
|3S^CV(6->8')>   -0.21875
|3S^CV(6->9')>    0.07209
|3S^CV(5->10')>   -0.27317
|3S^CV(5->12')>    0.05192
|3S^CV(4->8')>    0.05828
|3S^CV(4->9')>    0.28634
|3S^CV(3->7')>   -0.07183
|3S^CV(3->8')>   -0.05702
|3S^CV(3->10')>   -0.11136
|3S^CV(3->12')>   -0.13596
|3S^CV(2->3')>    0.28398
|3S^CV(1->4')>   -0.28401
|3X^CV(18->19')>   -0.05202
|3X^CV(16->17')>   -0.06589
|3X^CV(15->16')>   -0.06123
|3X^CV(12->12')>    0.07855
|3X^CV(11->11')>   -0.06475
|3X^CV(11->13')>   -0.08447
|3X^CV(8->12')>   -0.10778
|3X^CV(8->14')>   -0.05766
|3X^CV(7->7')>    0.11691
|3X^CV(7->8')>   -0.14728
|3X^CV(6->7')>    0.15240
|3X^CV(6->8')>    0.12102
|3X^CV(5->9')>    0.19074
|3X^CV(4->10')>   -0.19966
|3X^CV(3->8')>    0.05005
|3X^CV(3->9')>    0.07663
|3X^CV(3->11')>   -0.05837
|3X^CV(3->13')>   -0.07121
|3X^CV(2->4')>    0.19697
|3X^CV(1->3')>   -0.19696
TDMs with Triplet 'Ground' state
TDMX:-0.000   TDMY:-0.004   TDMZ:0.000   Oscillator Strength:0.00000   <S**2>: 2.000
--------------------------------------------------------------------
TDMs with Singlet 'Ground' state
TDMX:0.000   TDMY:0.000   TDMZ:0.000   Oscillator Strength:0.00000   <S**2>: 2.000
--------------------------------------------------------------------


State 21 2.550 eV 
Excitation    CI Coef
|5^CV(37->19')>   -0.05382
|5^CV(35->17')>    0.05953
|5^CV(34->16')>   -0.05514
|5^CV(18->18')>    0.05015
|5^CV(18->20')>   -0.08116
|5^CV(17->19')>   -0.09465
|5^CV(16->16')>    0.10770
|5^CV(15->17')>    0.11587
|5^CV(14->12')>    0.05314
|5^CV(12->2')>   -0.06058
|5^CV(12->11')>   -0.07046
|5^CV(12->13')>   -0.13620
|5^CV(11->1')>   -0.07143
|5^CV(11->12')>    0.14936
|5^CV(11->14')>    0.11003
|5^CV(8->2')>    0.05322
|5^CV(8->11')>    0.14464
|5^CV(8->13')>    0.15888
|5^CV(7->7')>   -0.25852
|5^CV(7->8')>   -0.20513
|5^CV(7->12')>    0.06444
|5^CV(6->7')>   -0.21225
|5^CV(6->8')>    0.26748
|5^CV(6->9')>   -0.08814
|5^CV(5->10')>    0.33417
|5^CV(5->12')>   -0.06014
|5^CV(4->7')>    0.05660
|5^CV(4->8')>   -0.07132
|5^CV(4->9')>   -0.35034
|5^CV(3->7')>    0.08788
|5^CV(3->8')>    0.06975
|5^CV(3->10')>    0.13633
|5^CV(3->12')>    0.15756
|5^CV(3->14')>    0.06057
|5^CV(2->3')>   -0.34675
|5^CV(1->4')>    0.34677
TDMs with Triplet 'Ground' state
TDMX:0.000   TDMY:0.000   TDMZ:0.000   Oscillator Strength:0.00000   <S**2>: 6.000
--------------------------------------------------------------------
TDMs with Singlet 'Ground' state
TDMX:0.000   TDMY:0.000   TDMZ:0.000   Oscillator Strength:0.00000   <S**2>: 6.000
--------------------------------------------------------------------


State 22 2.555 eV 
Excitation    CI Coef
|5^CV(36->19')>   -0.05277
|5^CV(35->16')>   -0.05305
|5^CV(34->17')>    0.05743
|5^CV(18->19')>   -0.08708
|5^CV(17->18')>    0.05092
|5^CV(17->20')>   -0.07794
|5^CV(16->17')>   -0.11183
|5^CV(15->16')>   -0.10376
|5^CV(14->11')>   -0.05426
|5^CV(13->12')>   -0.05760
|5^CV(12->1')>   -0.09551
|5^CV(12->12')>    0.14237
|5^CV(11->2')>   -0.09324
|5^CV(11->11')>   -0.12121
|5^CV(11->13')>   -0.12341
|5^CV(10->5')>   -0.14097
|5^CV(9->6')>   -0.14205
|5^CV(8->12')>   -0.16108
|5^CV(8->14')>   -0.14689
|5^CV(7->7')>    0.19774
|5^CV(7->8')>   -0.24905
|5^CV(7->13')>   -0.06600
|5^CV(6->7')>    0.25742
|5^CV(6->8')>    0.20439
|5^CV(6->10')>   -0.08383
|5^CV(5->9')>    0.32581
|5^CV(5->13')>    0.06153
|5^CV(4->7')>   -0.06941
|5^CV(4->8')>   -0.05511
|5^CV(4->10')>   -0.34208
|5^CV(3->7')>   -0.06758
|5^CV(3->8')>    0.08515
|5^CV(3->9')>    0.13255
|5^CV(3->11')>   -0.06588
|5^CV(3->13')>   -0.15788
|5^CV(2->4')>    0.33362
|5^CV(1->3')>   -0.33359
TDMs with Triplet 'Ground' state
TDMX:0.000   TDMY:0.000   TDMZ:0.000   Oscillator Strength:0.00000   <S**2>: 6.000
--------------------------------------------------------------------
TDMs with Singlet 'Ground' state
TDMX:0.000   TDMY:0.000   TDMZ:0.000   Oscillator Strength:0.00000   <S**2>: 6.000
--------------------------------------------------------------------


State 23 2.569 eV 
Excitation    CI Coef
|5^CV(37->17')>   -0.05783
|5^CV(36->16')>    0.05526
|5^CV(35->19')>    0.05507
|5^CV(18->16')>    0.09125
|5^CV(17->17')>   -0.10013
|5^CV(16->18')>    0.06141
|5^CV(16->20')>   -0.09146
|5^CV(15->19')>    0.10602
|5^CV(12->3')>   -0.16734
|5^CV(11->4')>    0.20213
|5^CV(8->3')>    0.23611
|5^CV(7->4')>    0.08016
|5^CV(7->7')>    0.21839
|5^CV(7->8')>    0.16301
|5^CV(7->10')>   -0.21036
|5^CV(6->7')>    0.22363
|5^CV(6->8')>   -0.26534
|5^CV(6->9')>    0.13224
|5^CV(5->4')>   -0.07448
|5^CV(5->7')>    0.20094
|5^CV(5->8')>    0.15012
|5^CV(5->10')>    0.23264
|5^CV(4->7')>    0.08394
|5^CV(4->8')>   -0.09965
|5^CV(4->9')>   -0.33701
|5^CV(3->4')>    0.17492
|5^CV(3->10')>    0.18120
|5^CV(2->2')>   -0.08712
|5^CV(2->11')>   -0.18893
|5^CV(2->13')>   -0.24005
|5^CV(1->1')>   -0.07425
|5^CV(1->12')>    0.27142
|5^CV(1->14')>    0.14550
TDMs with Triplet 'Ground' state
TDMX:0.000   TDMY:0.000   TDMZ:0.000   Oscillator Strength:0.00000   <S**2>: 6.000
--------------------------------------------------------------------
TDMs with Singlet 'Ground' state
TDMX:0.000   TDMY:0.000   TDMZ:0.000   Oscillator Strength:0.00000   <S**2>: 6.000
--------------------------------------------------------------------


State 24 2.569 eV 
Excitation    CI Coef
|5^CV(37->16')>   -0.05449
|5^CV(36->17')>    0.05879
|5^CV(34->19')>   -0.05505
|5^CV(18->17')>    0.09737
|5^CV(17->16')>   -0.09396
|5^CV(16->19')>    0.10600
|5^CV(15->18')>    0.06119
|5^CV(15->20')>   -0.09144
|5^CV(12->4')>   -0.16734
|5^CV(11->3')>    0.20212
|5^CV(8->4')>    0.23610
|5^CV(7->3')>    0.08013
|5^CV(7->7')>    0.16411
|5^CV(7->8')>   -0.21949
|5^CV(7->9')>    0.21077
|5^CV(6->7')>    0.26709
|5^CV(6->8')>    0.22501
|5^CV(6->10')>   -0.13208
|5^CV(5->3')>   -0.07442
|5^CV(5->7')>    0.15052
|5^CV(5->8')>   -0.20150
|5^CV(5->9')>   -0.23025
|5^CV(4->7')>    0.09881
|5^CV(4->8')>    0.08329
|5^CV(4->10')>    0.33516
|5^CV(3->3')>    0.17494
|5^CV(3->9')>   -0.18046
|5^CV(2->1')>    0.07425
|5^CV(2->12')>   -0.27138
|5^CV(2->14')>   -0.14548
|5^CV(1->2')>    0.08712
|5^CV(1->11')>    0.18889
|5^CV(1->13')>    0.24000
TDMs with Triplet 'Ground' state
TDMX:0.000   TDMY:0.000   TDMZ:0.000   Oscillator Strength:0.00000   <S**2>: 6.000
--------------------------------------------------------------------
TDMs with Singlet 'Ground' state
TDMX:0.000   TDMY:0.000   TDMZ:0.000   Oscillator Strength:0.00000   <S**2>: 6.000
--------------------------------------------------------------------


State 25 2.569 eV 
Excitation    CI Coef
|3S^CV(18->17')>    0.07888
|3S^CV(17->16')>   -0.07599
|3S^CV(16->19')>    0.08697
|3S^CV(15->20')>   -0.07317
|3S^CV(12->4')>   -0.13558
|3S^CV(11->3')>    0.16374
|3S^CV(8->4')>    0.19127
|3S^CV(7->3')>    0.06494
|3S^CV(7->7')>    0.15903
|3S^CV(7->8')>   -0.15440
|3S^CV(7->9')>    0.17085
|3S^CV(6->7')>    0.24235
|3S^CV(6->8')>    0.14602
|3S^CV(6->10')>   -0.10645
|3S^CV(5->3')>   -0.06034
|3S^CV(5->7')>    0.14693
|3S^CV(5->8')>   -0.14291
|3S^CV(5->9')>   -0.18865
|3S^CV(4->7')>    0.09091
|3S^CV(4->8')>    0.05473
|3S^CV(4->10')>    0.27381
|3S^CV(3->3')>    0.14169
|3S^CV(3->9')>   -0.14706
|3S^CV(2->1')>    0.06119
|3S^CV(2->12')>   -0.22369
|3S^CV(2->14')>   -0.11990
|3S^CV(1->2')>    0.06935
|3S^CV(1->11')>    0.15044
|3S^CV(1->13')>    0.19114
|3X^CV(18->16')>    0.05223
|3X^CV(17->17')>   -0.05736
|3X^CV(16->20')>   -0.05280
|3X^CV(15->19')>    0.06025
|3X^CV(12->3')>   -0.09585
|3X^CV(11->4')>    0.11578
|3X^CV(8->3')>    0.13525
|3X^CV(7->7')>    0.13462
|3X^CV(7->8')>    0.08110
|3X^CV(7->10')>   -0.12052
|3X^CV(6->7')>    0.14352
|3X^CV(6->8')>   -0.13952
|3X^CV(6->9')>    0.07570
|3X^CV(5->7')>    0.12401
|3X^CV(5->8')>    0.07471
|3X^CV(5->10')>    0.13345
|3X^CV(4->7')>    0.05394
|3X^CV(4->8')>   -0.05249
|3X^CV(4->9')>   -0.19322
|3X^CV(3->4')>    0.10020
|3X^CV(3->10')>    0.10388
|3X^CV(2->2')>   -0.05043
|3X^CV(2->11')>   -0.10940
|3X^CV(2->13')>   -0.13901
|3X^CV(1->12')>    0.15377
|3X^CV(1->14')>    0.08242
TDMs with Triplet 'Ground' state
TDMX:-0.000   TDMY:-0.000   TDMZ:-0.000   Oscillator Strength:0.00000   <S**2>: 2.000
--------------------------------------------------------------------
TDMs with Singlet 'Ground' state
TDMX:0.000   TDMY:0.000   TDMZ:0.000   Oscillator Strength:0.00000   <S**2>: 2.000
--------------------------------------------------------------------


State 26 2.569 eV 
Excitation    CI Coef
|3S^CV(18->16')>    0.07391
|3S^CV(17->17')>   -0.08112
|3S^CV(16->20')>   -0.07316
|3S^CV(15->19')>    0.08697
|3S^CV(12->3')>   -0.13557
|3S^CV(11->4')>    0.16374
|3S^CV(8->3')>    0.19128
|3S^CV(7->4')>    0.06494
|3S^CV(7->7')>    0.15513
|3S^CV(7->8')>    0.15936
|3S^CV(7->10')>   -0.17039
|3S^CV(6->7')>    0.14621
|3S^CV(6->8')>   -0.24260
|3S^CV(6->9')>    0.10713
|3S^CV(5->4')>   -0.06033
|3S^CV(5->7')>    0.14272
|3S^CV(5->8')>    0.14687
|3S^CV(5->10')>    0.18853
|3S^CV(4->7')>    0.05495
|3S^CV(4->8')>   -0.09111
|3S^CV(4->9')>   -0.27313
|3S^CV(3->4')>    0.14170
|3S^CV(3->10')>    0.14681
|3S^CV(2->2')>   -0.06935
|3S^CV(2->11')>   -0.15043
|3S^CV(2->13')>   -0.19114
|3S^CV(1->1')>   -0.06119
|3S^CV(1->12')>    0.22368
|3S^CV(1->14')>    0.11990
|3X^CV(18->17')>    0.05578
|3X^CV(17->16')>   -0.05375
|3X^CV(16->19')>    0.06025
|3X^CV(15->20')>   -0.05280
|3X^CV(12->4')>   -0.09586
|3X^CV(11->3')>    0.11579
|3X^CV(8->4')>    0.13524
|3X^CV(7->7')>    0.08104
|3X^CV(7->8')>   -0.13446
|3X^CV(7->9')>    0.12082
|3X^CV(6->7')>    0.13967
|3X^CV(6->8')>    0.14365
|3X^CV(6->10')>   -0.07534
|3X^CV(5->7')>    0.07484
|3X^CV(5->8')>   -0.12418
|3X^CV(5->9')>   -0.13314
|3X^CV(4->7')>    0.05222
|3X^CV(4->8')>    0.05377
|3X^CV(4->10')>    0.19328
|3X^CV(3->3')>    0.10020
|3X^CV(3->9')>   -0.10389
|3X^CV(2->12')>   -0.15378
|3X^CV(2->14')>   -0.08242
|3X^CV(1->2')>    0.05043
|3X^CV(1->11')>    0.10940
|3X^CV(1->13')>    0.13901
TDMs with Triplet 'Ground' state
TDMX:-0.000   TDMY:-0.000   TDMZ:0.000   Oscillator Strength:0.00000   <S**2>: 2.000
--------------------------------------------------------------------
TDMs with Singlet 'Ground' state
TDMX:0.000   TDMY:0.000   TDMZ:0.000   Oscillator Strength:0.00000   <S**2>: 2.000
--------------------------------------------------------------------


State 27 2.605 eV 
Excitation    CI Coef
|3^CS(14->0)>    0.05892
|3^CS(14->0')>   -0.05892
|3^SV(0->14')>    0.06341
|3^SV(0'->14')>    0.06341
|3S^CV(12->1')>    0.11561
|3S^CV(11->2')>    0.08678
|3S^CV(10->5')>    0.24327
|3S^CV(9->6')>    0.24640
|3S^CV(8->1')>    0.12602
|3S^CV(8->14')>    0.09416
|3S^CV(7->8')>    0.05179
|3S^CV(6->7')>   -0.05392
|3S^CV(5->9')>   -0.06365
|3S^CV(4->10')>    0.06661
|3S^CV(3->2')>   -0.11880
|3S^CV(3->13')>    0.08097
|3S^CV(2->4')>   -0.06778
|3S^CV(1->3')>    0.06778
|3X^CV(33->15')>    0.05423
|3X^CV(23->15')>    0.07427
|3X^CV(23->21')>   -0.05992
|3X^CV(20->1')>   -0.15007
|3X^CV(19->2')>    0.08223
|3X^CV(19->11')>   -0.05783
|3X^CV(19->21')>    0.08281
|3X^CV(18->1')>   -0.07319
|3X^CV(17->2')>   -0.06781
|3X^CV(14->1')>   -0.28572
|3X^CV(14->18')>    0.05674
|3X^CV(14->20')>    0.05171
|3X^CV(13->2')>    0.30132
|3X^CV(13->11')>   -0.12409
|3X^CV(13->15')>   -0.06185
|3X^CV(12->2')>    0.08326
|3X^CV(12->11')>   -0.20289
|3X^CV(12->13')>    0.11511
|3X^CV(11->1')>    0.17685
|3X^CV(11->12')>    0.12995
|3X^CV(11->14')>   -0.15082
|3X^CV(10->6')>   -0.29011
|3X^CV(9->5')>   -0.28906
|3X^CV(8->11')>   -0.14774
|3X^CV(8->13')>    0.11199
|3X^CV(8->15')>    0.05297
|3X^CV(7->14')>    0.07245
|3X^CV(5->14')>   -0.06764
|3X^CV(3->12')>   -0.11862
|3X^CV(3->14')>    0.17746
TDMs with Triplet 'Ground' state
TDMX:0.000   TDMY:0.000   TDMZ:-0.007   Oscillator Strength:0.00000   <S**2>: 2.000
--------------------------------------------------------------------
TDMs with Singlet 'Ground' state
TDMX:0.000   TDMY:0.000   TDMZ:0.000   Oscillator Strength:0.00000   <S**2>: 2.000
--------------------------------------------------------------------


State 28 2.631 eV 
Excitation    CI Coef
|3^CS(10->0)>   -0.29274
|3^CS(9->0)>   -0.29613
|3^CS(10->0')>   -0.29516
|3^CS(9->0')>    0.29846
|3^SV(0->5')>   -0.15876
|3^SV(0->6')>   -0.15965
|3^SV(0'->5')>   -0.16002
|3^SV(0'->6')>    0.16096
|3T^CV(12->6')>   -0.05555
|3T^CV(10->2')>    0.07944
|3T^CV(10->13')>   -0.07940
|3T^CV(9->1')>    0.09248
|3T^CV(9->14')>    0.07513
|3S^CV(14->6')>    0.06626
|3S^CV(13->5')>   -0.05595
|3S^CV(12->5')>    0.07297
|3S^CV(11->6')>    0.05250
|3S^CV(10->1')>    0.21653
|3S^CV(10->14')>    0.14678
|3S^CV(9->2')>    0.19569
|3S^CV(9->11')>    0.06981
|3S^CV(9->13')>   -0.13727
|3S^CV(8->5')>    0.06753
|3S^CV(3->6')>   -0.06751
|3X^CV(18->5')>    0.05731
|3X^CV(17->6')>    0.05117
|3X^CV(14->5')>    0.09298
|3X^CV(13->6')>   -0.08159
|3X^CV(12->6')>    0.10080
|3X^CV(11->5')>    0.07351
|3X^CV(10->2')>    0.27627
|3X^CV(10->11')>    0.10583
|3X^CV(10->13')>   -0.19392
|3X^CV(9->1')>    0.30565
|3X^CV(9->14')>    0.20881
|3X^CV(9->20')>   -0.05070
|3X^CV(8->6')>    0.09677
|3X^CV(3->5')>   -0.09365
TDMs with Triplet 'Ground' state
TDMX:-0.211   TDMY:-0.154   TDMZ:-0.001   Oscillator Strength:0.00439   <S**2>: 2.000
--------------------------------------------------------------------
TDMs with Singlet 'Ground' state
TDMX:0.000   TDMY:0.000   TDMZ:0.000   Oscillator Strength:0.00000   <S**2>: 2.000
--------------------------------------------------------------------


State 29 2.631 eV 
Excitation    CI Coef
|3^CS(10->0)>   -0.29831
|3^CS(9->0)>   -0.29577
|3^CS(10->0')>    0.29599
|3^CS(9->0')>   -0.29334
|3^SV(0->5')>   -0.16002
|3^SV(0->6')>   -0.16167
|3^SV(0'->5')>    0.15871
|3^SV(0'->6')>   -0.16041
|3T^CV(12->5')>   -0.05543
|3T^CV(10->1')>    0.09213
|3T^CV(10->14')>    0.07484
|3T^CV(9->2')>    0.07929
|3T^CV(9->13')>   -0.07941
|3S^CV(14->5')>    0.06627
|3S^CV(13->6')>   -0.05756
|3S^CV(12->6')>    0.07158
|3S^CV(11->5')>    0.05245
|3S^CV(10->2')>    0.19548
|3S^CV(10->11')>    0.07274
|3S^CV(10->13')>   -0.13722
|3S^CV(9->1')>    0.21691
|3S^CV(9->14')>    0.14791
|3S^CV(8->6')>    0.06800
|3S^CV(3->5')>   -0.06759
|3X^CV(18->6')>    0.05809
|3X^CV(17->5')>    0.05079
|3X^CV(14->6')>    0.09433
|3X^CV(13->5')>   -0.08132
|3X^CV(12->5')>    0.09939
|3X^CV(11->6')>    0.07487
|3X^CV(10->1')>    0.30561
|3X^CV(10->14')>    0.20937
|3X^CV(10->20')>   -0.05074
|3X^CV(9->2')>    0.27615
|3X^CV(9->11')>    0.10449
|3X^CV(9->13')>   -0.19393
|3X^CV(8->5')>    0.09429
|3X^CV(3->6')>   -0.09409
TDMs with Triplet 'Ground' state
TDMX:-0.001   TDMY:-0.001   TDMZ:0.260   Oscillator Strength:0.00435   <S**2>: 2.000
--------------------------------------------------------------------
TDMs with Singlet 'Ground' state
TDMX:0.000   TDMY:0.000   TDMZ:0.000   Oscillator Strength:0.00000   <S**2>: 2.000
--------------------------------------------------------------------


State 30 2.641 eV 
Excitation    CI Coef
|3S^CV(33->15')>   -0.06099
|3S^CV(23->15')>   -0.07618
|3S^CV(23->21')>    0.06064
|3S^CV(20->1')>    0.16445
|3S^CV(19->2')>   -0.09566
|3S^CV(19->11')>    0.05786
|3S^CV(19->21')>   -0.09360
|3S^CV(18->1')>    0.07718
|3S^CV(17->2')>    0.07142
|3S^CV(14->1')>    0.29513
|3S^CV(14->18')>   -0.06327
|3S^CV(14->20')>   -0.05687
|3S^CV(13->2')>   -0.31650
|3S^CV(13->11')>    0.12369
|3S^CV(13->15')>    0.06749
|3S^CV(12->2')>   -0.07610
|3S^CV(12->11')>    0.21801
|3S^CV(12->13')>   -0.11725
|3S^CV(11->1')>   -0.16428
|3S^CV(11->12')>   -0.13690
|3S^CV(11->14')>    0.15249
|3S^CV(10->6')>    0.36647
|3S^CV(9->5')>    0.36230
|3S^CV(9->11')>    0.05202
|3S^CV(8->2')>    0.06601
|3S^CV(8->11')>    0.16168
|3S^CV(8->13')>   -0.13101
|3S^CV(8->15')>   -0.05709
|3S^CV(7->12')>    0.05093
|3S^CV(7->14')>   -0.08039
|3S^CV(5->14')>    0.07457
|3S^CV(3->12')>    0.12164
|3S^CV(3->14')>   -0.19500
|3X^CV(12->1')>   -0.08387
|3X^CV(11->2')>   -0.06091
|3X^CV(10->5')>   -0.17625
|3X^CV(9->6')>   -0.17721
|3X^CV(8->1')>   -0.08863
|3X^CV(8->14')>   -0.05771
|3X^CV(3->2')>    0.08660
TDMs with Triplet 'Ground' state
TDMX:-0.013   TDMY:-0.011   TDMZ:0.000   Oscillator Strength:0.00002   <S**2>: 2.000
--------------------------------------------------------------------
TDMs with Singlet 'Ground' state
TDMX:0.000   TDMY:0.000   TDMZ:0.000   Oscillator Strength:0.00000   <S**2>: 2.000
--------------------------------------------------------------------


State 31 2.660 eV 
Excitation    CI Coef
|1^CS(10->0)>    0.28694
|1^CS(9->0)>    0.28291
|1^CS(10->0')>   -0.28992
|1^CS(9->0')>    0.28587
|1^SV(0->5')>   -0.16729
|1^SV(0->6')>   -0.16869
|1^SV(0'->5')>   -0.16902
|1^SV(0'->6')>    0.17048
|1S^CV(12->6')>   -0.05785
|1S^CV(11->5')>   -0.05024
|1S^CV(10->2')>    0.08061
|1S^CV(10->13')>   -0.07848
|1S^CV(9->1')>    0.09328
|1S^CV(9->14')>    0.07377
|1T^CV(18->6')>   -0.07468
|1T^CV(17->5')>   -0.06562
|1T^CV(14->6')>   -0.12000
|1T^CV(13->5')>    0.10307
|1T^CV(12->5')>   -0.12949
|1T^CV(11->6')>   -0.09704
|1T^CV(10->1')>   -0.38020
|1T^CV(10->14')>   -0.25623
|1T^CV(10->20')>    0.06067
|1T^CV(9->2')>   -0.34305
|1T^CV(9->11')>   -0.12960
|1T^CV(9->13')>    0.23663
|1T^CV(9->15')>    0.05324
|1T^CV(8->5')>   -0.12063
|1T^CV(3->6')>    0.12070
TDMs with Triplet 'Ground' state
TDMX:0.000   TDMY:0.000   TDMZ:0.000   Oscillator Strength:0.00000   <S**2>: 0.000
--------------------------------------------------------------------
TDMs with Singlet 'Ground' state
TDMX:-0.195   TDMY:-0.145   TDMZ:-0.001   Oscillator Strength:0.00383   <S**2>: 0.000
--------------------------------------------------------------------


State 32 2.661 eV 
Excitation    CI Coef
|1^CS(10->0)>    0.28538
|1^CS(9->0)>    0.29015
|1^CS(10->0')>    0.28243
|1^CS(9->0')>   -0.28716
|1^SV(0->5')>   -0.16937
|1^SV(0->6')>   -0.17068
|1^SV(0'->5')>    0.16759
|1^SV(0'->6')>   -0.16894
|1S^CV(12->5')>   -0.05763
|1S^CV(11->6')>   -0.05064
|1S^CV(10->1')>    0.09282
|1S^CV(10->14')>    0.07340
|1S^CV(9->2')>    0.08038
|1S^CV(9->13')>   -0.07839
|1T^CV(18->5')>   -0.07415
|1T^CV(17->6')>   -0.06629
|1T^CV(14->5')>   -0.11915
|1T^CV(13->6')>    0.10416
|1T^CV(12->6')>   -0.13066
|1T^CV(11->5')>   -0.09608
|1T^CV(10->2')>   -0.34297
|1T^CV(10->11')>   -0.13087
|1T^CV(10->13')>    0.23649
|1T^CV(10->15')>    0.05316
|1T^CV(9->1')>   -0.38088
|1T^CV(9->14')>   -0.25646
|1T^CV(9->20')>    0.06077
|1T^CV(8->6')>   -0.12305
|1T^CV(3->5')>    0.12124
TDMs with Triplet 'Ground' state
TDMX:0.000   TDMY:0.000   TDMZ:0.000   Oscillator Strength:0.00000   <S**2>: 0.000
--------------------------------------------------------------------
TDMs with Singlet 'Ground' state
TDMX:-0.001   TDMY:-0.001   TDMZ:0.238   Oscillator Strength:0.00370   <S**2>: 0.000
--------------------------------------------------------------------


State 33 2.674 eV 
Excitation    CI Coef
|5^CV(33->15')>    0.06571
|5^CV(23->15')>    0.07857
|5^CV(23->21')>   -0.06182
|5^CV(20->1')>   -0.17613
|5^CV(20->18')>   -0.05399
|5^CV(19->2')>    0.10734
|5^CV(19->11')>   -0.05840
|5^CV(19->21')>    0.10152
|5^CV(18->1')>   -0.08100
|5^CV(17->2')>   -0.07396
|5^CV(14->1')>   -0.30233
|5^CV(14->18')>    0.06768
|5^CV(14->20')>    0.05895
|5^CV(13->2')>    0.32882
|5^CV(13->11')>   -0.12929
|5^CV(13->15')>   -0.07058
|5^CV(12->2')>    0.07481
|5^CV(12->11')>   -0.22640
|5^CV(12->13')>    0.12023
|5^CV(11->1')>    0.15508
|5^CV(11->12')>    0.13865
|5^CV(11->14')>   -0.15469
|5^CV(10->6')>   -0.42395
|5^CV(9->5')>   -0.42090
|5^CV(9->11')>   -0.05498
|5^CV(8->2')>   -0.07608
|5^CV(8->11')>   -0.17218
|5^CV(8->13')>    0.13991
|5^CV(8->15')>    0.05852
|5^CV(7->12')>   -0.05258
|5^CV(7->14')>    0.08585
|5^CV(5->14')>   -0.07930
|5^CV(3->12')>   -0.12637
|5^CV(3->14')>    0.20620
TDMs with Triplet 'Ground' state
TDMX:0.000   TDMY:0.000   TDMZ:0.000   Oscillator Strength:0.00000   <S**2>: 6.000
--------------------------------------------------------------------
TDMs with Singlet 'Ground' state
TDMX:0.000   TDMY:0.000   TDMZ:0.000   Oscillator Strength:0.00000   <S**2>: 6.000
--------------------------------------------------------------------


State 34 2.736 eV 
Excitation    CI Coef
|3^CS(7->0)>    0.24656
|3^CS(6->0)>   -0.28506
|3^CS(5->0)>    0.14058
|3^CS(7->0')>   -0.24580
|3^CS(6->0')>   -0.28400
|3^CS(5->0')>   -0.14007
|3^SV(0->8')>   -0.30081
|3^SV(0->9')>    0.08026
|3^SV(0->10')>    0.07974
|3^SV(0'->7')>   -0.29979
|3^SV(0'->9')>   -0.07986
|3^SV(0'->10')>    0.07958
|3T^CV(11->7')>   -0.05050
|3T^CV(7->12')>   -0.06495
|3T^CV(7->14')>   -0.06093
|3T^CV(6->3')>    0.05530
|3T^CV(6->13')>   -0.09492
|3S^CV(18->8')>    0.05076
|3S^CV(12->7')>    0.05438
|3S^CV(11->7')>   -0.05012
|3S^CV(11->8')>    0.06337
|3S^CV(8->7')>   -0.05908
|3S^CV(7->3')>   -0.10091
|3S^CV(7->11')>    0.05960
|3S^CV(7->13')>    0.11090
|3S^CV(6->4')>   -0.11365
|3S^CV(6->12')>    0.11747
|3S^CV(6->14')>    0.08931
|3S^CV(5->13')>    0.06328
|3S^CV(2->7')>   -0.08369
|3S^CV(2->8')>   -0.05300
|3S^CV(1->7')>    0.05266
|3S^CV(1->8')>   -0.08384
|3X^CV(18->7')>    0.07164
|3X^CV(18->8')>    0.05706
|3X^CV(17->7')>   -0.05584
|3X^CV(17->8')>    0.07060
|3X^CV(12->7')>   -0.06096
|3X^CV(12->8')>    0.07707
|3X^CV(11->7')>    0.08940
|3X^CV(11->8')>    0.07121
|3X^CV(8->7')>    0.06623
|3X^CV(8->8')>   -0.08374
|3X^CV(7->4')>    0.14248
|3X^CV(7->12')>   -0.14231
|3X^CV(7->14')>   -0.10957
|3X^CV(7->20')>    0.05697
|3X^CV(6->3')>    0.16100
|3X^CV(6->11')>   -0.09876
|3X^CV(6->13')>   -0.18178
|3X^CV(6->19')>   -0.06066
|3X^CV(5->4')>    0.06652
|3X^CV(5->12')>   -0.08264
|3X^CV(5->14')>   -0.06169
|3X^CV(3->7')>    0.06265
|3X^CV(2->7')>    0.09821
|3X^CV(2->8')>   -0.09980
|3X^CV(1->7')>   -0.09951
|3X^CV(1->8')>   -0.09861
TDMs with Triplet 'Ground' state
TDMX:0.000   TDMY:-0.000   TDMZ:0.038   Oscillator Strength:0.00009   <S**2>: 2.000
--------------------------------------------------------------------
TDMs with Singlet 'Ground' state
TDMX:0.000   TDMY:0.000   TDMZ:0.000   Oscillator Strength:0.00000   <S**2>: 2.000
--------------------------------------------------------------------


State 35 2.736 eV 
Excitation    CI Coef
|3^CS(7->0)>   -0.24495
|3^CS(6->0)>    0.28495
|3^CS(5->0)>   -0.13969
|3^CS(7->0')>   -0.24589
|3^CS(6->0')>   -0.28587
|3^CS(5->0')>   -0.14015
|3^SV(0->8')>    0.29974
|3^SV(0->9')>   -0.07996
|3^SV(0->10')>   -0.07944
|3^SV(0'->7')>   -0.30082
|3^SV(0'->9')>   -0.08011
|3^SV(0'->10')>    0.07983
|3T^CV(11->8')>    0.05045
|3T^CV(7->13')>   -0.08184
|3T^CV(6->4')>    0.05524
|3T^CV(6->12')>   -0.07541
|3T^CV(6->14')>   -0.07071
|3S^CV(18->7')>   -0.05080
|3S^CV(12->8')>   -0.05434
|3S^CV(11->7')>   -0.06342
|3S^CV(11->8')>   -0.05015
|3S^CV(8->8')>    0.05904
|3S^CV(7->4')>   -0.10074
|3S^CV(7->12')>    0.10058
|3S^CV(7->14')>    0.07745
|3S^CV(6->3')>   -0.11384
|3S^CV(6->11')>    0.06987
|3S^CV(6->13')>    0.12862
|3S^CV(5->12')>    0.05842
|3S^CV(2->7')>   -0.06973
|3S^CV(2->8')>    0.07038
|3S^CV(1->7')>    0.07054
|3S^CV(1->8')>    0.06943
|3X^CV(18->7')>    0.05702
|3X^CV(18->8')>   -0.07159
|3X^CV(17->7')>   -0.07065
|3X^CV(17->8')>   -0.05588
|3X^CV(12->7')>   -0.07712
|3X^CV(12->8')>   -0.06100
|3X^CV(11->7')>    0.07117
|3X^CV(11->8')>   -0.08934
|3X^CV(8->7')>    0.08380
|3X^CV(8->8')>    0.06628
|3X^CV(7->3')>    0.14271
|3X^CV(7->11')>   -0.08426
|3X^CV(7->13')>   -0.15676
|3X^CV(7->19')>   -0.05190
|3X^CV(6->4')>    0.16074
|3X^CV(6->12')>   -0.16620
|3X^CV(6->14')>   -0.12643
|3X^CV(6->20')>    0.06640
|3X^CV(5->3')>    0.06667
|3X^CV(5->13')>   -0.08941
|3X^CV(3->8')>   -0.06257
|3X^CV(2->7')>    0.11869
|3X^CV(2->8')>    0.07461
|3X^CV(1->7')>   -0.07482
|3X^CV(1->8')>    0.11822
TDMs with Triplet 'Ground' state
TDMX:-0.031   TDMY:0.010   TDMZ:0.000   Oscillator Strength:0.00007   <S**2>: 2.000
--------------------------------------------------------------------
TDMs with Singlet 'Ground' state
TDMX:0.000   TDMY:0.000   TDMZ:0.000   Oscillator Strength:0.00000   <S**2>: 2.000
--------------------------------------------------------------------


State 36 2.743 eV 
Excitation    CI Coef
|3^CS(7->0)>    0.11369
|3^CS(5->0)>   -0.24579
|3^CS(4->0)>    0.30248
|3^CS(3->0)>   -0.14092
|3^CS(7->0')>   -0.10048
|3^CS(5->0')>    0.21718
|3^CS(4->0')>    0.26714
|3^CS(3->0')>    0.12454
|3^SV(0->8')>   -0.11769
|3^SV(0->9')>   -0.22513
|3^SV(0->10')>   -0.22496
|3^SV(0'->7')>   -0.10391
|3^SV(0'->9')>    0.19859
|3^SV(0'->10')>   -0.19904
|3T^CV(12->9')>   -0.05866
|3T^CV(11->10')>   -0.06379
|3T^CV(5->12')>    0.06119
|3T^CV(5->14')>    0.05738
|3T^CV(4->3')>    0.05373
|3T^CV(4->13')>    0.09505
|3T^CV(1->10')>   -0.05038
|3S^CV(18->9')>    0.06406
|3S^CV(17->10')>    0.06301
|3S^CV(12->10')>    0.06868
|3S^CV(11->9')>    0.07973
|3S^CV(8->10')>   -0.07387
|3S^CV(5->3')>   -0.09559
|3S^CV(5->11')>   -0.05783
|3S^CV(5->13')>   -0.10468
|3S^CV(4->4')>   -0.11241
|3S^CV(4->12')>   -0.11861
|3S^CV(4->14')>   -0.08964
|3S^CV(3->9')>    0.05377
|3S^CV(3->13')>   -0.05987
|3S^CV(2->10')>    0.09952
|3S^CV(1->9')>    0.10089
|3X^CV(18->10')>    0.09067
|3X^CV(17->9')>    0.08904
|3X^CV(12->9')>    0.09711
|3X^CV(11->10')>    0.11278
|3X^CV(8->9')>   -0.10446
|3X^CV(7->12')>   -0.06184
|3X^CV(5->4')>    0.13541
|3X^CV(5->12')>    0.13507
|3X^CV(5->14')>    0.10344
|3X^CV(5->20')>   -0.05375
|3X^CV(4->3')>    0.15871
|3X^CV(4->11')>    0.10240
|3X^CV(4->13')>    0.18247
|3X^CV(4->19')>    0.06113
|3X^CV(3->4')>    0.06984
|3X^CV(3->10')>    0.07686
|3X^CV(3->12')>    0.08015
|3X^CV(3->14')>    0.05741
|3X^CV(2->9')>    0.14065
|3X^CV(1->10')>    0.14274
TDMs with Triplet 'Ground' state
TDMX:-0.001   TDMY:0.003   TDMZ:-0.021   Oscillator Strength:0.00003   <S**2>: 2.000
--------------------------------------------------------------------
TDMs with Singlet 'Ground' state
TDMX:0.000   TDMY:0.000   TDMZ:0.000   Oscillator Strength:0.00000   <S**2>: 2.000
--------------------------------------------------------------------


State 37 2.743 eV 
Excitation    CI Coef
|3^CS(7->0)>   -0.10011
|3^CS(5->0)>    0.21648
|3^CS(4->0)>   -0.26807
|3^CS(3->0)>    0.12415
|3^CS(7->0')>   -0.11337
|3^CS(5->0')>    0.24511
|3^CS(4->0')>    0.30336
|3^CS(3->0')>    0.14059
|3^SV(0->8')>    0.10392
|3^SV(0->9')>    0.19886
|3^SV(0->10')>    0.19870
|3^SV(0'->7')>   -0.11757
|3^SV(0'->9')>    0.22478
|3^SV(0'->10')>   -0.22527
|3T^CV(12->10')>    0.05868
|3T^CV(11->9')>    0.06373
|3T^CV(5->13')>    0.07695
|3T^CV(4->4')>    0.05386
|3T^CV(4->12')>    0.07567
|3T^CV(4->14')>    0.07088
|3T^CV(2->10')>    0.05031
|3S^CV(18->10')>   -0.06412
|3S^CV(17->9')>   -0.06294
|3S^CV(12->9')>   -0.06865
|3S^CV(11->10')>   -0.07978
|3S^CV(8->9')>    0.07384
|3S^CV(5->4')>   -0.09575
|3S^CV(5->12')>   -0.09545
|3S^CV(5->14')>   -0.07314
|3S^CV(4->3')>   -0.11222
|3S^CV(4->11')>   -0.07245
|3S^CV(4->13')>   -0.12912
|3S^CV(3->10')>   -0.05435
|3S^CV(3->12')>   -0.05675
|3S^CV(2->9')>   -0.10078
|3S^CV(1->10')>   -0.09958
|3X^CV(18->9')>   -0.09057
|3X^CV(17->10')>   -0.08914
|3X^CV(12->10')>   -0.09714
|3X^CV(11->9')>   -0.11270
|3X^CV(8->10')>    0.10450
|3X^CV(7->13')>   -0.06848
|3X^CV(5->3')>    0.13519
|3X^CV(5->11')>    0.08175
|3X^CV(5->13')>    0.14797
|3X^CV(4->4')>    0.15898
|3X^CV(4->12')>    0.16781
|3X^CV(4->14')>    0.12690
|3X^CV(4->20')>   -0.06661
|3X^CV(3->3')>    0.06973
|3X^CV(3->9')>   -0.07606
|3X^CV(3->11')>    0.05048
|3X^CV(3->13')>    0.08459
|3X^CV(2->10')>   -0.14266
|3X^CV(1->9')>   -0.14075
TDMs with Triplet 'Ground' state
TDMX:0.017   TDMY:-0.042   TDMZ:-0.001   Oscillator Strength:0.00014   <S**2>: 2.000
--------------------------------------------------------------------
TDMs with Singlet 'Ground' state
TDMX:0.000   TDMY:0.000   TDMZ:0.000   Oscillator Strength:0.00000   <S**2>: 2.000
--------------------------------------------------------------------


State 38 2.763 eV 
Excitation    CI Coef
|1^CS(7->0)>   -0.23348
|1^CS(6->0)>    0.27165
|1^CS(5->0)>   -0.13357
|1^CS(7->0')>   -0.22751
|1^CS(6->0')>   -0.26458
|1^CS(5->0')>   -0.13008
|1^SV(0->8')>   -0.32346
|1^SV(0->9')>    0.08629
|1^SV(0->10')>    0.08573
|1^SV(0'->7')>   -0.31513
|1^SV(0'->9')>   -0.08392
|1^SV(0'->10')>    0.08363
|1S^CV(11->7')>   -0.05248
|1S^CV(7->4')>    0.05028
|1S^CV(7->12')>   -0.06395
|1S^CV(7->14')>   -0.05864
|1S^CV(6->3')>    0.05658
|1S^CV(6->13')>   -0.09220
|1T^CV(18->7')>    0.07122
|1T^CV(18->8')>   -0.09219
|1T^CV(17->7')>   -0.08875
|1T^CV(17->8')>   -0.07236
|1T^CV(12->7')>   -0.10057
|1T^CV(12->8')>   -0.08199
|1T^CV(11->7')>    0.09190
|1T^CV(11->8')>   -0.11895
|1T^CV(11->9')>    0.05620
|1T^CV(8->7')>    0.10816
|1T^CV(8->8')>    0.08819
|1T^CV(8->10')>   -0.05182
|1T^CV(7->3')>    0.17525
|1T^CV(7->11')>   -0.10241
|1T^CV(7->13')>   -0.18688
|1T^CV(7->19')>   -0.06114
|1T^CV(6->4')>    0.19734
|1T^CV(6->12')>   -0.20037
|1T^CV(6->14')>   -0.14986
|1T^CV(6->20')>    0.07804
|1T^CV(5->3')>    0.08175
|1T^CV(5->11')>   -0.06017
|1T^CV(5->13')>   -0.10679
|1T^CV(3->7')>    0.06380
|1T^CV(3->8')>   -0.08258
|1T^CV(2->7')>    0.15265
|1T^CV(2->8')>    0.09907
|1T^CV(1->7')>   -0.09551
|1T^CV(1->8')>    0.15584
TDMs with Triplet 'Ground' state
TDMX:0.000   TDMY:0.000   TDMZ:0.000   Oscillator Strength:0.00000   <S**2>: 0.000
--------------------------------------------------------------------
TDMs with Singlet 'Ground' state
TDMX:0.000   TDMY:-0.000   TDMZ:-0.012   Oscillator Strength:0.00001   <S**2>: 0.000
--------------------------------------------------------------------


State 39 2.763 eV 
Excitation    CI Coef
|1^CS(7->0)>   -0.22797
|1^CS(6->0)>    0.26398
|1^CS(5->0)>   -0.13050
|1^CS(7->0')>    0.23410
|1^CS(6->0')>    0.27095
|1^CS(5->0')>    0.13393
|1^SV(0->8')>   -0.31504
|1^SV(0->9')>    0.08413
|1^SV(0->10')>    0.08357
|1^SV(0'->7')>    0.32344
|1^SV(0'->9')>    0.08623
|1^SV(0'->10')>   -0.08590
|1S^CV(11->8')>   -0.05243
|1S^CV(7->3')>   -0.05037
|1S^CV(7->13')>    0.07943
|1S^CV(6->4')>   -0.05650
|1S^CV(6->12')>    0.07424
|1S^CV(6->14')>    0.06808
|1T^CV(18->7')>   -0.09224
|1T^CV(18->8')>   -0.07126
|1T^CV(17->7')>    0.07229
|1T^CV(17->8')>   -0.08867
|1T^CV(12->7')>    0.08192
|1T^CV(12->8')>   -0.10048
|1T^CV(11->7')>   -0.11902
|1T^CV(11->8')>   -0.09195
|1T^CV(11->10')>    0.05597
|1T^CV(8->7')>   -0.08812
|1T^CV(8->8')>    0.10807
|1T^CV(8->9')>   -0.05210
|1T^CV(7->4')>   -0.17499
|1T^CV(7->12')>    0.17160
|1T^CV(7->14')>    0.12968
|1T^CV(7->20')>   -0.06686
|1T^CV(6->3')>   -0.19768
|1T^CV(6->11')>    0.12007
|1T^CV(6->13')>    0.21679
|1T^CV(6->19')>    0.07155
|1T^CV(5->4')>   -0.08153
|1T^CV(5->12')>    0.09973
|1T^CV(5->14')>    0.07341
|1T^CV(3->7')>   -0.08266
|1T^CV(3->8')>   -0.06386
|1T^CV(2->7')>   -0.13019
|1T^CV(2->8')>    0.12852
|1T^CV(1->7')>    0.13103
|1T^CV(1->8')>    0.12611
TDMs with Triplet 'Ground' state
TDMX:0.000   TDMY:0.000   TDMZ:0.000   Oscillator Strength:0.00000   <S**2>: 0.000
--------------------------------------------------------------------
TDMs with Singlet 'Ground' state
TDMX:0.005   TDMY:-0.015   TDMZ:0.000   Oscillator Strength:0.00002   <S**2>: 0.000
--------------------------------------------------------------------


State 40 2.770 eV 
Excitation    CI Coef
|1^CS(7->0)>   -0.12757
|1^CS(5->0)>    0.27563
|1^CS(4->0)>   -0.33996
|1^CS(3->0)>    0.15853
|1^CS(7->0')>    0.06343
|1^CS(5->0')>   -0.13692
|1^CS(4->0')>   -0.16832
|1^CS(3->0')>   -0.07881
|1^SV(0->8')>   -0.15026
|1^SV(0->9')>   -0.28632
|1^SV(0->10')>   -0.28609
|1^SV(0'->7')>    0.07452
|1^SV(0'->9')>   -0.14178
|1^SV(0'->10')>    0.14207
|1S^CV(12->10')>   -0.05854
|1S^CV(11->9')>   -0.06351
|1S^CV(5->13')>   -0.07094
|1S^CV(4->4')>   -0.05237
|1S^CV(4->12')>   -0.07076
|1S^CV(4->14')>   -0.06478
|1S^CV(1->9')>   -0.05011
|1T^CV(18->10')>   -0.10958
|1T^CV(17->9')>   -0.10752
|1T^CV(16->10')>   -0.05012
|1T^CV(15->9')>    0.05285
|1T^CV(12->9')>   -0.12178
|1T^CV(11->10')>   -0.14101
|1T^CV(8->9')>    0.12967
|1T^CV(7->4')>    0.05360
|1T^CV(7->12')>    0.07102
|1T^CV(7->14')>    0.05421
|1T^CV(5->3')>    0.05321
|1T^CV(5->4')>   -0.15807
|1T^CV(5->12')>   -0.15473
|1T^CV(5->13')>    0.05646
|1T^CV(5->14')>   -0.11625
|1T^CV(5->20')>    0.05989
|1T^CV(4->3')>   -0.18522
|1T^CV(4->4')>    0.06246
|1T^CV(4->11')>   -0.11824
|1T^CV(4->12')>    0.06474
|1T^CV(4->13')>   -0.20669
|1T^CV(4->19')>   -0.06844
|1T^CV(3->4')>   -0.08148
|1T^CV(3->10')>   -0.09539
|1T^CV(3->12')>   -0.09165
|1T^CV(3->14')>   -0.06507
|1T^CV(2->9')>   -0.16889
|1T^CV(1->9')>   -0.07827
|1T^CV(1->10')>   -0.18188
TDMs with Triplet 'Ground' state
TDMX:0.000   TDMY:0.000   TDMZ:0.000   Oscillator Strength:0.00000   <S**2>: 0.000
--------------------------------------------------------------------
TDMs with Singlet 'Ground' state
TDMX:0.004   TDMY:-0.007   TDMZ:-0.002   Oscillator Strength:0.00000   <S**2>: 0.000
--------------------------------------------------------------------


State 41 2.770 eV 
Excitation    CI Coef
|1^CS(7->0)>   -0.06301
|1^CS(5->0)>    0.13630
|1^CS(4->0)>   -0.16912
|1^CS(3->0)>    0.07834
|1^CS(7->0')>   -0.12737
|1^CS(5->0')>    0.27527
|1^CS(4->0')>    0.34040
|1^CS(3->0')>    0.15831
|1^SV(0->8')>   -0.07445
|1^SV(0->9')>   -0.14204
|1^SV(0->10')>   -0.14196
|1^SV(0'->7')>   -0.15011
|1^SV(0'->9')>    0.28593
|1^SV(0'->10')>   -0.28658
|1S^CV(12->9')>   -0.05852
|1S^CV(11->10')>   -0.06358
|1S^CV(5->12')>    0.05726
|1S^CV(5->14')>    0.05244
|1S^CV(4->3')>    0.05226
|1S^CV(4->13')>    0.08765
|1S^CV(2->9')>   -0.05006
|1T^CV(18->9')>   -0.10949
|1T^CV(17->10')>   -0.10765
|1T^CV(16->9')>   -0.05278
|1T^CV(15->10')>    0.05016
|1T^CV(12->10')>   -0.12188
|1T^CV(11->9')>   -0.14095
|1T^CV(8->10')>    0.12974
|1T^CV(7->3')>   -0.05353
|1T^CV(7->13')>   -0.07762
|1T^CV(5->3')>    0.15778
|1T^CV(5->4')>    0.05328
|1T^CV(5->11')>    0.09432
|1T^CV(5->12')>    0.05212
|1T^CV(5->13')>    0.16754
|1T^CV(5->19')>    0.05505
|1T^CV(4->3')>    0.06237
|1T^CV(4->4')>    0.18554
|1T^CV(4->12')>    0.19219
|1T^CV(4->13')>    0.06965
|1T^CV(4->14')>    0.14284
|1T^CV(4->20')>   -0.07431
|1T^CV(3->3')>    0.08135
|1T^CV(3->9')>   -0.09444
|1T^CV(3->11')>    0.05844
|1T^CV(3->13')>    0.09583
|1T^CV(2->7')>   -0.05069
|1T^CV(2->9')>    0.07797
|1T^CV(2->10')>   -0.18187
|1T^CV(1->9')>   -0.16896
TDMs with Triplet 'Ground' state
TDMX:0.000   TDMY:0.000   TDMZ:0.000   Oscillator Strength:0.00000   <S**2>: 0.000
--------------------------------------------------------------------
TDMs with Singlet 'Ground' state
TDMX:-0.001   TDMY:0.002   TDMZ:-0.006   Oscillator Strength:0.00000   <S**2>: 0.000
--------------------------------------------------------------------


State 42 2.922 eV 
Excitation    CI Coef
|1^ZW->    0.59357
|1^CS(18->0)>    0.08077
|1^CS(17->0)>   -0.06476
|1^CS(12->0)>   -0.15582
|1^CS(11->0)>    0.15707
|1^CS(18->0')>   -0.08075
|1^CS(17->0')>   -0.06474
|1^CS(12->0')>   -0.15578
|1^CS(11->0')>   -0.15704
|1^SV(0->1')>   -0.28190
|1^SV(0->2')>    0.13689
|1^SV(0->11')>   -0.07347
|1^SV(0->12')>   -0.08781
|1^SV(0->13')>   -0.11306
|1^SV(0->14')>   -0.09797
|1^SV(0'->1')>    0.28197
|1^SV(0'->2')>    0.13692
|1^SV(0'->11')>   -0.07348
|1^SV(0'->12')>    0.08783
|1^SV(0'->13')>   -0.11310
|1^SV(0'->14')>    0.09800
|1S^CV(17->1')>   -0.05376
|1S^CV(12->1')>   -0.12428
|1S^CV(11->2')>    0.05531
|1T^CV(18->1')>   -0.09470
|1T^CV(14->1')>   -0.05659
|1T^CV(13->2')>    0.11395
|1T^CV(13->11')>   -0.07717
|1T^CV(13->13')>    0.05500
|1T^CV(12->2')>    0.24155
|1T^CV(12->11')>   -0.11740
|1T^CV(12->13')>   -0.05794
|1T^CV(11->1')>   -0.18629
|1T^CV(11->12')>   -0.06503
|1T^CV(11->14')>   -0.05374
|1T^CV(10->6')>    0.07427
|1T^CV(9->5')>    0.07469
|1T^CV(8->2')>    0.10537
TDMs with Triplet 'Ground' state
TDMX:0.000   TDMY:0.000   TDMZ:0.000   Oscillator Strength:0.00000   <S**2>: 0.000
--------------------------------------------------------------------
TDMs with Singlet 'Ground' state
TDMX:-0.010   TDMY:0.532   TDMZ:-0.000   Oscillator Strength:0.02029   <S**2>: 0.000
--------------------------------------------------------------------


State 43 2.949 eV 
Excitation    CI Coef
|1^ZW+>   -0.62357
|1^CS(18->0)>   -0.07435
|1^CS(17->0)>    0.08430
|1^CS(14->0)>   -0.07944
|1^CS(12->0)>    0.14759
|1^CS(11->0)>   -0.14221
|1^CS(8->0)>   -0.08804
|1^CS(3->0)>    0.05545
|1^CS(18->0')>   -0.07436
|1^CS(17->0')>   -0.08431
|1^CS(14->0')>   -0.07945
|1^CS(12->0')>   -0.14762
|1^CS(11->0')>   -0.14225
|1^CS(8->0')>    0.08802
|1^CS(3->0')>    0.05544
|1^SV(0->1')>   -0.30068
|1^SV(0->2')>    0.10256
|1^SV(0->11')>   -0.06292
|1^SV(0->12')>   -0.08916
|1^SV(0->13')>   -0.12667
|1^SV(0->14')>   -0.10303
|1^SV(0'->1')>   -0.30061
|1^SV(0'->2')>   -0.10253
|1^SV(0'->11')>    0.06290
|1^SV(0'->12')>   -0.08914
|1^SV(0'->13')>    0.12665
|1^SV(0'->14')>   -0.10301
|1S^CV(18->1')>   -0.06267
|1S^CV(11->1')>   -0.11475
|1T^CV(17->1')>   -0.09749
|1T^CV(12->1')>   -0.18929
|1T^CV(12->12')>   -0.06791
|1T^CV(11->2')>    0.10603
|1T^CV(11->13')>   -0.08351
|1T^CV(10->5')>    0.10835
|1T^CV(9->6')>    0.10903
|1T^CV(8->14')>    0.05176
|1T^CV(3->2')>   -0.06166
TDMs with Triplet 'Ground' state
TDMX:0.000   TDMY:0.000   TDMZ:0.000   Oscillator Strength:0.00000   <S**2>: 0.000
--------------------------------------------------------------------
TDMs with Singlet 'Ground' state
TDMX:0.000   TDMY:0.000   TDMZ:0.505   Oscillator Strength:0.01841   <S**2>: 0.000
--------------------------------------------------------------------


State 44 3.034 eV 
Excitation    CI Coef
|3^CS(14->0)>    0.06946
|3^CS(13->0)>   -0.05375
|3^CS(11->0)>   -0.05469
|3^CS(8->0)>    0.23617
|3^CS(7->0)>   -0.08946
|3^CS(5->0)>    0.07809
|3^CS(3->0)>   -0.19559
|3^CS(14->0')>    0.06947
|3^CS(13->0')>    0.05375
|3^CS(11->0')>   -0.05470
|3^CS(8->0')>   -0.23618
|3^CS(7->0')>   -0.08946
|3^CS(5->0')>    0.07809
|3^CS(3->0')>   -0.19560
|3^SV(0->1')>   -0.34261
|3^SV(0->2')>   -0.23741
|3^SV(0->11')>   -0.07945
|3^SV(0'->1')>    0.34262
|3^SV(0'->2')>   -0.23742
|3^SV(0'->11')>   -0.07945
|3T^CV(18->2')>   -0.05133
|3T^CV(17->1')>   -0.07015
|3T^CV(13->1')>    0.05074
|3T^CV(12->1')>   -0.15350
|3T^CV(11->2')>   -0.09956
|3T^CV(8->1')>   -0.06086
|3T^CV(8->12')>   -0.05516
|3T^CV(3->2')>    0.06216
|3T^CV(3->13')>   -0.06386
|3S^CV(18->1')>    0.07286
|3S^CV(14->1')>    0.06213
|3S^CV(13->2')>   -0.06135
|3S^CV(11->1')>    0.07595
|3S^CV(10->6')>   -0.14498
|3S^CV(9->5')>   -0.14375
|3S^CV(8->2')>   -0.06997
|3S^CV(3->1')>    0.05132
|3X^CV(18->2')>    0.06575
|3X^CV(17->1')>    0.09061
|3X^CV(12->1')>    0.14169
|3X^CV(11->2')>    0.09182
|3X^CV(10->5')>   -0.23986
|3X^CV(9->6')>   -0.24261
|3X^CV(8->1')>   -0.08078
|3X^CV(8->14')>   -0.08156
|3X^CV(4->10')>    0.05101
|3X^CV(3->13')>   -0.06572
TDMs with Triplet 'Ground' state
TDMX:-0.025   TDMY:2.354   TDMZ:-0.000   Oscillator Strength:0.41209   <S**2>: 2.000
--------------------------------------------------------------------
TDMs with Singlet 'Ground' state
TDMX:0.000   TDMY:0.000   TDMZ:0.000   Oscillator Strength:0.00000   <S**2>: 2.000
--------------------------------------------------------------------


State 45 3.060 eV 
Excitation    CI Coef
|3^CS(14->0)>    0.05935
|3^CS(11->0)>   -0.06781
|3^CS(8->0)>    0.22718
|3^CS(7->0)>   -0.09297
|3^CS(5->0)>    0.07544
|3^CS(3->0)>   -0.18480
|3^CS(14->0')>   -0.05935
|3^CS(11->0')>    0.06781
|3^CS(8->0')>    0.22717
|3^CS(7->0')>    0.09297
|3^CS(5->0')>   -0.07544
|3^CS(3->0')>    0.18480
|3^SV(0->1')>   -0.34091
|3^SV(0->2')>   -0.22423
|3^SV(0->11')>   -0.08356
|3^SV(0'->1')>   -0.34090
|3^SV(0'->2')>    0.22422
|3^SV(0'->11')>    0.08356
|3T^CV(18->1')>   -0.07094
|3T^CV(14->1')>   -0.06059
|3T^CV(12->2')>   -0.07781
|3T^CV(11->1')>   -0.12539
|3T^CV(8->13')>    0.06675
|3T^CV(3->1')>    0.06083
|3S^CV(17->1')>    0.06533
|3S^CV(12->1')>    0.10288
|3S^CV(11->2')>    0.06280
|3S^CV(10->5')>   -0.18840
|3S^CV(9->6')>   -0.19057
|3S^CV(8->1')>   -0.05550
|3S^CV(8->14')>   -0.05562
|3X^CV(18->1')>    0.10424
|3X^CV(17->2')>    0.06848
|3X^CV(14->1')>    0.08698
|3X^CV(13->2')>   -0.08820
|3X^CV(11->1')>    0.11500
|3X^CV(10->6')>   -0.23431
|3X^CV(9->5')>   -0.23248
|3X^CV(8->2')>   -0.09922
|3X^CV(8->13')>    0.06555
|3X^CV(7->7')>    0.05017
|3X^CV(6->8')>   -0.05026
|3X^CV(5->10')>   -0.06317
|3X^CV(4->9')>    0.06573
|3X^CV(3->1')>    0.06680
|3X^CV(3->14')>    0.05255
TDMs with Triplet 'Ground' state
TDMX:0.000   TDMY:0.000   TDMZ:1.208   Oscillator Strength:0.10939   <S**2>: 2.000
--------------------------------------------------------------------
TDMs with Singlet 'Ground' state
TDMX:0.000   TDMY:0.000   TDMZ:0.000   Oscillator Strength:0.00000   <S**2>: 2.000
--------------------------------------------------------------------


State 46 3.074 eV 
Excitation    CI Coef
|1^ZW->   -0.16178
|1^CS(17->0)>    0.05468
|1^CS(14->0)>   -0.06539
|1^CS(12->0)>    0.05757
|1^CS(8->0)>   -0.21447
|1^CS(7->0)>    0.08407
|1^CS(5->0)>   -0.07208
|1^CS(3->0)>    0.18082
|1^CS(17->0')>    0.05468
|1^CS(14->0')>    0.06539
|1^CS(12->0')>    0.05757
|1^CS(8->0')>   -0.21448
|1^CS(7->0')>   -0.08407
|1^CS(5->0')>    0.07208
|1^CS(3->0')>   -0.18083
|1^SV(0->1')>   -0.25652
|1^SV(0->2')>   -0.31128
|1^SV(0->11')>   -0.06132
|1^SV(0->12')>    0.07715
|1^SV(0->13')>    0.08122
|1^SV(0'->1')>    0.25654
|1^SV(0'->2')>   -0.31129
|1^SV(0'->11')>   -0.06132
|1^SV(0'->12')>   -0.07716
|1^SV(0'->13')>    0.08122
|1S^CV(18->2')>   -0.06445
|1S^CV(17->1')>   -0.05504
|1S^CV(12->1')>   -0.11519
|1S^CV(11->2')>   -0.13048
|1S^CV(8->1')>   -0.05435
|1S^CV(8->12')>   -0.05160
|1S^CV(3->2')>    0.06743
|1S^CV(3->13')>   -0.05820
|1T^CV(18->1')>   -0.10113
|1T^CV(17->2')>   -0.10214
|1T^CV(14->1')>   -0.10674
|1T^CV(13->2')>    0.05806
|1T^CV(12->2')>   -0.14953
|1T^CV(11->1')>   -0.05416
|1T^CV(10->6')>    0.31351
|1T^CV(9->5')>    0.31081
|1T^CV(8->2')>    0.07698
|1T^CV(8->13')>   -0.09002
|1T^CV(7->1')>   -0.06378
|1T^CV(5->10')>    0.05036
|1T^CV(4->9')>   -0.05227
|1T^CV(3->1')>   -0.11024
|1T^CV(3->14')>   -0.05768
TDMs with Triplet 'Ground' state
TDMX:0.000   TDMY:0.000   TDMZ:0.000   Oscillator Strength:0.00000   <S**2>: 0.000
--------------------------------------------------------------------
TDMs with Singlet 'Ground' state
TDMX:-0.021   TDMY:2.240   TDMZ:-0.000   Oscillator Strength:0.37773   <S**2>: 0.000
--------------------------------------------------------------------


State 47 3.098 eV 
Excitation    CI Coef
|1^ZW+>   -0.23124
|1^CS(18->0)>   -0.05579
|1^CS(13->0)>   -0.06533
|1^CS(11->0)>   -0.11974
|1^CS(8->0)>    0.17257
|1^CS(7->0)>   -0.07682
|1^CS(5->0)>    0.06135
|1^CS(3->0)>   -0.14270
|1^CS(18->0')>   -0.05579
|1^CS(13->0')>    0.06533
|1^CS(11->0')>   -0.11974
|1^CS(8->0')>   -0.17256
|1^CS(7->0')>   -0.07682
|1^CS(5->0')>    0.06134
|1^CS(3->0')>   -0.14269
|1^SV(0->1')>    0.22890
|1^SV(0->2')>    0.30861
|1^SV(0->12')>   -0.06932
|1^SV(0->13')>   -0.09284
|1^SV(0'->1')>    0.22889
|1^SV(0'->2')>   -0.30859
|1^SV(0'->12')>   -0.06932
|1^SV(0'->13')>    0.09283
|1S^CV(17->2')>    0.06176
|1S^CV(13->2')>   -0.05712
|1S^CV(12->2')>    0.10491
|1S^CV(11->1')>    0.08157
|1T^CV(18->2')>    0.10401
|1T^CV(17->1')>    0.07330
|1T^CV(12->1')>    0.11008
|1T^CV(11->2')>    0.18687
|1T^CV(10->5')>   -0.36016
|1T^CV(10->11')>   -0.05281
|1T^CV(9->6')>   -0.36493
|1T^CV(8->1')>   -0.07616
|1T^CV(8->14')>   -0.07773
|1T^CV(5->9')>   -0.05428
|1T^CV(4->10')>    0.05572
|1T^CV(3->13')>   -0.06750
TDMs with Triplet 'Ground' state
TDMX:0.000   TDMY:0.000   TDMZ:0.000   Oscillator Strength:0.00000   <S**2>: 0.000
--------------------------------------------------------------------
TDMs with Singlet 'Ground' state
TDMX:-0.000   TDMY:-0.000   TDMZ:-0.983   Oscillator Strength:0.07329   <S**2>: 0.000
--------------------------------------------------------------------


State 48 3.137 eV 
Excitation    CI Coef
|3^CS(16->0)>   -0.05362
|3^CS(15->0)>    0.06263
|3^CS(2->0)>   -0.30813
|3^CS(1->0)>   -0.38574
|3^CS(16->0')>    0.06279
|3^CS(15->0')>    0.05346
|3^CS(2->0')>   -0.38383
|3^CS(1->0')>    0.31064
|3^SV(0->3')>   -0.13052
|3^SV(0->4')>    0.13057
|3^SV(0'->3')>    0.13049
|3^SV(0'->4')>    0.13065
|3T^CV(11->4')>    0.05278
|3T^CV(2->13')>   -0.11867
|3T^CV(1->1')>    0.05094
|3T^CV(1->12')>    0.08383
|3T^CV(1->14')>    0.09228
|3S^CV(7->7')>    0.06437
|3S^CV(7->8')>   -0.08105
|3S^CV(7->9')>    0.08189
|3S^CV(6->7')>    0.10452
|3S^CV(6->8')>    0.08296
|3S^CV(6->10')>   -0.05097
|3S^CV(5->7')>    0.06180
|3S^CV(5->8')>   -0.07787
|3S^CV(5->9')>   -0.09519
|3S^CV(4->10')>    0.13880
|3S^CV(3->9')>   -0.07809
|3S^CV(2->1')>    0.05876
|3S^CV(2->14')>    0.05841
|3S^CV(1->13')>   -0.06619
|3X^CV(11->4')>   -0.05139
|3X^CV(7->7')>   -0.11484
|3X^CV(7->8')>   -0.09109
|3X^CV(7->10')>    0.11556
|3X^CV(6->7')>   -0.11725
|3X^CV(6->8')>    0.14772
|3X^CV(6->9')>   -0.07234
|3X^CV(5->7')>   -0.10994
|3X^CV(5->8')>   -0.08727
|3X^CV(5->10')>   -0.13471
|3X^CV(4->8')>    0.05900
|3X^CV(4->9')>    0.19630
|3X^CV(3->10')>   -0.11047
|3X^CV(2->2')>    0.06849
|3X^CV(2->13')>   -0.09321
|3X^CV(2->19')>   -0.05230
|3X^CV(1->1')>    0.08324
|3X^CV(1->14')>    0.08299
|3X^CV(1->20')>   -0.06154
|3^CSD(12,1)>    0.05067
|3^CSD(11,2)>   -0.05101
TDMs with Triplet 'Ground' state
TDMX:-0.000   TDMY:-0.000   TDMZ:-0.218   Oscillator Strength:0.00364   <S**2>: 2.000
--------------------------------------------------------------------
TDMs with Singlet 'Ground' state
TDMX:0.000   TDMY:0.000   TDMZ:0.000   Oscillator Strength:0.00000   <S**2>: 2.000
--------------------------------------------------------------------


State 49 3.138 eV 
Excitation    CI Coef
|3^CS(16->0)>   -0.05276
|3^CS(15->0)>    0.06197
|3^CS(2->0)>   -0.30870
|3^CS(1->0)>   -0.38144
|3^CS(16->0')>   -0.06181
|3^CS(15->0')>   -0.05292
|3^CS(2->0')>    0.38334
|3^CS(1->0')>   -0.30621
|3^SV(0->3')>   -0.12784
|3^SV(0->4')>    0.12785
|3^SV(0->5')>    0.05185
|3^SV(0->6')>    0.05209
|3^SV(0'->3')>   -0.12776
|3^SV(0'->4')>   -0.12789
|3^SV(0'->5')>    0.05183
|3^SV(0'->6')>   -0.05209
|3T^CV(11->3')>   -0.05128
|3T^CV(2->1')>    0.05092
|3T^CV(2->12')>    0.08243
|3T^CV(2->14')>    0.09119
|3T^CV(1->13')>   -0.11714
|3S^CV(7->7')>   -0.08169
|3S^CV(7->8')>   -0.06482
|3S^CV(7->10')>    0.08207
|3S^CV(6->7')>   -0.08350
|3S^CV(6->8')>    0.10524
|3S^CV(6->9')>   -0.05159
|3S^CV(5->7')>   -0.07835
|3S^CV(5->8')>   -0.06222
|3S^CV(5->10')>   -0.09571
|3S^CV(4->9')>    0.13990
|3S^CV(3->10')>   -0.07940
|3S^CV(2->13')>   -0.06605
|3S^CV(1->1')>    0.05834
|3S^CV(1->14')>    0.05824
|3X^CV(11->3')>    0.05027
|3X^CV(7->7')>    0.09158
|3X^CV(7->8')>   -0.11535
|3X^CV(7->9')>    0.11633
|3X^CV(6->7')>    0.14888
|3X^CV(6->8')>    0.11822
|3X^CV(6->10')>   -0.07272
|3X^CV(5->7')>    0.08810
|3X^CV(5->8')>   -0.11103
|3X^CV(5->9')>   -0.13528
|3X^CV(4->7')>    0.05911
|3X^CV(4->10')>    0.19787
|3X^CV(3->9')>   -0.11225
|3X^CV(2->1')>    0.08262
|3X^CV(2->14')>    0.08273
|3X^CV(2->20')>   -0.06143
|3X^CV(1->2')>    0.06795
|3X^CV(1->13')>   -0.09300
|3X^CV(1->19')>   -0.05220
|3^CSD(12,2)>    0.05072
|3^CSD(11,1)>   -0.05112
TDMs with Triplet 'Ground' state
TDMX:1.943   TDMY:0.144   TDMZ:-0.000   Oscillator Strength:0.29191   <S**2>: 2.000
--------------------------------------------------------------------
TDMs with Singlet 'Ground' state
TDMX:0.000   TDMY:0.000   TDMZ:0.000   Oscillator Strength:0.00000   <S**2>: 2.000
--------------------------------------------------------------------


State 50 3.142 eV 
Excitation    CI Coef
|5^CV(20->5')>    0.07598
|5^CV(19->6')>   -0.07736
|5^CV(12->6')>    0.09733
|5^CV(11->5')>    0.08325
|5^CV(10->2')>    0.55942
|5^CV(10->11')>    0.19832
|5^CV(10->13')>   -0.24894
|5^CV(10->15')>    0.05268
|5^CV(10->21')>    0.06557
|5^CV(9->1')>    0.65253
|5^CV(9->12')>   -0.06871
|5^CV(9->14')>    0.25722
|5^CV(9->18')>    0.08702
|5^CV(8->6')>    0.11704
|5^CV(7->5')>   -0.05022
|5^CV(3->5')>   -0.12039
TDMs with Triplet 'Ground' state
TDMX:0.000   TDMY:0.000   TDMZ:0.000   Oscillator Strength:0.00000   <S**2>: 6.000
--------------------------------------------------------------------
TDMs with Singlet 'Ground' state
TDMX:0.000   TDMY:0.000   TDMZ:0.000   Oscillator Strength:0.00000   <S**2>: 6.000
--------------------------------------------------------------------


State 51 3.142 eV 
Excitation    CI Coef
|5^CV(20->6')>    0.07696
|5^CV(19->5')>   -0.07627
|5^CV(12->5')>    0.09684
|5^CV(11->6')>    0.08443
|5^CV(10->1')>    0.65146
|5^CV(10->12')>   -0.06829
|5^CV(10->14')>    0.25683
|5^CV(10->18')>    0.08706
|5^CV(9->2')>    0.56012
|5^CV(9->11')>    0.19742
|5^CV(9->13')>   -0.24916
|5^CV(9->15')>    0.05259
|5^CV(9->21')>    0.06556
|5^CV(8->5')>    0.11458
|5^CV(3->6')>   -0.11899
TDMs with Triplet 'Ground' state
TDMX:0.000   TDMY:0.000   TDMZ:0.000   Oscillator Strength:0.00000   <S**2>: 6.000
--------------------------------------------------------------------
TDMs with Singlet 'Ground' state
TDMX:0.000   TDMY:0.000   TDMZ:0.000   Oscillator Strength:0.00000   <S**2>: 6.000
--------------------------------------------------------------------


State 52 3.143 eV 
Excitation    CI Coef
|3S^CV(20->5')>    0.06205
|3S^CV(19->6')>   -0.06320
|3S^CV(12->6')>    0.07922
|3S^CV(11->5')>    0.06787
|3S^CV(10->2')>    0.45574
|3S^CV(10->11')>    0.16246
|3S^CV(10->13')>   -0.20217
|3S^CV(10->21')>    0.05386
|3S^CV(9->1')>    0.53364
|3S^CV(9->12')>   -0.05543
|3S^CV(9->14')>    0.21101
|3S^CV(9->18')>    0.07112
|3S^CV(8->6')>    0.09547
|3S^CV(3->5')>   -0.09813
|3X^CV(12->5')>   -0.05603
|3X^CV(10->1')>   -0.37701
|3X^CV(10->14')>   -0.14968
|3X^CV(10->18')>   -0.05019
|3X^CV(9->2')>   -0.32169
|3X^CV(9->11')>   -0.11448
|3X^CV(9->13')>    0.14223
|3X^CV(8->5')>   -0.06627
|3X^CV(3->6')>    0.06889
TDMs with Triplet 'Ground' state
TDMX:0.000   TDMY:-0.000   TDMZ:-0.001   Oscillator Strength:0.00000   <S**2>: 2.000
--------------------------------------------------------------------
TDMs with Singlet 'Ground' state
TDMX:0.000   TDMY:0.000   TDMZ:0.000   Oscillator Strength:0.00000   <S**2>: 2.000
--------------------------------------------------------------------


State 53 3.143 eV 
Excitation    CI Coef
|3S^CV(20->6')>   -0.06282
|3S^CV(19->5')>    0.06226
|3S^CV(12->5')>   -0.07900
|3S^CV(11->6')>   -0.06895
|3S^CV(10->1')>   -0.53252
|3S^CV(10->12')>    0.05513
|3S^CV(10->14')>   -0.21061
|3S^CV(10->18')>   -0.07108
|3S^CV(9->2')>   -0.45609
|3S^CV(9->11')>   -0.16153
|3S^CV(9->13')>    0.20223
|3S^CV(9->21')>   -0.05380
|3S^CV(8->5')>   -0.09351
|3S^CV(3->6')>    0.09715
|3X^CV(12->6')>    0.05607
|3X^CV(10->2')>    0.32159
|3X^CV(10->11')>    0.11527
|3X^CV(10->13')>   -0.14227
|3X^CV(9->1')>    0.37799
|3X^CV(9->14')>    0.15002
|3X^CV(9->18')>    0.05027
|3X^CV(8->6')>    0.06761
|3X^CV(3->5')>   -0.06947
TDMs with Triplet 'Ground' state
TDMX:0.000   TDMY:-0.006   TDMZ:0.000   Oscillator Strength:0.00000   <S**2>: 2.000
--------------------------------------------------------------------
TDMs with Singlet 'Ground' state
TDMX:0.000   TDMY:0.000   TDMZ:0.000   Oscillator Strength:0.00000   <S**2>: 2.000
--------------------------------------------------------------------


State 54 3.186 eV 
Excitation    CI Coef
|1^CS(2->0)>    0.28527
|1^CS(1->0)>    0.35281
|1^CS(2->0')>   -0.35450
|1^CS(1->0')>    0.28343
|1^SV(0->3')>   -0.09202
|1^SV(0->4')>    0.09216
|1^SV(0->5')>    0.11649
|1^SV(0->6')>    0.11733
|1^SV(0'->3')>    0.09202
|1^SV(0'->4')>    0.09223
|1^SV(0'->5')>   -0.11653
|1^SV(0'->6')>    0.11741
|1S^CV(2->13')>   -0.10830
|1S^CV(1->12')>    0.07645
|1S^CV(1->14')>    0.08355
|1T^CV(14->5')>    0.06502
|1T^CV(13->6')>   -0.05624
|1T^CV(12->6')>    0.07165
|1T^CV(11->5')>    0.05744
|1T^CV(10->2')>   -0.08188
|1T^CV(10->13')>    0.05002
|1T^CV(9->1')>   -0.10065
|1T^CV(7->7')>   -0.11907
|1T^CV(7->8')>    0.14989
|1T^CV(7->9')>   -0.15478
|1T^CV(6->7')>   -0.19416
|1T^CV(6->8')>   -0.15408
|1T^CV(6->10')>    0.09548
|1T^CV(5->7')>   -0.11611
|1T^CV(5->8')>    0.14626
|1T^CV(5->9')>    0.18305
|1T^CV(4->7')>   -0.07891
|1T^CV(4->8')>   -0.06260
|1T^CV(4->10')>   -0.26582
|1T^CV(3->9')>    0.14932
|1T^CV(2->1')>   -0.08814
|1T^CV(2->12')>   -0.06554
|1T^CV(2->14')>   -0.10517
|1T^CV(2->20')>    0.07347
|1T^CV(1->2')>   -0.07046
|1T^CV(1->13')>    0.12399
|1T^CV(1->19')>    0.06234
TDMs with Triplet 'Ground' state
TDMX:0.000   TDMY:0.000   TDMZ:0.000   Oscillator Strength:0.00000   <S**2>: 0.000
--------------------------------------------------------------------
TDMs with Singlet 'Ground' state
TDMX:-0.000   TDMY:-0.000   TDMZ:-0.060   Oscillator Strength:0.00028   <S**2>: 0.000
--------------------------------------------------------------------


State 55 3.187 eV 
Excitation    CI Coef
|1^CS(10->0)>   -0.05709
|1^CS(9->0)>   -0.05407
|1^CS(2->0)>   -0.27229
|1^CS(1->0)>   -0.34059
|1^CS(10->0')>    0.05708
|1^CS(9->0')>   -0.05405
|1^CS(2->0')>   -0.33893
|1^CS(1->0')>    0.27407
|1^SV(0->3')>    0.08649
|1^SV(0->4')>   -0.08672
|1^SV(0->5')>   -0.14434
|1^SV(0->6')>   -0.14548
|1^SV(0'->3')>    0.08642
|1^SV(0'->4')>    0.08672
|1^SV(0'->5')>   -0.14428
|1^SV(0'->6')>    0.14547
|1S^CV(2->12')>   -0.07280
|1S^CV(2->14')>   -0.07964
|1S^CV(1->13')>    0.10325
|1T^CV(18->6')>   -0.06048
|1T^CV(17->5')>   -0.05250
|1T^CV(14->6')>   -0.08174
|1T^CV(13->5')>    0.06919
|1T^CV(12->5')>   -0.08750
|1T^CV(11->6')>   -0.07089
|1T^CV(10->1')>    0.12344
|1T^CV(10->14')>    0.05009
|1T^CV(9->2')>    0.10111
|1T^CV(9->13')>   -0.06109
|1T^CV(7->7')>   -0.14537
|1T^CV(7->8')>   -0.11538
|1T^CV(7->10')>    0.14973
|1T^CV(6->7')>   -0.14934
|1T^CV(6->8')>    0.18826
|1T^CV(6->9')>   -0.09312
|1T^CV(5->7')>   -0.14201
|1T^CV(5->8')>   -0.11279
|1T^CV(5->10')>   -0.17829
|1T^CV(4->7')>   -0.06121
|1T^CV(4->8')>    0.07714
|1T^CV(4->9')>    0.25942
|1T^CV(3->10')>   -0.14720
|1T^CV(2->2')>    0.06745
|1T^CV(2->13')>   -0.11958
|1T^CV(2->19')>   -0.06011
|1T^CV(1->1')>    0.08444
|1T^CV(1->12')>    0.06330
|1T^CV(1->14')>    0.10148
|1T^CV(1->20')>   -0.07111
TDMs with Triplet 'Ground' state
TDMX:0.000   TDMY:0.000   TDMZ:0.000   Oscillator Strength:0.00000   <S**2>: 0.000
--------------------------------------------------------------------
TDMs with Singlet 'Ground' state
TDMX:-1.482   TDMY:-0.075   TDMZ:0.000   Oscillator Strength:0.17188   <S**2>: 0.000
--------------------------------------------------------------------


State 56 3.200 eV 
Excitation    CI Coef
|3^CS(10->0)>   -0.11208
|3^CS(9->0)>   -0.11664
|3^CS(1->0)>    0.05141
|3^CS(10->0')>   -0.11263
|3^CS(9->0')>    0.11715
|3^CS(2->0')>   -0.05199
|3^SV(0->5')>    0.33881
|3^SV(0->6')>    0.34121
|3^SV(0'->5')>    0.34034
|3^SV(0'->6')>   -0.34286
|3T^CV(18->5')>    0.06439
|3T^CV(17->6')>    0.06155
|3T^CV(14->5')>    0.05158
|3T^CV(12->6')>    0.09295
|3T^CV(11->5')>    0.08825
|3T^CV(9->1')>   -0.05012
|3S^CV(18->6')>   -0.08113
|3S^CV(17->5')>   -0.07000
|3S^CV(14->6')>   -0.11382
|3S^CV(13->5')>    0.09586
|3S^CV(12->5')>   -0.11762
|3S^CV(11->6')>   -0.09218
|3S^CV(10->1')>    0.16389
|3S^CV(10->14')>    0.06151
|3S^CV(9->2')>    0.13541
|3S^CV(9->13')>   -0.07744
|3S^CV(8->5')>   -0.07172
|3S^CV(3->6')>    0.07932
|3X^CV(19->6')>   -0.05375
|3X^CV(18->5')>   -0.11372
|3X^CV(17->6')>   -0.09985
|3X^CV(14->5')>   -0.15916
|3X^CV(13->6')>    0.13722
|3X^CV(12->6')>   -0.16756
|3X^CV(11->5')>   -0.12966
|3X^CV(10->2')>    0.18970
|3X^CV(10->13')>   -0.10801
|3X^CV(10->15')>    0.05408
|3X^CV(9->1')>    0.23222
|3X^CV(9->14')>    0.08794
|3X^CV(9->18')>    0.06643
|3X^CV(8->6')>   -0.10187
|3X^CV(3->5')>    0.11076
TDMs with Triplet 'Ground' state
TDMX:-0.714   TDMY:-0.272   TDMZ:-0.001   Oscillator Strength:0.04580   <S**2>: 2.000
--------------------------------------------------------------------
TDMs with Singlet 'Ground' state
TDMX:0.000   TDMY:0.000   TDMZ:0.000   Oscillator Strength:0.00000   <S**2>: 2.000
--------------------------------------------------------------------


State 57 3.200 eV 
Excitation    CI Coef
|3^CS(10->0)>    0.11537
|3^CS(9->0)>    0.11478
|3^CS(10->0')>   -0.11486
|3^CS(9->0')>    0.11422
|3^SV(0->5')>   -0.34065
|3^SV(0->6')>   -0.34365
|3^SV(0'->5')>    0.33902
|3^SV(0'->6')>   -0.34212
|3T^CV(18->6')>   -0.06493
|3T^CV(17->5')>   -0.06111
|3T^CV(14->6')>   -0.05184
|3T^CV(12->5')>   -0.09213
|3T^CV(11->6')>   -0.08885
|3T^CV(10->1')>    0.05088
|3S^CV(18->5')>    0.08058
|3S^CV(17->6')>    0.07077
|3S^CV(14->5')>    0.11266
|3S^CV(13->6')>   -0.09716
|3S^CV(12->6')>    0.11883
|3S^CV(11->5')>    0.09204
|3S^CV(10->2')>   -0.13428
|3S^CV(10->13')>    0.07666
|3S^CV(9->1')>   -0.16376
|3S^CV(9->14')>   -0.06182
|3S^CV(8->6')>    0.07205
|3S^CV(3->5')>   -0.07806
|3X^CV(19->5')>    0.05317
|3X^CV(18->6')>    0.11494
|3X^CV(17->5')>    0.09918
|3X^CV(14->6')>    0.16117
|3X^CV(13->5')>   -0.13571
|3X^CV(12->5')>    0.16652
|3X^CV(11->6')>    0.13062
|3X^CV(10->1')>   -0.23284
|3X^CV(10->14')>   -0.08776
|3X^CV(10->18')>   -0.06665
|3X^CV(9->2')>   -0.19148
|3X^CV(9->13')>    0.10930
|3X^CV(9->15')>   -0.05400
|3X^CV(8->5')>    0.10114
|3X^CV(3->6')>   -0.11133
TDMs with Triplet 'Ground' state
TDMX:0.002   TDMY:0.001   TDMZ:-0.532   Oscillator Strength:0.02222   <S**2>: 2.000
--------------------------------------------------------------------
TDMs with Singlet 'Ground' state
TDMX:0.000   TDMY:0.000   TDMZ:0.000   Oscillator Strength:0.00000   <S**2>: 2.000
--------------------------------------------------------------------


State 58 3.207 eV 
Excitation    CI Coef
|1^CS(10->0)>    0.10331
|1^CS(9->0)>    0.11386
|1^CS(2->0)>   -0.09861
|1^CS(1->0)>   -0.12183
|1^CS(10->0')>    0.10359
|1^CS(9->0')>   -0.11409
|1^CS(2->0')>    0.12285
|1^CS(1->0')>   -0.09812
|1^SV(0->5')>    0.31814
|1^SV(0->6')>    0.32051
|1^SV(0'->5')>   -0.31884
|1^SV(0'->6')>    0.32132
|1S^CV(18->6')>    0.06102
|1S^CV(17->5')>    0.05756
|1S^CV(12->5')>    0.08674
|1S^CV(11->6')>    0.08412
|1T^CV(33->6')>    0.05405
|1T^CV(32->5')>   -0.05714
|1T^CV(19->6')>    0.06445
|1T^CV(18->5')>    0.13048
|1T^CV(17->6')>    0.11414
|1T^CV(14->5')>    0.18364
|1T^CV(13->6')>   -0.15804
|1T^CV(12->6')>    0.18988
|1T^CV(11->5')>    0.14621
|1T^CV(10->2')>   -0.23565
|1T^CV(10->13')>    0.13050
|1T^CV(10->15')>   -0.06434
|1T^CV(10->21')>   -0.05395
|1T^CV(9->1')>   -0.28965
|1T^CV(9->14')>   -0.10951
|1T^CV(9->18')>   -0.07924
|1T^CV(8->6')>    0.11691
|1T^CV(7->7')>    0.05910
|1T^CV(7->8')>   -0.07420
|1T^CV(7->9')>    0.06543
|1T^CV(6->7')>    0.09066
|1T^CV(6->8')>    0.07175
|1T^CV(5->8')>   -0.05990
|1T^CV(5->9')>   -0.06307
|1T^CV(4->10')>    0.09170
|1T^CV(3->5')>   -0.12507
TDMs with Triplet 'Ground' state
TDMX:0.000   TDMY:0.000   TDMZ:0.000   Oscillator Strength:0.00000   <S**2>: 0.000
--------------------------------------------------------------------
TDMs with Singlet 'Ground' state
TDMX:0.001   TDMY:0.000   TDMZ:0.586   Oscillator Strength:0.02694   <S**2>: 0.000
--------------------------------------------------------------------


State 59 3.208 eV 
Excitation    CI Coef
|1^CS(10->0)>   -0.10805
|1^CS(9->0)>   -0.10121
|1^CS(2->0)>    0.11964
|1^CS(1->0)>    0.14965
|1^CS(10->0')>    0.10781
|1^CS(9->0')>   -0.10092
|1^CS(2->0')>    0.14868
|1^CS(1->0')>   -0.12023
|1^SV(0->5')>   -0.30751
|1^SV(0->6')>   -0.30990
|1^SV(0'->5')>   -0.30667
|1^SV(0'->6')>    0.30916
|1S^CV(18->5')>   -0.05845
|1S^CV(17->6')>   -0.05598
|1S^CV(12->6')>   -0.08452
|1S^CV(11->5')>   -0.08080
|1T^CV(33->5')>   -0.05163
|1T^CV(32->6')>    0.05579
|1T^CV(19->5')>   -0.06135
|1T^CV(18->6')>   -0.12679
|1T^CV(17->5')>   -0.10912
|1T^CV(14->6')>   -0.17915
|1T^CV(13->5')>    0.15099
|1T^CV(12->5')>   -0.18148
|1T^CV(11->6')>   -0.14157
|1T^CV(10->1')>    0.27877
|1T^CV(10->14')>    0.10483
|1T^CV(10->18')>    0.07681
|1T^CV(9->2')>    0.22883
|1T^CV(9->13')>   -0.12682
|1T^CV(9->15')>    0.06204
|1T^CV(9->21')>    0.05203
|1T^CV(8->5')>   -0.11261
|1T^CV(7->7')>    0.08819
|1T^CV(7->8')>    0.07012
|1T^CV(7->10')>   -0.07983
|1T^CV(6->7')>    0.08660
|1T^CV(6->8')>   -0.10935
|1T^CV(6->9')>    0.05178
|1T^CV(5->7')>    0.07471
|1T^CV(5->8')>    0.05943
|1T^CV(5->10')>    0.08144
|1T^CV(4->9')>   -0.11968
|1T^CV(3->6')>    0.12504
|1T^CV(3->10')>    0.06312
|1T^CV(2->13')>    0.05737
TDMs with Triplet 'Ground' state
TDMX:0.000   TDMY:0.000   TDMZ:0.000   Oscillator Strength:0.00000   <S**2>: 0.000
--------------------------------------------------------------------
TDMs with Singlet 'Ground' state
TDMX:1.119   TDMY:0.283   TDMZ:-0.001   Oscillator Strength:0.10463   <S**2>: 0.000
--------------------------------------------------------------------


State 60 3.237 eV 
Excitation    CI Coef
|3^CS(12->0)>    0.05844
|3^CS(11->0)>    0.08039
|3^CS(8->0)>   -0.18188
|3^CS(7->0)>    0.11402
|3^CS(6->0)>   -0.05695
|3^CS(3->0)>    0.15205
|3^CS(12->0')>    0.05844
|3^CS(11->0')>   -0.08039
|3^CS(8->0')>   -0.18189
|3^CS(7->0')>   -0.11405
|3^CS(6->0')>   -0.05692
|3^CS(3->0')>   -0.15205
|3^SV(0->1')>   -0.08954
|3^SV(0->8')>    0.08096
|3^SV(0'->1')>   -0.08954
|3^SV(0'->7')>    0.08100
|3T^CV(8->13')>   -0.05023
|3S^CV(10->5')>   -0.21720
|3S^CV(9->6')>   -0.21790
|3S^CV(7->7')>    0.11005
|3S^CV(7->8')>   -0.13860
|3S^CV(6->7')>    0.13915
|3S^CV(6->8')>    0.11048
|3S^CV(5->9')>    0.16357
|3S^CV(4->10')>   -0.17591
|3S^CV(3->9')>    0.07907
|3X^CV(13->2')>   -0.06664
|3X^CV(10->6')>   -0.28332
|3X^CV(9->5')>   -0.28157
|3X^CV(8->13')>   -0.08322
|3X^CV(7->7')>   -0.19657
|3X^CV(7->8')>   -0.15597
|3X^CV(6->7')>   -0.15649
|3X^CV(6->8')>    0.19721
|3X^CV(6->9')>   -0.06421
|3X^CV(5->10')>    0.23178
|3X^CV(4->9')>   -0.24940
|3X^CV(3->10')>    0.11188
TDMs with Triplet 'Ground' state
TDMX:-0.000   TDMY:-0.000   TDMZ:0.068   Oscillator Strength:0.00036   <S**2>: 2.000
--------------------------------------------------------------------
TDMs with Singlet 'Ground' state
TDMX:0.000   TDMY:0.000   TDMZ:0.000   Oscillator Strength:0.00000   <S**2>: 2.000
--------------------------------------------------------------------


State 61 3.239 eV 
Excitation    CI Coef
|3^CS(8->0)>    0.10849
|3^CS(7->0)>   -0.25200
|3^CS(6->0)>    0.21692
|3^CS(4->0)>   -0.07749
|3^CS(8->0')>   -0.10848
|3^CS(7->0')>   -0.25206
|3^CS(6->0')>   -0.21683
|3^CS(4->0')>    0.07749
|3^SV(0->8')>   -0.34394
|3^SV(0'->7')>    0.34392
|3T^CV(7->13')>   -0.05921
|3S^CV(12->7')>   -0.06099
|3S^CV(12->8')>    0.07685
|3S^CV(11->7')>    0.08559
|3S^CV(11->8')>    0.06793
|3S^CV(10->6')>    0.11936
|3S^CV(9->5')>    0.11858
|3S^CV(8->7')>    0.05635
|3S^CV(8->8')>   -0.07100
|3S^CV(7->7')>    0.07404
|3S^CV(7->8')>    0.05876
|3S^CV(7->12')>    0.07031
|3S^CV(7->14')>    0.07048
|3S^CV(6->8')>   -0.05440
|3S^CV(6->13')>    0.08302
|3S^CV(5->10')>   -0.06945
|3S^CV(4->9')>    0.06981
|3S^CV(2->7')>    0.05538
|3S^CV(2->8')>   -0.05608
|3S^CV(2->9')>    0.06832
|3S^CV(1->7')>   -0.05610
|3S^CV(1->8')>   -0.05539
|3S^CV(1->10')>    0.06821
|3X^CV(12->7')>    0.10875
|3X^CV(12->8')>    0.08632
|3X^CV(11->7')>   -0.09608
|3X^CV(11->8')>    0.12105
|3X^CV(10->5')>    0.18807
|3X^CV(9->6')>    0.18830
|3X^CV(8->7')>   -0.10040
|3X^CV(8->8')>   -0.07969
|3X^CV(7->7')>   -0.08275
|3X^CV(7->8')>    0.10424
|3X^CV(7->11')>   -0.05196
|3X^CV(7->13')>   -0.13138
|3X^CV(6->4')>    0.05935
|3X^CV(6->7')>   -0.07662
|3X^CV(6->8')>   -0.06085
|3X^CV(6->12')>   -0.09122
|3X^CV(6->14')>   -0.08792
|3X^CV(5->9')>   -0.09771
|3X^CV(4->10')>    0.09852
|3X^CV(2->7')>   -0.09439
|3X^CV(2->8')>   -0.05957
|3X^CV(2->10')>    0.09648
|3X^CV(1->7')>    0.05938
|3X^CV(1->8')>   -0.09420
|3X^CV(1->9')>    0.09665
TDMs with Triplet 'Ground' state
TDMX:-0.141   TDMY:-0.193   TDMZ:0.000   Oscillator Strength:0.00453   <S**2>: 2.000
--------------------------------------------------------------------
TDMs with Singlet 'Ground' state
TDMX:0.000   TDMY:0.000   TDMZ:0.000   Oscillator Strength:0.00000   <S**2>: 2.000
--------------------------------------------------------------------


State 62 3.241 eV 
Excitation    CI Coef
|3^CS(11->0)>    0.06166
|3^CS(8->0)>   -0.15907
|3^CS(7->0)>   -0.05042
|3^CS(6->0)>    0.08837
|3^CS(4->0)>   -0.13154
|3^CS(3->0)>    0.21274
|3^CS(11->0')>    0.06159
|3^CS(8->0')>    0.15904
|3^CS(6->0')>   -0.08777
|3^CS(4->0')>    0.13116
|3^CS(3->0')>    0.21240
|3^SV(0->1')>   -0.05395
|3^SV(0->8')>   -0.16509
|3^SV(0->9')>   -0.10622
|3^SV(0->10')>   -0.10608
|3^SV(0'->1')>    0.05397
|3^SV(0'->7')>    0.16407
|3^SV(0'->9')>   -0.10583
|3^SV(0'->10')>    0.10600
|3T^CV(3->13')>    0.05844
|3S^CV(10->6')>   -0.16944
|3S^CV(9->5')>   -0.16837
|3S^CV(7->7')>   -0.10456
|3S^CV(7->8')>   -0.08300
|3S^CV(6->7')>   -0.09538
|3S^CV(6->8')>    0.12031
|3S^CV(5->10')>    0.13070
|3S^CV(4->9')>   -0.14913
|3S^CV(3->7')>    0.06262
|3S^CV(3->10')>    0.08423
|3S^CV(3->14')>   -0.05339
|3S^CV(2->9')>    0.06866
|3S^CV(1->10')>    0.06865
|3X^CV(12->7')>    0.05117
|3X^CV(12->10')>    0.05959
|3X^CV(11->8')>    0.05733
|3X^CV(11->9')>    0.06625
|3X^CV(10->5')>   -0.26022
|3X^CV(9->6')>   -0.26160
|3X^CV(8->14')>    0.05215
|3X^CV(7->7')>    0.11705
|3X^CV(7->8')>   -0.14747
|3X^CV(6->7')>    0.16960
|3X^CV(6->8')>    0.13478
|3X^CV(6->10')>   -0.05271
|3X^CV(5->9')>    0.18457
|3X^CV(4->10')>   -0.20999
|3X^CV(4->12')>    0.05363
|3X^CV(4->14')>    0.05226
|3X^CV(3->7')>   -0.07029
|3X^CV(3->8')>    0.08881
|3X^CV(3->9')>    0.11926
|3X^CV(3->13')>    0.09659
|3X^CV(2->10')>    0.09699
|3X^CV(1->9')>    0.09721
TDMs with Triplet 'Ground' state
TDMX:0.132   TDMY:-1.000   TDMZ:-0.001   Oscillator Strength:0.08079   <S**2>: 2.000
--------------------------------------------------------------------
TDMs with Singlet 'Ground' state
TDMX:0.000   TDMY:0.000   TDMZ:0.000   Oscillator Strength:0.00000   <S**2>: 2.000
--------------------------------------------------------------------


State 63 3.241 eV 
Excitation    CI Coef
|3^CS(7->0)>    0.22888
|3^CS(6->0)>   -0.22111
|3^CS(4->0)>    0.14058
|3^CS(3->0)>   -0.12883
|3^CS(7->0')>   -0.22908
|3^CS(6->0')>   -0.22128
|3^CS(4->0')>    0.14093
|3^CS(3->0')>    0.12940
|3^SV(0->8')>    0.36830
|3^SV(0->9')>    0.08504
|3^SV(0->10')>    0.08518
|3^SV(0'->7')>    0.36874
|3^SV(0'->9')>   -0.08519
|3^SV(0'->10')>    0.08559
|3S^CV(12->7')>   -0.08221
|3S^CV(12->8')>   -0.06517
|3S^CV(11->7')>    0.07269
|3S^CV(11->8')>   -0.09146
|3S^CV(8->7')>    0.07251
|3S^CV(8->8')>    0.05749
|3S^CV(7->13')>    0.08757
|3S^CV(6->12')>    0.06599
|3S^CV(6->14')>    0.06326
|3S^CV(3->7')>    0.05244
|3S^CV(3->8')>   -0.06589
|3S^CV(2->7')>    0.05834
|3S^CV(2->10')>   -0.09563
|3S^CV(1->8')>    0.05813
|3S^CV(1->9')>   -0.09578
|3X^CV(18->7')>   -0.05250
|3X^CV(12->7')>    0.09235
|3X^CV(12->8')>   -0.11620
|3X^CV(11->7')>   -0.12936
|3X^CV(11->8')>   -0.10255
|3X^CV(11->10')>   -0.05337
|3X^CV(8->7')>   -0.08149
|3X^CV(8->8')>    0.10255
|3X^CV(7->12')>   -0.09553
|3X^CV(7->14')>   -0.09275
|3X^CV(6->3')>    0.05863
|3X^CV(6->8')>   -0.05698
|3X^CV(6->13')>   -0.11983
|3X^CV(5->4')>    0.06212
|3X^CV(5->10')>   -0.05214
|3X^CV(4->9')>    0.06850
|3X^CV(4->13')>    0.07576
|3X^CV(3->7')>   -0.09326
|3X^CV(3->8')>   -0.07383
|3X^CV(3->10')>   -0.05555
|3X^CV(3->12')>    0.05480
|3X^CV(3->14')>    0.05081
|3X^CV(2->7')>   -0.06842
|3X^CV(2->8')>    0.06923
|3X^CV(2->9')>   -0.13542
|3X^CV(1->7')>    0.06935
|3X^CV(1->8')>    0.06842
|3X^CV(1->10')>   -0.13523
TDMs with Triplet 'Ground' state
TDMX:0.000   TDMY:-0.001   TDMZ:0.634   Oscillator Strength:0.03187   <S**2>: 2.000
--------------------------------------------------------------------
TDMs with Singlet 'Ground' state
TDMX:0.000   TDMY:0.000   TDMZ:0.000   Oscillator Strength:0.00000   <S**2>: 2.000
--------------------------------------------------------------------


State 64 3.248 eV 
Excitation    CI Coef
|3^CS(8->0)>    0.06804
|3^CS(6->0)>   -0.13067
|3^CS(5->0)>    0.26002
|3^CS(4->0)>   -0.21892
|3^CS(8->0')>   -0.06796
|3^CS(6->0')>    0.13045
|3^CS(5->0')>    0.25954
|3^CS(4->0')>    0.21859
|3^SV(0->8')>    0.10176
|3^SV(0->9')>   -0.25830
|3^SV(0->10')>   -0.25775
|3^SV(0'->7')>   -0.10163
|3^SV(0'->9')>   -0.25748
|3^SV(0'->10')>    0.25769
|3T^CV(12->10')>   -0.05473
|3T^CV(11->9')>   -0.05599
|3T^CV(5->13')>    0.05915
|3S^CV(12->9')>    0.10334
|3S^CV(11->10')>    0.11500
|3S^CV(10->6')>    0.07131
|3S^CV(9->5')>    0.07105
|3S^CV(8->9')>   -0.09433
|3S^CV(5->10')>   -0.07392
|3S^CV(5->12')>   -0.07430
|3S^CV(5->14')>   -0.07345
|3S^CV(4->13')>   -0.08348
|3S^CV(2->7')>   -0.06392
|3S^CV(2->8')>    0.06486
|3S^CV(2->9')>    0.07365
|3S^CV(1->7')>    0.06466
|3S^CV(1->8')>    0.06398
|3S^CV(1->10')>    0.07388
|3X^CV(18->9')>    0.06543
|3X^CV(17->10')>    0.06166
|3X^CV(14->9')>    0.06104
|3X^CV(13->10')>   -0.05658
|3X^CV(12->10')>    0.14633
|3X^CV(11->9')>    0.16267
|3X^CV(10->5')>    0.11141
|3X^CV(9->6')>    0.11330
|3X^CV(8->10')>   -0.13338
|3X^CV(7->3')>   -0.05498
|3X^CV(6->12')>    0.05469
|3X^CV(6->14')>    0.05266
|3X^CV(5->9')>   -0.10345
|3X^CV(5->11')>    0.05551
|3X^CV(5->13')>    0.13762
|3X^CV(4->4')>    0.05540
|3X^CV(4->10')>    0.06921
|3X^CV(4->12')>    0.09164
|3X^CV(4->14')>    0.08854
|3X^CV(3->9')>    0.06228
|3X^CV(2->7')>    0.10875
|3X^CV(2->8')>    0.06871
|3X^CV(2->10')>    0.10437
|3X^CV(1->7')>   -0.06863
|3X^CV(1->8')>    0.10899
|3X^CV(1->9')>    0.10432
TDMs with Triplet 'Ground' state
TDMX:0.690   TDMY:-0.419   TDMZ:0.001   Oscillator Strength:0.05181   <S**2>: 2.000
--------------------------------------------------------------------
TDMs with Singlet 'Ground' state
TDMX:0.000   TDMY:0.000   TDMZ:0.000   Oscillator Strength:0.00000   <S**2>: 2.000
--------------------------------------------------------------------


State 65 3.248 eV 
Excitation    CI Coef
|3^CS(6->0)>   -0.13475
|3^CS(5->0)>    0.26044
|3^CS(4->0)>   -0.22120
|3^CS(6->0')>   -0.13498
|3^CS(5->0')>   -0.26084
|3^CS(4->0')>   -0.22161
|3^SV(0->8')>    0.10886
|3^SV(0->9')>   -0.26297
|3^SV(0->10')>   -0.26272
|3^SV(0'->7')>    0.10908
|3^SV(0'->9')>    0.26301
|3^SV(0'->10')>   -0.26355
|3T^CV(12->9')>   -0.05589
|3T^CV(11->10')>   -0.05705
|3T^CV(5->14')>   -0.05110
|3S^CV(12->10')>    0.10558
|3S^CV(11->9')>    0.11731
|3S^CV(10->5')>    0.05303
|3S^CV(9->6')>    0.05493
|3S^CV(8->10')>   -0.09536
|3S^CV(5->9')>   -0.05911
|3S^CV(5->13')>    0.09808
|3S^CV(4->12')>    0.06584
|3S^CV(4->14')>    0.06355
|3S^CV(3->9')>    0.05256
|3S^CV(2->7')>    0.07950
|3S^CV(2->8')>    0.05005
|3S^CV(2->10')>    0.07459
|3S^CV(1->7')>   -0.05022
|3S^CV(1->8')>    0.07946
|3S^CV(1->9')>    0.07454
|3X^CV(18->10')>    0.06671
|3X^CV(17->9')>    0.06289
|3X^CV(14->10')>    0.06256
|3X^CV(13->9')>   -0.05798
|3X^CV(12->9')>    0.14910
|3X^CV(11->10')>    0.16586
|3X^CV(10->6')>    0.07003
|3X^CV(9->5')>    0.06961
|3X^CV(8->9')>   -0.13502
|3X^CV(7->4')>    0.05668
|3X^CV(6->13')>   -0.07333
|3X^CV(5->10')>   -0.08455
|3X^CV(5->12')>   -0.10636
|3X^CV(5->14')>   -0.10425
|3X^CV(4->3')>   -0.05658
|3X^CV(4->13')>   -0.11992
|3X^CV(3->10')>    0.07391
|3X^CV(2->7')>   -0.09353
|3X^CV(2->8')>    0.09460
|3X^CV(2->9')>    0.10530
|3X^CV(1->7')>    0.09453
|3X^CV(1->8')>    0.09324
|3X^CV(1->10')>    0.10557
TDMs with Triplet 'Ground' state
TDMX:-0.001   TDMY:0.000   TDMZ:0.842   Oscillator Strength:0.05647   <S**2>: 2.000
--------------------------------------------------------------------
TDMs with Singlet 'Ground' state
TDMX:0.000   TDMY:0.000   TDMZ:0.000   Oscillator Strength:0.00000   <S**2>: 2.000
--------------------------------------------------------------------


State 66 3.256 eV 
Excitation    CI Coef
|1^CS(12->0)>   -0.06300
|1^CS(11->0)>   -0.09104
|1^CS(8->0)>    0.19444
|1^CS(7->0)>   -0.09406
|1^CS(3->0)>   -0.15867
|1^CS(12->0')>    0.06302
|1^CS(11->0')>   -0.09107
|1^CS(8->0')>   -0.19450
|1^CS(7->0')>   -0.09409
|1^CS(3->0')>   -0.15873
|1^SV(0->13')>   -0.05458
|1^SV(0'->13')>    0.05459
|1S^CV(8->13')>   -0.05154
|1T^CV(11->13')>   -0.07339
|1T^CV(10->5')>    0.29173
|1T^CV(9->6')>    0.29316
|1T^CV(8->1')>   -0.05902
|1T^CV(8->12')>   -0.08316
|1T^CV(8->14')>   -0.08690
|1T^CV(8->20')>    0.05049
|1T^CV(7->7')>   -0.21342
|1T^CV(7->8')>    0.26870
|1T^CV(7->13')>   -0.05628
|1T^CV(6->7')>   -0.27558
|1T^CV(6->8')>   -0.21873
|1T^CV(6->10')>    0.08981
|1T^CV(5->9')>   -0.32294
|1T^CV(4->7')>    0.06712
|1T^CV(4->8')>    0.05327
|1T^CV(4->10')>    0.34219
|1T^CV(3->7')>    0.06301
|1T^CV(3->8')>   -0.07936
|1T^CV(3->9')>   -0.14446
|1T^CV(3->13')>   -0.08796
|1T^CV(2->4')>    0.06924
|1T^CV(1->3')>   -0.06925
TDMs with Triplet 'Ground' state
TDMX:0.000   TDMY:0.000   TDMZ:0.000   Oscillator Strength:0.00000   <S**2>: 0.000
--------------------------------------------------------------------
TDMs with Singlet 'Ground' state
TDMX:-0.000   TDMY:0.000   TDMZ:-0.147   Oscillator Strength:0.00173   <S**2>: 0.000
--------------------------------------------------------------------


State 67 3.257 eV 
Excitation    CI Coef
|1^CS(12->0)>    0.05602
|1^CS(11->0)>    0.09423
|1^CS(8->0)>   -0.18245
|1^CS(7->0)>    0.06307
|1^CS(3->0)>    0.16525
|1^CS(12->0')>    0.05600
|1^CS(11->0')>   -0.09420
|1^CS(8->0')>   -0.18238
|1^CS(7->0')>   -0.06304
|1^CS(3->0')>   -0.16520
|1^SV(0->12')>   -0.05656
|1^SV(0'->12')>    0.05654
|1T^CV(14->1')>    0.05613
|1T^CV(11->12')>   -0.07459
|1T^CV(10->6')>   -0.30829
|1T^CV(9->5')>   -0.30638
|1T^CV(8->13')>   -0.11154
|1T^CV(7->7')>   -0.26463
|1T^CV(7->8')>   -0.21005
|1T^CV(6->7')>   -0.21879
|1T^CV(6->8')>    0.27582
|1T^CV(6->9')>   -0.09020
|1T^CV(5->7')>   -0.05383
|1T^CV(5->10')>    0.31948
|1T^CV(4->7')>    0.05394
|1T^CV(4->8')>   -0.06800
|1T^CV(4->9')>   -0.34088
|1T^CV(3->7')>    0.08878
|1T^CV(3->8')>    0.07049
|1T^CV(3->10')>    0.14840
|1T^CV(3->12')>   -0.06249
|1T^CV(3->14')>   -0.08173
|1T^CV(2->3')>    0.06901
|1T^CV(1->4')>   -0.06895
TDMs with Triplet 'Ground' state
TDMX:0.000   TDMY:0.000   TDMZ:0.000   Oscillator Strength:0.00000   <S**2>: 0.000
--------------------------------------------------------------------
TDMs with Singlet 'Ground' state
TDMX:-0.088   TDMY:0.587   TDMZ:0.000   Oscillator Strength:0.02811   <S**2>: 0.000
--------------------------------------------------------------------


State 68 3.269 eV 
Excitation    CI Coef
|1^CS(7->0)>    0.26116
|1^CS(6->0)>   -0.24538
|1^CS(4->0)>    0.12800
|1^CS(3->0)>   -0.09817
|1^CS(7->0')>   -0.26121
|1^CS(6->0')>   -0.24528
|1^CS(4->0')>    0.12799
|1^CS(3->0')>    0.09816
|1^SV(0->8')>   -0.36736
|1^SV(0->9')>   -0.06115
|1^SV(0->10')>   -0.06130
|1^SV(0'->7')>    0.36730
|1^SV(0'->9')>   -0.06106
|1^SV(0'->10')>    0.06139
|1S^CV(7->13')>   -0.06116
|1T^CV(18->7')>   -0.06208
|1T^CV(17->8')>   -0.05844
|1T^CV(14->7')>   -0.06046
|1T^CV(13->8')>    0.05597
|1T^CV(12->7')>    0.11349
|1T^CV(12->8')>   -0.14300
|1T^CV(11->7')>   -0.15870
|1T^CV(11->8')>   -0.12598
|1T^CV(10->6')>   -0.05601
|1T^CV(9->5')>   -0.05561
|1T^CV(8->7')>   -0.10068
|1T^CV(8->8')>    0.12685
|1T^CV(7->4')>    0.06775
|1T^CV(7->12')>   -0.14187
|1T^CV(7->14')>   -0.13528
|1T^CV(7->20')>    0.06096
|1T^CV(6->3')>    0.09453
|1T^CV(6->11')>   -0.07238
|1T^CV(6->13')>   -0.17202
|1T^CV(5->4')>    0.08987
|1T^CV(4->3')>    0.06196
|1T^CV(4->13')>    0.08925
|1T^CV(3->7')>   -0.09539
|1T^CV(3->8')>   -0.07572
|1T^CV(3->12')>    0.06342
|1T^CV(2->7')>   -0.09017
|1T^CV(2->8')>    0.09130
|1T^CV(2->9')>   -0.14811
|1T^CV(1->7')>    0.09137
|1T^CV(1->8')>    0.09022
|1T^CV(1->10')>   -0.14791
TDMs with Triplet 'Ground' state
TDMX:0.000   TDMY:0.000   TDMZ:0.000   Oscillator Strength:0.00000   <S**2>: 0.000
--------------------------------------------------------------------
TDMs with Singlet 'Ground' state
TDMX:-0.069   TDMY:-0.596   TDMZ:-0.000   Oscillator Strength:0.02878   <S**2>: 0.000
--------------------------------------------------------------------


State 69 3.269 eV 
Excitation    CI Coef
|1^CS(7->0)>   -0.25028
|1^CS(6->0)>    0.23625
|1^CS(4->0)>   -0.14207
|1^CS(3->0)>    0.10964
|1^CS(7->0')>   -0.25038
|1^CS(6->0')>   -0.23620
|1^CS(4->0')>    0.14208
|1^CS(3->0')>    0.10964
|1^SV(0->8')>    0.35774
|1^SV(0->9')>    0.07605
|1^SV(0->10')>    0.07598
|1^SV(0'->7')>    0.35774
|1^SV(0'->9')>   -0.07594
|1^SV(0'->10')>    0.07610
|1S^CV(7->14')>   -0.05018
|1S^CV(6->13')>   -0.05537
|1T^CV(18->8')>    0.06054
|1T^CV(17->7')>    0.05688
|1T^CV(14->8')>    0.05897
|1T^CV(13->7')>   -0.05451
|1T^CV(12->7')>    0.13930
|1T^CV(12->8')>    0.11056
|1T^CV(12->10')>    0.05294
|1T^CV(11->7')>   -0.12283
|1T^CV(11->8')>    0.15473
|1T^CV(11->9')>    0.05854
|1T^CV(10->5')>    0.05132
|1T^CV(9->6')>    0.05108
|1T^CV(8->7')>   -0.12177
|1T^CV(8->8')>   -0.09665
|1T^CV(7->3')>    0.06216
|1T^CV(7->11')>   -0.07214
|1T^CV(7->13')>   -0.17304
|1T^CV(6->4')>    0.08972
|1T^CV(6->7')>    0.05566
|1T^CV(6->12')>   -0.13221
|1T^CV(6->14')>   -0.12208
|1T^CV(6->20')>    0.05460
|1T^CV(5->3')>    0.09269
|1T^CV(4->4')>    0.06743
|1T^CV(4->10')>   -0.05910
|1T^CV(4->12')>    0.07903
|1T^CV(4->14')>    0.07335
|1T^CV(3->7')>   -0.08381
|1T^CV(3->8')>    0.10558
|1T^CV(3->9')>    0.05415
|1T^CV(3->13')>    0.08256
|1T^CV(2->7')>   -0.09951
|1T^CV(2->8')>   -0.06280
|1T^CV(2->10')>    0.15437
|1T^CV(1->7')>    0.06253
|1T^CV(1->8')>   -0.09920
|1T^CV(1->9')>    0.15463
TDMs with Triplet 'Ground' state
TDMX:0.000   TDMY:0.000   TDMZ:0.000   Oscillator Strength:0.00000   <S**2>: 0.000
--------------------------------------------------------------------
TDMs with Singlet 'Ground' state
TDMX:-0.000   TDMY:-0.000   TDMZ:0.592   Oscillator Strength:0.02808   <S**2>: 0.000
--------------------------------------------------------------------


State 70 3.276 eV 
Excitation    CI Coef
|1^CS(6->0)>   -0.13066
|1^CS(5->0)>    0.27077
|1^CS(4->0)>   -0.24114
|1^CS(3->0)>    0.05300
|1^CS(6->0')>   -0.13047
|1^CS(5->0')>   -0.27036
|1^CS(4->0')>   -0.24086
|1^CS(3->0')>   -0.05295
|1^SV(0->8')>   -0.08828
|1^SV(0->9')>    0.25849
|1^SV(0->10')>    0.25802
|1^SV(0'->7')>    0.08821
|1^SV(0'->9')>    0.25775
|1^SV(0'->10')>   -0.25806
|1S^CV(12->10')>    0.05406
|1S^CV(11->9')>    0.05502
|1S^CV(5->13')>   -0.06303
|1T^CV(18->10')>    0.07753
|1T^CV(17->9')>    0.07291
|1T^CV(14->10')>    0.07667
|1T^CV(13->9')>   -0.07079
|1T^CV(12->9')>    0.18060
|1T^CV(11->10')>    0.20036
|1T^CV(10->6')>    0.06286
|1T^CV(9->5')>    0.06272
|1T^CV(8->9')>   -0.16268
|1T^CV(7->4')>    0.08384
|1T^CV(7->10')>    0.06303
|1T^CV(6->3')>    0.06496
|1T^CV(6->13')>   -0.09187
|1T^CV(5->1')>   -0.05261
|1T^CV(5->4')>   -0.05051
|1T^CV(5->10')>   -0.10057
|1T^CV(5->12')>   -0.14758
|1T^CV(5->14')>   -0.13989
|1T^CV(5->20')>    0.06293
|1T^CV(4->3')>   -0.08879
|1T^CV(4->9')>    0.05866
|1T^CV(4->11')>   -0.07408
|1T^CV(4->13')>   -0.16887
|1T^CV(3->4')>   -0.05105
|1T^CV(3->10')>    0.08378
|1T^CV(2->7')>   -0.10604
|1T^CV(2->8')>    0.10758
|1T^CV(2->9')>    0.13111
|1T^CV(1->7')>    0.10725
|1T^CV(1->8')>    0.10610
|1T^CV(1->10')>    0.13151
TDMs with Triplet 'Ground' state
TDMX:0.000   TDMY:0.000   TDMZ:0.000   Oscillator Strength:0.00000   <S**2>: 0.000
--------------------------------------------------------------------
TDMs with Singlet 'Ground' state
TDMX:-0.689   TDMY:0.562   TDMZ:-0.001   Oscillator Strength:0.06348   <S**2>: 0.000
--------------------------------------------------------------------


State 71 3.277 eV 
Excitation    CI Coef
|1^CS(6->0)>   -0.14306
|1^CS(5->0)>    0.26862
|1^CS(4->0)>   -0.23623
|1^CS(6->0')>    0.14324
|1^CS(5->0')>    0.26895
|1^CS(4->0')>    0.23660
|1^SV(0->8')>   -0.10582
|1^SV(0->9')>    0.25567
|1^SV(0->10')>    0.25520
|1^SV(0'->7')>   -0.10601
|1^SV(0'->9')>   -0.25564
|1^SV(0'->10')>    0.25593
|1S^CV(12->9')>    0.05352
|1S^CV(11->10')>    0.05437
|1S^CV(5->1')>    0.05064
|1S^CV(5->14')>    0.05388
|1S^CV(4->13')>    0.05477
|1T^CV(18->9')>    0.07678
|1T^CV(17->10')>    0.07209
|1T^CV(14->9')>    0.07602
|1T^CV(13->10')>   -0.07023
|1T^CV(12->10')>    0.17899
|1T^CV(11->9')>    0.19852
|1T^CV(10->5')>    0.05075
|1T^CV(9->6')>    0.05331
|1T^CV(8->10')>   -0.15997
|1T^CV(7->3')>   -0.08678
|1T^CV(7->9')>    0.05380
|1T^CV(6->4')>   -0.06991
|1T^CV(6->12')>    0.08013
|1T^CV(6->14')>    0.07408
|1T^CV(5->9')>   -0.08662
|1T^CV(5->11')>    0.07971
|1T^CV(5->13')>    0.18667
|1T^CV(5->19')>    0.05189
|1T^CV(4->4')>    0.08668
|1T^CV(4->12')>    0.13193
|1T^CV(4->14')>    0.12236
|1T^CV(4->20')>   -0.05485
|1T^CV(3->3')>    0.05306
|1T^CV(3->9')>    0.09138
|1T^CV(2->7')>    0.13293
|1T^CV(2->8')>    0.08371
|1T^CV(2->10')>    0.12467
|1T^CV(1->7')>   -0.08396
|1T^CV(1->8')>    0.13290
|1T^CV(1->9')>    0.12458
TDMs with Triplet 'Ground' state
TDMX:0.000   TDMY:0.000   TDMZ:0.000   Oscillator Strength:0.00000   <S**2>: 0.000
--------------------------------------------------------------------
TDMs with Singlet 'Ground' state
TDMX:0.000   TDMY:-0.000   TDMZ:-0.839   Oscillator Strength:0.05651   <S**2>: 0.000
--------------------------------------------------------------------


State 72 3.313 eV 
Excitation    CI Coef
|3^CS(14->0)>   -0.10017
|3^CS(13->0)>    0.08244
|3^CS(12->0)>   -0.12113
|3^CS(11->0)>   -0.09518
|3^CS(8->0)>   -0.11765
|3^CS(3->0)>    0.13144
|3^CS(14->0')>   -0.10017
|3^CS(13->0')>   -0.08244
|3^CS(12->0')>    0.12113
|3^CS(11->0')>   -0.09518
|3^CS(8->0')>    0.11766
|3^CS(3->0')>    0.13145
|3^SV(0->1')>    0.05205
|3^SV(0->11')>    0.10659
|3^SV(0->12')>   -0.13721
|3^SV(0->13')>    0.10586
|3^SV(0->14')>   -0.05737
|3^SV(0'->1')>   -0.05205
|3^SV(0'->11')>    0.10659
|3^SV(0'->12')>    0.13721
|3^SV(0'->13')>    0.10586
|3^SV(0'->14')>    0.05738
|3T^CV(12->1')>    0.06295
|3T^CV(3->13')>    0.05167
|3S^CV(12->13')>   -0.06106
|3S^CV(11->12')>    0.05450
|3S^CV(10->6')>   -0.16091
|3S^CV(9->5')>   -0.15974
|3S^CV(7->7')>    0.13772
|3S^CV(7->8')>    0.10927
|3S^CV(6->7')>    0.11455
|3S^CV(6->8')>   -0.14435
|3S^CV(6->9')>    0.05142
|3S^CV(5->10')>   -0.13526
|3S^CV(4->9')>    0.13181
|3S^CV(2->3')>   -0.06337
|3S^CV(1->4')>    0.06335
|3X^CV(14->13')>   -0.06750
|3X^CV(13->14')>   -0.05290
|3X^CV(12->12')>    0.08843
|3X^CV(12->14')>    0.05812
|3X^CV(11->11')>   -0.07633
|3X^CV(11->13')>   -0.07860
|3X^CV(10->5')>   -0.29957
|3X^CV(9->6')>   -0.30173
|3X^CV(8->1')>    0.11767
|3X^CV(7->7')>   -0.15720
|3X^CV(7->8')>    0.19798
|3X^CV(6->7')>   -0.20773
|3X^CV(6->8')>   -0.16492
|3X^CV(6->10')>    0.07339
|3X^CV(5->8')>    0.05122
|3X^CV(5->9')>   -0.19543
|3X^CV(4->10')>    0.19094
|3X^CV(3->2')>   -0.10667
|3X^CV(3->8')>   -0.05268
|3X^CV(3->9')>   -0.06171
|3X^CV(2->4')>    0.09317
|3X^CV(1->3')>   -0.09317
TDMs with Triplet 'Ground' state
TDMX:0.208   TDMY:-1.207   TDMZ:0.000   Oscillator Strength:0.12186   <S**2>: 2.000
--------------------------------------------------------------------
TDMs with Singlet 'Ground' state
TDMX:0.000   TDMY:0.000   TDMZ:0.000   Oscillator Strength:0.00000   <S**2>: 2.000
--------------------------------------------------------------------


State 73 3.316 eV 
Excitation    CI Coef
|3^CS(12->0)>    0.07335
|3^CS(8->0)>    0.05926
|3^CS(12->0')>    0.07335
|3^CS(8->0')>    0.05926
|3^SV(0->1')>   -0.17700
|3^SV(0->2')>    0.23225
|3^SV(0->11')>   -0.07692
|3^SV(0'->1')>   -0.17700
|3^SV(0'->2')>   -0.23225
|3^SV(0'->11')>    0.07692
|3T^CV(12->2')>    0.05736
|3T^CV(11->1')>   -0.05804
|3S^CV(13->1')>   -0.05070
|3S^CV(11->2')>   -0.14665
|3S^CV(11->11')>    0.06454
|3S^CV(10->5')>    0.17195
|3S^CV(9->6')>    0.17333
|3S^CV(8->1')>   -0.09223
|3S^CV(3->2')>    0.10780
|3X^CV(23->2')>   -0.05323
|3X^CV(20->1')>   -0.05714
|3X^CV(19->2')>   -0.05063
|3X^CV(14->1')>   -0.13625
|3X^CV(14->12')>   -0.06399
|3X^CV(13->2')>   -0.26911
|3X^CV(13->11')>    0.16742
|3X^CV(13->13')>   -0.05339
|3X^CV(12->2')>   -0.40735
|3X^CV(12->11')>    0.21749
|3X^CV(11->1')>    0.33884
|3X^CV(11->12')>    0.09438
|3X^CV(11->14')>   -0.08011
|3X^CV(8->2')>   -0.18563
|3X^CV(8->11')>    0.11190
|3X^CV(7->1')>   -0.09627
|3X^CV(5->1')>    0.09065
|3X^CV(3->1')>   -0.23757
|3X^CV(3->12')>   -0.07621
|3X^CV(3->14')>    0.05079
TDMs with Triplet 'Ground' state
TDMX:-0.000   TDMY:0.000   TDMZ:0.122   Oscillator Strength:0.00122   <S**2>: 2.000
--------------------------------------------------------------------
TDMs with Singlet 'Ground' state
TDMX:0.000   TDMY:0.000   TDMZ:0.000   Oscillator Strength:0.00000   <S**2>: 2.000
--------------------------------------------------------------------


State 74 3.318 eV 
Excitation    CI Coef
|3^CS(16->0)>   -0.07040
|3^CS(15->0)>    0.08223
|3^CS(14->0)>   -0.07153
|3^CS(13->0)>    0.07292
|3^CS(12->0)>   -0.06496
|3^CS(11->0)>   -0.06444
|3^CS(8->0)>   -0.09127
|3^CS(3->0)>    0.11912
|3^CS(2->0)>   -0.06497
|3^CS(1->0)>   -0.08136
|3^CS(16->0')>    0.08242
|3^CS(15->0')>    0.07017
|3^CS(14->0')>    0.07153
|3^CS(13->0')>    0.07292
|3^CS(12->0')>   -0.06495
|3^CS(11->0')>    0.06444
|3^CS(8->0')>   -0.09126
|3^CS(3->0')>   -0.11912
|3^CS(2->0')>   -0.08093
|3^CS(1->0')>    0.06551
|3^SV(0->2')>    0.09316
|3^SV(0->3')>   -0.17849
|3^SV(0->4')>    0.17850
|3^SV(0->11')>    0.05079
|3^SV(0->12')>   -0.09844
|3^SV(0->13')>    0.06780
|3^SV(0'->2')>   -0.09316
|3^SV(0'->3')>    0.17841
|3^SV(0'->4')>    0.17858
|3^SV(0'->11')>   -0.05079
|3^SV(0'->12')>   -0.09844
|3^SV(0'->13')>   -0.06780
|3S^CV(12->4')>   -0.06350
|3S^CV(11->3')>    0.06990
|3S^CV(10->5')>   -0.12681
|3S^CV(9->6')>   -0.12848
|3S^CV(8->4')>    0.05213
|3S^CV(7->7')>   -0.12661
|3S^CV(7->8')>    0.15945
|3S^CV(7->9')>   -0.08267
|3S^CV(6->7')>   -0.18415
|3S^CV(6->8')>   -0.14620
|3S^CV(6->10')>    0.07841
|3S^CV(5->7')>   -0.07331
|3S^CV(5->8')>    0.09238
|3X^CV(13->2')>   -0.08679
|3X^CV(13->11')>    0.06084
|3X^CV(12->2')>   -0.11288
|3X^CV(12->3')>    0.08920
|3X^CV(12->13')>   -0.06854
|3X^CV(11->1')>    0.05185
|3X^CV(11->4')>   -0.09901
|3X^CV(11->12')>    0.07243
|3X^CV(10->6')>   -0.18266
|3X^CV(9->5')>   -0.18115
|3X^CV(8->3')>   -0.07427
|3X^CV(8->11')>    0.06170
|3X^CV(7->7')>    0.22598
|3X^CV(7->8')>    0.17930
|3X^CV(7->10')>   -0.11602
|3X^CV(6->7')>    0.20673
|3X^CV(6->8')>   -0.26051
|3X^CV(6->9')>    0.11159
|3X^CV(5->7')>    0.13061
|3X^CV(5->8')>    0.10369
|3X^CV(4->9')>   -0.06659
|3X^CV(3->1')>   -0.10284
|3X^CV(3->4')>   -0.05713
|3X^CV(3->10')>    0.05644
|3X^CV(2->3')>   -0.05547
|3X^CV(1->4')>    0.05529
TDMs with Triplet 'Ground' state
TDMX:0.000   TDMY:-0.000   TDMZ:-0.627   Oscillator Strength:0.03199   <S**2>: 2.000
--------------------------------------------------------------------
TDMs with Singlet 'Ground' state
TDMX:0.000   TDMY:0.000   TDMZ:0.000   Oscillator Strength:0.00000   <S**2>: 2.000
--------------------------------------------------------------------


State 75 3.319 eV 
Excitation    CI Coef
|3^CS(16->0)>   -0.06472
|3^CS(15->0)>    0.07570
|3^CS(14->0)>    0.08331
|3^CS(13->0)>   -0.07579
|3^CS(12->0)>    0.08128
|3^CS(11->0)>    0.06816
|3^CS(8->0)>    0.10569
|3^CS(3->0)>   -0.12852
|3^CS(2->0)>   -0.06113
|3^CS(1->0)>   -0.07716
|3^CS(16->0')>    0.07578
|3^CS(15->0')>    0.06460
|3^CS(14->0')>   -0.08331
|3^CS(13->0')>   -0.07579
|3^CS(12->0')>    0.08127
|3^CS(11->0')>   -0.06816
|3^CS(8->0')>    0.10569
|3^CS(3->0')>    0.12851
|3^CS(2->0')>   -0.07626
|3^CS(1->0')>    0.06222
|3^SV(0->2')>   -0.06637
|3^SV(0->3')>   -0.16338
|3^SV(0->4')>    0.16350
|3^SV(0->11')>   -0.07133
|3^SV(0->12')>    0.10384
|3^SV(0->13')>   -0.07568
|3^SV(0'->2')>    0.06637
|3^SV(0'->3')>    0.16328
|3^SV(0'->4')>    0.16355
|3^SV(0'->11')>    0.07133
|3^SV(0'->12')>    0.10384
|3^SV(0'->13')>    0.07567
|3S^CV(12->4')>   -0.05799
|3S^CV(11->3')>    0.06375
|3S^CV(10->5')>    0.16313
|3S^CV(9->6')>    0.16343
|3S^CV(8->1')>   -0.06112
|3S^CV(7->9')>   -0.08924
|3S^CV(5->8')>    0.06142
|3S^CV(5->9')>    0.19379
|3S^CV(4->7')>   -0.05956
|3S^CV(4->10')>   -0.23501
|3S^CV(3->9')>    0.10232
|3X^CV(13->2')>    0.05341
|3X^CV(12->2')>    0.06145
|3X^CV(12->3')>    0.08233
|3X^CV(12->13')>    0.06908
|3X^CV(11->4')>   -0.09025
|3X^CV(11->12')>   -0.06513
|3X^CV(10->6')>    0.20229
|3X^CV(9->5')>    0.20125
|3X^CV(8->3')>   -0.06727
|3X^CV(8->11')>   -0.05066
|3X^CV(7->10')>   -0.12644
|3X^CV(5->7')>    0.08684
|3X^CV(5->8')>    0.06896
|3X^CV(5->10')>    0.27286
|3X^CV(4->7')>    0.06689
|3X^CV(4->8')>   -0.08429
|3X^CV(4->9')>   -0.33033
|3X^CV(3->1')>    0.07319
|3X^CV(3->4')>   -0.05033
|3X^CV(3->10')>    0.14360
|3X^CV(2->3')>    0.06403
|3X^CV(1->4')>   -0.06426
TDMs with Triplet 'Ground' state
TDMX:0.000   TDMY:0.000   TDMZ:0.427   Oscillator Strength:0.01483   <S**2>: 2.000
--------------------------------------------------------------------
TDMs with Singlet 'Ground' state
TDMX:0.000   TDMY:0.000   TDMZ:0.000   Oscillator Strength:0.00000   <S**2>: 2.000
--------------------------------------------------------------------


State 76 3.320 eV 
Excitation    CI Coef
|3^CS(16->0)>   -0.09579
|3^CS(15->0)>    0.11246
|3^CS(2->0)>   -0.09340
|3^CS(1->0)>   -0.11494
|3^CS(16->0')>   -0.11225
|3^CS(15->0')>   -0.09605
|3^CS(2->0')>    0.11590
|3^CS(1->0')>   -0.09221
|3^SV(0->3')>   -0.24217
|3^SV(0->4')>    0.24202
|3^SV(0'->3')>   -0.24208
|3^SV(0'->4')>   -0.24214
|3T^CV(12->4')>    0.06276
|3T^CV(11->3')>   -0.06664
|3T^CV(1->13')>   -0.05590
|3S^CV(12->3')>    0.08607
|3S^CV(11->4')>   -0.09475
|3S^CV(8->3')>   -0.07069
|3S^CV(7->7')>    0.10034
|3S^CV(7->8')>    0.07961
|3S^CV(7->10')>   -0.12041
|3S^CV(6->7')>    0.10514
|3S^CV(6->8')>   -0.13248
|3S^CV(6->9')>    0.06754
|3S^CV(5->7')>    0.10568
|3S^CV(5->8')>    0.08390
|3S^CV(5->10')>    0.15324
|3S^CV(4->8')>   -0.06082
|3S^CV(4->9')>   -0.21017
|3S^CV(3->4')>   -0.05414
|3S^CV(3->10')>    0.10483
|3X^CV(18->3')>    0.06323
|3X^CV(17->4')>   -0.05992
|3X^CV(14->3')>    0.05156
|3X^CV(12->4')>   -0.12172
|3X^CV(11->3')>    0.13390
|3X^CV(8->4')>    0.10007
|3X^CV(7->7')>   -0.11207
|3X^CV(7->8')>    0.14112
|3X^CV(7->9')>   -0.17064
|3X^CV(6->7')>   -0.18694
|3X^CV(6->8')>   -0.14840
|3X^CV(6->10')>    0.09490
|3X^CV(5->7')>   -0.11875
|3X^CV(5->8')>    0.14963
|3X^CV(5->9')>    0.21698
|3X^CV(4->7')>   -0.08582
|3X^CV(4->8')>   -0.06810
|3X^CV(4->10')>   -0.29818
|3X^CV(3->3')>    0.07660
|3X^CV(3->9')>    0.14853
|3X^CV(2->1')>    0.05735
|3X^CV(2->12')>   -0.06250
|3X^CV(1->2')>    0.05433
|3X^CV(1->11')>    0.05380
TDMs with Triplet 'Ground' state
TDMX:1.481   TDMY:0.281   TDMZ:-0.000   Oscillator Strength:0.18470   <S**2>: 2.000
--------------------------------------------------------------------
TDMs with Singlet 'Ground' state
TDMX:0.000   TDMY:0.000   TDMZ:0.000   Oscillator Strength:0.00000   <S**2>: 2.000
--------------------------------------------------------------------


State 77 3.329 eV 
Excitation    CI Coef
|1^CS(16->0)>    0.09758
|1^CS(15->0)>   -0.11450
|1^CS(2->0)>    0.13379
|1^CS(1->0)>    0.16483
|1^CS(16->0')>    0.11433
|1^CS(15->0')>    0.09778
|1^CS(2->0')>   -0.16606
|1^CS(1->0')>    0.13226
|1^SV(0->3')>   -0.25905
|1^SV(0->4')>    0.25886
|1^SV(0'->3')>    0.25894
|1^SV(0'->4')>    0.25897
|1S^CV(18->4')>    0.05092
|1S^CV(12->3')>   -0.07074
|1S^CV(11->4')>    0.07546
|1S^CV(2->13')>   -0.07329
|1S^CV(1->12')>    0.05517
|1S^CV(1->14')>    0.05531
|1T^CV(18->3')>   -0.08483
|1T^CV(17->4')>    0.08061
|1T^CV(14->3')>   -0.06447
|1T^CV(13->4')>   -0.06004
|1T^CV(12->4')>    0.15283
|1T^CV(11->3')>   -0.16774
|1T^CV(8->4')>   -0.12249
|1T^CV(7->7')>    0.15300
|1T^CV(7->8')>   -0.19266
|1T^CV(7->9')>    0.18963
|1T^CV(6->7')>    0.24445
|1T^CV(6->8')>    0.19406
|1T^CV(6->10')>   -0.11815
|1T^CV(5->7')>    0.13776
|1T^CV(5->8')>   -0.17360
|1T^CV(5->9')>   -0.20172
|1T^CV(4->7')>    0.08765
|1T^CV(4->8')>    0.06957
|1T^CV(4->10')>    0.29128
|1T^CV(3->3')>   -0.09321
|1T^CV(3->9')>   -0.15027
|1T^CV(2->1')>   -0.08283
|1T^CV(2->12')>    0.06268
|1T^CV(1->2')>   -0.07612
|1T^CV(1->11')>   -0.06060
TDMs with Triplet 'Ground' state
TDMX:0.000   TDMY:0.000   TDMZ:0.000   Oscillator Strength:0.00000   <S**2>: 0.000
--------------------------------------------------------------------
TDMs with Singlet 'Ground' state
TDMX:-0.000   TDMY:0.000   TDMZ:-0.262   Oscillator Strength:0.00558   <S**2>: 0.000
--------------------------------------------------------------------


State 78 3.331 eV 
Excitation    CI Coef
|1^CS(16->0)>   -0.08585
|1^CS(15->0)>    0.10038
|1^CS(14->0)>   -0.05344
|1^CS(12->0)>   -0.05498
|1^CS(8->0)>   -0.08095
|1^CS(3->0)>    0.09052
|1^CS(2->0)>   -0.11887
|1^CS(1->0)>   -0.14901
|1^CS(16->0')>    0.10053
|1^CS(15->0')>    0.08567
|1^CS(14->0')>    0.05344
|1^CS(12->0')>   -0.05498
|1^CS(8->0')>   -0.08096
|1^CS(3->0')>   -0.09053
|1^CS(2->0')>   -0.14809
|1^CS(1->0')>    0.12001
|1^SV(0->3')>    0.22673
|1^SV(0->4')>   -0.22650
|1^SV(0->12')>    0.06122
|1^SV(0->13')>   -0.05612
|1^SV(0'->3')>    0.22662
|1^SV(0'->4')>    0.22660
|1^SV(0'->12')>   -0.06122
|1^SV(0'->13')>   -0.05612
|1S^CV(12->4')>   -0.06169
|1S^CV(11->3')>    0.06585
|1S^CV(1->13')>    0.06470
|1T^CV(18->4')>   -0.07405
|1T^CV(17->3')>    0.07041
|1T^CV(14->4')>   -0.05657
|1T^CV(13->3')>   -0.05285
|1T^CV(12->3')>    0.13361
|1T^CV(12->13')>   -0.05908
|1T^CV(11->4')>   -0.14670
|1T^CV(10->6')>   -0.19926
|1T^CV(9->5')>   -0.19719
|1T^CV(8->3')>   -0.10700
|1T^CV(7->7')>    0.24140
|1T^CV(7->8')>    0.19153
|1T^CV(7->10')>   -0.15372
|1T^CV(6->7')>    0.22725
|1T^CV(6->8')>   -0.28637
|1T^CV(6->9')>    0.12776
|1T^CV(5->7')>    0.16104
|1T^CV(5->8')>    0.12786
|1T^CV(5->10')>    0.07538
|1T^CV(4->8')>   -0.05532
|1T^CV(4->9')>   -0.15042
|1T^CV(3->1')>   -0.06128
|1T^CV(3->4')>   -0.08372
|1T^CV(3->10')>    0.09754
|1T^CV(2->2')>    0.06745
|1T^CV(2->11')>    0.05215
|1T^CV(1->1')>    0.07325
|1T^CV(1->12')>   -0.05295
TDMs with Triplet 'Ground' state
TDMX:0.000   TDMY:0.000   TDMZ:0.000   Oscillator Strength:0.00000   <S**2>: 0.000
--------------------------------------------------------------------
TDMs with Singlet 'Ground' state
TDMX:-1.576   TDMY:0.618   TDMZ:-0.000   Oscillator Strength:0.23389   <S**2>: 0.000
--------------------------------------------------------------------


State 79 3.333 eV 
Excitation    CI Coef
|1^CS(15->0)>    0.05728
|1^CS(14->0)>    0.09269
|1^CS(13->0)>   -0.08660
|1^CS(12->0)>    0.09649
|1^CS(11->0)>    0.06092
|1^CS(8->0)>    0.13876
|1^CS(3->0)>   -0.15512
|1^CS(2->0)>   -0.06953
|1^CS(1->0)>   -0.08767
|1^CS(16->0')>    0.05738
|1^CS(14->0')>   -0.09269
|1^CS(13->0')>   -0.08660
|1^CS(12->0')>    0.09649
|1^CS(11->0')>   -0.06092
|1^CS(8->0')>    0.13876
|1^CS(3->0')>    0.15513
|1^CS(2->0')>   -0.08674
|1^CS(1->0')>    0.07070
|1^SV(0->2')>    0.05106
|1^SV(0->3')>    0.12841
|1^SV(0->4')>   -0.12868
|1^SV(0->11')>    0.07752
|1^SV(0->12')>   -0.10849
|1^SV(0->13')>    0.09855
|1^SV(0'->2')>    0.05106
|1^SV(0'->3')>    0.12837
|1^SV(0'->4')>    0.12874
|1^SV(0'->11')>    0.07753
|1^SV(0'->12')>    0.10849
|1^SV(0'->13')>    0.09855
|1S^CV(12->1')>    0.05930
|1S^CV(8->1')>    0.05449
|1S^CV(3->2')>   -0.05312
|1S^CV(3->13')>    0.05652
|1T^CV(14->14')>   -0.05284
|1T^CV(13->2')>    0.06999
|1T^CV(13->13')>   -0.05254
|1T^CV(12->3')>    0.07590
|1T^CV(12->13')>    0.10395
|1T^CV(11->4')>   -0.08309
|1T^CV(11->12')>   -0.07197
|1T^CV(11->14')>   -0.05770
|1T^CV(10->6')>    0.34621
|1T^CV(9->5')>    0.34426
|1T^CV(8->2')>   -0.08379
|1T^CV(8->3')>   -0.06025
|1T^CV(8->11')>   -0.07062
|1T^CV(7->7')>   -0.05540
|1T^CV(7->10')>   -0.10547
|1T^CV(5->7')>    0.06010
|1T^CV(5->10')>    0.28565
|1T^CV(4->7')>    0.06433
|1T^CV(4->8')>   -0.08105
|1T^CV(4->9')>   -0.33357
|1T^CV(3->1')>    0.10240
|1T^CV(3->10')>    0.13960
|1T^CV(3->14')>    0.06546
|1T^CV(2->3')>    0.08904
|1T^CV(1->4')>   -0.08933
TDMs with Triplet 'Ground' state
TDMX:0.000   TDMY:0.000   TDMZ:0.000   Oscillator Strength:0.00000   <S**2>: 0.000
--------------------------------------------------------------------
TDMs with Singlet 'Ground' state
TDMX:-0.889   TDMY:-1.329   TDMZ:-0.000   Oscillator Strength:0.20874   <S**2>: 0.000
--------------------------------------------------------------------


State 80 3.341 eV 
Excitation    CI Coef
|1^CS(14->0)>   -0.09888
|1^CS(13->0)>    0.08528
|1^CS(12->0)>   -0.11115
|1^CS(11->0)>   -0.05577
|1^CS(8->0)>   -0.18663
|1^CS(5->0)>   -0.05516
|1^CS(3->0)>    0.20045
|1^CS(14->0')>   -0.09888
|1^CS(13->0')>   -0.08528
|1^CS(12->0')>    0.11115
|1^CS(11->0')>   -0.05577
|1^CS(8->0')>    0.18662
|1^CS(5->0')>   -0.05516
|1^CS(3->0')>    0.20045
|1^SV(0->1')>   -0.07959
|1^SV(0->2')>   -0.08266
|1^SV(0->11')>   -0.11809
|1^SV(0->12')>    0.14683
|1^SV(0->13')>   -0.07812
|1^SV(0'->1')>   -0.07959
|1^SV(0'->2')>    0.08265
|1^SV(0'->11')>    0.11809
|1^SV(0'->12')>    0.14683
|1^SV(0'->13')>    0.07811
|1S^CV(12->2')>   -0.05371
|1S^CV(11->1')>   -0.06285
|1S^CV(8->13')>    0.07107
|1S^CV(3->1')>    0.06920
|1S^CV(3->14')>    0.05356
|1T^CV(14->13')>   -0.07777
|1T^CV(13->14')>   -0.06636
|1T^CV(12->12')>    0.10744
|1T^CV(12->14')>    0.06146
|1T^CV(11->11')>   -0.09312
|1T^CV(11->13')>   -0.06831
|1T^CV(10->5')>   -0.35871
|1T^CV(9->6')>   -0.36103
|1T^CV(8->1')>    0.17030
|1T^CV(8->14')>    0.05967
|1T^CV(7->2')>   -0.06295
|1T^CV(7->7')>   -0.11957
|1T^CV(7->8')>    0.15060
|1T^CV(6->7')>   -0.14689
|1T^CV(6->8')>   -0.11663
|1T^CV(5->2')>    0.05609
|1T^CV(5->9')>   -0.21170
|1T^CV(4->10')>    0.22021
|1T^CV(3->2')>   -0.14486
|1T^CV(3->9')>   -0.07551
|1T^CV(3->13')>    0.06506
|1T^CV(2->4')>    0.10140
|1T^CV(1->3')>   -0.10149
TDMs with Triplet 'Ground' state
TDMX:0.000   TDMY:0.000   TDMZ:0.000   Oscillator Strength:0.00000   <S**2>: 0.000
--------------------------------------------------------------------
TDMs with Singlet 'Ground' state
TDMX:-0.000   TDMY:0.000   TDMZ:0.894   Oscillator Strength:0.06540   <S**2>: 0.000
--------------------------------------------------------------------


State 81 3.354 eV 
Excitation    CI Coef
|3^CS(13->0)>    0.05215
|3^CS(13->0')>   -0.05215
|3^SV(0->1')>   -0.15848
|3^SV(0->2')>    0.21363
|3^SV(0->11')>   -0.06865
|3^SV(0'->1')>    0.15847
|3^SV(0'->2')>    0.21362
|3^SV(0'->11')>   -0.06865
|3T^CV(12->1')>   -0.07918
|3T^CV(11->2')>    0.09325
|3S^CV(20->1')>   -0.05149
|3S^CV(14->1')>   -0.05504
|3S^CV(14->12')>   -0.05679
|3S^CV(14->14')>    0.08394
|3S^CV(13->2')>   -0.30994
|3S^CV(13->11')>    0.14638
|3S^CV(12->2')>   -0.30458
|3S^CV(12->11')>    0.21070
|3S^CV(12->13')>   -0.08538
|3S^CV(11->1')>    0.29407
|3S^CV(11->12')>    0.08512
|3S^CV(10->6')>   -0.18570
|3S^CV(9->5')>   -0.18476
|3S^CV(8->2')>   -0.07387
|3S^CV(8->11')>    0.15330
|3S^CV(8->13')>   -0.06170
|3S^CV(7->1')>   -0.12209
|3S^CV(5->1')>    0.11316
|3S^CV(3->1')>   -0.29677
|3X^CV(18->2')>   -0.05151
|3X^CV(14->11')>   -0.06831
|3X^CV(13->1')>   -0.10532
|3X^CV(13->12')>   -0.05911
|3X^CV(12->1')>   -0.05744
|3X^CV(11->2')>   -0.23259
|3X^CV(11->11')>    0.09985
|3X^CV(10->5')>    0.12864
|3X^CV(9->6')>    0.12977
|3X^CV(8->1')>   -0.12641
|3X^CV(7->2')>    0.06567
|3X^CV(5->2')>   -0.06168
|3X^CV(3->2')>    0.16505
TDMs with Triplet 'Ground' state
TDMX:0.009   TDMY:-0.166   TDMZ:-0.000   Oscillator Strength:0.00228   <S**2>: 2.000
--------------------------------------------------------------------
TDMs with Singlet 'Ground' state
TDMX:0.000   TDMY:0.000   TDMZ:0.000   Oscillator Strength:0.00000   <S**2>: 2.000
--------------------------------------------------------------------


State 82 3.369 eV 
Excitation    CI Coef
|5^CV(14->2')>   -0.06332
|5^CV(14->11')>   -0.12767
|5^CV(14->13')>    0.10287
|5^CV(13->12')>   -0.07843
|5^CV(13->14')>    0.13049
|5^CV(12->1')>   -0.27754
|5^CV(12->14')>   -0.06624
|5^CV(11->2')>   -0.20042
|5^CV(10->5')>    0.46405
|5^CV(10->11')>    0.05640
|5^CV(9->6')>    0.46786
|5^CV(8->1')>   -0.37358
|5^CV(8->12')>    0.07048
|5^CV(8->14')>   -0.11497
|5^CV(7->2')>    0.14648
|5^CV(5->2')>   -0.13428
|5^CV(5->9')>    0.05660
|5^CV(4->10')>   -0.05957
|5^CV(3->2')>    0.34808
|5^CV(3->11')>    0.06821
|5^CV(3->13')>   -0.07217
|5^CV(2->4')>   -0.05984
|5^CV(1->3')>    0.05982
TDMs with Triplet 'Ground' state
TDMX:0.000   TDMY:0.000   TDMZ:0.000   Oscillator Strength:0.00000   <S**2>: 6.000
--------------------------------------------------------------------
TDMs with Singlet 'Ground' state
TDMX:0.000   TDMY:0.000   TDMZ:0.000   Oscillator Strength:0.00000   <S**2>: 6.000
--------------------------------------------------------------------


State 83 3.382 eV 
Excitation    CI Coef
|3^SV(0->2')>    0.06422
|3^SV(0'->2')>   -0.06422
|3S^CV(14->11')>    0.10486
|3S^CV(14->13')>   -0.07280
|3S^CV(13->12')>    0.06829
|3S^CV(13->14')>   -0.10194
|3S^CV(12->1')>    0.25496
|3S^CV(11->2')>    0.15573
|3S^CV(10->5')>   -0.31878
|3S^CV(9->6')>   -0.32150
|3S^CV(8->1')>    0.30675
|3S^CV(8->12')>   -0.05637
|3S^CV(8->14')>    0.08083
|3S^CV(7->2')>   -0.12201
|3S^CV(5->2')>    0.11132
|3S^CV(5->9')>   -0.05053
|3S^CV(4->10')>    0.05312
|3S^CV(3->2')>   -0.28693
|3S^CV(3->13')>    0.05217
|3S^CV(2->4')>    0.05546
|3S^CV(1->3')>   -0.05543
|3X^CV(14->1')>   -0.17262
|3X^CV(14->14')>   -0.05705
|3X^CV(13->11')>    0.06902
|3X^CV(13->13')>   -0.06324
|3X^CV(12->2')>   -0.17335
|3X^CV(12->13')>    0.06178
|3X^CV(11->1')>    0.06569
|3X^CV(11->14')>   -0.08269
|3X^CV(10->6')>    0.30146
|3X^CV(9->5')>    0.29907
|3X^CV(8->2')>   -0.20966
|3X^CV(8->11')>   -0.06945
|3X^CV(8->13')>    0.05457
|3X^CV(3->1')>    0.08624
|3X^CV(3->12')>   -0.08566
|3X^CV(3->14')>    0.10295
TDMs with Triplet 'Ground' state
TDMX:-0.000   TDMY:-0.000   TDMZ:-0.016   Oscillator Strength:0.00002   <S**2>: 2.000
--------------------------------------------------------------------
TDMs with Singlet 'Ground' state
TDMX:0.000   TDMY:0.000   TDMZ:0.000   Oscillator Strength:0.00000   <S**2>: 2.000
--------------------------------------------------------------------


State 84 3.404 eV 
Excitation    CI Coef
|3^SV(0->1')>    0.09807
|3^SV(0->2')>   -0.13705
|3^SV(0'->1')>   -0.09807
|3^SV(0'->2')>   -0.13705
|3T^CV(11->2')>   -0.06069
|3S^CV(20->1')>    0.05520
|3S^CV(18->1')>    0.05035
|3S^CV(14->1')>    0.25816
|3S^CV(14->14')>    0.05395
|3S^CV(13->11')>   -0.12187
|3S^CV(13->13')>    0.08823
|3S^CV(12->2')>    0.29334
|3S^CV(12->13')>   -0.07390
|3S^CV(11->1')>   -0.15776
|3S^CV(11->12')>   -0.06092
|3S^CV(11->14')>    0.13013
|3S^CV(10->6')>   -0.33741
|3S^CV(9->5')>   -0.33457
|3S^CV(9->11')>   -0.05002
|3S^CV(8->2')>    0.31843
|3S^CV(8->11')>    0.08063
|3S^CV(8->13')>   -0.05019
|3S^CV(7->7')>    0.05945
|3S^CV(7->12')>    0.05907
|3S^CV(7->14')>   -0.05878
|3S^CV(6->8')>   -0.06249
|3S^CV(5->10')>   -0.07530
|3S^CV(5->12')>   -0.05467
|3S^CV(5->14')>    0.05449
|3S^CV(4->9')>    0.07896
|3S^CV(3->1')>   -0.05978
|3S^CV(3->12')>    0.14230
|3S^CV(3->14')>   -0.14155
|3S^CV(2->3')>   -0.08935
|3S^CV(1->4')>    0.08931
|3X^CV(14->11')>   -0.05922
|3X^CV(13->14')>    0.05936
|3X^CV(12->1')>   -0.20786
|3X^CV(10->5')>    0.15470
|3X^CV(9->6')>    0.15609
|3X^CV(8->1')>   -0.20097
|3X^CV(7->2')>    0.07537
|3X^CV(5->2')>   -0.06775
|3X^CV(3->2')>    0.17116
|3X^CV(2->4')>   -0.05419
|3X^CV(1->3')>    0.05413
TDMs with Triplet 'Ground' state
TDMX:-0.011   TDMY:0.103   TDMZ:0.000   Oscillator Strength:0.00089   <S**2>: 2.000
--------------------------------------------------------------------
TDMs with Singlet 'Ground' state
TDMX:0.000   TDMY:0.000   TDMZ:0.000   Oscillator Strength:0.00000   <S**2>: 2.000
--------------------------------------------------------------------


State 85 3.404 eV 
Excitation    CI Coef
|1^ZW->    0.33793
|1^CS(18->0)>    0.05307
|1^CS(14->0)>    0.09045
|1^CS(13->0)>    0.05960
|1^CS(8->0)>    0.09155
|1^CS(18->0')>   -0.05307
|1^CS(14->0')>   -0.09045
|1^CS(13->0')>    0.05960
|1^CS(8->0')>    0.09155
|1^SV(0->1')>    0.05699
|1^SV(0->2')>   -0.08372
|1^SV(0->11')>    0.05119
|1^SV(0->13')>   -0.09385
|1^SV(0->14')>   -0.11427
|1^SV(0'->1')>   -0.05699
|1^SV(0'->2')>   -0.08373
|1^SV(0'->11')>    0.05119
|1^SV(0'->13')>   -0.09385
|1^SV(0'->14')>    0.11427
|1T^CV(23->2')>   -0.05217
|1T^CV(20->1')>   -0.07221
|1T^CV(19->2')>   -0.05957
|1T^CV(14->1')>   -0.22087
|1T^CV(14->12')>   -0.09099
|1T^CV(13->2')>   -0.32152
|1T^CV(13->11')>    0.20314
|1T^CV(12->2')>   -0.37476
|1T^CV(12->11')>    0.22265
|1T^CV(12->13')>   -0.09925
|1T^CV(11->1')>    0.31320
|1T^CV(11->12')>    0.08161
|1T^CV(11->14')>   -0.14021
|1T^CV(8->2')>   -0.23490
|1T^CV(8->11')>    0.11649
|1T^CV(7->1')>   -0.10841
|1T^CV(5->1')>    0.10065
|1T^CV(3->1')>   -0.25968
|1T^CV(3->12')>   -0.10005
|1T^CV(3->14')>    0.06589
TDMs with Triplet 'Ground' state
TDMX:0.000   TDMY:0.000   TDMZ:0.000   Oscillator Strength:0.00000   <S**2>: 0.000
--------------------------------------------------------------------
TDMs with Singlet 'Ground' state
TDMX:-0.009   TDMY:-0.102   TDMZ:-0.000   Oscillator Strength:0.00088   <S**2>: 0.000
--------------------------------------------------------------------


State 86 3.406 eV 
Excitation    CI Coef
|5^CV(18->1')>   -0.05831
|5^CV(18->14')>   -0.05372
|5^CV(17->2')>   -0.06421
|5^CV(14->1')>   -0.15654
|5^CV(14->14')>   -0.11850
|5^CV(13->2')>    0.31464
|5^CV(13->11')>   -0.05599
|5^CV(12->11')>   -0.15872
|5^CV(12->13')>    0.15403
|5^CV(11->1')>   -0.12998
|5^CV(11->14')>   -0.08464
|5^CV(10->6')>    0.41650
|5^CV(9->5')>    0.41351
|5^CV(9->11')>    0.05936
|5^CV(8->2')>   -0.20968
|5^CV(8->11')>   -0.23689
|5^CV(8->13')>    0.09718
|5^CV(8->15')>    0.05848
|5^CV(7->1')>    0.14767
|5^CV(7->7')>   -0.08367
|5^CV(7->8')>   -0.06639
|5^CV(7->14')>    0.05167
|5^CV(6->7')>   -0.06974
|5^CV(6->8')>    0.08789
|5^CV(5->1')>   -0.13459
|5^CV(5->10')>    0.10574
|5^CV(4->9')>   -0.11076
|5^CV(3->1')>    0.34906
|5^CV(3->12')>   -0.10599
|5^CV(3->14')>    0.12305
|5^CV(2->3')>    0.12626
|5^CV(1->4')>   -0.12628
TDMs with Triplet 'Ground' state
TDMX:0.000   TDMY:0.000   TDMZ:0.000   Oscillator Strength:0.00000   <S**2>: 6.000
--------------------------------------------------------------------
TDMs with Singlet 'Ground' state
TDMX:0.000   TDMY:0.000   TDMZ:0.000   Oscillator Strength:0.00000   <S**2>: 6.000
--------------------------------------------------------------------


State 87 3.453 eV 
Excitation    CI Coef
|1^ZW+>    0.06466
|1^CS(14->0)>    0.09117
|1^CS(13->0)>   -0.10305
|1^CS(14->0')>    0.09118
|1^CS(13->0')>    0.10305
|1^SV(0->2')>    0.05348
|1^SV(0->11')>   -0.13301
|1^SV(0->13')>    0.10980
|1^SV(0->14')>   -0.06603
|1^SV(0'->2')>   -0.05348
|1^SV(0'->11')>    0.13301
|1^SV(0'->13')>   -0.10980
|1^SV(0'->14')>   -0.06604
|1T^CV(20->2')>   -0.05474
|1T^CV(20->11')>    0.08616
|1T^CV(20->13')>   -0.05268
|1T^CV(19->14')>   -0.06791
|1T^CV(17->1')>   -0.06566
|1T^CV(14->2')>   -0.27669
|1T^CV(14->11')>    0.12118
|1T^CV(13->1')>    0.41598
|1T^CV(13->12')>    0.12714
|1T^CV(13->14')>   -0.05786
|1T^CV(12->1')>    0.29513
|1T^CV(12->12')>    0.13238
|1T^CV(12->14')>   -0.12811
|1T^CV(11->2')>    0.35481
|1T^CV(11->11')>   -0.27132
|1T^CV(11->13')>    0.13037
|1T^CV(10->5')>    0.10033
|1T^CV(9->6')>    0.09971
|1T^CV(8->1')>    0.13957
|1T^CV(8->12')>    0.07999
|1T^CV(8->14')>   -0.07840
|1T^CV(7->2')>   -0.10274
|1T^CV(7->11')>    0.08404
|1T^CV(5->2')>    0.09433
|1T^CV(5->11')>   -0.08046
|1T^CV(3->2')>   -0.24388
|1T^CV(3->11')>    0.21284
|1T^CV(3->13')>   -0.07977
TDMs with Triplet 'Ground' state
TDMX:0.000   TDMY:0.000   TDMZ:0.000   Oscillator Strength:0.00000   <S**2>: 0.000
--------------------------------------------------------------------
TDMs with Singlet 'Ground' state
TDMX:0.000   TDMY:0.000   TDMZ:0.084   Oscillator Strength:0.00060   <S**2>: 0.000
--------------------------------------------------------------------


State 88 3.454 eV 
Excitation    CI Coef
|5^CV(17->12')>   -0.05734
|5^CV(14->11')>    0.05827
|5^CV(13->12')>    0.06027
|5^CV(12->1')>    0.11762
|5^CV(12->12')>   -0.13257
|5^CV(12->14')>   -0.07158
|5^CV(11->2')>    0.12200
|5^CV(11->11')>    0.10083
|5^CV(11->13')>    0.15143
|5^CV(10->5')>   -0.06463
|5^CV(9->6')>   -0.06601
|5^CV(8->12')>    0.21066
|5^CV(8->14')>    0.12318
|5^CV(7->7')>    0.18616
|5^CV(7->8')>   -0.23446
|5^CV(7->11')>    0.05354
|5^CV(7->13')>    0.06173
|5^CV(6->7')>    0.24492
|5^CV(6->8')>    0.19446
|5^CV(6->10')>   -0.08064
|5^CV(5->9')>    0.29542
|5^CV(5->11')>   -0.05096
|5^CV(5->13')>   -0.05757
|5^CV(4->7')>   -0.06226
|5^CV(4->10')>   -0.31124
|5^CV(3->7')>   -0.06537
|5^CV(3->8')>    0.08236
|5^CV(3->9')>    0.12645
|5^CV(3->11')>    0.11553
|5^CV(3->13')>    0.14748
|5^CV(2->4')>   -0.41255
|5^CV(1->3')>    0.41252
|5^CV(1->17')>    0.05354
TDMs with Triplet 'Ground' state
TDMX:0.000   TDMY:0.000   TDMZ:0.000   Oscillator Strength:0.00000   <S**2>: 6.000
--------------------------------------------------------------------
TDMs with Singlet 'Ground' state
TDMX:0.000   TDMY:0.000   TDMZ:0.000   Oscillator Strength:0.00000   <S**2>: 6.000
--------------------------------------------------------------------


State 89 3.454 eV 
Excitation    CI Coef
|3S^CV(14->11')>    0.05549
|3S^CV(13->12')>    0.05704
|3S^CV(12->1')>    0.11950
|3S^CV(12->12')>   -0.09870
|3S^CV(12->14')>   -0.06626
|3S^CV(11->2')>    0.11848
|3S^CV(11->11')>    0.06677
|3S^CV(11->13')>    0.12822
|3S^CV(10->5')>   -0.05004
|3S^CV(9->6')>   -0.05123
|3S^CV(8->12')>    0.17467
|3S^CV(8->14')>    0.09671
|3S^CV(7->7')>    0.15066
|3S^CV(7->8')>   -0.18974
|3S^CV(6->7')>    0.19823
|3S^CV(6->8')>    0.15738
|3S^CV(6->10')>   -0.06526
|3S^CV(5->9')>    0.23905
|3S^CV(4->7')>   -0.05041
|3S^CV(4->10')>   -0.25195
|3S^CV(3->7')>   -0.05295
|3S^CV(3->8')>    0.06671
|3S^CV(3->9')>    0.10260
|3S^CV(3->11')>    0.10425
|3S^CV(3->13')>    0.11693
|3S^CV(2->4')>   -0.33480
|3S^CV(1->3')>    0.33478
|3X^CV(12->2')>   -0.06054
|3X^CV(12->11')>   -0.06177
|3X^CV(12->13')>   -0.06034
|3X^CV(11->12')>    0.11084
|3X^CV(10->6')>    0.05050
|3X^CV(9->5')>    0.05037
|3X^CV(8->11')>    0.07594
|3X^CV(8->13')>    0.11602
|3X^CV(7->7')>    0.13432
|3X^CV(7->8')>    0.10658
|3X^CV(6->7')>    0.11121
|3X^CV(6->8')>   -0.14014
|3X^CV(5->10')>   -0.16949
|3X^CV(4->9')>    0.17812
|3X^CV(3->10')>   -0.07133
|3X^CV(3->12')>    0.07914
|3X^CV(3->14')>    0.06654
|3X^CV(2->3')>   -0.23541
|3X^CV(1->4')>    0.23542
TDMs with Triplet 'Ground' state
TDMX:0.000   TDMY:-0.000   TDMZ:-0.015   Oscillator Strength:0.00002   <S**2>: 2.000
--------------------------------------------------------------------
TDMs with Singlet 'Ground' state
TDMX:0.000   TDMY:0.000   TDMZ:0.000   Oscillator Strength:0.00000   <S**2>: 2.000
--------------------------------------------------------------------


State 90 3.455 eV 
Excitation    CI Coef
|3S^CV(14->1')>    0.07791
|3S^CV(13->11')>   -0.05927
|3S^CV(12->2')>    0.11659
|3S^CV(12->11')>    0.07486
|3S^CV(12->13')>    0.08193
|3S^CV(11->12')>   -0.16236
|3S^CV(10->6')>   -0.08676
|3S^CV(9->5')>   -0.08641
|3S^CV(8->11')>   -0.10511
|3S^CV(8->13')>   -0.16346
|3S^CV(7->7')>   -0.18280
|3S^CV(7->8')>   -0.14506
|3S^CV(6->7')>   -0.15132
|3S^CV(6->8')>    0.19071
|3S^CV(6->9')>   -0.06319
|3S^CV(5->10')>    0.23074
|3S^CV(4->9')>   -0.24251
|3S^CV(3->7')>    0.06369
|3S^CV(3->8')>    0.05056
|3S^CV(3->10')>    0.09714
|3S^CV(3->12')>   -0.09735
|3S^CV(3->14')>   -0.10488
|3S^CV(2->3')>    0.32216
|3S^CV(1->4')>   -0.32218
|3X^CV(14->11')>   -0.05499
|3X^CV(13->1')>   -0.07324
|3X^CV(13->12')>   -0.05619
|3X^CV(12->1')>   -0.13587
|3X^CV(12->12')>    0.05045
|3X^CV(12->14')>    0.06294
|3X^CV(11->2')>   -0.11739
|3X^CV(11->13')>   -0.09937
|3X^CV(8->12')>   -0.12888
|3X^CV(8->14')>   -0.06110
|3X^CV(7->7')>   -0.10445
|3X^CV(7->8')>    0.13155
|3X^CV(6->7')>   -0.13743
|3X^CV(6->8')>   -0.10912
|3X^CV(5->9')>   -0.16571
|3X^CV(4->10')>    0.17483
|3X^CV(3->2')>    0.06220
|3X^CV(3->9')>   -0.07160
|3X^CV(3->11')>   -0.09204
|3X^CV(3->13')>   -0.07699
|3X^CV(2->4')>    0.23295
|3X^CV(1->3')>   -0.23294
TDMs with Triplet 'Ground' state
TDMX:-0.003   TDMY:0.053   TDMZ:-0.000   Oscillator Strength:0.00024   <S**2>: 2.000
--------------------------------------------------------------------
TDMs with Singlet 'Ground' state
TDMX:0.000   TDMY:0.000   TDMZ:0.000   Oscillator Strength:0.00000   <S**2>: 2.000
--------------------------------------------------------------------


State 91 3.457 eV 
Excitation    CI Coef
|5^CV(18->12')>    0.05893
|5^CV(14->12')>    0.06812
|5^CV(13->2')>    0.18531
|5^CV(12->11')>   -0.19947
|5^CV(12->13')>   -0.06560
|5^CV(11->1')>   -0.17083
|5^CV(11->12')>    0.14470
|5^CV(11->14')>    0.08851
|5^CV(10->6')>    0.11124
|5^CV(9->5')>    0.11104
|5^CV(8->2')>    0.06715
|5^CV(8->11')>    0.05567
|5^CV(8->13')>    0.22279
|5^CV(8->19')>    0.05138
|5^CV(7->7')>    0.22000
|5^CV(7->8')>    0.17456
|5^CV(7->12')>    0.06708
|5^CV(6->7')>    0.18206
|5^CV(6->8')>   -0.22945
|5^CV(6->9')>    0.07604
|5^CV(5->10')>   -0.27782
|5^CV(5->12')>   -0.06251
|5^CV(4->8')>    0.05883
|5^CV(4->9')>    0.29207
|5^CV(3->1')>    0.11987
|5^CV(3->7')>   -0.07665
|5^CV(3->8')>   -0.06085
|5^CV(3->10')>   -0.11723
|5^CV(3->12')>    0.15650
|5^CV(3->14')>    0.10281
|5^CV(2->3')>   -0.38984
|5^CV(2->17')>   -0.05012
|5^CV(1->4')>    0.38985
TDMs with Triplet 'Ground' state
TDMX:0.000   TDMY:0.000   TDMZ:0.000   Oscillator Strength:0.00000   <S**2>: 6.000
--------------------------------------------------------------------
TDMs with Singlet 'Ground' state
TDMX:0.000   TDMY:0.000   TDMZ:0.000   Oscillator Strength:0.00000   <S**2>: 6.000
--------------------------------------------------------------------


State 92 3.474 eV 
Excitation    CI Coef
|5^CV(12->3')>    0.14269
|5^CV(12->4')>    0.13321
|5^CV(11->3')>   -0.16328
|5^CV(11->4')>   -0.17506
|5^CV(8->3')>   -0.21340
|5^CV(8->4')>   -0.19923
|5^CV(7->3')>   -0.06332
|5^CV(7->4')>   -0.06790
|5^CV(7->7')>    0.23267
|5^CV(7->9')>    0.12607
|5^CV(7->10')>   -0.13503
|5^CV(6->7')>    0.29523
|5^CV(6->9')>    0.08336
|5^CV(6->10')>   -0.07755
|5^CV(5->3')>    0.05898
|5^CV(5->4')>    0.06324
|5^CV(5->7')>    0.21802
|5^CV(5->9')>   -0.14242
|5^CV(5->10')>    0.15320
|5^CV(4->7')>    0.11403
|5^CV(4->9')>   -0.21976
|5^CV(4->10')>    0.20556
|5^CV(3->3')>   -0.15244
|5^CV(3->4')>   -0.16343
|5^CV(3->9')>   -0.10946
|5^CV(3->10')>    0.11749
|5^CV(2->1')>   -0.08593
|5^CV(2->2')>    0.10015
|5^CV(2->11')>    0.18978
|5^CV(2->12')>    0.25366
|5^CV(2->13')>    0.22497
|5^CV(2->14')>    0.12504
|5^CV(2->19')>    0.05459
|5^CV(1->1')>    0.07413
|5^CV(1->2')>   -0.07498
|5^CV(1->11')>   -0.14208
|5^CV(1->12')>   -0.21881
|5^CV(1->13')>   -0.16842
|5^CV(1->14')>   -0.10787
TDMs with Triplet 'Ground' state
TDMX:0.000   TDMY:0.000   TDMZ:0.000   Oscillator Strength:0.00000   <S**2>: 6.000
--------------------------------------------------------------------
TDMs with Singlet 'Ground' state
TDMX:0.000   TDMY:0.000   TDMZ:0.000   Oscillator Strength:0.00000   <S**2>: 6.000
--------------------------------------------------------------------


State 93 3.474 eV 
Excitation    CI Coef
|5^CV(12->3')>   -0.13321
|5^CV(12->4')>    0.14269
|5^CV(11->3')>   -0.17506
|5^CV(11->4')>    0.16328
|5^CV(8->3')>    0.19922
|5^CV(8->4')>   -0.21341
|5^CV(7->3')>   -0.06789
|5^CV(7->4')>    0.06333
|5^CV(7->8')>   -0.23252
|5^CV(7->9')>    0.13529
|5^CV(7->10')>    0.12580
|5^CV(6->8')>    0.29527
|5^CV(6->9')>   -0.07796
|5^CV(6->10')>   -0.08304
|5^CV(5->3')>    0.06323
|5^CV(5->4')>   -0.05898
|5^CV(5->8')>   -0.21811
|5^CV(5->9')>   -0.15287
|5^CV(5->10')>   -0.14276
|5^CV(4->8')>    0.11405
|5^CV(4->9')>    0.20535
|5^CV(4->10')>    0.21994
|5^CV(3->3')>   -0.16343
|5^CV(3->4')>    0.15243
|5^CV(3->9')>   -0.11748
|5^CV(3->10')>   -0.10947
|5^CV(2->1')>   -0.07412
|5^CV(2->2')>   -0.07498
|5^CV(2->11')>   -0.14208
|5^CV(2->12')>    0.21882
|5^CV(2->13')>   -0.16842
|5^CV(2->14')>    0.10787
|5^CV(1->1')>   -0.08593
|5^CV(1->2')>   -0.10016
|5^CV(1->11')>   -0.18978
|5^CV(1->12')>    0.25366
|5^CV(1->13')>   -0.22497
|5^CV(1->14')>    0.12504
|5^CV(1->19')>   -0.05459
TDMs with Triplet 'Ground' state
TDMX:0.000   TDMY:0.000   TDMZ:0.000   Oscillator Strength:0.00000   <S**2>: 6.000
--------------------------------------------------------------------
TDMs with Singlet 'Ground' state
TDMX:0.000   TDMY:0.000   TDMZ:0.000   Oscillator Strength:0.00000   <S**2>: 6.000
--------------------------------------------------------------------


State 94 3.475 eV 
Excitation    CI Coef
|3S^CV(12->3')>    0.11625
|3S^CV(12->4')>    0.10905
|3S^CV(11->3')>   -0.13366
|3S^CV(11->4')>   -0.14263
|3S^CV(8->3')>   -0.17386
|3S^CV(8->4')>   -0.16308
|3S^CV(7->3')>   -0.05183
|3S^CV(7->4')>   -0.05532
|3S^CV(7->7')>    0.18993
|3S^CV(7->9')>    0.10320
|3S^CV(7->10')>   -0.11001
|3S^CV(6->7')>    0.24114
|3S^CV(6->9')>    0.06791
|3S^CV(6->10')>   -0.06348
|3S^CV(5->4')>    0.05152
|3S^CV(5->7')>    0.17798
|3S^CV(5->9')>   -0.11659
|3S^CV(5->10')>    0.12483
|3S^CV(4->7')>    0.09314
|3S^CV(4->9')>   -0.17906
|3S^CV(4->10')>    0.16828
|3S^CV(3->3')>   -0.12478
|3S^CV(3->4')>   -0.13314
|3S^CV(3->9')>   -0.08961
|3S^CV(3->10')>    0.09573
|3S^CV(2->1')>   -0.07034
|3S^CV(2->2')>    0.08157
|3S^CV(2->11')>    0.15471
|3S^CV(2->12')>    0.20749
|3S^CV(2->13')>    0.18345
|3S^CV(2->14')>    0.10224
|3S^CV(1->1')>    0.06039
|3S^CV(1->2')>   -0.06137
|3S^CV(1->11')>   -0.11640
|3S^CV(1->12')>   -0.17813
|3S^CV(1->13')>   -0.13802
|3S^CV(1->14')>   -0.08777
|3X^CV(12->3')>    0.07707
|3X^CV(12->4')>    0.08224
|3X^CV(11->3')>   -0.10079
|3X^CV(11->4')>   -0.09455
|3X^CV(8->3')>   -0.11525
|3X^CV(8->4')>   -0.12299
|3X^CV(7->7')>    0.13330
|3X^CV(7->9')>    0.07783
|3X^CV(7->10')>   -0.07293
|3X^CV(6->7')>    0.17177
|3X^CV(5->7')>    0.12491
|3X^CV(5->9')>   -0.08793
|3X^CV(5->10')>    0.08274
|3X^CV(4->7')>    0.06633
|3X^CV(4->9')>   -0.11867
|3X^CV(4->10')>    0.12688
|3X^CV(3->3')>   -0.09410
|3X^CV(3->4')>   -0.08827
|3X^CV(3->9')>   -0.06757
|3X^CV(3->10')>    0.06346
|3X^CV(2->1')>   -0.05242
|3X^CV(2->2')>    0.05472
|3X^CV(2->11')>    0.10389
|3X^CV(2->12')>    0.15448
|3X^CV(2->13')>    0.12322
|3X^CV(2->14')>    0.07608
|3X^CV(1->11')>   -0.08919
|3X^CV(1->12')>   -0.11622
|3X^CV(1->13')>   -0.10579
|3X^CV(1->14')>   -0.05724
TDMs with Triplet 'Ground' state
TDMX:0.000   TDMY:-0.000   TDMZ:-0.000   Oscillator Strength:0.00000   <S**2>: 2.000
--------------------------------------------------------------------
TDMs with Singlet 'Ground' state
TDMX:0.000   TDMY:0.000   TDMZ:0.000   Oscillator Strength:0.00000   <S**2>: 2.000
--------------------------------------------------------------------


State 95 3.475 eV 
Excitation    CI Coef
|3S^CV(12->3')>    0.10904
|3S^CV(12->4')>   -0.11626
|3S^CV(11->3')>    0.14262
|3S^CV(11->4')>   -0.13366
|3S^CV(8->3')>   -0.16308
|3S^CV(8->4')>    0.17387
|3S^CV(7->3')>    0.05531
|3S^CV(7->4')>   -0.05184
|3S^CV(7->8')>    0.18981
|3S^CV(7->9')>   -0.11022
|3S^CV(7->10')>   -0.10298
|3S^CV(6->8')>   -0.24116
|3S^CV(6->9')>    0.06381
|3S^CV(6->10')>    0.06766
|3S^CV(5->3')>   -0.05151
|3S^CV(5->8')>    0.17806
|3S^CV(5->9')>    0.12455
|3S^CV(5->10')>    0.11688
|3S^CV(4->8')>   -0.09316
|3S^CV(4->9')>   -0.16812
|3S^CV(4->10')>   -0.17919
|3S^CV(3->3')>    0.13314
|3S^CV(3->4')>   -0.12478
|3S^CV(3->9')>    0.09571
|3S^CV(3->10')>    0.08962
|3S^CV(2->1')>    0.06039
|3S^CV(2->2')>    0.06137
|3S^CV(2->11')>    0.11640
|3S^CV(2->12')>   -0.17813
|3S^CV(2->13')>    0.13802
|3S^CV(2->14')>   -0.08777
|3S^CV(1->1')>    0.07034
|3S^CV(1->2')>    0.08157
|3S^CV(1->11')>    0.15471
|3S^CV(1->12')>   -0.20749
|3S^CV(1->13')>    0.18345
|3S^CV(1->14')>   -0.10224
|3X^CV(12->3')>   -0.08224
|3X^CV(12->4')>    0.07707
|3X^CV(11->3')>   -0.09454
|3X^CV(11->4')>    0.10080
|3X^CV(8->3')>    0.12298
|3X^CV(8->4')>   -0.11526
|3X^CV(7->8')>   -0.13322
|3X^CV(7->9')>    0.07307
|3X^CV(7->10')>    0.07766
|3X^CV(6->8')>    0.17178
|3X^CV(5->8')>   -0.12496
|3X^CV(5->9')>   -0.08257
|3X^CV(5->10')>   -0.08813
|3X^CV(4->8')>    0.06636
|3X^CV(4->9')>    0.12674
|3X^CV(4->10')>    0.11877
|3X^CV(3->3')>   -0.08827
|3X^CV(3->4')>    0.09410
|3X^CV(3->9')>   -0.06345
|3X^CV(3->10')>   -0.06758
|3X^CV(2->11')>   -0.08919
|3X^CV(2->12')>    0.11622
|3X^CV(2->13')>   -0.10579
|3X^CV(2->14')>    0.05724
|3X^CV(1->1')>   -0.05242
|3X^CV(1->2')>   -0.05472
|3X^CV(1->11')>   -0.10389
|3X^CV(1->12')>    0.15448
|3X^CV(1->13')>   -0.12322
|3X^CV(1->14')>    0.07608
TDMs with Triplet 'Ground' state
TDMX:0.000   TDMY:-0.000   TDMZ:0.000   Oscillator Strength:0.00000   <S**2>: 2.000
--------------------------------------------------------------------
TDMs with Singlet 'Ground' state
TDMX:0.000   TDMY:0.000   TDMZ:0.000   Oscillator Strength:0.00000   <S**2>: 2.000
--------------------------------------------------------------------


State 96 3.494 eV 
Excitation    CI Coef
|5^CV(20->1')>    0.10931
|5^CV(19->2')>    0.05415
|5^CV(18->1')>    0.07691
|5^CV(14->1')>    0.35779
|5^CV(14->12')>    0.06068
|5^CV(13->2')>    0.25600
|5^CV(13->11')>   -0.25098
|5^CV(13->13')>    0.09659
|5^CV(12->2')>    0.44598
|5^CV(12->11')>   -0.13683
|5^CV(11->1')>   -0.30542
|5^CV(11->12')>   -0.18052
|5^CV(11->14')>    0.12579
|5^CV(10->6')>   -0.15269
|5^CV(9->5')>   -0.15120
|5^CV(8->2')>    0.36349
|5^CV(8->11')>   -0.07809
|5^CV(8->13')>   -0.07590
|5^CV(7->1')>    0.07257
|5^CV(7->12')>    0.05002
|5^CV(7->14')>   -0.07598
|5^CV(5->1')>   -0.06928
|5^CV(5->10')>    0.05387
|5^CV(5->14')>    0.07251
|5^CV(4->9')>   -0.05642
|5^CV(3->1')>    0.18029
|5^CV(3->12')>    0.10945
|5^CV(3->14')>   -0.18816
|5^CV(2->3')>    0.08496
|5^CV(1->4')>   -0.08495
TDMs with Triplet 'Ground' state
TDMX:0.000   TDMY:0.000   TDMZ:0.000   Oscillator Strength:0.00000   <S**2>: 6.000
--------------------------------------------------------------------
TDMs with Singlet 'Ground' state
TDMX:0.000   TDMY:0.000   TDMZ:0.000   Oscillator Strength:0.00000   <S**2>: 6.000
--------------------------------------------------------------------


State 97 3.502 eV 
Excitation    CI Coef
|5^CV(14->9')>   -0.05636
|5^CV(13->10')>    0.05250
|5^CV(12->10')>   -0.16431
|5^CV(11->9')>   -0.19707
|5^CV(8->7')>    0.06412
|5^CV(8->10')>    0.22954
|5^CV(7->3')>   -0.12293
|5^CV(7->9')>   -0.08076
|5^CV(7->11')>   -0.06254
|5^CV(7->13')>   -0.07917
|5^CV(5->2')>    0.08130
|5^CV(5->3')>    0.29710
|5^CV(5->4')>    0.06392
|5^CV(5->9')>    0.06883
|5^CV(5->11')>    0.16614
|5^CV(5->12')>    0.05118
|5^CV(5->13')>    0.20745
|5^CV(4->1')>   -0.08743
|5^CV(4->3')>    0.07762
|5^CV(4->4')>    0.36229
|5^CV(4->12')>    0.28657
|5^CV(4->13')>    0.05356
|5^CV(4->14')>    0.15222
|5^CV(4->18')>   -0.05243
|5^CV(3->3')>    0.16777
|5^CV(3->9')>   -0.17063
|5^CV(3->11')>    0.09520
|5^CV(3->13')>    0.11401
|5^CV(2->7')>   -0.11483
|5^CV(2->9')>    0.11098
|5^CV(2->10')>   -0.35240
|5^CV(1->7')>    0.07940
|5^CV(1->8')>   -0.08024
|5^CV(1->9')>   -0.33619
TDMs with Triplet 'Ground' state
TDMX:0.000   TDMY:0.000   TDMZ:0.000   Oscillator Strength:0.00000   <S**2>: 6.000
--------------------------------------------------------------------
TDMs with Singlet 'Ground' state
TDMX:0.000   TDMY:0.000   TDMZ:0.000   Oscillator Strength:0.00000   <S**2>: 6.000
--------------------------------------------------------------------


State 98 3.502 eV 
Excitation    CI Coef
|5^CV(14->10')>    0.05643
|5^CV(13->9')>   -0.05252
|5^CV(12->9')>    0.16430
|5^CV(11->10')>    0.19732
|5^CV(8->8')>   -0.06406
|5^CV(8->9')>   -0.22969
|5^CV(7->4')>   -0.12380
|5^CV(7->10')>    0.07974
|5^CV(7->12')>   -0.09003
|5^CV(5->1')>   -0.07316
|5^CV(5->3')>   -0.06392
|5^CV(5->4')>    0.29730
|5^CV(5->10')>   -0.06583
|5^CV(5->12')>    0.23828
|5^CV(5->14')>    0.12733
|5^CV(4->2')>    0.09774
|5^CV(4->3')>    0.36156
|5^CV(4->4')>   -0.07774
|5^CV(4->11')>    0.20126
|5^CV(4->12')>   -0.06155
|5^CV(4->13')>    0.24921
|5^CV(4->17')>   -0.05913
|5^CV(3->4')>    0.16821
|5^CV(3->10')>    0.17248
|5^CV(3->12')>    0.13223
|5^CV(3->14')>    0.06835
|5^CV(2->7')>   -0.06071
|5^CV(2->8')>    0.09590
|5^CV(2->9')>    0.33573
|5^CV(1->7')>    0.06909
|5^CV(1->8')>    0.10239
|5^CV(1->9')>    0.11156
|5^CV(1->10')>    0.35226
TDMs with Triplet 'Ground' state
TDMX:0.000   TDMY:0.000   TDMZ:0.000   Oscillator Strength:0.00000   <S**2>: 6.000
--------------------------------------------------------------------
TDMs with Singlet 'Ground' state
TDMX:0.000   TDMY:0.000   TDMZ:0.000   Oscillator Strength:0.00000   <S**2>: 6.000
--------------------------------------------------------------------


State 99 3.502 eV 
Excitation    CI Coef
|3S^CV(12->9')>   -0.13638
|3S^CV(11->10')>   -0.16390
|3S^CV(8->9')>    0.19079
|3S^CV(7->4')>    0.10069
|3S^CV(7->10')>   -0.06636
|3S^CV(7->12')>    0.07694
|3S^CV(5->1')>    0.06193
|3S^CV(5->4')>   -0.24897
|3S^CV(5->10')>    0.05578
|3S^CV(5->12')>   -0.19753
|3S^CV(5->14')>   -0.10456
|3S^CV(4->2')>   -0.08124
|3S^CV(4->3')>   -0.30135
|3S^CV(4->11')>   -0.16752
|3S^CV(4->13')>   -0.20765
|3S^CV(3->4')>   -0.13958
|3S^CV(3->10')>   -0.14279
|3S^CV(3->12')>   -0.11037
|3S^CV(3->14')>   -0.05950
|3S^CV(2->7')>    0.07183
|3S^CV(2->8')>   -0.06348
|3S^CV(2->9')>   -0.28931
|3S^CV(2->10')>    0.05156
|3S^CV(1->7')>   -0.07033
|3S^CV(1->8')>   -0.06026
|3S^CV(1->10')>   -0.28545
|3X^CV(12->10')>    0.09655
|3X^CV(11->9')>    0.11569
|3X^CV(8->10')>   -0.13489
|3X^CV(7->3')>    0.07107
|3X^CV(5->3')>   -0.17565
|3X^CV(5->11')>   -0.09929
|3X^CV(5->13')>   -0.12083
|3X^CV(4->1')>    0.05154
|3X^CV(4->4')>   -0.21345
|3X^CV(4->12')>   -0.16856
|3X^CV(4->14')>   -0.08964
|3X^CV(3->3')>   -0.09856
|3X^CV(3->9')>    0.10015
|3X^CV(3->11')>   -0.05155
|3X^CV(3->13')>   -0.06991
|3X^CV(2->7')>    0.05945
|3X^CV(2->10')>    0.20480
|3X^CV(1->8')>    0.05302
|3X^CV(1->9')>    0.20167
TDMs with Triplet 'Ground' state
TDMX:0.000   TDMY:-0.003   TDMZ:-0.000   Oscillator Strength:0.00000   <S**2>: 2.000
--------------------------------------------------------------------
TDMs with Singlet 'Ground' state
TDMX:0.000   TDMY:0.000   TDMZ:0.000   Oscillator Strength:0.00000   <S**2>: 2.000
--------------------------------------------------------------------


State 100 3.502 eV 
Excitation    CI Coef
|3S^CV(12->10')>   -0.13686
|3S^CV(11->9')>   -0.16420
|3S^CV(8->10')>    0.19118
|3S^CV(7->3')>   -0.10238
|3S^CV(7->9')>   -0.06729
|3S^CV(7->11')>   -0.05219
|3S^CV(7->13')>   -0.06597
|3S^CV(5->2')>    0.06763
|3S^CV(5->3')>    0.24755
|3S^CV(5->9')>    0.05737
|3S^CV(5->11')>    0.13848
|3S^CV(5->13')>    0.17285
|3S^CV(4->1')>   -0.07287
|3S^CV(4->4')>    0.30180
|3S^CV(4->12')>    0.23869
|3S^CV(4->14')>    0.12675
|3S^CV(3->3')>    0.13977
|3S^CV(3->9')>   -0.14216
|3S^CV(3->11')>    0.07917
|3S^CV(3->13')>    0.09510
|3S^CV(2->7')>   -0.07638
|3S^CV(2->8')>   -0.05574
|3S^CV(2->10')>   -0.28465
|3S^CV(1->8')>   -0.08601
|3S^CV(1->9')>   -0.28902
|3S^CV(1->10')>   -0.05109
|3X^CV(12->9')>    0.09673
|3X^CV(11->10')>    0.11617
|3X^CV(8->9')>   -0.13520
|3X^CV(7->4')>   -0.07251
|3X^CV(7->12')>   -0.05347
|3X^CV(5->4')>    0.17537
|3X^CV(5->12')>    0.14028
|3X^CV(5->14')>    0.07459
|3X^CV(4->2')>    0.05745
|3X^CV(4->3')>    0.21302
|3X^CV(4->11')>    0.11859
|3X^CV(4->13')>    0.14691
|3X^CV(3->4')>    0.09900
|3X^CV(3->10')>    0.10147
|3X^CV(3->12')>    0.07762
|3X^CV(2->8')>    0.05089
|3X^CV(2->9')>    0.20109
|3X^CV(1->8')>    0.05158
|3X^CV(1->10')>    0.20450
TDMs with Triplet 'Ground' state
TDMX:0.000   TDMY:-0.000   TDMZ:0.000   Oscillator Strength:0.00000   <S**2>: 2.000
--------------------------------------------------------------------
TDMs with Singlet 'Ground' state
TDMX:0.000   TDMY:0.000   TDMZ:0.000   Oscillator Strength:0.00000   <S**2>: 2.000
--------------------------------------------------------------------


State 101 3.503 eV 
Excitation    CI Coef
|5^CV(12->7')>    0.13397
|5^CV(12->8')>    0.10453
|5^CV(12->10')>   -0.05173
|5^CV(11->7')>   -0.12810
|5^CV(11->8')>    0.15864
|5^CV(11->9')>   -0.06247
|5^CV(8->7')>   -0.18899
|5^CV(8->8')>   -0.14745
|5^CV(8->10')>    0.07283
|5^CV(7->2')>    0.08908
|5^CV(7->3')>   -0.32560
|5^CV(7->8')>    0.05728
|5^CV(7->11')>    0.17629
|5^CV(7->13')>    0.22427
|5^CV(7->17')>    0.05310
|5^CV(6->1')>   -0.09103
|5^CV(6->4')>   -0.37341
|5^CV(6->12')>    0.29108
|5^CV(6->14')>    0.15655
|5^CV(6->16')>    0.06927
|5^CV(5->3')>   -0.17324
|5^CV(5->8')>   -0.05495
|5^CV(5->11')>    0.08882
|5^CV(5->13')>    0.11301
|5^CV(3->3')>    0.06844
|5^CV(3->7')>   -0.11560
|5^CV(3->8')>    0.14315
|5^CV(3->9')>   -0.05734
|5^CV(2->7')>   -0.29646
|5^CV(2->8')>   -0.18370
|5^CV(2->10')>    0.11480
|5^CV(1->7')>    0.18749
|5^CV(1->8')>   -0.29204
|5^CV(1->9')>    0.11511
TDMs with Triplet 'Ground' state
TDMX:0.000   TDMY:0.000   TDMZ:0.000   Oscillator Strength:0.00000   <S**2>: 6.000
--------------------------------------------------------------------
TDMs with Singlet 'Ground' state
TDMX:0.000   TDMY:0.000   TDMZ:0.000   Oscillator Strength:0.00000   <S**2>: 6.000
--------------------------------------------------------------------


State 102 3.503 eV 
Excitation    CI Coef
|5^CV(12->7')>   -0.10452
|5^CV(12->8')>    0.13396
|5^CV(12->9')>   -0.05171
|5^CV(11->7')>    0.15883
|5^CV(11->8')>    0.12824
|5^CV(11->10')>   -0.06166
|5^CV(8->7')>    0.14744
|5^CV(8->8')>   -0.18897
|5^CV(8->9')>    0.07268
|5^CV(7->1')>    0.08058
|5^CV(7->4')>    0.32471
|5^CV(7->7')>    0.05622
|5^CV(7->12')>   -0.25479
|5^CV(7->14')>   -0.13888
|5^CV(7->16')>   -0.06004
|5^CV(6->2')>   -0.10209
|5^CV(6->3')>    0.37392
|5^CV(6->11')>   -0.20097
|5^CV(6->13')>   -0.25553
|5^CV(6->17')>   -0.06130
|5^CV(5->4')>    0.17350
|5^CV(5->7')>   -0.05537
|5^CV(5->12')>   -0.12888
|5^CV(5->14')>   -0.06764
|5^CV(3->4')>   -0.06796
|5^CV(3->7')>    0.14363
|5^CV(3->8')>    0.11596
|5^CV(3->10')>   -0.05564
|5^CV(3->12')>    0.05856
|5^CV(2->7')>    0.24179
|5^CV(2->8')>   -0.24890
|5^CV(2->9')>    0.11584
|5^CV(1->7')>   -0.24575
|5^CV(1->8')>   -0.24666
|5^CV(1->10')>    0.11536
TDMs with Triplet 'Ground' state
TDMX:0.000   TDMY:0.000   TDMZ:0.000   Oscillator Strength:0.00000   <S**2>: 6.000
--------------------------------------------------------------------
TDMs with Singlet 'Ground' state
TDMX:0.000   TDMY:0.000   TDMZ:0.000   Oscillator Strength:0.00000   <S**2>: 6.000
--------------------------------------------------------------------


State 103 3.503 eV 
Excitation    CI Coef
|3S^CV(12->7')>    0.08579
|3S^CV(12->8')>   -0.10766
|3S^CV(11->7')>   -0.12980
|3S^CV(11->8')>   -0.10262
|3S^CV(11->10')>    0.05202
|3S^CV(8->7')>   -0.12124
|3S^CV(8->8')>    0.15216
|3S^CV(8->9')>   -0.06097
|3S^CV(7->1')>   -0.07111
|3S^CV(7->4')>   -0.26540
|3S^CV(7->12')>    0.20658
|3S^CV(7->14')>    0.10887
|3S^CV(6->2')>    0.08282
|3S^CV(6->3')>   -0.30467
|3S^CV(6->11')>    0.16335
|3S^CV(6->13')>    0.20813
|3S^CV(5->4')>   -0.13874
|3S^CV(5->12')>    0.10691
|3S^CV(5->14')>    0.05946
|3S^CV(3->4')>    0.05691
|3S^CV(3->7')>   -0.11628
|3S^CV(3->8')>   -0.09193
|3S^CV(2->7')>   -0.19999
|3S^CV(2->8')>    0.20179
|3S^CV(2->9')>   -0.09134
|3S^CV(1->7')>    0.20231
|3S^CV(1->8')>    0.19905
|3S^CV(1->10')>   -0.09074
|3X^CV(12->7')>    0.07645
|3X^CV(12->8')>    0.06044
|3X^CV(11->7')>   -0.07278
|3X^CV(11->8')>    0.09134
|3X^CV(8->7')>   -0.10790
|3X^CV(8->8')>   -0.08531
|3X^CV(7->3')>   -0.18798
|3X^CV(7->11')>    0.10847
|3X^CV(7->13')>    0.12455
|3X^CV(6->1')>   -0.05238
|3X^CV(6->4')>   -0.21490
|3X^CV(6->12')>    0.16700
|3X^CV(6->14')>    0.09027
|3X^CV(5->3')>   -0.09799
|3X^CV(5->13')>    0.06996
|3X^CV(3->7')>   -0.06543
|3X^CV(3->8')>    0.08211
|3X^CV(2->7')>   -0.17018
|3X^CV(2->8')>   -0.10693
|3X^CV(2->10')>    0.06423
|3X^CV(1->7')>    0.10728
|3X^CV(1->8')>   -0.16945
|3X^CV(1->9')>    0.06450
TDMs with Triplet 'Ground' state
TDMX:0.000   TDMY:-0.011   TDMZ:-0.000   Oscillator Strength:0.00001   <S**2>: 2.000
--------------------------------------------------------------------
TDMs with Singlet 'Ground' state
TDMX:0.000   TDMY:0.000   TDMZ:0.000   Oscillator Strength:0.00000   <S**2>: 2.000
--------------------------------------------------------------------


State 104 3.503 eV 
Excitation    CI Coef
|3S^CV(12->7')>   -0.10851
|3S^CV(12->8')>   -0.08646
|3S^CV(11->7')>    0.10325
|3S^CV(11->8')>   -0.13058
|3S^CV(11->9')>    0.05104
|3S^CV(8->7')>    0.15306
|3S^CV(8->8')>    0.12196
|3S^CV(8->10')>   -0.05949
|3S^CV(7->2')>   -0.07250
|3S^CV(7->3')>    0.26587
|3S^CV(7->11')>   -0.14415
|3S^CV(7->13')>   -0.18307
|3S^CV(6->1')>    0.07437
|3S^CV(6->4')>    0.30490
|3S^CV(6->12')>   -0.23761
|3S^CV(6->14')>   -0.12777
|3S^CV(6->16')>   -0.05656
|3S^CV(5->3')>    0.14141
|3S^CV(5->11')>   -0.07237
|3S^CV(5->13')>   -0.09243
|3S^CV(3->3')>   -0.05590
|3S^CV(3->7')>    0.09316
|3S^CV(3->8')>   -0.11782
|3S^CV(2->7')>    0.24004
|3S^CV(2->8')>    0.15207
|3S^CV(2->10')>   -0.09359
|3S^CV(1->7')>   -0.15103
|3S^CV(1->8')>    0.24051
|3S^CV(1->9')>   -0.09406
|3X^CV(12->7')>   -0.06082
|3X^CV(12->8')>    0.07692
|3X^CV(11->7')>    0.09212
|3X^CV(11->8')>    0.07340
|3X^CV(8->7')>    0.08579
|3X^CV(8->8')>   -0.10850
|3X^CV(7->4')>    0.18767
|3X^CV(7->12')>   -0.14735
|3X^CV(7->14')>   -0.07925
|3X^CV(6->2')>   -0.05878
|3X^CV(6->3')>    0.21598
|3X^CV(6->11')>   -0.11608
|3X^CV(6->13')>   -0.14768
|3X^CV(5->4')>    0.09984
|3X^CV(5->12')>   -0.07433
|3X^CV(3->7')>    0.08316
|3X^CV(3->8')>    0.06626
|3X^CV(2->7')>    0.14083
|3X^CV(2->8')>   -0.14315
|3X^CV(2->9')>    0.06652
|3X^CV(1->7')>   -0.14271
|3X^CV(1->8')>   -0.14145
|3X^CV(1->10')>    0.06615
TDMs with Triplet 'Ground' state
TDMX:0.000   TDMY:-0.000   TDMZ:0.000   Oscillator Strength:0.00000   <S**2>: 2.000
--------------------------------------------------------------------
TDMs with Singlet 'Ground' state
TDMX:0.000   TDMY:0.000   TDMZ:0.000   Oscillator Strength:0.00000   <S**2>: 2.000
--------------------------------------------------------------------


State 105 3.504 eV 
Excitation    CI Coef
|3^CS(14->0)>    0.06699
|3^CS(13->0)>   -0.07350
|3^CS(14->0')>    0.06699
|3^CS(13->0')>    0.07350
|3^SV(0->2')>   -0.05685
|3^SV(0->11')>    0.09997
|3^SV(0->13')>   -0.05929
|3^SV(0->14')>    0.05691
|3^SV(0'->2')>   -0.05685
|3^SV(0'->11')>    0.09997
|3^SV(0'->13')>   -0.05930
|3^SV(0'->14')>   -0.05691
|3S^CV(13->2')>   -0.20295
|3S^CV(13->11')>    0.07784
|3S^CV(12->11')>    0.11761
|3S^CV(11->1')>    0.09964
|3S^CV(10->6')>   -0.09973
|3S^CV(9->5')>   -0.09929
|3S^CV(8->11')>    0.08402
|3S^CV(8->13')>   -0.10175
|3S^CV(7->1')>   -0.06869
|3S^CV(5->1')>    0.06913
|3S^CV(3->1')>   -0.17568
|3S^CV(3->14')>   -0.06875
|3S^CV(2->3')>    0.06862
|3S^CV(1->4')>   -0.06862
|3X^CV(20->2')>   -0.06292
|3X^CV(20->11')>    0.07300
|3X^CV(19->14')>   -0.05775
|3X^CV(18->2')>   -0.05173
|3X^CV(17->1')>   -0.07649
|3X^CV(14->2')>   -0.29113
|3X^CV(14->11')>    0.09301
|3X^CV(13->1')>    0.40802
|3X^CV(13->12')>    0.09737
|3X^CV(12->1')>    0.19736
|3X^CV(12->12')>    0.13741
|3X^CV(12->14')>   -0.13401
|3X^CV(11->2')>    0.29531
|3X^CV(11->11')>   -0.26571
|3X^CV(11->13')>    0.09003
|3X^CV(10->5')>    0.12444
|3X^CV(9->6')>    0.12414
|3X^CV(8->12')>    0.06481
|3X^CV(8->14')>   -0.12470
|3X^CV(7->2')>   -0.07401
|3X^CV(7->11')>    0.07688
|3X^CV(7->13')>   -0.06099
|3X^CV(5->2')>    0.06259
|3X^CV(5->11')>   -0.08372
|3X^CV(3->2')>   -0.16442
|3X^CV(3->11')>    0.21888
|3X^CV(3->13')>   -0.11304
TDMs with Triplet 'Ground' state
TDMX:0.004   TDMY:-0.121   TDMZ:0.000   Oscillator Strength:0.00125   <S**2>: 2.000
--------------------------------------------------------------------
TDMs with Singlet 'Ground' state
TDMX:0.000   TDMY:0.000   TDMZ:0.000   Oscillator Strength:0.00000   <S**2>: 2.000
--------------------------------------------------------------------


State 106 3.548 eV 
Excitation    CI Coef
|3^CS(14->0)>   -0.05207
|3^CS(13->0)>    0.05732
|3^CS(14->0')>    0.05207
|3^CS(13->0')>    0.05732
|3^SV(0->11')>   -0.08066
|3^SV(0'->11')>    0.08066
|3S^CV(20->2')>    0.08065
|3S^CV(20->11')>   -0.07563
|3S^CV(19->1')>   -0.06234
|3S^CV(19->14')>    0.05579
|3S^CV(18->2')>    0.06712
|3S^CV(17->1')>    0.08246
|3S^CV(14->2')>    0.33283
|3S^CV(14->11')>   -0.10051
|3S^CV(13->1')>   -0.46024
|3S^CV(13->12')>   -0.10200
|3S^CV(12->1')>   -0.21070
|3S^CV(12->12')>   -0.15604
|3S^CV(12->14')>    0.15407
|3S^CV(11->2')>   -0.28841
|3S^CV(11->11')>    0.28116
|3S^CV(11->13')>   -0.10022
|3S^CV(10->5')>   -0.12982
|3S^CV(9->6')>   -0.12926
|3S^CV(8->12')>   -0.08372
|3S^CV(8->14')>    0.15673
|3S^CV(7->2')>    0.05811
|3S^CV(7->11')>   -0.10149
|3S^CV(7->13')>    0.06171
|3S^CV(5->2')>   -0.05371
|3S^CV(5->11')>    0.09526
|3S^CV(5->13')>   -0.05592
|3S^CV(3->2')>    0.14005
|3S^CV(3->11')>   -0.25043
|3S^CV(3->13')>    0.14525
|3X^CV(13->2')>    0.14267
|3X^CV(13->11')>   -0.05938
|3X^CV(12->11')>   -0.06932
|3X^CV(10->6')>    0.05982
|3X^CV(9->5')>    0.05951
|3X^CV(8->11')>   -0.06940
|3X^CV(8->13')>    0.06802
|3X^CV(7->1')>    0.05288
|3X^CV(3->1')>    0.12097
|3X^CV(3->14')>    0.05911
TDMs with Triplet 'Ground' state
TDMX:0.000   TDMY:-0.000   TDMZ:0.085   Oscillator Strength:0.00063   <S**2>: 2.000
--------------------------------------------------------------------
TDMs with Singlet 'Ground' state
TDMX:0.000   TDMY:0.000   TDMZ:0.000   Oscillator Strength:0.00000   <S**2>: 2.000
--------------------------------------------------------------------


State 107 3.591 eV 
Excitation    CI Coef
|5^CV(20->2')>   -0.10000
|5^CV(20->11')>    0.07763
|5^CV(19->1')>    0.08669
|5^CV(19->14')>   -0.05143
|5^CV(18->2')>   -0.08222
|5^CV(17->1')>   -0.08607
|5^CV(14->2')>   -0.36661
|5^CV(14->11')>    0.11368
|5^CV(13->1')>    0.50802
|5^CV(13->12')>    0.11061
|5^CV(13->14')>   -0.06461
|5^CV(12->1')>    0.23371
|5^CV(12->12')>    0.17009
|5^CV(12->14')>   -0.17070
|5^CV(11->2')>    0.27506
|5^CV(11->11')>   -0.28634
|5^CV(11->13')>    0.10953
|5^CV(10->5')>    0.12197
|5^CV(9->6')>    0.12113
|5^CV(8->12')>    0.10242
|5^CV(8->14')>   -0.18203
|5^CV(7->11')>    0.11545
|5^CV(7->13')>   -0.07140
|5^CV(5->11')>   -0.10691
|5^CV(5->13')>    0.06510
|5^CV(3->2')>   -0.11711
|5^CV(3->11')>    0.27900
|5^CV(3->13')>   -0.16886
TDMs with Triplet 'Ground' state
TDMX:0.000   TDMY:0.000   TDMZ:0.000   Oscillator Strength:0.00000   <S**2>: 6.000
--------------------------------------------------------------------
TDMs with Singlet 'Ground' state
TDMX:0.000   TDMY:0.000   TDMZ:0.000   Oscillator Strength:0.00000   <S**2>: 6.000
--------------------------------------------------------------------


State 108 3.661 eV 
Excitation    CI Coef
|3^CS(11->0)>   -0.05900
|3^CS(8->0)>    0.07416
|3^CS(11->0')>   -0.05900
|3^CS(8->0')>   -0.07416
|3^SV(0->1')>    0.29451
|3^SV(0->2')>   -0.29668
|3^SV(0->12')>    0.09300
|3^SV(0'->1')>   -0.29450
|3^SV(0'->2')>   -0.29668
|3^SV(0'->12')>   -0.09300
|3T^CV(18->2')>   -0.05261
|3T^CV(17->1')>    0.05990
|3T^CV(12->1')>    0.15738
|3T^CV(11->2')>   -0.14282
|3T^CV(3->2')>    0.05918
|3S^CV(20->1')>   -0.06461
|3S^CV(18->1')>   -0.09317
|3S^CV(17->2')>    0.07082
|3S^CV(14->1')>   -0.23166
|3S^CV(14->12')>   -0.06555
|3S^CV(13->2')>   -0.21577
|3S^CV(13->11')>    0.13572
|3S^CV(12->2')>   -0.11126
|3S^CV(12->11')>    0.09586
|3S^CV(11->1')>    0.10376
|3S^CV(11->12')>    0.05754
|3S^CV(8->2')>   -0.17576
|3S^CV(7->1')>   -0.06719
|3S^CV(5->1')>    0.06033
|3S^CV(3->1')>   -0.15190
|3S^CV(3->12')>   -0.06589
|3S^CV(3->14')>    0.06339
|3X^CV(18->2')>    0.09892
|3X^CV(17->1')>   -0.05282
|3X^CV(14->2')>    0.09746
|3X^CV(13->1')>   -0.16797
|3X^CV(12->1')>   -0.33692
|3X^CV(12->12')>   -0.12846
|3X^CV(12->14')>    0.08815
|3X^CV(11->2')>    0.19229
|3X^CV(10->5')>   -0.06536
|3X^CV(9->6')>   -0.06542
|3X^CV(8->1')>   -0.07346
|3X^CV(8->12')>   -0.06918
|3X^CV(8->14')>    0.05917
|3X^CV(3->2')>   -0.09581
TDMs with Triplet 'Ground' state
TDMX:-0.008   TDMY:0.212   TDMZ:0.000   Oscillator Strength:0.00404   <S**2>: 2.000
--------------------------------------------------------------------
TDMs with Singlet 'Ground' state
TDMX:0.000   TDMY:0.000   TDMZ:0.000   Oscillator Strength:0.00000   <S**2>: 2.000
--------------------------------------------------------------------


State 109 3.726 eV 
Excitation    CI Coef
|3^CS(11->0)>   -0.10431
|3^CS(8->0)>    0.10740
|3^CS(11->0')>    0.10431
|3^CS(8->0')>    0.10740
|3^SV(0->1')>    0.32619
|3^SV(0->2')>   -0.28130
|3^SV(0->12')>    0.10427
|3^SV(0'->1')>    0.32619
|3^SV(0'->2')>    0.28130
|3^SV(0'->12')>    0.10427
|3T^CV(18->1')>    0.08056
|3T^CV(12->2')>   -0.09823
|3T^CV(11->1')>    0.17309
|3T^CV(11->12')>    0.05274
|3S^CV(18->2')>    0.06867
|3S^CV(14->2')>    0.05329
|3S^CV(13->1')>   -0.13485
|3S^CV(12->1')>   -0.26133
|3S^CV(12->12')>   -0.10973
|3S^CV(12->14')>    0.07086
|3S^CV(11->2')>    0.17870
|3S^CV(10->5')>   -0.05157
|3S^CV(9->6')>   -0.05218
|3S^CV(8->1')>   -0.05563
|3S^CV(8->12')>   -0.05493
|3S^CV(8->14')>    0.05313
|3S^CV(3->2')>   -0.11086
|3X^CV(19->2')>   -0.05211
|3X^CV(18->1')>   -0.12216
|3X^CV(17->2')>    0.10274
|3X^CV(14->1')>   -0.24486
|3X^CV(14->12')>   -0.08560
|3X^CV(13->2')>   -0.24792
|3X^CV(13->11')>    0.12960
|3X^CV(12->11')>    0.11921
|3X^CV(11->1')>    0.06090
|3X^CV(8->2')>   -0.14365
|3X^CV(8->11')>    0.06044
|3X^CV(7->1')>   -0.08453
|3X^CV(5->1')>    0.07458
|3X^CV(3->1')>   -0.18423
|3X^CV(3->12')>   -0.05927
TDMs with Triplet 'Ground' state
TDMX:0.000   TDMY:0.000   TDMZ:-0.121   Oscillator Strength:0.00133   <S**2>: 2.000
--------------------------------------------------------------------
TDMs with Singlet 'Ground' state
TDMX:0.000   TDMY:0.000   TDMZ:0.000   Oscillator Strength:0.00000   <S**2>: 2.000
--------------------------------------------------------------------


State 110 3.766 eV 
Excitation    CI Coef
|3^CS(10->0)>   -0.19089
|3^CS(9->0)>   -0.19893
|3^CS(10->0')>   -0.19093
|3^CS(9->0')>    0.19892
|3^SV(0->5')>    0.05994
|3^SV(0->6')>    0.06131
|3^SV(0'->5')>    0.05994
|3^SV(0'->6')>   -0.06133
|3T^CV(14->5')>   -0.05867
|3T^CV(13->6')>    0.05524
|3T^CV(12->6')>   -0.08563
|3T^CV(11->5')>   -0.05853
|3T^CV(10->2')>    0.33555
|3T^CV(10->11')>    0.08578
|3T^CV(10->13')>   -0.18186
|3T^CV(9->1')>    0.42425
|3T^CV(9->14')>    0.17737
|3T^CV(8->6')>   -0.16334
|3T^CV(7->5')>    0.06624
|3T^CV(5->5')>   -0.05933
|3T^CV(3->5')>    0.15205
|3S^CV(20->6')>   -0.05307
|3S^CV(19->5')>    0.05326
|3S^CV(12->5')>   -0.07617
|3S^CV(11->6')>   -0.07226
|3S^CV(10->1')>   -0.21519
|3S^CV(10->18')>   -0.05034
|3S^CV(10->20')>   -0.05339
|3S^CV(9->2')>   -0.16965
|3S^CV(9->11')>   -0.06122
|3S^CV(9->15')>   -0.05734
|3S^CV(9->21')>   -0.05253
|3S^CV(8->5')>   -0.06467
|3S^CV(3->6')>    0.07340
|3X^CV(20->5')>   -0.07414
|3X^CV(19->6')>    0.07628
|3X^CV(12->6')>   -0.10892
|3X^CV(11->5')>   -0.10072
|3X^CV(10->2')>   -0.24257
|3X^CV(10->11')>   -0.08666
|3X^CV(10->15')>   -0.08075
|3X^CV(10->21')>   -0.07376
|3X^CV(9->1')>   -0.30232
|3X^CV(9->12')>    0.05741
|3X^CV(9->18')>   -0.07119
|3X^CV(9->20')>   -0.07635
|3X^CV(8->6')>   -0.09292
|3X^CV(3->5')>    0.10401
TDMs with Triplet 'Ground' state
TDMX:-0.699   TDMY:-0.479   TDMZ:-0.000   Oscillator Strength:0.06627   <S**2>: 2.000
--------------------------------------------------------------------
TDMs with Singlet 'Ground' state
TDMX:0.000   TDMY:0.000   TDMZ:0.000   Oscillator Strength:0.00000   <S**2>: 2.000
--------------------------------------------------------------------


State 111 3.768 eV 
Excitation    CI Coef
|3^CS(10->0)>   -0.20004
|3^CS(9->0)>   -0.19154
|3^CS(10->0')>    0.20006
|3^CS(9->0')>   -0.19150
|3^SV(0->5')>    0.06050
|3^SV(0->6')>    0.06146
|3^SV(0'->5')>   -0.06048
|3^SV(0'->6')>    0.06146
|3T^CV(14->6')>   -0.06084
|3T^CV(13->5')>    0.05519
|3T^CV(12->5')>   -0.08620
|3T^CV(11->6')>   -0.05801
|3T^CV(10->1')>    0.42223
|3T^CV(10->14')>    0.17637
|3T^CV(9->2')>    0.33429
|3T^CV(9->11')>    0.08631
|3T^CV(9->13')>   -0.18121
|3T^CV(8->5')>   -0.16471
|3T^CV(7->6')>    0.06738
|3T^CV(5->6')>   -0.06075
|3T^CV(3->6')>    0.15492
|3S^CV(20->5')>   -0.05268
|3S^CV(19->6')>    0.05412
|3S^CV(12->6')>   -0.07746
|3S^CV(11->5')>   -0.07172
|3S^CV(10->2')>   -0.16961
|3S^CV(10->11')>   -0.06172
|3S^CV(10->15')>   -0.05752
|3S^CV(10->21')>   -0.05269
|3S^CV(9->1')>   -0.21551
|3S^CV(9->18')>   -0.05053
|3S^CV(9->20')>   -0.05362
|3S^CV(8->6')>   -0.06606
|3S^CV(3->5')>    0.07403
|3X^CV(20->6')>   -0.07531
|3X^CV(19->5')>    0.07580
|3X^CV(12->5')>   -0.10781
|3X^CV(11->6')>   -0.10260
|3X^CV(10->1')>   -0.30198
|3X^CV(10->12')>    0.05695
|3X^CV(10->18')>   -0.07127
|3X^CV(10->20')>   -0.07673
|3X^CV(9->2')>   -0.24275
|3X^CV(9->11')>   -0.08575
|3X^CV(9->15')>   -0.08121
|3X^CV(9->21')>   -0.07394
|3X^CV(8->5')>   -0.09182
|3X^CV(3->6')>    0.10425
TDMs with Triplet 'Ground' state
TDMX:-0.000   TDMY:-0.000   TDMZ:0.743   Oscillator Strength:0.05091   <S**2>: 2.000
--------------------------------------------------------------------
TDMs with Singlet 'Ground' state
TDMX:0.000   TDMY:0.000   TDMZ:0.000   Oscillator Strength:0.00000   <S**2>: 2.000
--------------------------------------------------------------------


State 112 3.782 eV 
Excitation    CI Coef
|1^CS(10->0)>   -0.17381
|1^CS(9->0)>   -0.20875
|1^CS(10->0')>    0.17386
|1^CS(9->0')>   -0.20875
|1^SV(0->5')>   -0.06048
|1^SV(0->6')>   -0.06507
|1^SV(0'->5')>   -0.06048
|1^SV(0'->6')>    0.06509
|1S^CV(14->5')>    0.06220
|1S^CV(13->6')>   -0.05835
|1S^CV(12->6')>    0.09026
|1S^CV(11->5')>    0.06221
|1S^CV(10->2')>   -0.35116
|1S^CV(10->11')>   -0.09239
|1S^CV(10->13')>    0.18346
|1S^CV(9->1')>   -0.45192
|1S^CV(9->14')>   -0.18350
|1S^CV(8->6')>    0.17297
|1S^CV(7->5')>   -0.07017
|1S^CV(5->5')>    0.06283
|1S^CV(3->5')>   -0.16102
|1T^CV(20->6')>   -0.08749
|1T^CV(19->5')>    0.08679
|1T^CV(12->5')>   -0.13150
|1T^CV(11->6')>   -0.12439
|1T^CV(10->1')>   -0.34817
|1T^CV(10->12')>    0.06195
|1T^CV(10->18')>   -0.08116
|1T^CV(10->20')>   -0.08587
|1T^CV(9->2')>   -0.26562
|1T^CV(9->11')>   -0.10062
|1T^CV(9->15')>   -0.09381
|1T^CV(9->21')>   -0.08647
|1T^CV(8->5')>   -0.11267
|1T^CV(3->6')>    0.12690
TDMs with Triplet 'Ground' state
TDMX:0.000   TDMY:0.000   TDMZ:0.000   Oscillator Strength:0.00000   <S**2>: 0.000
--------------------------------------------------------------------
TDMs with Singlet 'Ground' state
TDMX:0.728   TDMY:0.497   TDMZ:0.000   Oscillator Strength:0.07197   <S**2>: 0.000
--------------------------------------------------------------------


State 113 3.784 eV 
Excitation    CI Coef
|1^ZW+>    0.08931
|1^CS(10->0)>   -0.20202
|1^CS(9->0)>   -0.16910
|1^CS(10->0')>   -0.20202
|1^CS(9->0')>    0.16905
|1^SV(0->1')>   -0.06745
|1^SV(0->2')>    0.07877
|1^SV(0->5')>   -0.06368
|1^SV(0->6')>   -0.05992
|1^SV(0'->1')>   -0.06745
|1^SV(0'->2')>   -0.07877
|1^SV(0'->5')>    0.06367
|1^SV(0'->6')>   -0.05992
|1S^CV(14->6')>    0.06157
|1S^CV(13->5')>   -0.05556
|1S^CV(12->5')>    0.08615
|1S^CV(11->6')>    0.05867
|1S^CV(10->1')>   -0.43233
|1S^CV(10->14')>   -0.17548
|1S^CV(9->2')>   -0.33640
|1S^CV(9->11')>   -0.08917
|1S^CV(9->13')>    0.17619
|1S^CV(8->5')>    0.16695
|1S^CV(7->6')>   -0.06825
|1S^CV(5->6')>    0.06128
|1S^CV(3->6')>   -0.15670
|1T^CV(20->5')>   -0.08301
|1T^CV(19->6')>    0.08409
|1T^CV(13->1')>   -0.05110
|1T^CV(12->1')>   -0.10808
|1T^CV(12->6')>   -0.12727
|1T^CV(11->2')>    0.07061
|1T^CV(11->5')>   -0.11603
|1T^CV(11->11')>   -0.05050
|1T^CV(10->2')>   -0.25102
|1T^CV(10->11')>   -0.09991
|1T^CV(10->15')>   -0.09057
|1T^CV(10->21')>   -0.08280
|1T^CV(9->1')>   -0.33445
|1T^CV(9->12')>    0.05995
|1T^CV(9->18')>   -0.07743
|1T^CV(9->20')>   -0.08262
|1T^CV(8->1')>   -0.05956
|1T^CV(8->6')>   -0.11009
|1T^CV(3->2')>   -0.05043
|1T^CV(3->5')>    0.11980
TDMs with Triplet 'Ground' state
TDMX:0.000   TDMY:0.000   TDMZ:0.000   Oscillator Strength:0.00000   <S**2>: 0.000
--------------------------------------------------------------------
TDMs with Singlet 'Ground' state
TDMX:0.000   TDMY:0.000   TDMZ:-0.701   Oscillator Strength:0.04552   <S**2>: 0.000
--------------------------------------------------------------------


State 114 3.791 eV 
Excitation    CI Coef
|1^ZW+>   -0.29653
|1^CS(17->0)>    0.05882
|1^CS(13->0)>   -0.09018
|1^CS(10->0)>   -0.05724
|1^CS(8->0)>   -0.07666
|1^CS(17->0')>   -0.05882
|1^CS(13->0')>    0.09018
|1^CS(10->0')>   -0.05725
|1^CS(8->0')>    0.07666
|1^SV(0->1')>    0.22988
|1^SV(0->2')>   -0.27792
|1^SV(0->11')>    0.05423
|1^SV(0->13')>   -0.11833
|1^SV(0->14')>   -0.16032
|1^SV(0'->1')>    0.22989
|1^SV(0'->2')>    0.27793
|1^SV(0'->11')>   -0.05423
|1^SV(0'->13')>    0.11833
|1^SV(0'->14')>   -0.16032
|1S^CV(12->2')>   -0.08441
|1S^CV(11->1')>    0.08330
|1S^CV(10->1')>   -0.12746
|1S^CV(10->14')>   -0.05090
|1S^CV(9->2')>   -0.09900
|1S^CV(8->5')>    0.05080
|1T^CV(18->2')>   -0.09081
|1T^CV(17->1')>    0.05333
|1T^CV(13->1')>    0.17054
|1T^CV(13->12')>    0.06158
|1T^CV(12->1')>    0.38171
|1T^CV(12->12')>    0.09614
|1T^CV(12->14')>   -0.14403
|1T^CV(11->2')>   -0.25077
|1T^CV(11->11')>    0.11214
|1T^CV(11->13')>   -0.10150
|1T^CV(10->2')>   -0.08586
|1T^CV(9->1')>   -0.09954
|1T^CV(8->1')>    0.17251
|1T^CV(8->12')>    0.07792
|1T^CV(3->2')>    0.12010
|1T^CV(3->11')>   -0.07403
TDMs with Triplet 'Ground' state
TDMX:0.000   TDMY:0.000   TDMZ:0.000   Oscillator Strength:0.00000   <S**2>: 0.000
--------------------------------------------------------------------
TDMs with Singlet 'Ground' state
TDMX:0.000   TDMY:-0.000   TDMZ:-0.295   Oscillator Strength:0.00808   <S**2>: 0.000
--------------------------------------------------------------------


State 115 3.891 eV 
Excitation    CI Coef
|3^CS(18->0)>    0.23032
|3^CS(17->0)>    0.22607
|3^CS(12->0)>    0.19705
|3^CS(11->0)>    0.19249
|3^CS(8->0)>   -0.06892
|3^CS(3->0)>    0.05155
|3^CS(18->0')>   -0.23032
|3^CS(17->0')>    0.22607
|3^CS(12->0')>    0.19705
|3^CS(11->0')>   -0.19249
|3^CS(8->0')>   -0.06892
|3^CS(3->0')>   -0.05155
|3^SV(0->1')>   -0.09710
|3^SV(0->2')>   -0.21736
|3^SV(0->11')>    0.14764
|3^SV(0->12')>   -0.10209
|3^SV(0'->1')>   -0.09710
|3^SV(0'->2')>    0.21736
|3^SV(0'->11')>   -0.14764
|3^SV(0'->12')>   -0.10209
|3T^CV(18->1')>   -0.07213
|3T^CV(18->14')>   -0.05629
|3T^CV(17->2')>   -0.08837
|3T^CV(17->13')>    0.06850
|3T^CV(12->2')>   -0.14478
|3T^CV(12->11')>    0.05999
|3T^CV(12->13')>    0.07461
|3T^CV(11->1')>   -0.13385
|3T^CV(11->12')>   -0.07236
|3T^CV(11->14')>   -0.05614
|3T^CV(8->13')>   -0.05709
|3S^CV(18->13')>    0.05613
|3S^CV(17->14')>   -0.05410
|3S^CV(13->1')>   -0.13326
|3S^CV(13->12')>   -0.07792
|3S^CV(12->1')>   -0.13097
|3S^CV(11->11')>   -0.08572
|3S^CV(8->1')>   -0.07521
|3S^CV(8->12')>   -0.06070
|3S^CV(2->4')>    0.11372
|3S^CV(1->3')>   -0.11375
|3X^CV(18->14')>   -0.07339
|3X^CV(17->2')>    0.05530
|3X^CV(17->13')>    0.08678
|3X^CV(16->4')>   -0.06193
|3X^CV(15->3')>   -0.06193
|3X^CV(14->12')>    0.05903
|3X^CV(13->2')>   -0.07710
|3X^CV(13->11')>    0.10581
|3X^CV(12->11')>   -0.09160
|3X^CV(12->19')>    0.05377
|3X^CV(11->12')>    0.09906
|3X^CV(11->20')>    0.05789
|3X^CV(10->6')>    0.07330
|3X^CV(9->5')>    0.07262
|3X^CV(8->2')>   -0.05171
|3X^CV(8->13')>    0.07454
|3X^CV(3->14')>    0.07057
|3X^CV(2->3')>   -0.16352
|3X^CV(1->4')>    0.16352
|3^CSD(18,12)>    0.05598
|3^CSD(17,11)>   -0.05486
|3^CSD(12,11)>   -0.06066
TDMs with Triplet 'Ground' state
TDMX:-0.000   TDMY:-0.000   TDMZ:0.121   Oscillator Strength:0.00139   <S**2>: 2.000
--------------------------------------------------------------------
TDMs with Singlet 'Ground' state
TDMX:0.000   TDMY:0.000   TDMZ:0.000   Oscillator Strength:0.00000   <S**2>: 2.000
--------------------------------------------------------------------


State 116 3.917 eV 
Excitation    CI Coef
|1^ZW->    0.20664
|1^CS(19->0)>   -0.06602
|1^CS(18->0)>    0.09231
|1^CS(17->0)>    0.05980
|1^CS(14->0)>   -0.06345
|1^CS(13->0)>    0.06135
|1^CS(11->0)>    0.16578
|1^CS(8->0)>   -0.08799
|1^CS(3->0)>    0.05955
|1^CS(19->0')>   -0.06603
|1^CS(18->0')>   -0.09231
|1^CS(17->0')>    0.05981
|1^CS(14->0')>    0.06345
|1^CS(13->0')>    0.06136
|1^CS(11->0')>   -0.16578
|1^CS(8->0')>   -0.08799
|1^CS(3->0')>   -0.05955
|1^SV(0->1')>    0.31904
|1^SV(0->2')>   -0.14654
|1^SV(0->12')>    0.09234
|1^SV(0->13')>   -0.12600
|1^SV(0->14')>   -0.09960
|1^SV(0'->1')>   -0.31905
|1^SV(0'->2')>   -0.14653
|1^SV(0'->12')>   -0.09234
|1^SV(0'->13')>   -0.12600
|1^SV(0'->14')>    0.09959
|1S^CV(17->1')>    0.08387
|1S^CV(13->1')>    0.06557
|1S^CV(12->1')>    0.29026
|1S^CV(12->12')>    0.08560
|1S^CV(11->2')>   -0.11184
|1S^CV(11->11')>    0.05504
|1S^CV(11->13')>   -0.10907
|1S^CV(8->14')>   -0.07329
|1S^CV(7->2')>    0.06568
|1S^CV(5->2')>   -0.05453
|1S^CV(3->2')>    0.12715
|1S^CV(3->11')>   -0.06479
|1T^CV(20->14')>   -0.07879
|1T^CV(19->2')>    0.11957
|1T^CV(19->13')>   -0.05116
|1T^CV(18->1')>    0.12189
|1T^CV(18->14')>   -0.07023
|1T^CV(17->2')>   -0.08355
|1T^CV(14->1')>    0.17624
|1T^CV(14->12')>    0.09158
|1T^CV(13->2')>    0.18761
|1T^CV(13->11')>   -0.08165
|1T^CV(13->13')>    0.09538
|1T^CV(12->2')>   -0.07479
|1T^CV(12->11')>   -0.14447
|1T^CV(11->14')>   -0.09998
|1T^CV(10->6')>    0.09778
|1T^CV(9->5')>    0.09788
|1T^CV(8->11')>   -0.08111
|1T^CV(8->13')>    0.07038
|1T^CV(7->1')>    0.11039
|1T^CV(5->1')>   -0.08806
|1T^CV(3->1')>    0.19980
|1T^CV(3->14')>    0.05378
|1T^CV(2->3')>   -0.07147
|1T^CV(1->4')>    0.07280
TDMs with Triplet 'Ground' state
TDMX:0.000   TDMY:0.000   TDMZ:0.000   Oscillator Strength:0.00000   <S**2>: 0.000
--------------------------------------------------------------------
TDMs with Singlet 'Ground' state
TDMX:0.007   TDMY:-0.111   TDMZ:0.000   Oscillator Strength:0.00119   <S**2>: 0.000
--------------------------------------------------------------------


State 117 3.920 eV 
Excitation    CI Coef
|3^CS(20->0)>   -0.06892
|3^CS(19->0)>    0.07880
|3^CS(18->0)>   -0.12158
|3^CS(17->0)>   -0.13854
|3^CS(14->0)>    0.09485
|3^CS(13->0)>   -0.07545
|3^CS(12->0)>   -0.11741
|3^CS(11->0)>   -0.14707
|3^CS(8->0)>    0.11028
|3^CS(3->0)>   -0.08221
|3^CS(20->0')>   -0.06892
|3^CS(19->0')>   -0.07880
|3^CS(18->0')>   -0.12158
|3^CS(17->0')>    0.13853
|3^CS(14->0')>    0.09486
|3^CS(13->0')>    0.07545
|3^CS(12->0')>    0.11740
|3^CS(11->0')>   -0.14707
|3^CS(8->0')>   -0.11028
|3^CS(3->0')>   -0.08221
|3^SV(0->1')>    0.17820
|3^SV(0->2')>    0.18103
|3^SV(0->11')>   -0.18914
|3^SV(0->12')>    0.12725
|3^SV(0'->1')>   -0.17820
|3^SV(0'->2')>    0.18102
|3^SV(0'->11')>   -0.18914
|3^SV(0'->12')>   -0.12725
|3T^CV(18->2')>    0.06659
|3T^CV(17->1')>    0.08463
|3T^CV(13->1')>   -0.05090
|3T^CV(12->1')>    0.11572
|3T^CV(12->12')>    0.05410
|3T^CV(11->2')>    0.17261
|3T^CV(11->11')>   -0.08246
|3T^CV(11->13')>   -0.05606
|3T^CV(8->1')>   -0.07375
|3T^CV(8->14')>   -0.06827
|3T^CV(3->13')>   -0.07347
|3S^CV(20->1')>    0.05927
|3S^CV(19->2')>   -0.05543
|3S^CV(14->12')>   -0.05008
|3S^CV(13->11')>   -0.05895
|3S^CV(12->11')>    0.10509
|3S^CV(11->12')>   -0.07787
|3S^CV(11->14')>    0.06336
|3S^CV(10->6')>   -0.08176
|3S^CV(9->5')>   -0.08106
|3S^CV(8->2')>    0.11630
|3S^CV(8->13')>   -0.05325
|3S^CV(3->1')>   -0.07419
|3S^CV(3->14')>   -0.07741
|3S^CV(2->3')>    0.06737
|3S^CV(1->4')>   -0.06740
|3X^CV(20->2')>    0.08204
|3X^CV(20->13')>   -0.05753
|3X^CV(19->1')>   -0.09665
|3X^CV(19->14')>   -0.07478
|3X^CV(18->13')>   -0.05494
|3X^CV(17->14')>    0.06325
|3X^CV(14->13')>    0.06103
|3X^CV(13->1')>    0.10159
|3X^CV(13->12')>    0.09139
|3X^CV(12->1')>    0.11712
|3X^CV(12->12')>   -0.07157
|3X^CV(12->14')>    0.05208
|3X^CV(11->11')>    0.18366
|3X^CV(11->13')>   -0.07052
|3X^CV(10->5')>   -0.11351
|3X^CV(9->6')>   -0.11363
|3X^CV(8->1')>    0.20675
|3X^CV(8->14')>    0.05710
|3X^CV(7->11')>   -0.05334
|3X^CV(3->2')>   -0.06802
|3X^CV(3->11')>   -0.09129
|3X^CV(3->13')>    0.09683
|3X^CV(2->4')>   -0.09313
|3X^CV(1->3')>    0.09309
TDMs with Triplet 'Ground' state
TDMX:0.015   TDMY:-0.460   TDMZ:0.000   Oscillator Strength:0.02030   <S**2>: 2.000
--------------------------------------------------------------------
TDMs with Singlet 'Ground' state
TDMX:0.000   TDMY:0.000   TDMZ:0.000   Oscillator Strength:0.00000   <S**2>: 2.000
--------------------------------------------------------------------


State 118 3.937 eV 
Excitation    CI Coef
|1^ZW+>   -0.05866
|1^CS(20->0)>    0.06074
|1^CS(19->0)>   -0.06758
|1^CS(18->0)>    0.10613
|1^CS(17->0)>    0.13475
|1^CS(14->0)>   -0.08536
|1^CS(13->0)>    0.05447
|1^CS(12->0)>    0.13133
|1^CS(11->0)>    0.14216
|1^CS(8->0)>   -0.12551
|1^CS(3->0)>    0.09035
|1^CS(20->0')>    0.06074
|1^CS(19->0')>    0.06757
|1^CS(18->0')>    0.10613
|1^CS(17->0')>   -0.13475
|1^CS(14->0')>   -0.08536
|1^CS(13->0')>   -0.05447
|1^CS(12->0')>   -0.13133
|1^CS(11->0')>    0.14215
|1^CS(8->0')>    0.12550
|1^CS(3->0')>    0.09035
|1^SV(0->1')>    0.21184
|1^SV(0->2')>    0.14004
|1^SV(0->11')>   -0.17999
|1^SV(0->12')>    0.13484
|1^SV(0'->1')>    0.21183
|1^SV(0'->2')>   -0.14005
|1^SV(0'->11')>    0.17999
|1^SV(0'->12')>    0.13484
|1S^CV(18->1')>    0.08317
|1S^CV(17->2')>    0.06326
|1S^CV(17->13')>   -0.05147
|1S^CV(12->2')>    0.10560
|1S^CV(12->11')>   -0.06666
|1S^CV(12->13')>   -0.05610
|1S^CV(11->1')>    0.17622
|1S^CV(11->12')>    0.07886
|1S^CV(8->2')>   -0.06252
|1S^CV(8->13')>    0.08662
|1S^CV(5->4')>    0.05927
|1S^CV(4->3')>    0.05258
|1S^CV(3->14')>    0.08174
|1S^CV(2->9')>   -0.07066
|1S^CV(1->10')>   -0.07063
|1T^CV(20->2')>   -0.08492
|1T^CV(20->13')>    0.06592
|1T^CV(19->1')>    0.10876
|1T^CV(19->14')>    0.08091
|1T^CV(17->1')>    0.05248
|1T^CV(17->14')>   -0.07751
|1T^CV(14->11')>   -0.06807
|1T^CV(14->13')>   -0.06376
|1T^CV(13->1')>   -0.08164
|1T^CV(13->12')>   -0.09598
|1T^CV(12->1')>   -0.06956
|1T^CV(12->12')>    0.10199
|1T^CV(12->14')>   -0.09524
|1T^CV(11->11')>   -0.19138
|1T^CV(11->13')>    0.06181
|1T^CV(10->5')>    0.13690
|1T^CV(9->6')>    0.13699
|1T^CV(8->1')>   -0.21982
|1T^CV(8->14')>   -0.07315
|1T^CV(8->20')>   -0.05506
|1T^CV(7->2')>    0.08895
|1T^CV(7->11')>    0.07665
|1T^CV(6->4')>   -0.05394
|1T^CV(5->2')>   -0.06588
|1T^CV(5->3')>   -0.08816
|1T^CV(5->11')>   -0.05720
|1T^CV(4->4')>   -0.07691
|1T^CV(3->2')>    0.11135
|1T^CV(3->11')>    0.08389
|1T^CV(3->13')>   -0.11814
|1T^CV(2->4')>    0.10848
|1T^CV(2->10')>    0.06595
|1T^CV(1->3')>   -0.10810
|1T^CV(1->9')>    0.06615
TDMs with Triplet 'Ground' state
TDMX:0.000   TDMY:0.000   TDMZ:0.000   Oscillator Strength:0.00000   <S**2>: 0.000
--------------------------------------------------------------------
TDMs with Singlet 'Ground' state
TDMX:0.000   TDMY:0.000   TDMZ:-0.090   Oscillator Strength:0.00077   <S**2>: 0.000
--------------------------------------------------------------------


State 119 3.950 eV 
Excitation    CI Coef
|3^CS(16->0)>   -0.06304
|3^CS(15->0)>    0.07352
|3^CS(5->0)>    0.06423
|3^CS(4->0)>   -0.07013
|3^CS(16->0')>    0.07386
|3^CS(15->0')>    0.06278
|3^CS(5->0')>   -0.06429
|3^CS(4->0')>   -0.07020
|3^SV(0->9')>    0.08465
|3^SV(0->10')>    0.08439
|3^SV(0'->9')>   -0.08460
|3^SV(0'->10')>    0.08460
|3T^CV(12->9')>    0.11934
|3T^CV(11->10')>    0.14075
|3T^CV(8->9')>   -0.14965
|3T^CV(7->4')>    0.11895
|3T^CV(7->10')>    0.05087
|3T^CV(6->3')>    0.07089
|3T^CV(5->4')>   -0.14852
|3T^CV(5->12')>   -0.16795
|3T^CV(5->14')>   -0.09792
|3T^CV(4->3')>   -0.21134
|3T^CV(4->11')>   -0.12224
|3T^CV(4->13')>   -0.16767
|3T^CV(3->4')>   -0.11650
|3T^CV(3->10')>    0.10826
|3T^CV(3->12')>   -0.07499
|3T^CV(2->7')>   -0.08277
|3T^CV(2->8')>    0.08377
|3T^CV(2->9')>    0.18342
|3T^CV(1->7')>    0.08360
|3T^CV(1->8')>    0.08250
|3T^CV(1->10')>    0.18368
|3S^CV(18->9')>   -0.05139
|3S^CV(17->10')>   -0.05201
|3S^CV(8->10')>   -0.06576
|3S^CV(7->3')>    0.10097
|3S^CV(6->4')>    0.05364
|3S^CV(5->2')>   -0.06630
|3S^CV(5->3')>   -0.12244
|3S^CV(5->11')>   -0.08935
|3S^CV(5->13')>   -0.08049
|3S^CV(5->19')>    0.05118
|3S^CV(4->1')>    0.06930
|3S^CV(4->4')>   -0.16133
|3S^CV(4->12')>   -0.11739
|3S^CV(3->3')>   -0.06650
|3S^CV(3->9')>    0.05200
|3S^CV(2->10')>    0.09105
|3S^CV(1->9')>    0.09134
|3X^CV(18->4')>    0.05144
|3X^CV(18->10')>   -0.07259
|3X^CV(17->3')>   -0.05205
|3X^CV(17->9')>   -0.07367
|3X^CV(16->10')>   -0.06551
|3X^CV(15->9')>    0.06592
|3X^CV(15->13')>    0.05417
|3X^CV(12->9')>    0.05766
|3X^CV(11->10')>    0.06943
|3X^CV(8->9')>   -0.09333
|3X^CV(7->4')>   -0.14290
|3X^CV(6->3')>   -0.07594
|3X^CV(5->1')>   -0.10070
|3X^CV(5->4')>    0.17364
|3X^CV(5->12')>    0.16075
|3X^CV(5->14')>    0.06055
|3X^CV(5->18')>   -0.06413
|3X^CV(5->20')>    0.06279
|3X^CV(4->2')>    0.09441
|3X^CV(4->3')>    0.22772
|3X^CV(4->11')>    0.12598
|3X^CV(4->13')>    0.12416
|3X^CV(4->17')>   -0.07708
|3X^CV(4->19')>   -0.07675
|3X^CV(3->4')>    0.09409
|3X^CV(3->10')>    0.07387
|3X^CV(3->12')>    0.05139
|3X^CV(2->7')>   -0.05826
|3X^CV(2->8')>    0.05897
|3X^CV(2->9')>    0.12903
|3X^CV(1->7')>    0.05880
|3X^CV(1->8')>    0.05804
|3X^CV(1->10')>    0.12882
TDMs with Triplet 'Ground' state
TDMX:0.000   TDMY:0.000   TDMZ:0.048   Oscillator Strength:0.00023   <S**2>: 2.000
--------------------------------------------------------------------
TDMs with Singlet 'Ground' state
TDMX:0.000   TDMY:0.000   TDMZ:0.000   Oscillator Strength:0.00000   <S**2>: 2.000
--------------------------------------------------------------------


State 120 3.950 eV 
Excitation    CI Coef
|1^ZW->    0.07997
|1^CS(18->0)>   -0.10925
|1^CS(17->0)>   -0.12885
|1^CS(12->0)>   -0.11650
|1^CS(11->0)>   -0.10049
|1^CS(8->0)>    0.09404
|1^CS(3->0)>   -0.06384
|1^CS(18->0')>    0.10925
|1^CS(17->0')>   -0.12885
|1^CS(12->0')>   -0.11650
|1^CS(11->0')>    0.10048
|1^CS(8->0')>    0.09404
|1^CS(3->0')>    0.06384
|1^SV(0->2')>   -0.24616
|1^SV(0->11')>    0.20663
|1^SV(0->12')>   -0.11930
|1^SV(0->13')>   -0.05099
|1^SV(0'->2')>   -0.24615
|1^SV(0'->11')>    0.20663
|1^SV(0'->12')>    0.11930
|1^SV(0'->13')>   -0.05099
|1S^CV(18->2')>   -0.06796
|1S^CV(17->1')>   -0.05133
|1S^CV(13->1')>    0.13478
|1S^CV(13->12')>    0.06368
|1S^CV(12->1')>    0.06872
|1S^CV(12->10')>    0.05014
|1S^CV(12->14')>   -0.06562
|1S^CV(11->2')>   -0.26641
|1S^CV(11->9')>    0.06149
|1S^CV(11->11')>    0.14377
|1S^CV(8->1')>    0.13200
|1S^CV(8->10')>   -0.06365
|1S^CV(7->11')>   -0.07018
|1S^CV(5->3')>    0.09592
|1S^CV(5->11')>    0.07411
|1S^CV(4->4')>    0.10422
|1S^CV(4->12')>    0.09203
|1S^CV(4->14')>    0.05092
|1S^CV(3->2')>    0.13443
|1S^CV(3->13')>    0.09827
|1S^CV(2->10')>    0.11517
|1S^CV(1->9')>    0.11535
|1T^CV(17->2')>   -0.09113
|1T^CV(17->11')>    0.06497
|1T^CV(17->13')>   -0.07989
|1T^CV(14->1')>    0.07596
|1T^CV(14->12')>   -0.05277
|1T^CV(13->2')>    0.15066
|1T^CV(13->11')>   -0.17852
|1T^CV(13->13')>    0.05518
|1T^CV(12->11')>    0.08917
|1T^CV(11->12')>   -0.10557
|1T^CV(10->6')>   -0.08246
|1T^CV(9->5')>   -0.08050
|1T^CV(8->2')>    0.10766
|1T^CV(7->12')>    0.06216
|1T^CV(5->4')>   -0.13470
|1T^CV(5->12')>   -0.07731
|1T^CV(4->2')>   -0.05296
|1T^CV(4->3')>   -0.13884
|1T^CV(4->11')>   -0.06566
|1T^CV(4->13')>   -0.07083
|1T^CV(3->14')>   -0.08852
|1T^CV(2->3')>    0.09394
|1T^CV(2->9')>   -0.10266
|1T^CV(1->4')>   -0.09337
|1T^CV(1->10')>   -0.10269
TDMs with Triplet 'Ground' state
TDMX:0.000   TDMY:0.000   TDMZ:0.000   Oscillator Strength:0.00000   <S**2>: 0.000
--------------------------------------------------------------------
TDMs with Singlet 'Ground' state
TDMX:-0.029   TDMY:0.184   TDMZ:-0.000   Oscillator Strength:0.00335   <S**2>: 0.000
--------------------------------------------------------------------


State 121 3.950 eV 
Excitation    CI Coef
|3^CS(16->0)>    0.06531
|3^CS(15->0)>   -0.07685
|3^CS(5->0)>   -0.06865
|3^CS(4->0)>    0.06745
|3^CS(16->0')>    0.07648
|3^CS(15->0')>    0.06559
|3^CS(5->0')>   -0.06858
|3^CS(4->0')>   -0.06739
|3^SV(0->9')>   -0.08340
|3^SV(0->10')>   -0.08337
|3^SV(0'->9')>   -0.08320
|3^SV(0'->10')>    0.08342
|3T^CV(12->10')>   -0.11812
|3T^CV(11->9')>   -0.13928
|3T^CV(8->10')>    0.14791
|3T^CV(7->3')>    0.15035
|3T^CV(7->9')>   -0.05080
|3T^CV(6->4')>    0.11147
|3T^CV(6->12')>   -0.07139
|3T^CV(5->3')>   -0.11734
|3T^CV(5->11')>   -0.11642
|3T^CV(5->13')>   -0.16247
|3T^CV(4->4')>   -0.19488
|3T^CV(4->12')>   -0.17019
|3T^CV(4->14')>   -0.10018
|3T^CV(3->3')>   -0.11774
|3T^CV(3->9')>   -0.10862
|3T^CV(3->13')>   -0.05269
|3T^CV(2->7')>   -0.12807
|3T^CV(2->8')>   -0.08082
|3T^CV(2->10')>   -0.15646
|3T^CV(1->7')>    0.08089
|3T^CV(1->8')>   -0.12832
|3T^CV(1->9')>   -0.15646
|3S^CV(18->10')>    0.05080
|3S^CV(17->9')>    0.05153
|3S^CV(8->9')>    0.06493
|3S^CV(7->4')>    0.12522
|3S^CV(6->3')>    0.08479
|3S^CV(5->1')>    0.06603
|3S^CV(5->4')>   -0.09908
|3S^CV(5->12')>   -0.11304
|3S^CV(4->2')>   -0.06335
|3S^CV(4->3')>   -0.14758
|3S^CV(4->11')>   -0.08403
|3S^CV(4->13')>   -0.08201
|3S^CV(4->19')>    0.05115
|3S^CV(3->4')>   -0.06644
|3S^CV(3->10')>   -0.05138
|3S^CV(2->7')>    0.05303
|3S^CV(2->8')>   -0.05378
|3S^CV(2->9')>   -0.07778
|3S^CV(1->7')>   -0.05359
|3S^CV(1->8')>   -0.05298
|3S^CV(1->10')>   -0.07766
|3X^CV(18->3')>    0.05383
|3X^CV(18->9')>    0.07189
|3X^CV(17->4')>   -0.05447
|3X^CV(17->10')>    0.07284
|3X^CV(16->9')>    0.05640
|3X^CV(16->13')>    0.05649
|3X^CV(15->10')>   -0.05610
|3X^CV(12->10')>   -0.05736
|3X^CV(11->9')>   -0.06906
|3X^CV(8->10')>    0.09169
|3X^CV(7->3')>   -0.17714
|3X^CV(7->17')>    0.06371
|3X^CV(6->4')>   -0.11973
|3X^CV(6->12')>    0.06491
|3X^CV(5->2')>    0.09096
|3X^CV(5->3')>    0.13971
|3X^CV(5->11')>    0.11965
|3X^CV(5->13')>    0.12198
|3X^CV(5->17')>   -0.05098
|3X^CV(5->19')>   -0.07479
|3X^CV(4->1')>   -0.09323
|3X^CV(4->4')>    0.20915
|3X^CV(4->12')>    0.15602
|3X^CV(4->14')>    0.06340
|3X^CV(4->16')>   -0.05077
|3X^CV(4->18')>   -0.06539
|3X^CV(4->20')>    0.06365
|3X^CV(3->3')>    0.09379
|3X^CV(3->9')>   -0.07185
|3X^CV(2->7')>   -0.09011
|3X^CV(2->8')>   -0.05686
|3X^CV(2->10')>   -0.10969
|3X^CV(1->7')>    0.05696
|3X^CV(1->8')>   -0.09034
|3X^CV(1->9')>   -0.11012
TDMs with Triplet 'Ground' state
TDMX:0.248   TDMY:0.126   TDMZ:-0.000   Oscillator Strength:0.00752   <S**2>: 2.000
--------------------------------------------------------------------
TDMs with Singlet 'Ground' state
TDMX:0.000   TDMY:0.000   TDMZ:0.000   Oscillator Strength:0.00000   <S**2>: 2.000
--------------------------------------------------------------------


State 122 3.953 eV 
Excitation    CI Coef
|3^CS(7->0)>    0.06281
|3^CS(6->0)>   -0.07108
|3^CS(7->0')>   -0.06284
|3^CS(6->0')>   -0.07107
|3^SV(0->8')>   -0.12002
|3^SV(0'->7')>   -0.12004
|3T^CV(12->7')>    0.07654
|3T^CV(12->8')>   -0.09642
|3T^CV(11->7')>   -0.11422
|3T^CV(11->8')>   -0.09065
|3T^CV(8->7')>   -0.09805
|3T^CV(8->8')>    0.12352
|3T^CV(7->4')>    0.17312
|3T^CV(7->12')>   -0.17455
|3T^CV(7->14')>   -0.09971
|3T^CV(6->3')>    0.21827
|3T^CV(6->11')>   -0.12319
|3T^CV(6->13')>   -0.17182
|3T^CV(5->4')>    0.14891
|3T^CV(4->3')>    0.07043
|3T^CV(3->7')>   -0.09448
|3T^CV(3->8')>   -0.07498
|3T^CV(3->12')>    0.06129
|3T^CV(2->7')>   -0.13022
|3T^CV(2->8')>    0.13185
|3T^CV(2->9')>   -0.11914
|3T^CV(1->7')>    0.13189
|3T^CV(1->8')>    0.13021
|3T^CV(1->10')>   -0.11880
|3S^CV(8->7')>    0.05475
|3S^CV(7->2')>   -0.07077
|3S^CV(7->3')>    0.13427
|3S^CV(7->11')>   -0.09638
|3S^CV(7->13')>   -0.08100
|3S^CV(7->19')>    0.05112
|3S^CV(6->1')>    0.06977
|3S^CV(6->4')>    0.16417
|3S^CV(6->12')>   -0.11715
|3S^CV(6->16')>   -0.06447
|3S^CV(5->3')>    0.10943
|3S^CV(4->4')>    0.05362
|3S^CV(2->7')>    0.07791
|3S^CV(2->10')>   -0.05849
|3S^CV(1->8')>    0.07778
|3S^CV(1->9')>   -0.05850
|3X^CV(18->7')>    0.05848
|3X^CV(17->8')>    0.05929
|3X^CV(16->7')>   -0.05483
|3X^CV(15->8')>    0.05475
|3X^CV(11->7')>   -0.05704
|3X^CV(8->2')>    0.05493
|3X^CV(8->7')>   -0.06152
|3X^CV(8->8')>    0.07750
|3X^CV(7->1')>   -0.11099
|3X^CV(7->4')>   -0.18935
|3X^CV(7->12')>    0.16857
|3X^CV(7->14')>    0.05966
|3X^CV(7->16')>    0.07898
|3X^CV(7->20')>    0.06201
|3X^CV(6->2')>    0.09539
|3X^CV(6->3')>   -0.23262
|3X^CV(6->11')>    0.12402
|3X^CV(6->13')>    0.12598
|3X^CV(6->17')>    0.08057
|3X^CV(6->19')>   -0.07576
|3X^CV(5->4')>   -0.15480
|3X^CV(5->16')>    0.05190
|3X^CV(4->3')>   -0.07575
|3X^CV(3->7')>   -0.05997
|3X^CV(2->7')>   -0.09145
|3X^CV(2->8')>    0.09260
|3X^CV(2->9')>   -0.08271
|3X^CV(1->7')>    0.09259
|3X^CV(1->8')>    0.09142
|3X^CV(1->10')>   -0.08267
TDMs with Triplet 'Ground' state
TDMX:0.000   TDMY:-0.000   TDMZ:0.097   Oscillator Strength:0.00092   <S**2>: 2.000
--------------------------------------------------------------------
TDMs with Singlet 'Ground' state
TDMX:0.000   TDMY:0.000   TDMZ:0.000   Oscillator Strength:0.00000   <S**2>: 2.000
--------------------------------------------------------------------


State 123 3.954 eV 
Excitation    CI Coef
|1^CS(5->0)>   -0.07385
|1^CS(4->0)>    0.06916
|1^CS(5->0')>   -0.07393
|1^CS(4->0')>   -0.06923
|1^SV(0->9')>    0.08155
|1^SV(0->10')>    0.08167
|1^SV(0'->9')>   -0.08151
|1^SV(0'->10')>    0.08188
|1S^CV(12->9')>    0.11974
|1S^CV(11->10')>    0.14161
|1S^CV(8->9')>   -0.15152
|1S^CV(7->4')>    0.17059
|1S^CV(7->10')>    0.05135
|1S^CV(6->3')>    0.13472
|1S^CV(6->11')>   -0.06147
|1S^CV(6->13')>   -0.08622
|1S^CV(5->4')>   -0.10501
|1S^CV(5->12')>   -0.18143
|1S^CV(5->14')>   -0.10889
|1S^CV(4->3')>   -0.18928
|1S^CV(4->11')>   -0.11437
|1S^CV(4->13')>   -0.15679
|1S^CV(3->4')>   -0.11803
|1S^CV(3->10')>    0.11187
|1S^CV(3->12')>   -0.05463
|1S^CV(2->7')>   -0.12199
|1S^CV(2->8')>    0.12344
|1S^CV(2->9')>    0.14657
|1S^CV(1->7')>    0.12332
|1S^CV(1->8')>    0.12168
|1S^CV(1->10')>    0.14698
|1T^CV(18->9')>    0.08811
|1T^CV(17->10')>    0.08945
|1T^CV(16->7')>   -0.05046
|1T^CV(16->8')>    0.05416
|1T^CV(16->9')>    0.06377
|1T^CV(15->7')>   -0.05409
|1T^CV(15->8')>   -0.05031
|1T^CV(15->10')>   -0.06369
|1T^CV(12->10')>   -0.07323
|1T^CV(11->9')>   -0.08804
|1T^CV(8->10')>    0.11469
|1T^CV(7->3')>   -0.22927
|1T^CV(7->17')>    0.08175
|1T^CV(6->1')>   -0.06002
|1T^CV(6->4')>   -0.17095
|1T^CV(6->12')>    0.09611
|1T^CV(6->16')>    0.06549
|1T^CV(5->2')>    0.10663
|1T^CV(5->3')>    0.14324
|1T^CV(5->11')>    0.14257
|1T^CV(5->13')>    0.14886
|1T^CV(5->17')>   -0.05157
|1T^CV(5->19')>   -0.09439
|1T^CV(4->1')>   -0.10898
|1T^CV(4->4')>    0.23998
|1T^CV(4->12')>    0.17990
|1T^CV(4->14')>    0.07221
|1T^CV(4->16')>   -0.05991
|1T^CV(4->18')>   -0.07798
|1T^CV(4->20')>    0.07667
|1T^CV(3->3')>    0.12294
|1T^CV(3->9')>   -0.09207
|1T^CV(3->11')>    0.05600
|1T^CV(2->7')>   -0.12643
|1T^CV(2->8')>   -0.07962
|1T^CV(2->10')>   -0.12568
|1T^CV(1->7')>    0.07989
|1T^CV(1->8')>   -0.12647
|1T^CV(1->9')>   -0.12594
TDMs with Triplet 'Ground' state
TDMX:0.000   TDMY:0.000   TDMZ:0.000   Oscillator Strength:0.00000   <S**2>: 0.000
--------------------------------------------------------------------
TDMs with Singlet 'Ground' state
TDMX:0.000   TDMY:0.000   TDMZ:0.057   Oscillator Strength:0.00032   <S**2>: 0.000
--------------------------------------------------------------------


State 124 3.954 eV 
Excitation    CI Coef
|1^CS(17->0)>    0.05418
|1^CS(5->0)>   -0.07705
|1^CS(4->0)>    0.05777
|1^CS(17->0')>    0.05415
|1^CS(5->0')>    0.07695
|1^CS(4->0')>    0.05770
|1^SV(0->2')>    0.07919
|1^SV(0->9')>    0.07449
|1^SV(0->10')>    0.07540
|1^SV(0->11')>   -0.07170
|1^SV(0'->2')>    0.07917
|1^SV(0'->9')>    0.07428
|1^SV(0'->10')>   -0.07541
|1^SV(0'->11')>   -0.07168
|1S^CV(12->10')>    0.11083
|1S^CV(11->2')>    0.08867
|1S^CV(11->9')>    0.13023
|1S^CV(8->10')>   -0.14000
|1S^CV(7->3')>   -0.17566
|1S^CV(6->4')>   -0.14664
|1S^CV(6->12')>    0.10619
|1S^CV(6->14')>    0.06165
|1S^CV(5->2')>    0.05383
|1S^CV(5->3')>    0.08169
|1S^CV(5->11')>    0.10621
|1S^CV(5->13')>    0.16698
|1S^CV(4->4')>    0.16819
|1S^CV(4->12')>    0.15034
|1S^CV(4->14')>    0.08853
|1S^CV(3->3')>    0.11046
|1S^CV(3->9')>    0.10793
|1S^CV(3->11')>    0.05421
|1S^CV(2->7')>    0.15321
|1S^CV(2->8')>    0.09674
|1S^CV(2->10')>    0.12041
|1S^CV(1->7')>   -0.09668
|1S^CV(1->8')>    0.15345
|1S^CV(1->9')>    0.12029
|1T^CV(18->10')>    0.08150
|1T^CV(17->9')>    0.08249
|1T^CV(16->7')>    0.06366
|1T^CV(16->10')>    0.05295
|1T^CV(15->8')>   -0.06380
|1T^CV(15->9')>   -0.05314
|1T^CV(13->11')>    0.05873
|1T^CV(12->9')>   -0.06853
|1T^CV(11->10')>   -0.08137
|1T^CV(8->9')>    0.10646
|1T^CV(7->4')>    0.23523
|1T^CV(7->12')>   -0.05340
|1T^CV(7->16')>   -0.08248
|1T^CV(6->2')>   -0.06475
|1T^CV(6->3')>    0.18780
|1T^CV(6->11')>   -0.08069
|1T^CV(6->13')>   -0.08340
|1T^CV(6->17')>   -0.06560
|1T^CV(6->19')>    0.05333
|1T^CV(5->1')>    0.11013
|1T^CV(5->4')>   -0.11199
|1T^CV(5->12')>   -0.17931
|1T^CV(5->14')>   -0.08322
|1T^CV(5->18')>    0.06654
|1T^CV(5->20')>   -0.08010
|1T^CV(4->2')>   -0.09302
|1T^CV(4->3')>   -0.21070
|1T^CV(4->11')>   -0.12503
|1T^CV(4->13')>   -0.12012
|1T^CV(4->17')>    0.07358
|1T^CV(4->19')>    0.07728
|1T^CV(3->4')>   -0.11518
|1T^CV(3->10')>   -0.08831
|1T^CV(3->12')>   -0.05606
|1T^CV(2->7')>    0.10992
|1T^CV(2->8')>   -0.11148
|1T^CV(2->9')>   -0.10231
|1T^CV(1->7')>   -0.11117
|1T^CV(1->8')>   -0.10994
|1T^CV(1->10')>   -0.10233
TDMs with Triplet 'Ground' state
TDMX:0.000   TDMY:0.000   TDMZ:0.000   Oscillator Strength:0.00000   <S**2>: 0.000
--------------------------------------------------------------------
TDMs with Singlet 'Ground' state
TDMX:-0.107   TDMY:-0.153   TDMZ:0.000   Oscillator Strength:0.00337   <S**2>: 0.000
--------------------------------------------------------------------


State 125 3.955 eV 
Excitation    CI Coef
|3^CS(7->0)>   -0.07065
|3^CS(6->0)>    0.06866
|3^CS(7->0')>   -0.07067
|3^CS(6->0')>   -0.06863
|3^SV(0->8')>    0.11963
|3^SV(0'->7')>   -0.11962
|3T^CV(12->7')>    0.09658
|3T^CV(12->8')>    0.07667
|3T^CV(11->7')>   -0.09061
|3T^CV(11->8')>    0.11417
|3T^CV(8->7')>   -0.12275
|3T^CV(8->8')>   -0.09744
|3T^CV(7->3')>    0.14920
|3T^CV(7->11')>   -0.11739
|3T^CV(7->13')>   -0.16841
|3T^CV(6->4')>    0.20351
|3T^CV(6->12')>   -0.17698
|3T^CV(6->14')>   -0.10377
|3T^CV(5->3')>    0.17952
|3T^CV(4->4')>    0.11403
|3T^CV(4->12')>    0.07553
|3T^CV(3->7')>   -0.07570
|3T^CV(3->8')>    0.09539
|3T^CV(3->11')>    0.05200
|3T^CV(3->13')>    0.05943
|3T^CV(2->7')>   -0.13516
|3T^CV(2->8')>   -0.08532
|3T^CV(2->10')>    0.15364
|3T^CV(1->7')>    0.08500
|3T^CV(1->8')>   -0.13486
|3T^CV(1->9')>    0.15396
|3S^CV(8->8')>   -0.05406
|3S^CV(7->1')>    0.06453
|3S^CV(7->4')>    0.11249
|3S^CV(7->12')>   -0.11399
|3S^CV(7->14')>   -0.05091
|3S^CV(6->2')>   -0.06392
|3S^CV(6->3')>    0.15234
|3S^CV(6->11')>   -0.08378
|3S^CV(6->13')>   -0.08423
|3S^CV(6->17')>   -0.05300
|3S^CV(6->19')>    0.05105
|3S^CV(5->4')>    0.13308
|3S^CV(4->3')>    0.08523
|3S^CV(2->7')>    0.05564
|3S^CV(2->8')>   -0.05634
|3S^CV(2->9')>    0.07556
|3S^CV(1->7')>   -0.05636
|3S^CV(1->8')>   -0.05566
|3S^CV(1->10')>    0.07551
|3X^CV(18->8')>   -0.05831
|3X^CV(17->7')>   -0.05920
|3X^CV(16->9')>   -0.05545
|3X^CV(15->10')>    0.05540
|3X^CV(11->8')>    0.05719
|3X^CV(8->7')>   -0.07642
|3X^CV(8->8')>   -0.06066
|3X^CV(7->2')>    0.09055
|3X^CV(7->3')>   -0.15950
|3X^CV(7->11')>    0.11885
|3X^CV(7->13')>    0.12621
|3X^CV(7->17')>    0.05580
|3X^CV(7->19')>   -0.07499
|3X^CV(6->1')>   -0.09364
|3X^CV(6->4')>   -0.21506
|3X^CV(6->12')>    0.15754
|3X^CV(6->14')>    0.06584
|3X^CV(6->16')>    0.08528
|3X^CV(6->20')>    0.06401
|3X^CV(5->3')>   -0.18825
|3X^CV(5->17')>    0.06526
|3X^CV(4->4')>   -0.12073
|3X^CV(4->12')>   -0.06772
|3X^CV(3->8')>    0.05835
|3X^CV(3->11')>   -0.05194
|3X^CV(2->7')>   -0.09480
|3X^CV(2->8')>   -0.05984
|3X^CV(2->10')>    0.10675
|3X^CV(1->7')>    0.05963
|3X^CV(1->8')>   -0.09461
|3X^CV(1->9')>    0.10686
TDMs with Triplet 'Ground' state
TDMX:0.028   TDMY:-0.164   TDMZ:-0.000   Oscillator Strength:0.00268   <S**2>: 2.000
--------------------------------------------------------------------
TDMs with Singlet 'Ground' state
TDMX:0.000   TDMY:0.000   TDMZ:0.000   Oscillator Strength:0.00000   <S**2>: 2.000
--------------------------------------------------------------------


State 126 3.958 eV 
Excitation    CI Coef
|1^CS(18->0)>   -0.07014
|1^CS(17->0)>   -0.07313
|1^CS(12->0)>   -0.05633
|1^CS(11->0)>   -0.06652
|1^CS(7->0)>   -0.07603
|1^CS(6->0)>    0.06083
|1^CS(18->0')>    0.07016
|1^CS(17->0')>   -0.07316
|1^CS(12->0')>   -0.05635
|1^CS(11->0')>    0.06655
|1^CS(7->0')>    0.07609
|1^CS(6->0')>    0.06084
|1^SV(0->1')>   -0.05001
|1^SV(0->2')>   -0.08133
|1^SV(0->8')>   -0.10737
|1^SV(0->11')>    0.09302
|1^SV(0->12')>   -0.06182
|1^SV(0'->1')>    0.05004
|1^SV(0'->2')>   -0.08136
|1^SV(0'->7')>    0.10753
|1^SV(0'->11')>    0.09305
|1^SV(0'->12')>    0.06184
|1S^CV(12->7')>   -0.08966
|1S^CV(12->8')>   -0.07112
|1S^CV(11->2')>   -0.09854
|1S^CV(11->7')>    0.08406
|1S^CV(11->8')>   -0.10584
|1S^CV(11->11')>    0.05557
|1S^CV(8->7')>    0.11440
|1S^CV(8->8')>    0.09075
|1S^CV(7->2')>    0.05304
|1S^CV(7->3')>   -0.13077
|1S^CV(7->11')>    0.10191
|1S^CV(7->13')>    0.16607
|1S^CV(6->4')>   -0.18572
|1S^CV(6->12')>    0.16123
|1S^CV(6->14')>    0.09475
|1S^CV(5->3')>   -0.18078
|1S^CV(4->4')>   -0.12429
|1S^CV(4->12')>   -0.08317
|1S^CV(3->7')>    0.07308
|1S^CV(3->8')>   -0.09201
|1S^CV(3->11')>   -0.07206
|1S^CV(2->7')>    0.11740
|1S^CV(2->8')>    0.07405
|1S^CV(2->10')>   -0.15547
|1S^CV(1->7')>   -0.07381
|1S^CV(1->8')>    0.11703
|1S^CV(1->9')>   -0.15575
|1T^CV(18->7')>   -0.06542
|1T^CV(18->8')>   -0.05189
|1T^CV(17->7')>    0.05269
|1T^CV(17->8')>   -0.06634
|1T^CV(16->7')>    0.05085
|1T^CV(16->10')>   -0.06894
|1T^CV(15->8')>   -0.05069
|1T^CV(15->9')>    0.06908
|1T^CV(13->11')>   -0.06480
|1T^CV(12->8')>    0.05565
|1T^CV(12->11')>    0.05040
|1T^CV(11->7')>    0.06622
|1T^CV(11->8')>    0.05253
|1T^CV(8->7')>    0.06967
|1T^CV(8->8')>   -0.08772
|1T^CV(7->1')>    0.10359
|1T^CV(7->4')>    0.16174
|1T^CV(7->12')>   -0.17725
|1T^CV(7->14')>   -0.08351
|1T^CV(7->16')>   -0.07328
|1T^CV(7->20')>   -0.07718
|1T^CV(6->2')>   -0.09793
|1T^CV(6->3')>    0.22978
|1T^CV(6->11')>   -0.12996
|1T^CV(6->13')>   -0.12807
|1T^CV(6->17')>   -0.08218
|1T^CV(6->19')>    0.07974
|1T^CV(5->4')>    0.22240
|1T^CV(5->16')>   -0.07212
|1T^CV(4->2')>    0.05048
|1T^CV(4->3')>    0.15289
|1T^CV(4->11')>    0.07008
|1T^CV(4->13')>    0.06588
|1T^CV(4->17')>   -0.05469
|1T^CV(3->1')>   -0.05061
|1T^CV(3->7')>    0.06883
|1T^CV(3->8')>    0.05460
|1T^CV(3->12')>    0.07797
|1T^CV(2->3')>    0.05071
|1T^CV(2->7')>    0.08328
|1T^CV(2->8')>   -0.08427
|1T^CV(2->9')>    0.13117
|1T^CV(1->4')>   -0.05063
|1T^CV(1->7')>   -0.08436
|1T^CV(1->8')>   -0.08324
|1T^CV(1->10')>    0.13105
TDMs with Triplet 'Ground' state
TDMX:0.000   TDMY:0.000   TDMZ:0.000   Oscillator Strength:0.00000   <S**2>: 0.000
--------------------------------------------------------------------
TDMs with Singlet 'Ground' state
TDMX:0.002   TDMY:0.204   TDMZ:-0.000   Oscillator Strength:0.00402   <S**2>: 0.000
--------------------------------------------------------------------


State 127 3.958 eV 
Excitation    CI Coef
|1^CS(17->0)>    0.05154
|1^CS(7->0)>    0.07582
|1^CS(6->0)>   -0.06765
|1^CS(17->0')>   -0.05149
|1^CS(7->0')>    0.07580
|1^CS(6->0')>    0.06760
|1^SV(0->1')>    0.06512
|1^SV(0->8')>    0.11140
|1^SV(0->11')>   -0.05937
|1^SV(0'->1')>    0.06509
|1^SV(0'->7')>    0.11139
|1^SV(0'->11')>    0.05931
|1S^CV(12->7')>   -0.07408
|1S^CV(12->8')>    0.09339
|1S^CV(11->1')>    0.05862
|1S^CV(11->7')>    0.11065
|1S^CV(11->8')>    0.08788
|1S^CV(8->7')>    0.09480
|1S^CV(8->8')>   -0.11950
|1S^CV(7->4')>   -0.13589
|1S^CV(7->12')>    0.17444
|1S^CV(7->14')>    0.11046
|1S^CV(6->3')>   -0.19278
|1S^CV(6->11')>    0.11172
|1S^CV(6->13')>    0.15684
|1S^CV(5->4')>   -0.18527
|1S^CV(4->3')>   -0.12624
|1S^CV(4->11')>   -0.05790
|1S^CV(4->13')>   -0.07907
|1S^CV(3->7')>    0.09387
|1S^CV(3->8')>    0.07455
|1S^CV(3->12')>   -0.07275
|1S^CV(2->7')>    0.10300
|1S^CV(2->8')>   -0.10434
|1S^CV(2->9')>    0.16210
|1S^CV(1->7')>   -0.10439
|1S^CV(1->8')>   -0.10311
|1S^CV(1->10')>    0.16186
|1T^CV(18->7')>   -0.05387
|1T^CV(18->8')>    0.06790
|1T^CV(17->7')>    0.06911
|1T^CV(17->8')>    0.05488
|1T^CV(16->9')>    0.07124
|1T^CV(15->10')>   -0.07113
|1T^CV(12->7')>   -0.05816
|1T^CV(11->7')>    0.05526
|1T^CV(11->8')>   -0.06966
|1T^CV(11->11')>   -0.05627
|1T^CV(8->7')>    0.09122
|1T^CV(8->8')>    0.07244
|1T^CV(7->2')>   -0.09411
|1T^CV(7->3')>    0.16952
|1T^CV(7->11')>   -0.12962
|1T^CV(7->13')>   -0.14935
|1T^CV(7->17')>   -0.06077
|1T^CV(7->19')>    0.09036
|1T^CV(6->1')>    0.10600
|1T^CV(6->4')>    0.23875
|1T^CV(6->12')>   -0.17636
|1T^CV(6->14')>   -0.07197
|1T^CV(6->16')>   -0.09780
|1T^CV(6->20')>   -0.07448
|1T^CV(5->3')>    0.22924
|1T^CV(5->17')>   -0.08224
|1T^CV(4->1')>   -0.05435
|1T^CV(4->4')>    0.15664
|1T^CV(4->12')>    0.09110
|1T^CV(3->2')>    0.06680
|1T^CV(3->7')>    0.05583
|1T^CV(3->8')>   -0.07038
|1T^CV(3->11')>    0.08077
|1T^CV(2->7')>    0.10617
|1T^CV(2->8')>    0.06705
|1T^CV(2->10')>   -0.13679
|1T^CV(1->7')>   -0.06675
|1T^CV(1->8')>    0.10595
|1T^CV(1->9')>   -0.13696
TDMs with Triplet 'Ground' state
TDMX:0.000   TDMY:0.000   TDMZ:0.000   Oscillator Strength:0.00000   <S**2>: 0.000
--------------------------------------------------------------------
TDMs with Singlet 'Ground' state
TDMX:-0.000   TDMY:-0.000   TDMZ:-0.105   Oscillator Strength:0.00107   <S**2>: 0.000
--------------------------------------------------------------------


State 128 3.976 eV 
Excitation    CI Coef
|3^CS(16->0)>    0.22722
|3^CS(15->0)>   -0.26534
|3^CS(16->0')>   -0.26592
|3^CS(15->0')>   -0.22634
|3^SV(0->3')>   -0.13265
|3^SV(0->4')>    0.13254
|3^SV(0->16')>    0.10156
|3^SV(0->17')>   -0.10888
|3^SV(0'->3')>    0.13254
|3^SV(0'->4')>    0.13255
|3^SV(0'->16')>    0.10153
|3^SV(0'->17')>    0.10882
|3T^CV(16->14')>   -0.05009
|3T^CV(15->13')>   -0.06334
|3T^CV(12->3')>   -0.05844
|3T^CV(11->4')>    0.06105
|3T^CV(7->4')>    0.05894
|3T^CV(5->12')>   -0.05499
|3S^CV(18->3')>    0.12650
|3S^CV(17->4')>   -0.12838
|3S^CV(16->11')>    0.08025
|3S^CV(16->13')>    0.14020
|3S^CV(15->12')>    0.13076
|3S^CV(15->14')>    0.09695
|3S^CV(12->4')>    0.05041
|3S^CV(12->16')>   -0.05566
|3S^CV(11->3')>   -0.05486
|3S^CV(11->17')>    0.06874
|3S^CV(8->1')>   -0.05256
|3S^CV(8->4')>   -0.06203
|3S^CV(8->16')>    0.06310
|3S^CV(3->3')>   -0.06963
|3S^CV(3->17')>    0.05480
|3S^CV(2->12')>    0.08712
|3S^CV(2->14')>    0.05119
|3S^CV(2->20')>    0.06271
|3S^CV(1->11')>   -0.05997
|3S^CV(1->13')>   -0.07947
|3S^CV(1->19')>    0.07408
|3X^CV(18->4')>   -0.17884
|3X^CV(17->3')>    0.18165
|3X^CV(16->12')>   -0.18499
|3X^CV(16->14')>   -0.13721
|3X^CV(15->11')>   -0.11341
|3X^CV(15->13')>   -0.19818
|3X^CV(14->4')>    0.06760
|3X^CV(13->3')>    0.05275
|3X^CV(12->3')>   -0.07110
|3X^CV(12->17')>    0.08565
|3X^CV(11->4')>    0.07794
|3X^CV(11->16')>   -0.09007
|3X^CV(8->2')>   -0.05292
|3X^CV(8->3')>    0.08786
|3X^CV(8->17')>   -0.09035
|3X^CV(3->4')>    0.09810
|3X^CV(3->16')>   -0.07586
|3X^CV(2->11')>   -0.08509
|3X^CV(2->13')>   -0.11267
|3X^CV(2->19')>    0.10466
|3X^CV(1->12')>    0.12287
|3X^CV(1->14')>    0.07218
|3X^CV(1->18')>   -0.05914
|3X^CV(1->20')>    0.08884
TDMs with Triplet 'Ground' state
TDMX:0.000   TDMY:0.000   TDMZ:-0.136   Oscillator Strength:0.00181   <S**2>: 2.000
--------------------------------------------------------------------
TDMs with Singlet 'Ground' state
TDMX:0.000   TDMY:0.000   TDMZ:0.000   Oscillator Strength:0.00000   <S**2>: 2.000
--------------------------------------------------------------------


State 129 3.976 eV 
Excitation    CI Coef
|3^CS(16->0)>    0.23232
|3^CS(15->0)>   -0.27293
|3^CS(16->0')>    0.27234
|3^CS(15->0')>    0.23321
|3^SV(0->3')>   -0.13652
|3^SV(0->4')>    0.13616
|3^SV(0->16')>    0.10560
|3^SV(0->17')>   -0.11173
|3^SV(0'->3')>   -0.13651
|3^SV(0'->4')>   -0.13627
|3^SV(0'->16')>   -0.10565
|3^SV(0'->17')>   -0.11176
|3T^CV(16->13')>    0.06482
|3T^CV(15->14')>    0.05127
|3T^CV(12->4')>    0.05968
|3T^CV(11->3')>   -0.06237
|3T^CV(7->3')>   -0.05401
|3T^CV(4->12')>    0.05457
|3S^CV(18->4')>   -0.12991
|3S^CV(17->3')>    0.13193
|3S^CV(16->12')>   -0.13439
|3S^CV(16->14')>   -0.09956
|3S^CV(15->11')>   -0.08257
|3S^CV(15->13')>   -0.14400
|3S^CV(12->3')>   -0.05146
|3S^CV(12->17')>    0.06218
|3S^CV(11->4')>    0.05638
|3S^CV(11->16')>   -0.06671
|3S^CV(8->3')>    0.06330
|3S^CV(8->17')>   -0.06559
|3S^CV(3->4')>    0.07261
|3S^CV(3->16')>   -0.05297
|3S^CV(2->11')>   -0.06189
|3S^CV(2->13')>   -0.08180
|3S^CV(2->19')>    0.07614
|3S^CV(1->12')>    0.08966
|3S^CV(1->14')>    0.05273
|3S^CV(1->20')>    0.06441
|3X^CV(18->3')>    0.18379
|3X^CV(17->4')>   -0.18653
|3X^CV(16->11')>    0.11673
|3X^CV(16->13')>    0.20356
|3X^CV(15->12')>    0.19010
|3X^CV(15->14')>    0.14091
|3X^CV(14->3')>   -0.06938
|3X^CV(13->4')>   -0.05418
|3X^CV(12->4')>    0.07289
|3X^CV(12->16')>   -0.08311
|3X^CV(11->3')>   -0.07967
|3X^CV(11->17')>    0.09979
|3X^CV(8->4')>   -0.08948
|3X^CV(8->16')>    0.08804
|3X^CV(4->4')>   -0.05285
|3X^CV(3->3')>   -0.10267
|3X^CV(3->17')>    0.08031
|3X^CV(2->12')>    0.12660
|3X^CV(2->14')>    0.07430
|3X^CV(2->18')>   -0.06241
|3X^CV(2->20')>    0.09123
|3X^CV(1->11')>   -0.08761
|3X^CV(1->13')>   -0.11601
|3X^CV(1->19')>    0.10758
TDMs with Triplet 'Ground' state
TDMX:0.981   TDMY:0.039   TDMZ:0.000   Oscillator Strength:0.09386   <S**2>: 2.000
--------------------------------------------------------------------
TDMs with Singlet 'Ground' state
TDMX:0.000   TDMY:0.000   TDMZ:0.000   Oscillator Strength:0.00000   <S**2>: 2.000
--------------------------------------------------------------------


State 130 3.979 eV 
Excitation    CI Coef
|3^CS(20->0)>   -0.10697
|3^CS(19->0)>    0.14475
|3^CS(18->0)>    0.15180
|3^CS(17->0)>    0.12817
|3^CS(16->0)>    0.05450
|3^CS(15->0)>   -0.06357
|3^CS(14->0)>    0.13639
|3^CS(13->0)>   -0.12581
|3^CS(8->0)>    0.05040
|3^CS(3->0)>   -0.06300
|3^CS(20->0')>    0.10697
|3^CS(19->0')>    0.14475
|3^CS(18->0')>   -0.15181
|3^CS(17->0')>    0.12817
|3^CS(16->0')>   -0.06380
|3^CS(15->0')>   -0.05424
|3^CS(14->0')>   -0.13639
|3^CS(13->0')>   -0.12581
|3^CS(8->0')>    0.05040
|3^CS(3->0')>    0.06300
|3^SV(0->1')>    0.09919
|3^SV(0->2')>    0.11121
|3^SV(0->11')>   -0.15331
|3^SV(0->12')>    0.10991
|3^SV(0->20')>   -0.07006
|3^SV(0->21')>   -0.05142
|3^SV(0'->1')>    0.09919
|3^SV(0'->2')>   -0.11121
|3^SV(0'->11')>    0.15330
|3^SV(0'->12')>    0.10991
|3^SV(0'->20')>   -0.07006
|3^SV(0'->21')>    0.05142
|3T^CV(12->2')>    0.05020
|3T^CV(12->11')>   -0.05210
|3T^CV(11->1')>    0.05432
|3T^CV(8->13')>    0.05322
|3T^CV(5->4')>   -0.05948
|3T^CV(4->3')>   -0.05386
|3T^CV(2->9')>    0.05424
|3T^CV(1->10')>    0.05430
|3S^CV(20->2')>    0.10002
|3S^CV(20->13')>   -0.05487
|3S^CV(19->1')>   -0.11134
|3S^CV(19->14')>   -0.07275
|3S^CV(17->12')>   -0.05616
|3S^CV(13->1')>    0.06556
|3S^CV(12->1')>    0.11062
|3S^CV(11->2')>   -0.07531
|3S^CV(11->11')>    0.12693
|3S^CV(11->13')>   -0.09328
|3S^CV(10->5')>   -0.06111
|3S^CV(9->6')>   -0.06000
|3S^CV(8->1')>    0.21432
|3S^CV(3->11')>   -0.14891
|3S^CV(2->4')>    0.06181
|3S^CV(1->3')>   -0.06176
|3X^CV(20->1')>    0.13211
|3X^CV(20->14')>    0.08723
|3X^CV(19->2')>   -0.13137
|3X^CV(19->13')>    0.09254
|3X^CV(18->12')>   -0.07956
|3X^CV(17->11')>    0.07287
|3X^CV(17->13')>    0.05320
|3X^CV(16->4')>   -0.05219
|3X^CV(15->3')>   -0.05214
|3X^CV(12->2')>    0.05643
|3X^CV(12->11')>    0.10137
|3X^CV(12->13')>   -0.09634
|3X^CV(11->14')>    0.10371
|3X^CV(10->6')>   -0.08581
|3X^CV(9->5')>   -0.08578
|3X^CV(8->2')>    0.21947
|3X^CV(8->11')>    0.11192
|3X^CV(7->1')>   -0.06351
|3X^CV(5->1')>    0.05626
|3X^CV(5->4')>    0.05057
|3X^CV(4->3')>    0.05389
|3X^CV(3->1')>   -0.15908
|3X^CV(3->12')>    0.12858
|3X^CV(3->14')>   -0.05848
|3X^CV(3->18')>   -0.05682
|3X^CV(2->3')>   -0.08560
|3X^CV(1->4')>    0.08565
TDMs with Triplet 'Ground' state
TDMX:-0.000   TDMY:-0.000   TDMZ:0.020   Oscillator Strength:0.00004   <S**2>: 2.000
--------------------------------------------------------------------
TDMs with Singlet 'Ground' state
TDMX:0.000   TDMY:0.000   TDMZ:0.000   Oscillator Strength:0.00000   <S**2>: 2.000
--------------------------------------------------------------------


State 131 3.999 eV 
Excitation    CI Coef
|1^CS(16->0)>   -0.23222
|1^CS(15->0)>    0.27260
|1^CS(16->0')>   -0.27190
|1^CS(15->0')>   -0.23265
|1^SV(0->3')>   -0.13806
|1^SV(0->4')>    0.13770
|1^SV(0->16')>    0.11178
|1^SV(0->17')>   -0.11825
|1^SV(0'->3')>    0.13790
|1^SV(0'->4')>    0.13766
|1^SV(0'->16')>    0.11172
|1^SV(0'->17')>    0.11815
|1S^CV(16->14')>   -0.05140
|1S^CV(15->13')>   -0.06504
|1S^CV(12->3')>   -0.06104
|1S^CV(11->4')>    0.06373
|1T^CV(37->4')>    0.05585
|1T^CV(36->3')>   -0.05664
|1T^CV(18->3')>   -0.23395
|1T^CV(17->4')>    0.23750
|1T^CV(16->11')>   -0.14755
|1T^CV(16->13')>   -0.25655
|1T^CV(15->12')>   -0.24017
|1T^CV(15->14')>   -0.17732
|1T^CV(14->3')>    0.08995
|1T^CV(13->4')>    0.07048
|1T^CV(12->4')>   -0.09715
|1T^CV(12->16')>    0.10732
|1T^CV(11->3')>    0.10669
|1T^CV(11->17')>   -0.12886
|1T^CV(8->4')>    0.12182
|1T^CV(8->16')>   -0.11403
|1T^CV(3->3')>    0.11502
|1T^CV(3->17')>   -0.09654
|1T^CV(2->1')>    0.05959
|1T^CV(2->12')>   -0.16365
|1T^CV(2->14')>   -0.09218
|1T^CV(2->18')>    0.08052
|1T^CV(2->20')>   -0.11987
|1T^CV(1->2')>    0.06191
|1T^CV(1->11')>    0.11467
|1T^CV(1->13')>    0.14617
|1T^CV(1->19')>   -0.14045
TDMs with Triplet 'Ground' state
TDMX:0.000   TDMY:0.000   TDMZ:0.000   Oscillator Strength:0.00000   <S**2>: 0.000
--------------------------------------------------------------------
TDMs with Singlet 'Ground' state
TDMX:0.000   TDMY:0.000   TDMZ:-0.134   Oscillator Strength:0.00175   <S**2>: 0.000
--------------------------------------------------------------------


State 132 3.999 eV 
Excitation    CI Coef
|1^CS(16->0)>    0.23252
|1^CS(15->0)>   -0.27174
|1^CS(16->0')>   -0.27244
|1^CS(15->0')>   -0.23207
|1^SV(0->3')>    0.13816
|1^SV(0->4')>   -0.13827
|1^SV(0->16')>   -0.11202
|1^SV(0->17')>    0.11829
|1^SV(0'->3')>    0.13820
|1^SV(0'->4')>    0.13843
|1^SV(0'->16')>    0.11212
|1^SV(0'->17')>    0.11835
|1S^CV(16->13')>   -0.06485
|1S^CV(15->14')>   -0.05125
|1S^CV(12->4')>   -0.06089
|1S^CV(11->3')>    0.06355
|1T^CV(37->3')>    0.05593
|1T^CV(36->4')>   -0.05670
|1T^CV(18->4')>   -0.23422
|1T^CV(17->3')>    0.23786
|1T^CV(16->12')>   -0.24028
|1T^CV(16->14')>   -0.17733
|1T^CV(15->11')>   -0.14764
|1T^CV(15->13')>   -0.25659
|1T^CV(14->4')>    0.08992
|1T^CV(13->3')>    0.07041
|1T^CV(12->3')>   -0.09686
|1T^CV(12->17')>    0.11367
|1T^CV(11->4')>    0.10642
|1T^CV(11->16')>   -0.12208
|1T^CV(8->3')>    0.12160
|1T^CV(8->17')>   -0.12032
|1T^CV(3->4')>    0.11464
|1T^CV(3->16')>   -0.09037
|1T^CV(2->2')>   -0.06155
|1T^CV(2->11')>   -0.11464
|1T^CV(2->13')>   -0.14644
|1T^CV(2->19')>    0.14046
|1T^CV(1->1')>   -0.05916
|1T^CV(1->12')>    0.16371
|1T^CV(1->14')>    0.09243
|1T^CV(1->18')>   -0.08083
|1T^CV(1->20')>    0.11982
TDMs with Triplet 'Ground' state
TDMX:0.000   TDMY:0.000   TDMZ:0.000   Oscillator Strength:0.00000   <S**2>: 0.000
--------------------------------------------------------------------
TDMs with Singlet 'Ground' state
TDMX:-0.938   TDMY:-0.041   TDMZ:-0.000   Oscillator Strength:0.08633   <S**2>: 0.000
--------------------------------------------------------------------


State 133 4.001 eV 
Excitation    CI Coef
|3^CS(20->0)>    0.05810
|3^CS(19->0)>   -0.09075
|3^CS(18->0)>   -0.27129
|3^CS(17->0)>   -0.26201
|3^CS(20->0')>    0.05810
|3^CS(19->0')>    0.09075
|3^CS(18->0')>   -0.27129
|3^CS(17->0')>    0.26201
|3^SV(0->11')>    0.12931
|3^SV(0->12')>   -0.12786
|3^SV(0->13')>    0.06863
|3^SV(0->19')>    0.10016
|3^SV(0->20')>    0.10527
|3^SV(0'->11')>    0.12931
|3^SV(0'->12')>    0.12786
|3^SV(0'->13')>    0.06863
|3^SV(0'->19')>    0.10016
|3^SV(0'->20')>   -0.10527
|3T^CV(3->2')>   -0.05273
|3S^CV(18->12')>    0.11663
|3S^CV(18->14')>    0.07865
|3S^CV(17->11')>   -0.07893
|3S^CV(17->13')>   -0.11354
|3S^CV(16->4')>    0.10877
|3S^CV(15->3')>    0.10876
|3S^CV(12->13')>    0.06983
|3S^CV(11->14')>   -0.05099
|3S^CV(11->20')>   -0.05098
|3S^CV(8->2')>   -0.08334
|3S^CV(8->11')>   -0.06817
|3S^CV(3->1')>    0.06663
|3S^CV(3->12')>   -0.06787
|3S^CV(2->3')>    0.10929
|3S^CV(2->17')>   -0.07058
|3S^CV(1->4')>   -0.10926
|3S^CV(1->16')>    0.06470
|3X^CV(20->2')>   -0.06660
|3X^CV(19->1')>    0.07034
|3X^CV(19->14')>    0.05629
|3X^CV(18->11')>   -0.10654
|3X^CV(18->13')>   -0.16531
|3X^CV(17->12')>    0.16633
|3X^CV(17->14')>    0.10755
|3X^CV(17->20')>   -0.05095
|3X^CV(16->3')>   -0.15389
|3X^CV(15->4')>   -0.15393
|3X^CV(13->1')>   -0.05444
|3X^CV(12->1')>   -0.05749
|3X^CV(12->14')>   -0.06101
|3X^CV(12->20')>   -0.06494
|3X^CV(11->2')>    0.05698
|3X^CV(11->11')>   -0.05243
|3X^CV(11->13')>    0.10877
|3X^CV(11->19')>   -0.07387
|3X^CV(8->1')>   -0.17266
|3X^CV(8->12')>    0.08651
|3X^CV(8->18')>   -0.05782
|3X^CV(7->11')>    0.05627
|3X^CV(3->11')>    0.12558
|3X^CV(2->4')>   -0.15498
|3X^CV(2->16')>    0.09158
|3X^CV(1->3')>    0.15494
|3X^CV(1->17')>   -0.09988
TDMs with Triplet 'Ground' state
TDMX:-0.066   TDMY:-0.443   TDMZ:-0.000   Oscillator Strength:0.01967   <S**2>: 2.000
--------------------------------------------------------------------
TDMs with Singlet 'Ground' state
TDMX:0.000   TDMY:0.000   TDMZ:0.000   Oscillator Strength:0.00000   <S**2>: 2.000
--------------------------------------------------------------------


State 134 4.013 eV 
Excitation    CI Coef
|3^CS(19->0)>   -0.06557
|3^CS(18->0)>   -0.05317
|3^CS(14->0)>   -0.08324
|3^CS(12->0)>   -0.12316
|3^CS(11->0)>    0.05892
|3^CS(8->0)>   -0.10255
|3^CS(3->0)>   -0.10666
|3^CS(19->0')>    0.06557
|3^CS(18->0')>   -0.05317
|3^CS(14->0')>   -0.08324
|3^CS(12->0')>    0.12316
|3^CS(11->0')>    0.05892
|3^CS(8->0')>    0.10255
|3^CS(3->0')>   -0.10666
|3T^CV(19->1')>    0.05415
|3T^CV(14->2')>    0.15463
|3T^CV(14->11')>   -0.09015
|3T^CV(13->1')>    0.23083
|3T^CV(13->12')>    0.07531
|3T^CV(13->14')>   -0.06045
|3T^CV(12->1')>    0.30783
|3T^CV(12->12')>    0.10418
|3T^CV(11->2')>   -0.26538
|3T^CV(11->11')>    0.12959
|3T^CV(8->1')>    0.22682
|3T^CV(8->12')>    0.06823
|3T^CV(7->2')>    0.10591
|3T^CV(5->2')>   -0.09772
|3T^CV(3->2')>    0.25325
|3T^CV(3->11')>   -0.12567
|3S^CV(20->1')>   -0.05526
|3S^CV(14->1')>   -0.06262
|3S^CV(13->2')>   -0.05006
|3S^CV(11->14')>   -0.05164
|3S^CV(8->2')>   -0.05229
|3S^CV(3->14')>    0.05552
|3X^CV(19->1')>    0.13007
|3X^CV(14->2')>    0.15560
|3X^CV(13->1')>    0.24423
|3X^CV(13->12')>    0.09620
|3X^CV(13->14')>   -0.07110
|3X^CV(12->1')>    0.21292
|3X^CV(12->12')>    0.07608
|3X^CV(11->2')>   -0.21181
|3X^CV(11->11')>    0.08398
|3X^CV(8->1')>    0.15872
|3X^CV(8->12')>    0.07424
|3X^CV(7->2')>    0.10507
|3X^CV(5->2')>   -0.09659
|3X^CV(3->2')>    0.24659
|3X^CV(3->11')>   -0.06827
TDMs with Triplet 'Ground' state
TDMX:0.011   TDMY:0.065   TDMZ:-0.000   Oscillator Strength:0.00042   <S**2>: 2.000
--------------------------------------------------------------------
TDMs with Singlet 'Ground' state
TDMX:0.000   TDMY:0.000   TDMZ:0.000   Oscillator Strength:0.00000   <S**2>: 2.000
--------------------------------------------------------------------


State 135 4.020 eV 
Excitation    CI Coef
|1^CS(20->0)>    0.07705
|1^CS(19->0)>   -0.12784
|1^CS(18->0)>   -0.27271
|1^CS(17->0)>   -0.24313
|1^CS(14->0)>   -0.09848
|1^CS(13->0)>    0.05032
|1^CS(12->0)>   -0.08461
|1^CS(11->0)>   -0.05035
|1^CS(20->0')>    0.07705
|1^CS(19->0')>    0.12784
|1^CS(18->0')>   -0.27271
|1^CS(17->0')>    0.24312
|1^CS(14->0')>   -0.09848
|1^CS(13->0')>   -0.05032
|1^CS(12->0')>    0.08461
|1^CS(11->0')>   -0.05035
|1^SV(0->11')>   -0.08821
|1^SV(0->12')>    0.08675
|1^SV(0->13')>   -0.07841
|1^SV(0->19')>   -0.09625
|1^SV(0->20')>   -0.10722
|1^SV(0->21')>   -0.05893
|1^SV(0'->11')>    0.08821
|1^SV(0'->12')>    0.08675
|1^SV(0'->13')>    0.07840
|1^SV(0'->19')>    0.09625
|1^SV(0'->20')>   -0.10722
|1^SV(0'->21')>    0.05893
|1T^CV(20->2')>   -0.10787
|1T^CV(20->13')>    0.07377
|1T^CV(19->1')>    0.18054
|1T^CV(19->14')>    0.08744
|1T^CV(18->11')>   -0.10454
|1T^CV(18->13')>   -0.18929
|1T^CV(17->12')>    0.16206
|1T^CV(17->14')>    0.12161
|1T^CV(17->20')>   -0.06064
|1T^CV(16->3')>   -0.16198
|1T^CV(15->4')>   -0.16201
|1T^CV(14->11')>    0.05474
|1T^CV(13->1')>    0.08738
|1T^CV(13->12')>    0.07061
|1T^CV(12->14')>   -0.09472
|1T^CV(12->20')>   -0.09568
|1T^CV(11->13')>    0.12896
|1T^CV(11->19')>   -0.08579
|1T^CV(8->1')>   -0.14461
|1T^CV(8->12')>    0.13956
|1T^CV(8->18')>   -0.08455
|1T^CV(7->2')>    0.08074
|1T^CV(7->11')>    0.06174
|1T^CV(5->2')>   -0.06561
|1T^CV(5->11')>   -0.05087
|1T^CV(3->2')>    0.15243
|1T^CV(3->11')>    0.13106
|1T^CV(3->15')>    0.07192
|1T^CV(3->19')>   -0.05109
|1T^CV(2->4')>   -0.19396
|1T^CV(2->16')>    0.09753
|1T^CV(1->3')>    0.19416
|1T^CV(1->17')>   -0.10660
TDMs with Triplet 'Ground' state
TDMX:0.000   TDMY:0.000   TDMZ:0.000   Oscillator Strength:0.00000   <S**2>: 0.000
--------------------------------------------------------------------
TDMs with Singlet 'Ground' state
TDMX:-0.000   TDMY:0.000   TDMZ:0.146   Oscillator Strength:0.00209   <S**2>: 0.000
--------------------------------------------------------------------


State 136 4.022 eV 
Excitation    CI Coef
|1^CS(19->0)>    0.06369
|1^CS(18->0)>    0.24599
|1^CS(17->0)>    0.24327
|1^CS(19->0')>    0.06369
|1^CS(18->0')>   -0.24599
|1^CS(17->0')>    0.24328
|1^SV(0->1')>   -0.06057
|1^SV(0->11')>    0.17411
|1^SV(0->12')>   -0.17292
|1^SV(0->13')>    0.08233
|1^SV(0->18')>   -0.05753
|1^SV(0->19')>    0.10756
|1^SV(0->20')>    0.09729
|1^SV(0'->1')>    0.06057
|1^SV(0'->11')>    0.17411
|1^SV(0'->12')>    0.17292
|1^SV(0'->13')>    0.08233
|1^SV(0'->18')>    0.05753
|1^SV(0'->19')>    0.10757
|1^SV(0'->20')>   -0.09729
|1S^CV(13->1')>    0.05367
|1S^CV(11->11')>    0.08594
|1S^CV(8->1')>    0.06353
|1T^CV(19->13')>    0.05135
|1T^CV(18->12')>   -0.22415
|1T^CV(18->14')>   -0.12396
|1T^CV(18->20')>    0.05707
|1T^CV(17->11')>    0.16354
|1T^CV(17->13')>    0.20173
|1T^CV(16->4')>   -0.20303
|1T^CV(15->3')>   -0.20301
|1T^CV(14->14')>    0.06724
|1T^CV(13->13')>    0.06750
|1T^CV(12->13')>   -0.09774
|1T^CV(12->19')>    0.07927
|1T^CV(11->14')>    0.10657
|1T^CV(11->18')>   -0.05380
|1T^CV(11->20')>    0.07814
|1T^CV(10->6')>   -0.05512
|1T^CV(9->5')>   -0.05401
|1T^CV(8->2')>    0.12663
|1T^CV(8->11')>    0.11017
|1T^CV(8->13')>    0.07604
|1T^CV(8->19')>   -0.08241
|1T^CV(7->1')>   -0.06547
|1T^CV(7->12')>    0.05507
|1T^CV(3->1')>   -0.09752
|1T^CV(3->12')>    0.11747
|1T^CV(2->3')>   -0.19339
|1T^CV(2->17')>    0.13056
|1T^CV(1->4')>    0.19333
|1T^CV(1->16')>   -0.11981
|1T^CV(1->18')>   -0.05236
TDMs with Triplet 'Ground' state
TDMX:0.000   TDMY:0.000   TDMZ:0.000   Oscillator Strength:0.00000   <S**2>: 0.000
--------------------------------------------------------------------
TDMs with Singlet 'Ground' state
TDMX:-0.055   TDMY:-0.512   TDMZ:-0.000   Oscillator Strength:0.02618   <S**2>: 0.000
--------------------------------------------------------------------


State 137 4.023 eV 
Excitation    CI Coef
|3^CS(20->0)>   -0.07281
|3^CS(19->0)>    0.09044
|3^CS(18->0)>   -0.11529
|3^CS(17->0)>   -0.13716
|3^CS(14->0)>    0.17942
|3^CS(13->0)>   -0.13612
|3^CS(12->0)>    0.10587
|3^CS(11->0)>    0.08794
|3^CS(20->0')>    0.07281
|3^CS(19->0')>    0.09044
|3^CS(18->0')>    0.11529
|3^CS(17->0')>   -0.13717
|3^CS(14->0')>   -0.17942
|3^CS(13->0')>   -0.13612
|3^CS(12->0')>    0.10587
|3^CS(11->0')>   -0.08795
|3^SV(0->11')>    0.17400
|3^SV(0->12')>   -0.18587
|3^SV(0->13')>    0.07101
|3^SV(0->15')>   -0.08264
|3^SV(0->18')>   -0.09864
|3^SV(0->19')>    0.08486
|3^SV(0'->11')>   -0.17401
|3^SV(0'->12')>   -0.18587
|3^SV(0'->13')>   -0.07101
|3^SV(0'->15')>    0.08264
|3^SV(0'->18')>   -0.09864
|3^SV(0'->19')>   -0.08486
|3T^CV(14->12')>   -0.06186
|3T^CV(13->13')>   -0.05316
|3T^CV(12->11')>    0.07441
|3T^CV(12->13')>    0.06252
|3T^CV(11->12')>   -0.08815
|3S^CV(20->2')>    0.08956
|3S^CV(19->1')>   -0.13581
|3S^CV(18->11')>   -0.09610
|3S^CV(18->13')>   -0.09011
|3S^CV(17->12')>    0.12729
|3S^CV(17->14')>    0.05462
|3S^CV(16->3')>   -0.11245
|3S^CV(15->4')>   -0.11247
|3S^CV(14->13')>    0.10086
|3S^CV(13->1')>   -0.10015
|3S^CV(13->14')>    0.09133
|3S^CV(12->18')>    0.06243
|3S^CV(11->11')>    0.06251
|3S^CV(11->15')>    0.06590
|3S^CV(8->20')>    0.05921
|3S^CV(3->13')>    0.07087
|3S^CV(2->16')>    0.06547
|3S^CV(1->17')>   -0.07085
|3X^CV(20->1')>    0.13688
|3X^CV(20->14')>    0.05532
|3X^CV(19->2')>   -0.14611
|3X^CV(19->13')>    0.05098
|3X^CV(18->12')>    0.17441
|3X^CV(18->14')>    0.06608
|3X^CV(17->11')>   -0.13144
|3X^CV(17->13')>   -0.14161
|3X^CV(16->4')>    0.15906
|3X^CV(15->3')>    0.15905
|3X^CV(14->14')>   -0.13080
|3X^CV(13->11')>    0.05717
|3X^CV(13->13')>   -0.11303
|3X^CV(12->2')>    0.07670
|3X^CV(12->15')>    0.09060
|3X^CV(11->12')>   -0.05605
|3X^CV(11->18')>    0.08425
|3X^CV(8->2')>    0.08941
|3X^CV(8->13')>   -0.08670
|3X^CV(8->19')>    0.06006
|3X^CV(3->14')>   -0.06878
|3X^CV(3->20')>   -0.07122
|3X^CV(2->3')>    0.06921
|3X^CV(2->17')>   -0.10020
|3X^CV(1->4')>   -0.06921
|3X^CV(1->16')>    0.09262
TDMs with Triplet 'Ground' state
TDMX:0.000   TDMY:0.000   TDMZ:-0.323   Oscillator Strength:0.01028   <S**2>: 2.000
--------------------------------------------------------------------
TDMs with Singlet 'Ground' state
TDMX:0.000   TDMY:0.000   TDMZ:0.000   Oscillator Strength:0.00000   <S**2>: 2.000
--------------------------------------------------------------------


State 138 4.035 eV 
Excitation    CI Coef
|1^CS(20->0)>   -0.07045
|1^CS(19->0)>    0.11525
|1^CS(17->0)>   -0.07958
|1^CS(14->0)>    0.18873
|1^CS(13->0)>   -0.06981
|1^CS(12->0)>    0.14397
|1^CS(3->0)>    0.06759
|1^CS(20->0')>   -0.07045
|1^CS(19->0')>   -0.11525
|1^CS(17->0')>    0.07958
|1^CS(14->0')>    0.18873
|1^CS(13->0')>    0.06981
|1^CS(12->0')>   -0.14397
|1^CS(3->0')>    0.06759
|1^SV(0->1')>    0.06651
|1^SV(0->11')>   -0.15374
|1^SV(0->12')>    0.18065
|1^SV(0->13')>   -0.05001
|1^SV(0->14')>   -0.05157
|1^SV(0->15')>    0.09897
|1^SV(0->18')>    0.09352
|1^SV(0->19')>   -0.05731
|1^SV(0'->1')>    0.06651
|1^SV(0'->11')>    0.15374
|1^SV(0'->12')>    0.18066
|1^SV(0'->13')>    0.05001
|1^SV(0'->14')>   -0.05157
|1^SV(0'->15')>   -0.09897
|1^SV(0'->18')>    0.09352
|1^SV(0'->19')>    0.05731
|1S^CV(14->1')>    0.05131
|1S^CV(14->12')>    0.05883
|1S^CV(12->11')>   -0.06540
|1S^CV(12->13')>   -0.06329
|1S^CV(11->12')>    0.07975
|1T^CV(20->2')>    0.14051
|1T^CV(20->13')>   -0.07347
|1T^CV(19->1')>   -0.29027
|1T^CV(19->14')>   -0.07442
|1T^CV(18->11')>   -0.12878
|1T^CV(18->13')>   -0.09718
|1T^CV(17->1')>    0.07941
|1T^CV(17->12')>    0.17989
|1T^CV(16->3')>   -0.13904
|1T^CV(15->4')>   -0.13908
|1T^CV(14->2')>   -0.07901
|1T^CV(14->11')>   -0.06206
|1T^CV(14->13')>    0.16082
|1T^CV(14->21')>    0.06401
|1T^CV(13->1')>   -0.29244
|1T^CV(13->12')>   -0.10288
|1T^CV(13->14')>    0.17623
|1T^CV(12->1')>   -0.09903
|1T^CV(12->12')>   -0.08001
|1T^CV(12->18')>    0.10591
|1T^CV(11->2')>    0.12904
|1T^CV(11->15')>    0.12718
|1T^CV(8->14')>    0.05781
|1T^CV(8->20')>    0.09912
|1T^CV(7->2')>   -0.05501
|1T^CV(7->13')>    0.05665
|1T^CV(5->2')>    0.05506
|1T^CV(3->2')>   -0.14829
|1T^CV(3->13')>    0.11833
|1T^CV(3->15')>   -0.09211
|1T^CV(2->4')>   -0.06171
|1T^CV(2->16')>    0.07970
|1T^CV(1->3')>    0.06167
|1T^CV(1->17')>   -0.08649
TDMs with Triplet 'Ground' state
TDMX:0.000   TDMY:0.000   TDMZ:0.000   Oscillator Strength:0.00000   <S**2>: 0.000
--------------------------------------------------------------------
TDMs with Singlet 'Ground' state
TDMX:-0.000   TDMY:-0.000   TDMZ:0.303   Oscillator Strength:0.00909   <S**2>: 0.000
--------------------------------------------------------------------


State 139 4.039 eV 
Excitation    CI Coef
|3^CS(20->0)>    0.09790
|3^CS(19->0)>   -0.13574
|3^CS(14->0)>   -0.19130
|3^CS(13->0)>    0.15103
|3^CS(12->0)>   -0.13435
|3^CS(11->0)>   -0.13082
|3^CS(8->0)>    0.05981
|3^CS(20->0')>    0.09790
|3^CS(19->0')>    0.13574
|3^CS(14->0')>   -0.19129
|3^CS(13->0')>   -0.15103
|3^CS(12->0')>    0.13435
|3^CS(11->0')>   -0.13082
|3^CS(8->0')>   -0.05981
|3^SV(0->11')>   -0.15852
|3^SV(0->12')>    0.16411
|3^SV(0->15')>    0.09887
|3^SV(0->18')>    0.08657
|3^SV(0'->11')>   -0.15852
|3^SV(0'->12')>   -0.16410
|3^SV(0'->15')>    0.09887
|3^SV(0'->18')>   -0.08657
|3T^CV(14->13')>   -0.07475
|3T^CV(13->1')>   -0.13143
|3T^CV(13->12')>   -0.08274
|3T^CV(12->12')>    0.05702
|3T^CV(12->14')>    0.05734
|3T^CV(11->2')>    0.13914
|3T^CV(11->11')>   -0.11829
|3T^CV(11->13')>   -0.05146
|3T^CV(8->1')>   -0.08936
|3T^CV(3->2')>   -0.09156
|3T^CV(3->11')>    0.05112
|3S^CV(20->1')>   -0.11974
|3S^CV(20->14')>   -0.05335
|3S^CV(19->2')>    0.13328
|3S^CV(19->13')>   -0.05267
|3S^CV(18->12')>   -0.07582
|3S^CV(17->11')>    0.06663
|3S^CV(16->4')>   -0.06065
|3S^CV(15->3')>   -0.06064
|3S^CV(14->14')>    0.09191
|3S^CV(13->11')>   -0.06960
|3S^CV(13->13')>    0.07849
|3S^CV(12->2')>   -0.06104
|3S^CV(12->15')>   -0.07391
|3S^CV(11->18')>   -0.05148
|3S^CV(8->2')>   -0.08947
|3X^CV(20->2')>   -0.16343
|3X^CV(20->13')>    0.06795
|3X^CV(19->1')>    0.23752
|3X^CV(19->14')>    0.07778
|3X^CV(18->11')>    0.10081
|3X^CV(17->12')>   -0.11229
|3X^CV(16->3')>    0.08575
|3X^CV(15->4')>    0.08575
|3X^CV(14->11')>    0.11105
|3X^CV(14->13')>   -0.13577
|3X^CV(14->21')>   -0.05258
|3X^CV(13->1')>    0.13778
|3X^CV(13->12')>    0.05384
|3X^CV(13->14')>   -0.13029
|3X^CV(12->18')>   -0.08196
|3X^CV(11->11')>   -0.09590
|3X^CV(11->15')>   -0.10524
|3X^CV(8->1')>   -0.11777
|3X^CV(8->14')>   -0.05380
|3X^CV(8->20')>   -0.06226
|3X^CV(3->11')>    0.11377
|3X^CV(3->13')>   -0.08401
|3X^CV(3->15')>    0.08262
|3X^CV(1->17')>    0.05065
TDMs with Triplet 'Ground' state
TDMX:-0.003   TDMY:0.305   TDMZ:0.000   Oscillator Strength:0.00920   <S**2>: 2.000
--------------------------------------------------------------------
TDMs with Singlet 'Ground' state
TDMX:0.000   TDMY:0.000   TDMZ:0.000   Oscillator Strength:0.00000   <S**2>: 2.000
--------------------------------------------------------------------


State 140 4.048 eV 
Excitation    CI Coef
|5^CV(12->7')>    0.10100
|5^CV(12->9')>   -0.07781
|5^CV(12->10')>    0.11412
|5^CV(11->7')>   -0.11794
|5^CV(11->9')>    0.13876
|5^CV(11->10')>   -0.09519
|5^CV(8->7')>   -0.15107
|5^CV(8->9')>    0.11580
|5^CV(8->10')>   -0.16997
|5^CV(7->2')>   -0.06016
|5^CV(7->9')>    0.05930
|5^CV(7->11')>   -0.09770
|5^CV(7->12')>   -0.09086
|5^CV(7->13')>   -0.10682
|5^CV(6->3')>    0.05420
|5^CV(6->4')>    0.07911
|5^CV(6->12')>   -0.08193
|5^CV(5->2')>    0.06597
|5^CV(5->3')>    0.27973
|5^CV(5->4')>    0.19162
|5^CV(5->9')>   -0.05544
|5^CV(5->11')>    0.10930
|5^CV(5->12')>    0.10078
|5^CV(5->13')>    0.11754
|5^CV(4->1')>   -0.09313
|5^CV(4->2')>    0.06474
|5^CV(4->3')>    0.20013
|5^CV(4->4')>    0.29330
|5^CV(4->11')>    0.10584
|5^CV(4->12')>    0.21143
|5^CV(4->13')>    0.11591
|5^CV(4->14')>    0.09697
|5^CV(3->3')>    0.11664
|5^CV(3->4')>    0.08000
|5^CV(3->7')>   -0.11118
|5^CV(3->9')>    0.12556
|5^CV(3->10')>   -0.08518
|5^CV(3->11')>    0.07813
|5^CV(3->12')>    0.07554
|5^CV(3->13')>    0.08938
|5^CV(2->9')>   -0.25893
|5^CV(2->10')>    0.35156
|5^CV(1->9')>    0.30281
|5^CV(1->10')>   -0.18849
TDMs with Triplet 'Ground' state
TDMX:0.000   TDMY:0.000   TDMZ:0.000   Oscillator Strength:0.00000   <S**2>: 6.000
--------------------------------------------------------------------
TDMs with Singlet 'Ground' state
TDMX:0.000   TDMY:0.000   TDMZ:0.000   Oscillator Strength:0.00000   <S**2>: 6.000
--------------------------------------------------------------------


State 141 4.048 eV 
Excitation    CI Coef
|5^CV(12->8')>    0.10107
|5^CV(12->9')>    0.11395
|5^CV(12->10')>    0.07791
|5^CV(11->8')>    0.11794
|5^CV(11->9')>    0.09503
|5^CV(11->10')>    0.13897
|5^CV(8->8')>   -0.15117
|5^CV(8->9')>   -0.16960
|5^CV(8->10')>   -0.11604
|5^CV(7->1')>   -0.05910
|5^CV(7->10')>    0.06099
|5^CV(7->11')>   -0.06680
|5^CV(7->12')>    0.13286
|5^CV(7->13')>   -0.07304
|5^CV(7->14')>    0.06118
|5^CV(6->3')>   -0.07929
|5^CV(6->4')>    0.05407
|5^CV(6->11')>    0.05911
|5^CV(6->12')>   -0.05608
|5^CV(6->13')>    0.06643
|5^CV(5->1')>    0.06506
|5^CV(5->3')>    0.19142
|5^CV(5->4')>   -0.28013
|5^CV(5->10')>   -0.05733
|5^CV(5->11')>    0.07475
|5^CV(5->12')>   -0.14738
|5^CV(5->13')>    0.08039
|5^CV(5->14')>   -0.06711
|5^CV(4->1')>   -0.06368
|5^CV(4->2')>   -0.09466
|5^CV(4->3')>   -0.29275
|5^CV(4->4')>    0.20045
|5^CV(4->11')>   -0.15475
|5^CV(4->12')>    0.14457
|5^CV(4->13')>   -0.16948
|5^CV(4->14')>    0.06631
|5^CV(3->3')>    0.07979
|5^CV(3->4')>   -0.11691
|5^CV(3->8')>    0.11116
|5^CV(3->9')>    0.08599
|5^CV(3->10')>    0.12435
|5^CV(3->11')>    0.05342
|5^CV(3->12')>   -0.11047
|5^CV(3->13')>    0.06112
|5^CV(3->14')>   -0.05135
|5^CV(2->9')>    0.30288
|5^CV(2->10')>    0.18788
|5^CV(1->9')>    0.25957
|5^CV(1->10')>    0.35136
TDMs with Triplet 'Ground' state
TDMX:0.000   TDMY:0.000   TDMZ:0.000   Oscillator Strength:0.00000   <S**2>: 6.000
--------------------------------------------------------------------
TDMs with Singlet 'Ground' state
TDMX:0.000   TDMY:0.000   TDMZ:0.000   Oscillator Strength:0.00000   <S**2>: 6.000
--------------------------------------------------------------------


State 142 4.048 eV 
Excitation    CI Coef
|3S^CV(12->7')>    0.08211
|3S^CV(12->9')>   -0.06077
|3S^CV(12->10')>    0.09516
|3S^CV(11->7')>   -0.09517
|3S^CV(11->9')>    0.11568
|3S^CV(11->10')>   -0.07433
|3S^CV(8->7')>   -0.12279
|3S^CV(8->9')>    0.09043
|3S^CV(8->10')>   -0.14171
|3S^CV(7->11')>   -0.08137
|3S^CV(7->12')>   -0.07064
|3S^CV(7->13')>   -0.08907
|3S^CV(6->4')>    0.06558
|3S^CV(6->12')>   -0.06793
|3S^CV(5->2')>    0.05475
|3S^CV(5->3')>    0.23293
|3S^CV(5->4')>    0.14944
|3S^CV(5->11')>    0.09129
|3S^CV(5->12')>    0.07861
|3S^CV(5->13')>    0.09831
|3S^CV(4->1')>   -0.07796
|3S^CV(4->2')>    0.05034
|3S^CV(4->3')>    0.15617
|3S^CV(4->4')>    0.24439
|3S^CV(4->11')>    0.08269
|3S^CV(4->12')>    0.17594
|3S^CV(4->13')>    0.09072
|3S^CV(4->14')>    0.08050
|3S^CV(3->3')>    0.09726
|3S^CV(3->4')>    0.06249
|3S^CV(3->7')>   -0.08971
|3S^CV(3->9')>    0.10468
|3S^CV(3->10')>   -0.06652
|3S^CV(3->11')>    0.06503
|3S^CV(3->12')>    0.05885
|3S^CV(3->13')>    0.07465
|3S^CV(2->9')>   -0.20385
|3S^CV(2->10')>    0.29154
|3S^CV(1->9')>    0.25352
|3S^CV(1->10')>   -0.14517
|3X^CV(12->7')>    0.05524
|3X^CV(12->9')>   -0.06714
|3X^CV(11->7')>   -0.07074
|3X^CV(11->9')>    0.05236
|3X^CV(11->10')>   -0.08199
|3X^CV(8->7')>   -0.08259
|3X^CV(8->9')>    0.09990
|3X^CV(8->10')>   -0.06424
|3X^CV(7->12')>   -0.07791
|3X^CV(5->3')>    0.10545
|3X^CV(5->4')>    0.16499
|3X^CV(5->12')>    0.08665
|3X^CV(4->2')>    0.05537
|3X^CV(4->3')>    0.17244
|3X^CV(4->4')>    0.11071
|3X^CV(4->11')>    0.09137
|3X^CV(4->12')>    0.07957
|3X^CV(4->13')>    0.10042
|3X^CV(3->4')>    0.06897
|3X^CV(3->7')>   -0.06666
|3X^CV(3->10')>   -0.07338
|3X^CV(3->12')>    0.06489
|3X^CV(2->9')>   -0.20594
|3X^CV(2->10')>    0.14447
|3X^CV(1->9')>    0.10239
|3X^CV(1->10')>   -0.17944
TDMs with Triplet 'Ground' state
TDMX:0.000   TDMY:-0.000   TDMZ:0.000   Oscillator Strength:0.00000   <S**2>: 2.000
--------------------------------------------------------------------
TDMs with Singlet 'Ground' state
TDMX:0.000   TDMY:0.000   TDMZ:0.000   Oscillator Strength:0.00000   <S**2>: 2.000
--------------------------------------------------------------------


State 143 4.048 eV 
Excitation    CI Coef
|3S^CV(12->8')>    0.08216
|3S^CV(12->9')>    0.09503
|3S^CV(12->10')>    0.06084
|3S^CV(11->8')>    0.09515
|3S^CV(11->9')>    0.07420
|3S^CV(11->10')>    0.11587
|3S^CV(8->8')>   -0.12286
|3S^CV(8->9')>   -0.14142
|3S^CV(8->10')>   -0.09060
|3S^CV(7->10')>    0.05086
|3S^CV(7->11')>   -0.05211
|3S^CV(7->12')>    0.11029
|3S^CV(7->13')>   -0.05704
|3S^CV(7->14')>    0.05068
|3S^CV(6->3')>   -0.06568
|3S^CV(6->13')>    0.05527
|3S^CV(5->1')>    0.05453
|3S^CV(5->3')>    0.14928
|3S^CV(5->4')>   -0.23327
|3S^CV(5->11')>    0.05847
|3S^CV(5->12')>   -0.12276
|3S^CV(5->13')>    0.06296
|3S^CV(5->14')>   -0.05578
|3S^CV(4->2')>   -0.07860
|3S^CV(4->3')>   -0.24393
|3S^CV(4->4')>    0.15642
|3S^CV(4->11')>   -0.12909
|3S^CV(4->12')>    0.11267
|3S^CV(4->13')>   -0.14163
|3S^CV(4->14')>    0.05154
|3S^CV(3->3')>    0.06231
|3S^CV(3->4')>   -0.09752
|3S^CV(3->8')>    0.08968
|3S^CV(3->9')>    0.06714
|3S^CV(3->10')>    0.10369
|3S^CV(3->12')>   -0.09189
|3S^CV(2->9')>    0.25356
|3S^CV(2->10')>    0.14467
|3S^CV(1->9')>    0.20437
|3S^CV(1->10')>    0.29139
|3X^CV(12->8')>   -0.05523
|3X^CV(12->10')>   -0.06726
|3X^CV(11->8')>   -0.07079
|3X^CV(11->9')>   -0.08188
|3X^CV(11->10')>   -0.05242
|3X^CV(8->8')>    0.08258
|3X^CV(8->9')>    0.06408
|3X^CV(8->10')>    0.10013
|3X^CV(7->11')>    0.05754
|3X^CV(7->13')>    0.06312
|3X^CV(5->3')>   -0.16476
|3X^CV(5->4')>    0.10564
|3X^CV(5->11')>   -0.06460
|3X^CV(5->12')>    0.05550
|3X^CV(5->13')>   -0.06972
|3X^CV(4->1')>    0.05538
|3X^CV(4->3')>    0.11047
|3X^CV(4->4')>   -0.17277
|3X^CV(4->11')>    0.05851
|3X^CV(4->12')>   -0.12423
|3X^CV(4->13')>    0.06431
|3X^CV(4->14')>   -0.05670
|3X^CV(3->3')>   -0.06880
|3X^CV(3->8')>   -0.06676
|3X^CV(3->9')>   -0.07411
|3X^CV(3->13')>   -0.05294
|3X^CV(2->9')>   -0.10257
|3X^CV(2->10')>   -0.17917
|3X^CV(1->9')>   -0.20627
|3X^CV(1->10')>   -0.14422
TDMs with Triplet 'Ground' state
TDMX:-0.000   TDMY:0.000   TDMZ:0.000   Oscillator Strength:0.00000   <S**2>: 2.000
--------------------------------------------------------------------
TDMs with Singlet 'Ground' state
TDMX:0.000   TDMY:0.000   TDMZ:0.000   Oscillator Strength:0.00000   <S**2>: 2.000
--------------------------------------------------------------------


State 144 4.048 eV 
Excitation    CI Coef
|5^CV(12->7')>    0.14045
|5^CV(12->9')>    0.05485
|5^CV(12->10')>   -0.08489
|5^CV(11->7')>   -0.16293
|5^CV(11->8')>    0.05509
|5^CV(11->9')>   -0.10368
|5^CV(11->10')>    0.06686
|5^CV(8->7')>   -0.21174
|5^CV(8->9')>   -0.08238
|5^CV(8->10')>    0.12749
|5^CV(7->2')>   -0.07612
|5^CV(7->3')>    0.28565
|5^CV(7->4')>    0.18426
|5^CV(7->7')>   -0.05899
|5^CV(7->9')>   -0.05030
|5^CV(7->11')>   -0.11832
|5^CV(7->12')>   -0.10641
|5^CV(7->13')>   -0.13351
|5^CV(6->1')>    0.09588
|5^CV(6->2')>   -0.06304
|5^CV(6->3')>    0.19292
|5^CV(6->4')>    0.29851
|5^CV(6->11')>   -0.09869
|5^CV(6->12')>   -0.21223
|5^CV(6->13')>   -0.11090
|5^CV(6->14')>   -0.09860
|5^CV(5->2')>   -0.07231
|5^CV(5->3')>    0.05555
|5^CV(5->7')>    0.06361
|5^CV(5->11')>   -0.11492
|5^CV(5->12')>   -0.10213
|5^CV(5->13')>   -0.12750
|5^CV(4->3')>   -0.05130
|5^CV(4->4')>   -0.07974
|5^CV(4->12')>   -0.08488
|5^CV(3->3')>   -0.10516
|5^CV(3->4')>   -0.06790
|5^CV(3->7')>   -0.15579
|5^CV(3->8')>    0.05269
|5^CV(3->9')>   -0.09473
|5^CV(3->10')>    0.06115
|5^CV(2->7')>   -0.43165
|5^CV(1->7')>    0.32958
|5^CV(1->8')>   -0.13020
TDMs with Triplet 'Ground' state
TDMX:0.000   TDMY:0.000   TDMZ:0.000   Oscillator Strength:0.00000   <S**2>: 6.000
--------------------------------------------------------------------
TDMs with Singlet 'Ground' state
TDMX:0.000   TDMY:0.000   TDMZ:0.000   Oscillator Strength:0.00000   <S**2>: 6.000
--------------------------------------------------------------------


State 145 4.048 eV 
Excitation    CI Coef
|5^CV(12->8')>   -0.14038
|5^CV(12->9')>    0.08511
|5^CV(12->10')>    0.05472
|5^CV(11->7')>   -0.05531
|5^CV(11->8')>   -0.16294
|5^CV(11->9')>    0.06705
|5^CV(11->10')>    0.10342
|5^CV(8->8')>    0.21164
|5^CV(8->9')>   -0.12784
|5^CV(8->10')>   -0.08218
|5^CV(7->1')>    0.07484
|5^CV(7->3')>   -0.18442
|5^CV(7->4')>    0.28519
|5^CV(7->8')>   -0.05904
|5^CV(7->11')>    0.07634
|5^CV(7->12')>   -0.16475
|5^CV(7->13')>    0.08614
|5^CV(7->14')>   -0.07661
|5^CV(6->1')>   -0.06190
|5^CV(6->2')>   -0.09767
|5^CV(6->3')>    0.29908
|5^CV(6->4')>   -0.19267
|5^CV(6->11')>   -0.15291
|5^CV(6->12')>    0.13703
|5^CV(6->13')>   -0.17183
|5^CV(6->14')>    0.06366
|5^CV(5->1')>    0.07102
|5^CV(5->4')>    0.05517
|5^CV(5->8')>    0.06358
|5^CV(5->11')>    0.07420
|5^CV(5->12')>   -0.15824
|5^CV(5->13')>    0.08233
|5^CV(5->14')>   -0.07305
|5^CV(4->3')>   -0.07953
|5^CV(4->4')>    0.05147
|5^CV(4->11')>   -0.06209
|5^CV(4->12')>    0.05479
|5^CV(4->13')>   -0.06788
|5^CV(3->3')>    0.06792
|5^CV(3->4')>   -0.10514
|5^CV(3->7')>   -0.05287
|5^CV(3->8')>   -0.15579
|5^CV(3->9')>    0.06126
|5^CV(3->10')>    0.09458
|5^CV(2->7')>   -0.05201
|5^CV(2->8')>    0.35081
|5^CV(1->7')>    0.12192
|5^CV(1->8')>    0.41458
TDMs with Triplet 'Ground' state
TDMX:0.000   TDMY:0.000   TDMZ:0.000   Oscillator Strength:0.00000   <S**2>: 6.000
--------------------------------------------------------------------
TDMs with Singlet 'Ground' state
TDMX:0.000   TDMY:0.000   TDMZ:0.000   Oscillator Strength:0.00000   <S**2>: 6.000
--------------------------------------------------------------------


State 146 4.048 eV 
Excitation    CI Coef
|3S^CV(12->7')>   -0.11142
|3S^CV(12->10')>    0.07557
|3S^CV(11->7')>    0.12395
|3S^CV(11->8')>   -0.06620
|3S^CV(11->9')>    0.09230
|3S^CV(8->7')>    0.16795
|3S^CV(8->10')>   -0.11347
|3S^CV(7->2')>    0.06770
|3S^CV(7->3')>   -0.25471
|3S^CV(7->4')>   -0.11028
|3S^CV(7->11')>    0.10573
|3S^CV(7->12')>    0.06367
|3S^CV(7->13')>    0.11951
|3S^CV(6->1')>   -0.08593
|3S^CV(6->3')>   -0.11545
|3S^CV(6->4')>   -0.26628
|3S^CV(6->11')>    0.05914
|3S^CV(6->12')>    0.18907
|3S^CV(6->13')>    0.06658
|3S^CV(6->14')>    0.08763
|3S^CV(5->2')>    0.06417
|3S^CV(5->11')>    0.10245
|3S^CV(5->12')>    0.06093
|3S^CV(5->13')>    0.11387
|3S^CV(4->4')>    0.07077
|3S^CV(4->12')>    0.07533
|3S^CV(3->3')>    0.09364
|3S^CV(3->7')>    0.11852
|3S^CV(3->8')>   -0.06332
|3S^CV(3->9')>    0.08434
|3S^CV(2->7')>    0.34072
|3S^CV(2->8')>    0.06676
|3S^CV(1->7')>   -0.24916
|3S^CV(1->8')>    0.16029
|3X^CV(12->7')>   -0.07192
|3X^CV(12->9')>   -0.05356
|3X^CV(11->7')>    0.09604
|3X^CV(11->10')>   -0.06514
|3X^CV(8->7')>    0.10838
|3X^CV(8->8')>   -0.05789
|3X^CV(8->9')>    0.08042
|3X^CV(7->3')>   -0.07801
|3X^CV(7->4')>   -0.17989
|3X^CV(7->12')>    0.10372
|3X^CV(6->2')>    0.06117
|3X^CV(6->3')>   -0.18858
|3X^CV(6->4')>   -0.08158
|3X^CV(6->11')>    0.09665
|3X^CV(6->12')>    0.05782
|3X^CV(6->13')>    0.10898
|3X^CV(5->12')>    0.09935
|3X^CV(3->4')>    0.06622
|3X^CV(3->7')>    0.09183
|3X^CV(3->10')>   -0.05958
|3X^CV(2->7')>    0.22394
|3X^CV(2->8')>   -0.10064
|3X^CV(1->7')>   -0.19734
|3X^CV(1->8')>   -0.07042
TDMs with Triplet 'Ground' state
TDMX:0.000   TDMY:-0.000   TDMZ:-0.000   Oscillator Strength:0.00000   <S**2>: 2.000
--------------------------------------------------------------------
TDMs with Singlet 'Ground' state
TDMX:0.000   TDMY:0.000   TDMZ:0.000   Oscillator Strength:0.00000   <S**2>: 2.000
--------------------------------------------------------------------


State 147 4.048 eV 
Excitation    CI Coef
|3S^CV(12->8')>    0.11136
|3S^CV(12->9')>   -0.07575
|3S^CV(11->7')>    0.06640
|3S^CV(11->8')>    0.12399
|3S^CV(11->10')>   -0.09204
|3S^CV(8->8')>   -0.16785
|3S^CV(8->9')>    0.11375
|3S^CV(7->1')>   -0.06713
|3S^CV(7->3')>    0.11035
|3S^CV(7->4')>   -0.25432
|3S^CV(7->12')>    0.14688
|3S^CV(7->13')>   -0.05173
|3S^CV(7->14')>    0.06815
|3S^CV(6->2')>    0.08683
|3S^CV(6->3')>   -0.26679
|3S^CV(6->4')>    0.11532
|3S^CV(6->11')>    0.13657
|3S^CV(6->12')>   -0.08192
|3S^CV(6->13')>    0.15373
|3S^CV(5->1')>   -0.06353
|3S^CV(5->12')>    0.14070
|3S^CV(5->14')>    0.06478
|3S^CV(4->3')>    0.07051
|3S^CV(4->11')>    0.05522
|3S^CV(4->13')>    0.06048
|3S^CV(3->4')>    0.09360
|3S^CV(3->7')>    0.06347
|3S^CV(3->8')>    0.11855
|3S^CV(3->10')>   -0.08418
|3S^CV(2->7')>    0.09959
|3S^CV(2->8')>   -0.27926
|3S^CV(1->7')>   -0.14226
|3S^CV(1->8')>   -0.31652
|3X^CV(12->8')>   -0.07194
|3X^CV(12->10')>    0.05340
|3X^CV(11->8')>   -0.09598
|3X^CV(11->9')>    0.06529
|3X^CV(8->7')>    0.05806
|3X^CV(8->8')>    0.10842
|3X^CV(8->10')>   -0.08017
|3X^CV(7->3')>   -0.18011
|3X^CV(7->4')>    0.07784
|3X^CV(7->11')>    0.07477
|3X^CV(7->13')>    0.08474
|3X^CV(6->1')>   -0.06105
|3X^CV(6->3')>    0.08177
|3X^CV(6->4')>   -0.18829
|3X^CV(6->12')>    0.13352
|3X^CV(6->14')>    0.06173
|3X^CV(5->11')>    0.07257
|3X^CV(5->13')>    0.08074
|3X^CV(4->12')>    0.05315
|3X^CV(3->3')>    0.06622
|3X^CV(3->8')>   -0.09179
|3X^CV(3->9')>    0.05965
|3X^CV(2->7')>    0.11344
|3X^CV(2->8')>    0.17635
|3X^CV(1->8')>    0.24081
TDMs with Triplet 'Ground' state
TDMX:0.000   TDMY:-0.000   TDMZ:0.000   Oscillator Strength:0.00000   <S**2>: 2.000
--------------------------------------------------------------------
TDMs with Singlet 'Ground' state
TDMX:0.000   TDMY:0.000   TDMZ:0.000   Oscillator Strength:0.00000   <S**2>: 2.000
--------------------------------------------------------------------


State 148 4.061 eV 
Excitation    CI Coef
|1^CS(20->0)>   -0.12470
|1^CS(19->0)>    0.15936
|1^CS(18->0)>    0.05215
|1^CS(14->0)>    0.20961
|1^CS(13->0)>   -0.17221
|1^CS(12->0)>    0.10285
|1^CS(11->0)>    0.09565
|1^CS(20->0')>    0.12469
|1^CS(19->0')>    0.15936
|1^CS(18->0')>   -0.05215
|1^CS(14->0')>   -0.20961
|1^CS(13->0')>   -0.17221
|1^CS(12->0')>    0.10285
|1^CS(11->0')>   -0.09565
|1^SV(0->2')>   -0.07021
|1^SV(0->11')>   -0.08542
|1^SV(0->12')>    0.09643
|1^SV(0->14')>   -0.06393
|1^SV(0->15')>    0.09185
|1^SV(0->18')>    0.08868
|1^SV(0'->2')>   -0.07021
|1^SV(0'->11')>   -0.08542
|1^SV(0'->12')>   -0.09643
|1^SV(0'->14')>    0.06393
|1^SV(0'->15')>    0.09185
|1^SV(0'->18')>   -0.08868
|1S^CV(14->2')>    0.08293
|1S^CV(14->11')>   -0.05863
|1S^CV(14->13')>   -0.05575
|1S^CV(13->1')>    0.05074
|1S^CV(13->14')>   -0.06237
|1S^CV(12->1')>    0.15318
|1S^CV(12->12')>    0.09423
|1S^CV(11->2')>   -0.11405
|1S^CV(11->13')>   -0.06308
|1S^CV(8->1')>    0.09712
|1S^CV(3->2')>    0.09211
|1S^CV(3->11')>   -0.05217
|1T^CV(32->1')>    0.05500
|1T^CV(20->1')>    0.26413
|1T^CV(20->14')>    0.11682
|1T^CV(20->18')>    0.05029
|1T^CV(19->2')>   -0.25967
|1T^CV(19->13')>    0.12678
|1T^CV(18->12')>    0.09359
|1T^CV(17->11')>   -0.07009
|1T^CV(17->13')>   -0.05729
|1T^CV(16->4')>    0.08092
|1T^CV(15->3')>    0.08092
|1T^CV(14->1')>    0.07760
|1T^CV(14->14')>   -0.17455
|1T^CV(14->20')>    0.05559
|1T^CV(13->11')>    0.06653
|1T^CV(13->13')>   -0.12267
|1T^CV(13->21')>   -0.07263
|1T^CV(12->2')>    0.11473
|1T^CV(12->11')>    0.06079
|1T^CV(12->15')>    0.12195
|1T^CV(12->21')>    0.05532
|1T^CV(11->12')>   -0.07068
|1T^CV(11->14')>    0.05521
|1T^CV(11->18')>    0.09659
|1T^CV(8->2')>    0.24563
|1T^CV(8->11')>    0.06866
|1T^CV(8->13')>   -0.07831
|1T^CV(8->15')>    0.07619
|1T^CV(8->21')>    0.07215
|1T^CV(7->1')>   -0.05036
|1T^CV(7->14')>   -0.05306
|1T^CV(3->1')>   -0.11703
|1T^CV(3->12')>    0.07125
|1T^CV(3->14')>   -0.10748
|1T^CV(3->18')>   -0.07373
|1T^CV(3->20')>   -0.07944
|1T^CV(2->17')>   -0.05047
TDMs with Triplet 'Ground' state
TDMX:0.000   TDMY:0.000   TDMZ:0.000   Oscillator Strength:0.00000   <S**2>: 0.000
--------------------------------------------------------------------
TDMs with Singlet 'Ground' state
TDMX:-0.003   TDMY:0.309   TDMZ:0.000   Oscillator Strength:0.00949   <S**2>: 0.000
--------------------------------------------------------------------


State 149 4.088 eV 
Excitation    CI Coef
|5^CV(19->6')>    0.06390
|5^CV(18->5')>    0.08945
|5^CV(17->6')>    0.06818
|5^CV(14->2')>   -0.09588
|5^CV(14->5')>    0.27413
|5^CV(14->11')>    0.11168
|5^CV(13->1')>   -0.20038
|5^CV(13->6')>   -0.24031
|5^CV(13->12')>   -0.06902
|5^CV(13->14')>    0.05045
|5^CV(12->1')>   -0.22539
|5^CV(12->6')>    0.22767
|5^CV(12->12')>   -0.06347
|5^CV(12->14')>    0.05260
|5^CV(11->2')>    0.18342
|5^CV(11->5')>    0.13465
|5^CV(11->11')>   -0.08941
|5^CV(10->2')>   -0.07261
|5^CV(10->15')>   -0.09918
|5^CV(10->21')>   -0.06022
|5^CV(9->1')>   -0.16392
|5^CV(9->12')>   -0.06800
|5^CV(9->18')>   -0.08146
|5^CV(9->20')>   -0.05567
|5^CV(8->1')>   -0.17377
|5^CV(8->6')>    0.45788
|5^CV(7->2')>   -0.08199
|5^CV(7->5')>   -0.18003
|5^CV(5->2')>    0.07615
|5^CV(5->5')>    0.16357
|5^CV(3->2')>   -0.19705
|5^CV(3->5')>   -0.42226
TDMs with Triplet 'Ground' state
TDMX:0.000   TDMY:0.000   TDMZ:0.000   Oscillator Strength:0.00000   <S**2>: 6.000
--------------------------------------------------------------------
TDMs with Singlet 'Ground' state
TDMX:0.000   TDMY:0.000   TDMZ:0.000   Oscillator Strength:0.00000   <S**2>: 6.000
--------------------------------------------------------------------


State 150 4.092 eV 
Excitation    CI Coef
|3S^CV(19->6')>    0.05557
|3S^CV(18->5')>    0.08439
|3S^CV(17->6')>    0.06363
|3S^CV(14->5')>    0.26051
|3S^CV(14->11')>    0.05230
|3S^CV(13->6')>   -0.22308
|3S^CV(12->6')>    0.21265
|3S^CV(11->5')>    0.11920
|3S^CV(10->2')>   -0.05677
|3S^CV(10->15')>   -0.08598
|3S^CV(10->21')>   -0.05402
|3S^CV(9->1')>   -0.15135
|3S^CV(9->12')>   -0.06941
|3S^CV(9->18')>   -0.07227
|3S^CV(8->6')>    0.42705
|3S^CV(7->5')>   -0.16529
|3S^CV(5->5')>    0.15015
|3S^CV(3->2')>   -0.05636
|3S^CV(3->5')>   -0.38753
|3X^CV(19->5')>   -0.05059
|3X^CV(18->6')>   -0.06229
|3X^CV(14->6')>   -0.19695
|3X^CV(13->5')>    0.16447
|3X^CV(12->5')>   -0.14392
|3X^CV(11->6')>   -0.07604
|3X^CV(10->1')>    0.14521
|3X^CV(10->12')>    0.05051
|3X^CV(10->18')>    0.06337
|3X^CV(9->2')>    0.05133
|3X^CV(9->15')>    0.07648
|3X^CV(9->21')>    0.05126
|3X^CV(8->5')>   -0.30119
|3X^CV(7->6')>    0.11640
|3X^CV(5->6')>   -0.10553
|3X^CV(3->6')>    0.27269
TDMs with Triplet 'Ground' state
TDMX:-0.000   TDMY:-0.000   TDMZ:0.010   Oscillator Strength:0.00001   <S**2>: 2.000
--------------------------------------------------------------------
TDMs with Singlet 'Ground' state
TDMX:0.000   TDMY:0.000   TDMZ:0.000   Oscillator Strength:0.00000   <S**2>: 2.000
--------------------------------------------------------------------


State 151 4.092 eV 
Excitation    CI Coef
|3S^CV(19->5')>   -0.05559
|3S^CV(18->6')>   -0.08631
|3S^CV(17->5')>   -0.06348
|3S^CV(14->6')>   -0.26702
|3S^CV(13->5')>    0.22273
|3S^CV(12->5')>   -0.21246
|3S^CV(11->6')>   -0.11846
|3S^CV(10->1')>    0.15411
|3S^CV(10->12')>    0.06835
|3S^CV(10->18')>    0.07316
|3S^CV(9->2')>    0.06033
|3S^CV(9->15')>    0.08648
|3S^CV(9->21')>    0.05498
|3S^CV(8->5')>   -0.42662
|3S^CV(8->11')>   -0.05585
|3S^CV(7->6')>    0.16686
|3S^CV(5->6')>   -0.15147
|3S^CV(3->6')>    0.39118
|3X^CV(19->6')>    0.05288
|3X^CV(18->5')>    0.06235
|3X^CV(14->5')>    0.19696
|3X^CV(13->6')>   -0.16598
|3X^CV(12->6')>    0.14636
|3X^CV(11->5')>    0.07599
|3X^CV(10->2')>   -0.05190
|3X^CV(10->15')>   -0.07742
|3X^CV(10->21')>   -0.05165
|3X^CV(9->1')>   -0.14602
|3X^CV(9->12')>   -0.05241
|3X^CV(9->18')>   -0.06373
|3X^CV(8->6')>    0.30575
|3X^CV(7->5')>   -0.11662
|3X^CV(5->5')>    0.10582
|3X^CV(3->5')>   -0.27317
TDMs with Triplet 'Ground' state
TDMX:0.009   TDMY:0.005   TDMZ:0.000   Oscillator Strength:0.00001   <S**2>: 2.000
--------------------------------------------------------------------
TDMs with Singlet 'Ground' state
TDMX:0.000   TDMY:0.000   TDMZ:0.000   Oscillator Strength:0.00000   <S**2>: 2.000
--------------------------------------------------------------------


State 152 4.109 eV 
Excitation    CI Coef
|3^CS(10->0)>    0.14673
|3^CS(9->0)>    0.23181
|3^CS(10->0')>   -0.14674
|3^CS(9->0')>    0.23177
|3T^CV(14->6')>   -0.07435
|3T^CV(13->5')>    0.06718
|3T^CV(12->5')>   -0.11007
|3T^CV(11->6')>   -0.08302
|3T^CV(10->1')>    0.50641
|3T^CV(10->12')>   -0.06315
|3T^CV(9->2')>    0.32884
|3T^CV(9->11')>    0.12553
|3T^CV(8->5')>   -0.17395
|3T^CV(7->6')>    0.07158
|3T^CV(5->6')>   -0.06553
|3T^CV(3->6')>    0.16967
|3S^CV(20->5')>    0.06908
|3S^CV(19->6')>   -0.08885
|3S^CV(14->5')>   -0.08175
|3S^CV(13->6')>    0.06187
|3S^CV(10->2')>    0.13966
|3S^CV(10->15')>    0.10650
|3S^CV(10->21')>    0.07877
|3S^CV(9->1')>    0.18262
|3S^CV(9->14')>   -0.07095
|3S^CV(9->18')>    0.08369
|3S^CV(9->20')>    0.09069
|3X^CV(20->6')>    0.09558
|3X^CV(19->5')>   -0.11592
|3X^CV(14->6')>   -0.07812
|3X^CV(13->5')>    0.05257
|3X^CV(11->6')>    0.07263
|3X^CV(10->1')>    0.28273
|3X^CV(10->14')>   -0.07864
|3X^CV(10->18')>    0.10722
|3X^CV(10->20')>    0.10951
|3X^CV(9->2')>    0.13498
|3X^CV(9->13')>    0.07301
|3X^CV(9->15')>    0.14143
|3X^CV(9->21')>    0.10878
TDMs with Triplet 'Ground' state
TDMX:-0.000   TDMY:-0.000   TDMZ:0.114   Oscillator Strength:0.00131   <S**2>: 2.000
--------------------------------------------------------------------
TDMs with Singlet 'Ground' state
TDMX:0.000   TDMY:0.000   TDMZ:0.000   Oscillator Strength:0.00000   <S**2>: 2.000
--------------------------------------------------------------------


State 153 4.109 eV 
Excitation    CI Coef
|3^CS(10->0)>   -0.23022
|3^CS(9->0)>   -0.14630
|3^CS(10->0')>   -0.23025
|3^CS(9->0')>    0.14629
|3T^CV(14->5')>    0.07319
|3T^CV(13->6')>   -0.06760
|3T^CV(12->6')>    0.11009
|3T^CV(11->5')>    0.08169
|3T^CV(10->2')>   -0.32846
|3T^CV(10->11')>   -0.12323
|3T^CV(9->1')>   -0.50530
|3T^CV(9->12')>    0.06297
|3T^CV(8->6')>    0.17334
|3T^CV(7->5')>   -0.06997
|3T^CV(5->5')>    0.06384
|3T^CV(3->5')>   -0.16570
|3S^CV(20->6')>   -0.06961
|3S^CV(19->5')>    0.08876
|3S^CV(14->6')>    0.08870
|3S^CV(13->5')>   -0.06604
|3S^CV(10->1')>   -0.18478
|3S^CV(10->14')>    0.07020
|3S^CV(10->18')>   -0.08522
|3S^CV(10->20')>   -0.09137
|3S^CV(9->2')>   -0.14345
|3S^CV(9->15')>   -0.10770
|3S^CV(9->21')>   -0.08019
|3X^CV(20->5')>   -0.09383
|3X^CV(19->6')>    0.11626
|3X^CV(14->5')>    0.07432
|3X^CV(13->6')>   -0.05131
|3X^CV(12->6')>   -0.05156
|3X^CV(11->5')>   -0.07470
|3X^CV(10->2')>   -0.13458
|3X^CV(10->13')>   -0.07284
|3X^CV(10->15')>   -0.13997
|3X^CV(10->21')>   -0.10809
|3X^CV(9->1')>   -0.28179
|3X^CV(9->14')>    0.07729
|3X^CV(9->18')>   -0.10618
|3X^CV(9->20')>   -0.10888
TDMs with Triplet 'Ground' state
TDMX:0.119   TDMY:0.097   TDMZ:0.000   Oscillator Strength:0.00239   <S**2>: 2.000
--------------------------------------------------------------------
TDMs with Singlet 'Ground' state
TDMX:0.000   TDMY:0.000   TDMZ:0.000   Oscillator Strength:0.00000   <S**2>: 2.000
--------------------------------------------------------------------


State 154 4.129 eV 
Excitation    CI Coef
|1^CS(10->0)>    0.19096
|1^CS(9->0)>    0.21318
|1^CS(10->0')>   -0.19100
|1^CS(9->0')>    0.21317
|1^SV(0->2')>   -0.06225
|1^SV(0'->2')>   -0.06224
|1S^CV(14->5')>    0.06681
|1S^CV(13->1')>   -0.05402
|1S^CV(13->6')>   -0.06452
|1S^CV(12->6')>    0.10663
|1S^CV(11->5')>    0.08175
|1S^CV(10->2')>   -0.32373
|1S^CV(10->11')>   -0.11318
|1S^CV(9->1')>   -0.45605
|1S^CV(9->12')>    0.07435
|1S^CV(8->1')>   -0.05365
|1S^CV(8->6')>    0.16350
|1S^CV(7->5')>   -0.06717
|1S^CV(5->5')>    0.06153
|1S^CV(3->2')>   -0.07067
|1S^CV(3->5')>   -0.15962
|1T^CV(32->6')>    0.05049
|1T^CV(20->6')>    0.12531
|1T^CV(19->5')>   -0.15078
|1T^CV(14->6')>   -0.11336
|1T^CV(13->5')>    0.08073
|1T^CV(12->5')>    0.05486
|1T^CV(11->6')>    0.09206
|1T^CV(10->1')>    0.34192
|1T^CV(10->14')>   -0.11387
|1T^CV(10->16')>   -0.05342
|1T^CV(10->18')>    0.14258
|1T^CV(10->20')>    0.14974
|1T^CV(9->2')>    0.19381
|1T^CV(9->13')>    0.08110
|1T^CV(9->15')>    0.18453
|1T^CV(9->21')>    0.14047
|1T^CV(8->2')>    0.05052
TDMs with Triplet 'Ground' state
TDMX:0.000   TDMY:0.000   TDMZ:0.000   Oscillator Strength:0.00000   <S**2>: 0.000
--------------------------------------------------------------------
TDMs with Singlet 'Ground' state
TDMX:0.066   TDMY:0.089   TDMZ:0.000   Oscillator Strength:0.00123   <S**2>: 0.000
--------------------------------------------------------------------


State 155 4.130 eV 
Excitation    CI Coef
|1^CS(10->0)>    0.21631
|1^CS(9->0)>    0.19354
|1^CS(10->0')>    0.21632
|1^CS(9->0')>   -0.19349
|1S^CV(14->6')>    0.07247
|1S^CV(13->5')>   -0.06596
|1S^CV(12->5')>    0.10901
|1S^CV(11->6')>    0.08154
|1S^CV(10->1')>   -0.46872
|1S^CV(10->12')>    0.07681
|1S^CV(9->2')>   -0.33673
|1S^CV(9->11')>   -0.11730
|1S^CV(8->5')>    0.16787
|1S^CV(7->6')>   -0.06919
|1S^CV(5->6')>    0.06346
|1S^CV(3->6')>   -0.16459
|1T^CV(33->6')>   -0.05091
|1T^CV(32->5')>    0.05087
|1T^CV(20->5')>    0.12600
|1T^CV(19->6')>   -0.15756
|1T^CV(14->5')>   -0.11384
|1T^CV(13->6')>    0.08189
|1T^CV(12->6')>    0.05706
|1T^CV(11->5')>    0.09150
|1T^CV(10->2')>    0.19855
|1T^CV(10->13')>    0.08220
|1T^CV(10->15')>    0.18893
|1T^CV(10->21')>    0.14294
|1T^CV(9->1')>    0.34733
|1T^CV(9->14')>   -0.11760
|1T^CV(9->16')>   -0.05501
|1T^CV(9->18')>    0.14468
|1T^CV(9->20')>    0.15216
TDMs with Triplet 'Ground' state
TDMX:0.000   TDMY:0.000   TDMZ:0.000   Oscillator Strength:0.00000   <S**2>: 0.000
--------------------------------------------------------------------
TDMs with Singlet 'Ground' state
TDMX:0.000   TDMY:0.000   TDMZ:-0.065   Oscillator Strength:0.00043   <S**2>: 0.000
--------------------------------------------------------------------


State 156 4.135 eV 
Excitation    CI Coef
|3^CS(11->0)>   -0.08409
|3^CS(8->0)>    0.08493
|3^CS(3->0)>    0.05431
|3^CS(11->0')>    0.08408
|3^CS(8->0')>    0.08493
|3^CS(3->0')>   -0.05430
|3^SV(0->1')>   -0.09816
|3^SV(0->2')>    0.17899
|3^SV(0->13')>   -0.05415
|3^SV(0'->1')>   -0.09816
|3^SV(0'->2')>   -0.17899
|3^SV(0'->13')>    0.05415
|3T^CV(17->2')>    0.05030
|3T^CV(12->2')>    0.08855
|3S^CV(20->11')>    0.05837
|3S^CV(19->1')>   -0.12543
|3S^CV(18->2')>   -0.07046
|3S^CV(17->1')>    0.06911
|3S^CV(14->2')>   -0.24591
|3S^CV(14->5')>   -0.05574
|3S^CV(14->11')>    0.09516
|3S^CV(13->1')>   -0.36782
|3S^CV(13->12')>   -0.12274
|3S^CV(13->14')>    0.09636
|3S^CV(12->1')>   -0.28899
|3S^CV(12->12')>   -0.11358
|3S^CV(12->14')>    0.09185
|3S^CV(11->2')>    0.27258
|3S^CV(11->11')>   -0.14556
|3S^CV(8->1')>   -0.24995
|3S^CV(8->6')>   -0.05843
|3S^CV(8->12')>   -0.08240
|3S^CV(7->2')>   -0.14651
|3S^CV(7->11')>    0.06031
|3S^CV(5->2')>    0.13301
|3S^CV(5->11')>   -0.05540
|3S^CV(3->2')>   -0.33610
|3S^CV(3->11')>    0.14413
|3X^CV(20->1')>    0.07374
|3X^CV(18->1')>    0.05759
|3X^CV(17->2')>   -0.06302
|3X^CV(14->1')>    0.13142
|3X^CV(13->2')>    0.12329
|3X^CV(13->11')>   -0.08220
|3X^CV(11->14')>    0.08113
|3X^CV(8->2')>    0.08101
|3X^CV(3->14')>   -0.07411
TDMs with Triplet 'Ground' state
TDMX:0.000   TDMY:0.000   TDMZ:-0.008   Oscillator Strength:0.00001   <S**2>: 2.000
--------------------------------------------------------------------
TDMs with Singlet 'Ground' state
TDMX:0.000   TDMY:0.000   TDMZ:0.000   Oscillator Strength:0.00000   <S**2>: 2.000
--------------------------------------------------------------------


State 157 4.158 eV 
Excitation    CI Coef
|1^ZW->    0.08998
|1^CS(13->0)>   -0.07921
|1^CS(12->0)>   -0.07187
|1^CS(11->0)>    0.06437
|1^CS(3->0)>   -0.08216
|1^CS(13->0')>   -0.07921
|1^CS(12->0')>   -0.07186
|1^CS(11->0')>   -0.06438
|1^CS(3->0')>    0.08216
|1^SV(0->1')>    0.13313
|1^SV(0->2')>   -0.23849
|1^SV(0->11')>    0.08473
|1^SV(0->14')>   -0.05276
|1^SV(0'->1')>   -0.13312
|1^SV(0'->2')>   -0.23849
|1^SV(0'->11')>    0.08473
|1^SV(0'->14')>    0.05276
|1S^CV(20->2')>   -0.07371
|1S^CV(18->2')>   -0.08448
|1S^CV(17->1')>    0.05896
|1S^CV(14->2')>   -0.22886
|1S^CV(14->11')>    0.12438
|1S^CV(13->1')>   -0.34554
|1S^CV(13->12')>   -0.10636
|1S^CV(13->14')>    0.07025
|1S^CV(12->1')>   -0.29618
|1S^CV(12->12')>   -0.11043
|1S^CV(11->2')>    0.19151
|1S^CV(11->11')>   -0.13241
|1S^CV(10->2')>    0.09225
|1S^CV(9->1')>    0.10278
|1S^CV(8->1')>   -0.26497
|1S^CV(8->12')>   -0.06709
|1S^CV(7->2')>   -0.12480
|1S^CV(7->11')>    0.06658
|1S^CV(5->2')>    0.11230
|1S^CV(5->11')>   -0.05889
|1S^CV(3->2')>   -0.28112
|1S^CV(3->11')>    0.15049
|1T^CV(20->1')>    0.06791
|1T^CV(18->1')>    0.07149
|1T^CV(17->2')>   -0.09962
|1T^CV(14->1')>    0.12451
|1T^CV(13->2')>    0.13911
|1T^CV(13->11')>   -0.08269
|1T^CV(12->2')>   -0.07744
|1T^CV(12->11')>    0.05408
|1T^CV(12->13')>   -0.06585
|1T^CV(11->1')>    0.05535
|1T^CV(10->1')>   -0.06016
|1T^CV(8->2')>    0.12103
|1T^CV(3->12')>    0.05448
TDMs with Triplet 'Ground' state
TDMX:0.000   TDMY:0.000   TDMZ:0.000   Oscillator Strength:0.00000   <S**2>: 0.000
--------------------------------------------------------------------
TDMs with Singlet 'Ground' state
TDMX:-0.037   TDMY:0.121   TDMZ:-0.000   Oscillator Strength:0.00164   <S**2>: 0.000
--------------------------------------------------------------------


State 158 4.179 eV 
Excitation    CI Coef
|1^ZW+>   -0.07857
|1^CS(14->0)>   -0.07991
|1^CS(13->0)>    0.14950
|1^CS(12->0)>   -0.11087
|1^CS(11->0)>   -0.25782
|1^CS(8->0)>    0.09760
|1^CS(3->0)>    0.09763
|1^CS(14->0')>   -0.07991
|1^CS(13->0')>   -0.14950
|1^CS(12->0')>    0.11087
|1^CS(11->0')>   -0.25781
|1^CS(8->0')>   -0.09760
|1^CS(3->0')>    0.09762
|1^SV(0->1')>    0.14922
|1^SV(0->2')>   -0.18926
|1^SV(0->14')>   -0.12816
|1^SV(0'->1')>    0.14923
|1^SV(0'->2')>    0.18927
|1^SV(0'->14')>   -0.12816
|1S^CV(17->2')>   -0.06621
|1S^CV(13->2')>    0.05704
|1S^CV(13->13')>   -0.05397
|1S^CV(12->2')>   -0.13082
|1S^CV(12->13')>    0.07106
|1S^CV(11->12')>   -0.06068
|1S^CV(11->14')>   -0.11611
|1S^CV(10->6')>   -0.05294
|1S^CV(9->5')>   -0.05232
|1T^CV(20->2')>   -0.07233
|1T^CV(19->1')>   -0.05653
|1T^CV(18->2')>   -0.08909
|1T^CV(18->11')>    0.07163
|1T^CV(18->13')>    0.06680
|1T^CV(17->1')>    0.10306
|1T^CV(17->12')>   -0.06212
|1T^CV(17->14')>   -0.08231
|1T^CV(16->3')>    0.10354
|1T^CV(15->4')>    0.10353
|1T^CV(14->2')>   -0.27325
|1T^CV(14->13')>   -0.05014
|1T^CV(13->1')>   -0.23656
|1T^CV(13->12')>   -0.12853
|1T^CV(12->1')>   -0.07820
|1T^CV(11->2')>    0.15614
|1T^CV(11->11')>   -0.11132
|1T^CV(11->13')>   -0.07111
|1T^CV(8->1')>   -0.31854
|1T^CV(7->2')>   -0.07153
|1T^CV(7->11')>    0.07032
|1T^CV(5->2')>    0.06404
|1T^CV(5->11')>   -0.06231
|1T^CV(3->2')>   -0.14899
|1T^CV(3->11')>    0.16114
|1T^CV(2->4')>   -0.07893
|1T^CV(2->16')>   -0.05726
|1T^CV(1->3')>    0.07942
|1T^CV(1->17')>    0.06169
TDMs with Triplet 'Ground' state
TDMX:0.000   TDMY:0.000   TDMZ:0.000   Oscillator Strength:0.00000   <S**2>: 0.000
--------------------------------------------------------------------
TDMs with Singlet 'Ground' state
TDMX:0.000   TDMY:-0.000   TDMZ:0.067   Oscillator Strength:0.00045   <S**2>: 0.000
--------------------------------------------------------------------


State 159 4.202 eV 
Excitation    CI Coef
|3^CS(14->0)>    0.05753
|3^CS(13->0)>   -0.07190
|3^CS(12->0)>    0.17787
|3^CS(11->0)>    0.21331
|3^CS(14->0')>    0.05754
|3^CS(13->0')>    0.07191
|3^CS(12->0')>   -0.17789
|3^CS(11->0')>    0.21334
|3^SV(0->1')>    0.11731
|3^SV(0->2')>   -0.12005
|3^SV(0->11')>   -0.06651
|3^SV(0->13')>    0.12463
|3^SV(0->14')>   -0.08683
|3^SV(0'->1')>   -0.11731
|3^SV(0'->2')>   -0.12004
|3^SV(0'->11')>   -0.06653
|3^SV(0'->13')>    0.12465
|3^SV(0'->14')>    0.08685
|3T^CV(18->2')>   -0.06653
|3T^CV(14->2')>   -0.13594
|3T^CV(14->11')>    0.07674
|3T^CV(13->1')>   -0.23142
|3T^CV(13->12')>   -0.05163
|3T^CV(13->14')>    0.09111
|3T^CV(12->1')>   -0.25383
|3T^CV(12->12')>   -0.10794
|3T^CV(11->11')>   -0.11905
|3T^CV(11->13')>    0.16454
|3T^CV(8->1')>   -0.16158
|3T^CV(8->14')>    0.05451
|3T^CV(7->2')>   -0.06875
|3T^CV(5->2')>    0.05742
|3T^CV(3->2')>   -0.14525
|3T^CV(3->11')>    0.09875
|3S^CV(20->1')>   -0.05366
|3S^CV(16->4')>    0.05185
|3S^CV(15->3')>    0.05184
|3S^CV(14->1')>   -0.06003
|3S^CV(14->12')>   -0.05849
|3S^CV(13->2')>   -0.06268
|3S^CV(11->1')>   -0.05256
|3S^CV(11->14')>   -0.05713
|3S^CV(3->1')>   -0.06637
|3S^CV(2->3')>   -0.05728
|3S^CV(1->4')>    0.05707
|3X^CV(19->1')>    0.14693
|3X^CV(18->13')>   -0.07433
|3X^CV(17->1')>   -0.09448
|3X^CV(17->14')>    0.05647
|3X^CV(16->3')>   -0.07402
|3X^CV(15->4')>   -0.07402
|3X^CV(14->2')>    0.17430
|3X^CV(13->1')>    0.24494
|3X^CV(13->12')>    0.13170
|3X^CV(13->14')>   -0.08729
|3X^CV(12->1')>    0.07083
|3X^CV(12->14')>   -0.07767
|3X^CV(11->2')>   -0.13583
|3X^CV(11->11')>    0.06940
|3X^CV(8->1')>    0.22064
|3X^CV(3->2')>    0.09773
|3X^CV(3->11')>   -0.08497
|3X^CV(3->15')>    0.05409
|3X^CV(2->4')>    0.07864
|3X^CV(1->3')>   -0.07878
TDMs with Triplet 'Ground' state
TDMX:-0.015   TDMY:0.407   TDMZ:-0.000   Oscillator Strength:0.01707   <S**2>: 2.000
--------------------------------------------------------------------
TDMs with Singlet 'Ground' state
TDMX:0.000   TDMY:0.000   TDMZ:0.000   Oscillator Strength:0.00000   <S**2>: 2.000
--------------------------------------------------------------------


State 160 4.204 eV 
Excitation    CI Coef
|3^CS(19->0)>    0.05029
|3^CS(14->0)>   -0.05975
|3^CS(13->0)>    0.05567
|3^CS(12->0)>   -0.21616
|3^CS(11->0)>   -0.21713
|3^CS(19->0')>    0.05029
|3^CS(14->0')>    0.05975
|3^CS(13->0')>    0.05566
|3^CS(12->0')>   -0.21614
|3^CS(11->0')>    0.21711
|3^SV(0->1')>   -0.05329
|3^SV(0->2')>   -0.06451
|3^SV(0->11')>    0.17037
|3^SV(0->12')>   -0.06839
|3^SV(0->13')>   -0.14335
|3^SV(0->14')>    0.16805
|3^SV(0->15')>   -0.08352
|3^SV(0->20')>   -0.07259
|3^SV(0'->1')>   -0.05328
|3^SV(0'->2')>    0.06453
|3^SV(0'->11')>   -0.17036
|3^SV(0'->12')>   -0.06839
|3^SV(0'->13')>    0.14333
|3^SV(0'->14')>    0.16804
|3^SV(0'->15')>    0.08352
|3^SV(0'->20')>   -0.07258
|3T^CV(12->11')>    0.05365
|3T^CV(12->13')>   -0.12888
|3T^CV(11->1')>    0.07498
|3T^CV(11->14')>    0.11891
|3T^CV(10->6')>    0.05464
|3T^CV(9->5')>    0.05402
|3S^CV(20->2')>    0.09365
|3S^CV(19->1')>   -0.13259
|3S^CV(18->13')>    0.08186
|3S^CV(17->14')>   -0.06410
|3S^CV(16->3')>    0.07271
|3S^CV(15->4')>    0.07272
|3S^CV(14->11')>   -0.15163
|3S^CV(13->12')>   -0.08152
|3S^CV(13->14')>    0.05724
|3S^CV(12->1')>    0.07519
|3S^CV(12->12')>    0.06337
|3S^CV(11->13')>   -0.07802
|3S^CV(8->12')>    0.06254
|3S^CV(8->18')>    0.05669
|3S^CV(7->2')>    0.05225
|3S^CV(3->2')>    0.12757
|3S^CV(3->15')>   -0.06807
|3S^CV(2->4')>   -0.06645
|3S^CV(1->3')>    0.06651
|3X^CV(20->1')>    0.12641
|3X^CV(19->2')>   -0.16781
|3X^CV(18->14')>   -0.10065
|3X^CV(17->2')>    0.06142
|3X^CV(17->13')>    0.10808
|3X^CV(16->4')>   -0.10285
|3X^CV(15->3')>   -0.10286
|3X^CV(14->12')>    0.12380
|3X^CV(14->14')>   -0.08747
|3X^CV(13->11')>    0.18983
|3X^CV(13->13')>   -0.06599
|3X^CV(12->2')>    0.09661
|3X^CV(12->11')>   -0.06087
|3X^CV(12->13')>   -0.07280
|3X^CV(12->15')>    0.07453
|3X^CV(11->1')>    0.09643
|3X^CV(11->12')>    0.05003
|3X^CV(11->14')>    0.05590
|3X^CV(8->2')>   -0.05984
|3X^CV(8->11')>   -0.06596
|3X^CV(8->15')>    0.08635
|3X^CV(3->1')>    0.10796
|3X^CV(3->12')>   -0.06098
|3X^CV(3->18')>   -0.07570
|3X^CV(2->3')>    0.09381
|3X^CV(2->17')>    0.06469
|3X^CV(1->4')>   -0.09384
|3X^CV(1->16')>   -0.06001
|3^CSD(12,11)>    0.06276
TDMs with Triplet 'Ground' state
TDMX:0.000   TDMY:-0.000   TDMZ:-0.198   Oscillator Strength:0.00402   <S**2>: 2.000
--------------------------------------------------------------------
TDMs with Singlet 'Ground' state
TDMX:0.000   TDMY:0.000   TDMZ:0.000   Oscillator Strength:0.00000   <S**2>: 2.000
--------------------------------------------------------------------


State 161 4.241 eV 
Excitation    CI Coef
|1^CS(14->0)>    0.08136
|1^CS(13->0)>   -0.06715
|1^CS(12->0)>    0.27653
|1^CS(11->0)>    0.24570
|1^CS(14->0')>   -0.08136
|1^CS(13->0')>   -0.06715
|1^CS(12->0')>    0.27653
|1^CS(11->0')>   -0.24570
|1^SV(0->1')>   -0.09103
|1^SV(0->11')>    0.12593
|1^SV(0->13')>   -0.10875
|1^SV(0->14')>    0.16443
|1^SV(0->15')>   -0.05947
|1^SV(0->20')>   -0.06803
|1^SV(0'->1')>    0.09103
|1^SV(0'->11')>    0.12593
|1^SV(0'->13')>   -0.10875
|1^SV(0'->14')>   -0.16443
|1^SV(0'->15')>   -0.05947
|1^SV(0'->20')>    0.06803
|1S^CV(14->13')>   -0.05038
|1S^CV(12->1')>    0.09079
|1S^CV(12->14')>    0.13763
|1S^CV(11->2')>    0.13034
|1S^CV(11->13')>   -0.14216
|1S^CV(10->5')>    0.05103
|1S^CV(9->6')>    0.05208
|1S^CV(4->10')>   -0.05215
|1S^CV(3->2')>   -0.06167
|1T^CV(20->1')>   -0.14285
|1T^CV(19->2')>    0.17085
|1T^CV(18->1')>   -0.06009
|1T^CV(18->12')>    0.05333
|1T^CV(18->14')>    0.11614
|1T^CV(17->13')>   -0.11251
|1T^CV(16->4')>    0.13355
|1T^CV(15->3')>    0.13354
|1T^CV(14->12')>   -0.14950
|1T^CV(14->14')>    0.09798
|1T^CV(13->11')>   -0.18295
|1T^CV(13->13')>    0.05200
|1T^CV(12->2')>   -0.08793
|1T^CV(12->11')>    0.06391
|1T^CV(12->13')>    0.11395
|1T^CV(12->15')>   -0.06386
|1T^CV(11->1')>   -0.13922
|1T^CV(11->14')>   -0.07402
|1T^CV(8->2')>    0.08898
|1T^CV(8->11')>    0.08986
|1T^CV(8->15')>   -0.09461
|1T^CV(8->19')>    0.05195
|1T^CV(7->1')>   -0.07724
|1T^CV(5->1')>    0.05940
|1T^CV(4->9')>    0.05071
|1T^CV(3->1')>   -0.16225
|1T^CV(3->12')>    0.07331
|1T^CV(3->18')>    0.08395
|1T^CV(2->3')>   -0.13978
|1T^CV(2->17')>   -0.08253
|1T^CV(1->4')>    0.13938
|1T^CV(1->16')>    0.07660
TDMs with Triplet 'Ground' state
TDMX:0.000   TDMY:0.000   TDMZ:0.000   Oscillator Strength:0.00000   <S**2>: 0.000
--------------------------------------------------------------------
TDMs with Singlet 'Ground' state
TDMX:0.006   TDMY:-0.648   TDMZ:0.000   Oscillator Strength:0.04366   <S**2>: 0.000
--------------------------------------------------------------------


State 162 4.258 eV 
Excitation    CI Coef
|3^CS(12->0)>   -0.17338
|3^CS(11->0)>   -0.16427
|3^CS(12->0')>    0.17338
|3^CS(11->0')>   -0.16427
|3^SV(0->2')>   -0.18646
|3^SV(0->11')>    0.09625
|3^SV(0->12')>   -0.08545
|3^SV(0->14')>    0.08348
|3^SV(0->15')>   -0.05237
|3^SV(0'->2')>   -0.18646
|3^SV(0'->11')>    0.09625
|3^SV(0'->12')>    0.08545
|3^SV(0'->14')>   -0.08348
|3^SV(0'->15')>   -0.05237
|3T^CV(18->2')>   -0.05584
|3T^CV(14->2')>   -0.14196
|3T^CV(14->11')>    0.07035
|3T^CV(13->1')>   -0.15193
|3T^CV(12->14')>    0.11216
|3T^CV(11->2')>    0.13347
|3T^CV(8->1')>   -0.05768
|3T^CV(7->2')>   -0.08063
|3T^CV(5->2')>    0.09062
|3T^CV(3->2')>   -0.19756
|3T^CV(3->11')>    0.06754
|3S^CV(19->2')>   -0.10580
|3S^CV(17->2')>    0.07194
|3S^CV(14->1')>   -0.10783
|3S^CV(14->12')>    0.05939
|3S^CV(13->11')>    0.14095
|3S^CV(13->13')>   -0.05221
|3S^CV(12->2')>    0.08860
|3S^CV(12->13')>   -0.06217
|3S^CV(12->15')>    0.05451
|3S^CV(8->2')>   -0.09729
|3S^CV(8->11')>   -0.06571
|3S^CV(8->15')>    0.06054
|3S^CV(3->1')>    0.08593
|3S^CV(3->12')>   -0.06187
|3S^CV(2->3')>    0.06403
|3S^CV(1->4')>   -0.06420
|3X^CV(20->2')>    0.11064
|3X^CV(19->1')>   -0.08743
|3X^CV(18->2')>    0.08886
|3X^CV(18->13')>    0.05650
|3X^CV(16->3')>    0.06711
|3X^CV(15->4')>    0.06711
|3X^CV(14->2')>    0.10249
|3X^CV(14->11')>   -0.20689
|3X^CV(14->13')>    0.05850
|3X^CV(13->1')>    0.18925
|3X^CV(12->1')>    0.13883
|3X^CV(12->12')>    0.11830
|3X^CV(11->11')>    0.10057
|3X^CV(11->13')>   -0.11659
|3X^CV(8->12')>    0.11871
|3X^CV(8->14')>   -0.05635
|3X^CV(8->18')>    0.05777
|3X^CV(7->2')>    0.14734
|3X^CV(5->2')>   -0.11590
|3X^CV(3->2')>    0.29714
|3X^CV(3->13')>    0.05586
|3X^CV(3->15')>   -0.06781
|3X^CV(2->4')>   -0.09262
|3X^CV(1->3')>    0.09245
TDMs with Triplet 'Ground' state
TDMX:0.005   TDMY:-0.559   TDMZ:0.000   Oscillator Strength:0.03266   <S**2>: 2.000
--------------------------------------------------------------------
TDMs with Singlet 'Ground' state
TDMX:0.000   TDMY:0.000   TDMZ:0.000   Oscillator Strength:0.00000   <S**2>: 2.000
--------------------------------------------------------------------


State 163 4.264 eV 
Excitation    CI Coef
|3^CS(4->0)>   -0.07927
|3^CS(5->0')>    0.08306
|3^CS(4->0')>    0.11203
|3^SV(0->9')>    0.06290
|3^SV(0->10')>    0.06231
|3^SV(0'->9')>    0.09523
|3^SV(0'->10')>   -0.09508
|3T^CV(12->10')>   -0.08190
|3T^CV(11->9')>   -0.10795
|3T^CV(8->10')>    0.16761
|3T^CV(7->3')>    0.10654
|3T^CV(7->9')>   -0.06548
|3T^CV(5->2')>   -0.12500
|3T^CV(5->3')>   -0.21404
|3T^CV(5->9')>    0.05038
|3T^CV(5->11')>   -0.12662
|3T^CV(5->13')>   -0.09398
|3T^CV(4->1')>    0.17235
|3T^CV(4->3')>   -0.05603
|3T^CV(4->4')>   -0.27303
|3T^CV(4->12')>   -0.17374
|3T^CV(3->2')>   -0.06822
|3T^CV(3->3')>   -0.13565
|3T^CV(3->9')>   -0.12888
|3T^CV(3->11')>   -0.06026
|3T^CV(2->7')>   -0.11156
|3T^CV(2->9')>    0.08565
|3T^CV(2->10')>   -0.27983
|3T^CV(1->7')>    0.07689
|3T^CV(1->8')>   -0.07881
|3T^CV(1->9')>   -0.26737
|3S^CV(18->10')>   -0.09743
|3S^CV(17->9')>   -0.09852
|3S^CV(16->10')>   -0.09169
|3S^CV(15->9')>    0.08865
|3S^CV(5->1')>   -0.07017
|3S^CV(5->4')>    0.09259
|3S^CV(5->12')>    0.06229
|3S^CV(5->18')>   -0.05981
|3S^CV(5->20')>    0.06454
|3S^CV(4->2')>    0.07068
|3S^CV(4->3')>    0.11655
|3S^CV(4->11')>    0.05849
|3S^CV(4->17')>   -0.08137
|3S^CV(4->19')>   -0.08498
|3S^CV(3->4')>    0.05587
|3X^CV(18->9')>   -0.13759
|3X^CV(17->10')>   -0.13934
|3X^CV(16->9')>   -0.12929
|3X^CV(15->10')>    0.12551
|3X^CV(7->3')>    0.06613
|3X^CV(5->2')>   -0.08573
|3X^CV(5->3')>   -0.13039
|3X^CV(5->11')>   -0.07286
|3X^CV(5->13')>   -0.05328
|3X^CV(5->17')>    0.09005
|3X^CV(5->19')>    0.10080
|3X^CV(4->1')>    0.11917
|3X^CV(4->4')>   -0.16488
|3X^CV(4->12')>   -0.09668
|3X^CV(4->16')>    0.08405
|3X^CV(4->18')>    0.10361
|3X^CV(4->20')>   -0.10865
|3X^CV(3->3')>   -0.07875
|3X^CV(3->17')>    0.05780
|3X^CV(3->19')>    0.05483
TDMs with Triplet 'Ground' state
TDMX:-0.028   TDMY:-0.008   TDMZ:0.004   Oscillator Strength:0.00009   <S**2>: 2.000
--------------------------------------------------------------------
TDMs with Singlet 'Ground' state
TDMX:0.000   TDMY:0.000   TDMZ:0.000   Oscillator Strength:0.00000   <S**2>: 2.000
--------------------------------------------------------------------


State 164 4.264 eV 
Excitation    CI Coef
|3^CS(5->0)>    0.09459
|3^CS(4->0)>   -0.09918
|3^CS(3->0)>    0.05428
|3^CS(5->0')>   -0.06721
|3^CS(4->0')>   -0.05978
|3^SV(0->9')>    0.09512
|3^SV(0->10')>    0.09539
|3^SV(0'->9')>   -0.06242
|3^SV(0'->10')>    0.06308
|3T^CV(12->9')>   -0.08199
|3T^CV(11->10')>   -0.10811
|3T^CV(8->9')>    0.16769
|3T^CV(7->4')>   -0.10805
|3T^CV(7->10')>   -0.06632
|3T^CV(5->1')>   -0.14915
|3T^CV(5->4')>    0.21384
|3T^CV(5->10')>    0.05252
|3T^CV(5->12')>    0.15063
|3T^CV(4->2')>    0.14655
|3T^CV(4->3')>    0.27218
|3T^CV(4->4')>   -0.05617
|3T^CV(4->11')>    0.14529
|3T^CV(4->13')>    0.10857
|3T^CV(3->1')>   -0.07665
|3T^CV(3->4')>    0.13617
|3T^CV(3->10')>   -0.12806
|3T^CV(3->12')>    0.07472
|3T^CV(2->7')>    0.06078
|3T^CV(2->8')>   -0.09377
|3T^CV(2->9')>   -0.26642
|3T^CV(1->7')>   -0.06874
|3T^CV(1->8')>   -0.09982
|3T^CV(1->9')>   -0.08615
|3T^CV(1->10')>   -0.27917
|3S^CV(18->9')>   -0.09751
|3S^CV(17->10')>   -0.09878
|3S^CV(16->9')>   -0.08844
|3S^CV(15->10')>    0.09156
|3S^CV(5->2')>   -0.06215
|3S^CV(5->3')>   -0.09215
|3S^CV(5->11')>   -0.05069
|3S^CV(5->17')>    0.06350
|3S^CV(5->19')>    0.07262
|3S^CV(4->1')>    0.07926
|3S^CV(4->4')>   -0.11663
|3S^CV(4->12')>   -0.07133
|3S^CV(4->16')>    0.05948
|3S^CV(4->18')>    0.07327
|3S^CV(4->20')>   -0.07540
|3S^CV(3->3')>   -0.05592
|3X^CV(18->10')>   -0.13795
|3X^CV(17->9')>   -0.13943
|3X^CV(16->10')>   -0.12518
|3X^CV(15->8')>    0.05118
|3X^CV(15->9')>    0.12921
|3X^CV(7->4')>   -0.06709
|3X^CV(5->1')>   -0.10496
|3X^CV(5->4')>    0.13035
|3X^CV(5->12')>    0.08420
|3X^CV(5->16')>   -0.06411
|3X^CV(5->18')>   -0.08484
|3X^CV(5->20')>    0.09329
|3X^CV(4->2')>    0.09536
|3X^CV(4->3')>    0.16432
|3X^CV(4->11')>    0.08452
|3X^CV(4->13')>    0.06103
|3X^CV(4->17')>   -0.11499
|3X^CV(4->19')>   -0.11851
|3X^CV(3->4')>    0.07913
|3X^CV(3->18')>   -0.05091
TDMs with Triplet 'Ground' state
TDMX:-0.006   TDMY:-0.002   TDMZ:-0.017   Oscillator Strength:0.00003   <S**2>: 2.000
--------------------------------------------------------------------
TDMs with Singlet 'Ground' state
TDMX:0.000   TDMY:0.000   TDMZ:0.000   Oscillator Strength:0.00000   <S**2>: 2.000
--------------------------------------------------------------------


State 165 4.266 eV 
Excitation    CI Coef
|3^CS(7->0)>   -0.08561
|3^CS(6->0)>    0.08119
|3^CS(7->0')>    0.08583
|3^CS(6->0')>    0.08142
|3^SV(0->8')>    0.11241
|3^SV(0'->7')>    0.11278
|3T^CV(12->7')>    0.05313
|3T^CV(12->8')>   -0.06676
|3T^CV(11->7')>   -0.08801
|3T^CV(11->8')>   -0.06967
|3T^CV(8->7')>   -0.10924
|3T^CV(8->8')>    0.13726
|3T^CV(7->1')>    0.15791
|3T^CV(7->4')>    0.23458
|3T^CV(7->12')>   -0.15758
|3T^CV(6->2')>   -0.15055
|3T^CV(6->3')>    0.27887
|3T^CV(6->11')>   -0.14511
|3T^CV(6->13')>   -0.11024
|3T^CV(5->1')>    0.06866
|3T^CV(5->4')>    0.14874
|3T^CV(5->12')>   -0.06526
|3T^CV(3->7')>   -0.10811
|3T^CV(3->8')>   -0.08558
|3T^CV(2->7')>   -0.19402
|3T^CV(2->8')>    0.19597
|3T^CV(2->9')>   -0.11609
|3T^CV(1->7')>    0.19638
|3T^CV(1->8')>    0.19342
|3T^CV(1->10')>   -0.11529
|3S^CV(18->7')>    0.06312
|3S^CV(18->8')>   -0.07930
|3S^CV(17->7')>   -0.08058
|3S^CV(17->8')>   -0.06379
|3S^CV(16->7')>   -0.06273
|3S^CV(16->8')>    0.06720
|3S^CV(15->7')>   -0.06735
|3S^CV(15->8')>   -0.06253
|3S^CV(7->2')>    0.06547
|3S^CV(7->3')>   -0.10101
|3S^CV(7->11')>    0.05313
|3S^CV(7->17')>    0.07206
|3S^CV(7->19')>   -0.07650
|3S^CV(6->1')>   -0.08108
|3S^CV(6->4')>   -0.11872
|3S^CV(6->12')>    0.07160
|3S^CV(6->16')>    0.09716
|3S^CV(6->20')>    0.07688
|3S^CV(5->3')>   -0.06274
|3X^CV(18->7')>   -0.11242
|3X^CV(18->8')>   -0.08899
|3X^CV(17->7')>    0.09035
|3X^CV(17->8')>   -0.11352
|3X^CV(16->7')>    0.10796
|3X^CV(16->8')>    0.07244
|3X^CV(16->10')>   -0.05483
|3X^CV(15->7')>    0.07255
|3X^CV(15->8')>   -0.10757
|3X^CV(15->9')>    0.05515
|3X^CV(7->1')>    0.11065
|3X^CV(7->4')>    0.14227
|3X^CV(7->12')>   -0.08758
|3X^CV(7->16')>   -0.11624
|3X^CV(7->20')>   -0.09896
|3X^CV(6->2')>   -0.09793
|3X^CV(6->3')>    0.16793
|3X^CV(6->11')>   -0.08495
|3X^CV(6->13')>   -0.06210
|3X^CV(6->17')>   -0.12147
|3X^CV(6->19')>    0.11964
|3X^CV(5->4')>    0.08849
|3X^CV(5->16')>   -0.07016
TDMs with Triplet 'Ground' state
TDMX:-0.000   TDMY:-0.000   TDMZ:0.011   Oscillator Strength:0.00001   <S**2>: 2.000
--------------------------------------------------------------------
TDMs with Singlet 'Ground' state
TDMX:0.000   TDMY:0.000   TDMZ:0.000   Oscillator Strength:0.00000   <S**2>: 2.000
--------------------------------------------------------------------


State 166 4.266 eV 
Excitation    CI Coef
|3^CS(7->0)>   -0.07287
|3^CS(6->0)>    0.09721
|3^CS(7->0')>   -0.07267
|3^CS(6->0')>   -0.09697
|3^SV(0->8')>    0.11217
|3^SV(0'->7')>   -0.11183
|3T^CV(12->7')>   -0.06618
|3T^CV(12->8')>   -0.05268
|3T^CV(11->7')>    0.06907
|3T^CV(11->8')>   -0.08726
|3T^CV(8->7')>    0.13673
|3T^CV(8->8')>    0.10882
|3T^CV(7->2')>    0.14395
|3T^CV(7->3')>   -0.23410
|3T^CV(7->11')>    0.12765
|3T^CV(7->13')>    0.09771
|3T^CV(6->1')>   -0.17631
|3T^CV(6->4')>   -0.27694
|3T^CV(6->12')>    0.17358
|3T^CV(5->3')>   -0.14753
|3T^CV(5->11')>    0.05692
|3T^CV(3->7')>    0.08593
|3T^CV(3->8')>   -0.10855
|3T^CV(2->7')>    0.23197
|3T^CV(2->8')>    0.14678
|3T^CV(2->10')>   -0.11324
|3T^CV(1->7')>   -0.14594
|3T^CV(1->8')>    0.23214
|3T^CV(1->9')>   -0.11393
|3S^CV(18->7')>   -0.07903
|3S^CV(18->8')>   -0.06290
|3S^CV(17->7')>    0.06349
|3S^CV(17->8')>   -0.08021
|3S^CV(16->7')>    0.07606
|3S^CV(16->8')>    0.05132
|3S^CV(15->7')>    0.05105
|3S^CV(15->8')>   -0.07612
|3S^CV(7->1')>    0.06851
|3S^CV(7->4')>    0.10061
|3S^CV(7->12')>   -0.06141
|3S^CV(7->16')>   -0.08273
|3S^CV(7->20')>   -0.06818
|3S^CV(6->2')>   -0.07148
|3S^CV(6->3')>    0.11865
|3S^CV(6->11')>   -0.05870
|3S^CV(6->17')>   -0.08569
|3S^CV(6->19')>    0.08550
|3S^CV(5->4')>    0.06227
|3X^CV(18->7')>    0.08855
|3X^CV(18->8')>   -0.11187
|3X^CV(17->7')>   -0.11314
|3X^CV(17->8')>   -0.09005
|3X^CV(16->7')>   -0.08813
|3X^CV(16->8')>    0.09492
|3X^CV(16->9')>   -0.05465
|3X^CV(15->7')>   -0.09475
|3X^CV(15->8')>   -0.08843
|3X^CV(15->10')>    0.05429
|3X^CV(7->2')>    0.07455
|3X^CV(7->3')>   -0.14231
|3X^CV(7->11')>    0.07755
|3X^CV(7->13')>    0.05336
|3X^CV(7->17')>    0.10152
|3X^CV(7->19')>   -0.10735
|3X^CV(6->1')>   -0.12036
|3X^CV(6->4')>   -0.16715
|3X^CV(6->12')>    0.09685
|3X^CV(6->16')>    0.13681
|3X^CV(6->20')>    0.11043
|3X^CV(5->3')>   -0.08803
|3X^CV(5->17')>    0.06483
TDMs with Triplet 'Ground' state
TDMX:0.037   TDMY:0.060   TDMZ:0.000   Oscillator Strength:0.00051   <S**2>: 2.000
--------------------------------------------------------------------
TDMs with Singlet 'Ground' state
TDMX:0.000   TDMY:0.000   TDMZ:0.000   Oscillator Strength:0.00000   <S**2>: 2.000
--------------------------------------------------------------------


State 167 4.268 eV 
Excitation    CI Coef
|1^CS(5->0)>    0.07616
|1^CS(4->0)>   -0.09412
|1^CS(5->0')>    0.07730
|1^CS(4->0')>    0.09542
|1^SV(0->9')>   -0.08142
|1^SV(0->10')>   -0.08142
|1^SV(0'->9')>    0.08248
|1^SV(0'->10')>   -0.08272
|1S^CV(12->9')>    0.08190
|1S^CV(11->10')>    0.10844
|1S^CV(8->9')>   -0.16958
|1S^CV(7->4')>    0.11236
|1S^CV(7->10')>    0.06726
|1S^CV(5->1')>    0.15243
|1S^CV(5->4')>   -0.21409
|1S^CV(5->10')>   -0.05181
|1S^CV(5->12')>   -0.15368
|1S^CV(4->2')>   -0.15214
|1S^CV(4->3')>   -0.27461
|1S^CV(4->11')>   -0.14569
|1S^CV(4->13')>   -0.10538
|1S^CV(3->1')>    0.07380
|1S^CV(3->4')>   -0.13820
|1S^CV(3->10')>    0.13024
|1S^CV(3->12')>   -0.07606
|1S^CV(2->7')>   -0.08447
|1S^CV(2->8')>    0.08446
|1S^CV(2->9')>    0.27400
|1S^CV(1->7')>    0.08504
|1S^CV(1->8')>    0.08289
|1S^CV(1->10')>    0.27416
|1T^CV(18->9')>   -0.17743
|1T^CV(17->10')>   -0.17982
|1T^CV(16->8')>   -0.05138
|1T^CV(16->9')>   -0.16334
|1T^CV(15->7')>    0.05175
|1T^CV(15->10')>    0.16358
|1T^CV(14->9')>    0.05240
|1T^CV(7->3')>    0.08365
|1T^CV(7->17')>   -0.06046
|1T^CV(5->2')>   -0.10115
|1T^CV(5->3')>   -0.15699
|1T^CV(5->11')>   -0.08960
|1T^CV(5->13')>   -0.06018
|1T^CV(5->17')>    0.11451
|1T^CV(5->19')>    0.13250
|1T^CV(4->1')>    0.14494
|1T^CV(4->4')>   -0.20031
|1T^CV(4->12')>   -0.11868
|1T^CV(4->16')>    0.10814
|1T^CV(4->18')>    0.13317
|1T^CV(4->20')>   -0.13906
|1T^CV(3->2')>   -0.06079
|1T^CV(3->3')>   -0.09663
|1T^CV(3->17')>    0.07523
|1T^CV(3->19')>    0.06845
TDMs with Triplet 'Ground' state
TDMX:0.000   TDMY:0.000   TDMZ:0.000   Oscillator Strength:0.00000   <S**2>: 0.000
--------------------------------------------------------------------
TDMs with Singlet 'Ground' state
TDMX:-0.000   TDMY:-0.000   TDMZ:0.002   Oscillator Strength:0.00000   <S**2>: 0.000
--------------------------------------------------------------------


State 168 4.268 eV 
Excitation    CI Coef
|1^CS(5->0)>    0.08091
|1^CS(4->0)>   -0.09073
|1^CS(5->0')>   -0.07979
|1^CS(4->0')>   -0.08938
|1^SV(0->9')>   -0.08261
|1^SV(0->10')>   -0.08245
|1^SV(0'->9')>   -0.08132
|1^SV(0'->10')>    0.08139
|1S^CV(12->10')>    0.08165
|1S^CV(11->9')>    0.10799
|1S^CV(8->10')>   -0.16903
|1S^CV(7->3')>   -0.10905
|1S^CV(7->9')>    0.06636
|1S^CV(5->2')>    0.13116
|1S^CV(5->3')>    0.21558
|1S^CV(5->9')>   -0.05144
|1S^CV(5->11')>    0.12721
|1S^CV(5->13')>    0.09119
|1S^CV(4->1')>   -0.17401
|1S^CV(4->4')>    0.27565
|1S^CV(4->12')>    0.17661
|1S^CV(3->2')>    0.06815
|1S^CV(3->3')>    0.13736
|1S^CV(3->9')>    0.12989
|1S^CV(3->11')>    0.06116
|1S^CV(2->7')>    0.09668
|1S^CV(2->8')>    0.06192
|1S^CV(2->10')>    0.27576
|1S^CV(1->7')>   -0.06101
|1S^CV(1->8')>    0.09821
|1S^CV(1->9')>    0.27604
|1T^CV(18->10')>   -0.17711
|1T^CV(17->9')>   -0.17915
|1T^CV(16->7')>   -0.05616
|1T^CV(16->10')>   -0.16455
|1T^CV(15->8')>    0.05705
|1T^CV(15->9')>    0.16456
|1T^CV(14->10')>    0.05204
|1T^CV(7->4')>   -0.08157
|1T^CV(5->1')>   -0.12828
|1T^CV(5->4')>    0.15871
|1T^CV(5->12')>    0.10331
|1T^CV(5->16')>   -0.08278
|1T^CV(5->18')>   -0.10895
|1T^CV(5->20')>    0.11944
|1T^CV(4->2')>    0.12019
|1T^CV(4->3')>    0.20018
|1T^CV(4->11')>    0.10179
|1T^CV(4->13')>    0.07012
|1T^CV(4->17')>   -0.14822
|1T^CV(4->19')>   -0.15358
|1T^CV(4->21')>   -0.05014
|1T^CV(3->1')>   -0.05624
|1T^CV(3->4')>    0.09641
|1T^CV(3->16')>   -0.05495
|1T^CV(3->18')>   -0.06666
|1T^CV(3->20')>    0.06233
TDMs with Triplet 'Ground' state
TDMX:0.000   TDMY:0.000   TDMZ:0.000   Oscillator Strength:0.00000   <S**2>: 0.000
--------------------------------------------------------------------
TDMs with Singlet 'Ground' state
TDMX:0.029   TDMY:0.010   TDMZ:0.000   Oscillator Strength:0.00010   <S**2>: 0.000
--------------------------------------------------------------------


State 169 4.270 eV 
Excitation    CI Coef
|1^CS(7->0)>    0.07918
|1^CS(6->0)>   -0.09434
|1^CS(7->0')>    0.07979
|1^CS(6->0')>    0.09494
|1^SV(0->8')>    0.11429
|1^SV(0'->7')>    0.11511
|1S^CV(12->7')>    0.05212
|1S^CV(12->8')>   -0.06520
|1S^CV(11->7')>   -0.08646
|1S^CV(11->8')>   -0.06814
|1S^CV(8->7')>   -0.10822
|1S^CV(8->8')>    0.13538
|1S^CV(7->1')>    0.15583
|1S^CV(7->4')>    0.23056
|1S^CV(7->12')>   -0.15764
|1S^CV(6->2')>   -0.15242
|1S^CV(6->3')>    0.27542
|1S^CV(6->11')>   -0.14275
|1S^CV(6->13')>   -0.10470
|1S^CV(5->1')>    0.06628
|1S^CV(5->4')>    0.15038
|1S^CV(5->12')>   -0.06251
|1S^CV(3->7')>   -0.10694
|1S^CV(3->8')>   -0.08428
|1S^CV(2->7')>   -0.19120
|1S^CV(2->8')>    0.19231
|1S^CV(2->9')>   -0.11882
|1S^CV(1->7')>    0.19334
|1S^CV(1->8')>    0.18962
|1S^CV(1->10')>   -0.11801
|1T^CV(18->7')>   -0.11278
|1T^CV(18->8')>    0.14108
|1T^CV(17->7')>    0.14385
|1T^CV(17->8')>    0.11338
|1T^CV(16->7')>    0.11177
|1T^CV(16->8')>   -0.11924
|1T^CV(16->9')>    0.07226
|1T^CV(15->7')>    0.11990
|1T^CV(15->8')>    0.11085
|1T^CV(15->10')>   -0.07177
|1T^CV(7->2')>   -0.11617
|1T^CV(7->3')>    0.16856
|1T^CV(7->11')>   -0.08879
|1T^CV(7->13')>   -0.06447
|1T^CV(7->17')>   -0.12751
|1T^CV(7->19')>    0.13533
|1T^CV(6->1')>    0.14477
|1T^CV(6->4')>    0.19912
|1T^CV(6->12')>   -0.11615
|1T^CV(6->16')>   -0.17296
|1T^CV(6->20')>   -0.13858
|1T^CV(5->3')>    0.10770
|1T^CV(5->17')>   -0.08398
|1T^CV(5->19')>    0.05636
TDMs with Triplet 'Ground' state
TDMX:0.000   TDMY:0.000   TDMZ:0.000   Oscillator Strength:0.00000   <S**2>: 0.000
--------------------------------------------------------------------
TDMs with Singlet 'Ground' state
TDMX:-0.000   TDMY:-0.000   TDMZ:-0.002   Oscillator Strength:0.00000   <S**2>: 0.000
--------------------------------------------------------------------


State 170 4.270 eV 
Excitation    CI Coef
|1^CS(7->0)>    0.08427
|1^CS(6->0)>   -0.09052
|1^CS(7->0')>   -0.08375
|1^CS(6->0')>   -0.08985
|1^SV(0->8')>    0.11472
|1^SV(0'->7')>   -0.11394
|1S^CV(12->7')>   -0.06498
|1S^CV(12->8')>   -0.05194
|1S^CV(11->7')>    0.06795
|1S^CV(11->8')>   -0.08622
|1S^CV(8->7')>    0.13533
|1S^CV(8->8')>    0.10818
|1S^CV(7->2')>    0.13882
|1S^CV(7->3')>   -0.23263
|1S^CV(7->11')>    0.12892
|1S^CV(7->13')>    0.09419
|1S^CV(6->1')>   -0.17443
|1S^CV(6->4')>   -0.27551
|1S^CV(6->12')>    0.17361
|1S^CV(5->2')>    0.05734
|1S^CV(5->3')>   -0.14766
|1S^CV(5->11')>    0.05347
|1S^CV(3->7')>    0.08466
|1S^CV(3->8')>   -0.10742
|1S^CV(2->7')>    0.23019
|1S^CV(2->8')>    0.14633
|1S^CV(2->10')>   -0.11391
|1S^CV(1->7')>   -0.14468
|1S^CV(1->8')>    0.23118
|1S^CV(1->9')>   -0.11464
|1T^CV(18->7')>    0.14086
|1T^CV(18->8')>    0.11260
|1T^CV(17->7')>   -0.11305
|1T^CV(17->8')>    0.14345
|1T^CV(16->7')>   -0.13619
|1T^CV(16->8')>   -0.09231
|1T^CV(16->10')>    0.06948
|1T^CV(15->7')>   -0.09131
|1T^CV(15->8')>    0.13676
|1T^CV(15->9')>   -0.06993
|1T^CV(7->1')>   -0.12908
|1T^CV(7->4')>   -0.16967
|1T^CV(7->12')>    0.10401
|1T^CV(7->16')>    0.14694
|1T^CV(7->20')>    0.12419
|1T^CV(6->2')>    0.12070
|1T^CV(6->3')>   -0.20030
|1T^CV(6->11')>    0.10028
|1T^CV(6->13')>    0.06993
|1T^CV(6->17')>    0.15332
|1T^CV(6->19')>   -0.15181
|1T^CV(6->21')>   -0.05045
|1T^CV(5->1')>   -0.05578
|1T^CV(5->4')>   -0.10556
|1T^CV(5->16')>    0.08839
|1T^CV(5->20')>    0.05261
TDMs with Triplet 'Ground' state
TDMX:0.000   TDMY:0.000   TDMZ:0.000   Oscillator Strength:0.00000   <S**2>: 0.000
--------------------------------------------------------------------
TDMs with Singlet 'Ground' state
TDMX:0.037   TDMY:0.016   TDMZ:-0.000   Oscillator Strength:0.00017   <S**2>: 0.000
--------------------------------------------------------------------


State 171 4.284 eV 
Excitation    CI Coef
|1^ZW+>    0.06126
|1^CS(14->0)>   -0.05695
|1^CS(12->0)>   -0.21736
|1^CS(11->0)>   -0.15070
|1^CS(14->0')>   -0.05695
|1^CS(12->0')>    0.21736
|1^CS(11->0')>   -0.15070
|1^SV(0->1')>   -0.05471
|1^SV(0->2')>    0.19143
|1^SV(0->11')>   -0.14259
|1^SV(0->12')>    0.09151
|1^SV(0->13')>    0.08415
|1^SV(0->14')>   -0.06402
|1^SV(0->15')>    0.07341
|1^SV(0'->1')>   -0.05471
|1^SV(0'->2')>   -0.19144
|1^SV(0'->11')>    0.14259
|1^SV(0'->12')>    0.09151
|1^SV(0'->13')>   -0.08414
|1^SV(0'->14')>   -0.06402
|1^SV(0'->15')>   -0.07341
|1S^CV(13->2')>   -0.05075
|1S^CV(12->11')>   -0.05626
|1S^CV(12->13')>    0.10839
|1S^CV(11->1')>   -0.14650
|1S^CV(11->14')>   -0.06639
|1S^CV(3->1')>    0.09712
|1T^CV(20->2')>    0.16973
|1T^CV(19->1')>   -0.17076
|1T^CV(19->14')>   -0.06905
|1T^CV(18->2')>    0.11170
|1T^CV(18->13')>    0.10104
|1T^CV(17->14')>   -0.05589
|1T^CV(16->3')>    0.09845
|1T^CV(15->4')>    0.09845
|1T^CV(14->2')>    0.11763
|1T^CV(14->11')>   -0.27409
|1T^CV(14->13')>    0.08193
|1T^CV(13->1')>    0.14636
|1T^CV(13->12')>   -0.08533
|1T^CV(13->14')>    0.05477
|1T^CV(12->1')>    0.13361
|1T^CV(12->12')>    0.13201
|1T^CV(11->11')>    0.09547
|1T^CV(11->13')>   -0.11586
|1T^CV(11->15')>    0.06082
|1T^CV(8->12')>    0.13138
|1T^CV(8->18')>    0.08909
|1T^CV(7->2')>    0.14471
|1T^CV(5->2')>   -0.13470
|1T^CV(3->2')>    0.31637
|1T^CV(3->11')>   -0.05451
|1T^CV(3->13')>    0.07226
|1T^CV(3->15')>   -0.10002
|1T^CV(2->4')>   -0.12651
|1T^CV(2->16')>   -0.06071
|1T^CV(1->3')>    0.12593
|1T^CV(1->17')>    0.06552
TDMs with Triplet 'Ground' state
TDMX:0.000   TDMY:0.000   TDMZ:0.000   Oscillator Strength:0.00000   <S**2>: 0.000
--------------------------------------------------------------------
TDMs with Singlet 'Ground' state
TDMX:0.000   TDMY:-0.000   TDMZ:0.381   Oscillator Strength:0.01523   <S**2>: 0.000
--------------------------------------------------------------------


State 172 4.324 eV 
Excitation    CI Coef
|3^CS(10->0)>    0.32135
|3^CS(9->0)>   -0.28107
|3^CS(3->0)>    0.06327
|3^CS(10->0')>   -0.32274
|3^CS(9->0')>   -0.28277
|3^CS(3->0')>   -0.06339
|3^SV(0->13')>    0.06392
|3^SV(0->14')>   -0.05111
|3^SV(0'->13')>   -0.06414
|3^SV(0'->14')>   -0.05132
|3T^CV(11->1')>    0.06282
|3T^CV(10->1')>   -0.14193
|3T^CV(10->12')>   -0.10494
|3T^CV(9->2')>    0.25774
|3T^CV(9->13')>   -0.09976
|3T^CV(8->2')>    0.08240
|3T^CV(7->1')>   -0.08535
|3T^CV(5->1')>    0.07174
|3T^CV(3->1')>   -0.16475
|3S^CV(10->2')>   -0.23313
|3S^CV(10->13')>    0.11162
|3S^CV(9->1')>    0.22318
|3S^CV(9->12')>    0.10202
|3X^CV(10->1')>   -0.25232
|3X^CV(10->12')>   -0.13509
|3X^CV(10->14')>   -0.06332
|3X^CV(10->20')>    0.06207
|3X^CV(9->2')>    0.34802
|3X^CV(9->11')>   -0.06171
|3X^CV(9->13')>   -0.13549
|3X^CV(8->2')>   -0.05960
TDMs with Triplet 'Ground' state
TDMX:-0.000   TDMY:0.001   TDMZ:-0.323   Oscillator Strength:0.01104   <S**2>: 2.000
--------------------------------------------------------------------
TDMs with Singlet 'Ground' state
TDMX:0.000   TDMY:0.000   TDMZ:0.000   Oscillator Strength:0.00000   <S**2>: 2.000
--------------------------------------------------------------------


State 173 4.324 eV 
Excitation    CI Coef
|3^CS(10->0)>   -0.29262
|3^CS(9->0)>    0.33968
|3^CS(10->0')>   -0.29101
|3^CS(9->0')>   -0.33835
|3T^CV(10->2')>    0.27203
|3T^CV(10->13')>   -0.10350
|3T^CV(9->1')>   -0.15558
|3T^CV(9->12')>   -0.11153
|3T^CV(8->1')>   -0.10336
|3T^CV(3->2')>    0.06278
|3S^CV(10->1')>    0.23068
|3S^CV(10->12')>    0.10617
|3S^CV(9->2')>   -0.23918
|3S^CV(9->13')>    0.11718
|3X^CV(10->2')>    0.36029
|3X^CV(10->11')>   -0.06641
|3X^CV(10->13')>   -0.14060
|3X^CV(9->1')>   -0.26023
|3X^CV(9->12')>   -0.14226
|3X^CV(9->14')>   -0.06666
|3X^CV(9->20')>    0.06563
TDMs with Triplet 'Ground' state
TDMX:-0.014   TDMY:0.398   TDMZ:0.001   Oscillator Strength:0.01680   <S**2>: 2.000
--------------------------------------------------------------------
TDMs with Singlet 'Ground' state
TDMX:0.000   TDMY:0.000   TDMZ:0.000   Oscillator Strength:0.00000   <S**2>: 2.000
--------------------------------------------------------------------


State 174 4.333 eV 
Excitation    CI Coef
|3^CS(19->0)>   -0.05392
|3^CS(14->0)>   -0.08374
|3^CS(13->0)>    0.07024
|3^CS(11->0)>    0.06572
|3^CS(10->0)>    0.13026
|3^CS(9->0)>   -0.10337
|3^CS(7->0)>   -0.05556
|3^CS(5->0)>    0.05082
|3^CS(3->0)>   -0.13108
|3^CS(19->0')>   -0.05392
|3^CS(14->0')>    0.08375
|3^CS(13->0')>    0.07024
|3^CS(11->0')>   -0.06572
|3^CS(10->0')>   -0.13023
|3^CS(9->0')>   -0.10337
|3^CS(7->0')>    0.05556
|3^CS(5->0')>   -0.05082
|3^CS(3->0')>    0.13109
|3^SV(0->11')>    0.12599
|3^SV(0->13')>   -0.16689
|3^SV(0->14')>    0.13936
|3^SV(0'->11')>   -0.12599
|3^SV(0'->13')>    0.16689
|3^SV(0'->14')>    0.13937
|3T^CV(18->14')>    0.05053
|3T^CV(14->1')>    0.05206
|3T^CV(12->2')>   -0.06467
|3T^CV(12->11')>    0.05872
|3T^CV(12->13')>   -0.06262
|3T^CV(11->1')>   -0.16944
|3T^CV(11->14')>    0.05659
|3T^CV(10->1')>   -0.08186
|3T^CV(9->2')>    0.10797
|3T^CV(8->2')>   -0.19297
|3T^CV(8->13')>    0.06321
|3T^CV(7->1')>    0.22454
|3T^CV(5->1')>   -0.18402
|3T^CV(3->1')>    0.43002
|3T^CV(3->12')>    0.07022
|3T^CV(3->14')>    0.06476
|3S^CV(19->1')>    0.06105
|3S^CV(14->2')>    0.10146
|3S^CV(13->1')>   -0.12976
|3S^CV(11->11')>   -0.06501
|3S^CV(11->13')>    0.08690
|3S^CV(10->2')>   -0.07488
|3S^CV(9->1')>    0.07467
|3S^CV(8->1')>    0.15214
|3S^CV(8->14')>    0.07852
|3S^CV(7->2')>   -0.05198
|3S^CV(3->2')>   -0.08120
|3X^CV(14->1')>    0.08581
|3X^CV(14->14')>    0.05385
|3X^CV(13->2')>   -0.13842
|3X^CV(11->14')>   -0.08628
|3X^CV(10->1')>   -0.08249
|3X^CV(10->12')>   -0.05535
|3X^CV(9->2')>    0.12192
|3X^CV(8->2')>    0.19987
|3X^CV(8->11')>    0.06993
|3X^CV(8->13')>   -0.08279
|3X^CV(7->1')>   -0.08919
|3X^CV(5->1')>    0.06475
|3X^CV(3->1')>   -0.13420
TDMs with Triplet 'Ground' state
TDMX:0.000   TDMY:-0.000   TDMZ:0.930   Oscillator Strength:0.09186   <S**2>: 2.000
--------------------------------------------------------------------
TDMs with Singlet 'Ground' state
TDMX:0.000   TDMY:0.000   TDMZ:0.000   Oscillator Strength:0.00000   <S**2>: 2.000
--------------------------------------------------------------------


State 175 4.346 eV 
Excitation    CI Coef
|1^CS(14->0)>    0.11152
|1^CS(13->0)>   -0.08842
|1^CS(7->0)>    0.05823
|1^CS(5->0)>   -0.05131
|1^CS(3->0)>    0.12399
|1^CS(14->0')>    0.11153
|1^CS(13->0')>    0.08842
|1^CS(7->0')>    0.05823
|1^CS(5->0')>   -0.05131
|1^CS(3->0')>    0.12399
|1^SV(0->11')>    0.16349
|1^SV(0->13')>   -0.17937
|1^SV(0->14')>    0.19107
|1^SV(0'->11')>   -0.16349
|1^SV(0'->13')>    0.17937
|1^SV(0'->14')>    0.19108
|1S^CV(18->1')>    0.05021
|1S^CV(18->14')>    0.06662
|1S^CV(17->13')>   -0.05501
|1S^CV(14->1')>    0.05172
|1S^CV(12->2')>   -0.07325
|1S^CV(12->11')>    0.07587
|1S^CV(12->13')>   -0.08271
|1S^CV(11->1')>   -0.15879
|1S^CV(11->14')>    0.09622
|1S^CV(8->2')>   -0.23914
|1S^CV(8->13')>    0.07735
|1S^CV(7->1')>    0.24738
|1S^CV(5->1')>   -0.20167
|1S^CV(3->1')>    0.46482
|1S^CV(3->12')>    0.07162
|1S^CV(3->14')>    0.06127
|1T^CV(18->11')>    0.05155
|1T^CV(17->14')>    0.05874
|1T^CV(14->2')>   -0.17380
|1T^CV(13->1')>    0.20349
|1T^CV(11->11')>    0.07858
|1T^CV(11->13')>   -0.08965
|1T^CV(8->1')>   -0.25444
|1T^CV(8->14')>   -0.11181
|1T^CV(7->2')>    0.06707
|1T^CV(3->2')>    0.08801
|1T^CV(3->11')>    0.06884
TDMs with Triplet 'Ground' state
TDMX:0.000   TDMY:0.000   TDMZ:0.000   Oscillator Strength:0.00000   <S**2>: 0.000
--------------------------------------------------------------------
TDMs with Singlet 'Ground' state
TDMX:0.000   TDMY:-0.000   TDMZ:0.955   Oscillator Strength:0.09709   <S**2>: 0.000
--------------------------------------------------------------------


State 176 4.348 eV 
Excitation    CI Coef
|3^CS(19->0)>    0.05787
|3^CS(14->0)>    0.11002
|3^CS(13->0)>   -0.10168
|3^CS(10->0)>   -0.07144
|3^CS(9->0)>    0.07382
|3^CS(3->0)>    0.07621
|3^CS(19->0')>   -0.05787
|3^CS(14->0')>    0.11002
|3^CS(13->0')>    0.10168
|3^CS(10->0')>   -0.07143
|3^CS(9->0')>   -0.07382
|3^CS(3->0')>    0.07621
|3^SV(0->11')>   -0.16359
|3^SV(0->13')>    0.18946
|3^SV(0->14')>   -0.18304
|3^SV(0'->11')>   -0.16359
|3^SV(0'->13')>    0.18945
|3^SV(0'->14')>    0.18304
|3T^CV(19->1')>   -0.05008
|3T^CV(18->11')>   -0.05304
|3T^CV(18->13')>    0.06310
|3T^CV(17->14')>   -0.06041
|3T^CV(14->13')>    0.06114
|3T^CV(13->1')>    0.06602
|3T^CV(12->1')>    0.17756
|3T^CV(12->14')>   -0.08824
|3T^CV(11->2')>    0.05329
|3T^CV(11->11')>   -0.05281
|3T^CV(11->13')>    0.06050
|3T^CV(10->2')>    0.06527
|3T^CV(10->5')>   -0.05354
|3T^CV(9->6')>   -0.05179
|3T^CV(8->1')>    0.44792
|3T^CV(8->14')>    0.07595
|3T^CV(7->2')>   -0.15104
|3T^CV(7->13')>    0.05245
|3T^CV(5->2')>    0.11699
|3T^CV(3->2')>   -0.26297
|3T^CV(3->13')>    0.10204
|3S^CV(14->1')>   -0.07881
|3S^CV(13->2')>    0.09591
|3S^CV(11->14')>    0.05159
|3S^CV(9->2')>   -0.05074
|3S^CV(8->2')>   -0.13166
|3S^CV(7->1')>    0.06908
|3S^CV(3->1')>    0.09181
|3X^CV(14->2')>   -0.16747
|3X^CV(13->1')>    0.13823
|3X^CV(11->2')>    0.06415
|3X^CV(11->11')>    0.05084
|3X^CV(11->13')>   -0.08330
|3X^CV(10->2')>    0.07375
|3X^CV(8->1')>   -0.23300
|3X^CV(8->14')>   -0.07801
|3X^CV(7->2')>    0.05938
|3X^CV(3->2')>    0.06405
|3X^CV(3->11')>    0.06865
TDMs with Triplet 'Ground' state
TDMX:0.043   TDMY:-1.909   TDMZ:-0.000   Oscillator Strength:0.38859   <S**2>: 2.000
--------------------------------------------------------------------
TDMs with Singlet 'Ground' state
TDMX:0.000   TDMY:0.000   TDMZ:0.000   Oscillator Strength:0.00000   <S**2>: 2.000
--------------------------------------------------------------------


State 177 4.355 eV 
Excitation    CI Coef
|1^CS(19->0)>    0.06745
|1^CS(14->0)>    0.11627
|1^CS(13->0)>   -0.08845
|1^CS(8->0)>   -0.06029
|1^CS(3->0)>    0.05096
|1^CS(19->0')>    0.06745
|1^CS(14->0')>   -0.11626
|1^CS(13->0')>   -0.08845
|1^CS(8->0')>   -0.06029
|1^CS(3->0')>   -0.05096
|1^SV(0->2')>    0.05446
|1^SV(0->11')>    0.13948
|1^SV(0->13')>   -0.17137
|1^SV(0->14')>    0.19368
|1^SV(0'->2')>    0.05446
|1^SV(0'->11')>    0.13947
|1^SV(0'->13')>   -0.17136
|1^SV(0'->14')>   -0.19367
|1S^CV(19->1')>    0.06329
|1S^CV(18->2')>    0.05028
|1S^CV(18->13')>   -0.05966
|1S^CV(17->14')>    0.06435
|1S^CV(14->13')>   -0.05263
|1S^CV(12->1')>   -0.17171
|1S^CV(12->14')>    0.07747
|1S^CV(11->2')>   -0.08935
|1S^CV(11->11')>    0.06823
|1S^CV(11->13')>   -0.05757
|1S^CV(10->5')>    0.05172
|1S^CV(9->6')>    0.05046
|1S^CV(8->1')>   -0.46533
|1S^CV(8->14')>   -0.09261
|1S^CV(7->2')>    0.17965
|1S^CV(5->2')>   -0.14257
|1S^CV(3->2')>    0.32571
|1S^CV(3->13')>   -0.09416
|1T^CV(20->14')>    0.05041
|1T^CV(19->2')>   -0.05987
|1T^CV(19->13')>    0.05145
|1T^CV(17->11')>    0.05253
|1T^CV(14->1')>   -0.20641
|1T^CV(14->14')>   -0.05752
|1T^CV(13->2')>    0.12641
|1T^CV(12->11')>    0.06054
|1T^CV(12->13')>   -0.06940
|1T^CV(11->14')>    0.10260
|1T^CV(8->2')>   -0.21574
|1T^CV(8->11')>   -0.09281
|1T^CV(8->13')>    0.05950
|1T^CV(7->1')>    0.12837
|1T^CV(5->1')>   -0.08469
|1T^CV(3->1')>    0.16650
TDMs with Triplet 'Ground' state
TDMX:0.000   TDMY:0.000   TDMZ:0.000   Oscillator Strength:0.00000   <S**2>: 0.000
--------------------------------------------------------------------
TDMs with Singlet 'Ground' state
TDMX:-0.046   TDMY:2.103   TDMZ:0.000   Oscillator Strength:0.47196   <S**2>: 0.000
--------------------------------------------------------------------


State 178 4.437 eV 
Excitation    CI Coef
|1^CS(10->0)>   -0.34050
|1^CS(9->0)>    0.29587
|1^CS(10->0')>    0.34264
|1^CS(9->0')>    0.29842
|1S^CV(10->2')>   -0.23938
|1S^CV(10->11')>    0.05256
|1S^CV(10->13')>    0.11550
|1S^CV(9->1')>    0.26509
|1S^CV(9->12')>    0.10644
|1T^CV(10->1')>    0.36498
|1T^CV(10->12')>    0.18981
|1T^CV(10->14')>    0.07284
|1T^CV(10->20')>   -0.07308
|1T^CV(9->2')>   -0.44155
|1T^CV(9->11')>    0.08210
|1T^CV(9->13')>    0.17073
TDMs with Triplet 'Ground' state
TDMX:0.000   TDMY:0.000   TDMZ:0.000   Oscillator Strength:0.00000   <S**2>: 0.000
--------------------------------------------------------------------
TDMs with Singlet 'Ground' state
TDMX:-0.027   TDMY:-0.029   TDMZ:-0.000   Oscillator Strength:0.00017   <S**2>: 0.000
--------------------------------------------------------------------


State 179 4.437 eV 
Excitation    CI Coef
|1^CS(10->0)>   -0.29868
|1^CS(9->0)>    0.34201
|1^CS(10->0')>   -0.29613
|1^CS(9->0')>   -0.33987
|1S^CV(10->1')>   -0.26626
|1S^CV(10->12')>   -0.10683
|1S^CV(9->2')>    0.23900
|1S^CV(9->11')>   -0.05298
|1S^CV(9->13')>   -0.11499
|1T^CV(10->2')>    0.44173
|1T^CV(10->11')>   -0.08086
|1T^CV(10->13')>   -0.17129
|1T^CV(9->1')>   -0.36529
|1T^CV(9->12')>   -0.18957
|1T^CV(9->14')>   -0.07292
|1T^CV(9->20')>    0.07285
TDMs with Triplet 'Ground' state
TDMX:0.000   TDMY:0.000   TDMZ:0.000   Oscillator Strength:0.00000   <S**2>: 0.000
--------------------------------------------------------------------
TDMs with Singlet 'Ground' state
TDMX:-0.000   TDMY:-0.000   TDMZ:0.051   Oscillator Strength:0.00028   <S**2>: 0.000
--------------------------------------------------------------------


State 180 4.474 eV 
Excitation    CI Coef
|3^CS(8->0)>    0.06476
|3^CS(7->0)>    0.05947
|3^CS(5->0)>   -0.05299
|3^CS(3->0)>    0.11793
|3^CS(8->0')>   -0.06476
|3^CS(7->0')>    0.05947
|3^CS(5->0')>   -0.05299
|3^CS(3->0')>    0.11793
|3^SV(0->1')>    0.06324
|3^SV(0->11')>   -0.08377
|3^SV(0->12')>   -0.10079
|3^SV(0->13')>    0.17909
|3^SV(0->14')>   -0.07058
|3^SV(0'->1')>   -0.06324
|3^SV(0'->11')>   -0.08378
|3^SV(0'->12')>    0.10079
|3^SV(0'->13')>    0.17909
|3^SV(0'->14')>    0.07058
|3T^CV(18->13')>    0.05684
|3T^CV(14->11')>   -0.05367
|3T^CV(13->1')>    0.06641
|3T^CV(12->1')>   -0.08421
|3T^CV(12->12')>   -0.05444
|3T^CV(11->2')>   -0.15369
|3T^CV(11->13')>    0.07001
|3T^CV(8->1')>   -0.35812
|3T^CV(7->2')>    0.12209
|3T^CV(7->7')>   -0.05408
|3T^CV(7->8')>    0.06812
|3T^CV(6->7')>   -0.06797
|3T^CV(6->8')>   -0.05396
|3T^CV(5->2')>   -0.10893
|3T^CV(5->9')>   -0.08440
|3T^CV(4->10')>    0.08641
|3T^CV(3->2')>    0.28531
|3S^CV(23->2')>   -0.05560
|3S^CV(23->11')>    0.06057
|3S^CV(20->1')>   -0.11618
|3S^CV(20->14')>   -0.06021
|3S^CV(19->2')>    0.19588
|3S^CV(14->14')>    0.06792
|3S^CV(13->11')>   -0.15252
|3S^CV(13->13')>    0.11689
|3S^CV(13->21')>    0.06907
|3S^CV(12->2')>   -0.09196
|3S^CV(12->15')>   -0.09731
|3S^CV(11->1')>   -0.10035
|3S^CV(8->2')>   -0.12871
|3S^CV(8->15')>   -0.08447
|3S^CV(3->20')>    0.06299
|3S^CV(2->3')>    0.07814
|3S^CV(1->4')>   -0.07790
|3X^CV(23->1')>    0.05274
|3X^CV(20->2')>    0.07756
|3X^CV(19->1')>   -0.15747
|3X^CV(19->14')>   -0.05523
|3X^CV(16->3')>    0.05053
|3X^CV(15->4')>    0.05048
|3X^CV(14->2')>   -0.13094
|3X^CV(14->11')>   -0.09114
|3X^CV(14->21')>    0.05292
|3X^CV(13->1')>    0.16847
|3X^CV(12->12')>    0.06688
|3X^CV(11->2')>    0.06314
|3X^CV(11->11')>    0.13122
|3X^CV(11->13')>   -0.14796
|3X^CV(11->15')>    0.07226
|3X^CV(8->1')>   -0.10368
|3X^CV(8->12')>    0.06363
|3X^CV(8->14')>   -0.07167
|3X^CV(8->18')>    0.07101
|3X^CV(3->13')>    0.11079
|3X^CV(3->15')>   -0.09180
|3X^CV(2->4')>   -0.09229
|3X^CV(1->3')>    0.09144
TDMs with Triplet 'Ground' state
TDMX:-0.035   TDMY:1.285   TDMZ:-0.000   Oscillator Strength:0.18109   <S**2>: 2.000
--------------------------------------------------------------------
TDMs with Singlet 'Ground' state
TDMX:0.000   TDMY:0.000   TDMZ:0.000   Oscillator Strength:0.00000   <S**2>: 2.000
--------------------------------------------------------------------


State 181 4.482 eV 
Excitation    CI Coef
|3^CS(13->0)>    0.05544
|3^CS(12->0)>    0.07492
|3^CS(8->0)>    0.14009
|3^CS(3->0)>    0.07631
|3^CS(13->0')>    0.05544
|3^CS(12->0')>    0.07492
|3^CS(8->0')>    0.14009
|3^CS(3->0')>   -0.07631
|3^SV(0->2')>   -0.05731
|3^SV(0->13')>   -0.07687
|3^SV(0->14')>    0.11103
|3^SV(0'->2')>    0.05731
|3^SV(0'->13')>    0.07687
|3^SV(0'->14')>    0.11103
|3T^CV(12->2')>   -0.07843
|3T^CV(8->2')>   -0.09671
|3T^CV(8->13')>    0.06763
|3T^CV(3->1')>   -0.05133
|3S^CV(23->1')>    0.09823
|3S^CV(23->14')>   -0.05059
|3S^CV(20->2')>    0.15438
|3S^CV(20->21')>    0.05505
|3S^CV(19->1')>   -0.29937
|3S^CV(19->14')>   -0.06869
|3S^CV(14->2')>   -0.07568
|3S^CV(14->11')>   -0.17115
|3S^CV(14->13')>    0.11409
|3S^CV(14->21')>    0.08234
|3S^CV(13->12')>   -0.06646
|3S^CV(13->14')>    0.07055
|3S^CV(12->1')>    0.13215
|3S^CV(12->18')>    0.05550
|3S^CV(11->2')>    0.08085
|3S^CV(11->11')>    0.13035
|3S^CV(11->13')>   -0.11864
|3S^CV(11->15')>    0.13641
|3S^CV(8->1')>    0.07606
|3S^CV(8->14')>   -0.10547
|3S^CV(8->18')>    0.08463
|3S^CV(8->20')>    0.07149
|3S^CV(7->15')>   -0.06726
|3S^CV(5->15')>    0.06281
|3S^CV(3->11')>   -0.08339
|3S^CV(3->13')>    0.09635
|3S^CV(3->15')>   -0.15706
|3X^CV(23->2')>   -0.05214
|3X^CV(23->11')>    0.06178
|3X^CV(20->1')>   -0.15894
|3X^CV(20->14')>   -0.10646
|3X^CV(19->2')>    0.26007
|3X^CV(19->13')>   -0.06599
|3X^CV(14->1')>    0.19735
|3X^CV(14->14')>    0.06896
|3X^CV(13->2')>   -0.09344
|3X^CV(13->11')>   -0.16635
|3X^CV(13->13')>    0.11288
|3X^CV(13->21')>    0.08868
|3X^CV(12->2')>   -0.05822
|3X^CV(12->11')>   -0.08108
|3X^CV(12->13')>    0.14576
|3X^CV(12->15')>   -0.10511
|3X^CV(11->1')>   -0.13839
|3X^CV(11->14')>   -0.08621
|3X^CV(8->11')>    0.06075
|3X^CV(8->13')>    0.06724
|3X^CV(8->15')>   -0.11652
|3X^CV(7->1')>   -0.07725
|3X^CV(5->1')>    0.07133
|3X^CV(3->1')>   -0.09255
|3X^CV(3->18')>    0.08566
|3X^CV(3->20')>    0.06348
|3X^CV(1->1')>   -0.05348
TDMs with Triplet 'Ground' state
TDMX:0.000   TDMY:0.000   TDMZ:0.006   Oscillator Strength:0.00000   <S**2>: 2.000
--------------------------------------------------------------------
TDMs with Singlet 'Ground' state
TDMX:0.000   TDMY:0.000   TDMZ:0.000   Oscillator Strength:0.00000   <S**2>: 2.000
--------------------------------------------------------------------


State 182 4.484 eV 
Excitation    CI Coef
|3^CS(5->0)>    0.05520
|3^CS(2->0)>    0.21212
|3^CS(1->0)>   -0.20045
|3^CS(5->0')>   -0.07078
|3^CS(4->0')>    0.05988
|3^CS(2->0')>    0.23313
|3^CS(1->0')>    0.31752
|3^SV(0->3')>    0.05072
|3^SV(0->4')>   -0.05101
|3T^CV(5->1')>   -0.05795
|3T^CV(2->11')>    0.06152
|3T^CV(2->13')>    0.06212
|3T^CV(1->1')>    0.27199
|3T^CV(1->14')>    0.08259
|3S^CV(18->9')>   -0.05884
|3S^CV(17->10')>   -0.06071
|3S^CV(16->8')>   -0.06671
|3S^CV(15->1')>    0.05998
|3S^CV(15->7')>    0.05290
|3S^CV(15->8')>    0.06565
|3S^CV(7->17')>   -0.05844
|3S^CV(6->1')>   -0.07368
|3S^CV(6->16')>   -0.05341
|3S^CV(5->19')>    0.05320
|3S^CV(4->1')>   -0.09220
|3S^CV(2->1')>   -0.29216
|3S^CV(2->12')>   -0.09650
|3S^CV(2->14')>   -0.13435
|3S^CV(1->1')>   -0.07684
|3S^CV(1->8')>   -0.05426
|3X^CV(18->10')>    0.07550
|3X^CV(17->9')>    0.07763
|3X^CV(16->1')>    0.07109
|3X^CV(16->7')>    0.06788
|3X^CV(16->8')>    0.06213
|3X^CV(16->12')>   -0.06526
|3X^CV(15->8')>   -0.08705
|3X^CV(15->11')>   -0.05891
|3X^CV(7->1')>   -0.05853
|3X^CV(7->16')>   -0.07892
|3X^CV(6->17')>   -0.05669
|3X^CV(5->1')>   -0.13534
|3X^CV(4->19')>    0.05354
|3X^CV(2->2')>    0.07523
|3X^CV(2->11')>    0.10616
|3X^CV(2->13')>    0.07639
|3X^CV(2->19')>    0.07495
|3X^CV(1->1')>    0.44607
|3X^CV(1->14')>    0.13386
TDMs with Triplet 'Ground' state
TDMX:-0.026   TDMY:-0.011   TDMZ:0.065   Oscillator Strength:0.00056   <S**2>: 2.000
--------------------------------------------------------------------
TDMs with Singlet 'Ground' state
TDMX:0.000   TDMY:0.000   TDMZ:0.000   Oscillator Strength:0.00000   <S**2>: 2.000
--------------------------------------------------------------------


State 183 4.484 eV 
Excitation    CI Coef
|3^CS(5->0)>    0.06162
|3^CS(4->0)>    0.07086
|3^CS(2->0)>    0.31898
|3^CS(1->0)>   -0.23439
|3^CS(4->0')>   -0.05583
|3^CS(2->0')>   -0.20205
|3^CS(1->0')>   -0.21418
|3^SV(0'->3')>   -0.05120
|3^SV(0'->4')>   -0.05097
|3T^CV(4->1')>   -0.05601
|3T^CV(2->1')>   -0.27283
|3T^CV(2->14')>   -0.08303
|3T^CV(1->11')>   -0.06161
|3T^CV(1->13')>   -0.06251
|3S^CV(18->10')>    0.05961
|3S^CV(17->9')>    0.06186
|3S^CV(16->1')>    0.06047
|3S^CV(16->7')>    0.07567
|3S^CV(15->7')>    0.05438
|3S^CV(15->8')>   -0.05930
|3S^CV(8->3')>    0.05108
|3S^CV(7->16')>   -0.05984
|3S^CV(5->1')>   -0.10920
|3S^CV(2->1')>   -0.07674
|3S^CV(1->1')>    0.29449
|3S^CV(1->12')>    0.09706
|3S^CV(1->14')>    0.13537
|3X^CV(18->9')>   -0.07742
|3X^CV(17->10')>   -0.07933
|3X^CV(16->7')>    0.07493
|3X^CV(16->8')>   -0.06043
|3X^CV(16->11')>   -0.05919
|3X^CV(15->1')>    0.07154
|3X^CV(15->7')>    0.07553
|3X^CV(15->8')>    0.05156
|3X^CV(15->12')>   -0.06560
|3X^CV(7->17')>   -0.07583
|3X^CV(6->1')>   -0.09338
|3X^CV(6->16')>   -0.06228
|3X^CV(5->19')>    0.06512
|3X^CV(4->1')>   -0.12538
|3X^CV(2->1')>   -0.44878
|3X^CV(2->14')>   -0.13473
|3X^CV(1->2')>   -0.07551
|3X^CV(1->11')>   -0.10676
|3X^CV(1->13')>   -0.07689
|3X^CV(1->19')>   -0.07539
TDMs with Triplet 'Ground' state
TDMX:0.173   TDMY:0.075   TDMZ:0.010   Oscillator Strength:0.00390   <S**2>: 2.000
--------------------------------------------------------------------
TDMs with Singlet 'Ground' state
TDMX:0.000   TDMY:0.000   TDMZ:0.000   Oscillator Strength:0.00000   <S**2>: 2.000
--------------------------------------------------------------------


State 184 4.484 eV 
Excitation    CI Coef
|3^CS(8->0)>    0.10889
|3^CS(8->0')>    0.10889
|3^SV(0->1')>   -0.07980
|3^SV(0->11')>    0.10415
|3^SV(0->12')>    0.10989
|3^SV(0->13')>   -0.23432
|3^SV(0->14')>    0.12294
|3^SV(0'->1')>   -0.07980
|3^SV(0'->11')>   -0.10415
|3^SV(0'->12')>    0.10989
|3^SV(0'->13')>    0.23432
|3^SV(0'->14')>    0.12295
|3T^CV(17->13')>   -0.06966
|3T^CV(13->13')>    0.05032
|3T^CV(12->2')>    0.06496
|3T^CV(12->13')>   -0.09641
|3T^CV(11->1')>    0.14191
|3T^CV(11->12')>    0.09651
|3T^CV(10->6')>    0.09220
|3T^CV(9->5')>    0.09056
|3T^CV(8->2')>    0.14721
|3T^CV(8->11')>    0.05549
|3T^CV(7->1')>   -0.18583
|3T^CV(7->7')>   -0.06040
|3T^CV(6->8')>    0.06156
|3T^CV(5->1')>    0.17268
|3T^CV(5->10')>    0.07813
|3T^CV(4->9')>   -0.08109
|3T^CV(3->1')>   -0.44898
|3S^CV(20->2')>   -0.06995
|3S^CV(19->1')>    0.16978
|3S^CV(19->14')>    0.05348
|3S^CV(16->3')>   -0.05319
|3S^CV(15->4')>   -0.05324
|3S^CV(14->2')>    0.16975
|3S^CV(14->11')>    0.05500
|3S^CV(14->21')>   -0.05045
|3S^CV(13->1')>   -0.07280
|3S^CV(13->12')>    0.06761
|3S^CV(11->2')>   -0.11571
|3S^CV(11->11')>   -0.07188
|3S^CV(11->13')>    0.11311
|3S^CV(11->15')>   -0.05862
|3S^CV(8->1')>    0.07478
|3S^CV(8->12')>   -0.08605
|3S^CV(8->18')>   -0.07420
|3S^CV(3->15')>    0.09097
|3S^CV(2->4')>    0.09093
|3S^CV(1->3')>   -0.09107
|3X^CV(17->11')>   -0.06009
|3X^CV(16->4')>    0.05330
|3X^CV(15->3')>    0.05336
|3X^CV(14->1')>    0.12901
|3X^CV(14->14')>   -0.05226
|3X^CV(13->13')>   -0.06672
|3X^CV(12->11')>   -0.05712
|3X^CV(12->13')>    0.08714
|3X^CV(8->2')>    0.09427
|3X^CV(8->11')>    0.05957
|3X^CV(8->13')>    0.05556
|3X^CV(8->19')>    0.05252
|3X^CV(7->1')>   -0.05160
|3X^CV(3->1')>   -0.11335
|3X^CV(2->3')>   -0.13828
|3X^CV(2->17')>   -0.05377
|3X^CV(1->4')>    0.13902
TDMs with Triplet 'Ground' state
TDMX:-0.000   TDMY:-0.000   TDMZ:-0.600   Oscillator Strength:0.03955   <S**2>: 2.000
--------------------------------------------------------------------
TDMs with Singlet 'Ground' state
TDMX:0.000   TDMY:0.000   TDMZ:0.000   Oscillator Strength:0.00000   <S**2>: 2.000
--------------------------------------------------------------------


State 185 4.500 eV 
Excitation    CI Coef
|1^SV(0->1')>    0.07516
|1^SV(0->11')>   -0.05277
|1^SV(0->12')>   -0.11603
|1^SV(0->13')>    0.22850
|1^SV(0->14')>   -0.18583
|1^SV(0'->1')>   -0.07518
|1^SV(0'->11')>   -0.05279
|1^SV(0'->12')>    0.11605
|1^SV(0'->13')>    0.22856
|1^SV(0'->14')>    0.18589
|1S^CV(18->13')>    0.08021
|1S^CV(17->12')>   -0.05712
|1S^CV(17->14')>   -0.05230
|1S^CV(14->13')>    0.05773
|1S^CV(12->1')>   -0.10787
|1S^CV(12->12')>   -0.07689
|1S^CV(12->14')>   -0.07341
|1S^CV(11->2')>   -0.10529
|1S^CV(11->13')>    0.10267
|1S^CV(10->5')>   -0.05960
|1S^CV(9->6')>   -0.06155
|1S^CV(8->1')>   -0.38753
|1S^CV(7->2')>    0.12443
|1S^CV(7->7')>   -0.07283
|1S^CV(7->8')>    0.09171
|1S^CV(6->7')>   -0.09231
|1S^CV(6->8')>   -0.07328
|1S^CV(5->2')>   -0.11408
|1S^CV(5->9')>   -0.11495
|1S^CV(4->10')>    0.11796
|1S^CV(3->2')>    0.30588
|1T^CV(20->1')>   -0.05330
|1T^CV(19->2')>    0.05180
|1T^CV(19->11')>    0.07032
|1T^CV(17->11')>   -0.07056
|1T^CV(16->4')>    0.09682
|1T^CV(15->3')>    0.09681
|1T^CV(14->1')>    0.15419
|1T^CV(14->12')>   -0.07064
|1T^CV(13->2')>   -0.12651
|1T^CV(13->13')>   -0.06391
|1T^CV(12->13')>    0.11136
|1T^CV(11->14')>   -0.11682
|1T^CV(8->2')>    0.14266
|1T^CV(8->11')>    0.07469
|1T^CV(8->19')>    0.07098
|1T^CV(3->1')>   -0.11885
|1T^CV(3->12')>    0.08212
|1T^CV(3->18')>    0.06553
|1T^CV(2->3')>   -0.21879
|1T^CV(2->17')>   -0.09124
|1T^CV(1->4')>    0.21907
|1T^CV(1->16')>    0.08456
TDMs with Triplet 'Ground' state
TDMX:0.000   TDMY:0.000   TDMZ:0.000   Oscillator Strength:0.00000   <S**2>: 0.000
--------------------------------------------------------------------
TDMs with Singlet 'Ground' state
TDMX:-0.041   TDMY:1.227   TDMZ:-0.000   Oscillator Strength:0.16611   <S**2>: 0.000
--------------------------------------------------------------------


State 186 4.501 eV 
Excitation    CI Coef
|1^SV(0->1')>   -0.07225
|1^SV(0->11')>    0.06793
|1^SV(0->12')>    0.09248
|1^SV(0->13')>   -0.22626
|1^SV(0->14')>    0.19823
|1^SV(0'->1')>   -0.07223
|1^SV(0'->11')>   -0.06792
|1^SV(0'->12')>    0.09245
|1^SV(0'->13')>    0.22620
|1^SV(0'->14')>    0.19818
|1S^CV(18->14')>    0.06000
|1S^CV(17->13')>   -0.07309
|1S^CV(14->14')>    0.05607
|1S^CV(13->13')>    0.06157
|1S^CV(12->2')>    0.05683
|1S^CV(12->13')>   -0.10092
|1S^CV(11->1')>    0.15391
|1S^CV(11->12')>    0.10139
|1S^CV(11->14')>    0.06225
|1S^CV(10->6')>    0.11266
|1S^CV(9->5')>    0.11103
|1S^CV(8->2')>    0.19289
|1S^CV(8->11')>    0.05901
|1S^CV(7->1')>   -0.18824
|1S^CV(7->7')>   -0.07151
|1S^CV(7->8')>   -0.05676
|1S^CV(6->7')>   -0.05802
|1S^CV(6->8')>    0.07314
|1S^CV(5->1')>    0.17147
|1S^CV(5->10')>    0.09172
|1S^CV(4->9')>   -0.09498
|1S^CV(3->1')>   -0.45663
|1T^CV(18->11')>    0.06216
|1T^CV(16->3')>    0.08972
|1T^CV(15->4')>    0.08973
|1T^CV(14->2')>   -0.16173
|1T^CV(13->1')>    0.17095
|1T^CV(12->1')>   -0.06389
|1T^CV(12->14')>    0.10934
|1T^CV(11->2')>    0.06226
|1T^CV(11->11')>    0.05642
|1T^CV(11->13')>   -0.10860
|1T^CV(8->1')>   -0.18541
|1T^CV(8->12')>    0.07588
|1T^CV(8->18')>    0.06205
|1T^CV(3->2')>    0.05067
|1T^CV(3->11')>    0.07509
|1T^CV(3->19')>    0.05589
|1T^CV(2->4')>   -0.19149
|1T^CV(2->16')>   -0.08107
|1T^CV(1->3')>    0.19121
|1T^CV(1->17')>    0.08694
TDMs with Triplet 'Ground' state
TDMX:0.000   TDMY:0.000   TDMZ:0.000   Oscillator Strength:0.00000   <S**2>: 0.000
--------------------------------------------------------------------
TDMs with Singlet 'Ground' state
TDMX:0.000   TDMY:-0.000   TDMZ:-0.565   Oscillator Strength:0.03519   <S**2>: 0.000
--------------------------------------------------------------------


State 187 4.501 eV 
Excitation    CI Coef
|3^CS(2->0)>   -0.05334
|3T^CV(2->1')>    0.06848
|3S^CV(18->7')>   -0.19989
|3S^CV(18->8')>   -0.15860
|3S^CV(17->7')>    0.16382
|3S^CV(17->8')>   -0.20631
|3S^CV(16->7')>    0.20280
|3S^CV(16->8')>    0.13642
|3S^CV(16->10')>   -0.20216
|3S^CV(15->7')>    0.13611
|3S^CV(15->8')>   -0.20232
|3S^CV(15->9')>    0.20257
|3S^CV(14->7')>    0.10339
|3S^CV(14->8')>    0.08203
|3S^CV(13->7')>    0.06412
|3S^CV(13->8')>   -0.08075
|3S^CV(12->7')>   -0.05558
|3S^CV(12->8')>    0.07000
|3S^CV(11->7')>    0.05547
|3S^CV(7->1')>   -0.13061
|3S^CV(7->14')>   -0.06340
|3S^CV(7->16')>   -0.18714
|3S^CV(7->18')>    0.05881
|3S^CV(7->20')>   -0.14910
|3S^CV(6->2')>    0.08008
|3S^CV(6->17')>   -0.20119
|3S^CV(6->19')>    0.18415
|3S^CV(5->16')>   -0.15179
|3S^CV(4->17')>   -0.09252
|3S^CV(4->19')>   -0.06477
|3S^CV(3->20')>    0.05302
|3S^CV(2->9')>   -0.07478
|3S^CV(1->10')>   -0.07422
|3X^CV(18->7')>   -0.11201
|3X^CV(18->8')>    0.14107
|3X^CV(17->7')>    0.14564
|3X^CV(17->8')>    0.11555
|3X^CV(16->7')>    0.11095
|3X^CV(16->8')>   -0.11911
|3X^CV(16->9')>    0.15660
|3X^CV(15->7')>    0.11929
|3X^CV(15->8')>    0.11099
|3X^CV(15->10')>   -0.15610
|3X^CV(14->7')>    0.05776
|3X^CV(14->8')>   -0.07274
|3X^CV(13->7')>    0.05678
|3X^CV(7->2')>    0.05094
|3X^CV(7->17')>   -0.09912
|3X^CV(7->19')>    0.13052
|3X^CV(6->1')>   -0.09081
|3X^CV(6->16')>   -0.15758
|3X^CV(6->20')>   -0.10282
|3X^CV(5->17')>   -0.12259
|3X^CV(4->1')>    0.06438
|3X^CV(4->16')>   -0.05918
|3X^CV(4->18')>   -0.06068
|3X^CV(3->19')>   -0.05397
|3X^CV(2->1')>    0.06951
|3X^CV(2->7')>   -0.05268
|3X^CV(1->8')>   -0.05229
TDMs with Triplet 'Ground' state
TDMX:-0.043   TDMY:-0.114   TDMZ:-0.000   Oscillator Strength:0.00165   <S**2>: 2.000
--------------------------------------------------------------------
TDMs with Singlet 'Ground' state
TDMX:0.000   TDMY:0.000   TDMZ:0.000   Oscillator Strength:0.00000   <S**2>: 2.000
--------------------------------------------------------------------


State 188 4.502 eV 
Excitation    CI Coef
|3^CS(1->0')>   -0.05891
|3T^CV(1->1')>   -0.07654
|3S^CV(18->7')>   -0.15975
|3S^CV(18->8')>    0.20135
|3S^CV(17->7')>    0.20770
|3S^CV(17->8')>    0.16493
|3S^CV(16->7')>    0.17228
|3S^CV(16->8')>   -0.18511
|3S^CV(16->9')>    0.19334
|3S^CV(15->7')>    0.18516
|3S^CV(15->8')>    0.17242
|3S^CV(15->10')>   -0.19295
|3S^CV(14->7')>    0.08234
|3S^CV(14->8')>   -0.10377
|3S^CV(13->7')>    0.08106
|3S^CV(13->8')>    0.06437
|3S^CV(12->7')>   -0.07080
|3S^CV(12->8')>   -0.05622
|3S^CV(11->8')>   -0.05642
|3S^CV(7->2')>    0.07881
|3S^CV(7->13')>   -0.05148
|3S^CV(7->17')>   -0.16095
|3S^CV(7->19')>    0.18428
|3S^CV(6->1')>   -0.12922
|3S^CV(6->14')>   -0.06488
|3S^CV(6->16')>   -0.23484
|3S^CV(6->20')>   -0.15303
|3S^CV(5->17')>   -0.15383
|3S^CV(4->16')>   -0.06670
|3S^CV(4->18')>   -0.06418
|3S^CV(3->19')>   -0.06221
|3S^CV(2->7')>   -0.05796
|3S^CV(2->10')>    0.06880
|3S^CV(1->8')>   -0.05768
|3S^CV(1->9')>    0.06944
|3X^CV(18->7')>   -0.13973
|3X^CV(18->8')>   -0.11095
|3X^CV(17->7')>    0.11456
|3X^CV(17->8')>   -0.14438
|3X^CV(16->7')>    0.13876
|3X^CV(16->8')>    0.09342
|3X^CV(16->10')>   -0.14745
|3X^CV(15->7')>    0.09306
|3X^CV(15->8')>   -0.13846
|3X^CV(15->9')>    0.14802
|3X^CV(14->7')>    0.07228
|3X^CV(14->8')>    0.05739
|3X^CV(13->8')>   -0.05642
|3X^CV(7->1')>   -0.09233
|3X^CV(7->16')>   -0.12317
|3X^CV(7->20')>   -0.10546
|3X^CV(6->17')>   -0.13885
|3X^CV(6->19')>    0.12958
|3X^CV(5->16')>   -0.11295
|3X^CV(4->17')>   -0.07010
|3X^CV(4->19')>   -0.05114
|3X^CV(1->1')>   -0.07731
TDMs with Triplet 'Ground' state
TDMX:0.000   TDMY:0.000   TDMZ:-0.043   Oscillator Strength:0.00020   <S**2>: 2.000
--------------------------------------------------------------------
TDMs with Singlet 'Ground' state
TDMX:0.000   TDMY:0.000   TDMZ:0.000   Oscillator Strength:0.00000   <S**2>: 2.000
--------------------------------------------------------------------


State 189 4.503 eV 
Excitation    CI Coef
|3^CS(2->0)>   -0.11929
|3^CS(1->0)>    0.07099
|3^CS(2->0')>    0.10143
|3^CS(1->0')>    0.09522
|3T^CV(2->1')>    0.16117
|3S^CV(37->9')>    0.05946
|3S^CV(36->10')>    0.06027
|3S^CV(18->10')>    0.25127
|3S^CV(17->9')>    0.25912
|3S^CV(16->7')>    0.16244
|3S^CV(16->8')>    0.10950
|3S^CV(16->10')>    0.24641
|3S^CV(15->7')>    0.10943
|3S^CV(15->8')>   -0.16300
|3S^CV(15->9')>   -0.24654
|3S^CV(14->10')>   -0.13026
|3S^CV(13->9')>    0.10184
|3S^CV(12->9')>   -0.09267
|3S^CV(11->10')>   -0.07687
|3S^CV(7->16')>   -0.12997
|3S^CV(7->18')>   -0.05189
|3S^CV(6->17')>   -0.08996
|3S^CV(6->19')>    0.05708
|3S^CV(5->1')>   -0.12454
|3S^CV(5->14')>   -0.05621
|3S^CV(5->16')>    0.08408
|3S^CV(5->18')>    0.16014
|3S^CV(5->20')>   -0.15064
|3S^CV(4->2')>    0.09140
|3S^CV(4->13')>   -0.05223
|3S^CV(4->17')>    0.19629
|3S^CV(4->19')>    0.18568
|3S^CV(3->16')>    0.07617
|3S^CV(3->18')>    0.07241
|3S^CV(3->20')>   -0.05679
|3S^CV(2->2')>    0.07146
|3S^CV(2->9')>    0.06284
|3S^CV(1->10')>    0.06391
|3S^CV(1->12')>   -0.05346
|3X^CV(18->9')>   -0.14880
|3X^CV(17->10')>   -0.15393
|3X^CV(16->7')>    0.07307
|3X^CV(16->8')>   -0.07868
|3X^CV(16->9')>   -0.15955
|3X^CV(15->7')>    0.07845
|3X^CV(15->8')>    0.07321
|3X^CV(15->10')>    0.16034
|3X^CV(14->9')>    0.08033
|3X^CV(13->10')>   -0.06248
|3X^CV(7->17')>   -0.06882
|3X^CV(5->17')>    0.08392
|3X^CV(5->19')>    0.10965
|3X^CV(4->1')>   -0.05104
|3X^CV(4->16')>    0.08905
|3X^CV(4->18')>    0.11336
|3X^CV(4->20')>   -0.09632
|3X^CV(3->17')>    0.07234
|3X^CV(2->1')>    0.16460
|3X^CV(2->7')>   -0.06051
|3X^CV(2->10')>   -0.06696
|3X^CV(1->8')>   -0.06001
|3X^CV(1->9')>   -0.06410
|3X^CV(1->11')>    0.05933
|3X^CV(1->13')>    0.06066
TDMs with Triplet 'Ground' state
TDMX:-0.112   TDMY:-0.012   TDMZ:0.000   Oscillator Strength:0.00139   <S**2>: 2.000
--------------------------------------------------------------------
TDMs with Singlet 'Ground' state
TDMX:0.000   TDMY:0.000   TDMZ:0.000   Oscillator Strength:0.00000   <S**2>: 2.000
--------------------------------------------------------------------


State 190 4.503 eV 
Excitation    CI Coef
|3^CS(2->0)>   -0.09304
|3^CS(1->0)>    0.09931
|3^CS(2->0')>   -0.06932
|3^CS(1->0')>   -0.11675
|3T^CV(1->1')>   -0.15807
|3S^CV(37->10')>   -0.05959
|3S^CV(36->9')>   -0.06044
|3S^CV(18->9')>   -0.25217
|3S^CV(17->10')>   -0.25980
|3S^CV(16->7')>    0.12623
|3S^CV(16->8')>   -0.13532
|3S^CV(16->9')>   -0.25574
|3S^CV(15->7')>    0.13525
|3S^CV(15->8')>    0.12565
|3S^CV(15->10')>    0.25602
|3S^CV(14->9')>    0.13053
|3S^CV(13->10')>   -0.10210
|3S^CV(12->10')>    0.09296
|3S^CV(11->9')>    0.07693
|3S^CV(7->17')>   -0.13272
|3S^CV(6->16')>   -0.08663
|3S^CV(5->2')>    0.09097
|3S^CV(5->13')>   -0.05182
|3S^CV(5->17')>    0.14235
|3S^CV(5->19')>    0.18146
|3S^CV(4->1')>   -0.12692
|3S^CV(4->14')>   -0.05961
|3S^CV(4->16')>    0.14449
|3S^CV(4->18')>    0.18602
|3S^CV(4->20')>   -0.15561
|3S^CV(3->17')>    0.09673
|3S^CV(3->19')>    0.07078
|3S^CV(2->10')>   -0.06655
|3S^CV(2->12')>    0.05222
|3S^CV(1->2')>   -0.07000
|3S^CV(1->9')>   -0.06560
|3X^CV(18->10')>    0.15003
|3X^CV(17->9')>    0.15526
|3X^CV(16->7')>    0.08357
|3X^CV(16->8')>    0.05606
|3X^CV(16->10')>    0.16678
|3X^CV(15->7')>    0.05633
|3X^CV(15->8')>   -0.08351
|3X^CV(15->9')>   -0.16628
|3X^CV(14->10')>   -0.08095
|3X^CV(13->9')>    0.06283
|3X^CV(7->16')>   -0.05747
|3X^CV(5->16')>    0.05898
|3X^CV(5->18')>    0.09626
|3X^CV(5->20')>   -0.09249
|3X^CV(4->17')>    0.12637
|3X^CV(4->19')>    0.11894
|3X^CV(3->16')>    0.05607
|3X^CV(3->18')>    0.05668
|3X^CV(2->9')>    0.06630
|3X^CV(2->11')>   -0.05799
|3X^CV(2->13')>   -0.05934
|3X^CV(1->1')>   -0.16097
|3X^CV(1->10')>    0.06923
TDMs with Triplet 'Ground' state
TDMX:-0.000   TDMY:-0.000   TDMZ:-0.069   Oscillator Strength:0.00052   <S**2>: 2.000
--------------------------------------------------------------------
TDMs with Singlet 'Ground' state
TDMX:0.000   TDMY:0.000   TDMZ:0.000   Oscillator Strength:0.00000   <S**2>: 2.000
--------------------------------------------------------------------


State 191 4.519 eV 
Excitation    CI Coef
|3^SV(0->2')>    0.08698
|3^SV(0->13')>    0.13867
|3^SV(0->14')>   -0.15126
|3^SV(0'->2')>    0.08699
|3^SV(0'->13')>    0.13867
|3^SV(0'->14')>    0.15126
|3T^CV(18->13')>    0.05250
|3T^CV(13->1')>    0.05484
|3T^CV(12->1')>   -0.06661
|3T^CV(11->13')>    0.06797
|3T^CV(10->5')>   -0.05219
|3T^CV(9->6')>   -0.05353
|3T^CV(8->1')>   -0.22036
|3T^CV(7->2')>    0.06817
|3T^CV(7->8')>    0.05685
|3T^CV(6->7')>   -0.05760
|3T^CV(5->2')>   -0.06018
|3T^CV(5->9')>   -0.07229
|3T^CV(4->10')>    0.07363
|3T^CV(3->2')>    0.17036
|3S^CV(32->1')>    0.05326
|3S^CV(23->11')>   -0.06057
|3S^CV(20->1')>    0.21166
|3S^CV(20->14')>    0.11198
|3S^CV(19->2')>   -0.29017
|3S^CV(19->13')>    0.08475
|3S^CV(16->4')>   -0.07208
|3S^CV(15->3')>   -0.07207
|3S^CV(14->1')>   -0.16203
|3S^CV(14->12')>    0.09888
|3S^CV(14->14')>   -0.08763
|3S^CV(13->2')>    0.12453
|3S^CV(13->11')>    0.16087
|3S^CV(13->13')>   -0.08774
|3S^CV(13->21')>   -0.09068
|3S^CV(12->2')>    0.08569
|3S^CV(12->11')>    0.05977
|3S^CV(12->13')>   -0.14146
|3S^CV(12->15')>    0.11365
|3S^CV(11->1')>    0.10844
|3S^CV(11->14')>    0.12278
|3S^CV(11->20')>    0.05853
|3S^CV(10->6')>   -0.05209
|3S^CV(9->5')>   -0.05511
|3S^CV(8->11')>   -0.05699
|3S^CV(8->15')>    0.13921
|3S^CV(8->21')>    0.06096
|3S^CV(3->1')>    0.07781
|3S^CV(3->18')>   -0.12790
|3S^CV(2->3')>    0.07261
|3S^CV(2->17')>    0.05865
|3S^CV(1->4')>   -0.07243
|3S^CV(1->16')>   -0.05508
|3X^CV(23->1')>   -0.07473
|3X^CV(20->2')>   -0.08645
|3X^CV(19->1')>    0.18696
|3X^CV(14->11')>    0.10942
|3X^CV(14->13')>   -0.09677
|3X^CV(14->21')>   -0.05229
|3X^CV(13->14')>   -0.06247
|3X^CV(12->1')>   -0.07759
|3X^CV(12->14')>    0.07583
|3X^CV(11->2')>   -0.06768
|3X^CV(11->11')>   -0.06455
|3X^CV(11->15')>   -0.09811
|3X^CV(8->1')>   -0.12564
|3X^CV(8->14')>    0.07060
|3X^CV(8->20')>   -0.05241
|3X^CV(3->11')>    0.08098
|3X^CV(3->15')>    0.10451
|3X^CV(2->4')>   -0.12478
|3X^CV(1->3')>    0.12482
TDMs with Triplet 'Ground' state
TDMX:-0.038   TDMY:0.605   TDMZ:0.000   Oscillator Strength:0.04067   <S**2>: 2.000
--------------------------------------------------------------------
TDMs with Singlet 'Ground' state
TDMX:0.000   TDMY:0.000   TDMZ:0.000   Oscillator Strength:0.00000   <S**2>: 2.000
--------------------------------------------------------------------


State 192 4.522 eV 
Excitation    CI Coef
|1^CS(16->0)>    0.05322
|1^CS(15->0)>   -0.06518
|1^CS(5->0)>    0.06984
|1^CS(1->0)>   -0.06729
|1^CS(16->0')>   -0.06310
|1^CS(15->0')>   -0.05629
|1^CS(5->0')>   -0.07001
|1^CS(1->0')>    0.06291
|1^SV(0->3')>   -0.10784
|1^SV(0->4')>    0.10832
|1^SV(0->9')>    0.06606
|1^SV(0->10')>    0.06642
|1^SV(0'->3')>   -0.10832
|1^SV(0'->4')>   -0.10889
|1^SV(0'->9')>    0.06627
|1^SV(0'->10')>   -0.06683
|1S^CV(18->3')>   -0.05008
|1S^CV(12->4')>    0.07391
|1S^CV(11->3')>   -0.08189
|1S^CV(8->4')>   -0.05880
|1S^CV(6->1')>   -0.06165
|1S^CV(5->2')>    0.06676
|1S^CV(5->13')>   -0.05411
|1S^CV(4->1')>   -0.07654
|1S^CV(3->3')>   -0.05324
|1S^CV(2->1')>   -0.27105
|1S^CV(1->2')>   -0.19735
|1S^CV(1->11')>   -0.06450
|1T^CV(18->10')>    0.10596
|1T^CV(17->9')>    0.10711
|1T^CV(16->1')>    0.06838
|1T^CV(16->7')>    0.08263
|1T^CV(16->8')>    0.05527
|1T^CV(16->10')>    0.05878
|1T^CV(16->12')>   -0.10677
|1T^CV(15->2')>   -0.06220
|1T^CV(15->7')>    0.05584
|1T^CV(15->8')>   -0.08254
|1T^CV(15->9')>   -0.06011
|1T^CV(15->11')>   -0.08079
|1T^CV(15->13')>   -0.07901
|1T^CV(14->4')>    0.06466
|1T^CV(13->3')>    0.05192
|1T^CV(12->9')>   -0.06185
|1T^CV(11->10')>   -0.07395
|1T^CV(8->3')>   -0.10726
|1T^CV(8->9')>    0.10781
|1T^CV(8->17')>   -0.05878
|1T^CV(7->1')>   -0.07340
|1T^CV(7->4')>   -0.17528
|1T^CV(7->10')>   -0.06807
|1T^CV(7->16')>   -0.09116
|1T^CV(6->2')>    0.09677
|1T^CV(6->3')>   -0.11433
|1T^CV(6->17')>   -0.06211
|1T^CV(5->1')>   -0.21577
|1T^CV(5->4')>    0.09023
|1T^CV(5->10')>    0.05591
|1T^CV(5->12')>    0.05720
|1T^CV(5->18')>    0.05997
|1T^CV(4->2')>    0.12696
|1T^CV(4->3')>    0.11694
|1T^CV(4->11')>    0.06818
|1T^CV(4->17')>    0.05983
|1T^CV(4->19')>    0.05574
|1T^CV(3->1')>   -0.05289
|1T^CV(3->10')>   -0.06173
|1T^CV(2->2')>    0.24225
|1T^CV(2->7')>    0.12199
|1T^CV(2->8')>   -0.12289
|1T^CV(2->9')>   -0.10126
|1T^CV(2->11')>    0.16257
|1T^CV(2->13')>    0.06337
|1T^CV(2->19')>    0.08129
|1T^CV(1->1')>    0.35193
|1T^CV(1->7')>   -0.12374
|1T^CV(1->8')>   -0.12155
|1T^CV(1->10')>   -0.10500
|1T^CV(1->12')>   -0.15007
|1T^CV(1->18')>   -0.05462
|1T^CV(1->20')>    0.05398
TDMs with Triplet 'Ground' state
TDMX:0.000   TDMY:0.000   TDMZ:0.000   Oscillator Strength:0.00000   <S**2>: 0.000
--------------------------------------------------------------------
TDMs with Singlet 'Ground' state
TDMX:0.153   TDMY:0.217   TDMZ:0.001   Oscillator Strength:0.00780   <S**2>: 0.000
--------------------------------------------------------------------


State 193 4.522 eV 
Excitation    CI Coef
|1^CS(16->0)>   -0.05671
|1^CS(15->0)>    0.06362
|1^CS(4->0)>    0.05986
|1^CS(2->0)>    0.06339
|1^CS(16->0')>   -0.06568
|1^CS(15->0')>   -0.05367
|1^CS(4->0')>   -0.05971
|1^CS(2->0')>   -0.06786
|1^SV(0->3')>    0.11022
|1^SV(0->4')>   -0.10865
|1^SV(0->9')>   -0.06577
|1^SV(0->10')>   -0.06529
|1^SV(0'->3')>   -0.10965
|1^SV(0'->4')>   -0.10817
|1^SV(0'->9')>    0.06535
|1^SV(0'->10')>   -0.06507
|1S^CV(18->4')>   -0.05043
|1S^CV(12->3')>    0.07476
|1S^CV(11->4')>   -0.08239
|1S^CV(8->3')>   -0.05966
|1S^CV(5->1')>   -0.09485
|1S^CV(4->2')>    0.05705
|1S^CV(3->4')>   -0.05308
|1S^CV(2->2')>    0.19938
|1S^CV(2->11')>    0.06523
|1S^CV(1->1')>    0.27395
|1T^CV(18->9')>   -0.10486
|1T^CV(17->10')>   -0.10580
|1T^CV(16->2')>   -0.06232
|1T^CV(16->7')>    0.06750
|1T^CV(16->8')>   -0.07290
|1T^CV(16->9')>   -0.05886
|1T^CV(16->11')>   -0.08125
|1T^CV(16->13')>   -0.07960
|1T^CV(15->1')>    0.06847
|1T^CV(15->7')>    0.07232
|1T^CV(15->8')>    0.06769
|1T^CV(15->10')>    0.05766
|1T^CV(15->12')>   -0.10742
|1T^CV(14->3')>    0.06521
|1T^CV(13->4')>    0.05217
|1T^CV(12->10')>    0.06081
|1T^CV(11->9')>    0.07302
|1T^CV(8->4')>   -0.10836
|1T^CV(8->10')>   -0.10583
|1T^CV(8->16')>   -0.05479
|1T^CV(7->2')>    0.05166
|1T^CV(7->3')>   -0.17449
|1T^CV(7->9')>    0.06822
|1T^CV(7->17')>   -0.09127
|1T^CV(6->1')>   -0.14137
|1T^CV(6->4')>   -0.11367
|1T^CV(6->16')>   -0.06914
|1T^CV(5->2')>    0.14463
|1T^CV(5->3')>    0.08779
|1T^CV(5->9')>   -0.05434
|1T^CV(5->11')>    0.07741
|1T^CV(5->19')>    0.06467
|1T^CV(4->1')>   -0.18316
|1T^CV(4->4')>    0.11492
|1T^CV(4->18')>    0.05848
|1T^CV(3->9')>    0.06057
|1T^CV(2->1')>   -0.35415
|1T^CV(2->7')>    0.14512
|1T^CV(2->8')>    0.09209
|1T^CV(2->10')>    0.10228
|1T^CV(2->12')>    0.15116
|1T^CV(2->18')>    0.05552
|1T^CV(2->20')>   -0.05432
|1T^CV(1->2')>   -0.24382
|1T^CV(1->7')>   -0.09107
|1T^CV(1->8')>    0.14528
|1T^CV(1->9')>    0.09879
|1T^CV(1->11')>   -0.16362
|1T^CV(1->13')>   -0.06388
|1T^CV(1->19')>   -0.08177
TDMs with Triplet 'Ground' state
TDMX:0.000   TDMY:0.000   TDMZ:0.000   Oscillator Strength:0.00000   <S**2>: 0.000
--------------------------------------------------------------------
TDMs with Singlet 'Ground' state
TDMX:-0.000   TDMY:-0.001   TDMZ:0.340   Oscillator Strength:0.01282   <S**2>: 0.000
--------------------------------------------------------------------


State 194 4.523 eV 
Excitation    CI Coef
|3^CS(15->0)>    0.05290
|3^CS(4->0)>    0.05295
|3^CS(2->0)>   -0.07012
|3^CS(1->0)>    0.11796
|3^CS(4->0')>   -0.05310
|3^CS(1->0')>    0.13003
|3^SV(0->3')>   -0.08347
|3^SV(0->4')>    0.08277
|3^SV(0->9')>    0.06784
|3^SV(0->10')>    0.06732
|3^SV(0'->3')>   -0.08372
|3^SV(0'->4')>   -0.08309
|3^SV(0'->9')>    0.06797
|3^SV(0'->10')>   -0.06765
|3T^CV(12->4')>    0.05498
|3T^CV(11->3')>   -0.06128
|3T^CV(6->1')>   -0.05758
|3T^CV(5->2')>    0.05808
|3T^CV(4->1')>   -0.07314
|3T^CV(2->1')>   -0.14417
|3T^CV(1->2')>   -0.16302
|3T^CV(1->13')>    0.05396
|3S^CV(18->4')>    0.06986
|3S^CV(17->3')>   -0.07382
|3S^CV(16->1')>   -0.08384
|3S^CV(16->12')>    0.10655
|3S^CV(15->2')>    0.07285
|3S^CV(15->11')>    0.08640
|3S^CV(15->13')>    0.07101
|3S^CV(14->4')>   -0.05872
|3S^CV(8->9')>   -0.06401
|3S^CV(8->17')>    0.05460
|3S^CV(7->4')>    0.07551
|3S^CV(6->2')>   -0.06757
|3S^CV(6->3')>    0.05296
|3S^CV(5->1')>    0.14153
|3S^CV(4->2')>   -0.09155
|3S^CV(4->3')>   -0.06144
|3S^CV(2->2')>   -0.21511
|3S^CV(2->7')>   -0.08157
|3S^CV(2->8')>    0.08221
|3S^CV(2->9')>    0.07314
|3S^CV(2->11')>   -0.11162
|3S^CV(2->19')>   -0.08168
|3S^CV(1->1')>   -0.39559
|3S^CV(1->7')>    0.08309
|3S^CV(1->8')>    0.08167
|3S^CV(1->10')>    0.07669
|3S^CV(1->14')>   -0.08363
|3S^CV(1->18')>    0.05724
|3X^CV(18->9')>   -0.12474
|3X^CV(17->10')>   -0.12658
|3X^CV(16->7')>    0.08354
|3X^CV(16->8')>   -0.08946
|3X^CV(16->9')>   -0.07607
|3X^CV(15->7')>    0.08958
|3X^CV(15->8')>    0.08313
|3X^CV(15->10')>    0.07620
|3X^CV(14->9')>    0.05293
|3X^CV(12->10')>    0.06586
|3X^CV(11->9')>    0.07389
|3X^CV(8->4')>   -0.08495
|3X^CV(8->10')>   -0.08945
|3X^CV(7->3')>   -0.15016
|3X^CV(7->9')>    0.05655
|3X^CV(7->17')>   -0.09037
|3X^CV(6->1')>   -0.09434
|3X^CV(6->4')>   -0.10006
|3X^CV(6->16')>   -0.08182
|3X^CV(5->2')>    0.11245
|3X^CV(5->3')>    0.07831
|3X^CV(5->11')>    0.06472
|3X^CV(5->19')>    0.08154
|3X^CV(4->1')>   -0.13103
|3X^CV(4->4')>    0.10784
|3X^CV(4->16')>    0.05344
|3X^CV(4->18')>    0.07232
|3X^CV(4->20')>   -0.05363
|3X^CV(2->7')>    0.10818
|3X^CV(2->8')>    0.06791
|3X^CV(2->10')>    0.08355
|3X^CV(2->12')>    0.13480
|3X^CV(2->14')>    0.07165
|3X^CV(1->2')>   -0.11293
|3X^CV(1->7')>   -0.06866
|3X^CV(1->8')>    0.10834
|3X^CV(1->9')>    0.08397
|3X^CV(1->11')>   -0.06864
TDMs with Triplet 'Ground' state
TDMX:0.029   TDMY:0.188   TDMZ:0.001   Oscillator Strength:0.00399   <S**2>: 2.000
--------------------------------------------------------------------
TDMs with Singlet 'Ground' state
TDMX:0.000   TDMY:0.000   TDMZ:0.000   Oscillator Strength:0.00000   <S**2>: 2.000
--------------------------------------------------------------------


State 195 4.523 eV 
Excitation    CI Coef
|3^CS(5->0)>    0.06377
|3^CS(2->0)>   -0.12962
|3^CS(16->0')>   -0.05316
|3^CS(5->0')>   -0.06361
|3^CS(2->0')>   -0.11772
|3^CS(1->0')>   -0.06929
|3^SV(0->3')>    0.08353
|3^SV(0->4')>   -0.08420
|3^SV(0->9')>   -0.06808
|3^SV(0->10')>   -0.06833
|3^SV(0'->3')>   -0.08321
|3^SV(0'->4')>   -0.08396
|3^SV(0'->9')>    0.06775
|3^SV(0'->10')>   -0.06821
|3T^CV(12->3')>    0.05554
|3T^CV(11->4')>   -0.06118
|3T^CV(5->1')>   -0.09037
|3T^CV(2->2')>    0.16383
|3T^CV(2->13')>   -0.05409
|3T^CV(1->1')>    0.14609
|3S^CV(18->3')>    0.07039
|3S^CV(17->4')>   -0.07435
|3S^CV(16->2')>    0.07324
|3S^CV(16->11')>    0.08682
|3S^CV(16->13')>    0.07146
|3S^CV(15->1')>   -0.08419
|3S^CV(15->12')>    0.10716
|3S^CV(14->3')>   -0.05923
|3S^CV(8->10')>    0.06413
|3S^CV(8->16')>    0.05117
|3S^CV(7->3')>    0.07449
|3S^CV(6->1')>    0.08764
|3S^CV(6->4')>    0.05123
|3S^CV(5->2')>   -0.10552
|3S^CV(4->1')>    0.12388
|3S^CV(4->4')>   -0.06299
|3S^CV(2->1')>    0.39684
|3S^CV(2->7')>   -0.09752
|3S^CV(2->8')>   -0.06184
|3S^CV(2->10')>   -0.07757
|3S^CV(2->14')>    0.08369
|3S^CV(2->18')>   -0.05634
|3S^CV(1->2')>    0.21642
|3S^CV(1->7')>    0.06095
|3S^CV(1->8')>   -0.09718
|3S^CV(1->9')>   -0.07419
|3S^CV(1->11')>    0.11206
|3S^CV(1->19')>    0.08200
|3X^CV(18->10')>    0.12455
|3X^CV(17->9')>    0.12665
|3X^CV(16->7')>    0.10110
|3X^CV(16->8')>    0.06825
|3X^CV(16->10')>    0.07603
|3X^CV(15->7')>    0.06798
|3X^CV(15->8')>   -0.10142
|3X^CV(15->9')>   -0.07607
|3X^CV(14->10')>   -0.05294
|3X^CV(12->9')>   -0.06576
|3X^CV(11->10')>   -0.07398
|3X^CV(8->3')>   -0.08604
|3X^CV(8->9')>    0.08992
|3X^CV(7->4')>   -0.14881
|3X^CV(7->10')>   -0.05642
|3X^CV(7->16')>   -0.09074
|3X^CV(6->2')>    0.06648
|3X^CV(6->3')>   -0.09845
|3X^CV(6->17')>   -0.07371
|3X^CV(6->19')>    0.05256
|3X^CV(5->1')>   -0.15076
|3X^CV(5->4')>    0.08066
|3X^CV(5->12')>    0.05280
|3X^CV(5->18')>    0.06555
|3X^CV(5->20')>   -0.06188
|3X^CV(4->2')>    0.10145
|3X^CV(4->3')>    0.10902
|3X^CV(4->11')>    0.05623
|3X^CV(4->17')>    0.07541
|3X^CV(4->19')>    0.06949
|3X^CV(3->10')>   -0.05043
|3X^CV(2->2')>    0.11314
|3X^CV(2->7')>    0.08880
|3X^CV(2->8')>   -0.09033
|3X^CV(2->9')>   -0.08615
|3X^CV(2->11')>    0.06910
|3X^CV(1->7')>   -0.08950
|3X^CV(1->8')>   -0.08879
|3X^CV(1->10')>   -0.08595
|3X^CV(1->12')>   -0.13516
|3X^CV(1->14')>   -0.07168
TDMs with Triplet 'Ground' state
TDMX:-0.000   TDMY:-0.000   TDMZ:0.318   Oscillator Strength:0.01121   <S**2>: 2.000
--------------------------------------------------------------------
TDMs with Singlet 'Ground' state
TDMX:0.000   TDMY:0.000   TDMZ:0.000   Oscillator Strength:0.00000   <S**2>: 2.000
--------------------------------------------------------------------


State 196 4.535 eV 
Excitation    CI Coef
|3^CS(7->0)>   -0.12963
|3^CS(5->0)>    0.06184
|3^CS(3->0)>    0.06246
|3^CS(7->0')>    0.12966
|3^CS(5->0')>   -0.06184
|3^CS(3->0')>   -0.06249
|3^SV(0->8')>   -0.12846
|3^SV(0->9')>   -0.05637
|3^SV(0->10')>   -0.05692
|3^SV(0'->7')>   -0.12865
|3^SV(0'->9')>    0.05633
|3^SV(0'->10')>   -0.05704
|3T^CV(7->1')>    0.12831
|3T^CV(7->12')>    0.05330
|3T^CV(7->14')>    0.06291
|3T^CV(5->1')>   -0.05423
|3T^CV(1->1')>   -0.05406
|3S^CV(18->7')>   -0.05436
|3S^CV(18->8')>    0.06844
|3S^CV(18->9')>    0.05994
|3S^CV(17->7')>    0.06923
|3S^CV(17->8')>    0.05491
|3S^CV(17->10')>    0.06079
|3S^CV(16->9')>    0.09731
|3S^CV(15->10')>   -0.09761
|3S^CV(8->7')>    0.06799
|3S^CV(8->8')>    0.05393
|3S^CV(8->10')>    0.05147
|3S^CV(7->2')>    0.12944
|3S^CV(7->3')>   -0.05213
|3S^CV(7->11')>    0.05662
|3S^CV(6->1')>   -0.11233
|3S^CV(6->4')>   -0.09207
|3S^CV(6->12')>    0.05431
|3S^CV(6->16')>   -0.05150
|3S^CV(5->3')>   -0.13903
|3S^CV(5->17')>   -0.06910
|3S^CV(4->1')>    0.10282
|3S^CV(4->4')>   -0.12438
|3S^CV(4->12')>   -0.06144
|3S^CV(4->18')>   -0.05520
|3S^CV(3->2')>   -0.07379
|3S^CV(3->8')>   -0.05479
|3S^CV(2->1')>   -0.06916
|3S^CV(2->7')>    0.05926
|3S^CV(2->10')>   -0.16036
|3S^CV(1->8')>    0.05887
|3S^CV(1->9')>   -0.16101
|3X^CV(18->7')>    0.08651
|3X^CV(18->8')>    0.06861
|3X^CV(18->10')>    0.05927
|3X^CV(17->7')>   -0.06922
|3X^CV(17->8')>    0.08715
|3X^CV(17->9')>    0.05929
|3X^CV(16->10')>    0.10209
|3X^CV(15->9')>   -0.10221
|3X^CV(12->8')>   -0.05147
|3X^CV(11->7')>   -0.06313
|3X^CV(11->8')>   -0.05007
|3X^CV(8->7')>   -0.07729
|3X^CV(8->8')>    0.09730
|3X^CV(8->9')>    0.07289
|3X^CV(7->1')>    0.25183
|3X^CV(7->4')>    0.07722
|3X^CV(7->12')>   -0.05954
|3X^CV(6->2')>   -0.12444
|3X^CV(6->3')>    0.12936
|3X^CV(6->11')>   -0.07888
|3X^CV(6->17')>    0.05998
|3X^CV(6->19')>   -0.05353
|3X^CV(5->1')>   -0.11207
|3X^CV(5->4')>    0.18570
|3X^CV(5->16')>    0.07042
|3X^CV(4->2')>    0.12959
|3X^CV(4->3')>    0.16526
|3X^CV(4->11')>    0.08573
|3X^CV(4->17')>    0.06661
|3X^CV(3->1')>   -0.13665
|3X^CV(3->4')>    0.06612
|3X^CV(3->7')>   -0.07799
|3X^CV(3->8')>   -0.06186
|3X^CV(3->10')>   -0.06261
|3X^CV(2->7')>   -0.06836
|3X^CV(2->8')>    0.06914
|3X^CV(2->9')>   -0.23682
|3X^CV(1->7')>    0.06939
|3X^CV(1->8')>    0.06843
|3X^CV(1->10')>   -0.23635
TDMs with Triplet 'Ground' state
TDMX:-0.000   TDMY:0.000   TDMZ:-0.210   Oscillator Strength:0.00491   <S**2>: 2.000
--------------------------------------------------------------------
TDMs with Singlet 'Ground' state
TDMX:0.000   TDMY:0.000   TDMZ:0.000   Oscillator Strength:0.00000   <S**2>: 2.000
--------------------------------------------------------------------


State 197 4.536 eV 
Excitation    CI Coef
|3^CS(6->0)>   -0.10415
|3^CS(4->0)>    0.11579
|3^CS(6->0')>    0.10412
|3^CS(4->0')>   -0.11578
|3^SV(0->8')>    0.12707
|3^SV(0->9')>    0.05581
|3^SV(0->10')>    0.05536
|3^SV(0'->7')>   -0.12683
|3^SV(0'->9')>    0.05569
|3^SV(0'->10')>   -0.05540
|3T^CV(8->1')>    0.12286
|3T^CV(7->2')>   -0.07962
|3T^CV(7->13')>    0.05044
|3T^CV(6->1')>    0.10001
|3T^CV(6->14')>    0.05412
|3T^CV(4->1')>   -0.09369
|3T^CV(4->12')>   -0.05014
|3T^CV(4->14')>   -0.05602
|3T^CV(3->2')>   -0.05382
|3T^CV(2->1')>    0.05355
|3S^CV(18->7')>   -0.06740
|3S^CV(18->8')>   -0.05354
|3S^CV(18->10')>   -0.05850
|3S^CV(17->7')>    0.05417
|3S^CV(17->8')>   -0.06830
|3S^CV(17->9')>   -0.05922
|3S^CV(16->10')>   -0.09505
|3S^CV(15->9')>    0.09484
|3S^CV(8->7')>    0.05307
|3S^CV(8->8')>   -0.06691
|3S^CV(8->9')>   -0.05031
|3S^CV(7->1')>   -0.12720
|3S^CV(7->4')>   -0.05104
|3S^CV(7->12')>    0.06954
|3S^CV(6->2')>    0.11007
|3S^CV(6->3')>   -0.09020
|3S^CV(5->4')>   -0.13535
|3S^CV(5->16')>   -0.05427
|3S^CV(4->2')>   -0.10961
|3S^CV(4->3')>   -0.12211
|3S^CV(4->11')>   -0.05006
|3S^CV(4->17')>   -0.06316
|3S^CV(3->1')>    0.06630
|3S^CV(3->7')>    0.05297
|3S^CV(2->9')>    0.15978
|3S^CV(1->1')>    0.06849
|3S^CV(1->10')>    0.15927
|3X^CV(18->7')>    0.06831
|3X^CV(18->8')>   -0.08613
|3X^CV(18->9')>   -0.05872
|3X^CV(17->7')>   -0.08652
|3X^CV(17->8')>   -0.06873
|3X^CV(17->10')>   -0.05867
|3X^CV(16->9')>   -0.10109
|3X^CV(15->10')>    0.10103
|3X^CV(12->7')>    0.05076
|3X^CV(11->8')>    0.06236
|3X^CV(8->7')>   -0.09570
|3X^CV(8->8')>   -0.07602
|3X^CV(8->10')>   -0.07189
|3X^CV(7->2')>   -0.14065
|3X^CV(7->3')>    0.07653
|3X^CV(7->11')>   -0.09709
|3X^CV(7->19')>   -0.06465
|3X^CV(6->1')>    0.20607
|3X^CV(6->4')>    0.12611
|3X^CV(6->12')>   -0.05335
|3X^CV(6->16')>    0.06889
|3X^CV(5->2')>    0.05569
|3X^CV(5->3')>    0.18052
|3X^CV(5->17')>    0.07862
|3X^CV(4->1')>   -0.22311
|3X^CV(4->4')>    0.16311
|3X^CV(4->12')>    0.05728
|3X^CV(4->18')>    0.05667
|3X^CV(3->2')>    0.08918
|3X^CV(3->3')>    0.06456
|3X^CV(3->7')>   -0.05993
|3X^CV(3->8')>    0.07557
|3X^CV(3->9')>    0.06037
|3X^CV(2->7')>   -0.08221
|3X^CV(2->8')>   -0.05196
|3X^CV(2->10')>    0.23399
|3X^CV(1->7')>    0.05151
|3X^CV(1->8')>   -0.08185
|3X^CV(1->9')>    0.23465
TDMs with Triplet 'Ground' state
TDMX:-0.097   TDMY:0.202   TDMZ:0.000   Oscillator Strength:0.00557   <S**2>: 2.000
--------------------------------------------------------------------
TDMs with Singlet 'Ground' state
TDMX:0.000   TDMY:0.000   TDMZ:0.000   Oscillator Strength:0.00000   <S**2>: 2.000
--------------------------------------------------------------------


State 198 4.542 eV 
Excitation    CI Coef
|1^CS(7->0)>   -0.05640
|1^CS(6->0)>    0.08956
|1^CS(4->0)>   -0.10250
|1^CS(7->0')>   -0.05658
|1^CS(6->0')>   -0.08961
|1^CS(4->0')>    0.10258
|1^SV(0->8')>    0.12841
|1^SV(0->9')>    0.06080
|1^SV(0->10')>    0.06038
|1^SV(0'->7')>    0.12847
|1^SV(0'->9')>   -0.06080
|1^SV(0'->10')>    0.06057
|1S^CV(7->1')>   -0.10962
|1S^CV(6->2')>    0.05645
|1S^CV(6->13')>   -0.06286
|1S^CV(5->1')>    0.05091
|1S^CV(4->2')>   -0.05487
|1S^CV(4->13')>    0.06825
|1S^CV(1->1')>    0.05047
|1T^CV(18->7')>   -0.08449
|1T^CV(18->8')>    0.10629
|1T^CV(18->9')>    0.08598
|1T^CV(17->7')>    0.10700
|1T^CV(17->8')>    0.08480
|1T^CV(17->10')>    0.08634
|1T^CV(16->9')>    0.13687
|1T^CV(15->10')>   -0.13696
|1T^CV(12->7')>   -0.06223
|1T^CV(11->7')>    0.06071
|1T^CV(11->8')>   -0.07636
|1T^CV(11->9')>   -0.06075
|1T^CV(8->7')>    0.11768
|1T^CV(8->8')>    0.09327
|1T^CV(8->10')>    0.09555
|1T^CV(7->2')>    0.19940
|1T^CV(7->3')>   -0.08744
|1T^CV(7->11')>    0.11314
|1T^CV(7->19')>    0.07100
|1T^CV(6->1')>   -0.24402
|1T^CV(6->4')>   -0.15577
|1T^CV(6->12')>    0.07216
|1T^CV(6->16')>   -0.08049
|1T^CV(5->2')>   -0.08840
|1T^CV(5->3')>   -0.23997
|1T^CV(5->11')>   -0.05230
|1T^CV(5->17')>   -0.10213
|1T^CV(4->1')>    0.27052
|1T^CV(4->4')>   -0.21870
|1T^CV(4->12')>   -0.08446
|1T^CV(4->16')>   -0.06778
|1T^CV(4->18')>   -0.07845
|1T^CV(3->2')>   -0.11931
|1T^CV(3->3')>   -0.08345
|1T^CV(3->7')>    0.07495
|1T^CV(3->8')>   -0.09428
|1T^CV(3->9')>   -0.07984
|1T^CV(3->11')>   -0.06932
|1T^CV(2->1')>   -0.06053
|1T^CV(2->7')>    0.09601
|1T^CV(2->8')>    0.06055
|1T^CV(2->10')>   -0.29539
|1T^CV(1->7')>   -0.06013
|1T^CV(1->8')>    0.09532
|1T^CV(1->9')>   -0.29623
TDMs with Triplet 'Ground' state
TDMX:0.000   TDMY:0.000   TDMZ:0.000   Oscillator Strength:0.00000   <S**2>: 0.000
--------------------------------------------------------------------
TDMs with Singlet 'Ground' state
TDMX:0.000   TDMY:-0.000   TDMZ:0.182   Oscillator Strength:0.00368   <S**2>: 0.000
--------------------------------------------------------------------


State 199 4.543 eV 
Excitation    CI Coef
|1^CS(7->0)>    0.10198
|1^CS(4->0)>    0.05430
|1^CS(3->0)>   -0.07660
|1^CS(7->0')>   -0.10191
|1^CS(4->0')>    0.05415
|1^CS(3->0')>    0.07654
|1^SV(0->8')>   -0.12762
|1^SV(0->9')>   -0.05956
|1^SV(0->10')>   -0.05997
|1^SV(0'->7')>    0.12749
|1^SV(0'->9')>   -0.05939
|1^SV(0'->10')>    0.05997
|1S^CV(8->1')>   -0.10745
|1S^CV(7->2')>    0.09936
|1S^CV(7->13')>   -0.07502
|1S^CV(6->1')>   -0.07463
|1S^CV(5->2')>   -0.05265
|1S^CV(4->1')>    0.06709
|1S^CV(2->1')>   -0.05174
|1T^CV(18->7')>   -0.10562
|1T^CV(18->8')>   -0.08397
|1T^CV(18->10')>   -0.08455
|1T^CV(17->7')>    0.08456
|1T^CV(17->8')>   -0.10670
|1T^CV(17->9')>   -0.08507
|1T^CV(16->10')>   -0.13514
|1T^CV(15->9')>    0.13515
|1T^CV(12->8')>    0.06172
|1T^CV(11->7')>    0.07567
|1T^CV(11->8')>    0.06016
|1T^CV(11->10')>    0.06000
|1T^CV(8->7')>    0.09241
|1T^CV(8->8')>   -0.11661
|1T^CV(8->9')>   -0.09334
|1T^CV(7->1')>   -0.29211
|1T^CV(7->4')>   -0.08640
|1T^CV(7->12')>    0.09014
|1T^CV(7->16')>   -0.05687
|1T^CV(6->2')>    0.16597
|1T^CV(6->3')>   -0.15449
|1T^CV(6->11')>    0.09453
|1T^CV(6->17')>   -0.06863
|1T^CV(6->19')>    0.05902
|1T^CV(5->1')>    0.12991
|1T^CV(5->4')>   -0.23680
|1T^CV(5->16')>   -0.08540
|1T^CV(5->18')>   -0.05945
|1T^CV(4->2')>   -0.18140
|1T^CV(4->3')>   -0.21429
|1T^CV(4->11')>   -0.10640
|1T^CV(4->17')>   -0.08974
|1T^CV(4->19')>   -0.06314
|1T^CV(3->1')>    0.16951
|1T^CV(3->4')>   -0.08365
|1T^CV(3->7')>    0.09215
|1T^CV(3->8')>    0.07326
|1T^CV(3->10')>    0.07596
|1T^CV(2->7')>    0.07953
|1T^CV(2->8')>   -0.08059
|1T^CV(2->9')>    0.29398
|1T^CV(1->1')>    0.06330
|1T^CV(1->7')>   -0.08085
|1T^CV(1->8')>   -0.07989
|1T^CV(1->10')>    0.29336
TDMs with Triplet 'Ground' state
TDMX:0.000   TDMY:0.000   TDMZ:0.000   Oscillator Strength:0.00000   <S**2>: 0.000
--------------------------------------------------------------------
TDMs with Singlet 'Ground' state
TDMX:0.107   TDMY:-0.249   TDMZ:-0.000   Oscillator Strength:0.00820   <S**2>: 0.000
--------------------------------------------------------------------


============================================================================
  TRANSITION INTENSITY SUMMARY
  General threshold  : f >= 0.1000
  Low-energy window  : E  < 2.80 eV  (> 443 nm)  ->  f >= 0.0020
============================================================================


  Transitions from Singlet ground state (state 1):
  State   Energy/eV   Wavelen./nm   Osc. Str.    <S²>
  ------------------------------------------------------------
      2      1.9243        644.31     0.00484   0.000  *
     31      2.6598        466.15     0.00383   0.000  *
     32      2.6600        466.11     0.00370   0.000  *
     46      3.0729        403.48     0.37773   0.000   
     55      3.1866        389.09     0.17188   0.000   
     59      3.2071        386.59     0.10463   0.000   
     78      3.3302        372.30     0.23389   0.000   
     79      3.3322        372.08     0.20874   0.000   
    177      4.3545        284.73     0.47196   0.000   
    185      4.4990        275.58     0.16611   0.000   
  (* below general threshold but within low-energy window)

  Transitions from Triplet ground state (state 0):
  State   Energy/eV   Wavelen./nm   Osc. Str.    <S²>
  ------------------------------------------------------------
      4      1.9530        634.84     0.00394   2.000  *
     28      2.6312        471.21     0.00439   2.000  *
     29      2.6314        471.17     0.00435   2.000  *
     44      3.0344        408.60     0.41209   2.000   
     45      3.0598        405.21     0.10939   2.000   
     49      3.1383        395.07     0.29191   2.000   
     72      3.3135        374.18     0.12186   2.000   
     76      3.3196        373.49     0.18470   2.000   
    176      4.3485        285.12     0.38859   2.000   
    180      4.4737        277.14     0.18109   2.000   
  (* below general threshold but within low-energy window)

============================================================================

Wall clock time: 103.7045 seconds
