  FCIDUMP file : FCIDUMP/FCIDUMP_AO_TTMmTTM
  NORB         : 60
  NELEC        : 76  (nalpha=38, nbeta=38)
  Scalar pot.  :  5282.5826606281
===============================================
 Testing CSF optimisation method
===============================================

************************************************
 Testing 'gwh' initial guess method
************************************************

  Initializing L-BFGS optimisation...
    > Num. MOs       =     60
    > Num. params    =    894
    > Max subspace   =     20
    > Max step size   =  0.500
    > Backtracking   =  0.100
    > Parallel tr.   = True
    > Pseudo-canon.  = True
    > Canon interval = 10
    > Hybrid prec.   = True
  ================================================================
           Energy / Eh     Step Len    Max(|G_i|)
  ================================================================
     0   553.1478799292                 8.45e+00
     1   546.8102819290    5.00e-01     8.18e+00    rescaled  
     2   541.6417443273    5.00e-01     1.23e+01    rescaled  
     3   518.2993730801    5.00e-01     1.41e+01    rescaled  
  Step has positive overlap with gradient - reversing direction
     4   500.8704767985    5.00e-01     1.05e+01    reset L-BFGS
     5   470.5616276256    5.00e-01     9.50e+00    rescaled  
     6   447.1839257827    5.00e-01     7.63e+00    rescaled  
     7   432.3920685310    5.00e-01     8.70e+00    rescaled  
  Step has positive overlap with gradient - reversing direction
     8   420.9028156596    5.00e-01     7.62e+00    reset L-BFGS
     9   400.7939176873    5.00e-01     4.97e+00    rescaled  
    10   391.1619140864    5.00e-01     6.97e+00    rescaled  
    11   388.0798553767    5.00e-01     6.33e+00    rescaled  
    12   388.0798553767    5.00e-01     6.33e+00    understep 
    13   386.0688359388    5.00e-01     5.78e+00    rescaled  
    14   379.0658649575    5.00e-01     5.72e+00    rescaled  
  Step has positive overlap with gradient - reversing direction
    15   373.5980136377    5.00e-01     5.85e+00    reset L-BFGS
    16   370.7996656494    5.00e-01     4.53e+00    rescaled  
    17   370.7996656494    5.00e-01     4.53e+00    understep 
  Step has positive overlap with gradient - reversing direction
    18   368.8341981112    5.00e-01     4.46e+00    reset L-BFGS
    19   356.7392606251    5.00e-01     3.87e+00    rescaled  
  Step has positive overlap with gradient - reversing direction
    20   348.5208171768    5.00e-01     4.41e+00    reset L-BFGS
    21   344.0346269444    5.00e-01     4.07e+00    rescaled  
    22   339.0472083544    5.00e-01     5.02e+00    rescaled  
    23   332.5996997994    5.00e-01     4.22e+00    rescaled  
    24   329.0570477457    5.00e-01     3.09e+00    rescaled  
    25   322.2400427770    5.00e-01     4.58e+00    rescaled  
    26   319.0980219970    5.00e-01     5.89e+00    rescaled  
    27   313.8917374770    5.00e-01     6.77e+00    rescaled  
  Step has positive overlap with gradient - reversing direction
    28   310.4806833022    5.00e-01     7.03e+00    reset L-BFGS
    29   300.8658728631    5.00e-01     5.89e+00    rescaled  
    30   293.2881596443    5.00e-01     5.63e+00    rescaled  
    31   289.2251987044    5.00e-01     7.79e+00    rescaled  
    32   279.6595514507    5.00e-01     1.25e+01    rescaled  
    33   274.9271165562    5.00e-01     6.35e+00    rescaled  
    34   267.2109504950    5.00e-01     6.60e+00    rescaled  
    35   261.6314978839    5.00e-01     4.47e+00    rescaled  
    36   256.1040943754    5.00e-01     4.01e+00    rescaled  
    37   252.5608734244    5.00e-01     3.90e+00    rescaled  
    38   244.6665963086    4.03e-01     2.69e+00              
    39   252.0698934898    4.84e-01     4.77e+00              
    40   242.8168049208    2.51e-01     2.93e+00    overstep  
    41   240.6034512080    3.01e-01     3.85e+00              
    42   238.2421328402    2.76e-01     2.08e+00              
    43   237.5981614456    2.80e-01     3.10e+00              
    44   237.0937024052    1.10e-01     1.49e+00              
    45   236.7952454639    1.05e-01     2.22e+00              
    46   236.5344855658    9.08e-02     1.48e+00              
    47   236.3362263446    5.34e-02     3.32e-01              
    48   236.3046991039    3.74e-02     1.51e+00              
    49   236.2710067073    4.91e-02     5.80e-01              
    50   236.2502747686    2.40e-02     1.01e-01              
    51   236.2445420362    8.97e-03     1.06e-01              
    52   236.2433057674    2.32e-03     4.69e-02              
    53   236.2426960881    1.25e-03     1.79e-02              
    54   236.2424697351    1.28e-03     7.36e-03              
    55   236.2424309540    9.76e-04     3.51e-03              
    56   236.2424215462    3.07e-04     9.28e-04              
    57   236.2424209946    1.02e-04     7.49e-04              
    58   236.2424209207    4.35e-05     1.36e-04              
    59   236.2424209142    8.89e-06     2.08e-05              
    60   236.2424209140    2.32e-06     6.02e-06              
    61   236.2424209139    9.69e-07     3.88e-06              
    62   236.2424209139    1.07e-07     7.41e-07              
  ================================================================
  L-BFGS converged in     62 iterations (  5.55 seconds)

  Initializing Davidson diagonalisation...
    > Max iterations =   1000
    > Target states  =      5
    > Convergence    =  1.000e-04
    > Basis per root =      4
    > Max basis size =     20
  Davidson diagonalisation converged in     37 iterations (  9.28 seconds)

   --------------------------
    Converged eigenvalues:   
   --------------------------
       0        6.16089969   
       1        6.17810679   
       2        6.69659444   
       3        6.70454734   
       4        6.91603908   
   --------------------------

 ---------------------------------------------
         Total Energy =   236.24242091 Eh
              Nuclear =  5282.58266063 Eh
         One Electron = -9982.71119084 Eh
              Coulomb =  5219.46261108 Eh
        ROHF Exchange =  -283.09165996 Eh
 ---------------------------------------------
           <Sz> =  0.00
           <S2> =  0.00
  Spin Coupling = +-

 -----------------------------------------------------------------------------------------------
  Open-Shell Exchange Matrix <Ψ|Êpq Êqp|Ψ> - Np
 -----------------------------------------------------------------------------------------------
           1              2        
   1   0.00000000     1.00000000   
   2   1.00000000     0.00000000   

 -----------------------------------------------------------------------------------------------
  Open-Shell Exchange Integrals <pq|qp>
 -----------------------------------------------------------------------------------------------
           1              2        
   1   6.21774850     0.00001028   
   2   0.00001028     6.21774765   

 -----------------------------------------------------------------------------------------------
  Occupied Orbital Coefficients
 -----------------------------------------------------------------------------------------------
           1              2              3              4              5              6        
   1   0.05212025    -0.03938798     0.00200092    -0.00127716     0.16609079     0.15095918   
   2   0.05887890    -0.04890832     0.00214652    -0.00151148     0.17352146     0.17361576   
   3   0.09856533    -0.08563981     0.00344880    -0.00255790     0.27044642     0.28391105   
   4   0.05794142    -0.04807041     0.00217796    -0.00154934     0.17028159     0.16995607   
   5   0.05211862     0.03938973     0.00195318     0.00134855     0.16608922    -0.15096071   
   6   0.05887692     0.04891032     0.00209016     0.00158797     0.17351976    -0.17361743   
   7   0.09856191     0.08564320     0.00335354     0.00268071     0.27044374    -0.28391375   
   8   0.08698104     0.07739271     0.00283112     0.00235404     0.20505378    -0.21701681   
   9   0.06366302     0.06265130     0.00129259     0.00134151     0.02324968    -0.02826879   
  10   0.09639047     0.08374332     0.00343586     0.00278515     0.26311709    -0.27579857   
  11   0.05793949     0.04807240     0.00212021     0.00162695     0.17027997    -0.16995776   
  12   0.14304785     0.14496270    -0.12298513    -0.12723062    -0.03414596     0.02626544   
  13   0.17692803     0.17988569    -0.16976891    -0.17562995    -0.05485759     0.04571405   
  14   0.13166844     0.13415518    -0.13513915    -0.13980503    -0.04731659     0.04092214   
  15   0.17034383     0.17381454    -0.18278780    -0.18909929    -0.06712698     0.05926681   
  16   0.13152185     0.13400347    -0.13502649    -0.13968877    -0.04719835     0.04080516   
  17   0.17659459     0.17953999    -0.16951989    -0.17537305    -0.05457009     0.04542807   
  18   0.13788168     0.13954883     0.12863612     0.13367517    -0.03574208     0.02725595   
  19   0.17157340     0.17421125     0.17867691     0.18567687    -0.05749780     0.04740400   
  20   0.12640991     0.12862353     0.14055151     0.14605862    -0.04899116     0.04189688   
  21   0.16187084     0.16494589     0.18799662     0.19536339    -0.06879391     0.06006323   
  22   0.12478093     0.12696513     0.13858857     0.14401903    -0.04834192     0.04134104   
  23   0.16779988     0.17037301     0.17421382     0.18103962    -0.05607616     0.04620291   
  24   0.14305351    -0.14495769    -0.12751309     0.12269139    -0.03414624    -0.02626515   
  25   0.17660167    -0.17953390    -0.17576128     0.16911637    -0.05457058    -0.04542762   
  26   0.13152718    -0.13399898    -0.13999796     0.13470524    -0.04719880    -0.04080478   
  27   0.17035078    -0.17380876    -0.18951780     0.18235302    -0.06712764    -0.05926628   
  28   0.13167374    -0.13415066    -0.14011472     0.13481731    -0.04731704    -0.04092176   
  29   0.17693507    -0.17987953    -0.17601938     0.16936403    -0.05485806    -0.04571358   
  30   0.13788643    -0.13954328     0.13339467    -0.12892773    -0.03574255    -0.02725576   
  31   0.16780566    -0.17036624     0.18065841    -0.17461005    -0.05607688    -0.04620258   
  32   0.12478521    -0.12696007     0.14371527    -0.13890422    -0.04834254    -0.04134074   
  33   0.16187638    -0.16493930     0.19495102    -0.18842507    -0.06879479    -0.06006278   
  34   0.12641424    -0.12861839     0.14575081    -0.14087135    -0.04899178    -0.04189657   
  35   0.17157929    -0.17420430     0.18528654    -0.17908256    -0.05749853    -0.04740365   
  36   0.03199359     0.01279894     0.00123982     0.00045009     0.10804274    -0.04932096   
  37   0.02658321     0.00000042     0.00103062     0.00001861     0.08857657    -0.00000032   
  38   0.03199416    -0.01279792     0.00125538    -0.00040504     0.10804338     0.04932019   
  39   0.01902151    -0.00605048     0.00075741    -0.00017969     0.06658848     0.02078881   
  40   0.01562674     0.00000025     0.00062538     0.00001129     0.05578949    -0.00000020   
  41   0.01902125     0.00605109     0.00075038     0.00020691     0.06658821    -0.02078928   
  42   0.08698412    -0.07738970     0.00291484    -0.00225030     0.20505582     0.21701475   
  43   0.06366534    -0.06264895     0.00134051    -0.00129396     0.02325000     0.02826861   
  44   0.09639380    -0.08373998     0.00353484    -0.00265928     0.26311961     0.27579585   
  45   0.09316314    -0.08061121     0.00321148    -0.00232048     0.28069695     0.29843606   
  46   0.08920745    -0.07715306     0.00360901    -0.00273761     0.26735770     0.28373990   
  47   0.09315992     0.08061441     0.00312498     0.00243486     0.28069417    -0.29843891   
  48   0.08920440     0.07715616     0.00350715     0.00286614     0.26735519    -0.28374276   
  49   0.16666227     0.16974047    -0.16808987    -0.17389209    -0.05783994     0.04948218   
  50   0.16881192     0.17230002    -0.18307209    -0.18939373    -0.06806004     0.06047951   
  51   0.16580329     0.16884515    -0.16756111    -0.17334751    -0.05701309     0.04866343   
  52   0.16314327     0.16592145     0.17882086     0.18582638    -0.06080480     0.05138829   
  53   0.15994833     0.16303163     0.18770804     0.19506337    -0.06952379     0.06108728   
  54   0.15619135     0.15886040     0.17041625     0.17709490    -0.05839874     0.04939759   
  55   0.16580996    -0.16883945    -0.17373043     0.16716315    -0.05701361    -0.04866296   
  56   0.16881883    -0.17229432    -0.18981261     0.18263701    -0.06806072    -0.06047898   
  57   0.16666891    -0.16973466    -0.17427848     0.16768814    -0.05784045    -0.04948168   
  58   0.15619674    -0.15885410     0.17672041    -0.17080548    -0.05839950    -0.04939724   
  59   0.15995379    -0.16302510     0.19465173    -0.18813568    -0.06952466    -0.06108681   
  60   0.16314886    -0.16591482     0.18543579    -0.17922673    -0.06080558    -0.05138791   
           7              8              9              10             11             12       
   1  -0.02366513     0.00468879     0.07140226    -0.00934789     0.05435801    -0.00334702   
   2   0.09920170    -0.10450437     0.02804227    -0.00432535     0.01958006    -0.00289394   
   3   0.24969967    -0.24186717    -0.01146137    -0.00009328    -0.01293278    -0.00310960   
   4  -0.11733165     0.11369571     0.01496862    -0.00991316     0.00830334    -0.00217798   
   5  -0.02366598    -0.00468371     0.07140191     0.00934804     0.05435779     0.00335156   
   6   0.09922292     0.10448438     0.02804204     0.00432542     0.01957986     0.00289550   
   7   0.24974868     0.24181654    -0.01146153     0.00009328    -0.01293299     0.00310836   
   8   0.00370252    -0.00547061    -0.03335628    -0.00419112    -0.02482018    -0.00171910   
   9   0.00116532    -0.00191576    -0.03589326    -0.03156425    -0.00985831    -0.01252716   
  10  -0.24163234    -0.25308581    -0.04083686     0.01280818    -0.03824699     0.00154246   
  11  -0.11735462    -0.11367185     0.01496855     0.00991321     0.00830338     0.00217872   
  12   0.00226096    -0.00157758    -0.08072424    -0.08151374    -0.05524716    -0.07915581   
  13   0.00070802    -0.00294965    -0.09355059    -0.09862673    -0.09737741    -0.15637694   
  14  -0.00176641     0.00008263     0.03391197     0.03284807     0.01016623     0.00739791   
  15  -0.00471455     0.00319524     0.17178077     0.17446061     0.12112962     0.17397508   
  16  -0.00050202     0.00142629     0.04110547     0.04228700     0.03956209     0.06370135   
  17   0.00362636     0.00015428    -0.07691470    -0.07682822    -0.02981736    -0.02700812   
  18   0.00060042    -0.00307826    -0.08200612    -0.08750899     0.02744919     0.01298806   
  19  -0.00090556    -0.00558732    -0.16061564    -0.19413989     0.22780367     0.19664665   
  20  -0.00083360     0.00049181     0.00866887     0.00041985     0.06693641     0.06759638   
  21  -0.00106500     0.00664787     0.18053632     0.19520150    -0.07444537    -0.04173669   
  22   0.00032879     0.00277494     0.07246135     0.08616048    -0.09866169    -0.08539486   
  23   0.00177767    -0.00029203    -0.01320119     0.00376850    -0.15306561    -0.15511555   
  24   0.00226129     0.00157710    -0.08072614     0.08151422    -0.05524999     0.07915363   
  25   0.00362635    -0.00015504    -0.07691714     0.07682944    -0.02982014     0.02700950   
  26  -0.00050231    -0.00142618     0.04110615    -0.04228691     0.03956355    -0.06369865   
  27  -0.00471521    -0.00319424     0.17178478    -0.17446163     0.12113578    -0.17397023   
  28  -0.00176643    -0.00008226     0.03391289    -0.03284844     0.01016719    -0.00739847   
  29   0.00070862     0.00294948    -0.09355247     0.09862688    -0.09738134     0.15637081   
  30   0.00060102     0.00307811    -0.08200642     0.08750739     0.02745108    -0.01298783   
  31   0.00177772     0.00029165    -0.01320181    -0.00376760    -0.15307269     0.15510827   
  32   0.00032825    -0.00277499     0.07246134    -0.08615851    -0.09866684     0.08539119   
  33  -0.00106630    -0.00664759     0.18053690    -0.19519782    -0.07445019     0.04173552   
  34  -0.00083370    -0.00049163     0.00866920    -0.00042026     0.06693949    -0.06759320   
  35  -0.00090447     0.00558745    -0.16061548     0.19413530     0.22781557    -0.19663822   
  36  -0.05021735    -0.00166734     0.16267912     0.00332703     0.13406413     0.00121112   
  37  -0.04816103     0.00000519     0.15417049     0.00000014     0.12796241     0.00000536   
  38  -0.05021707     0.00167817     0.16267932    -0.00332675     0.13406427    -0.00119989   
  39  -0.04326451     0.00057042     0.14400892    -0.00091298     0.11983981    -0.00031999   
  40  -0.04166151     0.00000450     0.13961422     0.00000012     0.11653877     0.00000488   
  41  -0.04326460    -0.00056108     0.14400883     0.00091324     0.11983974     0.00033003   
  42   0.00370360     0.00546980    -0.03335646     0.00419104    -0.02482030     0.00171704   
  43   0.00116570     0.00191551    -0.03589368     0.03156401    -0.00985853     0.01252643   
  44  -0.24158108     0.25313464    -0.04083707    -0.01280823    -0.03824732    -0.00154554   
  45   0.43109623    -0.41808630    -0.01551779    -0.00476420    -0.02249452    -0.00698729   
  46  -0.40321195     0.42242967    -0.06514728    -0.02620043    -0.06494337    -0.00450246   
  47   0.43118092     0.41799886    -0.01551813     0.00476423    -0.02249489     0.00698513   
  48  -0.40329756    -0.42234823    -0.06514701     0.02620038    -0.06494285     0.00449720   
  49   0.00073560    -0.00494987    -0.15402178    -0.16366092    -0.16607774    -0.26730178   
  50  -0.00769399     0.00534263     0.29192652     0.29782433     0.21004463     0.30210445   
  51   0.00589381     0.00052796    -0.12518960    -0.12592724    -0.04973772    -0.04462048   
  52  -0.00176297    -0.00930243    -0.27245571    -0.33179652     0.39975420     0.34609149   
  53  -0.00178014     0.01085060     0.30506194     0.33151534    -0.12988297    -0.07362306   
  54   0.00299252     0.00000267    -0.01758036     0.01005614    -0.25640813    -0.25983179   
  55   0.00589373    -0.00052919    -0.12519369     0.12592936    -0.04974247     0.04462295   
  56  -0.00769509    -0.00534099     0.29193351    -0.29782624     0.21005544    -0.30209620   
  57   0.00073660     0.00494970    -0.15402491     0.16366120    -0.16608448     0.26729132   
  58   0.00299252    -0.00000330    -0.01758134    -0.01005461    -0.25642005     0.25981964   
  59  -0.00178226    -0.01085014     0.30506283    -0.33150900    -0.12989130     0.07362095   
  60  -0.00176115     0.00930272    -0.27245535     0.33178858     0.39977500    -0.34607659   
           13             14             15             16             17             18       
   1  -0.04061480    -0.00156509    -0.12176139     0.00192307     0.01881321    -0.38750069   
   2  -0.01397557    -0.00188429    -0.03778434     0.00088511     0.00553353    -0.24190294   
   3   0.01126996    -0.00258643     0.04304326     0.00004398    -0.00744468     0.00076008   
   4  -0.00572869    -0.00045990    -0.01860586     0.00201590     0.00176792    -0.23703303   
   5  -0.04061440     0.00157758    -0.12176083    -0.00192562     0.01881302     0.38750027   
   6  -0.01397515     0.00188849    -0.03778400    -0.00088585     0.00553344     0.24190265   
   7   0.01127049     0.00258274     0.04304346    -0.00004295    -0.00744467    -0.00076008   
   8   0.01826834    -0.00080039     0.05417529     0.00099244    -0.00805758     0.00863170   
   9   0.00185214    -0.00507520    -0.00384510     0.00712897     0.00660164     0.00624115   
  10   0.02978464    -0.00060792     0.08607556    -0.00258178    -0.01587442    -0.00619645   
  11  -0.00572866     0.00046174    -0.01860580    -0.00201615     0.00176778     0.23703278   
  12  -0.00570617    -0.02526484    -0.06668352    -0.05224278    -0.04728688     0.00068339   
  13  -0.24348174     0.20782012    -0.02081770    -0.06359678    -0.05869742    -0.00055526   
  14  -0.09984703     0.11396562     0.05497211     0.02367702     0.02095918    -0.00002486   
  15   0.01437483     0.05395734     0.14760926     0.11867140     0.10747831     0.00027422   
  16   0.10567580    -0.09229735     0.00363154     0.02129665     0.01972976     0.00000909   
  17   0.22828972    -0.26559518    -0.13854343    -0.06901380    -0.06148327    -0.00050789   
  18  -0.00300523    -0.00147219    -0.00978040     0.09062347     0.09207043     0.00068134   
  19  -0.02277143     0.04508673     0.01742662    -0.02473100    -0.02258010    -0.00048239   
  20  -0.00636741     0.01952988     0.01611956    -0.09603619    -0.09657829     0.00002359   
  21   0.00814276    -0.00026396     0.01958539    -0.19611848    -0.19952851     0.00027322   
  22   0.00978542    -0.01971004    -0.00813748     0.01934725     0.01863023    -0.00003587   
  23   0.01435670    -0.04506590    -0.03824608     0.23942225     0.24115840    -0.00056988   
  24  -0.00570175     0.02526728    -0.06668188     0.05224628    -0.04728108    -0.00068338   
  25   0.22834260     0.26555323    -0.13853555     0.06901763    -0.06147502     0.00050789   
  26   0.10569469     0.09227652     0.00363343    -0.02129843     0.01972765    -0.00000909   
  27   0.01436527    -0.05396325     0.14760570    -0.11867936     0.10746515    -0.00027422   
  28  -0.09986979    -0.11394714     0.05496868    -0.02367815     0.02095620     0.00002486   
  29  -0.24352446    -0.20777181    -0.02082203     0.06360210    -0.05869116     0.00055527   
  30  -0.00300526     0.00147259    -0.00977930    -0.09063271     0.09206209    -0.00068134   
  31   0.01436447     0.04506166    -0.03824024    -0.23944614     0.24113602     0.00056988   
  32   0.00978910     0.01970763    -0.00813584    -0.01934895     0.01862827     0.00003587   
  33   0.00814346     0.00026266     0.01958331     0.19613856    -0.19951049    -0.00027322   
  34  -0.00637079    -0.01952801     0.01611708     0.09604582    -0.09656938    -0.00002359   
  35  -0.02277988    -0.04508116     0.01742301     0.02473307    -0.02257762     0.00048239   
  36  -0.10249559     0.00057132    -0.31320389    -0.00069809     0.05139420     0.25271598   
  37  -0.09803796     0.00001511    -0.30005687    -0.00000334     0.04947871     0.00000022   
  38  -0.10249578    -0.00053973    -0.31320422     0.00069115     0.05139429    -0.25271563   
  39  -0.09187142    -0.00013953    -0.28133299     0.00018390     0.04647616    -0.16058973   
  40  -0.08942272     0.00001378    -0.27400671    -0.00000306     0.04536220     0.00000064   
  41  -0.09187135     0.00016785    -0.28133282    -0.00019017     0.04647613     0.16059076   
  42   0.01826855     0.00079478     0.05417558    -0.00099135    -0.00805768    -0.00863168   
  43   0.00185299     0.00507467    -0.00384451    -0.00712979     0.00660114    -0.00624117   
  44   0.02978499     0.00059894     0.08607600     0.00258388    -0.01587431     0.00619650   
  45   0.02036309    -0.00520025     0.07884804     0.00116510    -0.01469324     0.26779029   
  46   0.05138409     0.00001098     0.15121805     0.00534465    -0.02873956     0.27132686   
  47   0.02036413     0.00519357     0.07884845    -0.00116310    -0.01469330    -0.26778997   
  48   0.05138368    -0.00002652     0.15121740    -0.00534083    -0.02873981    -0.27132654   
  49  -0.41969445     0.35868886    -0.03569041    -0.11188119    -0.10327166    -0.00088676   
  50   0.02530990     0.09387051     0.25842818     0.21081565     0.19100451     0.00002613   
  51   0.39117237    -0.45486294    -0.23771765    -0.12123576    -0.10813420    -0.00083169   
  52  -0.03984254     0.07957579     0.03141356    -0.04442652    -0.04057571    -0.00080683   
  53   0.01418423    -0.00083492     0.03371342    -0.34415204    -0.35025717     0.00002286   
  54   0.02392181    -0.07547182    -0.06441329     0.40858481     0.41171402    -0.00090103   
  55   0.39126299     0.45479114    -0.23770423     0.12124258    -0.10811980     0.00083169   
  56   0.02529328    -0.09388094     0.25842211    -0.21082993     0.19098124    -0.00002613   
  57  -0.41976809    -0.35860550    -0.03569795     0.11189056    -0.10326066     0.00088676   
  58   0.02393482     0.07546475    -0.06440348    -0.40862561     0.41167586     0.00090103   
  59   0.01418551     0.00083264     0.03370984     0.34418719    -0.35022546    -0.00002286   
  60  -0.03985743    -0.07956601     0.03140714     0.04443025    -0.04057126     0.00080683   
           19             20             21             22             23             24       
   1   0.32198611     0.05719390    -0.08017927    -0.00039992    -0.00045850    -0.08136999   
   2   0.25130040     0.00884210    -0.03908836     0.00020426     0.00000877     0.05439137   
   3   0.04581527    -0.04127060     0.02572231     0.00062636     0.00044944     0.13614027   
   4   0.24764568     0.00951216    -0.03994065    -0.00022785    -0.00038238     0.05219372   
   5   0.32198686    -0.05719390    -0.08017917     0.00034777    -0.00049906     0.08136870   
   6   0.25130094    -0.00884217    -0.03908844    -0.00020214     0.00003086    -0.05439102   
   7   0.04581537     0.04127051     0.02572212    -0.00057391     0.00051461    -0.13613872   
   8   0.08372600     0.13539966     0.10664339    -0.00092664     0.00081487    -0.30132627   
   9   0.03501837     0.15819777     0.15018625    -0.00077374     0.00086235    -0.09324286   
  10   0.04066808     0.03982839     0.02476470    -0.00008365    -0.00002987    -0.13225383   
  11   0.24764627    -0.00951222    -0.03994074     0.00018501    -0.00040482    -0.05219352   
  12   0.01719560     0.20546167     0.20586044     0.14277787    -0.15908304    -0.00328278   
  13   0.00319733     0.08738423     0.08939173     0.08785131    -0.09788438     0.02533927   
  14   0.00236672     0.11390391     0.11890885     0.15738894    -0.17536357     0.09254622   
  15  -0.00032990     0.05034155     0.05392760     0.09320186    -0.10384599     0.07215988   
  16   0.00231455     0.11355087     0.11858057     0.15678291    -0.17468776     0.09293108   
  17   0.00310071     0.08696928     0.08901772     0.08715449    -0.09710722     0.02584703   
  18   0.01707684     0.20351972     0.20382234    -0.14565080     0.16250599    -0.00212651   
  19   0.00328463     0.08859235     0.09060131    -0.09087502     0.10139197     0.02708750   
  20   0.00241548     0.11362416     0.11852953    -0.15989186     0.17839573     0.09376272   
  21  -0.00033579     0.04904621     0.05251372    -0.09311709     0.10389313     0.07169537   
  22   0.00223210     0.10998522     0.11476793    -0.15601294     0.17406736     0.09137641   
  23   0.00299733     0.08408205     0.08597783    -0.08680338     0.09684839     0.02494993   
  24   0.01719560    -0.20546157     0.20586084    -0.15918081    -0.14266818     0.00328293   
  25   0.00310071    -0.08696929     0.08901793    -0.09716723    -0.08708732    -0.02584735   
  26   0.00231455    -0.11355095     0.11858092    -0.17479509    -0.15666298    -0.09293236   
  27  -0.00032990    -0.05034161     0.05392780    -0.10390953    -0.09313093    -0.07216089   
  28   0.00236672    -0.11390395     0.11890916    -0.17547075    -0.15726907    -0.09254747   
  29   0.00319732    -0.08738421     0.08939192    -0.09794414    -0.08778433    -0.02533957   
  30   0.01707681    -0.20351915     0.20382223     0.16240852     0.14576009     0.00212650   
  31   0.00299732    -0.08408183     0.08597779     0.09679043     0.08686833    -0.02495029   
  32   0.00223209    -0.10998488     0.11476783     0.17396274     0.15612997    -0.09137765   
  33  -0.00033579    -0.04904603     0.05251365     0.10383049     0.09318706    -0.07169632   
  34   0.00241548    -0.11362378     0.11852939     0.17828795     0.16001231    -0.09376396   
  35   0.00328462    -0.08859206     0.09060123     0.10133055     0.09094372    -0.02708787   
  36  -0.01167850    -0.06846693    -0.02180777     0.00058779    -0.00026062     0.29468835   
  37  -0.01227178     0.00000001    -0.03185566    -0.00002016    -0.00037008    -0.00000203   
  38  -0.01167850     0.06846696    -0.02180812    -0.00061264    -0.00019550    -0.29469054   
  39  -0.21655575     0.05106948     0.05687692    -0.00046259     0.00043728    -0.27135036   
  40  -0.29877811    -0.00000007     0.09107149     0.00003800     0.00069764     0.00000248   
  41  -0.21655574    -0.05106957     0.05687716     0.00050736     0.00038466     0.27135301   
  42   0.08372586    -0.13539990     0.10664396     0.00100969     0.00070983     0.30132992   
  43   0.03501836    -0.15819766     0.15018644     0.00086286     0.00077357     0.09324425   
  44   0.04066797    -0.03982847     0.02476488     0.00007997    -0.00003870     0.13225529   
  45  -0.28664402     0.09104451    -0.04928087    -0.00075644    -0.00043145    -0.22581446   
  46  -0.28997181     0.09181264    -0.04928023    -0.00061185    -0.00029600    -0.22659863   
  47  -0.28664459    -0.09104429    -0.04928042     0.00070513    -0.00051075     0.22581191   
  48  -0.28997239    -0.09181241    -0.04927976     0.00057608    -0.00036043     0.22659613   
  49  -0.01731030    -0.22845150    -0.23123730    -0.20146606     0.22447382    -0.05474352   
  50  -0.00350792    -0.15926333    -0.16593634    -0.21383144     0.23825171    -0.12216915   
  51  -0.01732402    -0.22869324    -0.23148536    -0.20157074     0.22459029    -0.05498029   
  52  -0.01705130    -0.22509251    -0.22772707     0.20377292    -0.22735450    -0.05578539   
  53  -0.00350045    -0.15691693    -0.16336091     0.21537401    -0.24029827    -0.12208193   
  54  -0.01731710    -0.22623973    -0.22882123     0.20401588    -0.22762542    -0.05507657   
  55  -0.01732402     0.22869321    -0.23148587     0.22472825     0.20141627     0.05498099   
  56  -0.00350792     0.15926339    -0.16593680     0.23839769     0.21366822     0.12217081   
  57  -0.01731030     0.22845147    -0.23123780     0.22461154     0.20131182     0.05474419   
  58  -0.01731706     0.22623909    -0.22882109    -0.22748867    -0.20416903     0.05507734   
  59  -0.00350045     0.15691645    -0.16336077    -0.24015352    -0.21553590     0.12208358   
  60  -0.01705127     0.22509185    -0.22772691    -0.22721774    -0.20392601     0.05578616   
           25             26             27             28             29             30       
   1  -0.08820355     0.18185148    -0.13142686    -0.01373930    -0.00437748     0.19741445   
   2   0.02798358     0.13564400    -0.12979363     0.36043680    -0.36906709     0.08280446   
   3   0.11095624    -0.05096553     0.01022729     0.24684589    -0.23548412    -0.13141180   
   4   0.01783406     0.12576881    -0.13255368    -0.37528132     0.36723646     0.10890358   
   5  -0.08820459     0.18185205     0.13142626     0.01374081    -0.00437635     0.19741675   
   6   0.02798422     0.13564417     0.12979295    -0.36040640    -0.36909633     0.08280819   
   7   0.11095793    -0.05096591    -0.01022729    -0.24682758    -0.23550418    -0.13141150   
   8   0.25073502    -0.21533059    -0.12170271    -0.01584239     0.01238965    -0.30438508   
   9   0.08483455    -0.16345529    -0.16051271     0.00290656    -0.00217251     0.04896188   
  10   0.10434167    -0.05525530    -0.00869627     0.23344501     0.24514038    -0.11234322   
  11   0.01783473     0.12576910     0.13255308     0.37525215     0.36726692     0.10890240   
  12   0.01373810    -0.14447518    -0.18204959     0.01594271    -0.00516593     0.21941386   
  13  -0.01722610    -0.01941913    -0.03371605     0.00522138    -0.00050036     0.05874884   
  14  -0.07673157     0.12908484     0.13781618    -0.00747553     0.00425159    -0.12286396   
  15  -0.06219820     0.13338714     0.14967955    -0.01033443     0.00350160    -0.14314784   
  16  -0.07707043     0.12926430     0.13746796    -0.00879067     0.00121943    -0.10103270   
  17  -0.01766201    -0.01917097    -0.03392901     0.00431023    -0.00258186     0.07352850   
  18   0.01275815    -0.14192842    -0.17902234     0.00732661    -0.01335527     0.21419260   
  19  -0.01860933    -0.01812971    -0.03292829     0.00333043    -0.00367228     0.07526449   
  20  -0.07765139     0.12914019     0.13702888    -0.00218967     0.00735694    -0.09460545   
  21  -0.06175280     0.13196962     0.14801057    -0.00492436     0.00868104    -0.14028994   
  22  -0.07572602     0.12732603     0.13605824    -0.00556724     0.00632029    -0.12544133   
  23  -0.01695604    -0.01892274    -0.03284555     0.00097967    -0.00434680     0.05355719   
  24   0.01373801    -0.14447474     0.18205015    -0.01594096    -0.00516728     0.21941256   
  25  -0.01766176    -0.01917094     0.03392913    -0.00430960    -0.00258222     0.07352802   
  26  -0.07706943     0.12926380    -0.13746833     0.00878994     0.00122018    -0.10103216   
  27  -0.06219740     0.13338664    -0.14967995     0.01033329     0.00350247    -0.14314695   
  28  -0.07673055     0.12908432    -0.13781648     0.00747445     0.00425222    -0.12286309   
  29  -0.01722584    -0.01941911     0.03371620    -0.00522099    -0.00050080     0.05874857   
  30   0.01275796    -0.14192767     0.17902251    -0.00732416    -0.01335593     0.21419058   
  31  -0.01695583    -0.01892262     0.03284557    -0.00097897    -0.00434690     0.05355679   
  32  -0.07572500     0.12732540    -0.13605841     0.00556593     0.00632077    -0.12543998   
  33  -0.06175196     0.13196894    -0.14801072     0.00492277     0.00868148    -0.14028861   
  34  -0.07765033     0.12913952    -0.13702903     0.00218844     0.00735715    -0.09460474   
  35  -0.01860908    -0.01812961     0.03292830    -0.00332968    -0.00367256     0.07526365   
  36  -0.21065672    -0.16796787    -0.25293085    -0.00773055    -0.00265886    -0.07242123   
  37  -0.39939314    -0.38209124     0.00000080    -0.00000051    -0.00142296    -0.20349947   
  38  -0.21065251    -0.16796756     0.25293151     0.00773037    -0.00265820    -0.07241965   
  39   0.23308067     0.11435631     0.30075523     0.01385035     0.00228826     0.02779271   
  40   0.44791948     0.26577285    -0.00000052    -0.00000002     0.00639955     0.09002671   
  41   0.23307669     0.11435598    -0.30075566    -0.01385039     0.00228709     0.02779049   
  42   0.25073135    -0.21532971     0.12170327     0.01583953     0.01239101    -0.30438161   
  43   0.08483351    -0.16345468     0.16051318    -0.00290606    -0.00217278     0.04896150   
  44   0.10434000    -0.05525499     0.00869631    -0.23346560     0.24512147    -0.11234033   
  45  -0.17583916     0.05145297     0.00029714    -0.24134815     0.22994795     0.13011430   
  46  -0.17077648     0.05798862     0.00217969     0.23249531    -0.24432398     0.11368766   
  47  -0.17584188     0.05145343    -0.00029708     0.24133029     0.22996756     0.13011402   
  48  -0.17077923     0.05798899    -0.00217969    -0.23247476    -0.24434279     0.11369052   
  49   0.03789218     0.01274375     0.02971756    -0.00498607     0.00054269    -0.05668557   
  50   0.10080791    -0.16464611    -0.17468342     0.01023635    -0.00347608     0.14123701   
  51   0.03809143     0.01260346     0.02988343    -0.00420275     0.00240378    -0.07042131   
  52   0.03876112     0.01120102     0.02832989    -0.00310017     0.00353208    -0.07122000   
  53   0.10063252    -0.16351982    -0.17334562     0.00491092    -0.00860943     0.13879948   
  54   0.03810177     0.01233062     0.02909200    -0.00103401     0.00415462    -0.05210096   
  55   0.03809088     0.01260346    -0.02988355     0.00420215     0.00240413    -0.07042085   
  56   0.10080658    -0.16464546     0.17468385    -0.01023521    -0.00347695     0.14123611   
  57   0.03789162     0.01274379    -0.02971773     0.00498569     0.00054311    -0.05668531   
  58   0.03810128     0.01233054    -0.02909202     0.00103333     0.00415473    -0.05210058   
  59   0.10063117    -0.16351900     0.17334583    -0.00490933    -0.00860988     0.13879818   
  60   0.03876061     0.01120096    -0.02832991     0.00309945     0.00353235    -0.07121921   
           31             32             33             34             35             36       
   1   0.07534945    -0.00655044     0.06986693    -0.00840695     0.18262438     0.00083119   
   2   0.05288486    -0.00419946     0.05074668    -0.00283014     0.12695041    -0.00494207   
   3  -0.03637141     0.00346689    -0.03267645     0.00606553    -0.08917604    -0.00362109   
   4   0.03770421    -0.00192059     0.03307542    -0.00503935     0.09111768     0.00573042   
   5  -0.07535034    -0.00652204    -0.06986556    -0.00842119    -0.18262271     0.00073020   
   6  -0.05288565    -0.00417941    -0.05074630    -0.00284034    -0.12694969    -0.00454093   
   7   0.03637173     0.00345326     0.03267542     0.00607228     0.08917492    -0.00329724   
   8   0.11242994     0.00999788     0.10423865     0.01292137     0.27256705    -0.00108392   
   9  -0.00930734    -0.00147473    -0.00833135    -0.00238856    -0.02311423     0.00040121   
  10   0.04602641     0.00479851     0.04384367     0.00461659     0.11184934     0.00235824   
  11  -0.03770412    -0.00190651    -0.03307441    -0.00504620    -0.09111653     0.00521869   
  12  -0.06495187    -0.01103764    -0.06464936    -0.00990902    -0.16803467    -0.29424382   
  13   0.19068804    -0.24484501    -0.12942600     0.01070322    -0.09808460    -0.09594250   
  14   0.35398470    -0.36320267    -0.13517810     0.02601804     0.01278500     0.14071567   
  15   0.04143374     0.00721926     0.04136496     0.00641141     0.10739723     0.18409972   
  16  -0.29050291     0.37430175     0.19855250    -0.01620931     0.15138383     0.13129169   
  17  -0.23141656     0.23793832     0.08881762    -0.01688293    -0.00774362    -0.10155888   
  18  -0.07049590    -0.00277301    -0.06022746    -0.00901341    -0.16140251     0.29874110   
  19  -0.10248272     0.01274399    -0.21977673     0.23922674     0.05910876     0.09932343   
  20  -0.08651913     0.02195520    -0.27399274     0.37070433     0.24627855    -0.14062388   
  21   0.04615193     0.00169824     0.04108563     0.00286792     0.10205401    -0.18736802   
  22   0.15750080    -0.01935467     0.33718638    -0.36641364    -0.08989766    -0.13695417   
  23   0.05801508    -0.01437132     0.18120273    -0.24381179    -0.16004942     0.10084244   
  24   0.06495002    -0.01106261     0.06465098    -0.00989590     0.16803711    -0.32205353   
  25   0.23148563     0.23787887    -0.08879586    -0.01689020     0.00774624    -0.11115839   
  26   0.29061023     0.37423514    -0.19852079    -0.01623316    -0.15138219     0.14369899   
  27  -0.04143253     0.00723517    -0.04136597     0.00640302    -0.10739877     0.20149946   
  28  -0.35409017    -0.36311170     0.13514487     0.02602904    -0.01278895     0.15401638   
  29  -0.19075827    -0.24480123     0.12940526     0.01071873     0.09808356    -0.10500951   
  30   0.07049614    -0.00279903     0.06022911    -0.00900105     0.16140424     0.32702350   
  31  -0.05801425    -0.01434109    -0.18117099    -0.24383431     0.16005425     0.11039004   
  32  -0.15749972    -0.01928297    -0.33713910    -0.36646022     0.08990339    -0.14991871   
  33  -0.04615204     0.00171539    -0.04108628     0.00285970    -0.10205507    -0.20510645   
  34   0.08651788     0.02190987     0.27394449     0.37073830    -0.24628593    -0.15393819   
  35   0.10248205     0.01269730     0.21974588     0.23925713    -0.05911254     0.10872576   
  36   0.05985007     0.00220396     0.05531617     0.00288077     0.14339373    -0.00026085   
  37   0.00000035     0.00644642    -0.00000076     0.00831348    -0.00000105    -0.00078981   
  38  -0.05984984     0.00222651    -0.05531670     0.00286953    -0.14339445    -0.00032676   
  39  -0.08682345    -0.00077645    -0.08034277    -0.00103950    -0.20889001     0.00005705   
  40  -0.00000014    -0.00268712     0.00000032    -0.00350426     0.00000045     0.00038657   
  41   0.08682337    -0.00080918     0.08034296    -0.00102317     0.20889029     0.00016081   
  42  -0.11242857     0.01004026    -0.10424073     0.01290013    -0.27256962    -0.00123311   
  43   0.00930715    -0.00147821     0.00833170    -0.00238681     0.02311454     0.00043961   
  44  -0.04602555     0.00481594    -0.04384430     0.00460771    -0.11185017     0.00256234   
  45   0.03465599    -0.00332900     0.03099107    -0.00597349     0.08477471     0.00397979   
  46   0.04456558    -0.00485626     0.04258394    -0.00451436     0.10822850    -0.00302238   
  47  -0.03465631    -0.00331602    -0.03099005    -0.00597990    -0.08477362     0.00362613   
  48  -0.04456646    -0.00483937    -0.04258333    -0.00452296    -0.10822768    -0.00277710   
  49  -0.18471294     0.23692835     0.12512665    -0.01045747     0.09435994     0.08918840   
  50  -0.04006869    -0.00698770    -0.03997110    -0.00620633    -0.10360631    -0.17209101   
  51   0.22406928    -0.23091632    -0.08666057     0.01638232     0.00637519     0.09526569   
  52   0.09761917    -0.01215829     0.21001846    -0.22903612    -0.05759200    -0.09198938   
  53  -0.04475984    -0.00165804    -0.03984807    -0.00274359    -0.09869291     0.17558464   
  54  -0.05683919     0.01397310    -0.17721043     0.23811820     0.15575826    -0.09464447   
  55  -0.22413630    -0.23085881     0.08663946     0.01638946    -0.00637772     0.10427039   
  56   0.04006752    -0.00700308     0.03997207    -0.00619822     0.10360778    -0.18835572   
  57   0.18478093     0.23688595    -0.12510658    -0.01047245    -0.09435893     0.09761698   
  58   0.05683836     0.01394351     0.17717940     0.23814020    -0.15576295    -0.10360539   
  59   0.04475995    -0.00167467     0.03984869    -0.00273563     0.09869395     0.19220757   
  60  -0.09761852    -0.01211378    -0.20998893    -0.22906514     0.05759562    -0.10069742   
           37             38             39       
   1   0.00108076    -0.00075373    -0.11539380   
   2  -0.00422808    -0.00017025     0.00642814   
   3  -0.00342801     0.00030406     0.14660407   
   4   0.00541709    -0.00025030     0.00774154   
   5  -0.00115116    -0.11539355    -0.00075372   
   6   0.00465636     0.00642811    -0.00017023   
   7   0.00374035     0.14660374     0.00030405   
   8   0.00170089     0.03145985     0.00021450   
   9  -0.00044322    -0.88749332    -0.00009631   
  10  -0.00237200     0.14636257     0.00007477   
  11  -0.00591149     0.00774154    -0.00025031   
  12   0.32181656     0.05982197    -0.00000424   
  13   0.10492504     0.14486873     0.00003213   
  14  -0.15391602    -0.01463574    -0.00000088   
  15  -0.20135174    -0.10843154    -0.00003108   
  16  -0.14358048    -0.01471167    -0.00000017   
  17   0.11108507     0.14480632     0.00003491   
  18  -0.32725430     0.05942190    -0.00000399   
  19  -0.10879384     0.14379073     0.00003266   
  20   0.15405980    -0.01532869    -0.00000069   
  21   0.20525056    -0.10746967    -0.00003139   
  22   0.15001108    -0.01394305    -0.00000069   
  23  -0.11047546     0.14341406     0.00003439   
  24  -0.29398365    -0.00000424     0.05982193   
  25  -0.10147851     0.00003495     0.14480630   
  26   0.13116137    -0.00000017    -0.01471166   
  27   0.18393747    -0.00003112    -0.10843153   
  28   0.14060551    -0.00000089    -0.01463574   
  29  -0.09584971     0.00003215     0.14486869   
  30   0.29899455    -0.00000398     0.05942188   
  31   0.10093603     0.00003442     0.14341383   
  32  -0.13705593    -0.00000071    -0.01394307   
  33  -0.18752626    -0.00003141    -0.10746951   
  34  -0.14075716    -0.00000068    -0.01532867   
  35   0.09939831     0.00003267     0.14379050   
  36   0.00074145    -0.00388561     0.00087990   
  37   0.00003561     0.02900172     0.02900185   
  38  -0.00071495     0.00087990    -0.00388563   
  39  -0.00115144    -0.02411711     0.02872207   
  40  -0.00001744     0.00094044     0.00094044   
  41   0.00114161     0.02872194    -0.02411722   
  42  -0.00159641     0.00021449     0.03145993   
  43   0.00040532    -0.00009627    -0.88749327   
  44   0.00214971     0.00007478     0.14636290   
  45   0.00374261    -0.00014282    -0.07393586   
  46  -0.00258574    -0.00001550    -0.07448404   
  47  -0.00408601    -0.07393567    -0.00014281   
  48   0.00284771    -0.07448388    -0.00001548   
  49  -0.09753705    -0.07363446    -0.00001377   
  50   0.18821741     0.05397347     0.00001496   
  51  -0.10420212    -0.07366509    -0.00001769   
  52   0.10075999    -0.07269084    -0.00001365   
  53  -0.19234277     0.05354038     0.00001525   
  54   0.10368692    -0.07325623    -0.00001595   
  55   0.09519083    -0.00001771    -0.07366507   
  56  -0.17193904     0.00001498     0.05397346   
  57   0.08910062    -0.00001377    -0.07363443   
  58  -0.09473380    -0.00001596    -0.07325611   
  59   0.17573316     0.00001526     0.05354032   
  60  -0.09205825    -0.00001366    -0.07269075   

 -----------------------------------------------------------------------------------------------
  Virtual Orbital Coefficients
 -----------------------------------------------------------------------------------------------
           40             41             42             43             44             45       
   1   0.24243800    -0.26595749    -0.00126305    -0.00028948     0.03511608    -0.00656583   
   2  -0.19799001     0.17894137     0.00277513     0.00181488    -0.33043357    -0.31738922   
   3  -0.08218816     0.10933556    -0.00174578    -0.00162506     0.34015052     0.36688788   
   4  -0.19310080     0.18887667    -0.00242583    -0.00230529     0.30269139     0.32159139   
   5  -0.24243707    -0.26595869    -0.00126513     0.00027997     0.03511501     0.00657267   
   6   0.19798918     0.17894217     0.00278858    -0.00179419    -0.33049353     0.31732678   
   7   0.08218788     0.10933604    -0.00175790     0.00161214     0.34021968    -0.36682382   
   8  -0.24095579    -0.25108546    -0.00129859     0.00038760     0.03018384     0.00937798   
   9   0.05326591     0.04696908    -0.00095111     0.00095163     0.00156772     0.00052113   
  10   0.09100932     0.09713602     0.00382200    -0.00263975    -0.37628915     0.35564047   
  11   0.19309992     0.18887736    -0.00244287     0.00228721     0.30275205    -0.32153436   
  12   0.04696127     0.05887934     0.26778435    -0.26535722    -0.01582583    -0.00780720   
  13  -0.03511624    -0.04102051    -0.14998526     0.14862633    -0.00038734     0.01344054   
  14  -0.01638597    -0.02211384    -0.12814908     0.12698526     0.01605117    -0.00446612   
  15   0.04837567     0.06105735     0.29419487    -0.29152584    -0.01804454    -0.00838586   
  16  -0.01669309    -0.02248426    -0.12281181     0.12170072    -0.00054142     0.01187399   
  17  -0.03499919    -0.04082473    -0.15576841     0.15435101     0.01843202    -0.00506055   
  18   0.04623364     0.05782690    -0.26541896     0.26392871    -0.02126195    -0.00387800   
  19  -0.03468539    -0.04052559     0.15885297    -0.15795370     0.00466548     0.01160786   
  20  -0.01616458    -0.02162544     0.11729756    -0.11664760     0.01645042    -0.00626169   
  21   0.04762641     0.05997399    -0.29139927     0.28976510    -0.02346611    -0.00461637   
  22  -0.01635451    -0.02210893     0.13094570    -0.13020287     0.00401157     0.01011706   
  23  -0.03444763    -0.04000811     0.14476044    -0.14395754     0.01880863    -0.00692556   
  24  -0.04696159     0.05887928     0.26580857     0.26733644    -0.01582720     0.00780408   
  25   0.03499944    -0.04082469    -0.15461932    -0.15550247     0.01843109     0.00506417   
  26   0.01669321    -0.02248423    -0.12190553    -0.12260828    -0.00053930    -0.01187408   
  27  -0.04837601     0.06105729     0.29202426     0.29370029    -0.01804602     0.00838230   
  28   0.01638608    -0.02211383    -0.12720376    -0.12793260     0.01605036     0.00446927   
  29   0.03511648    -0.04102046    -0.14887843    -0.14973469    -0.00038494    -0.01344060   
  30  -0.04623386     0.05782669    -0.26345373    -0.26589027    -0.02126272     0.00387389   
  31   0.03444780    -0.04000797     0.14368852     0.14502736     0.01880737     0.00692917   
  32   0.01635458    -0.02210884     0.12997623     0.13117065     0.00401348    -0.01011627   
  33  -0.04762663     0.05997376    -0.28924168    -0.29191866    -0.02346703     0.00461184   
  34   0.01616466    -0.02162535     0.11642894     0.11751441     0.01644927     0.00626485   
  35   0.03468556    -0.04052544     0.15767692     0.15912777     0.00466767    -0.01160694   
  36  -0.32533633    -0.21808843     0.00187532    -0.00147919    -0.01968095    -0.00484278   
  37  -0.00000104     0.49629073    -0.00349289    -0.00001317     0.03161010     0.00000307   
  38   0.32533717    -0.21808723     0.00186448     0.00149329    -0.01968169     0.00483896   
  39  -0.40511762    -0.14115359     0.00228362    -0.00142533    -0.03128832    -0.00216742   
  40  -0.00000060     0.33548019    -0.00426165    -0.00001606     0.05553372     0.00000540   
  41   0.40511809    -0.14115224     0.00227316     0.00144250    -0.03128858     0.00216133   
  42   0.24095671    -0.25108430    -0.00129573    -0.00039737     0.03018546    -0.00937207   
  43  -0.05326628     0.04696901    -0.00094414    -0.00095879     0.00156781    -0.00052082   
  44  -0.09100956     0.09713542     0.00380235     0.00266819    -0.37622189    -0.35571156   
  45   0.03463234    -0.04373349     0.00061197     0.00056881    -0.12185034    -0.13136046   
  46   0.03839922    -0.03941873    -0.00132241    -0.00090977     0.13566316     0.12831060   
  47  -0.03463222    -0.04373367     0.00061621    -0.00056428    -0.12187511     0.13133751   
  48  -0.03839911    -0.03941896    -0.00132911     0.00089988     0.13568742    -0.12828497   
  49   0.01266272     0.01475507     0.05423330    -0.05374164     0.00003736    -0.00477880   
  50  -0.01823018    -0.02276150    -0.10661881     0.10565128     0.00654673     0.00300440   
  51   0.01269541     0.01475950     0.05635376    -0.05584064    -0.00667137     0.00180446   
  52   0.01251983     0.01457354    -0.05713699     0.05681390    -0.00171318    -0.00416510   
  53  -0.01795469    -0.02236858     0.10565351    -0.10506108     0.00845706     0.00169587   
  54   0.01245296     0.01443331    -0.05249702     0.05220591    -0.00675801     0.00241998   
  55  -0.01269549     0.01475949     0.05593804     0.05625721    -0.00667104    -0.00180577   
  56   0.01823030    -0.02276147    -0.10583216    -0.10643932     0.00654726    -0.00300311   
  57  -0.01266280     0.01475505     0.05383308     0.05414241     0.00003651     0.00477880   
  58  -0.01245302     0.01443325    -0.05210829    -0.05259387    -0.00675757    -0.00242128   
  59   0.01795478    -0.02236849     0.10487123     0.10584191     0.00845739    -0.00169423   
  60  -0.01251989     0.01457348    -0.05671398    -0.05723619    -0.00171396     0.00416476   
           46             47             48             49             50             51       
   1   0.00093000    -0.00056254    -0.00397837     0.00020540    -0.19794285    -0.11932991   
   2   0.00783658    -0.00169653     0.00894831    -0.01026004     0.02036070     0.01506783   
   3  -0.00991417     0.00248643    -0.00622954     0.01142986     0.17035662     0.09838401   
   4  -0.00828218     0.00206543    -0.00643476     0.01045203     0.10766446    -0.00305282   
   5   0.00029743    -0.00104544    -0.00397923    -0.00018799    -0.19794355     0.11933044   
   6  -0.00042925    -0.00800602     0.00899306     0.01022118     0.02036129    -0.01506815   
   7   0.00021502     0.01021830    -0.00627944    -0.01140294     0.17035667    -0.09838417   
   8   0.00019573    -0.00167822    -0.00400303    -0.00036640    -0.19204296     0.13489316   
   9  -0.00006362    -0.00073394    -0.00092526    -0.00062394    -0.02636106     0.08112546   
  10  -0.00050064    -0.00849210     0.01129653     0.01196241     0.07431389    -0.11864754   
  11   0.00019090     0.00853313    -0.00648037    -0.01042415     0.10766448     0.00305233   
  12  -0.00013111     0.00111959     0.00871474     0.00630167     0.14445394    -0.21412517   
  13   0.06510125     0.48294170    -0.11513132    -0.11270213    -0.08018306     0.11060346   
  14  -0.05727113    -0.42689201     0.09324575     0.09346104    -0.07073092     0.11377408   
  15  -0.00014217     0.00128354     0.00939788     0.00668924     0.16366703    -0.25060375   
  16   0.05740186     0.42581614    -0.10161604    -0.09946453    -0.07371505     0.11550048   
  17  -0.06492525    -0.48393762     0.10585106     0.10608773    -0.07695637     0.10876593   
  18   0.00014394     0.00312044    -0.00143626    -0.00388539     0.14861826    -0.21646185   
  19  -0.02036898    -0.15580699    -0.34440426    -0.34173138    -0.07410749     0.10941493   
  20   0.01796432     0.13542335     0.30665170     0.30668433    -0.08010039     0.11679566   
  21  -0.00005108     0.00190171    -0.00402136    -0.00676720     0.16839430    -0.25311643   
  22  -0.01792647    -0.13712697    -0.30279429    -0.30043484    -0.06831260     0.11449708   
  23   0.02030721     0.15307743     0.34641364     0.34645667    -0.08794454     0.11280597   
  24  -0.00104497     0.00042159     0.00868732    -0.00633972     0.14445379     0.21412586   
  25   0.48394069    -0.06494435     0.10537521    -0.10653448    -0.07695612    -0.10876619   
  26  -0.42589158     0.05687996    -0.10117069     0.09989461    -0.07371513    -0.11550094   
  27  -0.00120017     0.00047547     0.00936879    -0.00673028     0.16366687     0.25060459   
  28   0.42689451    -0.05728967     0.09282653    -0.09385458    -0.07073071    -0.11377439   
  29  -0.48302690     0.06451206    -0.11462669     0.11318940    -0.08018314    -0.11060387   
  30  -0.00304840     0.00068383    -0.00141934     0.00389153     0.14861858     0.21646276   
  31  -0.15299769     0.02076197     0.34490650    -0.34796528    -0.08794489    -0.11280650   
  32   0.13698646    -0.01885414    -0.30148739     0.30175362    -0.06831261    -0.11449753   
  33  -0.00182155     0.00055071    -0.00399189     0.00678457     0.16839466     0.25311748   
  34  -0.13535256     0.01836842     0.30531759    -0.30801979    -0.08010067    -0.11679615   
  35   0.15564744    -0.02142204    -0.34291770     0.34323137    -0.07410752    -0.10941539   
  36  -0.00011483     0.00143986     0.00351664     0.00090028     0.16536201    -0.22699216   
  37   0.00140339    -0.00183844    -0.00631647     0.00001383    -0.29739494     0.00000013   
  38  -0.00135863     0.00049037     0.00351271    -0.00091567     0.16536132     0.22699201   
  39  -0.00040913     0.00167935     0.00489889     0.00089762     0.23636825    -0.19662908   
  40   0.00174625    -0.00228760    -0.00883751     0.00001935    -0.42250561     0.00000020   
  41  -0.00151204     0.00083740     0.00489495    -0.00091905     0.23636763     0.19662885   
  42   0.00156721    -0.00063125    -0.00400142     0.00038392    -0.19204231    -0.13489278   
  43   0.00072475    -0.00013210    -0.00092257     0.00062799    -0.02636108    -0.08112585   
  44   0.00832437    -0.00175580     0.01124417    -0.01201129     0.07431323     0.11864758   
  45   0.00349603    -0.00088117     0.00230409    -0.00415371    -0.05989325    -0.03242819   
  46  -0.00309586     0.00064634    -0.00403985     0.00432475    -0.02586580    -0.03981475   
  47  -0.00007159    -0.00360443     0.00232222     0.00414375    -0.05989327     0.03242826   
  48   0.00019260     0.00315650    -0.00405871    -0.00430719    -0.02586604     0.03981475   
  49  -0.02331397    -0.17294564     0.04124589     0.04036911     0.02918727    -0.04060278   
  50   0.00005105    -0.00046422    -0.00336296    -0.00238578    -0.05893465     0.08958038   
  51   0.02327046     0.17345827    -0.03797757    -0.03807003     0.02809766    -0.04001288   
  52   0.00725302     0.05548853     0.12282703     0.12186583     0.02693667    -0.04001611   
  53   0.00002083    -0.00066948     0.00140536     0.00239711    -0.06066791     0.09051773   
  54  -0.00729798    -0.05500612    -0.12447354    -0.12449660     0.03208072    -0.04151110   
  55  -0.17345917     0.02327881    -0.03780682     0.03823031     0.02809756     0.04001298   
  56   0.00043416    -0.00017162    -0.00335258     0.00240047    -0.05893459    -0.08958068   
  57   0.17297632    -0.02310171     0.04106514    -0.04054367     0.02918729     0.04060293   
  58   0.05497769    -0.00745965    -0.12393195     0.12503867     0.03208083     0.04151128   
  59   0.00064051    -0.00019662     0.00139492    -0.00240318    -0.06066804    -0.09051811   
  60  -0.05543141     0.00763024     0.12229691    -0.12240079     0.02693669     0.04001628   
           52             53             54             55             56             57       
   1  -0.22418629     0.29803751     0.09011912    -0.09121240     0.00069667    -0.23828306   
   2   0.11553771    -0.10863027    -0.17033481     0.08293158    -0.00001634     0.21710215   
   3   0.07452765    -0.14788888     0.23318626    -0.08012393    -0.00054741    -0.21032901   
   4   0.12370889    -0.10490465    -0.17236952     0.08359314    -0.00008650     0.21863596   
   5  -0.22418723    -0.29803594     0.09011930     0.09121254     0.00069228     0.23828389   
   6   0.11553816     0.10862953    -0.17033480    -0.08293183    -0.00001235    -0.21710282   
   7   0.07452801     0.14788834     0.23318606     0.08012429    -0.00055126     0.21032958   
   8  -0.17572700    -0.27041077    -0.24575514    -0.07363876     0.00095961    -0.19404822   
   9   0.15297135     0.13474354     0.04557814    -0.00112315    -0.00147832    -0.00010738   
  10   0.06691301     0.15263284     0.23554107     0.08074392    -0.00060044     0.21208414   
  11   0.12370936     0.10490393    -0.17236949    -0.08359338    -0.00008249    -0.21863663   
  12  -0.19219516    -0.11682519     0.02051929     0.21564956     0.19101128     0.03172912   
  13   0.08517019     0.04401685    -0.03373401    -0.22943268    -0.20310077    -0.03378634   
  14   0.12017470     0.08464127     0.04640091     0.22778457     0.20156502     0.03344930   
  15  -0.24495682    -0.16287481    -0.05598795    -0.23965782    -0.21206626    -0.03503396   
  16   0.12081444     0.08485979     0.04632954     0.22781373     0.20162405     0.03336015   
  17   0.08437207     0.04364027    -0.03372444    -0.22930853    -0.20298844    -0.03377482   
  18  -0.19245176    -0.11669116     0.01991171    -0.13645229    -0.18642167     0.16761850   
  19   0.08493158     0.04406494    -0.03277761     0.14484633     0.19788847    -0.17762048   
  20   0.12014018     0.08403806     0.04529529    -0.14449367    -0.19728065     0.17651863   
  21  -0.24498135    -0.16242983    -0.05505236     0.15281008     0.20859095    -0.18637711   
  22   0.12057278     0.08478596     0.04573527    -0.14539068    -0.19855413     0.17775066   
  23   0.08532627     0.04384949    -0.03316648     0.14608140     0.19956880    -0.17911232   
  24  -0.19219395     0.11682575     0.02051939    -0.21566591     0.19099487    -0.03171931   
  25   0.08437150    -0.04364046    -0.03372460     0.22932586    -0.20297096     0.03376441   
  26   0.12081371    -0.08486023     0.04632974    -0.22783090     0.20160665    -0.03334983   
  27  -0.24495529     0.16287563    -0.05598818     0.23967586    -0.21204793     0.03502312   
  28   0.12017395    -0.08464169     0.04640111    -0.22780173     0.20154762    -0.03343898   
  29   0.08516966    -0.04401707    -0.03373416     0.22945002    -0.20308329     0.03377593   
  30  -0.19245048     0.11669166     0.01991172     0.13646771    -0.18640152    -0.16762790   
  31   0.08532576    -0.04384970    -0.03316652    -0.14609795     0.19954727     0.17912239   
  32   0.12057191    -0.08478631     0.04573533     0.14540719    -0.19853276    -0.17776070   
  33  -0.24497969     0.16243053    -0.05505244    -0.15282745     0.20856853     0.18638767   
  34   0.12013938    -0.08403841     0.04529536     0.14451008    -0.19725942    -0.17652862   
  35   0.08493101    -0.04406514    -0.03277765    -0.14486275     0.19786712     0.17763047   
  36   0.04989886     0.28324943     0.25403228    -0.03590064    -0.00182843    -0.09373960   
  37  -0.07273756     0.00000012    -0.26131278    -0.00000007     0.00171852     0.00000038   
  38   0.04989836    -0.28324964     0.25403223     0.03590081    -0.00183016     0.09373882   
  39   0.15023216     0.20498855    -0.29198551    -0.01699994     0.00166727    -0.04441716   
  40  -0.23538962     0.00000101     0.30647364     0.00000007    -0.00163444    -0.00000035   
  41   0.15023176    -0.20498994    -0.29198554     0.01699979     0.00166645     0.04441787   
  42  -0.17572621     0.27041202    -0.24575544     0.07363835     0.00095607     0.19404775   
  43   0.15297044    -0.13474432     0.04557830     0.00112347    -0.00147837     0.00010722   
  44   0.06691265    -0.15263343     0.23554128    -0.08074356    -0.00059655    -0.21208358   
  45  -0.02873774     0.05189458    -0.06725776     0.02210597     0.00017049     0.05804321   
  46  -0.02631532     0.05388203    -0.06834613     0.02240110     0.00019009     0.05886737   
  47  -0.02873787    -0.05189438    -0.06725770    -0.02210607     0.00017155    -0.05804336   
  48  -0.02631547    -0.05388181    -0.06834607    -0.02240121     0.00019117    -0.05886752   
  49  -0.03215154    -0.01731707     0.00898094     0.06366714     0.05635460     0.00940015   
  50   0.08619083     0.05656071     0.01665908     0.06652448     0.05886305     0.00970480   
  51  -0.03189828    -0.01719193     0.00898114     0.06367793     0.05636570     0.00939734   
  52  -0.03189332    -0.01721990     0.00868089    -0.04001616    -0.05468022     0.04910880   
  53   0.08624051     0.05643492     0.01639626    -0.04247708    -0.05797028     0.05174560   
  54  -0.03229680    -0.01730296     0.00885037    -0.04061577    -0.05550075     0.04984716   
  55  -0.03189807     0.01719200     0.00898118    -0.06368274     0.05636085    -0.00939445   
  56   0.08619028    -0.05656099     0.01665915    -0.06652948     0.05885795    -0.00970179   
  57  -0.03215133     0.01731716     0.00898098    -0.06367195     0.05634975    -0.00939726   
  58  -0.03229659     0.01730304     0.00885038     0.04062037    -0.05549476    -0.04984995   
  59   0.08623993    -0.05643516     0.01639628     0.04248191    -0.05796406    -0.05174854   
  60  -0.03189311     0.01721999     0.00868090     0.04002070    -0.05467433    -0.04911157   
           58             59             60       
   1  -0.08385008     0.14336690    -0.26620849   
   2   0.04001803    -0.14348803     0.20251998   
   3  -0.00258335     0.16582932    -0.18559195   
   4   0.04038220    -0.14441651     0.20414002   
   5  -0.08385033    -0.14336772    -0.26620700   
   6   0.04001842     0.14348874     0.20251876   
   7  -0.00258392    -0.16583006    -0.18559072   
   8  -0.02214528     0.17819275     0.17745364   
   9   0.08691730    -0.11181437    -0.06325475   
  10  -0.00282195    -0.16698960    -0.18721209   
  11   0.04038260     0.14441723     0.20413880   
  12  -0.20027018     0.18501753     0.06857534   
  13   0.19371942    -0.17228733    -0.05951190   
  14  -0.17311193     0.14706472     0.04635867   
  15   0.17131734    -0.14130042    -0.04169014   
  16  -0.17307534     0.14706614     0.04638108   
  17   0.19360957    -0.17218064    -0.05946694   
  18  -0.20440015     0.18698057     0.06873281   
  19   0.19734485    -0.17378045    -0.05952847   
  20  -0.17698289     0.14888393     0.04655722   
  21   0.17608369    -0.14377111    -0.04205455   
  22  -0.17811037     0.14976168     0.04678254   
  23   0.19883129    -0.17503170    -0.05992159   
  24  -0.20027070    -0.18501633     0.06857583   
  25   0.19361003     0.17217950    -0.05946736   
  26  -0.17307572    -0.14706514     0.04638140   
  27   0.17131769     0.14129944    -0.04169042   
  28  -0.17311231    -0.14706373     0.04635899   
  29   0.19371989     0.17228620    -0.05951232   
  30  -0.20440114    -0.18697954     0.06873329   
  31   0.19883229     0.17503078    -0.05992202   
  32  -0.17811131    -0.14976093     0.04678289   
  33   0.17608464     0.14377041    -0.04205486   
  34  -0.17698382    -0.14888318     0.04655757   
  35   0.19734584     0.17377953    -0.05952890   
  36   0.13764556     0.05513516     0.29890604   
  37  -0.12590736    -0.00000033    -0.26790493   
  38   0.13764552    -0.05513444     0.29890679   
  39  -0.11632053     0.02748114    -0.22802555   
  40   0.11113052     0.00000028     0.20921137   
  41  -0.11632057    -0.02748172    -0.22802520   
  42  -0.02214597    -0.17819202     0.17745488   
  43   0.08691767     0.11181381    -0.06325525   
  44  -0.00282137     0.16698887    -0.18721333   
  45  -0.00061627    -0.04659421     0.05055361   
  46  -0.00055747    -0.04718891     0.05129039   
  47  -0.00061610     0.04659441     0.05055328   
  48  -0.00055730     0.04718912     0.05129005   
  49  -0.05432223     0.04849514     0.01686365   
  50  -0.04586802     0.03712438     0.01046267   
  51  -0.05432517     0.04849705     0.01686309   
  52  -0.05510578     0.04871306     0.01680053   
  53  -0.04721236     0.03783184     0.01057319   
  54  -0.05588098     0.04937881     0.01701829   
  55  -0.05432530    -0.04849673     0.01686321   
  56  -0.04586811    -0.03712412     0.01046274   
  57  -0.05432236    -0.04849482     0.01686377   
  58  -0.05588125    -0.04937854     0.01701841   
  59  -0.04721262    -0.03783166     0.01057327   
  60  -0.05510607    -0.04871281     0.01680065   

 -----------------------------------------------------------------------------------------------
  Generalised Fock Matrix (MO basis)
 -----------------------------------------------------------------------------------------------
           1              2              3              4              5              6        
   1  -7.89311077    -0.00000000     0.00000000    -0.00000000     0.00000000     0.00000000   
   2  -0.00000000    -7.88917224    -0.00000000     0.00000000    -0.00000000    -0.00000000   
   3   0.00000000    -0.00000000    -7.77428773    -0.00000000    -0.00000000     0.00000000   
   4  -0.00000000     0.00000000    -0.00000000    -7.77428254     0.00000000     0.00000000   
   5   0.00000000    -0.00000000    -0.00000000     0.00000000    -7.64960494     0.00000000   
   6   0.00000000    -0.00000000     0.00000000     0.00000000     0.00000000    -7.59676006   
   7  -0.00000000    -0.00000000     0.00000000     0.00000000    -0.00000000    -0.00000000   
   8   0.00000000    -0.00000000     0.00000000     0.00000000     0.00000000     0.00000000   
   9   0.00000000    -0.00000000    -0.00000000     0.00000000    -0.00000000    -0.00000000   
  10  -0.00000000     0.00000000     0.00000000     0.00000000     0.00000000     0.00000000   
  11   0.00000000    -0.00000000    -0.00000000     0.00000000     0.00000000    -0.00000000   
  12  -0.00000000     0.00000000     0.00000000    -0.00000000     0.00000000     0.00000000   
  13   0.00000000    -0.00000000    -0.00000000     0.00000000    -0.00000000    -0.00000000   
  14   0.00000000    -0.00000000    -0.00000000     0.00000000    -0.00000000    -0.00000000   
  15   0.00000000    -0.00000000    -0.00000000     0.00000000    -0.00000000    -0.00000000   
  16  -0.00000000    -0.00000000     0.00000000    -0.00000000     0.00000000     0.00000000   
  17   0.00000000    -0.00000000    -0.00000000     0.00000000    -0.00000000    -0.00000000   
  18  -0.00000000     0.00000000    -0.00000000     0.00000000    -0.00000000    -0.00000000   
  19   0.00000000    -0.00000000     0.00000000     0.00000000     0.00000000     0.00000000   
  20  -0.00000000     0.00000000     0.00000000     0.00000000     0.00000000     0.00000000   
  21   0.00000000    -0.00000000     0.00000000     0.00000000    -0.00000000    -0.00000000   
  22  -0.00000000    -0.00000000     0.00000000    -0.00000000     0.00000000     0.00000000   
  23   0.00000000     0.00000000     0.00000000    -0.00000000     0.00000000     0.00000000   
  24  -0.00000000     0.00000000     0.00000000     0.00000000     0.00000000     0.00000000   
  25  -0.00000000     0.00000000    -0.00000000     0.00000000     0.00000000     0.00000000   
  26   0.00000000    -0.00000000     0.00000000    -0.00000000    -0.00000000    -0.00000000   
  27  -0.00000000     0.00000000    -0.00000000     0.00000000     0.00000000     0.00000000   
  28   0.00000000    -0.00000000    -0.00000000     0.00000000     0.00000000     0.00000000   
  29  -0.00000000     0.00000000     0.00000000     0.00000000    -0.00000000    -0.00000000   
  30  -0.00000000     0.00000000    -0.00000000     0.00000000    -0.00000000    -0.00000000   
  31  -0.00000000     0.00000000     0.00000000     0.00000000     0.00000000     0.00000000   
  32  -0.00000000     0.00000000     0.00000000    -0.00000000     0.00000000     0.00000000   
  33  -0.00000000     0.00000000    -0.00000000     0.00000000    -0.00000000     0.00000000   
  34  -0.00000000     0.00000000    -0.00000000     0.00000000     0.00000000     0.00000000   
  35  -0.00000000    -0.00000000    -0.00000000    -0.00000000    -0.00000000    -0.00000000   
  36  -0.00000000     0.00000000    -0.00000000     0.00000000     0.00000000     0.00000000   
  37  -0.00000000     0.00000000    -0.00000000     0.00000000     0.00000000     0.00000000   
  38   0.24086809     0.23669059     0.00515621     0.00533010     0.10017627    -0.12007632   
  39   0.24087695    -0.23668156     0.00534652    -0.00514041     0.10017754     0.12007561   
  40   0.00000002     0.00000003     0.00000000    -0.00000000     0.00000005     0.00000000   
  41  -0.00000001    -0.00000000     0.00000000     0.00000000    -0.00000005    -0.00000004   
  42   0.00000003     0.00000003    -0.00000002     0.00000001     0.00000004    -0.00000002   
  43   0.00000003     0.00000004    -0.00000002    -0.00000001     0.00000003    -0.00000008   
  44   0.00000002     0.00000001    -0.00000000     0.00000001     0.00000003     0.00000001   
  45  -0.00000001     0.00000001     0.00000001     0.00000002    -0.00000003     0.00000001   
  46   0.00000002     0.00000003    -0.00000002    -0.00000000     0.00000004    -0.00000005   
  47  -0.00000004     0.00000005     0.00000000     0.00000000    -0.00000003    -0.00000002   
  48  -0.00000001    -0.00000003     0.00000002     0.00000000    -0.00000004     0.00000002   
  49   0.00000003     0.00000002     0.00000000     0.00000001     0.00000003    -0.00000002   
  50   0.00000002     0.00000002     0.00000000    -0.00000000    -0.00000001    -0.00000002   
  51   0.00000008     0.00000002     0.00000001     0.00000001    -0.00000001    -0.00000004   
  52   0.00000001    -0.00000004    -0.00000000     0.00000002    -0.00000003    -0.00000002   
  53   0.00000007    -0.00000001    -0.00000002     0.00000002    -0.00000001    -0.00000006   
  54   0.00000004    -0.00000001    -0.00000000     0.00000001     0.00000003    -0.00000006   
  55  -0.00000001    -0.00000000    -0.00000001     0.00000002     0.00000002    -0.00000003   
  56   0.00000000    -0.00000001     0.00000002    -0.00000001    -0.00000002    -0.00000001   
  57   0.00000000    -0.00000002     0.00000000    -0.00000001    -0.00000004    -0.00000001   
  58   0.00000003    -0.00000004     0.00000002    -0.00000001    -0.00000003     0.00000001   
  59  -0.00000003    -0.00000001     0.00000003    -0.00000002     0.00000003     0.00000005   
  60  -0.00000003     0.00000000     0.00000000    -0.00000000    -0.00000001     0.00000004   
           7              8              9              10             11             12       
   1  -0.00000000     0.00000000     0.00000000    -0.00000000     0.00000000    -0.00000000   
   2  -0.00000000    -0.00000000    -0.00000000     0.00000000    -0.00000000     0.00000000   
   3   0.00000000     0.00000000    -0.00000000     0.00000000    -0.00000000     0.00000000   
   4   0.00000000     0.00000000     0.00000000     0.00000000     0.00000000    -0.00000000   
   5  -0.00000000     0.00000000    -0.00000000     0.00000000     0.00000000     0.00000000   
   6  -0.00000000     0.00000000    -0.00000000     0.00000000    -0.00000000     0.00000000   
   7  -6.05541274     0.00000000     0.00000000     0.00000000     0.00000000     0.00000000   
   8   0.00000000    -6.05408813     0.00000000    -0.00000000     0.00000000     0.00000000   
   9   0.00000000     0.00000000    -6.00238038     0.00000000     0.00000000     0.00000000   
  10   0.00000000    -0.00000000     0.00000000    -5.99480378     0.00000000    -0.00000000   
  11   0.00000000     0.00000000     0.00000000     0.00000000    -5.96968330     0.00000000   
  12   0.00000000     0.00000000     0.00000000    -0.00000000     0.00000000    -5.96741553   
  13  -0.00000000     0.00000000    -0.00000000     0.00000000    -0.00000000     0.00000000   
  14   0.00000000     0.00000000    -0.00000000     0.00000000    -0.00000000     0.00000000   
  15   0.00000000    -0.00000000    -0.00000000    -0.00000000    -0.00000000     0.00000000   
  16   0.00000000     0.00000000    -0.00000000    -0.00000000     0.00000000     0.00000000   
  17   0.00000000    -0.00000000    -0.00000000    -0.00000000     0.00000000     0.00000000   
  18  -0.00000000     0.00000000     0.00000000     0.00000000     0.00000000     0.00000000   
  19   0.00000000    -0.00000000    -0.00000000    -0.00000000    -0.00000000     0.00000000   
  20  -0.00000000    -0.00000000    -0.00000000    -0.00000000     0.00000000    -0.00000000   
  21  -0.00000000    -0.00000000    -0.00000000    -0.00000000    -0.00000000     0.00000000   
  22   0.00000000     0.00000000     0.00000000    -0.00000000    -0.00000000     0.00000000   
  23  -0.00000000    -0.00000000     0.00000000    -0.00000000     0.00000000    -0.00000000   
  24   0.00000000    -0.00000000    -0.00000000    -0.00000000     0.00000000    -0.00000000   
  25   0.00000000    -0.00000000     0.00000000     0.00000000     0.00000000    -0.00000000   
  26  -0.00000000    -0.00000000     0.00000000    -0.00000000     0.00000000    -0.00000000   
  27  -0.00000000     0.00000000    -0.00000000     0.00000000    -0.00000000     0.00000000   
  28   0.00000000    -0.00000000     0.00000000    -0.00000000     0.00000000     0.00000000   
  29  -0.00000000     0.00000000    -0.00000000     0.00000000    -0.00000000     0.00000000   
  30  -0.00000000     0.00000000    -0.00000000     0.00000000    -0.00000000     0.00000000   
  31   0.00000000     0.00000000     0.00000000    -0.00000000     0.00000000    -0.00000000   
  32   0.00000000    -0.00000000     0.00000000    -0.00000000     0.00000000    -0.00000000   
  33  -0.00000000     0.00000000    -0.00000000     0.00000000    -0.00000000    -0.00000000   
  34   0.00000000     0.00000000    -0.00000000    -0.00000000     0.00000000     0.00000000   
  35   0.00000000    -0.00000000    -0.00000000     0.00000000    -0.00000000     0.00000000   
  36  -0.00000000     0.00000000     0.00000000    -0.00000000     0.00000000    -0.00000000   
  37   0.00000000     0.00000000    -0.00000000    -0.00000000     0.00000000    -0.00000000   
  38   0.00599813    -0.00813309    -0.16867888    -0.14997541    -0.04463430    -0.05858888   
  39   0.00599978     0.00813166    -0.16868088     0.14997421    -0.04463522     0.05858536   
  40   0.00000002     0.00000001    -0.00000001    -0.00000003    -0.00000004    -0.00000001   
  41   0.00000003     0.00000001    -0.00000001     0.00000003     0.00000004     0.00000001   
  42   0.00000005    -0.00000000     0.00000002    -0.00000002    -0.00000006     0.00000001   
  43  -0.00000001    -0.00000002    -0.00000005     0.00000000    -0.00000001    -0.00000002   
  44   0.00000004    -0.00000006    -0.00000001    -0.00000002    -0.00000001     0.00000000   
  45   0.00000007    -0.00000001     0.00000001    -0.00000002     0.00000000     0.00000002   
  46   0.00000001    -0.00000001    -0.00000003    -0.00000001     0.00000002    -0.00000002   
  47  -0.00000002    -0.00000003     0.00000002    -0.00000003     0.00000002    -0.00000001   
  48  -0.00000002     0.00000000     0.00000001    -0.00000001    -0.00000002     0.00000004   
  49   0.00000001     0.00000001    -0.00000006     0.00000000     0.00000005    -0.00000003   
  50  -0.00000001     0.00000000    -0.00000005     0.00000001     0.00000000     0.00000001   
  51  -0.00000004    -0.00000004    -0.00000007    -0.00000001    -0.00000005     0.00000003   
  52   0.00000010     0.00000002    -0.00000001     0.00000002     0.00000003    -0.00000003   
  53  -0.00000002    -0.00000001    -0.00000006     0.00000001    -0.00000009     0.00000005   
  54   0.00000003     0.00000002    -0.00000003     0.00000002    -0.00000000     0.00000001   
  55   0.00000001    -0.00000002    -0.00000000    -0.00000000    -0.00000002     0.00000001   
  56  -0.00000002    -0.00000000     0.00000001    -0.00000000    -0.00000001    -0.00000003   
  57   0.00000000     0.00000001    -0.00000002     0.00000002     0.00000001    -0.00000001   
  58   0.00000002     0.00000001    -0.00000003     0.00000005     0.00000003    -0.00000001   
  59   0.00000001     0.00000003    -0.00000000    -0.00000000     0.00000007    -0.00000004   
  60  -0.00000002    -0.00000001     0.00000002    -0.00000002    -0.00000001    -0.00000000   
           13             14             15             16             17             18       
   1   0.00000000     0.00000000     0.00000000    -0.00000000     0.00000000    -0.00000000   
   2  -0.00000000    -0.00000000    -0.00000000    -0.00000000    -0.00000000     0.00000000   
   3  -0.00000000    -0.00000000    -0.00000000     0.00000000    -0.00000000    -0.00000000   
   4   0.00000000     0.00000000     0.00000000    -0.00000000     0.00000000     0.00000000   
   5  -0.00000000    -0.00000000    -0.00000000     0.00000000    -0.00000000    -0.00000000   
   6  -0.00000000    -0.00000000    -0.00000000     0.00000000    -0.00000000    -0.00000000   
   7  -0.00000000     0.00000000     0.00000000     0.00000000     0.00000000    -0.00000000   
   8   0.00000000     0.00000000    -0.00000000     0.00000000    -0.00000000     0.00000000   
   9  -0.00000000    -0.00000000    -0.00000000    -0.00000000    -0.00000000     0.00000000   
  10   0.00000000     0.00000000    -0.00000000    -0.00000000    -0.00000000     0.00000000   
  11  -0.00000000    -0.00000000    -0.00000000     0.00000000     0.00000000     0.00000000   
  12   0.00000000     0.00000000     0.00000000     0.00000000     0.00000000     0.00000000   
  13  -5.96049641    -0.00000000     0.00000000     0.00000000    -0.00000000    -0.00000000   
  14  -0.00000000    -5.95971170     0.00000000     0.00000000    -0.00000000     0.00000000   
  15   0.00000000     0.00000000    -5.95343892     0.00000000     0.00000000    -0.00000000   
  16   0.00000000     0.00000000     0.00000000    -5.93186550     0.00000000    -0.00000000   
  17  -0.00000000    -0.00000000     0.00000000     0.00000000    -5.93140093    -0.00000000   
  18  -0.00000000     0.00000000    -0.00000000    -0.00000000    -0.00000000    -3.54961794   
  19   0.00000000    -0.00000000     0.00000000     0.00000000     0.00000000     0.00000000   
  20   0.00000000    -0.00000000     0.00000000     0.00000000     0.00000000    -0.00000000   
  21  -0.00000000    -0.00000000    -0.00000000     0.00000000     0.00000000    -0.00000000   
  22   0.00000000     0.00000000    -0.00000000    -0.00000000    -0.00000000     0.00000000   
  23   0.00000000     0.00000000     0.00000000     0.00000000     0.00000000    -0.00000000   
  24   0.00000000    -0.00000000    -0.00000000     0.00000000     0.00000000     0.00000000   
  25  -0.00000000     0.00000000    -0.00000000    -0.00000000     0.00000000    -0.00000000   
  26  -0.00000000     0.00000000    -0.00000000     0.00000000    -0.00000000    -0.00000000   
  27  -0.00000000     0.00000000     0.00000000    -0.00000000     0.00000000     0.00000000   
  28   0.00000000     0.00000000    -0.00000000     0.00000000     0.00000000    -0.00000000   
  29   0.00000000    -0.00000000     0.00000000     0.00000000    -0.00000000     0.00000000   
  30  -0.00000000    -0.00000000    -0.00000000    -0.00000000     0.00000000    -0.00000000   
  31   0.00000000     0.00000000    -0.00000000     0.00000000     0.00000000    -0.00000000   
  32   0.00000000     0.00000000    -0.00000000    -0.00000000     0.00000000     0.00000000   
  33  -0.00000000    -0.00000000    -0.00000000     0.00000000    -0.00000000    -0.00000000   
  34  -0.00000000    -0.00000000     0.00000000     0.00000000    -0.00000000    -0.00000000   
  35  -0.00000000    -0.00000000    -0.00000000    -0.00000000     0.00000000    -0.00000000   
  36   0.00000000     0.00000000     0.00000000    -0.00000000     0.00000000    -0.00000000   
  37   0.00000000     0.00000000     0.00000000    -0.00000000     0.00000000    -0.00000000   
  38   0.00767531    -0.02371835    -0.02083164     0.03351700     0.03144607    -0.01626349   
  39   0.00767935     0.02371610    -0.02082902    -0.03352083     0.03144367     0.01626359   
  40   0.00000000    -0.00000001     0.00000006     0.00000001    -0.00000000    -0.00000001   
  41   0.00000001     0.00000001    -0.00000004    -0.00000001     0.00000000    -0.00000007   
  42  -0.00000001     0.00000001    -0.00000001     0.00000006    -0.00000003     0.00000000   
  43   0.00000000    -0.00000000    -0.00000003     0.00000000    -0.00000005    -0.00000001   
  44   0.00000002     0.00000001    -0.00000001     0.00000001    -0.00000001    -0.00000005   
  45  -0.00000001     0.00000002    -0.00000002     0.00000001     0.00000002     0.00000009   
  46   0.00000008     0.00000004     0.00000001     0.00000003    -0.00000002    -0.00000007   
  47   0.00000001    -0.00000003     0.00000001     0.00000003     0.00000001     0.00000001   
  48   0.00000000     0.00000003    -0.00000003    -0.00000003     0.00000004     0.00000001   
  49  -0.00000001    -0.00000001     0.00000001     0.00000005    -0.00000000    -0.00000001   
  50  -0.00000001    -0.00000000     0.00000001    -0.00000001     0.00000000    -0.00000002   
  51   0.00000003     0.00000001    -0.00000007    -0.00000000     0.00000003    -0.00000004   
  52   0.00000007     0.00000005    -0.00000006     0.00000002    -0.00000003    -0.00000006   
  53   0.00000002     0.00000003    -0.00000006     0.00000000     0.00000002     0.00000004   
  54   0.00000003     0.00000003    -0.00000001    -0.00000000    -0.00000001     0.00000001   
  55   0.00000002     0.00000001    -0.00000000     0.00000002    -0.00000001     0.00000002   
  56  -0.00000002    -0.00000001     0.00000000    -0.00000000     0.00000001     0.00000003   
  57  -0.00000001    -0.00000001    -0.00000001    -0.00000001    -0.00000000     0.00000004   
  58   0.00000002     0.00000003    -0.00000002     0.00000001    -0.00000001    -0.00000001   
  59  -0.00000002    -0.00000003     0.00000003    -0.00000001    -0.00000002     0.00000003   
  60  -0.00000003    -0.00000003     0.00000002    -0.00000001     0.00000001    -0.00000001   
           19             20             21             22             23             24       
   1   0.00000000    -0.00000000     0.00000000    -0.00000000     0.00000000    -0.00000000   
   2  -0.00000000     0.00000000    -0.00000000    -0.00000000     0.00000000     0.00000000   
   3   0.00000000     0.00000000     0.00000000     0.00000000     0.00000000     0.00000000   
   4   0.00000000     0.00000000     0.00000000    -0.00000000    -0.00000000     0.00000000   
   5   0.00000000     0.00000000    -0.00000000     0.00000000     0.00000000     0.00000000   
   6   0.00000000     0.00000000    -0.00000000     0.00000000     0.00000000     0.00000000   
   7   0.00000000    -0.00000000    -0.00000000     0.00000000    -0.00000000     0.00000000   
   8  -0.00000000    -0.00000000    -0.00000000     0.00000000    -0.00000000    -0.00000000   
   9  -0.00000000    -0.00000000    -0.00000000     0.00000000     0.00000000    -0.00000000   
  10  -0.00000000    -0.00000000    -0.00000000    -0.00000000    -0.00000000    -0.00000000   
  11  -0.00000000     0.00000000    -0.00000000    -0.00000000     0.00000000     0.00000000   
  12   0.00000000    -0.00000000     0.00000000    -0.00000000    -0.00000000    -0.00000000   
  13   0.00000000     0.00000000    -0.00000000     0.00000000     0.00000000     0.00000000   
  14  -0.00000000     0.00000000    -0.00000000     0.00000000     0.00000000    -0.00000000   
  15   0.00000000     0.00000000    -0.00000000    -0.00000000     0.00000000    -0.00000000   
  16   0.00000000     0.00000000     0.00000000    -0.00000000     0.00000000     0.00000000   
  17   0.00000000     0.00000000     0.00000000    -0.00000000     0.00000000     0.00000000   
  18   0.00000000    -0.00000000    -0.00000000     0.00000000    -0.00000000     0.00000000   
  19  -2.83343936     0.00000000    -0.00000000     0.00000000     0.00000000    -0.00000000   
  20   0.00000000    -1.83699562     0.00000000    -0.00000000    -0.00000000    -0.00000000   
  21  -0.00000000     0.00000000    -1.80957821     0.00000000     0.00000000     0.00000000   
  22   0.00000000    -0.00000000     0.00000000    -1.44509461    -0.00000000    -0.00000000   
  23   0.00000000    -0.00000000     0.00000000    -0.00000000    -1.44509333     0.00000000   
  24  -0.00000000    -0.00000000     0.00000000    -0.00000000     0.00000000    -0.86177068   
  25  -0.00000000     0.00000000     0.00000000     0.00000000    -0.00000000     0.00000000   
  26   0.00000000    -0.00000000     0.00000000    -0.00000000     0.00000000    -0.00000000   
  27   0.00000000     0.00000000    -0.00000000    -0.00000000     0.00000000    -0.00000000   
  28   0.00000000     0.00000000    -0.00000000     0.00000000    -0.00000000    -0.00000000   
  29  -0.00000000    -0.00000000     0.00000000    -0.00000000    -0.00000000     0.00000000   
  30   0.00000000    -0.00000000    -0.00000000     0.00000000     0.00000000     0.00000000   
  31  -0.00000000    -0.00000000     0.00000000    -0.00000000    -0.00000000     0.00000000   
  32  -0.00000000    -0.00000000     0.00000000    -0.00000000    -0.00000000    -0.00000000   
  33  -0.00000000     0.00000000    -0.00000000     0.00000000     0.00000000     0.00000000   
  34   0.00000000     0.00000000     0.00000000     0.00000000     0.00000000    -0.00000000   
  35  -0.00000000     0.00000000    -0.00000000     0.00000000     0.00000000     0.00000000   
  36   0.00000000    -0.00000000     0.00000000    -0.00000000    -0.00000000    -0.00000000   
  37   0.00000000    -0.00000000     0.00000000    -0.00000000    -0.00000000     0.00000000   
  38   0.08372335     0.54626902     0.52086869    -0.00300026     0.00335239    -0.36775693   
  39   0.08372340    -0.54626836     0.52086958     0.00334661     0.00300801     0.36776210   
  40  -0.00000000     0.00000009     0.00000004     0.00000001     0.00000001    -0.00000008   
  41   0.00000000     0.00000005    -0.00000007    -0.00000001    -0.00000001    -0.00000011   
  42   0.00000001     0.00000005     0.00000006     0.00000001     0.00000001    -0.00000005   
  43   0.00000000     0.00000002     0.00000007    -0.00000001    -0.00000001     0.00000001   
  44  -0.00000005     0.00000001     0.00000001     0.00000000     0.00000003    -0.00000003   
  45   0.00000000     0.00000008    -0.00000002     0.00000002     0.00000001    -0.00000004   
  46   0.00000005     0.00000002     0.00000004     0.00000002     0.00000001     0.00000000   
  47  -0.00000004     0.00000006    -0.00000009    -0.00000000    -0.00000002    -0.00000005   
  48  -0.00000000    -0.00000006    -0.00000000     0.00000001    -0.00000001     0.00000006   
  49   0.00000003     0.00000006     0.00000006     0.00000001    -0.00000000    -0.00000004   
  50  -0.00000002     0.00000009     0.00000004    -0.00000002    -0.00000001    -0.00000004   
  51   0.00000004     0.00000001     0.00000007    -0.00000001     0.00000001    -0.00000005   
  52   0.00000000    -0.00000014    -0.00000008     0.00000002    -0.00000000     0.00000006   
  53   0.00000000    -0.00000005     0.00000022     0.00000002     0.00000003    -0.00000001   
  54  -0.00000000    -0.00000008     0.00000002    -0.00000001    -0.00000000     0.00000001   
  55   0.00000001    -0.00000001     0.00000001    -0.00000001     0.00000000    -0.00000002   
  56  -0.00000002     0.00000002     0.00000001    -0.00000000     0.00000001    -0.00000000   
  57   0.00000000    -0.00000000     0.00000006     0.00000000     0.00000000    -0.00000002   
  58  -0.00000002    -0.00000009    -0.00000008    -0.00000000    -0.00000002     0.00000006   
  59  -0.00000004     0.00000002    -0.00000014    -0.00000002    -0.00000002     0.00000002   
  60  -0.00000001     0.00000004     0.00000004    -0.00000001     0.00000001     0.00000004   
           25             26             27             28             29             30       
   1  -0.00000000     0.00000000    -0.00000000     0.00000000    -0.00000000    -0.00000000   
   2   0.00000000    -0.00000000     0.00000000    -0.00000000     0.00000000     0.00000000   
   3  -0.00000000     0.00000000    -0.00000000    -0.00000000     0.00000000    -0.00000000   
   4   0.00000000    -0.00000000     0.00000000     0.00000000     0.00000000     0.00000000   
   5   0.00000000    -0.00000000     0.00000000     0.00000000    -0.00000000    -0.00000000   
   6   0.00000000    -0.00000000     0.00000000     0.00000000    -0.00000000    -0.00000000   
   7   0.00000000    -0.00000000    -0.00000000     0.00000000    -0.00000000    -0.00000000   
   8  -0.00000000    -0.00000000     0.00000000    -0.00000000     0.00000000     0.00000000   
   9   0.00000000     0.00000000    -0.00000000     0.00000000    -0.00000000    -0.00000000   
  10   0.00000000    -0.00000000     0.00000000    -0.00000000     0.00000000     0.00000000   
  11   0.00000000     0.00000000    -0.00000000     0.00000000    -0.00000000    -0.00000000   
  12  -0.00000000    -0.00000000     0.00000000     0.00000000     0.00000000     0.00000000   
  13  -0.00000000    -0.00000000    -0.00000000     0.00000000     0.00000000    -0.00000000   
  14   0.00000000    -0.00000000     0.00000000     0.00000000    -0.00000000    -0.00000000   
  15  -0.00000000    -0.00000000     0.00000000    -0.00000000     0.00000000    -0.00000000   
  16  -0.00000000     0.00000000    -0.00000000     0.00000000     0.00000000    -0.00000000   
  17   0.00000000    -0.00000000     0.00000000     0.00000000    -0.00000000     0.00000000   
  18  -0.00000000    -0.00000000     0.00000000    -0.00000000     0.00000000    -0.00000000   
  19  -0.00000000     0.00000000     0.00000000     0.00000000    -0.00000000     0.00000000   
  20   0.00000000    -0.00000000     0.00000000     0.00000000    -0.00000000     0.00000000   
  21   0.00000000     0.00000000    -0.00000000    -0.00000000     0.00000000    -0.00000000   
  22   0.00000000    -0.00000000    -0.00000000     0.00000000    -0.00000000     0.00000000   
  23  -0.00000000     0.00000000     0.00000000    -0.00000000    -0.00000000    -0.00000000   
  24   0.00000000    -0.00000000    -0.00000000    -0.00000000     0.00000000     0.00000000   
  25  -0.75313361    -0.00000000    -0.00000000    -0.00000000     0.00000000     0.00000000   
  26  -0.00000000     0.13942972    -0.00000000     0.00000000    -0.00000000    -0.00000000   
  27  -0.00000000    -0.00000000     0.38406654    -0.00000000     0.00000000     0.00000000   
  28  -0.00000000     0.00000000    -0.00000000     1.27616277    -0.00000000     0.00000000   
  29   0.00000000    -0.00000000     0.00000000    -0.00000000     1.27737178    -0.00000000   
  30   0.00000000    -0.00000000     0.00000000     0.00000000    -0.00000000     1.30587093   
  31  -0.00000000    -0.00000000    -0.00000000     0.00000000    -0.00000000     0.00000000   
  32  -0.00000000    -0.00000000    -0.00000000    -0.00000000     0.00000000     0.00000000   
  33   0.00000000    -0.00000000    -0.00000000     0.00000000    -0.00000000    -0.00000000   
  34  -0.00000000     0.00000000    -0.00000000     0.00000000     0.00000000    -0.00000000   
  35   0.00000000    -0.00000000    -0.00000000     0.00000000    -0.00000000     0.00000000   
  36   0.00000000    -0.00000000    -0.00000000    -0.00000000     0.00000000     0.00000000   
  37  -0.00000000     0.00000000     0.00000000    -0.00000000     0.00000000    -0.00000000   
  38   0.33801009    -0.69636145    -0.69185451     0.01106467    -0.00953696     0.19421017   
  39   0.33800597    -0.69635898     0.69185600    -0.01106253    -0.00953767     0.19420887   
  40   0.00000004     0.00000001    -0.00000004    -0.00000002     0.00000000    -0.00000007   
  41  -0.00000004     0.00000002     0.00000001     0.00000000     0.00000002    -0.00000004   
  42  -0.00000002     0.00000002    -0.00000009     0.00000001    -0.00000001    -0.00000004   
  43   0.00000003    -0.00000007     0.00000002    -0.00000001     0.00000002     0.00000003   
  44   0.00000004    -0.00000009    -0.00000003     0.00000013    -0.00000008    -0.00000013   
  45  -0.00000005     0.00000002    -0.00000010     0.00000002    -0.00000017     0.00000008   
  46   0.00000006     0.00000001    -0.00000005    -0.00000007    -0.00000002     0.00000000   
  47  -0.00000005     0.00000012    -0.00000005     0.00000006     0.00000002    -0.00000001   
  48   0.00000000    -0.00000003     0.00000006     0.00000002     0.00000002     0.00000004   
  49   0.00000004    -0.00000007    -0.00000003    -0.00000003    -0.00000002     0.00000002   
  50   0.00000007    -0.00000005    -0.00000009     0.00000008    -0.00000003     0.00000004   
  51   0.00000006    -0.00000011    -0.00000001    -0.00000001     0.00000006     0.00000017   
  52   0.00000004     0.00000005     0.00000007    -0.00000016     0.00000008    -0.00000006   
  53   0.00000014    -0.00000023     0.00000005    -0.00000006     0.00000004     0.00000013   
  54   0.00000005    -0.00000005     0.00000007    -0.00000005     0.00000003     0.00000003   
  55   0.00000000     0.00000000     0.00000003     0.00000001    -0.00000001     0.00000003   
  56  -0.00000000    -0.00000000    -0.00000003     0.00000005    -0.00000001    -0.00000000   
  57   0.00000001    -0.00000003     0.00000003    -0.00000000    -0.00000001     0.00000000   
  58   0.00000002     0.00000001     0.00000001    -0.00000006     0.00000004    -0.00000003   
  59  -0.00000008     0.00000011    -0.00000004     0.00000002    -0.00000001    -0.00000011   
  60   0.00000000     0.00000001    -0.00000006     0.00000004    -0.00000007     0.00000002   
           31             32             33             34             35             36       
   1  -0.00000000    -0.00000000    -0.00000000    -0.00000000    -0.00000000    -0.00000000   
   2   0.00000000     0.00000000     0.00000000     0.00000000    -0.00000000     0.00000000   
   3   0.00000000     0.00000000    -0.00000000    -0.00000000    -0.00000000    -0.00000000   
   4   0.00000000    -0.00000000     0.00000000     0.00000000    -0.00000000     0.00000000   
   5   0.00000000     0.00000000    -0.00000000     0.00000000    -0.00000000     0.00000000   
   6   0.00000000     0.00000000     0.00000000     0.00000000    -0.00000000     0.00000000   
   7   0.00000000     0.00000000    -0.00000000     0.00000000     0.00000000    -0.00000000   
   8  -0.00000000    -0.00000000     0.00000000     0.00000000    -0.00000000     0.00000000   
   9   0.00000000     0.00000000    -0.00000000    -0.00000000    -0.00000000     0.00000000   
  10   0.00000000    -0.00000000     0.00000000    -0.00000000     0.00000000    -0.00000000   
  11   0.00000000     0.00000000    -0.00000000     0.00000000    -0.00000000     0.00000000   
  12  -0.00000000    -0.00000000    -0.00000000     0.00000000     0.00000000    -0.00000000   
  13   0.00000000     0.00000000    -0.00000000    -0.00000000    -0.00000000     0.00000000   
  14   0.00000000     0.00000000    -0.00000000    -0.00000000    -0.00000000     0.00000000   
  15  -0.00000000    -0.00000000    -0.00000000     0.00000000    -0.00000000     0.00000000   
  16   0.00000000    -0.00000000     0.00000000     0.00000000    -0.00000000    -0.00000000   
  17   0.00000000     0.00000000    -0.00000000    -0.00000000     0.00000000     0.00000000   
  18  -0.00000000     0.00000000    -0.00000000    -0.00000000    -0.00000000    -0.00000000   
  19  -0.00000000    -0.00000000    -0.00000000     0.00000000    -0.00000000     0.00000000   
  20   0.00000000    -0.00000000     0.00000000     0.00000000     0.00000000    -0.00000000   
  21   0.00000000     0.00000000    -0.00000000     0.00000000    -0.00000000     0.00000000   
  22  -0.00000000    -0.00000000     0.00000000     0.00000000     0.00000000    -0.00000000   
  23  -0.00000000    -0.00000000     0.00000000     0.00000000     0.00000000    -0.00000000   
  24   0.00000000    -0.00000000     0.00000000    -0.00000000     0.00000000    -0.00000000   
  25  -0.00000000    -0.00000000     0.00000000    -0.00000000     0.00000000     0.00000000   
  26  -0.00000000    -0.00000000    -0.00000000     0.00000000    -0.00000000    -0.00000000   
  27  -0.00000000    -0.00000000    -0.00000000    -0.00000000    -0.00000000    -0.00000000   
  28   0.00000000    -0.00000000     0.00000000     0.00000000     0.00000000    -0.00000000   
  29  -0.00000000     0.00000000    -0.00000000     0.00000000    -0.00000000     0.00000000   
  30   0.00000000     0.00000000    -0.00000000    -0.00000000     0.00000000     0.00000000   
  31   1.43841767     0.00000000     0.00000000     0.00000000     0.00000000    -0.00000000   
  32   0.00000000     1.44032967    -0.00000000     0.00000000    -0.00000000    -0.00000000   
  33   0.00000000    -0.00000000     1.44407539     0.00000000    -0.00000000    -0.00000000   
  34   0.00000000     0.00000000     0.00000000     1.44642679    -0.00000000    -0.00000000   
  35   0.00000000    -0.00000000    -0.00000000    -0.00000000     1.45714878    -0.00000000   
  36  -0.00000000    -0.00000000    -0.00000000    -0.00000000    -0.00000000     1.66742367   
  37  -0.00000000    -0.00000000    -0.00000000    -0.00000000     0.00000000     0.00000000   
  38  -0.03207527    -0.00589790    -0.02873807    -0.00921006    -0.07991897     0.00189883   
  39   0.03207405    -0.00590982     0.02873928    -0.00920412     0.07991985     0.00207662   
  40   0.00000001    -0.00000001    -0.00000004     0.00000000    -0.00000004     0.00000001   
  41   0.00000002    -0.00000003    -0.00000002    -0.00000003     0.00000009    -0.00000000   
  42   0.00000009    -0.00000007     0.00000000    -0.00000001    -0.00000008    -0.00000013   
  43   0.00000005    -0.00000005     0.00000007     0.00000009    -0.00000001    -0.00000013   
  44   0.00000004     0.00000002     0.00000002     0.00000001    -0.00000000    -0.00000002   
  45  -0.00000008    -0.00000001    -0.00000008    -0.00000003    -0.00000007    -0.00000001   
  46   0.00000012     0.00000011     0.00000000     0.00000003    -0.00000006     0.00000002   
  47  -0.00000007     0.00000005     0.00000001    -0.00000001    -0.00000002    -0.00000002   
  48  -0.00000005     0.00000005    -0.00000006    -0.00000004     0.00000005     0.00000007   
  49   0.00000005    -0.00000008     0.00000007     0.00000008    -0.00000006     0.00000002   
  50   0.00000000     0.00000001     0.00000004     0.00000001     0.00000011     0.00000006   
  51  -0.00000001     0.00000005    -0.00000004    -0.00000006     0.00000001    -0.00000001   
  52   0.00000005    -0.00000005    -0.00000002    -0.00000009     0.00000008    -0.00000013   
  53  -0.00000001     0.00000003     0.00000001    -0.00000001     0.00000009     0.00000003   
  54   0.00000002    -0.00000000     0.00000000    -0.00000004     0.00000008    -0.00000004   
  55  -0.00000002     0.00000001    -0.00000000    -0.00000001    -0.00000000     0.00000004   
  56  -0.00000002     0.00000005    -0.00000002    -0.00000003    -0.00000001    -0.00000007   
  57  -0.00000002    -0.00000000     0.00000001     0.00000000     0.00000001    -0.00000002   
  58  -0.00000000     0.00000000    -0.00000005    -0.00000004     0.00000004    -0.00000008   
  59  -0.00000002    -0.00000004    -0.00000000    -0.00000000    -0.00000007    -0.00000001   
  60   0.00000000     0.00000001     0.00000003     0.00000004    -0.00000002     0.00000005   
           37             38             39       
   1  -0.00000000     0.24086811     0.24087689   
   2   0.00000000     0.23669059    -0.23668164   
   3  -0.00000000     0.00515619     0.00534653   
   4  -0.00000000     0.00533011    -0.00514044   
   5   0.00000000     0.10017625     0.10017753   
   6   0.00000000    -0.12007640     0.12007562   
   7   0.00000000     0.00599814     0.00599978   
   8   0.00000000    -0.00813309     0.00813174   
   9  -0.00000000    -0.16867886    -0.16868083   
  10  -0.00000000    -0.14997541     0.14997425   
  11   0.00000000    -0.04463434    -0.04463527   
  12  -0.00000000    -0.05858884     0.05858540   
  13   0.00000000     0.00767534     0.00767936   
  14   0.00000000    -0.02371828     0.02371607   
  15   0.00000000    -0.02083169    -0.02082899   
  16  -0.00000000     0.03351701    -0.03352089   
  17   0.00000000     0.03144606     0.03144368   
  18  -0.00000000    -0.01626353     0.01626361   
  19   0.00000000     0.08372335     0.08372333   
  20  -0.00000000     0.54626907    -0.54626858   
  21   0.00000000     0.52086878     0.52086948   
  22  -0.00000000    -0.00300023     0.00334662   
  23  -0.00000000     0.00335240     0.00300802   
  24   0.00000000    -0.36775692     0.36776223   
  25  -0.00000000     0.33801010     0.33800587   
  26   0.00000000    -0.69636149    -0.69635886   
  27   0.00000000    -0.69185452     0.69185634   
  28  -0.00000000     0.01106459    -0.01106252   
  29   0.00000000    -0.00953685    -0.00953775   
  30  -0.00000000     0.19421026     0.19420889   
  31  -0.00000000    -0.03207527     0.03207429   
  32  -0.00000000    -0.00589792    -0.00590989   
  33  -0.00000000    -0.02873807     0.02873935   
  34  -0.00000000    -0.00921010    -0.00920410   
  35   0.00000000    -0.07991891     0.07991997   
  36   0.00000000     0.00189878     0.00207671   
  37   1.66742484    -0.00205759     0.00187824   
  38  -0.00205758     0.98960068     0.00145843   
  39   0.00187808     0.00145806     0.98960112   
  40  -0.00000004     0.00000002     0.00000005   
  41  -0.00000004    -0.00000000    -0.00000008   
  42  -0.00000016    -0.00000001     0.00000003   
  43   0.00000000    -0.00000010    -0.00000002   
  44  -0.00000000    -0.00000001    -0.00000007   
  45  -0.00000006    -0.00000001     0.00000001   
  46   0.00000003    -0.00000008     0.00000003   
  47   0.00000000     0.00000001     0.00000012   
  48   0.00000003     0.00000007    -0.00000001   
  49  -0.00000006    -0.00000007    -0.00000003   
  50   0.00000002    -0.00000007     0.00000001   
  51  -0.00000004    -0.00000007    -0.00000012   
  52  -0.00000007     0.00000011    -0.00000025   
  53  -0.00000005    -0.00000000    -0.00000017   
  54  -0.00000003     0.00000001    -0.00000015   
  55   0.00000001     0.00000001     0.00000002   
  56  -0.00000006     0.00000002     0.00000004   
  57  -0.00000000     0.00000000    -0.00000006   
  58  -0.00000006     0.00000007    -0.00000008   
  59   0.00000006    -0.00000002     0.00000017   
  60   0.00000003    -0.00000003     0.00000009   

[[ 0.05212  -0.039388  0.002001 ... -0.08385   0.143367 -0.266208]
 [ 0.058879 -0.048908  0.002147 ...  0.040018 -0.143488  0.20252 ]
 [ 0.098565 -0.08564   0.003449 ... -0.002583  0.165829 -0.185592]
 ...
 [ 0.156197 -0.158854  0.17672  ... -0.055881 -0.049379  0.017018]
 [ 0.159954 -0.163025  0.194652 ... -0.047213 -0.037832  0.010573]
 [ 0.163149 -0.165915  0.185436 ... -0.055106 -0.048713  0.016801]]
 Saved MO coefficients to FCIDUMP/FCIDUMP_AO_TTMmTTM_gwh_mo_coeff.npy

************************************************
 Testing 'core' initial guess method
************************************************

  Initializing L-BFGS optimisation...
    > Num. MOs       =     60
    > Num. params    =    894
    > Max subspace   =     20
    > Max step size   =  0.500
    > Backtracking   =  0.100
    > Parallel tr.   = True
    > Pseudo-canon.  = True
    > Canon interval = 10
    > Hybrid prec.   = True
  ================================================================
           Energy / Eh     Step Len    Max(|G_i|)
  ================================================================
     0   462.6777767370                 1.39e+01
     1   433.0080148139    5.00e-01     1.35e+01    rescaled  
     2   412.9891296734    5.00e-01     1.01e+01    rescaled  
     3   404.5913650605    5.00e-01     9.73e+00    rescaled  
     4   404.5913650605    5.00e-01     9.73e+00    understep 
     5   398.9393238489    5.00e-01     9.24e+00    rescaled  
     6   391.1685331177    5.00e-01     8.72e+00    rescaled  
     7   381.8818026287    5.00e-01     7.39e+00    rescaled  
     8   370.6985549146    5.00e-01     7.45e+00    rescaled  
     9   362.5791906938    5.00e-01     8.31e+00    rescaled  
    10   354.8302288908    5.00e-01     8.79e+00    rescaled  
    11   344.1225331093    5.00e-01     9.40e+00    rescaled  
    12   332.4881687628    5.00e-01     7.86e+00    rescaled  
    13   322.9172022961    5.00e-01     6.98e+00    rescaled  
    14   322.9172022961    5.00e-01     6.98e+00    understep 
    15   316.6562281069    5.00e-01     5.90e+00    rescaled  
    16   312.5653546261    5.00e-01     5.60e+00    rescaled  
    17   308.2644532279    5.00e-01     5.58e+00    rescaled  
    18   301.2255525608    5.00e-01     5.50e+00    rescaled  
    19   294.4364925227    5.00e-01     5.78e+00    rescaled  
    20   285.3686716424    5.00e-01     5.03e+00    rescaled  
    21   278.2925374479    5.00e-01     4.52e+00    rescaled  
    22   274.5121115609    5.00e-01     4.48e+00    rescaled  
    23   274.5121115609    5.00e-01     4.48e+00    understep 
    24   271.1250249702    5.00e-01     6.34e+00    rescaled  
    25   272.9017720012    5.00e-01     7.11e+00    rescaled  
    26   270.0917082579    3.42e-01     4.55e+00    overstep  
    27   265.6968278925    5.00e-01     4.64e+00    rescaled  
    28   261.6716943500    5.00e-01     4.55e+00    rescaled  
    29   256.9737934166    5.00e-01     4.06e+00    rescaled  
    30   252.9650924729    5.00e-01     4.00e+00    rescaled  
    31   247.0438367430    3.29e-01     3.91e+00              
    32   246.6308718606    5.00e-01     4.36e+00    rescaled  
    33   244.2136736542    3.99e-01     3.65e+00              
    34   245.1561869193    3.99e-01     3.79e+00              
    35   243.5200137394    3.48e-01     3.57e+00    overstep  
    36   239.3731981673    5.00e-01     2.46e+00    rescaled  
    37   240.9341108903    5.00e-01     4.77e+00    rescaled  
    38   238.5231600300    3.61e-01     3.02e+00    overstep  
    39   237.4491488802    1.97e-01     1.78e+00              
    40   237.5056462874    1.54e-01     1.65e+00              
    41   237.1996874320    1.38e-01     1.36e+00    overstep  
    42   236.4381139472    9.62e-02     4.81e-01              
    43   236.4179278938    5.57e-02     7.53e-01              
    44   236.2761307206    4.56e-02     2.35e-01              
    45   236.2675374415    1.79e-02     3.18e-01              
    46   236.2572532008    1.02e-02     2.11e-01              
    47   236.2565966295    3.32e-03     2.19e-01              
    48   236.2532023502    1.79e-02     1.79e-01              
    49   236.2445022571    8.92e-03     5.23e-02              
    50   236.2429753306    3.13e-03     3.13e-02              
    51   236.2424788766    3.77e-03     1.05e-02              
    52   236.2424271574    1.45e-03     7.47e-03              
    53   236.2424221410    3.90e-04     3.80e-03              
    54   236.2424210326    1.31e-04     6.81e-04              
    55   236.2424209232    3.03e-05     9.35e-05              
    56   236.2424209151    1.16e-05     6.33e-05              
    57   236.2424209140    3.48e-06     1.53e-05              
    58   236.2424209139    8.84e-07     2.30e-06              
    59   236.2424209139    2.51e-07     1.01e-06              
    60   236.2424209139    8.79e-08     1.88e-07              
  ================================================================
  L-BFGS converged in     60 iterations (  5.14 seconds)

  Initializing Davidson diagonalisation...
    > Max iterations =   1000
    > Target states  =      5
    > Convergence    =  1.000e-04
    > Basis per root =      4
    > Max basis size =     20
  Davidson diagonalisation converged in     35 iterations (  9.53 seconds)

   --------------------------
    Converged eigenvalues:   
   --------------------------
       0        6.16090020   
       1        6.17810729   
       2        6.69659463   
       3        6.70454752   
       4        6.91603931   
   --------------------------

 ---------------------------------------------
         Total Energy =   236.24242091 Eh
              Nuclear =  5282.58266063 Eh
         One Electron = -9982.71119074 Eh
              Coulomb =  5219.46261125 Eh
        ROHF Exchange =  -283.09166022 Eh
 ---------------------------------------------
           <Sz> =  0.00
           <S2> =  0.00
  Spin Coupling = +-

 -----------------------------------------------------------------------------------------------
  Open-Shell Exchange Matrix <Ψ|Êpq Êqp|Ψ> - Np
 -----------------------------------------------------------------------------------------------
           1              2        
   1   0.00000000     1.00000000   
   2   1.00000000     0.00000000   

 -----------------------------------------------------------------------------------------------
  Open-Shell Exchange Integrals <pq|qp>
 -----------------------------------------------------------------------------------------------
           1              2        
   1   6.21774882     0.00001028   
   2   0.00001028     6.21774803   

 -----------------------------------------------------------------------------------------------
  Occupied Orbital Coefficients
 -----------------------------------------------------------------------------------------------
           1              2              3              4              5              6        
   1  -0.05212067     0.03938744     0.00200700    -0.00126767    -0.16609100    -0.15095893   
   2  -0.05887943     0.04890771     0.00215371    -0.00150130    -0.17352171    -0.17361549   
   3  -0.09856626     0.08563879     0.00346098    -0.00254155    -0.27044682    -0.28391063   
   4  -0.05794194     0.04806982     0.00218533    -0.00153901    -0.17028184    -0.16995581   
   5  -0.05211820    -0.03939027     0.00194675     0.00135781    -0.16608901     0.15096096   
   6  -0.05887640    -0.04891093     0.00208259     0.00159788    -0.17351951     0.17361770   
   7  -0.09856100    -0.08564422     0.00334077     0.00269659    -0.27044332     0.28391416   
   8  -0.08698022    -0.07739361     0.00281990     0.00236746    -0.20505346     0.21701712   
   9  -0.06366235    -0.06265196     0.00128620     0.00134763    -0.02324964     0.02826882   
  10  -0.09638958    -0.08374432     0.00342259     0.00280143    -0.26311668     0.27579896   
  11  -0.05793898    -0.04807300     0.00211246     0.00163699    -0.17027972     0.16995802   
  12  -0.14304632    -0.14496419    -0.12237937    -0.12781339     0.03414592    -0.02626548   
  13  -0.17692614    -0.17988753    -0.16893272    -0.17643440     0.05485751    -0.04571412   
  14  -0.13166703    -0.13415656    -0.13447353    -0.14044540     0.04731653    -0.04092220   
  15  -0.17034201    -0.17381633    -0.18188749    -0.18996544     0.06712689    -0.05926690   
  16  -0.13152044    -0.13400484    -0.13436143    -0.14032860     0.04719828    -0.04080522   
  17  -0.17659270    -0.17954184    -0.16868493    -0.17617633     0.05457002    -0.04542814   
  18  -0.13788022    -0.13955028     0.12799967     0.13428471     0.03574204    -0.02725600   
  19  -0.17157159    -0.17421306     0.17779287     0.18652352     0.05749772    -0.04740407   
  20  -0.12640857    -0.12862487     0.13985611     0.14672462     0.04899109    -0.04189694   
  21  -0.16186912    -0.16494761     0.18706647     0.19625422     0.06879382    -0.06006332   
  22  -0.12477961    -0.12696645     0.13790287     0.14467573     0.04834185    -0.04134110   
  23  -0.16779810    -0.17037477     0.17335187     0.18186513     0.05607608    -0.04620298   
  24  -0.14305507     0.14495624    -0.12809442     0.12208425     0.03414628     0.02626511   
  25  -0.17660361     0.17953211    -0.17656257     0.16827950     0.05457064     0.04542755   
  26  -0.13152862     0.13399764    -0.14063621     0.13403865     0.04719885     0.04080471   
  27  -0.17035265     0.17380704    -0.19038181     0.18145065     0.06712772     0.05926618   
  28  -0.13167519     0.13414933    -0.14075350     0.13415017     0.04731709     0.04092169   
  29  -0.17693702     0.17987774    -0.17682185     0.16852593     0.05485812     0.04571351   
  30  -0.13788785     0.13954179     0.13400566    -0.12829268     0.03574262     0.02725573   
  31  -0.16780738     0.17036441     0.18148588    -0.17374998     0.05607699     0.04620253   
  32  -0.12478649     0.12695870     0.14437352    -0.13822002     0.04834263     0.04134069   
  33  -0.16187802     0.16493751     0.19584392    -0.18749693     0.06879491     0.06006270   
  34  -0.12641553     0.12861700     0.14641837    -0.14017745     0.04899187     0.04189652   
  35  -0.17158105     0.17420243     0.18613520    -0.17820045     0.05749864     0.04740360   
  36  -0.03199346    -0.01279927     0.00123768     0.00045596    -0.10804268     0.04932113   
  37  -0.02658321    -0.00000070     0.00103052     0.00002349    -0.08857657     0.00000046   
  38  -0.03199430     0.01279759     0.00125730    -0.00039909    -0.10804345    -0.04932002   
  39  -0.01902158     0.00605028     0.00075827    -0.00017610    -0.06658851    -0.02078870   
  40  -0.01562675    -0.00000041     0.00062533     0.00001426    -0.05578949     0.00000029   
  41  -0.01902119    -0.00605128     0.00074940     0.00021046    -0.06658818     0.02078939   
  42  -0.08698496     0.07738880     0.00292554    -0.00223647    -0.20505613    -0.21701444   
  43  -0.06366600     0.06264827     0.00134667    -0.00128760    -0.02325004    -0.02826857   
  44  -0.09639471     0.08373899     0.00354750    -0.00264251    -0.26312002    -0.27579546   
  45  -0.09316401     0.08061025     0.00322253    -0.00230526    -0.28069737    -0.29843563   
  46  -0.08920829     0.07715214     0.00362203    -0.00272050    -0.26735812    -0.28373951   
  47  -0.09315906    -0.08061538     0.00311338     0.00244966    -0.28069374     0.29843933   
  48  -0.08920358    -0.07715708     0.00349350     0.00288275    -0.26735476     0.28374315   
  49  -0.16666048    -0.16974221    -0.16726195    -0.17468859     0.05783986    -0.04948225   
  50  -0.16881011    -0.17230179    -0.18217039    -0.19026124     0.06805995    -0.06047960   
  51  -0.16580151    -0.16884688    -0.16673579    -0.17414151     0.05701301    -0.04866350   
  52  -0.16314154    -0.16592316     0.17793611     0.18667372     0.06080472    -0.05138837   
  53  -0.15994664    -0.16303332     0.18677932     0.19595283     0.06952370    -0.06108737   
  54  -0.15618969    -0.15886205     0.16957307     0.17790242     0.05839867    -0.04939766   
  55  -0.16581179     0.16883778    -0.17452248     0.16633595     0.05701368     0.04866288   
  56  -0.16882069     0.17229261    -0.19067796     0.18173323     0.06806080     0.06047888   
  57  -0.16667075     0.16973299    -0.17507302     0.16685833     0.05784052     0.04948160   
  58  -0.15619834     0.15885240     0.17752985    -0.16996416     0.05839962     0.04939718   
  59  -0.15995541     0.16302332     0.19554326    -0.18720895     0.06952478     0.06108673   
  60  -0.16315053     0.16591304     0.18628513    -0.17834391     0.06080570     0.05138785   
           7              8              9              10             11             12       
   1  -0.02366547    -0.00468693    -0.07140231    -0.00934797    -0.05435803     0.00334618   
   2   0.09920973     0.10449677    -0.02804228    -0.00432540    -0.01958006     0.00289364   
   3   0.24971824     0.24184799     0.01146141    -0.00009331     0.01293278     0.00310981   
   4  -0.11734037    -0.11368669    -0.01496863    -0.00991316    -0.00830337     0.00217785   
   5  -0.02366561     0.00468556    -0.07140198     0.00934795    -0.05435773    -0.00335239   
   6   0.09921490    -0.10449199    -0.02804208     0.00432539    -0.01957982    -0.00289579   
   7   0.24973011    -0.24183572     0.01146151     0.00009330     0.01293301    -0.00310815   
   8   0.00370294     0.00547031     0.03335632    -0.00419108     0.02482015     0.00171948   
   9   0.00116547     0.00191566     0.03589331    -0.03156421     0.00985814     0.01252727   
  10  -0.24161292     0.25310434     0.04083692     0.01280823     0.03824702    -0.00154186   
  11  -0.11734590     0.11368087    -0.01496855     0.00991319    -0.00830334    -0.00217884   
  12   0.00226108     0.00157740     0.08072436    -0.08151367     0.05524623     0.07915636   
  13   0.00070825     0.00294958     0.09355071    -0.09862663     0.09737552     0.15637729   
  14  -0.00176642    -0.00008249    -0.03391202     0.03284805    -0.01016617    -0.00739828   
  15  -0.00471479    -0.00319485    -0.17178100     0.17446046    -0.12112758    -0.17397628   
  16  -0.00050213    -0.00142625    -0.04110551     0.04228694    -0.03956131    -0.06370146   
  17   0.00362634    -0.00015457     0.07691482    -0.07682819     0.02981712     0.02700904   
  18   0.00060065     0.00307820     0.08200621    -0.08750890    -0.02744910    -0.01298847   
  19  -0.00090514     0.00558737     0.16061576    -0.19413962    -0.22780148    -0.19664941   
  20  -0.00083364    -0.00049174    -0.00866890     0.00041987    -0.06693560    -0.06759713   
  21  -0.00106550    -0.00664776    -0.18053652     0.19520128     0.07444503     0.04173774   
  22   0.00032858    -0.00277496    -0.07246140     0.08616035     0.09866073     0.08539605   
  23   0.00177769     0.00029189     0.01320127     0.00376842     0.15306375     0.15511724   
  24   0.00226118    -0.00157727     0.08072611     0.08151443     0.05525075    -0.07915293   
  25   0.00362636     0.00015476     0.07691708     0.07682959     0.02982005    -0.02700815   
  26  -0.00050220     0.00142621    -0.04110616    -0.04228705    -0.03956433     0.06369858   
  27  -0.00471498     0.00319459    -0.17178474    -0.17446210    -0.12113748     0.17396873   
  28  -0.00176643     0.00008240    -0.03391287    -0.03284850    -0.01016711     0.00739792   
  29   0.00070840    -0.00294954     0.09355248     0.09862720     0.09738322    -0.15637057   
  30   0.00060079    -0.00307815     0.08200621     0.08750738    -0.02745123     0.01298752   
  31   0.00177770    -0.00029179     0.01320172    -0.00376770     0.15307462    -0.15510658   
  32   0.00032845     0.00277496    -0.07246119    -0.08615855     0.09866788    -0.08539009   
  33  -0.00106581     0.00664766    -0.18053647    -0.19519782     0.07445066    -0.04173466   
  34  -0.00083367     0.00049169    -0.00866918    -0.00042024    -0.06694032     0.06759246   
  35  -0.00090488    -0.00558738     0.16061510     0.19413534    -0.22781795     0.19663565   
  36  -0.05021720     0.00167129    -0.16267927     0.00332684    -0.13406407    -0.00121320   
  37  -0.04816102    -0.00000140    -0.15417063    -0.00000005    -0.12796237    -0.00000735   
  38  -0.05021718    -0.00167422    -0.16267947    -0.00332694    -0.13406424     0.00119781   
  39  -0.04326454    -0.00056701    -0.14400905    -0.00091315    -0.11983977     0.00031812   
  40  -0.04166149    -0.00000122    -0.13961434    -0.00000004    -0.11653873    -0.00000670   
  41  -0.04326454     0.00056449    -0.14400896     0.00091307    -0.11983970    -0.00033189   
  42   0.00370319    -0.00547009     0.03335648     0.00419109     0.02482031    -0.00171666   
  43   0.00116556    -0.00191559     0.03589365     0.03156405     0.00985864    -0.01252628   
  44  -0.24160052    -0.25311611     0.04083710    -0.01280814     0.03824726     0.00154612   
  45   0.43112833     0.41805319     0.01551787    -0.00476425     0.02249449     0.00698766   
  46  -0.40324439    -0.42239875     0.06514734    -0.02620029     0.06494325     0.00450345   
  47   0.43114882    -0.41803197     0.01551810     0.00476426     0.02249495    -0.00698476   
  48  -0.40326514     0.42237916     0.06514711     0.02620045     0.06494292    -0.00449617   
  49   0.00073597     0.00494980     0.15402197    -0.16366075     0.16607452     0.26730237   
  50  -0.00769439    -0.00534199    -0.29192692     0.29782409    -0.21004110    -0.30210653   
  51   0.00589376    -0.00052844     0.12518979    -0.12592719     0.04973733     0.04462205   
  52  -0.00176226     0.00930255     0.27245591    -0.33179606    -0.39975033    -0.34609633   
  53  -0.00178096    -0.01085043    -0.30506227     0.33151498     0.12988237     0.07362490   
  54   0.00299252    -0.00000291     0.01758049     0.01005601     0.25640500     0.25983462   
  55   0.00589379     0.00052874     0.12519360     0.12592962     0.04974229    -0.04462066   
  56  -0.00769471     0.00534157    -0.29193344    -0.29782705    -0.21005839     0.30209360   
  57   0.00073623    -0.00494975     0.15402494     0.16366175     0.16608768    -0.26729093   
  58   0.00299252     0.00000307     0.01758120    -0.01005478     0.25642329    -0.25981683   
  59  -0.00178146     0.01085025    -0.30506207    -0.33150897     0.12989212    -0.07361944   
  60  -0.00176184    -0.00930257     0.27245470     0.33178865    -0.39977917     0.34607208   
           13             14             15             16             17             18       
   1  -0.04061506     0.00156038    -0.12176135    -0.00192293    -0.01881322    -0.38750070   
   2  -0.01397580     0.00188269    -0.03778432    -0.00088507    -0.00553352    -0.24190294   
   3   0.01126972     0.00258778     0.04304329    -0.00004404     0.00744469     0.00076008   
   4  -0.00572877     0.00045923    -0.01860589    -0.00201588    -0.00176793    -0.23703303   
   5  -0.04061430    -0.00158229    -0.12176077     0.00192577    -0.01881300     0.38750026   
   6  -0.01397497    -0.00189009    -0.03778398     0.00088590    -0.00553344     0.24190264   
   7   0.01127079    -0.00258140     0.04304343     0.00004290     0.00744467    -0.00076008   
   8   0.01826829     0.00080251     0.05417527    -0.00099251     0.00805757     0.00863169   
   9   0.00185154     0.00507539    -0.00384513    -0.00712893    -0.00660169     0.00624115   
  10   0.02978466     0.00061136     0.08607556     0.00258166     0.01587444    -0.00619646   
  11  -0.00572860    -0.00046241    -0.01860577     0.00201617    -0.00176777     0.23703278   
  12  -0.00570918     0.02526400    -0.06668367     0.05224247     0.04728721     0.00068338   
  13  -0.24346015    -0.20784613    -0.02081696     0.06359639     0.05869781    -0.00055526   
  14  -0.09983482    -0.11397607     0.05497257    -0.02367688    -0.02095932    -0.00002486   
  15   0.01438128    -0.05395530     0.14760956    -0.11867067    -0.10747904     0.00027422   
  16   0.10566618     0.09230862     0.00363120    -0.02129651    -0.01972989     0.00000909   
  17   0.22826123     0.26561902    -0.13854450     0.06901339     0.06148370    -0.00050789   
  18  -0.00300538     0.00147182    -0.00978042    -0.09062286    -0.09207101     0.00068134   
  19  -0.02276603    -0.04508909     0.01742689     0.02473095     0.02258035    -0.00048239   
  20  -0.00636510    -0.01953048     0.01611969     0.09603559     0.09657893     0.00002359   
  21   0.00814268     0.00026492     0.01958541     0.19611716     0.19952974     0.00027322   
  22   0.00978306     0.01971104    -0.00813760    -0.01934717    -0.01863039    -0.00003587   
  23   0.01435136     0.04506727    -0.03824638    -0.23942075    -0.24116000    -0.00056988   
  24  -0.00569879    -0.02526820    -0.06668178    -0.05224655     0.04728072    -0.00068339   
  25   0.22837092    -0.26552939    -0.13853478    -0.06901800     0.06147458     0.00050789   
  26   0.10570430    -0.09226518     0.00363368     0.02129854    -0.01972750    -0.00000909   
  27   0.01435896     0.05396545     0.14760550     0.11867999    -0.10746433    -0.00027422   
  28  -0.09988193     0.11393669     0.05496836     0.02367828    -0.02095605     0.00002486   
  29  -0.24354603     0.20774564    -0.02082257    -0.06360241     0.05869069     0.00055526   
  30  -0.00300513    -0.00147294    -0.00977927     0.09063339    -0.09206158    -0.00068134   
  31   0.01436989    -0.04506051    -0.03824004     0.23944758    -0.24113435     0.00056988   
  32   0.00979151    -0.01970673    -0.00813577     0.01934892    -0.01862800     0.00003587   
  33   0.00814359    -0.00026175     0.01958327    -0.19614007     0.19950944    -0.00027322   
  34  -0.00637314     0.01952750     0.01611699    -0.09604641     0.09656873    -0.00002359   
  35  -0.02278540     0.04507906     0.01742285    -0.02473291     0.02257716     0.00048239   
  36  -0.10249573    -0.00058322    -0.31320376     0.00069850    -0.05139419     0.25271598   
  37  -0.09803816    -0.00002649    -0.30005676     0.00000373    -0.04947870     0.00000022   
  38  -0.10249605     0.00052783    -0.31320410    -0.00069075    -0.05139429    -0.25271563   
  39  -0.09187163     0.00012886    -0.28133288    -0.00018353    -0.04647616    -0.16058973   
  40  -0.08942290    -0.00002417    -0.27400660     0.00000342    -0.04536219     0.00000064   
  41  -0.09187151    -0.00017852    -0.28133271     0.00019054    -0.04647612     0.16059076   
  42   0.01826868    -0.00079267     0.05417555     0.00099129     0.00805768    -0.00863169   
  43   0.00185358    -0.00507451    -0.00384449     0.00712985    -0.00660111    -0.00624117   
  44   0.02978508    -0.00059550     0.08607591    -0.00258401     0.01587429     0.00619649   
  45   0.02036259     0.00520268     0.07884808    -0.00116523     0.01469325     0.26779029   
  46   0.05138414    -0.00000504     0.15121789    -0.00534487     0.02873951     0.27132686   
  47   0.02036474    -0.00519115     0.07884841     0.00116299     0.01469330    -0.26778997   
  48   0.05138383     0.00003247     0.15121740     0.00534061     0.02873985    -0.27132653   
  49  -0.41965717    -0.35873369    -0.03568913     0.11188049     0.10327235    -0.00088676   
  50   0.02532112    -0.09386693     0.25842871    -0.21081436    -0.19100581     0.00002613   
  51   0.39112358     0.45490379    -0.23771949     0.12123504     0.10813496    -0.00083169   
  52  -0.03983301    -0.07957990     0.03141405     0.04442641     0.04057614    -0.00080683   
  53   0.01418404     0.00083658     0.03371345     0.34414972     0.35025933     0.00002286   
  54   0.02391286     0.07547409    -0.06441380    -0.40858225    -0.41171675    -0.00090103   
  55   0.39131149    -0.45475029    -0.23770292    -0.12124325     0.10811902     0.00083169   
  56   0.02528230     0.09388481     0.25842176     0.21083104    -0.19097980    -0.00002613   
  57  -0.41980534     0.35856039    -0.03569889    -0.11189112     0.10325986     0.00088676   
  58   0.02394390    -0.07546284    -0.06440313     0.40862809    -0.41167302     0.00090103   
  59   0.01418577    -0.00083106     0.03370978    -0.34418983     0.35022360    -0.00002286   
  60  -0.03986718     0.07956234     0.03140685    -0.04442998     0.04057045     0.00080683   
           19             20             21             22             23             24       
   1  -0.32198609    -0.05719411     0.08017914    -0.00041101    -0.00044860    -0.08137005   
   2  -0.25130039    -0.00884221     0.03908834     0.00020441     0.00000378     0.05439137   
   3  -0.04581528     0.04127067    -0.02572222     0.00063716     0.00043401     0.13614033   
   4  -0.24764568    -0.00951226     0.03994063    -0.00023712    -0.00037670     0.05219373   
   5  -0.32198687     0.05719368     0.08017930     0.00033547    -0.00050741     0.08136864   
   6  -0.25130095     0.00884207     0.03908846    -0.00020133     0.00003579    -0.05439103   
   7  -0.04581536    -0.04127045    -0.02572222    -0.00056117     0.00052847    -0.13613867   
   8  -0.08372598    -0.13539939    -0.10664371    -0.00090646     0.00083726    -0.30132614   
   9  -0.03501836    -0.15819738    -0.15018661    -0.00075245     0.00088099    -0.09324281   
  10  -0.04066808    -0.03982833    -0.02476479    -0.00008436    -0.00002782    -0.13225378   
  11  -0.24764627     0.00951211     0.03994075     0.00017507    -0.00040922    -0.05219353   
  12  -0.01719560    -0.20546115    -0.20586094     0.13884949    -0.16252307    -0.00328278   
  13  -0.00319733    -0.08738402    -0.08939195     0.08543417    -0.10000103     0.02533925   
  14  -0.00236671    -0.11390363    -0.11890913     0.15305854    -0.17915564     0.09254617   
  15   0.00032990    -0.05034142    -0.05392773     0.09063751    -0.10609157     0.07215985   
  16  -0.00231455    -0.11355059    -0.11858086     0.15246920    -0.17846523     0.09293103   
  17  -0.00310070    -0.08696906    -0.08901794     0.08475654    -0.09920708     0.02584701   
  18  -0.01707683    -0.20351921    -0.20382284    -0.14163795     0.16601518    -0.00212651   
  19  -0.00328463    -0.08859213    -0.09060153    -0.08837130     0.10358143     0.02708749   
  20  -0.00241548    -0.11362388    -0.11852982    -0.15548664     0.18224804     0.09376267   
  21   0.00033579    -0.04904609    -0.05251385    -0.09055161     0.10613662     0.07169533   
  22  -0.00223210    -0.10998495    -0.11476820    -0.15171461     0.17782621     0.09137636   
  23  -0.00299733    -0.08408185    -0.08597804    -0.08441186     0.09893976     0.02494992   
  24  -0.01719560     0.20546209    -0.20586034    -0.16261812    -0.13873744     0.00328294   
  25  -0.00310071     0.08696951    -0.08901774    -0.09926543    -0.08468792    -0.02584736   
  26  -0.00231455     0.11355125    -0.11858066    -0.17856958    -0.15234667    -0.09293239   
  27   0.00032990     0.05034175    -0.05392768    -0.10615334    -0.09056503    -0.07216092   
  28  -0.00236672     0.11390426    -0.11890890    -0.17925985    -0.15293608    -0.09254750   
  29  -0.00319733     0.08738444    -0.08939172    -0.10005914    -0.08536574    -0.02533958   
  30  -0.01707681     0.20351964    -0.20382171     0.16592044     0.14174962     0.00212649   
  31  -0.00299732     0.08408204    -0.08597758     0.09888342     0.08447821    -0.02495031   
  32  -0.00223209     0.10998516    -0.11476754     0.17772448     0.15183416    -0.09137768   
  33   0.00033578     0.04904615    -0.05251351     0.10607570     0.09062308    -0.07169634   
  34  -0.00241548     0.11362405    -0.11852909     0.18214323     0.15560970    -0.09376400   
  35  -0.00328462     0.08859228    -0.09060100     0.10352173     0.08844149    -0.02708789   
  36   0.01167850     0.06846687     0.02180794     0.00058126    -0.00027490     0.29468827   
  37   0.01227179    -0.00000009     0.03185566    -0.00002919    -0.00036948    -0.00000219   
  38   0.01167851    -0.06846701     0.02180795    -0.00061724    -0.00018048    -0.29469065   
  39   0.21655576    -0.05106933    -0.05687703    -0.00045177     0.00044845    -0.27135027   
  40   0.29877810     0.00000031    -0.09107149     0.00005503     0.00069651     0.00000268   
  41   0.21655574     0.05106972    -0.05687704     0.00051661     0.00037216     0.27135313   
  42  -0.08372588     0.13540016    -0.10664363     0.00102674     0.00068497     0.30133005   
  43  -0.03501837     0.15819799    -0.15018605     0.00088151     0.00075227     0.09324427   
  44  -0.04066798     0.03982853    -0.02476479     0.00007901    -0.00004063     0.13225535   
  45   0.28664402    -0.09104462     0.04928066    -0.00076676    -0.00041285    -0.22581454   
  46   0.28997181    -0.09181275     0.04928001    -0.00061891    -0.00028097    -0.22659872   
  47   0.28664460     0.09104417     0.04928064     0.00069245    -0.00052782     0.22581184   
  48   0.28997239     0.09181228     0.04927998     0.00056711    -0.00037439     0.22659606   
  49   0.01731030     0.22845094     0.23123786    -0.19592294     0.22932786    -0.05474349   
  50   0.00350791     0.15926293     0.16593674    -0.20794809     0.24340369    -0.12216908   
  51   0.01732402     0.22869267     0.23148592    -0.19602475     0.22944686    -0.05498027   
  52   0.01705129     0.22509195     0.22772763     0.19815874    -0.23226403    -0.05578536   
  53   0.00350045     0.15691655     0.16336131     0.20944020    -0.24548732    -0.12208186   
  54   0.01731709     0.22623917     0.22882179     0.19839501    -0.23254082    -0.05507654   
  55   0.01732402    -0.22869380     0.23148533     0.22958098     0.19586693     0.05498100   
  56   0.00350792    -0.15926382     0.16593642     0.24354562     0.20778133     0.12217085   
  57   0.01731031    -0.22845206     0.23123726     0.22946176     0.19576536     0.05474421   
  58   0.01731707    -0.22623963     0.22882051    -0.23240787    -0.19855148     0.05507736   
  59   0.00350045    -0.15691684     0.16336036    -0.24534658    -0.20960559     0.12208362   
  60   0.01705127    -0.22509239     0.22772633    -0.23213109    -0.19831515     0.05578618   
           25             26             27             28             29             30       
   1  -0.08820352     0.18185149    -0.13142688    -0.01373921    -0.00437788     0.19741450   
   2   0.02798355     0.13564401    -0.12979366     0.36044736    -0.36905677     0.08280453   
   3   0.11095617    -0.05096553     0.01022730     0.24685265    -0.23547705    -0.13141179   
   4   0.01783403     0.12576882    -0.13255366    -0.37529185     0.36722571     0.10890358   
   5  -0.08820461     0.18185206     0.13142626     0.01374091    -0.00437598     0.19741668   
   6   0.02798426     0.13564416     0.12979295    -0.36039583    -0.36910666     0.08280806   
   7   0.11095799    -0.05096592    -0.01022731    -0.24682082    -0.23551124    -0.13141152   
   8   0.25073516    -0.21533062    -0.12170273    -0.01584270     0.01238923    -0.30438498   
   9   0.08483459    -0.16345529    -0.16051271     0.00290662    -0.00217244     0.04896187   
  10   0.10434173    -0.05525531    -0.00869628     0.23343802     0.24514708    -0.11234313   
  11   0.01783477     0.12576909     0.13255307     0.37524161     0.36727765     0.10890245   
  12   0.01373811    -0.14447520    -0.18204959     0.01594281    -0.00516548     0.21941381   
  13  -0.01722610    -0.01941913    -0.03371606     0.00522138    -0.00050021     0.05874882   
  14  -0.07673160     0.12908485     0.13781616    -0.00747563     0.00425138    -0.12286393   
  15  -0.06219822     0.13338715     0.14967955    -0.01033450     0.00350131    -0.14314779   
  16  -0.07707047     0.12926430     0.13746797    -0.00879068     0.00121919    -0.10103267   
  17  -0.01766202    -0.01917097    -0.03392901     0.00431029    -0.00258173     0.07352848   
  18   0.01275816    -0.14192843    -0.17902234     0.00732695    -0.01335507     0.21419255   
  19  -0.01860934    -0.01812972    -0.03292829     0.00333052    -0.00367219     0.07526447   
  20  -0.07765143     0.12914019     0.13702888    -0.00218986     0.00735687    -0.09460542   
  21  -0.06175283     0.13196963     0.14801056    -0.00492458     0.00868090    -0.14028991   
  22  -0.07572605     0.12732604     0.13605824    -0.00556738     0.00632014    -0.12544131   
  23  -0.01695605    -0.01892274    -0.03284555     0.00097978    -0.00434678     0.05355716   
  24   0.01373800    -0.14447473     0.18205018    -0.01594085    -0.00516776     0.21941264   
  25  -0.01766175    -0.01917094     0.03392914    -0.00430953    -0.00258236     0.07352806   
  26  -0.07706938     0.12926380    -0.13746835     0.00878993     0.00122044    -0.10103219   
  27  -0.06219736     0.13338664    -0.14967997     0.01033320     0.00350279    -0.14314702   
  28  -0.07673050     0.12908432    -0.13781649     0.00747434     0.00425245    -0.12286313   
  29  -0.01722582    -0.01941911     0.03371622    -0.00522098    -0.00050096     0.05874860   
  30   0.01275794    -0.14192763     0.17902249    -0.00732381    -0.01335616     0.21419062   
  31  -0.01695583    -0.01892262     0.03284557    -0.00097885    -0.00434694     0.05355681   
  32  -0.07572495     0.12732538    -0.13605839     0.00556576     0.00632095    -0.12544000   
  33  -0.06175192     0.13196892    -0.14801071     0.00492253     0.00868164    -0.14028865   
  34  -0.07765028     0.12913951    -0.13702903     0.00218825     0.00735722    -0.09460478   
  35  -0.01860907    -0.01812960     0.03292830    -0.00332957    -0.00367267     0.07526366   
  36  -0.21065686    -0.16796785    -0.25293083    -0.00773047    -0.00265907    -0.07242118   
  37  -0.39939315    -0.38209123     0.00000081    -0.00000044    -0.00142295    -0.20349946   
  38  -0.21065237    -0.16796757     0.25293151     0.00773045    -0.00265797    -0.07241970   
  39   0.23308081     0.11435630     0.30075522     0.01385029     0.00228864     0.02779264   
  40   0.44791949     0.26577284    -0.00000053    -0.00000022     0.00639955     0.09002671   
  41   0.23307656     0.11435599    -0.30075566    -0.01385047     0.00228670     0.02779057   
  42   0.25073122    -0.21532972     0.12170330     0.01583922     0.01239148    -0.30438169   
  43   0.08483346    -0.16345467     0.16051313    -0.00290601    -0.00217286     0.04896151   
  44   0.10433994    -0.05525501     0.00869634    -0.23347259     0.24511478    -0.11234037   
  45  -0.17583905     0.05145298     0.00029714    -0.24135476     0.22994104     0.13011430   
  46  -0.17077638     0.05798863     0.00217966     0.23250229    -0.24431732     0.11368771   
  47  -0.17584199     0.05145344    -0.00029706     0.24132369     0.22997446     0.13011404   
  48  -0.17077933     0.05798900    -0.00217967    -0.23246779    -0.24434947     0.11369043   
  49   0.03789219     0.01274376     0.02971758    -0.00498608     0.00054255    -0.05668555   
  50   0.10080796    -0.16464612    -0.17468341     0.01023642    -0.00347580     0.14123697   
  51   0.03809145     0.01260346     0.02988343    -0.00420281     0.00240366    -0.07042130   
  52   0.03876114     0.01120103     0.02832989    -0.00310025     0.00353200    -0.07121999   
  53   0.10063257    -0.16351983    -0.17334561     0.00491114    -0.00860930     0.13879944   
  54   0.03810179     0.01233062     0.02909200    -0.00103412     0.00415459    -0.05210094   
  55   0.03809086     0.01260346    -0.02988355     0.00420208     0.00240426    -0.07042088   
  56   0.10080652    -0.16464545     0.17468387    -0.01023513    -0.00347726     0.14123617   
  57   0.03789159     0.01274378    -0.02971774     0.00498568     0.00054326    -0.05668533   
  58   0.03810126     0.01233053    -0.02909201     0.00103322     0.00415476    -0.05210060   
  59   0.10063111    -0.16351898     0.17334582    -0.00490910    -0.00861003     0.13879822   
  60   0.03876059     0.01120095    -0.02832990     0.00309935     0.00353245    -0.07121922   
           31             32             33             34             35             36       
   1   0.07534921    -0.00655210    -0.06986728     0.00840702     0.18262419    -0.00089764   
   2   0.05288470    -0.00420064    -0.05074693     0.00283019     0.12695029     0.00519871   
   3  -0.03637128     0.00346768     0.03267662    -0.00606556    -0.08917593     0.00382993   
   4   0.03770413    -0.00192140    -0.03307561     0.00503938     0.09111758    -0.00606043   
   5  -0.07535037    -0.00652037     0.06986604     0.00842113    -0.18262265    -0.00065620   
   6  -0.05288565    -0.00417823     0.05074661     0.00284030    -0.12694962     0.00423844   
   7   0.03637176     0.00345246    -0.03267566    -0.00607225     0.08917491     0.00305495   
   8   0.11243000     0.00999539    -0.10423937    -0.01292128     0.27256698     0.00097458   
   9  -0.00930736    -0.00147453     0.00833142     0.00238855    -0.02311425    -0.00037249   
  10   0.04602644     0.00479749    -0.04384396    -0.00461655     0.11184930    -0.00220406   
  11  -0.03770413    -0.00190569     0.03307465     0.00504617    -0.09111651    -0.00483576   
  12  -0.06495199    -0.01103618     0.06464981     0.00990898    -0.16803462     0.27337700   
  13   0.19068412    -0.24484763     0.12942685    -0.01070333    -0.09808457     0.08913907   
  14   0.35397882    -0.36320807     0.13517896    -0.02601817     0.01278500    -0.13073567   
  15   0.04143382     0.00721833    -0.04136525    -0.00641138     0.10739720    -0.17104392   
  16  -0.29049690     0.37430573    -0.19855380     0.01620948     0.15138378    -0.12198179   
  17  -0.23141271     0.23794186    -0.08881819     0.01688302    -0.00774362     0.09435606   
  18  -0.07049589    -0.00277148     0.06022788     0.00901337    -0.16140246    -0.27752262   
  19  -0.10248217     0.01274659     0.21977660    -0.23922686     0.05910915    -0.09226945   
  20  -0.08651830     0.02195765     0.27399216    -0.37070446     0.24627909     0.13063500   
  21   0.04615192     0.00169723    -0.04108589    -0.00286789     0.10205397     0.17406001   
  22   0.15749996    -0.01935866    -0.33718620     0.36641382    -0.08989825     0.12722773   
  23   0.05801453    -0.01437295    -0.18120235     0.24381188    -0.16004977    -0.09367946   
  24   0.06494976    -0.01106406    -0.06465129     0.00989597     0.16803696     0.33994105   
  25   0.23148988     0.23787534     0.08879429     0.01688987     0.00774637     0.11733289   
  26   0.29061696     0.37423117     0.19851869     0.01623260    -0.15138186    -0.15167953   
  27  -0.04143237     0.00723610     0.04136617    -0.00640306    -0.10739868    -0.21269119   
  28  -0.35409665    -0.36310632    -0.13514247    -0.02602855    -0.01278914    -0.16257159   
  29  -0.19076267    -0.24479862    -0.12940388    -0.01071836     0.09808334     0.11084150   
  30   0.07049600    -0.00280056    -0.06022946     0.00900109     0.16140406    -0.34521699   
  31  -0.05801393    -0.01433921     0.18117116     0.24383424     0.16005444    -0.11653191   
  32  -0.15749910    -0.01927858     0.33713970     0.36646006     0.08990385     0.15825839   
  33  -0.04615194     0.00171640     0.04108650    -0.00285973    -0.10205497     0.21651724   
  34   0.08651740     0.02190705    -0.27394474    -0.37073819    -0.24628623     0.16250316   
  35   0.10248164     0.01269446    -0.21974627    -0.23925703    -0.05911284    -0.11477403   
  36   0.05985004     0.00220264    -0.05531652    -0.00288071     0.14339365     0.00021361   
  37   0.00000048     0.00644642     0.00000070    -0.00831348    -0.00000098     0.00078600   
  38  -0.05984971     0.00222783     0.05531701    -0.00286958    -0.14339433     0.00037117   
  39  -0.08682335    -0.00077454     0.08034326     0.00103942    -0.20888988     0.00001563   
  40  -0.00000019    -0.00268712    -0.00000030     0.00350426     0.00000042    -0.00038470   
  41   0.08682324    -0.00081109    -0.08034344     0.00102324     0.20889013    -0.00023243   
  42  -0.11242821     0.01004273     0.10424126    -0.01290022    -0.27256932     0.00133127   
  43   0.00930708    -0.00147841    -0.00833173     0.00238682     0.02311449    -0.00046426   
  44  -0.04602538     0.00481696     0.04384451    -0.00460776    -0.11185006    -0.00269273   
  45   0.03465588    -0.00332975    -0.03099123     0.00597352     0.08477460    -0.00420774   
  46   0.04456541    -0.00485724    -0.04258414     0.00451440     0.10822839     0.00317934   
  47  -0.03465634    -0.00331526     0.03099028     0.00597987    -0.08477362    -0.00336140   
  48  -0.04456650    -0.00483837     0.04258361     0.00452293    -0.10822765     0.00259211   
  49  -0.18470915     0.23693090    -0.12512747     0.01045758     0.09435991    -0.08286401   
  50  -0.04006877    -0.00698681     0.03997138     0.00620630    -0.10360629     0.15988685   
  51   0.22406554    -0.23091974     0.08666113    -0.01638240     0.00637520    -0.08850916   
  52   0.09761864    -0.01216077    -0.21001834     0.22903623    -0.05759237     0.08545630   
  53  -0.04475983    -0.00165706     0.03984832     0.00274356    -0.09869287    -0.16311354   
  54  -0.05683866     0.01397470     0.17721006    -0.23811829     0.15575861     0.08792165   
  55  -0.22414042    -0.23085540    -0.08663794    -0.01638914    -0.00637784    -0.11006232   
  56   0.04006735    -0.00700398    -0.03997226     0.00619826     0.10360769     0.19881741   
  57   0.18478519     0.23688342     0.12510525     0.01047210    -0.09435871    -0.10303832   
  58   0.05683804     0.01394166    -0.17717956    -0.23814013    -0.15576314     0.10936986   
  59   0.04475986    -0.00167565    -0.03984891     0.00273566     0.09869385    -0.20290076   
  60  -0.09761812    -0.01211106     0.20998930     0.22906504     0.05759591     0.10629905   
           37             38             39       
   1   0.00102623     0.00075373     0.11539380   
   2  -0.00390821     0.00017024    -0.00642813   
   3  -0.00319298    -0.00030407    -0.14660408   
   4   0.00504517     0.00025031    -0.00774156   
   5  -0.00119489     0.11539353     0.00075373   
   6   0.00493330    -0.00642811     0.00017024   
   7   0.00394072    -0.14660373    -0.00030407   
   8   0.00176581    -0.03145984    -0.00021449   
   9  -0.00046761     0.88749334     0.00009627   
  10  -0.00251590    -0.14636255    -0.00007478   
  11  -0.00622863    -0.00774154     0.00025031   
  12   0.33972098    -0.05982197     0.00000424   
  13   0.11076305    -0.14486873    -0.00003214   
  14  -0.16247839     0.01463573     0.00000089   
  15  -0.21255400     0.10843155     0.00003110   
  16  -0.15156946     0.01471167     0.00000017   
  17   0.11726480    -0.14480631    -0.00003494   
  18  -0.34543136    -0.05942191     0.00000398   
  19  -0.11483724    -0.14379072    -0.00003268   
  20   0.16261611     0.01532869     0.00000069   
  21   0.21665106     0.10746966     0.00003141   
  22   0.15834414     0.01394305     0.00000070   
  23  -0.11661125    -0.14341404    -0.00003440   
  24  -0.27310237     0.00000424    -0.05982193   
  25  -0.09427121    -0.00003494    -0.14480629   
  26   0.12184427     0.00000017     0.01471166   
  27   0.17087267     0.00003110     0.10843152   
  28   0.13061938     0.00000089     0.01463573   
  29  -0.08904113    -0.00003212    -0.14486869   
  30   0.27779013     0.00000397    -0.05942182   
  31   0.09377826    -0.00003440    -0.14341381   
  32  -0.12733514     0.00000071     0.01394304   
  33  -0.17422704     0.00003141     0.10746947   
  34  -0.13077570     0.00000069     0.01532866   
  35   0.09234848    -0.00003268    -0.14379047   
  36   0.00075641     0.00388561    -0.00087990   
  37   0.00008532    -0.02900172    -0.02900185   
  38  -0.00069293    -0.00087990     0.00388562   
  39  -0.00115275     0.02411710    -0.02872207   
  40  -0.00004176    -0.00094044    -0.00094044   
  41   0.00112921    -0.02872193     0.02411722   
  42  -0.00151553    -0.00021450    -0.03145994   
  43   0.00037679     0.00009628     0.88749330   
  44   0.00198395    -0.00007478    -0.14636291   
  45   0.00348435     0.00014283     0.07393585   
  46  -0.00239012     0.00001549     0.07448405   
  47  -0.00430642     0.07393566     0.00014283   
  48   0.00301707     0.07448387     0.00001549   
  49  -0.10296409     0.07363446     0.00001377   
  50   0.19868896    -0.05397347    -0.00001497   
  51  -0.10999892     0.07366508     0.00001772   
  52   0.10635715     0.07269083     0.00001366   
  53  -0.20302630    -0.05354038    -0.00001526   
  54   0.10944559     0.07325622     0.00001595   
  55   0.08843013     0.00001772     0.07366506   
  56  -0.15972646    -0.00001497    -0.05397345   
  57   0.08277135     0.00001376     0.07363443   
  58  -0.08801594     0.00001595     0.07325610   
  59   0.16327031    -0.00001526    -0.05354029   
  60  -0.08552898     0.00001366     0.07269071   

 -----------------------------------------------------------------------------------------------
  Virtual Orbital Coefficients
 -----------------------------------------------------------------------------------------------
           40             41             42             43             44             45       
   1   0.24243800    -0.26595749     0.00126406     0.00028508     0.03511597     0.00656642   
   2  -0.19799001     0.17894137    -0.00278146    -0.00180517    -0.33043879     0.31738380   
   3  -0.08218816     0.10933556     0.00175144     0.00161895     0.34015655    -0.36688230   
   4  -0.19310080     0.18887667     0.00243387     0.00229681     0.30269667    -0.32158642   
   5  -0.24243707    -0.26595869     0.00126414    -0.00028438     0.03511511    -0.00657209   
   6   0.19798918     0.17894218    -0.00278232     0.00180393    -0.33048833    -0.31733222   
   7   0.08218789     0.10933603     0.00175227    -0.00161828     0.34021366     0.36682940   
   8  -0.24095578    -0.25108546     0.00129722    -0.00039213     0.03018399    -0.00937748   
   9   0.05326591     0.04696908     0.00094778    -0.00095495     0.00156773    -0.00052110   
  10   0.09100932     0.09713603    -0.00381278     0.00265309    -0.37628330    -0.35564665   
  11   0.19309992     0.18887735     0.00243488    -0.00229574     0.30274677     0.32153934   
  12   0.04696126     0.05887934    -0.26685615     0.26629062    -0.01582592     0.00780694   
  13  -0.03511623    -0.04102051     0.14946537    -0.14914913    -0.00038711    -0.01344051   
  14  -0.01638596    -0.02211384     0.12770489    -0.12743194     0.01605105     0.00446635   
  15   0.04837566     0.06105735    -0.29317513     0.29255131    -0.01804464     0.00838557   
  16  -0.01669309    -0.02248425     0.12238612    -0.12212880    -0.00054121    -0.01187398   
  17  -0.03499919    -0.04082473     0.15522850    -0.15489396     0.01843188     0.00506082   
  18   0.04623364     0.05782690     0.26449576    -0.26485390    -0.02126201     0.00387763   
  19  -0.03468538    -0.04052559    -0.15830047     0.15850743     0.00466568    -0.01160772   
  20  -0.01616458    -0.02162543    -0.11688954     0.11705648     0.01645030     0.00626192   
  21   0.04762640     0.05997399     0.29038571    -0.29078086    -0.02346618     0.00461598   
  22  -0.01635450    -0.02210893    -0.13049027     0.13065932     0.00401174    -0.01011693   
  23  -0.03444762    -0.04000810    -0.14425689     0.14446214     0.01880850     0.00692582   
  24  -0.04696160     0.05887928    -0.26674043    -0.26640668    -0.01582706    -0.00780434   
  25   0.03499944    -0.04082470     0.15516135     0.15496163     0.01843117    -0.00506386   
  26   0.01669321    -0.02248423     0.12233291     0.12218188    -0.00053950     0.01187408   
  27  -0.04837601     0.06105729    -0.29304802    -0.29267883    -0.01804586    -0.00838260   
  28   0.01638608    -0.02211383     0.12764969     0.12748765     0.01605042    -0.00446900   
  29   0.03511648    -0.04102046     0.14940036     0.14921394    -0.00038518     0.01344059   
  30  -0.04623386     0.05782668     0.26438056     0.26496872    -0.02126265    -0.00387425   
  31   0.03444780    -0.04000797    -0.14419404    -0.14452475     0.01880744    -0.00692880   
  32   0.01635458    -0.02210884    -0.13043346    -0.13071598     0.00401334     0.01011628   
  33  -0.04762663     0.05997377     0.29025922     0.29090690    -0.02346694    -0.00461224   
  34   0.01616466    -0.02162535    -0.11683856    -0.11710716     0.01644934    -0.00626452   
  35   0.03468555    -0.04052545    -0.15823160    -0.15857622     0.00466751     0.01160696   
  36  -0.32533633    -0.21808843    -0.00187014     0.00148573    -0.01968102     0.00484245   
  37  -0.00000104     0.49629073     0.00349293     0.00000098     0.03161010    -0.00000254   
  38   0.32533718    -0.21808722    -0.00186969    -0.00148678    -0.01968161    -0.00483929   
  39  -0.40511762    -0.14115360    -0.00227863     0.00143329    -0.03128835     0.00216689   
  40  -0.00000060     0.33548019     0.00426169     0.00000119     0.05553372    -0.00000447   
  41   0.40511808    -0.14115224    -0.00227819    -0.00143456    -0.03128854    -0.00216185   
  42   0.24095672    -0.25108431     0.00129711     0.00039285     0.03018531     0.00937258   
  43  -0.05326628     0.04696902     0.00094749     0.00095549     0.00156780     0.00052084   
  44  -0.09100956     0.09713542    -0.00381164    -0.00265490    -0.37622774     0.35570538   
  45   0.03463234    -0.04373348    -0.00061395    -0.00056666    -0.12185250     0.13135846   
  46   0.03839923    -0.03941873     0.00132558     0.00090515     0.13566527    -0.12830838   
  47  -0.03463222    -0.04373367    -0.00061424     0.00056643    -0.12187295    -0.13133950   
  48  -0.03839911    -0.03941896     0.00132597    -0.00090452     0.13568531     0.12828720   
  49   0.01266272     0.01475507    -0.05404531     0.05393067     0.00003728     0.00477879   
  50  -0.01823018    -0.02276150     0.10624925    -0.10602292     0.00654677    -0.00300430   
  51   0.01269540     0.01475950    -0.05615843     0.05603706    -0.00667132    -0.00180455   
  52   0.01251983     0.01457354     0.05693827    -0.05701307    -0.00171325     0.00416505   
  53  -0.01795469    -0.02236857    -0.10528602     0.10542937     0.00845708    -0.00169573   
  54   0.01245296     0.01443330     0.05231441    -0.05238890    -0.00675797    -0.00242008   
  55  -0.01269550     0.01475949    -0.05613414    -0.05606155    -0.00667107     0.00180565   
  56   0.01823030    -0.02276147     0.10620318     0.10606913     0.00654721     0.00300322   
  57  -0.01266280     0.01475505    -0.05402180    -0.05395411     0.00003659    -0.00477880   
  58  -0.01245302     0.01443325     0.05229161     0.05241160    -0.00675760     0.00242114   
  59   0.01795478    -0.02236849    -0.10524016    -0.10547507     0.00845736     0.00169438   
  60  -0.01251989     0.01457349     0.05691349     0.05703781    -0.00171391    -0.00416477   
           46             47             48             49             50             51       
   1   0.00094046    -0.00054487    -0.00397866     0.00019969    -0.19794286    -0.11932987   
   2   0.00786725    -0.00154818     0.00896296    -0.01024717     0.02036073     0.01506782   
   3  -0.00995938     0.00229868    -0.00624587     0.01142088     0.17035660     0.09838398   
   4  -0.00831973     0.00190859    -0.00644970     0.01044276     0.10766442    -0.00305284   
   5   0.00031711    -0.00103963    -0.00397895    -0.00019371    -0.19794354     0.11933047   
   6  -0.00027792    -0.00801267     0.00897840     0.01023400     0.02036128    -0.01506816   
   7   0.00002195     0.01022050    -0.00626309    -0.01141185     0.17035666    -0.09838418   
   8   0.00022740    -0.00167422    -0.00400250    -0.00037215    -0.19204293     0.13489318   
   9  -0.00004974    -0.00073501    -0.00092437    -0.00062526    -0.02636104     0.08112547   
  10  -0.00034012    -0.00850001     0.01127937     0.01197852     0.07431387    -0.11864755   
  11   0.00002967     0.00853518    -0.00646542    -0.01043337     0.10766448     0.00305232   
  12  -0.00015222     0.00111692     0.00870570     0.00631417     0.14445393    -0.21412518   
  13   0.05596619     0.48408532    -0.11496999    -0.11286687    -0.08018304     0.11060348   
  14  -0.04919635    -0.42789774     0.09311198     0.09359445    -0.07073094     0.11377407   
  15  -0.00016636     0.00128064     0.00938829     0.00670271     0.16366703    -0.25060377   
  16   0.04934736     0.42682452    -0.10147366    -0.09960994    -0.07371503     0.11550050   
  17  -0.05577143    -0.48507776     0.10569921     0.10623917    -0.07695640     0.10876592   
  18   0.00008499     0.00312259    -0.00143071    -0.00388740     0.14861824    -0.21646185   
  19  -0.01742194    -0.15616409    -0.34391472    -0.34222399    -0.07410746     0.10941492   
  20   0.01540276     0.13573865     0.30621239     0.30712291    -0.08010039     0.11679568   
  21  -0.00008697     0.00190039    -0.00401170    -0.00677292     0.16839428    -0.25311644   
  22  -0.01533275    -0.13744125    -0.30236392    -0.30086794    -0.06831257     0.11449708   
  23   0.01741172     0.15343386     0.34591736     0.34695212    -0.08794455     0.11280599   
  24  -0.00105274     0.00040176     0.00869637    -0.00632726     0.14445381     0.21412586   
  25   0.48508122    -0.05579044     0.10552759    -0.10638351    -0.07695615    -0.10876619   
  26  -0.42689012     0.04882413    -0.10131356     0.09974965    -0.07371512    -0.11550094   
  27  -0.00120893     0.00045270     0.00937840    -0.00671684     0.16366689     0.25060458   
  28   0.42790061    -0.04921480     0.09296077    -0.09372159    -0.07073073    -0.11377439   
  29  -0.48415944     0.05537550    -0.11478858     0.11302516    -0.08018313    -0.11060388   
  30  -0.00306076     0.00062610    -0.00142491     0.00388950     0.14861863     0.21646276   
  31  -0.15336258     0.01786798     0.34540422    -0.34747127    -0.08794485    -0.11280650   
  32   0.13731816    -0.01626293    -0.30191900     0.30132178    -0.06831269    -0.11449752   
  33  -0.00183161     0.00051617    -0.00400161     0.00677887     0.16839470     0.25311748   
  34  -0.13567539     0.01580819     0.30575816    -0.30758247    -0.08010064    -0.11679616   
  35   0.15602432    -0.01847785    -0.34340863     0.34274019    -0.07410761    -0.10941538   
  36  -0.00014200     0.00143744     0.00351535     0.00090533     0.16536198    -0.22699217   
  37   0.00143786    -0.00181159    -0.00631647     0.00000476    -0.29739493     0.00000015   
  38  -0.00136764     0.00046461     0.00351401    -0.00091063     0.16536135     0.22699198   
  39  -0.00044077     0.00167132     0.00489759     0.00090465     0.23636822    -0.19662910   
  40   0.00178913    -0.00225419    -0.00883752     0.00000665    -0.42250560     0.00000026   
  41  -0.00152758     0.00080868     0.00489625    -0.00091202     0.23636765     0.19662881   
  42   0.00157884    -0.00060153    -0.00400196     0.00037818    -0.19204232    -0.13489274   
  43   0.00072712    -0.00011840    -0.00092346     0.00062666    -0.02636109    -0.08112584   
  44   0.00835608    -0.00159822     0.01126132    -0.01199511     0.07431327     0.11864755   
  45   0.00351206    -0.00081496     0.00231002    -0.00415039    -0.05989324    -0.03242818   
  46  -0.00310753     0.00058774    -0.00404602     0.00431894    -0.02586582    -0.03981474   
  47  -0.00000349    -0.00360512     0.00231628     0.00414704    -0.05989326     0.03242826   
  48   0.00013293     0.00315956    -0.00405253    -0.00431298    -0.02586603     0.03981476   
  49  -0.02004262    -0.17335519     0.04118810     0.04042813     0.02918726    -0.04060279   
  50   0.00005981    -0.00046318    -0.00335954    -0.00239060    -0.05893465     0.08958039   
  51   0.01998945     0.17386691    -0.03792308    -0.03812436     0.02809766    -0.04001288   
  52   0.00620347     0.05561569     0.12265246     0.12204151     0.02693666    -0.04001611   
  53   0.00003346    -0.00066896     0.00140194     0.00239911    -0.06066790     0.09051774   
  54  -0.00625753    -0.05513421    -0.12429521    -0.12467463     0.03208072    -0.04151110   
  55  -0.17386798     0.01999776    -0.03786150     0.03817615     0.02809757     0.04001298   
  56   0.00043732    -0.00016338    -0.00335601     0.00239566    -0.05893460    -0.08958068   
  57   0.17338188    -0.01982983     0.04112312    -0.04048483     0.02918729     0.04060293   
  58   0.05510879    -0.00641974    -0.12411081     0.12486116     0.03208082     0.04151128   
  59   0.00064410    -0.00018447     0.00139837    -0.00240119    -0.06066806    -0.09051811   
  60  -0.05556565     0.00658172     0.12247198    -0.12222561     0.02693672     0.04001628   
           52             53             54             55             56             57       
   1   0.22418631     0.29803750    -0.09011914    -0.09121272    -0.00069313     0.23828296   
   2  -0.11553770    -0.10863026     0.17033483     0.08293185     0.00001312    -0.21710205   
   3  -0.07452768    -0.14788889    -0.23318627    -0.08012417     0.00055053     0.21032891   
   4  -0.12370892    -0.10490465     0.17236953     0.08359341     0.00008325    -0.21863585   
   5   0.22418723    -0.29803596    -0.09011929     0.09121280    -0.00069583    -0.23828377   
   6  -0.11553814     0.10862953     0.17033478    -0.08293210     0.00001557     0.21710272   
   7  -0.07452803     0.14788835    -0.23318605     0.08012457     0.00054815    -0.21032949   
   8   0.17572698    -0.27041078     0.24575513    -0.07363905    -0.00095675     0.19404814   
   9  -0.15297132     0.13474355    -0.04557813    -0.00112310     0.00147836     0.00010737   
  10  -0.06691299     0.15263285    -0.23554106     0.08074421     0.00059730    -0.21208405   
  11  -0.12370936     0.10490393     0.17236948    -0.08359364     0.00008573     0.21863653   
  12   0.19219517    -0.11682518    -0.02051929     0.21564256    -0.19101924    -0.03172869   
  13  -0.08517019     0.04401687     0.03373401    -0.22942524     0.20310925     0.03378589   
  14  -0.12017472     0.08464126    -0.04640091     0.22777718    -0.20157342    -0.03344885   
  15   0.24495684    -0.16287481     0.05598795    -0.23965005     0.21207511     0.03503350   
  16  -0.12081444     0.08485980    -0.04632953     0.22780634    -0.20163246    -0.03335970   
  17  -0.08437209     0.04364027     0.03372444    -0.22930109     0.20299690     0.03377437   
  18   0.19245176    -0.11669115    -0.01991171    -0.13644523     0.18642657    -0.16761881   
  19  -0.08493158     0.04406494     0.03277761     0.14483884    -0.19789366     0.17762081   
  20  -0.12014017     0.08403806    -0.04529529    -0.14448620     0.19728583    -0.17651896   
  21   0.24498134    -0.16242983     0.05505235     0.15280218    -0.20859643     0.18637745   
  22  -0.12057277     0.08478595    -0.04573526    -0.14538316     0.19855934    -0.17775099   
  23  -0.08532627     0.04384949     0.03316648     0.14607384    -0.19957405     0.17911265   
  24   0.19219392     0.11682576    -0.02051940    -0.21567299    -0.19098691     0.03171918   
  25  -0.08437151    -0.04364046     0.03372460     0.22933339     0.20296249    -0.03376428   
  26  -0.12081368    -0.08486023    -0.04632974    -0.22783838    -0.20159824     0.03334970   
  27   0.24495527     0.16287561     0.05598819     0.23968372     0.21203908    -0.03502298   
  28  -0.12017394    -0.08464168    -0.04640112    -0.22780921    -0.20153921     0.03343885   
  29  -0.08516964    -0.04401707     0.03373417     0.22945756     0.20307482    -0.03377580   
  30   0.19245049     0.11669166    -0.01991172     0.13647435     0.18639662     0.16762792   
  31  -0.08532574    -0.04384971     0.03316652    -0.14610506    -0.19954203    -0.17912242   
  32  -0.12057193    -0.08478629    -0.04573533     0.14541426     0.19852754     0.17776073   
  33   0.24497968     0.16243051     0.05505244    -0.15283489    -0.20856305    -0.18638770   
  34  -0.12013936    -0.08403841    -0.04529536     0.14451711     0.19725424     0.17652864   
  35  -0.08493102    -0.04406514     0.03277765    -0.14486979    -0.19786192    -0.17763050   
  36  -0.04989885     0.28324944    -0.25403228    -0.03590068     0.00182983     0.09373954   
  37   0.07273758     0.00000012     0.26131278    -0.00000015    -0.00171853    -0.00000035   
  38  -0.04989838    -0.28324965    -0.25403222     0.03590101     0.00182877    -0.09373880   
  39  -0.15023215     0.20498857     0.29198551    -0.01700007    -0.00166662     0.04441716   
  40   0.23538963     0.00000101    -0.30647364     0.00000015     0.00163445     0.00000033   
  41  -0.15023178    -0.20498994     0.29198554     0.01699977    -0.00166712    -0.04441783   
  42   0.17572623     0.27041201     0.24575545     0.07363854    -0.00095893    -0.19404765   
  43  -0.15297046    -0.13474429    -0.04557831     0.00112352     0.00147834    -0.00010722   
  44  -0.06691265    -0.15263343    -0.23554129    -0.08074380     0.00059969     0.21208347   
  45   0.02873775     0.05189459     0.06725777     0.02210603    -0.00017135    -0.05804318   
  46   0.02631533     0.05388204     0.06834614     0.02240117    -0.00019096    -0.05886734   
  47   0.02873788    -0.05189438     0.06725770    -0.02210615    -0.00017069     0.05804334   
  48   0.02631546    -0.05388181     0.06834606    -0.02240129    -0.00019030     0.05886749   
  49   0.03215154    -0.01731708    -0.00898094     0.06366507    -0.05635695    -0.00940002   
  50  -0.08619084     0.05656071    -0.01665908     0.06652232    -0.05886550    -0.00970467   
  51   0.03189829    -0.01719193    -0.00898114     0.06367586    -0.05636805    -0.00939722   
  52   0.03189332    -0.01721991    -0.00868089    -0.04001409     0.05468166    -0.04910889   
  53  -0.08624051     0.05643492    -0.01639626    -0.04247488     0.05797181    -0.05174570   
  54   0.03229680    -0.01730296    -0.00885037    -0.04061367     0.05550221    -0.04984725   
  55   0.03189806     0.01719200    -0.00898119    -0.06368483    -0.05635850     0.00939442   
  56  -0.08619028    -0.05656098    -0.01665915    -0.06653167    -0.05885550     0.00970175   
  57   0.03215133     0.01731716    -0.00898098    -0.06367404    -0.05634740     0.00939722   
  58   0.03229659     0.01730304    -0.00885038     0.04062235     0.05549330     0.04984996   
  59  -0.08623992    -0.05643515    -0.01639628     0.04248397     0.05796254     0.05174855   
  60   0.03189311     0.01721998    -0.00868090     0.04002264     0.05467289     0.04911157   
           58             59             60       
   1   0.08385004     0.14336693    -0.26620848   
   2  -0.04001799    -0.14348805     0.20251997   
   3   0.00258330     0.16582933    -0.18559193   
   4  -0.04038216    -0.14441653     0.20414001   
   5   0.08385037    -0.14336768    -0.26620702   
   6  -0.04001846     0.14348872     0.20251878   
   7   0.00258397    -0.16583004    -0.18559074   
   8   0.02214524     0.17819274     0.17745366   
   9  -0.08691726    -0.11181438    -0.06325475   
  10   0.00282199    -0.16698959    -0.18721211   
  11  -0.04038263     0.14441720     0.20413881   
  12   0.20027016     0.18501756     0.06857535   
  13  -0.19371941    -0.17228737    -0.05951191   
  14   0.17311192     0.14706476     0.04635868   
  15  -0.17131733    -0.14130045    -0.04169015   
  16   0.17307532     0.14706617     0.04638109   
  17  -0.19360956    -0.17218068    -0.05946696   
  18   0.20440011     0.18698060     0.06873281   
  19  -0.19734481    -0.17378049    -0.05952848   
  20   0.17698286     0.14888397     0.04655723   
  21  -0.17608365    -0.14377115    -0.04205455   
  22   0.17811034     0.14976172     0.04678255   
  23  -0.19883125    -0.17503174    -0.05992160   
  24   0.20027071    -0.18501629     0.06857581   
  25  -0.19361005     0.17217946    -0.05946735   
  26   0.17307573    -0.14706510     0.04638139   
  27  -0.17131770     0.14129941    -0.04169041   
  28   0.17311233    -0.14706369     0.04635898   
  29  -0.19371990     0.17228616    -0.05951230   
  30   0.20440119    -0.18697951     0.06873328   
  31  -0.19883233     0.17503075    -0.05992201   
  32   0.17811135    -0.14976091     0.04678288   
  33  -0.17608468     0.14377039    -0.04205486   
  34   0.17698387    -0.14888316     0.04655756   
  35  -0.19734588     0.17377950    -0.05952889   
  36  -0.13764557     0.05513511     0.29890604   
  37   0.12590736    -0.00000028    -0.26790493   
  38  -0.13764550    -0.05513450     0.29890678   
  39   0.11632052     0.02748118    -0.22802555   
  40  -0.11113051     0.00000023     0.20921137   
  41   0.11632058    -0.02748168    -0.22802521   
  42   0.02214601    -0.17819202     0.17745486   
  43  -0.08691770     0.11181377    -0.06325524   
  44   0.00282132     0.16698888    -0.18721331   
  45   0.00061628    -0.04659422     0.05055361   
  46   0.00055748    -0.04718892     0.05129038   
  47   0.00061609     0.04659441     0.05055328   
  48   0.00055729     0.04718911     0.05129005   
  49   0.05432222     0.04849515     0.01686365   
  50   0.04586801     0.03712439     0.01046267   
  51   0.05432516     0.04849706     0.01686309   
  52   0.05510577     0.04871308     0.01680053   
  53   0.04721235     0.03783185     0.01057319   
  54   0.05588096     0.04937882     0.01701829   
  55   0.05432530    -0.04849672     0.01686320   
  56   0.04586811    -0.03712411     0.01046274   
  57   0.05432236    -0.04849481     0.01686377   
  58   0.05588126    -0.04937853     0.01701840   
  59   0.04721263    -0.03783166     0.01057327   
  60   0.05510607    -0.04871280     0.01680065   

 -----------------------------------------------------------------------------------------------
  Generalised Fock Matrix (MO basis)
 -----------------------------------------------------------------------------------------------
           1              2              3              4              5              6        
   1  -7.89311076     0.00000000     0.00000000    -0.00000000    -0.00000000     0.00000000   
   2   0.00000000    -7.88917222    -0.00000000     0.00000000    -0.00000000     0.00000000   
   3   0.00000000    -0.00000000    -7.77428772     0.00000000    -0.00000000    -0.00000000   
   4  -0.00000000     0.00000000     0.00000000    -7.77428252     0.00000000     0.00000000   
   5  -0.00000000    -0.00000000    -0.00000000     0.00000000    -7.64960494     0.00000000   
   6   0.00000000     0.00000000    -0.00000000     0.00000000     0.00000000    -7.59676007   
   7  -0.00000000     0.00000000     0.00000000    -0.00000000    -0.00000000    -0.00000000   
   8  -0.00000000     0.00000000     0.00000000    -0.00000000    -0.00000000    -0.00000000   
   9  -0.00000000     0.00000000    -0.00000000    -0.00000000     0.00000000     0.00000000   
  10  -0.00000000     0.00000000     0.00000000     0.00000000     0.00000000     0.00000000   
  11   0.00000000    -0.00000000    -0.00000000    -0.00000000     0.00000000    -0.00000000   
  12  -0.00000000    -0.00000000    -0.00000000    -0.00000000     0.00000000    -0.00000000   
  13  -0.00000000     0.00000000    -0.00000000     0.00000000     0.00000000     0.00000000   
  14   0.00000000    -0.00000000     0.00000000    -0.00000000    -0.00000000    -0.00000000   
  15   0.00000000    -0.00000000     0.00000000    -0.00000000     0.00000000    -0.00000000   
  16  -0.00000000     0.00000000     0.00000000    -0.00000000     0.00000000    -0.00000000   
  17   0.00000000    -0.00000000    -0.00000000     0.00000000     0.00000000    -0.00000000   
  18  -0.00000000    -0.00000000     0.00000000    -0.00000000    -0.00000000     0.00000000   
  19   0.00000000     0.00000000     0.00000000    -0.00000000     0.00000000    -0.00000000   
  20   0.00000000    -0.00000000    -0.00000000     0.00000000     0.00000000     0.00000000   
  21  -0.00000000     0.00000000     0.00000000    -0.00000000    -0.00000000    -0.00000000   
  22   0.00000000    -0.00000000    -0.00000000    -0.00000000    -0.00000000    -0.00000000   
  23   0.00000000    -0.00000000     0.00000000     0.00000000    -0.00000000    -0.00000000   
  24   0.00000000    -0.00000000     0.00000000    -0.00000000     0.00000000     0.00000000   
  25   0.00000000    -0.00000000     0.00000000    -0.00000000     0.00000000     0.00000000   
  26  -0.00000000     0.00000000    -0.00000000     0.00000000    -0.00000000    -0.00000000   
  27   0.00000000    -0.00000000     0.00000000    -0.00000000    -0.00000000     0.00000000   
  28   0.00000000    -0.00000000     0.00000000     0.00000000     0.00000000     0.00000000   
  29  -0.00000000     0.00000000     0.00000000    -0.00000000    -0.00000000    -0.00000000   
  30   0.00000000     0.00000000     0.00000000     0.00000000    -0.00000000    -0.00000000   
  31   0.00000000     0.00000000     0.00000000    -0.00000000    -0.00000000    -0.00000000   
  32  -0.00000000    -0.00000000    -0.00000000    -0.00000000     0.00000000    -0.00000000   
  33   0.00000000    -0.00000000     0.00000000     0.00000000     0.00000000    -0.00000000   
  34   0.00000000     0.00000000    -0.00000000    -0.00000000    -0.00000000     0.00000000   
  35  -0.00000000    -0.00000000    -0.00000000     0.00000000    -0.00000000    -0.00000000   
  36   0.00000000     0.00000000     0.00000000    -0.00000000    -0.00000000     0.00000000   
  37   0.00000000     0.00000000    -0.00000000     0.00000000    -0.00000000     0.00000000   
  38   0.24086566     0.23669309    -0.00513076    -0.00535455     0.10017607    -0.12007661   
  39   0.24087940    -0.23667917    -0.00537101     0.00511512     0.10017772     0.12007543   
  40  -0.00000001    -0.00000002     0.00000000     0.00000001     0.00000000    -0.00000001   
  41   0.00000000     0.00000000    -0.00000001    -0.00000000     0.00000000    -0.00000001   
  42  -0.00000000     0.00000000     0.00000001    -0.00000001    -0.00000000     0.00000001   
  43  -0.00000001     0.00000000     0.00000001    -0.00000001     0.00000000    -0.00000000   
  44   0.00000000     0.00000001    -0.00000001    -0.00000001     0.00000001    -0.00000001   
  45  -0.00000002    -0.00000002     0.00000001     0.00000000    -0.00000001    -0.00000000   
  46   0.00000001    -0.00000000     0.00000000     0.00000001     0.00000001     0.00000001   
  47   0.00000001    -0.00000001     0.00000000     0.00000000    -0.00000000     0.00000001   
  48  -0.00000000     0.00000001     0.00000000     0.00000001     0.00000000    -0.00000001   
  49  -0.00000001     0.00000001     0.00000000    -0.00000000    -0.00000001    -0.00000000   
  50   0.00000001     0.00000001    -0.00000000    -0.00000001    -0.00000000    -0.00000001   
  51   0.00000002     0.00000001    -0.00000001    -0.00000001     0.00000001    -0.00000000   
  52   0.00000000     0.00000002    -0.00000001     0.00000001    -0.00000000     0.00000001   
  53   0.00000002     0.00000001    -0.00000000    -0.00000001     0.00000000    -0.00000001   
  54   0.00000001    -0.00000000     0.00000000     0.00000001    -0.00000000     0.00000001   
  55  -0.00000000    -0.00000000     0.00000001    -0.00000000    -0.00000000    -0.00000002   
  56   0.00000001    -0.00000001     0.00000002     0.00000000    -0.00000000     0.00000001   
  57   0.00000000    -0.00000001     0.00000001    -0.00000000    -0.00000000     0.00000001   
  58   0.00000000     0.00000004    -0.00000001    -0.00000001    -0.00000000     0.00000002   
  59  -0.00000001    -0.00000002     0.00000001     0.00000001    -0.00000002     0.00000001   
  60  -0.00000000     0.00000001    -0.00000000    -0.00000000    -0.00000000     0.00000002   
           7              8              9              10             11             12       
   1  -0.00000000    -0.00000000    -0.00000000    -0.00000000    -0.00000000    -0.00000000   
   2   0.00000000     0.00000000     0.00000000    -0.00000000    -0.00000000    -0.00000000   
   3   0.00000000     0.00000000    -0.00000000     0.00000000    -0.00000000    -0.00000000   
   4  -0.00000000    -0.00000000    -0.00000000     0.00000000    -0.00000000    -0.00000000   
   5  -0.00000000    -0.00000000     0.00000000     0.00000000     0.00000000     0.00000000   
   6  -0.00000000    -0.00000000     0.00000000     0.00000000    -0.00000000    -0.00000000   
   7  -6.05541275     0.00000000     0.00000000    -0.00000000     0.00000000     0.00000000   
   8   0.00000000    -6.05408814     0.00000000    -0.00000000     0.00000000     0.00000000   
   9   0.00000000     0.00000000    -6.00238036    -0.00000000     0.00000000    -0.00000000   
  10  -0.00000000    -0.00000000    -0.00000000    -5.99480374     0.00000000    -0.00000000   
  11   0.00000000     0.00000000     0.00000000     0.00000000    -5.96968329     0.00000000   
  12   0.00000000     0.00000000    -0.00000000    -0.00000000     0.00000000    -5.96741552   
  13   0.00000000     0.00000000     0.00000000     0.00000000    -0.00000000    -0.00000000   
  14  -0.00000000     0.00000000    -0.00000000    -0.00000000    -0.00000000    -0.00000000   
  15   0.00000000     0.00000000     0.00000000    -0.00000000     0.00000000    -0.00000000   
  16  -0.00000000     0.00000000    -0.00000000    -0.00000000     0.00000000    -0.00000000   
  17   0.00000000     0.00000000     0.00000000     0.00000000    -0.00000000     0.00000000   
  18   0.00000000     0.00000000    -0.00000000     0.00000000     0.00000000    -0.00000000   
  19   0.00000000     0.00000000    -0.00000000    -0.00000000     0.00000000     0.00000000   
  20  -0.00000000    -0.00000000    -0.00000000    -0.00000000     0.00000000     0.00000000   
  21   0.00000000     0.00000000     0.00000000     0.00000000     0.00000000     0.00000000   
  22  -0.00000000    -0.00000000    -0.00000000     0.00000000    -0.00000000     0.00000000   
  23  -0.00000000     0.00000000     0.00000000    -0.00000000    -0.00000000     0.00000000   
  24  -0.00000000    -0.00000000     0.00000000     0.00000000     0.00000000    -0.00000000   
  25  -0.00000000    -0.00000000     0.00000000     0.00000000     0.00000000     0.00000000   
  26   0.00000000     0.00000000    -0.00000000    -0.00000000    -0.00000000    -0.00000000   
  27  -0.00000000     0.00000000    -0.00000000     0.00000000    -0.00000000    -0.00000000   
  28  -0.00000000     0.00000000    -0.00000000     0.00000000    -0.00000000    -0.00000000   
  29  -0.00000000     0.00000000     0.00000000     0.00000000     0.00000000     0.00000000   
  30   0.00000000     0.00000000    -0.00000000     0.00000000     0.00000000    -0.00000000   
  31   0.00000000     0.00000000    -0.00000000    -0.00000000    -0.00000000     0.00000000   
  32  -0.00000000    -0.00000000    -0.00000000    -0.00000000    -0.00000000     0.00000000   
  33  -0.00000000    -0.00000000    -0.00000000     0.00000000    -0.00000000     0.00000000   
  34   0.00000000     0.00000000     0.00000000     0.00000000    -0.00000000     0.00000000   
  35   0.00000000     0.00000000     0.00000000     0.00000000    -0.00000000    -0.00000000   
  36   0.00000000    -0.00000000     0.00000000     0.00000000     0.00000000    -0.00000000   
  37   0.00000000    -0.00000000    -0.00000000    -0.00000000    -0.00000000     0.00000000   
  38  -0.00599871    -0.00813263    -0.16867908     0.14997524    -0.04463363    -0.05858925   
  39  -0.00599917     0.00813226    -0.16868063    -0.14997447    -0.04463582     0.05858478   
  40   0.00000000     0.00000001    -0.00000000    -0.00000002    -0.00000001     0.00000001   
  41  -0.00000002    -0.00000001    -0.00000002    -0.00000001    -0.00000003    -0.00000001   
  42   0.00000000    -0.00000001    -0.00000000     0.00000000    -0.00000001     0.00000001   
  43   0.00000000    -0.00000001     0.00000001     0.00000000     0.00000001     0.00000001   
  44   0.00000001     0.00000001    -0.00000001     0.00000001     0.00000000     0.00000000   
  45  -0.00000003    -0.00000001     0.00000002     0.00000000     0.00000001     0.00000000   
  46  -0.00000000     0.00000000     0.00000000     0.00000001     0.00000000     0.00000001   
  47   0.00000000    -0.00000001     0.00000000    -0.00000001    -0.00000000     0.00000000   
  48  -0.00000000    -0.00000000    -0.00000000    -0.00000000     0.00000002    -0.00000001   
  49   0.00000001     0.00000001     0.00000001     0.00000002    -0.00000002    -0.00000001   
  50   0.00000000     0.00000001     0.00000001     0.00000000    -0.00000001     0.00000000   
  51   0.00000001     0.00000002     0.00000001     0.00000001    -0.00000000    -0.00000000   
  52   0.00000003    -0.00000002     0.00000001     0.00000002     0.00000002    -0.00000003   
  53  -0.00000001     0.00000001    -0.00000002     0.00000002    -0.00000001    -0.00000000   
  54   0.00000000     0.00000000    -0.00000002     0.00000000    -0.00000001     0.00000000   
  55  -0.00000001    -0.00000000     0.00000000     0.00000000    -0.00000000    -0.00000001   
  56  -0.00000000    -0.00000000    -0.00000000    -0.00000001    -0.00000001     0.00000001   
  57   0.00000001     0.00000000     0.00000001    -0.00000001    -0.00000000     0.00000001   
  58   0.00000004     0.00000001    -0.00000000     0.00000003     0.00000000    -0.00000001   
  59   0.00000000    -0.00000001     0.00000001    -0.00000000     0.00000001    -0.00000000   
  60   0.00000001     0.00000000     0.00000000     0.00000001     0.00000001    -0.00000001   
           13             14             15             16             17             18       
   1  -0.00000000     0.00000000     0.00000000    -0.00000000     0.00000000    -0.00000000   
   2   0.00000000    -0.00000000    -0.00000000     0.00000000    -0.00000000    -0.00000000   
   3  -0.00000000     0.00000000     0.00000000     0.00000000    -0.00000000     0.00000000   
   4   0.00000000    -0.00000000    -0.00000000    -0.00000000     0.00000000    -0.00000000   
   5   0.00000000    -0.00000000     0.00000000     0.00000000     0.00000000    -0.00000000   
   6   0.00000000    -0.00000000    -0.00000000    -0.00000000    -0.00000000     0.00000000   
   7   0.00000000    -0.00000000     0.00000000    -0.00000000     0.00000000     0.00000000   
   8   0.00000000     0.00000000     0.00000000     0.00000000     0.00000000     0.00000000   
   9   0.00000000    -0.00000000     0.00000000    -0.00000000     0.00000000    -0.00000000   
  10   0.00000000    -0.00000000    -0.00000000    -0.00000000     0.00000000     0.00000000   
  11  -0.00000000    -0.00000000    -0.00000000     0.00000000    -0.00000000     0.00000000   
  12  -0.00000000    -0.00000000    -0.00000000    -0.00000000     0.00000000    -0.00000000   
  13  -5.96049642     0.00000000    -0.00000000    -0.00000000     0.00000000     0.00000000   
  14   0.00000000    -5.95971170     0.00000000     0.00000000    -0.00000000     0.00000000   
  15  -0.00000000     0.00000000    -5.95343893     0.00000000     0.00000000     0.00000000   
  16  -0.00000000     0.00000000     0.00000000    -5.93186548    -0.00000000    -0.00000000   
  17   0.00000000    -0.00000000     0.00000000     0.00000000    -5.93140091    -0.00000000   
  18   0.00000000     0.00000000     0.00000000    -0.00000000    -0.00000000    -3.54961797   
  19  -0.00000000    -0.00000000    -0.00000000     0.00000000    -0.00000000     0.00000000   
  20  -0.00000000     0.00000000     0.00000000    -0.00000000     0.00000000     0.00000000   
  21   0.00000000    -0.00000000    -0.00000000     0.00000000    -0.00000000     0.00000000   
  22   0.00000000    -0.00000000    -0.00000000    -0.00000000     0.00000000     0.00000000   
  23  -0.00000000    -0.00000000    -0.00000000    -0.00000000     0.00000000    -0.00000000   
  24   0.00000000    -0.00000000     0.00000000     0.00000000    -0.00000000     0.00000000   
  25  -0.00000000    -0.00000000    -0.00000000     0.00000000    -0.00000000    -0.00000000   
  26  -0.00000000    -0.00000000    -0.00000000    -0.00000000    -0.00000000     0.00000000   
  27  -0.00000000    -0.00000000    -0.00000000    -0.00000000    -0.00000000     0.00000000   
  28  -0.00000000     0.00000000    -0.00000000     0.00000000    -0.00000000    -0.00000000   
  29   0.00000000    -0.00000000     0.00000000    -0.00000000     0.00000000     0.00000000   
  30  -0.00000000     0.00000000    -0.00000000     0.00000000     0.00000000     0.00000000   
  31   0.00000000    -0.00000000     0.00000000     0.00000000    -0.00000000    -0.00000000   
  32   0.00000000    -0.00000000     0.00000000     0.00000000    -0.00000000    -0.00000000   
  33   0.00000000    -0.00000000     0.00000000     0.00000000     0.00000000     0.00000000   
  34  -0.00000000     0.00000000    -0.00000000    -0.00000000     0.00000000     0.00000000   
  35  -0.00000000     0.00000000     0.00000000    -0.00000000     0.00000000    -0.00000000   
  36  -0.00000000     0.00000000    -0.00000000     0.00000000    -0.00000000    -0.00000000   
  37   0.00000000     0.00000000     0.00000000    -0.00000000     0.00000000     0.00000000   
  38  -0.00767257    -0.02371899     0.02083187     0.03351683     0.03144624     0.01626349   
  39  -0.00768213     0.02371538     0.02082889    -0.03352121     0.03144359    -0.01626362   
  40   0.00000001     0.00000002     0.00000002     0.00000001    -0.00000000     0.00000005   
  41  -0.00000001     0.00000001    -0.00000004     0.00000001    -0.00000001    -0.00000002   
  42   0.00000000     0.00000001     0.00000001     0.00000002    -0.00000002     0.00000001   
  43   0.00000000    -0.00000000     0.00000000     0.00000002    -0.00000001     0.00000001   
  44   0.00000000     0.00000001     0.00000000    -0.00000001    -0.00000000    -0.00000003   
  45   0.00000001    -0.00000001     0.00000002     0.00000000     0.00000001    -0.00000001   
  46  -0.00000000    -0.00000000    -0.00000001     0.00000000     0.00000001    -0.00000001   
  47  -0.00000001    -0.00000001     0.00000000     0.00000000     0.00000000    -0.00000001   
  48   0.00000001     0.00000001     0.00000000     0.00000000    -0.00000000    -0.00000000   
  49   0.00000002     0.00000001     0.00000001    -0.00000000     0.00000000     0.00000001   
  50   0.00000000     0.00000001    -0.00000001     0.00000000    -0.00000001     0.00000001   
  51   0.00000000    -0.00000001     0.00000001     0.00000000    -0.00000002     0.00000000   
  52   0.00000000     0.00000000     0.00000000    -0.00000001     0.00000001     0.00000002   
  53   0.00000001    -0.00000001    -0.00000001     0.00000001    -0.00000002     0.00000003   
  54  -0.00000002     0.00000000    -0.00000000     0.00000000     0.00000000     0.00000001   
  55  -0.00000001    -0.00000000    -0.00000002    -0.00000000     0.00000000    -0.00000001   
  56   0.00000000    -0.00000001    -0.00000001    -0.00000000     0.00000000    -0.00000001   
  57  -0.00000001    -0.00000000     0.00000001     0.00000000     0.00000001     0.00000001   
  58   0.00000000     0.00000001    -0.00000000    -0.00000001    -0.00000000     0.00000003   
  59  -0.00000001    -0.00000000    -0.00000001    -0.00000000     0.00000001    -0.00000002   
  60   0.00000000     0.00000000     0.00000001    -0.00000001    -0.00000000     0.00000001   
           19             20             21             22             23             24       
   1   0.00000000     0.00000000    -0.00000000     0.00000000     0.00000000     0.00000000   
   2   0.00000000    -0.00000000     0.00000000    -0.00000000    -0.00000000    -0.00000000   
   3   0.00000000    -0.00000000     0.00000000     0.00000000     0.00000000     0.00000000   
   4  -0.00000000     0.00000000    -0.00000000    -0.00000000     0.00000000    -0.00000000   
   5   0.00000000     0.00000000    -0.00000000    -0.00000000    -0.00000000     0.00000000   
   6  -0.00000000     0.00000000    -0.00000000    -0.00000000    -0.00000000     0.00000000   
   7   0.00000000    -0.00000000     0.00000000    -0.00000000    -0.00000000    -0.00000000   
   8   0.00000000    -0.00000000     0.00000000    -0.00000000    -0.00000000    -0.00000000   
   9  -0.00000000    -0.00000000     0.00000000    -0.00000000     0.00000000     0.00000000   
  10  -0.00000000    -0.00000000     0.00000000     0.00000000    -0.00000000     0.00000000   
  11   0.00000000     0.00000000     0.00000000    -0.00000000    -0.00000000     0.00000000   
  12   0.00000000     0.00000000     0.00000000     0.00000000     0.00000000    -0.00000000   
  13  -0.00000000    -0.00000000     0.00000000     0.00000000    -0.00000000     0.00000000   
  14  -0.00000000     0.00000000    -0.00000000    -0.00000000    -0.00000000    -0.00000000   
  15  -0.00000000     0.00000000    -0.00000000    -0.00000000    -0.00000000     0.00000000   
  16   0.00000000    -0.00000000     0.00000000    -0.00000000    -0.00000000     0.00000000   
  17  -0.00000000     0.00000000    -0.00000000     0.00000000     0.00000000    -0.00000000   
  18   0.00000000     0.00000000     0.00000000     0.00000000    -0.00000000     0.00000000   
  19  -2.83343937    -0.00000000    -0.00000000    -0.00000000     0.00000000    -0.00000000   
  20  -0.00000000    -1.83699556     0.00000000    -0.00000000    -0.00000000    -0.00000000   
  21  -0.00000000     0.00000000    -1.80957818     0.00000000     0.00000000    -0.00000000   
  22  -0.00000000    -0.00000000     0.00000000    -1.44509460    -0.00000000     0.00000000   
  23   0.00000000    -0.00000000     0.00000000    -0.00000000    -1.44509331     0.00000000   
  24  -0.00000000    -0.00000000    -0.00000000     0.00000000     0.00000000    -0.86177066   
  25   0.00000000     0.00000000     0.00000000     0.00000000     0.00000000     0.00000000   
  26  -0.00000000    -0.00000000    -0.00000000    -0.00000000    -0.00000000     0.00000000   
  27   0.00000000    -0.00000000    -0.00000000     0.00000000     0.00000000    -0.00000000   
  28  -0.00000000     0.00000000    -0.00000000     0.00000000    -0.00000000     0.00000000   
  29   0.00000000    -0.00000000     0.00000000    -0.00000000     0.00000000    -0.00000000   
  30  -0.00000000     0.00000000     0.00000000     0.00000000    -0.00000000    -0.00000000   
  31   0.00000000     0.00000000    -0.00000000    -0.00000000    -0.00000000    -0.00000000   
  32   0.00000000     0.00000000    -0.00000000    -0.00000000    -0.00000000    -0.00000000   
  33  -0.00000000    -0.00000000    -0.00000000    -0.00000000    -0.00000000     0.00000000   
  34  -0.00000000     0.00000000     0.00000000     0.00000000    -0.00000000    -0.00000000   
  35   0.00000000    -0.00000000    -0.00000000    -0.00000000     0.00000000     0.00000000   
  36  -0.00000000    -0.00000000    -0.00000000    -0.00000000     0.00000000     0.00000000   
  37   0.00000000    -0.00000000    -0.00000000    -0.00000000     0.00000000    -0.00000000   
  38   0.08372337     0.54626777     0.52087014     0.00291746    -0.00342469     0.36775681   
  39   0.08372338    -0.54626995     0.52086824    -0.00341919    -0.00292544    -0.36776240   
  40  -0.00000000    -0.00000000    -0.00000001     0.00000000    -0.00000000     0.00000001   
  41  -0.00000004    -0.00000000     0.00000003     0.00000000    -0.00000001    -0.00000002   
  42   0.00000000    -0.00000001    -0.00000000     0.00000001    -0.00000000     0.00000000   
  43  -0.00000000     0.00000000    -0.00000001     0.00000001     0.00000001     0.00000001   
  44   0.00000001     0.00000001    -0.00000000    -0.00000001    -0.00000001    -0.00000002   
  45   0.00000001    -0.00000004    -0.00000002     0.00000000     0.00000001    -0.00000003   
  46  -0.00000000     0.00000000    -0.00000001    -0.00000000     0.00000001     0.00000001   
  47  -0.00000000    -0.00000001     0.00000001    -0.00000000     0.00000000    -0.00000001   
  48  -0.00000000    -0.00000001    -0.00000003    -0.00000000     0.00000000     0.00000001   
  49   0.00000001     0.00000001    -0.00000001     0.00000001    -0.00000001     0.00000000   
  50  -0.00000000    -0.00000000     0.00000001     0.00000001    -0.00000001    -0.00000001   
  51  -0.00000001     0.00000002     0.00000003    -0.00000001     0.00000001    -0.00000000   
  52   0.00000005     0.00000001    -0.00000002     0.00000002    -0.00000001     0.00000000   
  53  -0.00000006     0.00000004     0.00000003     0.00000001    -0.00000000     0.00000002   
  54   0.00000003    -0.00000001     0.00000002    -0.00000001    -0.00000000    -0.00000000   
  55  -0.00000001     0.00000001    -0.00000002    -0.00000000     0.00000001     0.00000001   
  56   0.00000000    -0.00000001     0.00000001     0.00000000     0.00000001    -0.00000000   
  57   0.00000002    -0.00000001     0.00000001    -0.00000000     0.00000001    -0.00000001   
  58   0.00000003     0.00000002    -0.00000001     0.00000002    -0.00000001     0.00000001   
  59   0.00000002    -0.00000004    -0.00000002    -0.00000000     0.00000000    -0.00000001   
  60   0.00000001     0.00000001    -0.00000001     0.00000001    -0.00000001     0.00000001   
           25             26             27             28             29             30       
   1   0.00000000    -0.00000000     0.00000000     0.00000000    -0.00000000     0.00000000   
   2  -0.00000000     0.00000000    -0.00000000    -0.00000000     0.00000000     0.00000000   
   3   0.00000000    -0.00000000     0.00000000     0.00000000     0.00000000     0.00000000   
   4  -0.00000000     0.00000000    -0.00000000     0.00000000    -0.00000000     0.00000000   
   5   0.00000000    -0.00000000    -0.00000000     0.00000000    -0.00000000    -0.00000000   
   6   0.00000000    -0.00000000    -0.00000000     0.00000000    -0.00000000    -0.00000000   
   7  -0.00000000     0.00000000    -0.00000000    -0.00000000    -0.00000000     0.00000000   
   8  -0.00000000     0.00000000     0.00000000     0.00000000     0.00000000     0.00000000   
   9  -0.00000000    -0.00000000    -0.00000000    -0.00000000     0.00000000    -0.00000000   
  10   0.00000000    -0.00000000     0.00000000     0.00000000     0.00000000     0.00000000   
  11   0.00000000    -0.00000000    -0.00000000    -0.00000000     0.00000000     0.00000000   
  12   0.00000000    -0.00000000    -0.00000000    -0.00000000     0.00000000    -0.00000000   
  13  -0.00000000    -0.00000000    -0.00000000    -0.00000000     0.00000000    -0.00000000   
  14  -0.00000000    -0.00000000    -0.00000000     0.00000000    -0.00000000     0.00000000   
  15  -0.00000000    -0.00000000    -0.00000000    -0.00000000     0.00000000    -0.00000000   
  16   0.00000000    -0.00000000    -0.00000000     0.00000000    -0.00000000    -0.00000000   
  17  -0.00000000    -0.00000000    -0.00000000    -0.00000000     0.00000000     0.00000000   
  18  -0.00000000     0.00000000     0.00000000    -0.00000000     0.00000000     0.00000000   
  19   0.00000000    -0.00000000     0.00000000    -0.00000000     0.00000000    -0.00000000   
  20   0.00000000    -0.00000000    -0.00000000     0.00000000    -0.00000000     0.00000000   
  21   0.00000000    -0.00000000    -0.00000000    -0.00000000     0.00000000     0.00000000   
  22   0.00000000    -0.00000000     0.00000000     0.00000000    -0.00000000     0.00000000   
  23   0.00000000    -0.00000000     0.00000000    -0.00000000     0.00000000    -0.00000000   
  24   0.00000000     0.00000000    -0.00000000     0.00000000    -0.00000000    -0.00000000   
  25  -0.75313360    -0.00000000    -0.00000000     0.00000000    -0.00000000     0.00000000   
  26  -0.00000000     0.13942974     0.00000000     0.00000000     0.00000000     0.00000000   
  27  -0.00000000     0.00000000     0.38406665     0.00000000     0.00000000    -0.00000000   
  28   0.00000000     0.00000000     0.00000000     1.27616275    -0.00000000    -0.00000000   
  29  -0.00000000     0.00000000     0.00000000    -0.00000000     1.27737177     0.00000000   
  30   0.00000000     0.00000000    -0.00000000    -0.00000000     0.00000000     1.30587092   
  31  -0.00000000    -0.00000000    -0.00000000    -0.00000000     0.00000000     0.00000000   
  32  -0.00000000     0.00000000     0.00000000    -0.00000000    -0.00000000    -0.00000000   
  33  -0.00000000     0.00000000     0.00000000     0.00000000    -0.00000000     0.00000000   
  34   0.00000000    -0.00000000    -0.00000000     0.00000000    -0.00000000     0.00000000   
  35  -0.00000000     0.00000000    -0.00000000    -0.00000000     0.00000000    -0.00000000   
  36   0.00000000    -0.00000000     0.00000000     0.00000000    -0.00000000     0.00000000   
  37  -0.00000000     0.00000000    -0.00000000     0.00000000     0.00000000    -0.00000000   
  38  -0.33801033     0.69636156     0.69185456    -0.01106479     0.00953654    -0.19421021   
  39  -0.33800573     0.69635892    -0.69185643     0.01106224     0.00953811    -0.19420897   
  40   0.00000004    -0.00000002    -0.00000002    -0.00000003     0.00000000    -0.00000001   
  41  -0.00000001     0.00000004     0.00000002     0.00000004     0.00000000     0.00000000   
  42  -0.00000001     0.00000001     0.00000000    -0.00000002    -0.00000002     0.00000001   
  43   0.00000001    -0.00000002    -0.00000001    -0.00000001    -0.00000001     0.00000002   
  44  -0.00000001    -0.00000003     0.00000002     0.00000001    -0.00000006    -0.00000006   
  45   0.00000002    -0.00000005    -0.00000002    -0.00000006     0.00000002    -0.00000002   
  46  -0.00000001    -0.00000000     0.00000001    -0.00000001    -0.00000002     0.00000003   
  47   0.00000000     0.00000001    -0.00000002    -0.00000000     0.00000000    -0.00000000   
  48   0.00000002     0.00000001    -0.00000001    -0.00000001     0.00000001     0.00000001   
  49   0.00000001    -0.00000002     0.00000003     0.00000002    -0.00000001     0.00000000   
  50   0.00000001     0.00000003    -0.00000002     0.00000003    -0.00000001     0.00000004   
  51  -0.00000000     0.00000000    -0.00000001    -0.00000005    -0.00000001    -0.00000002   
  52   0.00000001     0.00000001    -0.00000002    -0.00000000    -0.00000001     0.00000001   
  53   0.00000003    -0.00000000     0.00000006    -0.00000004     0.00000004    -0.00000008   
  54  -0.00000003     0.00000002    -0.00000002     0.00000002    -0.00000003    -0.00000002   
  55  -0.00000000    -0.00000005     0.00000003    -0.00000002     0.00000001     0.00000000   
  56  -0.00000001    -0.00000001     0.00000001     0.00000000     0.00000002    -0.00000002   
  57   0.00000001     0.00000000    -0.00000003     0.00000001     0.00000000     0.00000001   
  58  -0.00000000     0.00000000     0.00000003     0.00000004    -0.00000004     0.00000004   
  59  -0.00000003    -0.00000001    -0.00000001     0.00000004     0.00000001     0.00000006   
  60   0.00000003     0.00000003    -0.00000000     0.00000002    -0.00000002     0.00000003   
           31             32             33             34             35             36       
   1   0.00000000    -0.00000000     0.00000000     0.00000000    -0.00000000     0.00000000   
   2   0.00000000    -0.00000000    -0.00000000     0.00000000    -0.00000000     0.00000000   
   3   0.00000000    -0.00000000     0.00000000    -0.00000000    -0.00000000     0.00000000   
   4  -0.00000000    -0.00000000     0.00000000    -0.00000000     0.00000000    -0.00000000   
   5  -0.00000000     0.00000000     0.00000000    -0.00000000    -0.00000000    -0.00000000   
   6  -0.00000000    -0.00000000    -0.00000000     0.00000000    -0.00000000     0.00000000   
   7   0.00000000    -0.00000000    -0.00000000     0.00000000     0.00000000     0.00000000   
   8   0.00000000    -0.00000000    -0.00000000     0.00000000     0.00000000    -0.00000000   
   9  -0.00000000    -0.00000000    -0.00000000     0.00000000     0.00000000     0.00000000   
  10  -0.00000000    -0.00000000    -0.00000000     0.00000000     0.00000000     0.00000000   
  11  -0.00000000    -0.00000000    -0.00000000    -0.00000000    -0.00000000     0.00000000   
  12   0.00000000     0.00000000     0.00000000     0.00000000    -0.00000000    -0.00000000   
  13   0.00000000     0.00000000     0.00000000    -0.00000000    -0.00000000    -0.00000000   
  14  -0.00000000    -0.00000000    -0.00000000     0.00000000     0.00000000     0.00000000   
  15   0.00000000     0.00000000     0.00000000    -0.00000000     0.00000000    -0.00000000   
  16   0.00000000     0.00000000     0.00000000    -0.00000000    -0.00000000     0.00000000   
  17  -0.00000000    -0.00000000     0.00000000     0.00000000     0.00000000    -0.00000000   
  18  -0.00000000    -0.00000000     0.00000000     0.00000000    -0.00000000    -0.00000000   
  19   0.00000000     0.00000000    -0.00000000    -0.00000000     0.00000000    -0.00000000   
  20   0.00000000     0.00000000    -0.00000000     0.00000000    -0.00000000    -0.00000000   
  21  -0.00000000    -0.00000000    -0.00000000     0.00000000    -0.00000000    -0.00000000   
  22  -0.00000000    -0.00000000    -0.00000000     0.00000000    -0.00000000    -0.00000000   
  23  -0.00000000    -0.00000000    -0.00000000    -0.00000000     0.00000000     0.00000000   
  24  -0.00000000    -0.00000000     0.00000000    -0.00000000     0.00000000     0.00000000   
  25  -0.00000000    -0.00000000    -0.00000000     0.00000000    -0.00000000     0.00000000   
  26  -0.00000000     0.00000000     0.00000000    -0.00000000     0.00000000    -0.00000000   
  27  -0.00000000     0.00000000     0.00000000    -0.00000000    -0.00000000     0.00000000   
  28  -0.00000000    -0.00000000     0.00000000     0.00000000    -0.00000000     0.00000000   
  29   0.00000000    -0.00000000    -0.00000000    -0.00000000     0.00000000    -0.00000000   
  30   0.00000000    -0.00000000     0.00000000     0.00000000    -0.00000000     0.00000000   
  31   1.43841767     0.00000000     0.00000000     0.00000000    -0.00000000     0.00000000   
  32   0.00000000     1.44032967     0.00000000     0.00000000     0.00000000     0.00000000   
  33   0.00000000     0.00000000     1.44407542    -0.00000000     0.00000000     0.00000000   
  34   0.00000000     0.00000000    -0.00000000     1.44642683    -0.00000000    -0.00000000   
  35  -0.00000000     0.00000000     0.00000000    -0.00000000     1.45714878     0.00000000   
  36   0.00000000     0.00000000     0.00000000    -0.00000000     0.00000000     1.66742365   
  37  -0.00000000    -0.00000000     0.00000000    -0.00000000     0.00000000     0.00000000   
  38   0.03207535     0.00589723    -0.02873825    -0.00921012     0.07991883     0.00176526   
  39  -0.03207419     0.00591059     0.02873953    -0.00920412    -0.07991993     0.00219106   
  40   0.00000000     0.00000000     0.00000002    -0.00000001    -0.00000003    -0.00000001   
  41   0.00000003    -0.00000000    -0.00000001     0.00000001     0.00000001    -0.00000001   
  42  -0.00000001    -0.00000000     0.00000003    -0.00000002     0.00000000    -0.00000003   
  43  -0.00000002    -0.00000000    -0.00000001     0.00000002    -0.00000001    -0.00000003   
  44   0.00000001     0.00000001    -0.00000002     0.00000000     0.00000004    -0.00000002   
  45  -0.00000001     0.00000001     0.00000002    -0.00000001    -0.00000000    -0.00000000   
  46   0.00000003     0.00000000     0.00000002    -0.00000001    -0.00000003     0.00000001   
  47   0.00000000    -0.00000001     0.00000001    -0.00000001    -0.00000000     0.00000001   
  48  -0.00000001    -0.00000000     0.00000004     0.00000001     0.00000000     0.00000002   
  49   0.00000001     0.00000000    -0.00000003    -0.00000003     0.00000002     0.00000000   
  50   0.00000002     0.00000000     0.00000000     0.00000000     0.00000005     0.00000003   
  51   0.00000004     0.00000001    -0.00000003     0.00000002     0.00000004    -0.00000004   
  52  -0.00000001     0.00000001     0.00000000     0.00000000     0.00000004     0.00000007   
  53  -0.00000001     0.00000003    -0.00000002     0.00000000    -0.00000002    -0.00000010   
  54   0.00000001    -0.00000000     0.00000000    -0.00000000     0.00000000     0.00000003   
  55   0.00000001    -0.00000001     0.00000001     0.00000000    -0.00000002     0.00000000   
  56  -0.00000000     0.00000000    -0.00000000     0.00000000     0.00000001    -0.00000001   
  57   0.00000002    -0.00000001     0.00000000     0.00000000     0.00000001     0.00000000   
  58  -0.00000000    -0.00000000    -0.00000000     0.00000000     0.00000001     0.00000005   
  59  -0.00000002    -0.00000001     0.00000002     0.00000000    -0.00000001     0.00000006   
  60  -0.00000000     0.00000001    -0.00000001     0.00000000     0.00000002     0.00000003   
           37             38             39       
   1   0.00000000     0.24086563     0.24087940   
   2   0.00000000     0.23669311    -0.23667917   
   3  -0.00000000    -0.00513078    -0.00537101   
   4   0.00000000    -0.00535454     0.00511511   
   5  -0.00000000     0.10017608     0.10017770   
   6   0.00000000    -0.12007661     0.12007544   
   7   0.00000000    -0.00599875    -0.00599917   
   8  -0.00000000    -0.00813261     0.00813225   
   9  -0.00000000    -0.16867906    -0.16868064   
  10  -0.00000000     0.14997524    -0.14997447   
  11  -0.00000000    -0.04463361    -0.04463584   
  12   0.00000000    -0.05858927     0.05858477   
  13   0.00000000    -0.00767258    -0.00768212   
  14   0.00000000    -0.02371898     0.02371538   
  15   0.00000000     0.02083187     0.02082889   
  16  -0.00000000     0.03351682    -0.03352122   
  17   0.00000000     0.03144626     0.03144358   
  18   0.00000000     0.01626354    -0.01626361   
  19   0.00000000     0.08372334     0.08372336   
  20  -0.00000000     0.54626780    -0.54626993   
  21  -0.00000000     0.52087013     0.52086823   
  22  -0.00000000     0.00291745    -0.00341918   
  23   0.00000000    -0.00342468    -0.00292544   
  24  -0.00000000     0.36775677    -0.36776240   
  25  -0.00000000    -0.33801028    -0.33800570   
  26   0.00000000     0.69636155     0.69635890   
  27  -0.00000000     0.69185458    -0.69185643   
  28   0.00000000    -0.01106481     0.01106225   
  29   0.00000000     0.00953652     0.00953812   
  30  -0.00000000    -0.19421024    -0.19420899   
  31  -0.00000000     0.03207536    -0.03207421   
  32  -0.00000000     0.00589721     0.00591060   
  33   0.00000000    -0.02873829     0.02873951   
  34  -0.00000000    -0.00921010    -0.00920412   
  35   0.00000000     0.07991890    -0.07991991   
  36   0.00000000     0.00176531     0.00219103   
  37   1.66742484     0.00217318    -0.00174370   
  38   0.00217325     0.98960057     0.00145819   
  39  -0.00174368     0.00145825     0.98960074   
  40  -0.00000000     0.00000001    -0.00000004   
  41   0.00000004    -0.00000000     0.00000002   
  42   0.00000004     0.00000001    -0.00000002   
  43   0.00000002     0.00000002     0.00000002   
  44   0.00000000    -0.00000004    -0.00000001   
  45  -0.00000003     0.00000000     0.00000001   
  46   0.00000001    -0.00000000    -0.00000003   
  47   0.00000002     0.00000000    -0.00000001   
  48  -0.00000000    -0.00000001     0.00000002   
  49   0.00000001    -0.00000002     0.00000003   
  50  -0.00000002    -0.00000003    -0.00000001   
  51   0.00000001    -0.00000002     0.00000000   
  52  -0.00000006    -0.00000005    -0.00000004   
  53   0.00000002    -0.00000005    -0.00000001   
  54  -0.00000001    -0.00000001    -0.00000005   
  55   0.00000001    -0.00000001     0.00000002   
  56  -0.00000001     0.00000001    -0.00000003   
  57  -0.00000000     0.00000003    -0.00000001   
  58  -0.00000003    -0.00000005     0.00000001   
  59  -0.00000003     0.00000001     0.00000000   
  60  -0.00000002    -0.00000003    -0.00000001   

[[-0.052121  0.039387  0.002007 ...  0.08385   0.143367 -0.266208]
 [-0.058879  0.048908  0.002154 ... -0.040018 -0.143488  0.20252 ]
 [-0.098566  0.085639  0.003461 ...  0.002583  0.165829 -0.185592]
 ...
 [-0.156198  0.158852  0.17753  ...  0.055881 -0.049379  0.017018]
 [-0.159955  0.163023  0.195543 ...  0.047213 -0.037832  0.010573]
 [-0.163151  0.165913  0.186285 ...  0.055106 -0.048713  0.016801]]
 Saved MO coefficients to FCIDUMP/FCIDUMP_AO_TTMmTTM_core_mo_coeff.npy
===============================================
 Testing CSF optimisation with random coefficients
===============================================

************************************************
 Testing random coefficient initial guess method, Trial 0
************************************************

  Initializing L-BFGS optimisation...
    > Num. MOs       =     60
    > Num. params    =    893
    > Max subspace   =     20
    > Max step size   =  0.500
    > Backtracking   =  0.100
    > Parallel tr.   = True
    > Pseudo-canon.  = True
    > Canon interval = 10
    > Hybrid prec.   = True
  ================================================================
           Energy / Eh     Step Len    Max(|G_i|)
  ================================================================
     0   453.7387627136                 7.26e+00
     1   441.2401799255    5.00e-01     7.48e+00    rescaled  
     2   441.2401799255    5.00e-01     7.48e+00    understep 
     3   430.6106231095    5.00e-01     7.20e+00    rescaled  
     4   403.7634763205    5.00e-01     6.78e+00    rescaled  
     5   381.1276799284    5.00e-01     6.47e+00    rescaled  
     6   360.5052708435    5.00e-01     6.00e+00    rescaled  
     7   343.2801271401    5.00e-01     7.09e+00    rescaled  
     8   325.9453258984    5.00e-01     6.41e+00    rescaled  
     9   310.6266572316    5.00e-01     7.37e+00    rescaled  
    10   298.0168984949    5.00e-01     7.22e+00    rescaled  
    11   271.1889944624    5.00e-01     6.04e+00    rescaled  
    12   262.9812742851    5.00e-01     6.71e+00    rescaled  
    13   257.9413697146    5.00e-01     4.26e+00    rescaled  
    14   248.2710937863    5.00e-01     2.71e+00    rescaled  
    15   243.2134329115    5.00e-01     3.28e+00    rescaled  
    16   239.9077866945    5.00e-01     1.90e+00    rescaled  
    17   239.7967523268    3.39e-01     2.63e+00              
    18   238.3985752944    2.16e-01     1.47e+00              
    19   237.4335113194    1.42e-01     9.38e-01              
    20   237.6708307172    1.22e-01     1.16e+00              
    21   237.2506750776    1.08e-01     9.96e-01    overstep  
    22   236.7797921967    1.40e-01     7.76e-01              
    23   236.6388021709    8.76e-02     7.04e-01              
    24   236.3251502468    4.91e-02     3.75e-01              
    25   236.2986672894    6.21e-02     2.41e-01              
    26   236.2525306000    2.98e-02     1.32e-01              
    27   236.2489719364    9.54e-03     1.07e-01              
    28   236.2432453807    5.82e-03     3.09e-02              
    29   236.2425742244    2.86e-03     1.37e-02              
    30   236.2424066793    1.34e-03     2.48e-03              
    31   236.2424019570    2.22e-04     1.68e-03              
    32   236.2424005930    1.28e-04     9.48e-04              
    33   236.2424002863    7.91e-05     2.24e-04              
    34   236.2424002176    2.65e-05     9.57e-05              
    35   236.2424002085    6.37e-06     2.27e-05              
    36   236.2424002080    1.55e-06     4.17e-06              
    37   236.2424002080    5.12e-07     1.37e-06              
    38   236.2424002080    1.70e-07     3.94e-07              
  ================================================================
  L-BFGS converged in     38 iterations (  1.89 seconds)

************************************************
 Testing random coefficient initial guess method, Trial 1
************************************************

  Initializing L-BFGS optimisation...
    > Num. MOs       =     60
    > Num. params    =    893
    > Max subspace   =     20
    > Max step size   =  0.500
    > Backtracking   =  0.100
    > Parallel tr.   = True
    > Pseudo-canon.  = True
    > Canon interval = 10
    > Hybrid prec.   = True
  ================================================================
           Energy / Eh     Step Len    Max(|G_i|)
  ================================================================
     0   460.8720312453                 7.91e+00
     1   441.4008084089    5.00e-01     6.77e+00    rescaled  
     2   423.9233516640    5.00e-01     7.31e+00    rescaled  
     3   398.3636512552    5.00e-01     6.61e+00    rescaled  
     4   377.0565939577    5.00e-01     6.03e+00    rescaled  
     5   360.8621163706    5.00e-01     6.30e+00    rescaled  
     6   349.6183011169    5.00e-01     6.48e+00    rescaled  
     7   339.7133033445    5.00e-01     6.31e+00    rescaled  
     8   332.9561072527    5.00e-01     6.24e+00    rescaled  
     9   321.5547762360    5.00e-01     6.50e+00    rescaled  
    10   309.9200591902    5.00e-01     7.03e+00    rescaled  
    11   297.1533011617    5.00e-01     7.41e+00    rescaled  
    12   286.1746529599    5.00e-01     6.45e+00    rescaled  
    13   280.6567007345    5.00e-01     4.41e+00    rescaled  
    14   276.9159432281    5.00e-01     3.90e+00    rescaled  
    15   267.0138665199    5.00e-01     4.04e+00    rescaled  
    16   258.4785063666    5.00e-01     5.78e+00    rescaled  
    17   248.1450060177    5.00e-01     3.39e+00    rescaled  
    18   247.5668590705    5.00e-01     4.41e+00    rescaled  
    19   243.4170539778    4.22e-01     3.06e+00              
    20   242.6230926536    5.00e-01     5.31e+00    rescaled  
    21   242.4341490328    4.65e-01     4.16e+00              
    22   244.3865837165    3.03e-01     3.26e+00              
    23   241.0549250463    2.48e-01     2.51e+00    overstep  
    24   239.6325235950    2.04e-01     3.20e+00              
    25   238.1588886731    2.51e-01     2.54e+00              
    26   238.4089678210    2.72e-01     2.13e+00              
    27   237.8463124714    2.45e-01     1.92e+00    overstep  
    28   236.7650826084    1.31e-01     1.16e+00              
    29   236.6728370787    8.89e-02     1.17e+00              
    30   236.4530822903    7.17e-02     5.21e-01              
    31   236.3291833872    4.44e-02     3.62e-01              
    32   236.2622924011    2.41e-02     2.04e-01              
    33   236.2475295049    1.12e-02     6.37e-02              
    34   236.2443587673    3.61e-03     3.79e-02              
    35   236.2431788206    2.39e-03     3.45e-02              
    36   236.2425697915    3.70e-03     1.13e-02              
    37   236.2424195304    9.11e-04     4.50e-03              
    38   236.2424066189    6.09e-04     2.83e-03              
    39   236.2424004138    2.09e-04     4.38e-04              
    40   236.2424002382    3.30e-05     2.06e-04              
    41   236.2424002088    2.19e-05     3.96e-05              
    42   236.2424002083    4.87e-06     2.76e-05              
    43   236.2424002080    1.32e-06     1.44e-06              
    44   236.2424002080    1.20e-07     6.77e-07              
  ================================================================
  L-BFGS converged in     44 iterations (  3.05 seconds)

************************************************
 Testing random coefficient initial guess method, Trial 2
************************************************

  Initializing L-BFGS optimisation...
    > Num. MOs       =     60
    > Num. params    =    893
    > Max subspace   =     20
    > Max step size   =  0.500
    > Backtracking   =  0.100
    > Parallel tr.   = True
    > Pseudo-canon.  = True
    > Canon interval = 10
    > Hybrid prec.   = True
  ================================================================
           Energy / Eh     Step Len    Max(|G_i|)
  ================================================================
     0   456.3815200269                 1.04e+01
     1   443.9160938527    5.00e-01     7.15e+00    rescaled  
     2   443.9160938527    5.00e-01     7.15e+00    understep 
     3   433.4684374431    5.00e-01     6.98e+00    rescaled  
     4   413.1312266124    5.00e-01     6.19e+00    rescaled  
     5   393.0240143127    5.00e-01     6.64e+00    rescaled  
     6   375.7120366884    5.00e-01     6.77e+00    rescaled  
     7   361.8772770325    5.00e-01     6.06e+00    rescaled  
     8   354.8315906535    5.00e-01     5.79e+00    rescaled  
     9   348.1763300634    5.00e-01     6.01e+00    rescaled  
    10   339.8375151105    5.00e-01     5.78e+00    rescaled  
    11   333.1843828371    5.00e-01     5.86e+00    rescaled  
    12   327.0826414586    5.00e-01     5.33e+00    rescaled  
    13   317.3572719760    5.00e-01     5.37e+00    rescaled  
    14   308.2628050874    5.00e-01     7.03e+00    rescaled  
    15   297.4142234192    5.00e-01     7.22e+00    rescaled  
    16   285.6136616161    5.00e-01     6.28e+00    rescaled  
    17   278.8917289960    5.00e-01     7.70e+00    rescaled  
    18   273.2782970047    5.00e-01     6.82e+00    rescaled  
    19   260.6918837071    4.81e-01     6.92e+00              
    20   261.2580121754    5.00e-01     6.00e+00    rescaled  
    21   260.1243124419    4.50e-01     5.51e+00    overstep  
    22   256.3585569877    5.00e-01     6.11e+00    rescaled  
    23   253.2507005213    5.00e-01     4.47e+00    rescaled  
    24   250.4104085604    5.00e-01     4.26e+00    rescaled  
    25   247.8935581462    5.00e-01     5.32e+00    rescaled  
    26   243.7679281839    5.00e-01     4.03e+00    rescaled  
    27   247.6752187748    3.40e-01     4.52e+00              
    28   242.6034671158    1.87e-01     2.83e+00    overstep  
    29   241.4968255613    4.17e-01     2.40e+00              
    30   241.8916992768    1.40e-01     2.02e+00              
    31   241.2289627334    1.15e-01     1.84e+00    overstep  
    32   240.7142180994    2.08e-01     2.37e+00              
    33   240.0913117721    7.59e-02     2.05e+00              
    34   239.9310190933    6.52e-02     2.33e+00              
    35   239.9317897231    2.29e-02     2.56e+00              
    36   239.9045485756    2.06e-02     2.56e+00    overstep  
    37   239.9644802370    2.12e-02     2.54e+00              
    38   239.8982071109    6.89e-03     2.56e+00    overstep  
  Step has positive overlap with gradient - reversing direction
    39   239.9211775210    1.82e-02     2.53e+00    reset L-BFGS
    40   236.6110388252    3.63e-01     6.47e-01              
    41   236.3098334597    1.06e-01     3.52e-01              
    42   236.2516523157    4.30e-02     1.12e-01              
    43   236.2429262157    1.62e-02     2.97e-02              
    44   236.2424404139    2.92e-03     8.58e-03              
    45   236.2424023731    5.47e-04     1.77e-03              
    46   236.2424004590    1.90e-04     4.94e-04              
    47   236.2424002185    6.44e-05     1.30e-04              
    48   236.2424002102    1.32e-05     9.37e-05              
    49   236.2424002081    6.38e-06     7.26e-06              
    50   236.2424002080    7.75e-07     3.02e-06              
    51   236.2424002080    4.48e-07     5.86e-07              
  ================================================================
  L-BFGS converged in     51 iterations (  2.46 seconds)

************************************************
 Testing random coefficient initial guess method, Trial 3
************************************************

  Initializing L-BFGS optimisation...
    > Num. MOs       =     60
    > Num. params    =    893
    > Max subspace   =     20
    > Max step size   =  0.500
    > Backtracking   =  0.100
    > Parallel tr.   = True
    > Pseudo-canon.  = True
    > Canon interval = 10
    > Hybrid prec.   = True
  ================================================================
           Energy / Eh     Step Len    Max(|G_i|)
  ================================================================
     0   453.1274686528                 8.40e+00
     1   425.1854219273    5.00e-01     6.70e+00    rescaled  
     2   402.6394405258    5.00e-01     6.54e+00    rescaled  
     3   389.8982138382    5.00e-01     6.11e+00    rescaled  
     4   379.7327188568    5.00e-01     6.21e+00    rescaled  
     5   366.4935658179    5.00e-01     7.03e+00    rescaled  
     6   355.4220138322    5.00e-01     8.11e+00    rescaled  
     7   345.7819530460    5.00e-01     8.39e+00    rescaled  
     8   345.7819530460    5.00e-01     8.39e+00    understep 
     9   338.9491254822    5.00e-01     8.60e+00    rescaled  
    10   315.3119270174    5.00e-01     7.34e+00    rescaled  
    11   293.4901553936    5.00e-01     5.65e+00    rescaled  
    12   279.4461279407    5.00e-01     7.34e+00    rescaled  
    13   268.7795473619    5.00e-01     5.62e+00    rescaled  
    14   256.0988375545    5.00e-01     4.78e+00    rescaled  
    15   247.4415697928    5.00e-01     6.23e+00    rescaled  
    16   242.7567584540    3.37e-01     4.84e+00              
    17   243.5761782051    3.46e-01     7.19e+00              
    18   242.1121523870    3.03e-01     6.33e+00    overstep  
    19   238.2675157718    2.49e-01     1.64e+00              
    20   238.4364614520    1.13e-01     2.55e+00              
    21   238.0851627910    1.02e-01     2.32e+00    overstep  
    22   237.2596908581    8.60e-02     1.14e+00              
    23   237.1364148513    5.46e-02     1.30e+00              
    24   236.5787812343    6.23e-02     6.82e-01              
    25   236.5481394341    2.87e-02     8.15e-01              
    26   236.3761577317    2.51e-02     3.91e-01              
    27   236.3159529329    1.96e-02     3.48e-01              
    28   236.2805698080    1.53e-02     1.90e-01              
    29   236.2512401281    1.34e-02     8.75e-02              
    30   236.2437243958    5.36e-03     3.40e-02              
    31   236.2426814678    3.59e-03     1.45e-02              
    32   236.2424393036    8.24e-04     5.99e-03              
    33   236.2424054984    4.06e-04     2.29e-03              
    34   236.2424009306    1.84e-04     7.32e-04              
    35   236.2424003687    1.14e-04     4.48e-04              
    36   236.2424002185    4.93e-05     1.03e-04              
    37   236.2424002084    6.62e-06     1.86e-05              
    38   236.2424002080    1.69e-06     8.03e-06              
    39   236.2424002080    1.01e-06     1.94e-06              
    40   236.2424002080    3.31e-07     5.76e-07              
  ================================================================
  L-BFGS converged in     40 iterations (  2.10 seconds)

************************************************
 Testing random coefficient initial guess method, Trial 4
************************************************

  Initializing L-BFGS optimisation...
    > Num. MOs       =     60
    > Num. params    =    893
    > Max subspace   =     20
    > Max step size   =  0.500
    > Backtracking   =  0.100
    > Parallel tr.   = True
    > Pseudo-canon.  = True
    > Canon interval = 10
    > Hybrid prec.   = True
  ================================================================
           Energy / Eh     Step Len    Max(|G_i|)
  ================================================================
     0   451.4256363654                 8.41e+00
     1   430.1226316969    5.00e-01     6.38e+00    rescaled  
     2   412.7008344127    5.00e-01     5.75e+00    rescaled  
     3   387.7522905897    5.00e-01     6.54e+00    rescaled  
     4   370.4843604672    5.00e-01     6.97e+00    rescaled  
     5   359.0394360408    5.00e-01     6.50e+00    rescaled  
     6   349.8780230840    5.00e-01     6.71e+00    rescaled  
     7   332.1941729121    5.00e-01     7.76e+00    rescaled  
     8   311.1183513280    5.00e-01     8.52e+00    rescaled  
     9   297.3518926218    5.00e-01     8.00e+00    rescaled  
    10   277.9777994616    5.00e-01     4.88e+00    rescaled  
    11   274.0386161917    5.00e-01     4.81e+00    rescaled  
    12   270.7097654206    5.00e-01     4.59e+00    rescaled  
    13   263.2188237227    5.00e-01     5.84e+00    rescaled  
    14   257.1766868860    5.00e-01     3.17e+00    rescaled  
    15   253.6000336982    5.00e-01     3.67e+00    rescaled  
    16   249.1071185014    5.00e-01     3.20e+00    rescaled  
    17   247.4017529855    5.00e-01     2.99e+00    rescaled  
    18   247.0801890840    5.00e-01     3.30e+00    rescaled  
    19   242.8799733418    3.35e-01     2.80e+00              
    20   240.1581129468    5.00e-01     3.88e+00    rescaled  
    21   244.3603040996    4.65e-01     3.71e+00              
    22   238.9074169020    2.48e-01     2.04e+00    overstep  
    23   237.5221863122    2.27e-01     2.27e+00              
    24   238.2416227968    5.00e-01     1.46e+00    rescaled  
    25   237.1815416007    3.21e-01     1.05e+00    overstep  
    26   236.9586828486    1.60e-01     1.01e+00              
    27   237.7636362756    1.51e-01     1.88e+00              
    28   236.7569227101    7.42e-02     1.42e+00    overstep  
    29   236.6855052208    1.14e-01     6.37e-01              
    30   236.4139745311    4.91e-02     7.59e-01              
    31   236.4018157864    1.81e-02     7.89e-01              
    32   236.3919119526    7.85e-03     7.26e-01              
    33   236.3942424297    5.11e-03     7.48e-01              
    34   236.3918822277    5.77e-04     7.28e-01    overstep  
  Step has positive overlap with gradient - reversing direction
    35   236.3904112475    1.91e-03     5.55e-01    reset L-BFGS
    36   236.2572281975    4.29e-02     2.14e-01              
    37   236.2432054103    2.59e-02     3.61e-02              
    38   236.2424419192    6.08e-03     8.56e-03              
    39   236.2424097332    9.23e-04     4.51e-03              
    40   236.2424005001    2.77e-04     5.99e-04              
    41   236.2424002650    5.75e-05     2.94e-04              
    42   236.2424002088    4.20e-05     5.08e-05              
    43   236.2424002088    3.70e-06     5.64e-05              
    44   236.2424002085    3.33e-06     4.57e-05    overstep  
    45   236.2424002080    1.40e-06     2.84e-06              
    46   236.2424002080    1.69e-07     1.27e-06              
    47   236.2424002080    2.01e-07     6.65e-08              
  ================================================================
  L-BFGS converged in     47 iterations (  2.85 seconds)

************************************************
 Testing random coefficient initial guess method, Trial 5
************************************************

  Initializing L-BFGS optimisation...
    > Num. MOs       =     60
    > Num. params    =    893
    > Max subspace   =     20
    > Max step size   =  0.500
    > Backtracking   =  0.100
    > Parallel tr.   = True
    > Pseudo-canon.  = True
    > Canon interval = 10
    > Hybrid prec.   = True
  ================================================================
           Energy / Eh     Step Len    Max(|G_i|)
  ================================================================
     0   450.4338779257                 6.74e+00
     1   423.5934986021    5.00e-01     7.58e+00    rescaled  
     2   402.0247096150    5.00e-01     6.98e+00    rescaled  
     3   378.2669298241    5.00e-01     8.59e+00    rescaled  
     4   359.9502158389    5.00e-01     9.37e+00    rescaled  
     5   342.1010856006    5.00e-01     8.89e+00    rescaled  
     6   330.1827509053    5.00e-01     8.58e+00    rescaled  
     7   310.6522025320    5.00e-01     6.17e+00    rescaled  
     8   296.6676259111    5.00e-01     5.59e+00    rescaled  
     9   270.0257824987    3.46e-01     5.85e+00              
    10   257.8524011205    5.00e-01     4.88e+00    rescaled  
    11   251.3884649071    5.00e-01     7.03e+00    rescaled  
    12   247.5263855469    5.00e-01     5.74e+00    rescaled  
    13   243.2464296691    5.00e-01     3.68e+00    rescaled  
    14   238.1993748548    3.81e-01     1.95e+00              
    15   238.0814707614    3.15e-01     1.55e+00              
    16   236.9893638040    1.25e-01     1.09e+00              
    17   236.9252699105    9.14e-02     1.37e+00              
    18   236.5741420029    6.44e-02     6.04e-01              
    19   236.5395895096    8.47e-02     7.87e-01              
    20   236.3112803796    4.33e-02     3.23e-01              
    21   236.3502139370    3.57e-02     3.73e-01              
    22   236.2910157977    2.57e-02     2.52e-01    overstep  
    23   236.2561093624    9.04e-03     9.41e-02              
    24   236.2468580913    9.74e-03     7.10e-02              
    25   236.2440170382    4.41e-03     4.05e-02              
    26   236.2426936840    2.97e-03     1.61e-02              
    27   236.2424683579    2.22e-03     9.58e-03              
    28   236.2424064729    6.40e-04     2.55e-03              
    29   236.2424012501    1.74e-04     1.05e-03              
    30   236.2424003783    1.07e-04     3.47e-04              
    31   236.2424002384    3.79e-05     2.07e-04              
    32   236.2424002138    1.80e-05     7.22e-05              
    33   236.2424002083    8.50e-06     1.47e-05              
    34   236.2424002080    1.86e-06     5.09e-06              
    35   236.2424002080    2.62e-07     1.14e-06              
    36   236.2424002080    5.39e-08     2.39e-07              
  ================================================================
  L-BFGS converged in     36 iterations (  1.72 seconds)

************************************************
 Testing random coefficient initial guess method, Trial 6
************************************************

  Initializing L-BFGS optimisation...
    > Num. MOs       =     60
    > Num. params    =    893
    > Max subspace   =     20
    > Max step size   =  0.500
    > Backtracking   =  0.100
    > Parallel tr.   = True
    > Pseudo-canon.  = True
    > Canon interval = 10
    > Hybrid prec.   = True
  ================================================================
           Energy / Eh     Step Len    Max(|G_i|)
  ================================================================
     0   455.3757359901                 6.89e+00
     1   439.2387134634    5.00e-01     6.79e+00    rescaled  
     2   426.1397700082    5.00e-01     6.31e+00    rescaled  
     3   411.7891512325    5.00e-01     6.18e+00    rescaled  
     4   400.9043586162    5.00e-01     6.27e+00    rescaled  
     5   387.6665289572    5.00e-01     7.11e+00    rescaled  
     6   376.3485727326    5.00e-01     7.23e+00    rescaled  
     7   363.2460206166    5.00e-01     6.76e+00    rescaled  
     8   352.8561637526    5.00e-01     6.67e+00    rescaled  
     9   344.2859101158    5.00e-01     6.97e+00    rescaled  
    10   336.5370814718    5.00e-01     7.39e+00    rescaled  
    11   324.0957684439    5.00e-01     5.87e+00    rescaled  
    12   313.2508349212    5.00e-01     5.62e+00    rescaled  
    13   306.9577598743    5.00e-01     5.69e+00    rescaled  
    14   302.4912450689    5.00e-01     5.46e+00    rescaled  
    15   289.9455202911    5.00e-01     5.33e+00    rescaled  
    16   279.9246283080    5.00e-01     5.39e+00    rescaled  
    17   267.8712767129    5.00e-01     4.35e+00    rescaled  
    18   258.3318492442    5.00e-01     3.85e+00    rescaled  
    19   251.0316776587    5.00e-01     2.68e+00    rescaled  
    20   259.8377772714    5.00e-01     7.89e+00    rescaled  
    21   248.4091309837    2.81e-01     4.45e+00    overstep  
    22   250.2165035980    5.00e-01     3.39e+00    rescaled  
    23   247.0605851756    4.22e-01     3.17e+00    overstep  
    24   254.1886236642    4.46e-01     4.66e+00              
    25   244.1794569446    2.98e-01     4.15e+00    overstep  
    26   239.4786990995    3.54e-01     1.94e+00              
    27   239.1014296110    1.48e-01     1.43e+00              
    28   238.9159557327    1.78e-01     1.41e+00              
    29   238.1592760225    1.28e-01     1.60e+00              
    30   236.9701560774    9.90e-02     8.38e-01              
    31   236.8460563979    6.92e-02     1.06e+00              
    32   236.3082951480    5.77e-02     3.09e-01              
    33   236.2982325533    2.69e-02     3.20e-01              
    34   236.2591129228    1.58e-02     1.57e-01              
    35   236.2497232941    1.21e-02     8.51e-02              
    36   236.2429904713    6.49e-03     2.28e-02              
    37   236.2425632126    1.30e-03     1.26e-02              
    38   236.2424269311    7.48e-04     4.89e-03              
    39   236.2424042230    4.49e-04     1.95e-03              
    40   236.2424004377    2.06e-04     4.35e-04              
    41   236.2424002295    4.55e-05     1.41e-04              
    42   236.2424002096    1.37e-05     3.18e-05              
    43   236.2424002081    4.44e-06     9.29e-06              
    44   236.2424002080    9.54e-07     3.50e-06              
    45   236.2424002080    2.37e-07     4.60e-07              
  ================================================================
  L-BFGS converged in     45 iterations (  3.05 seconds)

************************************************
 Testing random coefficient initial guess method, Trial 7
************************************************

  Initializing L-BFGS optimisation...
    > Num. MOs       =     60
    > Num. params    =    893
    > Max subspace   =     20
    > Max step size   =  0.500
    > Backtracking   =  0.100
    > Parallel tr.   = True
    > Pseudo-canon.  = True
    > Canon interval = 10
    > Hybrid prec.   = True
  ================================================================
           Energy / Eh     Step Len    Max(|G_i|)
  ================================================================
     0   461.1703058666                 7.89e+00
     1   446.5405967359    5.00e-01     7.07e+00    rescaled  
     2   434.0779763064    5.00e-01     6.61e+00    rescaled  
     3   416.3142912441    5.00e-01     6.32e+00    rescaled  
     4   393.5960361198    5.00e-01     5.89e+00    rescaled  
     5   377.3655659342    5.00e-01     5.60e+00    rescaled  
     6   364.9035455486    5.00e-01     5.42e+00    rescaled  
     7   356.0672532397    5.00e-01     5.44e+00    rescaled  
     8   349.8428940471    5.00e-01     5.48e+00    rescaled  
     9   340.9621410021    5.00e-01     5.43e+00    rescaled  
    10   333.5474024940    5.00e-01     5.28e+00    rescaled  
    11   317.0744184299    5.00e-01     6.13e+00    rescaled  
    12   306.6401521875    5.00e-01     5.42e+00    rescaled  
    13   298.8392794469    5.00e-01     4.65e+00    rescaled  
    14   292.9440742103    5.00e-01     4.65e+00    rescaled  
    15   286.8076075384    5.00e-01     4.86e+00    rescaled  
    16   280.5378116390    5.00e-01     4.14e+00    rescaled  
    17   268.4739644485    5.00e-01     5.03e+00    rescaled  
    18   256.3856312299    5.00e-01     4.51e+00    rescaled  
    19   256.3435330777    5.00e-01     6.59e+00    rescaled  
    20   254.6312747284    5.00e-01     6.97e+00    rescaled  
    21   249.0689531904    5.00e-01     5.50e+00    rescaled  
    22   244.5042535804    5.00e-01     3.65e+00    rescaled  
    23   246.3523722290    3.79e-01     3.59e+00              
    24   243.1179621952    3.26e-01     2.87e+00    overstep  
    25   240.6442577110    3.40e-01     2.56e+00              
    26   242.5791079032    5.00e-01     4.02e+00    rescaled  
    27   239.4950269244    3.84e-01     2.81e+00    overstep  
    28   240.0048128896    1.63e-01     1.93e+00              
    29   239.0919739773    1.45e-01     1.63e+00    overstep  
    30   239.4860700679    4.47e-01     2.41e+00              
    31   238.6925149001    4.03e-01     2.15e+00    overstep  
    32   238.6050375183    1.41e-01     1.66e+00              
    33   236.8321824905    1.38e-01     1.09e+00              
    34   237.1482834441    1.01e-01     1.40e+00              
    35   236.6578011133    7.52e-02     1.12e+00    overstep  
    36   236.4187788195    6.51e-02     4.22e-01              
    37   236.3368092994    5.05e-02     3.86e-01              
    38   236.2544858639    1.65e-02     1.67e-01              
    39   236.2481151646    1.15e-02     7.37e-02              
    40   236.2428744170    8.95e-03     2.33e-02              
    41   236.2424926826    2.14e-03     9.64e-03              
    42   236.2424087562    7.97e-04     3.13e-03              
    43   236.2424017263    2.17e-04     1.61e-03              
    44   236.2424003235    6.47e-05     2.89e-04              
    45   236.2424002190    2.00e-05     7.93e-05              
    46   236.2424002086    1.01e-05     2.32e-05              
    47   236.2424002081    3.10e-06     1.47e-05              
    48   236.2424002080    5.26e-07     1.41e-06              
    49   236.2424002080    1.15e-07     6.11e-07              
  ================================================================
  L-BFGS converged in     49 iterations (  2.82 seconds)

************************************************
 Testing random coefficient initial guess method, Trial 8
************************************************

  Initializing L-BFGS optimisation...
    > Num. MOs       =     60
    > Num. params    =    893
    > Max subspace   =     20
    > Max step size   =  0.500
    > Backtracking   =  0.100
    > Parallel tr.   = True
    > Pseudo-canon.  = True
    > Canon interval = 10
    > Hybrid prec.   = True
  ================================================================
           Energy / Eh     Step Len    Max(|G_i|)
  ================================================================
     0   442.1225384041                 7.09e+00
     1   421.8823258329    5.00e-01     7.02e+00    rescaled  
     2   406.1698830840    5.00e-01     6.76e+00    rescaled  
     3   394.8093898917    5.00e-01     7.08e+00    rescaled  
     4   385.4101393598    5.00e-01     7.07e+00    rescaled  
     5   376.2611186460    5.00e-01     7.39e+00    rescaled  
     6   368.6896536363    5.00e-01     7.41e+00    rescaled  
     7   354.2236026257    5.00e-01     7.98e+00    rescaled  
     8   340.1444408843    5.00e-01     8.50e+00    rescaled  
     9   325.5276953483    5.00e-01     7.90e+00    rescaled  
    10   311.3307815425    5.00e-01     6.28e+00    rescaled  
    11   298.8513473784    5.00e-01     6.23e+00    rescaled  
    12   287.8662252171    5.00e-01     6.33e+00    rescaled  
    13   277.7013858450    5.00e-01     5.92e+00    rescaled  
    14   268.4175013252    5.00e-01     5.58e+00    rescaled  
    15   261.2456488674    5.00e-01     5.30e+00    rescaled  
    16   255.5663233130    5.00e-01     5.22e+00    rescaled  
    17   249.8968453922    5.00e-01     4.10e+00    rescaled  
    18   242.9003712962    5.00e-01     3.77e+00    rescaled  
    19   244.6969173440    5.00e-01     6.44e+00    rescaled  
    20   241.6896746427    3.96e-01     4.50e+00    overstep  
    21   259.0950102512    5.00e-01     5.89e+00    rescaled  
    22   241.3730005592    7.11e-02     4.86e+00    overstep  
    23   243.7330426152    5.00e-01     2.72e+00    rescaled  
    24   240.1094543393    3.65e-01     1.89e+00    overstep  
    25   241.1717585300    2.27e-01     2.85e+00              
    26   239.3736142917    1.90e-01     2.16e+00    overstep  
    27   237.1956150482    2.19e-01     1.15e+00              
    28   237.3110409341    1.48e-01     1.53e+00              
    29   237.0541680973    1.33e-01     1.33e+00    overstep  
    30   236.8605786475    6.91e-02     9.85e-01              
    31   236.6765081028    7.76e-02     8.67e-01              
    32   236.3142167357    4.80e-02     2.38e-01              
    33   236.3108107893    5.61e-02     3.14e-01              
    34   236.2480512756    3.32e-02     9.33e-02              
    35   236.2459103823    5.76e-03     6.67e-02              
    36   236.2435294942    3.12e-03     3.92e-02              
    37   236.2429769893    2.92e-03     6.02e-02              
    38   236.2424811214    1.92e-03     1.09e-02              
    39   236.2424159320    5.06e-04     4.29e-03              
    40   236.2424033738    3.09e-04     1.67e-03              
    41   236.2424005852    1.00e-04     8.87e-04              
    42   236.2424002560    9.57e-05     2.14e-04              
    43   236.2424002101    1.49e-05     3.88e-05              
    44   236.2424002082    3.06e-06     1.25e-05              
    45   236.2424002080    1.41e-06     3.11e-06              
    46   236.2424002080    3.27e-07     1.64e-06              
    47   236.2424002080    1.23e-07     1.38e-07              
  ================================================================
  L-BFGS converged in     47 iterations (  3.23 seconds)

************************************************
 Testing random coefficient initial guess method, Trial 9
************************************************

  Initializing L-BFGS optimisation...
    > Num. MOs       =     60
    > Num. params    =    893
    > Max subspace   =     20
    > Max step size   =  0.500
    > Backtracking   =  0.100
    > Parallel tr.   = True
    > Pseudo-canon.  = True
    > Canon interval = 10
    > Hybrid prec.   = True
  ================================================================
           Energy / Eh     Step Len    Max(|G_i|)
  ================================================================
     0   458.2387826121                 8.09e+00
     1   446.2409908239    5.00e-01     7.15e+00    rescaled  
     2   435.8709948706    5.00e-01     6.85e+00    rescaled  
     3   410.5190873619    5.00e-01     5.89e+00    rescaled  
     4   391.8792289137    5.00e-01     5.26e+00    rescaled  
     5   378.8562924986    5.00e-01     5.27e+00    rescaled  
     6   368.8366794160    5.00e-01     5.51e+00    rescaled  
     7   355.2763377737    5.00e-01     6.53e+00    rescaled  
     8   343.5002305527    5.00e-01     6.89e+00    rescaled  
     9   326.7411537769    5.00e-01     7.48e+00    rescaled  
    10   316.6476123293    5.00e-01     7.84e+00    rescaled  
    11   308.0011403507    5.00e-01     7.25e+00    rescaled  
    12   297.7123383791    5.00e-01     7.00e+00    rescaled  
    13   287.0676142484    5.00e-01     5.28e+00    rescaled  
    14   274.1629280354    5.00e-01     5.03e+00    rescaled  
    15   262.9220637637    5.00e-01     6.45e+00    rescaled  
    16   251.0855693701    5.00e-01     4.08e+00    rescaled  
    17   257.2820178029    5.00e-01     4.57e+00    rescaled  
    18   247.6386129065    3.63e-01     3.52e+00    overstep  
    19   239.5959344193    2.87e-01     3.02e+00              
    20   245.4608441671    5.00e-01     8.91e+00    rescaled  
    21   238.1176792387    2.53e-01     3.47e+00    overstep  
    22   237.5163932147    2.61e-01     3.39e+00              
    23   236.8391728102    7.93e-02     7.23e-01              
    24   236.9296327878    8.67e-02     8.80e-01              
    25   236.7671031798    7.74e-02     7.65e-01    overstep  
    26   236.5862584938    4.61e-02     6.90e-01              
    27   236.7072108267    5.73e-02     9.23e-01              
    28   236.5064360934    4.66e-02     6.72e-01    overstep  
    29   236.3177149058    3.69e-02     3.49e-01              
    30   236.2851626171    1.93e-02     1.80e-01              
    31   236.2639279667    1.60e-02     1.33e-01              
    32   236.2509306693    7.31e-03     8.07e-02              
    33   236.2511379219    9.80e-03     1.24e-01              
    34   236.2492247658    8.82e-03     1.04e-01    overstep  
    35   236.2459271966    5.77e-03     6.12e-02              
    36   236.2432047348    3.14e-03     3.39e-02              
    37   236.2425045879    1.32e-03     1.31e-02              
    38   236.2424210977    1.13e-03     4.92e-03              
    39   236.2424027955    4.24e-04     1.37e-03              
    40   236.2424005202    1.35e-04     6.02e-04              
    41   236.2424002287    5.42e-05     1.50e-04              
    42   236.2424002093    1.25e-05     3.21e-05              
    43   236.2424002081    4.12e-06     1.34e-05              
    44   236.2424002080    1.15e-06     2.91e-06              
    45   236.2424002080    1.33e-07     4.33e-07              
  ================================================================
  L-BFGS converged in     45 iterations (  2.28 seconds)
