  FCIDUMP file : FCIDUMP/FCIDUMP_TTM-TTM
  NORB         : 54
  NELEC        : 70  (nalpha=35, nbeta=35)
  Scalar pot.  :  7295.6255042778
===============================================
 Testing CSF optimisation method
===============================================

************************************************
 Testing 'gwh' initial guess method
************************************************

  Initializing L-BFGS optimisation...
    > Num. MOs       =     54
    > Num. params    =    717
    > Max subspace   =     20
    > Max step size   =  0.500
    > Backtracking   =  0.100
    > Parallel tr.   = True
    > Pseudo-canon.  = True
    > Canon interval = 10
    > Hybrid prec.   = True
  ================================================================
           Energy / Eh     Step Len    Max(|G_i|)
  ================================================================
     0    21.9069599854                 5.89e+00
     1    19.0798170006    5.00e-01     4.72e+00    rescaled  
     2    17.7500698702    5.00e-01     3.31e+00    rescaled  
     3    14.4774317910    5.00e-01     2.39e+00    rescaled  
     4    13.1436029161    5.00e-01     2.70e+00    rescaled  
     5     8.2906014219    5.00e-01     3.50e+00    rescaled  
  Step has positive overlap with gradient - reversing direction
     6     7.8012301000    5.00e-01     5.63e+00    reset L-BFGS
     7     3.4946865530    5.00e-01     3.76e+00    rescaled  
     8     0.7800959055    5.00e-01     2.92e+00    rescaled  
     9    -1.1440245761    5.00e-01     2.83e+00    rescaled  
  Step has positive overlap with gradient - reversing direction
    10    -3.2512354360    5.00e-01     3.33e+00    reset L-BFGS
    11    -5.1761906939    5.00e-01     2.35e+00    rescaled  
    12    -5.1761906939    5.00e-01     2.35e+00    understep 
  Step has positive overlap with gradient - reversing direction
    13    -7.1795137201    5.00e-01     2.96e+00    reset L-BFGS
    14    -9.1332678827    5.00e-01     2.96e+00    rescaled  
  Step has positive overlap with gradient - reversing direction
    15   -11.2138137344    5.00e-01     3.07e+00    reset L-BFGS
    16   -13.1212207913    5.00e-01     1.43e+00    rescaled  
    17   -13.8832092675    5.00e-01     1.40e+00    rescaled  
    18   -14.2106198170    1.84e-01     1.29e+00              
    19   -14.5084905926    1.31e-01     1.91e+00              
    20   -13.1597302193    5.00e-01     2.33e+00    rescaled  
    21   -14.6931245226    1.43e-01     1.22e+00    overstep  
    22   -14.8841041560    6.16e-02     9.76e-01              
    23   -15.2380679356    1.62e-01     4.95e-01              
    24   -15.3170204529    1.20e-01     9.78e-01              
    25   -15.3978067172    5.41e-02     1.35e-01              
    26   -15.4102616207    3.10e-02     8.30e-02              
    27   -15.4153376672    3.68e-02     3.67e-02              
    28   -15.4150262025    1.03e-02     3.89e-02              
    29   -15.4155147990    7.74e-03     2.59e-02    overstep  
    30   -15.4158508258    2.90e-03     4.53e-03              
    31   -15.4158604080    6.02e-04     3.06e-03              
    32   -15.4158660413    9.82e-04     1.40e-03              
    33   -15.4158673705    6.17e-04     8.51e-04              
    34   -15.4158676084    8.56e-05     4.46e-04              
    35   -15.4158676633    3.66e-05     7.14e-05              
    36   -15.4158676662    9.11e-06     4.30e-05              
    37   -15.4158676676    1.35e-05     1.67e-05              
    38   -15.4158676675    2.37e-06     2.36e-05              
    39   -15.4158676676    1.66e-06     1.15e-05    overstep  
    40   -15.4158676677    5.38e-07     1.27e-06              
    41   -15.4158676677    1.16e-07     5.69e-07              
  ================================================================
  L-BFGS converged in     41 iterations (  2.25 seconds)

  Initializing Davidson diagonalisation...
    > Max iterations =   1000
    > Target states  =      5
    > Convergence    =  1.000e-04
    > Basis per root =      4
    > Max basis size =     20
  Davidson diagonalisation converged in     26 iterations (  4.82 seconds)

   --------------------------
    Converged eigenvalues:   
   --------------------------
       0        2.00978119   
       1        2.12353937   
       2        2.43970677   
       3        2.53700538   
       4        2.78801938   
   --------------------------

 ---------------------------------------------
         Total Energy =   -15.41586767 Eh
              Nuclear =  7295.62550428 Eh
         One Electron = -14203.75652675 Eh
              Coulomb =  7166.54433558 Eh
        ROHF Exchange =  -273.82918078 Eh
 ---------------------------------------------
           <Sz> =  0.00
           <S2> =  0.00
  Spin Coupling = +-

 -----------------------------------------------------------------------------------------------
  Open-Shell Exchange Matrix <Ψ|Êpq Êqp|Ψ> - Np
 -----------------------------------------------------------------------------------------------
           1              2        
   1   0.00000000     1.00000000   
   2   1.00000000     0.00000000   

 -----------------------------------------------------------------------------------------------
  Open-Shell Exchange Integrals <pq|qp>
 -----------------------------------------------------------------------------------------------
           1              2        
   1   3.49375954     0.00153008   
   2   0.00153008     3.50848492   

 -----------------------------------------------------------------------------------------------
  Occupied Orbital Coefficients
 -----------------------------------------------------------------------------------------------
           1              2              3              4              5              6        
   1  -0.99997818    -0.00641192     0.00121334     0.00030358    -0.00000049    -0.00017876   
   2   0.00641249    -0.99997879     0.00013950    -0.00037541    -0.00000898     0.00037984   
   3  -0.00121260    -0.00014643    -0.99999601    -0.00238977     0.00011664    -0.00055489   
   4   0.00030306    -0.00037403    -0.00238976     0.99999657     0.00021110    -0.00081306   
   5   0.00000032     0.00000884    -0.00011715     0.00021082    -0.99999996    -0.00000498   
   6   0.00018185    -0.00037734     0.00055657    -0.00081216     0.00000471    -0.99999876   
   7   0.00031720     0.00021475     0.00045066     0.00010613     0.00000151     0.00009912   
   8  -0.00006543    -0.00026485     0.00014278     0.00011405     0.00000348    -0.00057774   
   9  -0.00004641     0.00005653    -0.00001428    -0.00005054     0.00000731     0.00003555   
  10   0.00003523     0.00000023     0.00009430    -0.00017114     0.00001880     0.00005861   
  11  -0.00009224     0.00007600     0.00003951    -0.00011788    -0.00000700     0.00001373   
  12   0.00000694     0.00005248    -0.00000992     0.00018685     0.00001627     0.00013315   
  13  -0.00004428     0.00005515     0.00007624     0.00000652     0.00001479    -0.00011512   
  14  -0.00002608     0.00002776     0.00009426     0.00003776    -0.00000723    -0.00009270   
  15  -0.00000088     0.00000391     0.00000970     0.00005358    -0.00001188     0.00000429   
  16  -0.00000842     0.00000232    -0.00001054     0.00009530     0.00000470     0.00001343   
  17  -0.00004071    -0.00002371    -0.00018336    -0.00006820     0.00000969    -0.00010693   
  18  -0.00004496    -0.00020234     0.00001854     0.00005581     0.00000672    -0.00023628   
  19   0.00013677     0.00006998    -0.00000792     0.00005577    -0.00000718     0.00001699   
  20   0.00002152     0.00005634    -0.00000097    -0.00004764    -0.00000607     0.00000591   
  21  -0.00000166     0.00000364     0.00001991     0.00001738     0.00002406    -0.00003195   
  22  -0.00000190     0.00000207     0.00001745     0.00001056    -0.00003484    -0.00001279   
  23  -0.00010910    -0.00005165     0.00007134     0.00000949    -0.00000138     0.00001781   
  24  -0.00001152    -0.00005263     0.00001771    -0.00002811    -0.00000090     0.00010815   
  25  -0.00000939     0.00000712    -0.00000249    -0.00001472    -0.00003479     0.00002139   
  26  -0.00003045     0.00005505     0.00000511    -0.00000201    -0.00000137     0.00000825   
  27  -0.00009661    -0.00010627     0.00000982    -0.00000109    -0.00000121    -0.00003067   
  28   0.00001840    -0.00000914     0.00000174     0.00002458    -0.00004148    -0.00000233   
  29  -0.00000588     0.00000670     0.00001269    -0.00001372    -0.00001085    -0.00002472   
  30  -0.00002979    -0.00000841     0.00000716    -0.00003159     0.00000329     0.00000379   
  31   0.00000221     0.00000188     0.00002342     0.00000854    -0.00003161    -0.00002329   
  32  -0.00000232    -0.00000706    -0.00001397    -0.00002232    -0.00004137    -0.00000289   
  33   0.00000547     0.00003475     0.00000213     0.00000181    -0.00000748     0.00012966   
  34   0.00000052    -0.00000363    -0.00000039    -0.00001767     0.00002505     0.00000396   
  35   0.00085589     0.00042508     0.00039184     0.00018368    -0.00002750     0.00002337   
  36  -0.00012210    -0.00077788     0.00008059     0.00019041     0.00002938    -0.00090703   
  37  -0.00003833    -0.00003570     0.00002270     0.00001833    -0.00000040    -0.00000847   
  38  -0.00002738     0.00001760    -0.00000651    -0.00000085    -0.00000582     0.00002098   
  39  -0.00000390     0.00000869     0.00000245     0.00003004     0.00000417    -0.00001227   
  40  -0.00002172     0.00001324     0.00000894     0.00001063    -0.00000706    -0.00000297   
  41  -0.00001405     0.00001490     0.00001499     0.00001471     0.00000881    -0.00001606   
  42  -0.00004949    -0.00006470    -0.00000635     0.00000039     0.00000457    -0.00003775   
  43   0.00003635    -0.00002743     0.00003061     0.00003607    -0.00000093    -0.00004582   
  44   0.00000560    -0.00000289     0.00002483     0.00000878    -0.00001142    -0.00000580   
  45  -0.00002454    -0.00000916     0.00000799    -0.00000014     0.00000354     0.00001194   
  46  -0.00001643     0.00001679     0.00000065     0.00003308     0.00000748    -0.00000855   
  47  -0.00000482     0.00000179    -0.00000085     0.00000299    -0.00002420     0.00000028   
  48  -0.00000182    -0.00003224     0.00000464     0.00003777     0.00000298    -0.00001805   
  49   0.00005944     0.00004463     0.00000995     0.00002502    -0.00000588     0.00000543   
  50   0.00000296     0.00006028    -0.00001200    -0.00001259    -0.00000163     0.00013325   
  51  -0.00000154     0.00000060    -0.00000183    -0.00000200    -0.00005011    -0.00000155   
  52  -0.00000718     0.00000513     0.00000687    -0.00001212     0.00000392    -0.00001280   
  53  -0.00000360     0.00000860     0.00001161     0.00000122     0.00000125     0.00003474   
  54  -0.00000009    -0.00000167    -0.00001071    -0.00000184     0.00000092     0.00001463   
           7              8              9              10             11             12       
   1  -0.00031491    -0.00006700     0.00004688     0.00003429     0.00009180    -0.00000730   
   2  -0.00021068    -0.00026124    -0.00005728     0.00000120    -0.00007532    -0.00005213   
   3  -0.00045047     0.00014198     0.00001438     0.00009543    -0.00003695     0.00001029   
   4   0.00010440    -0.00011342    -0.00005277     0.00017364    -0.00011587     0.00018505   
   5  -0.00000165     0.00000335    -0.00000715     0.00001861     0.00000746    -0.00001606   
   6  -0.00009817    -0.00057446    -0.00003660     0.00005751    -0.00001198    -0.00013587   
   7  -0.99999255    -0.00101189     0.00009599    -0.00066902     0.00025651    -0.00006894   
   8  -0.00101402     0.99999170     0.00017878     0.00014761     0.00034307    -0.00003163   
   9  -0.00009089     0.00017652    -0.99989685    -0.00324772     0.01219462    -0.00123296   
  10  -0.00066670    -0.00015409    -0.00304896     0.99983526     0.01718099    -0.00366056   
  11  -0.00026945     0.00034299    -0.01222727     0.01712834    -0.99973875    -0.00716227   
  12   0.00007443    -0.00003135     0.00143126    -0.00373934     0.00711793    -0.99984667   
  13   0.00000612     0.00013988     0.00630482     0.00216853     0.00094097     0.01493275   
  14   0.00007528    -0.00005327     0.00082361     0.00175068     0.00457073     0.00396116   
  15   0.00010474    -0.00019234    -0.00205136     0.00010361     0.00013592    -0.00064912   
  16   0.00013868    -0.00037138    -0.00074738    -0.00053909    -0.00233145    -0.00105344   
  17   0.00096511    -0.00006213    -0.00035894    -0.00131510    -0.00058644     0.00018568   
  18  -0.00019097     0.00006860     0.00008770     0.00004626     0.00012664     0.00012736   
  19   0.00020680     0.00012295     0.00003471    -0.00007342     0.00006735     0.00003732   
  20   0.00005573     0.00000424    -0.00001932     0.00000306    -0.00002725    -0.00002645   
  21   0.00001025     0.00001726     0.00014537    -0.00011366     0.00007090    -0.00012092   
  22   0.00001243     0.00000806    -0.00007137    -0.00005632     0.00016758    -0.00006825   
  23  -0.00026266    -0.00009754    -0.00001230     0.00012127    -0.00006028     0.00001197   
  24  -0.00003001    -0.00000714     0.00000874    -0.00006093     0.00002282    -0.00011083   
  25   0.00001359    -0.00004769    -0.00003714     0.00001466     0.00003593    -0.00001354   
  26   0.00001459     0.00001862    -0.00005200    -0.00000972    -0.00009756     0.00001547   
  27  -0.00010821    -0.00007257    -0.00000258     0.00002457    -0.00002137    -0.00004162   
  28  -0.00002624     0.00003905    -0.00003098    -0.00003162    -0.00000066    -0.00001178   
  29   0.00001904    -0.00001936     0.00004078     0.00001602     0.00002186     0.00002115   
  30  -0.00017195    -0.00002158     0.00000357     0.00000582     0.00000427    -0.00003672   
  31   0.00003220    -0.00001655    -0.00001465     0.00000345     0.00004405     0.00000197   
  32  -0.00003183     0.00000817    -0.00000797     0.00000314     0.00000127     0.00002165   
  33   0.00000741     0.00016673    -0.00000408    -0.00000635    -0.00001447    -0.00002894   
  34  -0.00004345     0.00003200    -0.00000504    -0.00001862     0.00001136     0.00001048   
  35   0.00341955     0.00032761     0.00012896     0.00106985     0.00000914     0.00017383   
  36  -0.00027248    -0.00381362     0.00000797     0.00010503     0.00000070     0.00005661   
  37  -0.00006482    -0.00003870    -0.00000122    -0.00005439     0.00000130    -0.00002039   
  38  -0.00002077     0.00000881    -0.00000829    -0.00000333    -0.00000293     0.00001800   
  39  -0.00000358    -0.00006177     0.00000942    -0.00000794     0.00001195    -0.00000605   
  40  -0.00001123     0.00000091     0.00000596     0.00001444    -0.00000600     0.00001943   
  41  -0.00000640     0.00000232    -0.00000134     0.00001880    -0.00000250     0.00002527   
  42  -0.00003171    -0.00000248    -0.00000376     0.00002018    -0.00000407    -0.00000184   
  43   0.00001002     0.00000572     0.00000358    -0.00002127     0.00001134     0.00000123   
  44  -0.00001640    -0.00003033     0.00000298     0.00002035     0.00001938    -0.00001364   
  45  -0.00008064    -0.00004471     0.00000609     0.00000887    -0.00001136    -0.00000630   
  46   0.00005756    -0.00003542     0.00001083    -0.00003511     0.00001439    -0.00003802   
  47   0.00001579     0.00000177    -0.00001174    -0.00001076     0.00000851    -0.00000108   
  48   0.00002498    -0.00011158     0.00001262     0.00000224     0.00000716    -0.00002636   
  49   0.00013785     0.00004409    -0.00000152    -0.00003982     0.00001090     0.00001469   
  50   0.00000463    -0.00012112     0.00001568     0.00001358    -0.00000029    -0.00008015   
  51   0.00000799     0.00000976    -0.00009246     0.00000417     0.00004837     0.00001166   
  52  -0.00002393     0.00003278    -0.00002877     0.00001632    -0.00005929     0.00003548   
  53  -0.00001167     0.00001301    -0.00001474    -0.00001278    -0.00001054     0.00005247   
  54   0.00010134    -0.00002182     0.00000006    -0.00012850     0.00001868     0.00001125   
           13             14             15             16             17             18       
   1   0.00004469    -0.00002611     0.00000068     0.00000788     0.00004049     0.00004427   
   2  -0.00005702     0.00002808    -0.00000385    -0.00000232     0.00002348     0.00019576   
   3  -0.00007642     0.00009349    -0.00001014     0.00000912     0.00018342    -0.00001819   
   4   0.00000919    -0.00003763     0.00005369     0.00009580    -0.00006742     0.00005478   
   5  -0.00001499    -0.00000740     0.00001188    -0.00000465    -0.00000971    -0.00000645   
   6   0.00011375    -0.00009121    -0.00000405    -0.00001288     0.00010657     0.00023019   
   7  -0.00000886     0.00007553    -0.00010427    -0.00013713    -0.00096359     0.00018422   
   8   0.00014165     0.00005134    -0.00019275    -0.00037255    -0.00006516     0.00009655   
   9  -0.00632955     0.00071996     0.00204411     0.00071185     0.00036496    -0.00008732   
  10   0.00212654    -0.00179397     0.00011631    -0.00056026    -0.00133010     0.00004852   
  11  -0.00113118     0.00457685    -0.00009865     0.00231782     0.00057690    -0.00012826   
  12  -0.01496256     0.00379958     0.00062875     0.00101157    -0.00016791    -0.00012870   
  13  -0.99982111    -0.00924401    -0.00165991    -0.00074476     0.00075199    -0.00010832   
  14  -0.00917151     0.99992878     0.00144872    -0.00392709     0.00064489    -0.00006046   
  15   0.00162314     0.00147020    -0.99999462     0.00063221    -0.00090078     0.00002945   
  16   0.00075595    -0.00390125    -0.00063212    -0.99998393    -0.00286224     0.00011716   
  17  -0.00076465     0.00065232     0.00090276     0.00286070    -0.99999301    -0.00017256   
  18   0.00011235    -0.00006159    -0.00003001    -0.00011814     0.00017082    -0.99997012   
  19   0.00000886     0.00000931    -0.00002325    -0.00000620    -0.00042069    -0.00046901   
  20   0.00001414    -0.00002974     0.00001725     0.00002545     0.00006825    -0.00200059   
  21   0.00000245     0.00001751    -0.00008715    -0.00009566     0.00000153     0.00006816   
  22  -0.00001031     0.00005196     0.00001117    -0.00008693    -0.00000476     0.00008222   
  23  -0.00003345     0.00002735    -0.00000288    -0.00004249     0.00019491     0.00043658   
  24   0.00000449    -0.00001072     0.00003359     0.00003516    -0.00006705     0.00132529   
  25   0.00005618     0.00002096    -0.00008707    -0.00003953     0.00001013     0.00024038   
  26  -0.00008347     0.00006127    -0.00001903    -0.00002962    -0.00003147     0.00012168   
  27  -0.00000734     0.00001277    -0.00000093    -0.00000501     0.00000293     0.00025426   
  28  -0.00002151     0.00001719     0.00001194     0.00010762    -0.00003224    -0.00008212   
  29  -0.00002222    -0.00002953     0.00000063    -0.00002022    -0.00000795    -0.00006501   
  30  -0.00000311     0.00000046    -0.00001384    -0.00004624     0.00010903     0.00012287   
  31   0.00002116     0.00001550     0.00002112     0.00004080    -0.00003317     0.00000643   
  32  -0.00005209     0.00001107     0.00000417    -0.00005992     0.00000978    -0.00026444   
  33  -0.00002281    -0.00000891     0.00004730     0.00005428    -0.00005635     0.00076542   
  34   0.00000233     0.00006851    -0.00003201     0.00001815    -0.00004378    -0.00003318   
  35   0.00006357    -0.00001230    -0.00012835    -0.00034323     0.00046541    -0.00120753   
  36   0.00009001    -0.00006870    -0.00004737    -0.00009302    -0.00006272     0.00702995   
  37  -0.00000660     0.00000654     0.00000512     0.00003573     0.00006939     0.00011403   
  38   0.00000154    -0.00000530     0.00003180     0.00000086    -0.00002288     0.00005401   
  39   0.00000827    -0.00000868     0.00000886     0.00000667    -0.00001147     0.00071732   
  40  -0.00000748    -0.00001116    -0.00000452    -0.00001380    -0.00001452     0.00003757   
  41   0.00000976     0.00001208    -0.00002444    -0.00001591     0.00000263    -0.00002567   
  42  -0.00000031     0.00000296    -0.00001254     0.00000520     0.00004414    -0.00006849   
  43  -0.00001151     0.00002141    -0.00003051    -0.00006710    -0.00003212     0.00004523   
  44  -0.00001512     0.00002209     0.00001988    -0.00001303     0.00013658     0.00005187   
  45  -0.00002774     0.00003617    -0.00000577     0.00001389     0.00030915     0.00012301   
  46   0.00000076    -0.00001109     0.00001789     0.00003331    -0.00011357     0.00014523   
  47   0.00000897     0.00000297    -0.00000970     0.00001325    -0.00003510    -0.00001371   
  48  -0.00001872     0.00001718    -0.00003154    -0.00005168    -0.00009222     0.00047540   
  49   0.00000334     0.00000014    -0.00000585    -0.00003722    -0.00020863    -0.00014263   
  50  -0.00002881     0.00000945     0.00001904     0.00001974     0.00001468     0.00080724   
  51   0.00002496     0.00004465     0.00002122    -0.00000004    -0.00001284    -0.00004990   
  52   0.00000839    -0.00003240     0.00000869     0.00001017    -0.00002420    -0.00008782   
  53   0.00002911    -0.00002308     0.00000732     0.00001265     0.00000585    -0.00038376   
  54  -0.00001343     0.00002530    -0.00000717    -0.00000298    -0.00026233     0.00002238   
           19             20             21             22             23             24       
   1   0.00013245     0.00002272    -0.00000133    -0.00000162    -0.00010388    -0.00001334   
   2   0.00006577     0.00005868     0.00000365     0.00000196    -0.00004705    -0.00006350   
   3  -0.00000930    -0.00000139     0.00002039     0.00001679     0.00007353     0.00001924   
   4  -0.00005534     0.00004778    -0.00001808    -0.00001013    -0.00001009     0.00002501   
   5  -0.00000700    -0.00000609     0.00002294    -0.00003552    -0.00000158    -0.00000035   
   6   0.00001628     0.00000812    -0.00003212    -0.00001170     0.00001892     0.00009444   
   7   0.00018774     0.00005643     0.00001112     0.00001238    -0.00023996    -0.00003303   
   8  -0.00011673    -0.00001356    -0.00001882    -0.00000815     0.00008943     0.00006408   
   9   0.00003308    -0.00001811     0.00014213    -0.00007805    -0.00001047     0.00000811   
  10   0.00007684     0.00000003     0.00011438     0.00004969    -0.00012702     0.00005790   
  11   0.00006911    -0.00002619     0.00007968     0.00016498    -0.00006247     0.00002242   
  12   0.00003622    -0.00002739    -0.00012381    -0.00006585     0.00001338    -0.00010975   
  13   0.00000815     0.00001399     0.00000314    -0.00000851    -0.00003335     0.00000690   
  14  -0.00000939     0.00002943    -0.00001937    -0.00005224    -0.00002793     0.00001220   
  15  -0.00002280     0.00001662    -0.00008666     0.00001359    -0.00000358     0.00003308   
  16  -0.00000527     0.00002488    -0.00009836    -0.00008350    -0.00004431     0.00003348   
  17  -0.00042346     0.00006462    -0.00000022    -0.00000559     0.00020009    -0.00006778   
  18  -0.00044150    -0.00201892     0.00008487     0.00008556     0.00041398     0.00143353   
  19   0.99995684     0.00665328     0.00271807     0.00149188    -0.00193582    -0.00014001   
  20  -0.00662355     0.99993036    -0.00845061    -0.00346825     0.00108514     0.00035339   
  21  -0.00272226     0.00831819     0.99946604    -0.03142940     0.00135126    -0.00064458   
  22  -0.00159930     0.00372060     0.03139347     0.99949803     0.00096437    -0.00036497   
  23   0.00198388    -0.00108535    -0.00136620    -0.00091473     0.99996907     0.00181429   
  24   0.00012558    -0.00030840     0.00066660     0.00035062    -0.00179357     0.99982302   
  25  -0.00038945     0.00025578    -0.00006095    -0.00017890     0.00037285    -0.00435354   
  26  -0.00054859     0.00060552    -0.00039399    -0.00029333    -0.00077083     0.00732655   
  27   0.00018818     0.00004253    -0.00006170    -0.00001188    -0.00159715    -0.00564257   
  28   0.00053527    -0.00045402     0.00023598    -0.00038379    -0.00027416     0.00148774   
  29  -0.00024895     0.00043502     0.00056969    -0.00017254    -0.00037212     0.00017435   
  30   0.00030277    -0.00014711     0.00026358     0.00021681     0.00048177     0.00027172   
  31  -0.00005381     0.00015380     0.00022340     0.00016791    -0.00067290     0.00119053   
  32  -0.00002270     0.00004678     0.00020796    -0.00021206     0.00044312    -0.00191765   
  33  -0.00016235     0.00004461    -0.00008012    -0.00013638    -0.00008487     0.00166596   
  34  -0.00000273     0.00011469     0.00003774     0.00020844    -0.00004541    -0.00063482   
  35  -0.00508414    -0.00064978     0.00006016     0.00001712     0.00657580     0.00038033   
  36   0.00106279    -0.00227158    -0.00020220    -0.00008989    -0.00152258     0.01512786   
  37   0.00015579     0.00002935    -0.00012167    -0.00006108    -0.00008657    -0.00014081   
  38   0.00009056    -0.00007898     0.00016120    -0.00008876    -0.00011675     0.00034631   
  39   0.00006362    -0.00012801    -0.00011052    -0.00008807     0.00001293     0.00125212   
  40  -0.00001728     0.00003205    -0.00001560     0.00013906    -0.00009952     0.00014698   
  41  -0.00006823     0.00010308     0.00004424    -0.00000052    -0.00006799    -0.00001614   
  42   0.00004734     0.00009511     0.00000266     0.00002276     0.00011574    -0.00007020   
  43  -0.00002774     0.00008509    -0.00012317    -0.00008819    -0.00016795     0.00014892   
  44  -0.00013649     0.00006025     0.00005914    -0.00005046     0.00026955    -0.00011872   
  45  -0.00010487    -0.00001689     0.00008242     0.00007362     0.00040374     0.00000999   
  46   0.00009341    -0.00006419    -0.00003579    -0.00001398    -0.00010527     0.00006371   
  47   0.00002686    -0.00000788     0.00001544    -0.00005362    -0.00003473    -0.00000510   
  48   0.00010243    -0.00006682    -0.00005901    -0.00003708    -0.00022243     0.00076417   
  49   0.00007271    -0.00001763    -0.00006627    -0.00006150    -0.00032718    -0.00000672   
  50  -0.00002940    -0.00023179     0.00008568     0.00001875     0.00007946     0.00097601   
  51  -0.00000566    -0.00002124     0.00013495    -0.00021957    -0.00001314     0.00001785   
  52   0.00015634    -0.00006739     0.00007057     0.00007967    -0.00016594     0.00020779   
  53   0.00002872    -0.00009197    -0.00006101    -0.00001293    -0.00010961    -0.00065394   
  54  -0.00004178    -0.00003085     0.00003144     0.00002987    -0.00041437    -0.00011268   
           25             26             27             28             29             30       
   1   0.00000857     0.00003673     0.00010065     0.00001626     0.00000453     0.00001529   
   2  -0.00000505    -0.00005457     0.00011215    -0.00000831    -0.00000599     0.00000024   
   3   0.00000176    -0.00000270    -0.00000834     0.00000047    -0.00001364    -0.00001361   
   4  -0.00001402    -0.00000383    -0.00000126    -0.00002350    -0.00001301    -0.00002870   
   5   0.00003450     0.00000152     0.00000101    -0.00004157     0.00001105    -0.00000269   
   6  -0.00001894    -0.00001195     0.00003383     0.00000010     0.00002659    -0.00000499   
   7  -0.00001681     0.00000547     0.00012427    -0.00003500    -0.00002508     0.00011366   
   8  -0.00005900     0.00003656    -0.00008811    -0.00004798    -0.00002684    -0.00001120   
   9   0.00003664     0.00005227     0.00000135    -0.00003185    -0.00004056    -0.00000558   
  10   0.00001681    -0.00001685     0.00002052     0.00003463     0.00001869     0.00002395   
  11  -0.00003547     0.00009887     0.00001916    -0.00000074    -0.00002254    -0.00000389   
  12   0.00001291    -0.00001292     0.00004300    -0.00001290    -0.00002134     0.00003372   
  13  -0.00005728     0.00008378     0.00000403    -0.00002095     0.00002277     0.00000173   
  14   0.00002021     0.00006265     0.00001064    -0.00001707    -0.00002897     0.00000054   
  15   0.00008756     0.00001843     0.00000002     0.00001211    -0.00000024     0.00001561   
  16   0.00004034     0.00002757     0.00000309     0.00010888     0.00002137     0.00005106   
  17  -0.00001046     0.00003361    -0.00000177    -0.00003339     0.00000704    -0.00011789   
  18  -0.00026573    -0.00009071    -0.00028759    -0.00009808     0.00005199    -0.00009180   
  19  -0.00039124    -0.00051801     0.00023259    -0.00054316    -0.00025316     0.00021488   
  20   0.00024941     0.00063134     0.00001417     0.00044990     0.00042763    -0.00015919   
  21  -0.00005147    -0.00038491    -0.00004979    -0.00024219     0.00057887     0.00025705   
  22  -0.00017501    -0.00030696    -0.00000524     0.00037941    -0.00015323     0.00022597   
  23   0.00037201    -0.00083235    -0.00161615     0.00028219    -0.00036322     0.00059065   
  24  -0.00431471     0.00707375    -0.00580671    -0.00142936     0.00019536     0.00027395   
  25  -0.99997338    -0.00129060    -0.00103037     0.00281435    -0.00279888     0.00078391   
  26   0.00119843    -0.99951128     0.02913542    -0.00150846    -0.00038529    -0.00057781   
  27   0.00109629    -0.02917400    -0.99954001    -0.00052730    -0.00014099    -0.00036224   
  28   0.00279440    -0.00147528    -0.00048747     0.99998311     0.00046210    -0.00115315   
  29   0.00280516     0.00036874     0.00013173     0.00046664    -0.99998705     0.00088741   
  30  -0.00076737     0.00049686     0.00026893    -0.00110361    -0.00085118    -0.99983408   
  31   0.00037268     0.00054751     0.00008402     0.00028343    -0.00205983    -0.00516967   
  32   0.00147730    -0.00033239    -0.00016049     0.00008589    -0.00140826     0.00244775   
  33   0.00103656    -0.00289500     0.00165482     0.00133662     0.00080816     0.00142407   
  34   0.00049458    -0.00068918    -0.00009858     0.00147802    -0.00013558     0.00193786   
  35  -0.00117897     0.00541682     0.00413368    -0.00277965    -0.00198147    -0.01688424   
  36  -0.00303731     0.00558454    -0.00350864    -0.00256679    -0.00201921     0.00132468   
  37   0.00007596    -0.00007470     0.00007523     0.00031244    -0.00001236    -0.00034150   
  38   0.00083449     0.00004986     0.00001025    -0.00004469    -0.00083459    -0.00014104   
  39   0.00012101    -0.00011664     0.00008576     0.00002683    -0.00026118     0.00020790   
  40  -0.00011712     0.00010609     0.00002664     0.00005523    -0.00021606     0.00000182   
  41  -0.00029466     0.00015649     0.00000393    -0.00015937     0.00015791     0.00004746   
  42  -0.00003335    -0.00007655     0.00076566     0.00003756    -0.00000997    -0.00030740   
  43  -0.00014209    -0.00038041    -0.00005666    -0.00033864    -0.00018192     0.00034085   
  44   0.00013482     0.00019254     0.00008524    -0.00025553    -0.00008326    -0.00019762   
  45   0.00005138     0.00017665     0.00012329     0.00010249    -0.00029710    -0.00106570   
  46  -0.00009699     0.00021384     0.00000477    -0.00006323    -0.00016485     0.00071715   
  47   0.00006739     0.00003093     0.00001276    -0.00009619     0.00011945     0.00018988   
  48  -0.00021736    -0.00011054     0.00009446    -0.00037568    -0.00045328     0.00017439   
  49  -0.00012664    -0.00006210    -0.00035861    -0.00032560    -0.00009827     0.00067490   
  50   0.00013873     0.00008232    -0.00015389     0.00009131    -0.00015472    -0.00004914   
  51   0.00017425    -0.00000315     0.00000233    -0.00021152     0.00009830     0.00002032   
  52  -0.00005404    -0.00013553    -0.00001658    -0.00003788    -0.00005673    -0.00001199   
  53   0.00000250     0.00007132    -0.00007990     0.00002768     0.00013308     0.00006049   
  54  -0.00000172    -0.00007597    -0.00015305    -0.00002563    -0.00006253     0.00014544   
           31             32             33             34             35             36       
   1   0.00000035     0.00000209     0.00000288    -0.00000844     0.00071284    -0.00050344   
   2   0.00000233    -0.00000662     0.00001097     0.00000454     0.00084504     0.00026936   
   3   0.00002234    -0.00001183     0.00000491    -0.00000411     0.00022764    -0.00032957   
   4  -0.00000795     0.00002124    -0.00000741    -0.00001458     0.00000138     0.00026697   
   5  -0.00003146    -0.00004135    -0.00000765    -0.00002513    -0.00004062    -0.00000221   
   6  -0.00002167    -0.00000692     0.00010132     0.00000169     0.00065115     0.00064536   
   7   0.00002489    -0.00001375     0.00000289     0.00001029     0.00266812    -0.00216908   
   8   0.00001040    -0.00000098    -0.00004988     0.00000975    -0.00287496    -0.00252798   
   9  -0.00001559    -0.00000756    -0.00000362     0.00000364     0.00008873    -0.00009929   
  10  -0.00000152    -0.00000900     0.00000127    -0.00000678    -0.00069328     0.00081332   
  11   0.00004350     0.00000183    -0.00001424    -0.00001124    -0.00000464     0.00000230   
  12   0.00000163     0.00002236    -0.00002662    -0.00001221     0.00008795    -0.00016944   
  13   0.00002118    -0.00005114    -0.00002049    -0.00000410    -0.00001971    -0.00010450   
  14  -0.00001575    -0.00001208     0.00001112     0.00006775    -0.00003980    -0.00005683   
  15   0.00002130     0.00000226     0.00004551     0.00003393    -0.00005722     0.00012465   
  16   0.00004224    -0.00006312     0.00004863    -0.00001391    -0.00017897     0.00030812   
  17  -0.00003473     0.00001367    -0.00005707     0.00003923     0.00035778    -0.00026052   
  18  -0.00000311    -0.00027953     0.00097242    -0.00000345    -0.00572781    -0.00421260   
  19   0.00004177     0.00004465     0.00013757    -0.00004691     0.00440795    -0.00276239   
  20  -0.00015746    -0.00003853     0.00002543     0.00009144    -0.00114452    -0.00207221   
  21  -0.00021482    -0.00021904     0.00007647     0.00003128    -0.00021257    -0.00012185   
  22  -0.00017436     0.00019943     0.00014674     0.00021052    -0.00009643    -0.00006496   
  23   0.00068773    -0.00047694     0.00010494     0.00001406    -0.00572808     0.00342196   
  24  -0.00116680     0.00194597    -0.00205085    -0.00053737     0.01022809     0.01127493   
  25   0.00038386     0.00142600     0.00098316    -0.00045141     0.00122250     0.00297964   
  26   0.00050648    -0.00020137    -0.00278042     0.00058893    -0.00009151    -0.00773222   
  27   0.00010018    -0.00020242     0.00147963     0.00009863     0.00534778    -0.00057169   
  28  -0.00030604    -0.00003200    -0.00126131     0.00143105     0.00022353    -0.00383359   
  29  -0.00204687    -0.00145157     0.00070159     0.00016758     0.00001664     0.00283483   
  30  -0.00513227     0.00231241     0.00150887    -0.00178521    -0.01302426     0.01074444   
  31   0.99997444     0.00164589    -0.00061737     0.00221138     0.00049405    -0.00294536   
  32  -0.00160151     0.99963901     0.02587401     0.00049781    -0.00260280     0.00523212   
  33   0.00072528    -0.02592975     0.99918062    -0.00025909     0.02023854     0.02303930   
  34   0.00225588     0.00043710    -0.00047406    -0.99991720    -0.00280011     0.01192602   
  35  -0.00243524     0.00548040     0.00149463    -0.01033503     0.72076686    -0.68987761   
  36  -0.00178034     0.00122331     0.03060070    -0.00669730    -0.69026106    -0.72123274   
  37   0.00055396    -0.00059734     0.00001722     0.00003836    -0.03083734     0.03264335   
  38   0.00010164     0.00058710     0.00035853     0.00010133    -0.00598335    -0.00679958   
  39   0.00020148    -0.00043471     0.00218421    -0.00012419    -0.02280756    -0.01768844   
  40   0.00021104    -0.00007533     0.00021025    -0.00014282    -0.00165638    -0.00833204   
  41   0.00016988    -0.00040903    -0.00003281    -0.00012689    -0.00206865    -0.00632198   
  42   0.00004919     0.00001930     0.00004951    -0.00003793    -0.02942224     0.00045063   
  43  -0.00021420     0.00032993     0.00071881    -0.00018355    -0.00467889    -0.01308153   
  44  -0.00033639     0.00002138     0.00007882     0.00124388    -0.00547003     0.01408368   
  45   0.00045195    -0.00002700    -0.00012484    -0.00074927    -0.01960829     0.02522651   
  46   0.00002510     0.00010905     0.00083109    -0.00030076     0.00304182     0.00222025   
  47   0.00004390    -0.00009428    -0.00001320    -0.00019983     0.00007123    -0.00008870   
  48   0.00007170     0.00011254     0.00115372    -0.00035604    -0.01033740    -0.01279899   
  49  -0.00006495     0.00013519    -0.00006942    -0.00006293     0.01483074    -0.00603595   
  50   0.00010175    -0.00009457     0.00094240    -0.00019094    -0.00444989    -0.00363986   
  51  -0.00011659    -0.00021552    -0.00009386    -0.00008827    -0.00080057    -0.00064764   
  52   0.00007530    -0.00006721     0.00006802    -0.00001897    -0.00057530    -0.00592864   
  53  -0.00007238     0.00010058    -0.00068448     0.00009951     0.00428648     0.00061352   
  54   0.00008879     0.00000653    -0.00011945    -0.00010881     0.00326284    -0.00008140   

 -----------------------------------------------------------------------------------------------
  Virtual Orbital Coefficients
 -----------------------------------------------------------------------------------------------
           37             38             39             40             41             42       
   1  -0.00000419     0.00002119     0.00000963    -0.00002185    -0.00002065    -0.00001738   
   2   0.00002260    -0.00001607     0.00002383     0.00001740     0.00002894     0.00002074   
   3  -0.00004336    -0.00000102    -0.00000095     0.00000778     0.00001114    -0.00003897   
   4   0.00002569     0.00000316    -0.00002177    -0.00001081    -0.00001588     0.00002113   
   5  -0.00000046     0.00000715     0.00000327    -0.00000717     0.00000732     0.00000843   
   6   0.00001513    -0.00002873     0.00001178     0.00000345    -0.00000073     0.00002473   
   7  -0.00008878    -0.00000804     0.00002378    -0.00002129    -0.00001742    -0.00004066   
   8  -0.00004523     0.00002837    -0.00004046    -0.00002882    -0.00004413    -0.00001750   
   9  -0.00000604     0.00000329     0.00000946     0.00000618    -0.00000129    -0.00000723   
  10   0.00000396    -0.00000727     0.00000850    -0.00000844    -0.00001299     0.00004154   
  11  -0.00000036     0.00000148     0.00001283    -0.00000376    -0.00000130    -0.00001651   
  12   0.00001387    -0.00000680    -0.00001255     0.00001624     0.00002739     0.00000939   
  13   0.00000453     0.00000386     0.00000616    -0.00000908     0.00000906     0.00002299   
  14   0.00001081    -0.00000476     0.00000791     0.00000974    -0.00000996     0.00003847   
  15   0.00000915    -0.00003471     0.00000948    -0.00000313    -0.00001485     0.00000147   
  16  -0.00002065    -0.00000969     0.00001043    -0.00001241    -0.00001355     0.00003512   
  17  -0.00013469    -0.00001719    -0.00000710    -0.00001133    -0.00000390    -0.00021134   
  18  -0.00007668    -0.00006522     0.00049152     0.00003854     0.00002327    -0.00001452   
  19  -0.00012626     0.00005772    -0.00001417     0.00000797     0.00003825    -0.00027683   
  20   0.00001423    -0.00008628     0.00007936    -0.00004676    -0.00009227     0.00009783   
  21  -0.00013253     0.00010805     0.00012309     0.00003562    -0.00006335     0.00004453   
  22  -0.00003489    -0.00009193     0.00009025    -0.00012942     0.00002869    -0.00004022   
  23   0.00030136     0.00000812    -0.00011328     0.00009639     0.00008484     0.00047976   
  24  -0.00014469     0.00025088    -0.00076390    -0.00009815    -0.00008721    -0.00012566   
  25   0.00019138    -0.00088557     0.00016070    -0.00008970    -0.00003081    -0.00005261   
  26  -0.00022630    -0.00000847    -0.00028733     0.00000970     0.00004463    -0.00016546   
  27  -0.00027805    -0.00012907     0.00020332     0.00005631     0.00006449    -0.00040938   
  28   0.00018079     0.00006997    -0.00010178    -0.00009123     0.00011943    -0.00035060   
  29  -0.00008434     0.00086637    -0.00012799    -0.00019339    -0.00005478     0.00023394   
  30   0.00122064     0.00050192     0.00010429     0.00005443     0.00006914     0.00083328   
  31   0.00043796     0.00021564    -0.00016504    -0.00023735    -0.00024892    -0.00029378   
  32  -0.00049838     0.00054206     0.00037352     0.00014719     0.00036025     0.00027276   
  33   0.00009971     0.00023718    -0.00129253    -0.00010377    -0.00002995     0.00019211   
  34   0.00053289    -0.00001779     0.00001881    -0.00003046    -0.00000877    -0.00057220   
  35  -0.04696261    -0.01303488     0.00456602    -0.00338859    -0.00263824    -0.02311124   
  36  -0.00468536     0.00857278    -0.02619311    -0.00931194    -0.01345716     0.00259905   
  37  -0.96263623    -0.24141154    -0.01783369     0.01025096    -0.01452875     0.04161668   
  38   0.23533641    -0.93845011    -0.10290343    -0.03279608     0.22505944     0.00880388   
  39  -0.00309249    -0.06727300     0.97628021     0.08635351     0.17970628     0.00294432   
  40   0.01579688    -0.01489531    -0.09342842     0.99445332     0.02313427     0.01951081   
  41  -0.06966959     0.23076433    -0.15789350    -0.03275672     0.95678485     0.00090003   
  42  -0.00443409    -0.00438415     0.02974069     0.00338840     0.00710042    -0.27489802   
  43   0.02533721    -0.00686259     0.00430128     0.01555377     0.00632802    -0.33591367   
  44  -0.02144438    -0.00233751    -0.01063640     0.01617266    -0.00194109    -0.85489665   
  45  -0.09089472    -0.04431288    -0.00527589    -0.00058341     0.00192570    -0.27505104   
  46   0.02036733     0.00963267    -0.00011705    -0.01285312    -0.02102784     0.00556347   
  47   0.00765456    -0.00499514     0.00213809    -0.02095253     0.00776787    -0.00784412   
  48   0.01349807    -0.00030203     0.00322171     0.00194488     0.00343109     0.01445399   
  49   0.02125750     0.00748903    -0.00350817    -0.00053536    -0.00168726     0.02876459   
  50  -0.00102417     0.00015417    -0.00009562     0.00044340     0.00072127     0.00750433   
  51  -0.00737049     0.01874588     0.00039161     0.00888300    -0.00455585     0.00152479   
  52  -0.00682142     0.01474582    -0.00002487    -0.00680267    -0.00602381     0.01427097   
  53  -0.00153403     0.00285547     0.02292350     0.00186727     0.00266978     0.00526458   
  54   0.00318667    -0.00030529     0.00196202     0.00108311     0.00152254    -0.03050320   
           43             44             45             46             47             48       
   1  -0.00002744     0.00002137    -0.00002377     0.00002239     0.00000598     0.00000102   
   2  -0.00001865    -0.00001710    -0.00003297    -0.00001673    -0.00000181     0.00001717   
   3  -0.00000466     0.00001626    -0.00001038     0.00000179     0.00000170    -0.00000226   
   4   0.00001373    -0.00003549     0.00000102     0.00002922     0.00000250     0.00003256   
   5   0.00000851     0.00000512     0.00000182    -0.00000874     0.00003190    -0.00000165   
   6   0.00000783    -0.00003189    -0.00002324     0.00000432    -0.00000080     0.00000155   
   7   0.00002335     0.00000645     0.00002423    -0.00006192    -0.00001951    -0.00003014   
   8  -0.00001799    -0.00004836    -0.00009870    -0.00006819     0.00000270    -0.00005144   
   9   0.00000359     0.00000524    -0.00000704    -0.00001789     0.00002509    -0.00001138   
  10  -0.00004831     0.00004533    -0.00000583    -0.00002155    -0.00000784     0.00000516   
  11  -0.00002223     0.00000792     0.00000182    -0.00001727    -0.00001716    -0.00000471   
  12   0.00000900    -0.00000585     0.00000209     0.00004240     0.00000045     0.00003317   
  13  -0.00001210    -0.00000917     0.00001600     0.00000041    -0.00001261     0.00002283   
  14  -0.00001711    -0.00001486     0.00002085    -0.00001000     0.00001051     0.00002002   
  15  -0.00001584    -0.00003339    -0.00000638    -0.00002122     0.00000658     0.00002893   
  16   0.00002002    -0.00004668    -0.00000155    -0.00004231    -0.00001428     0.00004783   
  17   0.00023080    -0.00008780    -0.00015567     0.00006636     0.00003018     0.00008201   
  18  -0.00009854    -0.00001789    -0.00028425    -0.00020464     0.00002283    -0.00040697   
  19   0.00018342    -0.00006380    -0.00011163     0.00004715     0.00001674     0.00008756   
  20  -0.00000934    -0.00007880    -0.00013081    -0.00008157    -0.00000868    -0.00003401   
  21  -0.00008477     0.00014027     0.00005657    -0.00001484     0.00003830    -0.00003561   
  22  -0.00012265     0.00006434     0.00002930     0.00000554    -0.00008247    -0.00002995   
  23  -0.00051858     0.00027867     0.00015820     0.00002207    -0.00001384    -0.00016870   
  24   0.00016537     0.00001119     0.00038158     0.00012473    -0.00001526     0.00060101   
  25  -0.00001246    -0.00017590    -0.00001065     0.00007972    -0.00009186     0.00015719   
  26   0.00018797    -0.00046245    -0.00030281    -0.00038899    -0.00004917     0.00019905   
  27   0.00064120    -0.00006171     0.00057103    -0.00005985    -0.00003531    -0.00016672   
  28  -0.00020143     0.00018049    -0.00003386    -0.00001694    -0.00011407    -0.00033060   
  29  -0.00015127    -0.00015807     0.00020520     0.00017531    -0.00013472     0.00043775   
  30  -0.00151240     0.00054341     0.00042007    -0.00045748    -0.00014898    -0.00009374   
  31  -0.00041505    -0.00003008     0.00016307     0.00006247     0.00003811     0.00013003   
  32  -0.00007331    -0.00025845     0.00000840     0.00009498    -0.00013230     0.00007565   
  33   0.00055757    -0.00037960     0.00047968     0.00088139    -0.00004758     0.00069988   
  34  -0.00115486    -0.00063825     0.00048233     0.00031707     0.00024334     0.00025481   
  35   0.02849027    -0.00651003    -0.00091623    -0.00469331    -0.00099821    -0.00052164   
  36  -0.00673406    -0.01264812    -0.01809787    -0.00654194    -0.00004634     0.01650655   
  37  -0.07717225     0.02606540     0.05950377    -0.00881265    -0.00430486    -0.00932825   
  38  -0.01512884    -0.01374152     0.01162684    -0.00702938     0.00596826     0.00316697   
  39  -0.01831809    -0.00916297    -0.02632667    -0.00725398     0.00224805     0.00202641   
  40   0.00740038    -0.00488370    -0.00017459    -0.01440859    -0.01942031     0.00134715   
  41  -0.00084655     0.00249020    -0.00123363    -0.01848234     0.00600294     0.00173545   
  42   0.54641212     0.01349982     0.78853940    -0.02565216    -0.02120935    -0.02337950   
  43  -0.20324500     0.89199432     0.01698682     0.21133484     0.02467156     0.04245823   
  44  -0.33763910    -0.38181329    -0.06005015    -0.05946982     0.01059889    -0.01952990   
  45   0.72406905     0.09428058    -0.60497268    -0.06480018    -0.01580821    -0.02695384   
  46  -0.08497466     0.20853315     0.02663475    -0.96425408    -0.00160528     0.00304244   
  47  -0.03108294     0.01570970    -0.00749483     0.00643824    -0.98572677    -0.00358470   
  48  -0.03268327     0.04341697    -0.00142073     0.00421861     0.00592372    -0.99019900   
  49  -0.05679362     0.03644721     0.03251834    -0.00796117    -0.01025749    -0.03213229   
  50  -0.00242940    -0.01915508    -0.01559624    -0.00222135     0.00026076    -0.03376408   
  51  -0.00004330    -0.00588848    -0.00416849     0.03902272    -0.15777984    -0.01134928   
  52   0.00502414    -0.02895466     0.00465265     0.11907754     0.03657577    -0.06038420   
  53  -0.00295733    -0.00893268     0.00601493     0.02031134     0.00594762     0.09827207   
  54   0.04348687     0.00645436    -0.03840917     0.01097533     0.00615064     0.00643144   
           49             50             51             52             53             54       
   1   0.00004472     0.00000632     0.00000039     0.00001384    -0.00000721     0.00000409   
   2   0.00003301     0.00006305    -0.00000097    -0.00000442     0.00001736     0.00000707   
   3   0.00000638    -0.00001359     0.00000206    -0.00000583     0.00000659     0.00001423   
   4  -0.00002153     0.00001535    -0.00000092    -0.00000991    -0.00000028    -0.00000233   
   5  -0.00000489    -0.00000247     0.00004563    -0.00000127    -0.00000006    -0.00000018   
   6   0.00000172     0.00012300     0.00000290     0.00001942     0.00006626    -0.00000982   
   7   0.00009034     0.00001072    -0.00000829     0.00002538    -0.00001137    -0.00009045   
   8  -0.00001353     0.00008408     0.00001231     0.00005258     0.00003587    -0.00003179   
   9  -0.00000418     0.00001423     0.00008789     0.00003470    -0.00001106    -0.00000037   
  10   0.00005675    -0.00001784     0.00000750    -0.00000271     0.00001904    -0.00012952   
  11   0.00001044    -0.00000323    -0.00004872     0.00005308    -0.00000572    -0.00002634   
  12   0.00001739    -0.00008577    -0.00000858    -0.00004180     0.00002630    -0.00000302   
  13   0.00000276    -0.00003171    -0.00002373    -0.00001211     0.00001744     0.00001323   
  14  -0.00000139    -0.00001160     0.00004485    -0.00003107     0.00001447     0.00002659   
  15  -0.00000328     0.00001891    -0.00002286    -0.00001254     0.00000955     0.00000734   
  16  -0.00002966     0.00001836     0.00000176    -0.00001693     0.00001442     0.00000271   
  17  -0.00019718     0.00001228     0.00000494     0.00004870    -0.00001159     0.00027394   
  18  -0.00010944     0.00078640     0.00004847     0.00018819    -0.00011193    -0.00007143   
  19  -0.00013014     0.00003660    -0.00001676     0.00017399    -0.00003077    -0.00002715   
  20   0.00002884     0.00018788    -0.00001187    -0.00005041     0.00015335    -0.00002132   
  21   0.00005756    -0.00010242     0.00013583     0.00006996     0.00003328     0.00002709   
  22   0.00005436    -0.00002757    -0.00021254     0.00006621     0.00001480     0.00002066   
  23   0.00039528    -0.00011245     0.00001088    -0.00021616     0.00013504    -0.00043118   
  24  -0.00002730    -0.00098641     0.00000302     0.00002097     0.00032662    -0.00005073   
  25  -0.00011575     0.00015860    -0.00018162     0.00002469     0.00002672    -0.00000213   
  26  -0.00005197     0.00001318    -0.00000214     0.00014086     0.00008358     0.00008316   
  27  -0.00042274    -0.00010110    -0.00001039     0.00002114    -0.00011342     0.00015862   
  28   0.00027974    -0.00010041    -0.00019405    -0.00003037    -0.00002153    -0.00000974   
  29  -0.00008709    -0.00015441    -0.00006398     0.00003626     0.00004933     0.00003921   
  30   0.00077451    -0.00007025    -0.00000306    -0.00012742     0.00008783    -0.00023938   
  31   0.00001520    -0.00012107    -0.00013019     0.00008013     0.00003294     0.00007358   
  32  -0.00006081     0.00010575    -0.00017824    -0.00007746    -0.00007133    -0.00002613   
  33  -0.00001154    -0.00085544    -0.00007938    -0.00008435     0.00032326    -0.00001234   
  34   0.00001208    -0.00016142     0.00004964    -0.00002416     0.00001493     0.00005853   
  35  -0.01162625     0.00082636    -0.00031873     0.00350453    -0.00196249     0.00312658   
  36   0.00711100    -0.00641741     0.00069734     0.00295823     0.00086640    -0.00170742   
  37   0.01450292    -0.00044367     0.00287579     0.00162339     0.00028845    -0.00937490   
  38   0.00154608     0.00083643    -0.02105583    -0.01829096     0.00451121     0.00087358   
  39   0.00368900     0.00552968    -0.00185129    -0.00250084    -0.02263515     0.00091208   
  40  -0.00010490    -0.00004385     0.01149861    -0.00866524    -0.00024729     0.00120250   
  41   0.00067360    -0.00051315    -0.00137761    -0.00390381     0.00023317     0.00096013   
  42   0.01213706     0.01454678    -0.00108092     0.00107207     0.00402444     0.00210929   
  43  -0.03276711     0.02057443    -0.00139833    -0.00668743     0.00638435     0.00830909   
  44   0.02068351    -0.00288597    -0.00211109    -0.00819105     0.00095011     0.01229289   
  45   0.06402806    -0.00475336     0.00097730    -0.00802251     0.00296365     0.06736322   
  46  -0.01879398     0.00813623    -0.03127438    -0.12547066     0.02119022    -0.00592035   
  47  -0.01091294    -0.00013666     0.15960189    -0.02772852     0.00206989    -0.00226920   
  48  -0.03174206    -0.06342880     0.00925359     0.05266519     0.08877136    -0.00606432   
  49   0.99354411     0.02028380    -0.00410536     0.01707009    -0.03914530     0.04687735   
  50  -0.01119242     0.96074348     0.01388531     0.08673156     0.25934910     0.00381818   
  51  -0.00291178     0.01133944    -0.98414928    -0.05679505     0.02797885    -0.01404780   
  52   0.01156009     0.09001732     0.05621148    -0.98142902    -0.01795022     0.06666171   
  53   0.04319307    -0.25183310     0.02401720    -0.03647887     0.95710699     0.07699922   
  54   0.05563419    -0.00880307     0.01920930    -0.06715085     0.07147557    -0.99109717   

 -----------------------------------------------------------------------------------------------
  Generalised Fock Matrix (MO basis)
 -----------------------------------------------------------------------------------------------
           1              2              3              4              5              6        
   1  -60.23368194    0.00000000     0.00000000     0.00000000     0.00000000    -0.00000000   
   2   0.00000000    -59.12594472    0.00000000    -0.00000000     0.00000000    -0.00000000   
   3   0.00000000     0.00000000    -48.62744757    0.00000000    -0.00000000     0.00000000   
   4   0.00000000    -0.00000000     0.00000000    -46.73072196   -0.00000000     0.00000000   
   5   0.00000000     0.00000000    -0.00000000    -0.00000000    -46.46739907   -0.00000000   
   6  -0.00000000    -0.00000000     0.00000000     0.00000000    -0.00000000    -42.71672452  
   7   0.00000000     0.00000000    -0.00000000     0.00000000    -0.00000000     0.00000000   
   8   0.00000000    -0.00000000     0.00000000     0.00000000     0.00000000    -0.00000000   
   9  -0.00000000     0.00000000     0.00000000     0.00000000     0.00000000     0.00000000   
  10   0.00000000     0.00000000    -0.00000000     0.00000000    -0.00000000    -0.00000000   
  11   0.00000000     0.00000000    -0.00000000     0.00000000     0.00000000    -0.00000000   
  12  -0.00000000     0.00000000    -0.00000000    -0.00000000    -0.00000000     0.00000000   
  13   0.00000000    -0.00000000    -0.00000000    -0.00000000     0.00000000     0.00000000   
  14  -0.00000000     0.00000000    -0.00000000    -0.00000000    -0.00000000     0.00000000   
  15   0.00000000    -0.00000000     0.00000000     0.00000000    -0.00000000    -0.00000000   
  16  -0.00000000    -0.00000000     0.00000000    -0.00000000    -0.00000000    -0.00000000   
  17   0.00000000    -0.00000000    -0.00000000     0.00000000    -0.00000000    -0.00000000   
  18  -0.00000000    -0.00000000    -0.00000000     0.00000000     0.00000000    -0.00000000   
  19  -0.00000000     0.00000000     0.00000000    -0.00000000    -0.00000000    -0.00000000   
  20   0.00000000    -0.00000000     0.00000000     0.00000000     0.00000000     0.00000000   
  21   0.00000000    -0.00000000    -0.00000000     0.00000000     0.00000000     0.00000000   
  22  -0.00000000    -0.00000000    -0.00000000     0.00000000    -0.00000000     0.00000000   
  23  -0.00000000    -0.00000000     0.00000000    -0.00000000    -0.00000000     0.00000000   
  24   0.00000000     0.00000000     0.00000000    -0.00000000     0.00000000    -0.00000000   
  25  -0.00000000    -0.00000000     0.00000000    -0.00000000    -0.00000000    -0.00000000   
  26  -0.00000000    -0.00000000     0.00000000     0.00000000    -0.00000000    -0.00000000   
  27   0.00000000     0.00000000    -0.00000000    -0.00000000     0.00000000    -0.00000000   
  28   0.00000000    -0.00000000    -0.00000000    -0.00000000     0.00000000     0.00000000   
  29  -0.00000000     0.00000000     0.00000000     0.00000000     0.00000000    -0.00000000   
  30   0.00000000     0.00000000     0.00000000     0.00000000    -0.00000000    -0.00000000   
  31  -0.00000000     0.00000000     0.00000000     0.00000000     0.00000000    -0.00000000   
  32   0.00000000    -0.00000000    -0.00000000    -0.00000000     0.00000000     0.00000000   
  33  -0.00000000    -0.00000000    -0.00000000    -0.00000000     0.00000000     0.00000000   
  34   0.00000000     0.00000000    -0.00000000    -0.00000000     0.00000000    -0.00000000   
  35   0.04547847     0.05581730     0.01343607    -0.00044397    -0.00225396     0.03883977   
  36  -0.03303929     0.01715655    -0.01943082    -0.01409268    -0.00008922     0.03928111   
  37  -0.00000001    -0.00000000    -0.00000002    -0.00000001     0.00000000    -0.00000000   
  38  -0.00000001     0.00000001    -0.00000001    -0.00000001     0.00000000     0.00000002   
  39  -0.00000001    -0.00000000    -0.00000000     0.00000001     0.00000001    -0.00000001   
  40  -0.00000001    -0.00000000     0.00000000     0.00000000    -0.00000000     0.00000000   
  41  -0.00000000     0.00000001     0.00000000     0.00000001     0.00000000    -0.00000000   
  42  -0.00000000    -0.00000000    -0.00000001     0.00000000    -0.00000000     0.00000001   
  43   0.00000003    -0.00000000     0.00000003     0.00000000     0.00000001     0.00000001   
  44  -0.00000000     0.00000000     0.00000002    -0.00000001     0.00000000    -0.00000001   
  45  -0.00000002    -0.00000000    -0.00000001    -0.00000000     0.00000000     0.00000001   
  46   0.00000001    -0.00000001    -0.00000001     0.00000001    -0.00000000     0.00000002   
  47  -0.00000000    -0.00000001    -0.00000000     0.00000000     0.00000001    -0.00000000   
  48  -0.00000000     0.00000002     0.00000001    -0.00000003     0.00000000     0.00000001   
  49   0.00000000     0.00000000    -0.00000001     0.00000002    -0.00000000     0.00000001   
  50   0.00000000    -0.00000001     0.00000000    -0.00000000     0.00000000    -0.00000002   
  51  -0.00000001    -0.00000002    -0.00000000     0.00000000     0.00000002    -0.00000001   
  52   0.00000001    -0.00000001     0.00000001    -0.00000001    -0.00000000    -0.00000001   
  53   0.00000000     0.00000000     0.00000001     0.00000000    -0.00000000     0.00000000   
  54  -0.00000000     0.00000000     0.00000001    -0.00000000    -0.00000000    -0.00000000   
           7              8              9              10             11             12       
   1   0.00000000     0.00000000    -0.00000000     0.00000000     0.00000000    -0.00000000   
   2   0.00000000    -0.00000000     0.00000000     0.00000000     0.00000000     0.00000000   
   3  -0.00000000     0.00000000     0.00000000    -0.00000000    -0.00000000    -0.00000000   
   4   0.00000000     0.00000000     0.00000000     0.00000000     0.00000000    -0.00000000   
   5  -0.00000000     0.00000000     0.00000000    -0.00000000     0.00000000    -0.00000000   
   6   0.00000000    -0.00000000     0.00000000    -0.00000000    -0.00000000     0.00000000   
   7  -28.70787728    0.00000000    -0.00000000    -0.00000000    -0.00000000     0.00000000   
   8   0.00000000    -25.42599601   -0.00000000     0.00000000    -0.00000000    -0.00000000   
   9  -0.00000000    -0.00000000    -21.06219801    0.00000000    -0.00000000    -0.00000000   
  10  -0.00000000     0.00000000     0.00000000    -20.83358984   -0.00000000    -0.00000000   
  11  -0.00000000    -0.00000000    -0.00000000    -0.00000000    -20.69394039    0.00000000   
  12   0.00000000    -0.00000000    -0.00000000    -0.00000000     0.00000000    -20.13971691  
  13   0.00000000     0.00000000     0.00000000     0.00000000    -0.00000000     0.00000000   
  14   0.00000000    -0.00000000     0.00000000     0.00000000     0.00000000     0.00000000   
  15  -0.00000000    -0.00000000    -0.00000000    -0.00000000     0.00000000    -0.00000000   
  16  -0.00000000     0.00000000    -0.00000000     0.00000000     0.00000000    -0.00000000   
  17  -0.00000000     0.00000000     0.00000000    -0.00000000    -0.00000000     0.00000000   
  18   0.00000000     0.00000000     0.00000000     0.00000000    -0.00000000     0.00000000   
  19   0.00000000    -0.00000000     0.00000000    -0.00000000    -0.00000000     0.00000000   
  20   0.00000000     0.00000000     0.00000000    -0.00000000     0.00000000    -0.00000000   
  21  -0.00000000     0.00000000     0.00000000     0.00000000     0.00000000    -0.00000000   
  22  -0.00000000     0.00000000     0.00000000    -0.00000000    -0.00000000     0.00000000   
  23  -0.00000000     0.00000000     0.00000000     0.00000000    -0.00000000     0.00000000   
  24   0.00000000    -0.00000000     0.00000000     0.00000000    -0.00000000     0.00000000   
  25  -0.00000000    -0.00000000    -0.00000000     0.00000000     0.00000000    -0.00000000   
  26   0.00000000    -0.00000000    -0.00000000    -0.00000000    -0.00000000     0.00000000   
  27   0.00000000    -0.00000000    -0.00000000     0.00000000    -0.00000000    -0.00000000   
  28  -0.00000000     0.00000000     0.00000000     0.00000000     0.00000000     0.00000000   
  29  -0.00000000     0.00000000     0.00000000     0.00000000    -0.00000000     0.00000000   
  30  -0.00000000     0.00000000     0.00000000     0.00000000     0.00000000     0.00000000   
  31  -0.00000000     0.00000000     0.00000000    -0.00000000     0.00000000    -0.00000000   
  32   0.00000000     0.00000000    -0.00000000     0.00000000    -0.00000000    -0.00000000   
  33   0.00000000    -0.00000000     0.00000000     0.00000000     0.00000000    -0.00000000   
  34  -0.00000000     0.00000000     0.00000000     0.00000000     0.00000000    -0.00000000   
  35   0.11184713     0.11462887     0.00383836     0.03010366    -0.00058107     0.00576695   
  36  -0.09413716     0.10316059    -0.00140625    -0.03355450     0.00262027    -0.00191536   
  37   0.00000000     0.00000000     0.00000001     0.00000002    -0.00000001     0.00000002   
  38   0.00000002    -0.00000002    -0.00000002    -0.00000001    -0.00000002     0.00000000   
  39  -0.00000001    -0.00000000    -0.00000001    -0.00000001     0.00000001    -0.00000003   
  40  -0.00000001    -0.00000001     0.00000001    -0.00000001    -0.00000001     0.00000001   
  41  -0.00000000     0.00000001    -0.00000001     0.00000002    -0.00000000    -0.00000001   
  42  -0.00000000     0.00000001     0.00000001     0.00000001     0.00000002     0.00000000   
  43  -0.00000002    -0.00000001     0.00000001     0.00000001     0.00000002     0.00000000   
  44  -0.00000001     0.00000002    -0.00000001    -0.00000001    -0.00000001    -0.00000001   
  45   0.00000000     0.00000000     0.00000001     0.00000000     0.00000001    -0.00000001   
  46  -0.00000001     0.00000000     0.00000001     0.00000001     0.00000001     0.00000001   
  47  -0.00000000     0.00000000    -0.00000001     0.00000001     0.00000001    -0.00000001   
  48  -0.00000000     0.00000000     0.00000001    -0.00000000    -0.00000000     0.00000002   
  49   0.00000002     0.00000002     0.00000000    -0.00000001     0.00000001     0.00000001   
  50   0.00000002     0.00000001    -0.00000003    -0.00000001     0.00000000    -0.00000000   
  51  -0.00000002    -0.00000001     0.00000001     0.00000001    -0.00000000    -0.00000001   
  52   0.00000001     0.00000000    -0.00000002    -0.00000002    -0.00000002    -0.00000001   
  53  -0.00000001    -0.00000000     0.00000002     0.00000001    -0.00000001     0.00000001   
  54  -0.00000001     0.00000001    -0.00000000     0.00000001    -0.00000000     0.00000000   
           13             14             15             16             17             18       
   1   0.00000000    -0.00000000     0.00000000    -0.00000000     0.00000000    -0.00000000   
   2  -0.00000000     0.00000000    -0.00000000    -0.00000000    -0.00000000    -0.00000000   
   3  -0.00000000    -0.00000000     0.00000000     0.00000000    -0.00000000    -0.00000000   
   4  -0.00000000    -0.00000000     0.00000000    -0.00000000     0.00000000     0.00000000   
   5   0.00000000    -0.00000000    -0.00000000    -0.00000000    -0.00000000     0.00000000   
   6   0.00000000     0.00000000    -0.00000000    -0.00000000    -0.00000000    -0.00000000   
   7   0.00000000     0.00000000    -0.00000000    -0.00000000    -0.00000000     0.00000000   
   8   0.00000000    -0.00000000    -0.00000000     0.00000000     0.00000000     0.00000000   
   9   0.00000000     0.00000000    -0.00000000    -0.00000000     0.00000000     0.00000000   
  10   0.00000000     0.00000000    -0.00000000     0.00000000    -0.00000000     0.00000000   
  11  -0.00000000     0.00000000     0.00000000     0.00000000    -0.00000000    -0.00000000   
  12   0.00000000     0.00000000    -0.00000000    -0.00000000     0.00000000     0.00000000   
  13  -19.88756362    0.00000000    -0.00000000    -0.00000000     0.00000000     0.00000000   
  14   0.00000000    -19.50184037    0.00000000    -0.00000000    -0.00000000    -0.00000000   
  15  -0.00000000     0.00000000    -17.87610582   -0.00000000     0.00000000     0.00000000   
  16  -0.00000000    -0.00000000    -0.00000000    -17.59024467    0.00000000     0.00000000   
  17   0.00000000    -0.00000000     0.00000000     0.00000000    -16.21223741    0.00000000   
  18   0.00000000    -0.00000000     0.00000000     0.00000000     0.00000000    -4.28363205   
  19   0.00000000    -0.00000000     0.00000000     0.00000000    -0.00000000     0.00000000   
  20  -0.00000000    -0.00000000     0.00000000     0.00000000     0.00000000    -0.00000000   
  21  -0.00000000     0.00000000    -0.00000000     0.00000000     0.00000000     0.00000000   
  22  -0.00000000    -0.00000000     0.00000000     0.00000000    -0.00000000     0.00000000   
  23  -0.00000000     0.00000000     0.00000000     0.00000000    -0.00000000    -0.00000000   
  24  -0.00000000     0.00000000    -0.00000000    -0.00000000     0.00000000     0.00000000   
  25   0.00000000     0.00000000    -0.00000000    -0.00000000    -0.00000000    -0.00000000   
  26   0.00000000     0.00000000    -0.00000000     0.00000000    -0.00000000     0.00000000   
  27   0.00000000    -0.00000000    -0.00000000    -0.00000000    -0.00000000     0.00000000   
  28  -0.00000000     0.00000000    -0.00000000     0.00000000     0.00000000    -0.00000000   
  29   0.00000000    -0.00000000     0.00000000     0.00000000    -0.00000000     0.00000000   
  30   0.00000000    -0.00000000     0.00000000     0.00000000    -0.00000000     0.00000000   
  31  -0.00000000    -0.00000000     0.00000000    -0.00000000     0.00000000    -0.00000000   
  32   0.00000000     0.00000000     0.00000000     0.00000000    -0.00000000     0.00000000   
  33   0.00000000     0.00000000     0.00000000     0.00000000     0.00000000     0.00000000   
  34  -0.00000000     0.00000000    -0.00000000     0.00000000    -0.00000000    -0.00000000   
  35  -0.00031728     0.00130112    -0.00200154    -0.00546739     0.02011676    -0.10931264   
  36  -0.00255050     0.00097696     0.00273064     0.00660338    -0.01740016    -0.08501967   
  37  -0.00000002    -0.00000001    -0.00000001     0.00000003    -0.00000000    -0.00000004   
  38  -0.00000000    -0.00000001    -0.00000001     0.00000002    -0.00000004     0.00000007   
  39  -0.00000000    -0.00000001    -0.00000001     0.00000000    -0.00000001     0.00000001   
  40   0.00000000     0.00000001    -0.00000002    -0.00000001     0.00000001    -0.00000001   
  41  -0.00000002     0.00000001    -0.00000001    -0.00000002     0.00000000    -0.00000000   
  42   0.00000000     0.00000001    -0.00000001     0.00000001     0.00000002    -0.00000004   
  43   0.00000000    -0.00000000     0.00000000    -0.00000002     0.00000000     0.00000002   
  44  -0.00000001    -0.00000000     0.00000000     0.00000000     0.00000001    -0.00000002   
  45  -0.00000001    -0.00000001     0.00000000     0.00000001     0.00000001    -0.00000001   
  46   0.00000001    -0.00000000    -0.00000000    -0.00000001     0.00000001     0.00000001   
  47  -0.00000001    -0.00000001     0.00000001    -0.00000001    -0.00000000     0.00000001   
  48  -0.00000000    -0.00000000     0.00000002     0.00000001     0.00000001     0.00000001   
  49  -0.00000001     0.00000000     0.00000001    -0.00000001     0.00000002    -0.00000004   
  50   0.00000001    -0.00000000    -0.00000001    -0.00000000    -0.00000002    -0.00000001   
  51  -0.00000001    -0.00000001    -0.00000000    -0.00000000    -0.00000001     0.00000003   
  52  -0.00000000    -0.00000000     0.00000000     0.00000001    -0.00000001     0.00000002   
  53  -0.00000001    -0.00000001     0.00000001    -0.00000001     0.00000001     0.00000002   
  54  -0.00000000     0.00000002    -0.00000002     0.00000002     0.00000001     0.00000002   
           19             20             21             22             23             24       
   1  -0.00000000     0.00000000     0.00000000    -0.00000000    -0.00000000     0.00000000   
   2   0.00000000    -0.00000000    -0.00000000    -0.00000000    -0.00000000     0.00000000   
   3   0.00000000     0.00000000    -0.00000000    -0.00000000     0.00000000     0.00000000   
   4  -0.00000000     0.00000000     0.00000000     0.00000000    -0.00000000    -0.00000000   
   5  -0.00000000     0.00000000     0.00000000    -0.00000000    -0.00000000     0.00000000   
   6  -0.00000000     0.00000000     0.00000000     0.00000000     0.00000000    -0.00000000   
   7   0.00000000     0.00000000    -0.00000000    -0.00000000    -0.00000000     0.00000000   
   8  -0.00000000     0.00000000     0.00000000     0.00000000     0.00000000    -0.00000000   
   9   0.00000000     0.00000000     0.00000000     0.00000000     0.00000000     0.00000000   
  10  -0.00000000    -0.00000000     0.00000000    -0.00000000     0.00000000     0.00000000   
  11  -0.00000000     0.00000000     0.00000000    -0.00000000    -0.00000000    -0.00000000   
  12   0.00000000    -0.00000000    -0.00000000     0.00000000     0.00000000     0.00000000   
  13   0.00000000    -0.00000000    -0.00000000    -0.00000000    -0.00000000    -0.00000000   
  14  -0.00000000    -0.00000000     0.00000000    -0.00000000     0.00000000     0.00000000   
  15   0.00000000     0.00000000    -0.00000000     0.00000000     0.00000000    -0.00000000   
  16   0.00000000     0.00000000     0.00000000     0.00000000     0.00000000    -0.00000000   
  17  -0.00000000     0.00000000     0.00000000    -0.00000000    -0.00000000     0.00000000   
  18   0.00000000    -0.00000000     0.00000000     0.00000000    -0.00000000     0.00000000   
  19   0.91797259     0.00000000     0.00000000     0.00000000     0.00000000    -0.00000000   
  20   0.00000000     1.43198753     0.00000000     0.00000000     0.00000000     0.00000000   
  21   0.00000000     0.00000000     1.78509566    -0.00000000    -0.00000000    -0.00000000   
  22   0.00000000     0.00000000    -0.00000000     1.90216351     0.00000000     0.00000000   
  23   0.00000000     0.00000000    -0.00000000     0.00000000     3.53160432     0.00000000   
  24  -0.00000000     0.00000000    -0.00000000     0.00000000     0.00000000     5.80621907   
  25  -0.00000000    -0.00000000     0.00000000     0.00000000    -0.00000000    -0.00000000   
  26  -0.00000000    -0.00000000     0.00000000     0.00000000    -0.00000000     0.00000000   
  27   0.00000000     0.00000000     0.00000000    -0.00000000    -0.00000000    -0.00000000   
  28   0.00000000    -0.00000000    -0.00000000     0.00000000     0.00000000    -0.00000000   
  29   0.00000000     0.00000000     0.00000000    -0.00000000    -0.00000000    -0.00000000   
  30  -0.00000000    -0.00000000    -0.00000000     0.00000000    -0.00000000     0.00000000   
  31   0.00000000     0.00000000     0.00000000     0.00000000     0.00000000     0.00000000   
  32   0.00000000     0.00000000    -0.00000000     0.00000000    -0.00000000     0.00000000   
  33   0.00000000     0.00000000     0.00000000     0.00000000     0.00000000     0.00000000   
  34  -0.00000000     0.00000000     0.00000000     0.00000000    -0.00000000    -0.00000000   
  35  -0.06585690     0.02010736     0.00265041     0.00126533     0.07491312    -0.11591777   
  36   0.04312465     0.03144243     0.00122061     0.00027473    -0.04642334    -0.12609222   
  37   0.00000002     0.00000000     0.00000001     0.00000002     0.00000000    -0.00000002   
  38   0.00000001    -0.00000001    -0.00000000     0.00000001    -0.00000006     0.00000005   
  39   0.00000002     0.00000001    -0.00000001     0.00000001    -0.00000003     0.00000002   
  40   0.00000001     0.00000001    -0.00000002    -0.00000001    -0.00000001    -0.00000005   
  41  -0.00000001     0.00000001    -0.00000002    -0.00000000    -0.00000000    -0.00000001   
  42  -0.00000001     0.00000001     0.00000001     0.00000003    -0.00000001    -0.00000003   
  43   0.00000000    -0.00000001     0.00000001     0.00000000     0.00000000    -0.00000002   
  44   0.00000004    -0.00000004    -0.00000003    -0.00000001     0.00000003    -0.00000004   
  45  -0.00000001    -0.00000000     0.00000002    -0.00000001    -0.00000003    -0.00000004   
  46   0.00000000    -0.00000002    -0.00000000    -0.00000000     0.00000001     0.00000002   
  47   0.00000002     0.00000002    -0.00000000     0.00000001     0.00000001    -0.00000000   
  48  -0.00000000     0.00000001    -0.00000001    -0.00000000     0.00000001     0.00000004   
  49  -0.00000000     0.00000002     0.00000001     0.00000000     0.00000004    -0.00000002   
  50   0.00000000    -0.00000000    -0.00000001    -0.00000002    -0.00000000     0.00000001   
  51   0.00000004     0.00000003    -0.00000001     0.00000001    -0.00000003    -0.00000003   
  52  -0.00000003     0.00000001    -0.00000000    -0.00000000     0.00000001     0.00000000   
  53   0.00000001     0.00000001    -0.00000001     0.00000001    -0.00000001     0.00000001   
  54   0.00000000    -0.00000001    -0.00000000    -0.00000001    -0.00000001     0.00000003   
           25             26             27             28             29             30       
   1  -0.00000000    -0.00000000     0.00000000     0.00000000    -0.00000000     0.00000000   
   2  -0.00000000    -0.00000000     0.00000000    -0.00000000     0.00000000     0.00000000   
   3   0.00000000     0.00000000    -0.00000000    -0.00000000     0.00000000     0.00000000   
   4  -0.00000000     0.00000000    -0.00000000    -0.00000000     0.00000000     0.00000000   
   5  -0.00000000    -0.00000000     0.00000000     0.00000000     0.00000000    -0.00000000   
   6  -0.00000000    -0.00000000    -0.00000000     0.00000000    -0.00000000    -0.00000000   
   7  -0.00000000     0.00000000     0.00000000    -0.00000000    -0.00000000    -0.00000000   
   8  -0.00000000    -0.00000000    -0.00000000     0.00000000     0.00000000     0.00000000   
   9  -0.00000000    -0.00000000    -0.00000000     0.00000000     0.00000000     0.00000000   
  10   0.00000000    -0.00000000     0.00000000     0.00000000     0.00000000     0.00000000   
  11   0.00000000    -0.00000000    -0.00000000     0.00000000    -0.00000000     0.00000000   
  12  -0.00000000     0.00000000    -0.00000000     0.00000000     0.00000000     0.00000000   
  13   0.00000000     0.00000000     0.00000000    -0.00000000     0.00000000     0.00000000   
  14   0.00000000     0.00000000    -0.00000000     0.00000000    -0.00000000    -0.00000000   
  15  -0.00000000    -0.00000000    -0.00000000    -0.00000000     0.00000000     0.00000000   
  16  -0.00000000     0.00000000    -0.00000000     0.00000000     0.00000000     0.00000000   
  17  -0.00000000    -0.00000000    -0.00000000     0.00000000    -0.00000000    -0.00000000   
  18  -0.00000000     0.00000000     0.00000000    -0.00000000     0.00000000     0.00000000   
  19  -0.00000000    -0.00000000     0.00000000     0.00000000     0.00000000    -0.00000000   
  20  -0.00000000    -0.00000000     0.00000000    -0.00000000     0.00000000    -0.00000000   
  21   0.00000000     0.00000000     0.00000000    -0.00000000     0.00000000    -0.00000000   
  22   0.00000000     0.00000000    -0.00000000     0.00000000    -0.00000000     0.00000000   
  23  -0.00000000    -0.00000000    -0.00000000     0.00000000    -0.00000000    -0.00000000   
  24  -0.00000000     0.00000000    -0.00000000    -0.00000000    -0.00000000     0.00000000   
  25   6.16651919     0.00000000     0.00000000    -0.00000000    -0.00000000    -0.00000000   
  26   0.00000000     6.63147034     0.00000000    -0.00000000    -0.00000000    -0.00000000   
  27   0.00000000     0.00000000     6.69222980    -0.00000000     0.00000000    -0.00000000   
  28  -0.00000000    -0.00000000    -0.00000000     7.13037374    -0.00000000    -0.00000000   
  29  -0.00000000    -0.00000000     0.00000000    -0.00000000     8.35342722    -0.00000000   
  30  -0.00000000    -0.00000000    -0.00000000    -0.00000000    -0.00000000     9.21492509   
  31  -0.00000000    -0.00000000    -0.00000000     0.00000000     0.00000000     0.00000000   
  32   0.00000000    -0.00000000     0.00000000     0.00000000    -0.00000000     0.00000000   
  33  -0.00000000    -0.00000000     0.00000000     0.00000000     0.00000000    -0.00000000   
  34   0.00000000    -0.00000000    -0.00000000    -0.00000000    -0.00000000     0.00000000   
  35   0.01597407    -0.01131393     0.05318324     0.00194778     0.00295029    -0.09178245   
  36   0.03182339    -0.07487124     0.00635139     0.03263093     0.02050767     0.07386038   
  37   0.00000003     0.00000001    -0.00000001    -0.00000000     0.00000007     0.00000002   
  38   0.00000007    -0.00000003    -0.00000002     0.00000007    -0.00000007     0.00000006   
  39  -0.00000004     0.00000002    -0.00000001    -0.00000005    -0.00000001    -0.00000001   
  40  -0.00000001     0.00000002     0.00000001     0.00000005    -0.00000001     0.00000000   
  41   0.00000002     0.00000001    -0.00000001    -0.00000002     0.00000004     0.00000013   
  42  -0.00000004     0.00000003    -0.00000000    -0.00000001     0.00000001    -0.00000004   
  43  -0.00000005    -0.00000002    -0.00000000    -0.00000005     0.00000006     0.00000002   
  44   0.00000002     0.00000004     0.00000000     0.00000001    -0.00000001    -0.00000001   
  45   0.00000003     0.00000001    -0.00000000     0.00000001    -0.00000002     0.00000002   
  46   0.00000002    -0.00000002    -0.00000000     0.00000001    -0.00000000    -0.00000002   
  47  -0.00000001    -0.00000001     0.00000001     0.00000002    -0.00000004    -0.00000001   
  48   0.00000005    -0.00000001     0.00000000     0.00000004     0.00000000    -0.00000003   
  49   0.00000001     0.00000002     0.00000001    -0.00000002    -0.00000002     0.00000002   
  50  -0.00000007    -0.00000004     0.00000000    -0.00000002     0.00000007     0.00000002   
  51  -0.00000000    -0.00000001     0.00000004     0.00000000    -0.00000000    -0.00000001   
  52   0.00000002     0.00000003     0.00000000     0.00000002     0.00000002    -0.00000002   
  53  -0.00000001     0.00000001     0.00000000     0.00000000    -0.00000001     0.00000001   
  54   0.00000001     0.00000001     0.00000000    -0.00000001    -0.00000001    -0.00000001   
           31             32             33             34             35             36       
   1  -0.00000000     0.00000000    -0.00000000     0.00000000     0.04547845    -0.03303928   
   2   0.00000000    -0.00000000    -0.00000000     0.00000000     0.05581730     0.01715655   
   3   0.00000000    -0.00000000    -0.00000000    -0.00000000     0.01343606    -0.01943082   
   4   0.00000000    -0.00000000    -0.00000000    -0.00000000    -0.00044397    -0.01409269   
   5   0.00000000     0.00000000     0.00000000     0.00000000    -0.00225396    -0.00008923   
   6  -0.00000000     0.00000000     0.00000000    -0.00000000     0.03883978     0.03928112   
   7  -0.00000000     0.00000000     0.00000000    -0.00000000     0.11184715    -0.09413716   
   8   0.00000000     0.00000000    -0.00000000     0.00000000     0.11462886     0.10316063   
   9   0.00000000    -0.00000000     0.00000000     0.00000000     0.00383836    -0.00140623   
  10  -0.00000000     0.00000000     0.00000000     0.00000000     0.03010367    -0.03355450   
  11   0.00000000    -0.00000000     0.00000000     0.00000000    -0.00058103     0.00262027   
  12  -0.00000000    -0.00000000    -0.00000000    -0.00000000     0.00576694    -0.00191533   
  13  -0.00000000     0.00000000     0.00000000    -0.00000000    -0.00031726    -0.00255050   
  14  -0.00000000     0.00000000     0.00000000     0.00000000     0.00130113     0.00097696   
  15   0.00000000     0.00000000     0.00000000    -0.00000000    -0.00200154     0.00273063   
  16  -0.00000000     0.00000000     0.00000000     0.00000000    -0.00546739     0.00660339   
  17   0.00000000    -0.00000000     0.00000000    -0.00000000     0.02011676    -0.01740014   
  18  -0.00000000     0.00000000     0.00000000    -0.00000000    -0.10931261    -0.08501972   
  19   0.00000000     0.00000000     0.00000000    -0.00000000    -0.06585689     0.04312464   
  20   0.00000000     0.00000000     0.00000000     0.00000000     0.02010736     0.03144244   
  21   0.00000000    -0.00000000     0.00000000     0.00000000     0.00265040     0.00122066   
  22   0.00000000     0.00000000     0.00000000     0.00000000     0.00126535     0.00027476   
  23   0.00000000    -0.00000000     0.00000000    -0.00000000     0.07491306    -0.04642330   
  24   0.00000000     0.00000000     0.00000000    -0.00000000    -0.11591776    -0.12609227   
  25  -0.00000000     0.00000000    -0.00000000     0.00000000     0.01597400     0.03182324   
  26  -0.00000000    -0.00000000    -0.00000000    -0.00000000    -0.01131393    -0.07487130   
  27  -0.00000000     0.00000000     0.00000000    -0.00000000     0.05318321     0.00635140   
  28   0.00000000     0.00000000     0.00000000    -0.00000000     0.00194792     0.03263076   
  29   0.00000000    -0.00000000     0.00000000    -0.00000000     0.00295024     0.02050773   
  30   0.00000000     0.00000000    -0.00000000     0.00000000    -0.09178223     0.07386023   
  31   9.35472701     0.00000000     0.00000000    -0.00000000    -0.00191468     0.01875059   
  32   0.00000000    10.33085114     0.00000000     0.00000000     0.01627888    -0.01798268   
  33   0.00000000     0.00000000    10.56773778     0.00000000    -0.14728142    -0.16249784   
  34  -0.00000000     0.00000000     0.00000000    11.99932532     0.00144302     0.04715915   
  35  -0.00191486     0.01627866    -0.14728132     0.00144294     7.96686358     0.54036067   
  36   0.01875080    -0.01798263    -0.16249781     0.04715902     0.54036065     8.00715215   
  37   0.00000002     0.00000003     0.00000006    -0.00000000    -0.00000012     0.00000016   
  38   0.00000008     0.00000006     0.00000013    -0.00000025    -0.00000022    -0.00000008   
  39   0.00000009     0.00000002    -0.00000008     0.00000010    -0.00000027    -0.00000023   
  40  -0.00000003     0.00000001     0.00000006     0.00000002     0.00000002    -0.00000012   
  41   0.00000001     0.00000002     0.00000004    -0.00000002    -0.00000016    -0.00000015   
  42  -0.00000001    -0.00000006    -0.00000006     0.00000005     0.00000000    -0.00000001   
  43  -0.00000009     0.00000001    -0.00000004     0.00000013     0.00000001     0.00000003   
  44   0.00000001     0.00000003    -0.00000007    -0.00000003     0.00000002     0.00000009   
  45   0.00000004     0.00000000    -0.00000008    -0.00000006     0.00000004     0.00000007   
  46  -0.00000002     0.00000009     0.00000000    -0.00000010    -0.00000009    -0.00000028   
  47  -0.00000004    -0.00000000     0.00000000    -0.00000003     0.00000016    -0.00000002   
  48   0.00000001    -0.00000006    -0.00000003     0.00000002     0.00000008     0.00000011   
  49   0.00000000     0.00000001    -0.00000006    -0.00000008     0.00000001     0.00000003   
  50  -0.00000002    -0.00000004     0.00000001     0.00000006    -0.00000015    -0.00000020   
  51  -0.00000001    -0.00000000    -0.00000000    -0.00000001     0.00000008     0.00000002   
  52   0.00000001    -0.00000003    -0.00000002     0.00000002    -0.00000001    -0.00000003   
  53   0.00000001     0.00000001     0.00000000    -0.00000005     0.00000005     0.00000006   
  54   0.00000000     0.00000001     0.00000003    -0.00000003    -0.00000006     0.00000001   

[[-0.999978 -0.006412  0.001213 ...  0.000014 -0.000007  0.000004]
 [ 0.006412 -0.999979  0.000139 ... -0.000004  0.000017  0.000007]
 [-0.001213 -0.000146 -0.999996 ... -0.000006  0.000007  0.000014]
 ...
 [-0.000007  0.000005  0.000007 ... -0.981429 -0.01795   0.066662]
 [-0.000004  0.000009  0.000012 ... -0.036479  0.957107  0.076999]
 [-0.       -0.000002 -0.000011 ... -0.067151  0.071476 -0.991097]]
 Saved MO coefficients to FCIDUMP/FCIDUMP_TTM-TTM_gwh_mo_coeff.npy

************************************************
 Testing 'core' initial guess method
************************************************

  Initializing L-BFGS optimisation...
    > Num. MOs       =     54
    > Num. params    =    717
    > Max subspace   =     20
    > Max step size   =  0.500
    > Backtracking   =  0.100
    > Parallel tr.   = True
    > Pseudo-canon.  = True
    > Canon interval = 10
    > Hybrid prec.   = True
  ================================================================
           Energy / Eh     Step Len    Max(|G_i|)
  ================================================================
     0   334.0403111962                 3.05e+01
     1   316.3146539770    5.00e-01     3.89e+01    rescaled  
  Step has positive overlap with gradient - reversing direction
     2   305.2176690947    5.00e-01     3.62e+01    reset L-BFGS
     3   278.7767719043    5.00e-01     3.40e+01    rescaled  
     4   255.0882873875    5.00e-01     3.12e+01    rescaled  
     5   237.4484640547    5.00e-01     2.95e+01    rescaled  
     6   222.2325347006    5.00e-01     2.77e+01    rescaled  
     7   201.6674673204    5.00e-01     2.25e+01    rescaled  
     8   194.8005763596    5.00e-01     1.85e+01    rescaled  
     9   186.3371316454    5.00e-01     1.49e+01    rescaled  
    10   169.8693262173    5.00e-01     1.25e+01    rescaled  
    11   150.9957527730    5.00e-01     1.08e+01    rescaled  
    12   142.6540065591    5.00e-01     1.15e+01    rescaled  
    13   133.7525762139    5.00e-01     1.10e+01    rescaled  
    14   124.5947878774    5.00e-01     1.05e+01    rescaled  
    15   118.5220448052    5.00e-01     9.75e+00    rescaled  
    16   110.2429903789    5.00e-01     9.13e+00    rescaled  
    17   103.5971405314    5.00e-01     8.52e+00    rescaled  
    18    94.9717887447    5.00e-01     7.96e+00    rescaled  
    19    87.4474703587    5.00e-01     7.75e+00    rescaled  
    20    82.5929136109    5.00e-01     7.60e+00    rescaled  
    21    82.5929136109    5.00e-01     7.60e+00    understep 
    22    83.4757790186    5.00e-01     9.86e+00    rescaled  
    23    81.9167348549    4.28e-01     9.64e+00    overstep  
    24    77.4415242544    5.00e-01     1.09e+01    rescaled  
    25    74.0431583694    5.00e-01     1.17e+01    rescaled  
    26    67.5810880471    5.00e-01     1.34e+01    rescaled  
    27    61.1510723746    5.00e-01     9.63e+00    rescaled  
    28    47.1040171065    5.00e-01     7.33e+00    rescaled  
    29    41.2473869950    5.00e-01     6.93e+00    rescaled  
    30    37.1370375870    5.00e-01     6.74e+00    rescaled  
    31    26.8737242901    5.00e-01     7.32e+00    rescaled  
    32    21.3488574727    5.00e-01     8.21e+00    rescaled  
    33    18.3645256392    5.00e-01     7.44e+00    rescaled  
    34    15.5491740953    5.00e-01     7.46e+00    rescaled  
    35    13.2045464518    5.00e-01     7.41e+00    rescaled  
    36     7.7551630290    5.00e-01     7.41e+00    rescaled  
    37     1.4859515591    5.00e-01     6.40e+00    rescaled  
    38     9.3410122199    5.00e-01     8.01e+00    rescaled  
    39    -1.1781469498    2.93e-01     4.79e+00    overstep  
    40    -3.5907615138    5.00e-01     3.46e+00    rescaled  
    41    -0.9054538955    3.54e-01     4.78e+00              
    42    -5.1130816399    2.64e-01     4.51e+00    overstep  
    43    -6.8415465388    4.51e-01     5.03e+00              
    44    -5.2975462798    5.00e-01     7.65e+00    rescaled  
    45    -7.9736307264    4.16e-01     6.20e+00    overstep  
    46   -10.8021418697    3.05e-01     2.26e+00              
    47   -12.1432587956    2.08e-01     2.95e+00              
    48   -13.0758756156    3.31e-01     1.65e+00              
    49   -13.6160379779    2.75e-01     1.63e+00              
    50   -14.3170894854    1.29e-01     1.35e+00              
    51   -14.3789270873    3.46e-02     1.34e+00              
    52   -14.4117126537    3.15e-02     1.44e+00              
    53   -14.9809274031    2.16e-01     7.19e-01              
    54   -15.1945242199    5.74e-02     6.67e-01              
    55   -15.3233059064    3.76e-02     3.06e-01              
    56   -15.3388586882    4.18e-02     3.71e-01              
    57   -15.3941585779    1.86e-02     1.62e-01              
    58   -15.4080399716    2.57e-02     1.01e-01              
    59   -15.4142132985    1.86e-02     6.84e-02              
    60   -15.4155034992    9.28e-03     1.47e-02              
    61   -15.4157783612    4.54e-03     1.39e-02              
    62   -15.4158546103    1.13e-03     2.92e-03              
    63   -15.4158651699    7.51e-04     1.66e-03              
    64   -15.4158672746    5.64e-04     6.45e-04              
    65   -15.4158675633    2.02e-04     4.31e-04              
    66   -15.4158676602    4.27e-05     8.69e-05              
    67   -15.4158676659    1.16e-05     4.36e-05              
    68   -15.4158676675    1.08e-05     1.10e-05              
    69   -15.4158676676    4.57e-06     9.82e-06              
    70   -15.4158676677    6.96e-07     1.63e-06              
    71   -15.4158676677    2.70e-07     1.03e-06              
    72   -15.4158676677    3.74e-07     3.15e-07              
  ================================================================
  L-BFGS converged in     72 iterations (  3.44 seconds)

  Initializing Davidson diagonalisation...
    > Max iterations =   1000
    > Target states  =      5
    > Convergence    =  1.000e-04
    > Basis per root =      4
    > Max basis size =     20
  Davidson diagonalisation converged in     24 iterations (  4.94 seconds)

   --------------------------
    Converged eigenvalues:   
   --------------------------
       0        2.00978171   
       1        2.12353886   
       2        2.43970707   
       3        2.53700569   
       4        2.78801943   
   --------------------------

 ---------------------------------------------
         Total Energy =   -15.41586767 Eh
              Nuclear =  7295.62550428 Eh
         One Electron = -14203.75652598 Eh
              Coulomb =  7166.54433485 Eh
        ROHF Exchange =  -273.82918081 Eh
 ---------------------------------------------
           <Sz> =  0.00
           <S2> =  0.00
  Spin Coupling = +-

 -----------------------------------------------------------------------------------------------
  Open-Shell Exchange Matrix <Ψ|Êpq Êqp|Ψ> - Np
 -----------------------------------------------------------------------------------------------
           1              2        
   1   0.00000000     1.00000000   
   2   1.00000000     0.00000000   

 -----------------------------------------------------------------------------------------------
  Open-Shell Exchange Integrals <pq|qp>
 -----------------------------------------------------------------------------------------------
           1              2        
   1   3.50848503     0.00153008   
   2   0.00153008     3.49375955   

 -----------------------------------------------------------------------------------------------
  Occupied Orbital Coefficients
 -----------------------------------------------------------------------------------------------
           1              2              3              4              5              6        
   1   0.99997818     0.00641194    -0.00121336    -0.00030359    -0.00000049    -0.00017876   
   2  -0.00641251     0.99997879    -0.00013950     0.00037541    -0.00000898     0.00037985   
   3   0.00121262     0.00014643     0.99999601     0.00238979     0.00011665    -0.00055489   
   4  -0.00030306     0.00037403     0.00238978    -0.99999657     0.00021110    -0.00081307   
   5  -0.00000033    -0.00000885     0.00011716    -0.00021082    -0.99999996    -0.00000498   
   6  -0.00018185     0.00037736    -0.00055657     0.00081217     0.00000471    -0.99999876   
   7  -0.00031720    -0.00021475    -0.00045066    -0.00010613     0.00000151     0.00009912   
   8   0.00006543     0.00026485    -0.00014278    -0.00011405     0.00000348    -0.00057775   
   9   0.00004641    -0.00005653     0.00001428     0.00005054     0.00000730     0.00003555   
  10  -0.00003523    -0.00000023    -0.00009430     0.00017114     0.00001879     0.00005861   
  11   0.00009224    -0.00007600    -0.00003951     0.00011789    -0.00000700     0.00001373   
  12  -0.00000694    -0.00005248     0.00000992    -0.00018685     0.00001626     0.00013316   
  13   0.00004428    -0.00005515    -0.00007625    -0.00000652     0.00001478    -0.00011512   
  14   0.00002608    -0.00002776    -0.00009426    -0.00003776    -0.00000722    -0.00009270   
  15   0.00000088    -0.00000391    -0.00000970    -0.00005358    -0.00001188     0.00000429   
  16   0.00000842    -0.00000232     0.00001055    -0.00009530     0.00000470     0.00001343   
  17   0.00004071     0.00002371     0.00018336     0.00006820     0.00000969    -0.00010693   
  18   0.00004496     0.00020234    -0.00001854    -0.00005581     0.00000672    -0.00023629   
  19  -0.00013677    -0.00006998     0.00000792    -0.00005577    -0.00000718     0.00001699   
  20  -0.00002152    -0.00005634     0.00000097     0.00004764    -0.00000607     0.00000591   
  21   0.00000166    -0.00000364    -0.00001991    -0.00001738     0.00002406    -0.00003195   
  22   0.00000190    -0.00000207    -0.00001746    -0.00001056    -0.00003484    -0.00001279   
  23   0.00010910     0.00005165    -0.00007134    -0.00000949    -0.00000138     0.00001781   
  24   0.00001152     0.00005262    -0.00001771     0.00002811    -0.00000090     0.00010815   
  25   0.00000939    -0.00000712     0.00000249     0.00001472    -0.00003479     0.00002139   
  26   0.00003045    -0.00005505    -0.00000511     0.00000201    -0.00000137     0.00000825   
  27   0.00009661     0.00010627    -0.00000982     0.00000109    -0.00000121    -0.00003067   
  28  -0.00001840     0.00000914    -0.00000174    -0.00002459    -0.00004148    -0.00000233   
  29   0.00000588    -0.00000670    -0.00001269     0.00001372    -0.00001085    -0.00002472   
  30   0.00002979     0.00000841    -0.00000717     0.00003159     0.00000329     0.00000379   
  31  -0.00000221    -0.00000188    -0.00002342    -0.00000854    -0.00003161    -0.00002329   
  32   0.00000232     0.00000706     0.00001397     0.00002232    -0.00004137    -0.00000289   
  33  -0.00000547    -0.00003475    -0.00000213    -0.00000181    -0.00000748     0.00012966   
  34  -0.00000052     0.00000363     0.00000039     0.00001767     0.00002505     0.00000396   
  35  -0.00085589    -0.00042508    -0.00039185    -0.00018368    -0.00002750     0.00002337   
  36   0.00012210     0.00077788    -0.00008059    -0.00019042     0.00002938    -0.00090704   
  37   0.00003833     0.00003570    -0.00002270    -0.00001833    -0.00000039    -0.00000847   
  38   0.00002738    -0.00001760     0.00000651     0.00000085    -0.00000582     0.00002098   
  39   0.00000390    -0.00000869    -0.00000245    -0.00003004     0.00000417    -0.00001227   
  40   0.00002172    -0.00001324    -0.00000894    -0.00001063    -0.00000706    -0.00000297   
  41   0.00001405    -0.00001490    -0.00001499    -0.00001471     0.00000881    -0.00001606   
  42   0.00004949     0.00006470     0.00000635    -0.00000039     0.00000457    -0.00003775   
  43  -0.00003635     0.00002743    -0.00003061    -0.00003607    -0.00000093    -0.00004582   
  44  -0.00000560     0.00000289    -0.00002483    -0.00000878    -0.00001142    -0.00000580   
  45   0.00002454     0.00000916    -0.00000799     0.00000014     0.00000354     0.00001194   
  46   0.00001643    -0.00001679    -0.00000065    -0.00003308     0.00000748    -0.00000855   
  47   0.00000482    -0.00000179     0.00000085    -0.00000299    -0.00002420     0.00000028   
  48   0.00000182     0.00003224    -0.00000464    -0.00003777     0.00000298    -0.00001805   
  49  -0.00005944    -0.00004463    -0.00000995    -0.00002502    -0.00000587     0.00000543   
  50  -0.00000296    -0.00006028     0.00001200     0.00001259    -0.00000163     0.00013325   
  51   0.00000154    -0.00000060     0.00000183     0.00000200    -0.00005011    -0.00000155   
  52   0.00000718    -0.00000513    -0.00000687     0.00001212     0.00000392    -0.00001280   
  53   0.00000360    -0.00000860    -0.00001161    -0.00000122     0.00000125     0.00003474   
  54   0.00000009     0.00000167     0.00001071     0.00000184     0.00000092     0.00001463   
           7              8              9              10             11             12       
   1  -0.00031491     0.00006700    -0.00004688     0.00003429    -0.00009180     0.00000730   
   2  -0.00021068     0.00026124     0.00005728     0.00000120     0.00007532     0.00005213   
   3  -0.00045047    -0.00014198    -0.00001438     0.00009544     0.00003695    -0.00001029   
   4   0.00010440     0.00011342     0.00005278     0.00017364     0.00011587    -0.00018505   
   5  -0.00000165    -0.00000335     0.00000714     0.00001861    -0.00000745     0.00001606   
   6  -0.00009817     0.00057447     0.00003661     0.00005751     0.00001198     0.00013588   
   7  -0.99999255     0.00101189    -0.00009599    -0.00066903    -0.00025652     0.00006894   
   8  -0.00101401    -0.99999170    -0.00017878     0.00014761    -0.00034307     0.00003164   
   9  -0.00009089    -0.00017652     0.99989684    -0.00324773    -0.01219471     0.00123295   
  10  -0.00066671     0.00015409     0.00304897     0.99983526    -0.01718102     0.00366056   
  11  -0.00026945    -0.00034299     0.01222736     0.01712836     0.99973875     0.00716226   
  12   0.00007443     0.00003136    -0.00143125    -0.00373934    -0.00711792     0.99984667   
  13   0.00000612    -0.00013988    -0.00630493     0.00216851    -0.00094102    -0.01493294   
  14   0.00007528     0.00005327    -0.00082362     0.00175071    -0.00457083    -0.00396116   
  15   0.00010474     0.00019235     0.00205138     0.00010360    -0.00013592     0.00064911   
  16   0.00013868     0.00037138     0.00074739    -0.00053908     0.00233147     0.00105345   
  17   0.00096512     0.00006213     0.00035894    -0.00131510     0.00058643    -0.00018568   
  18  -0.00019097    -0.00006861    -0.00008770     0.00004626    -0.00012664    -0.00012736   
  19   0.00020680    -0.00012295    -0.00003471    -0.00007342    -0.00006735    -0.00003732   
  20   0.00005573    -0.00000424     0.00001932     0.00000306     0.00002725     0.00002646   
  21   0.00001025    -0.00001726    -0.00014537    -0.00011367    -0.00007091     0.00012092   
  22   0.00001243    -0.00000805     0.00007138    -0.00005631    -0.00016758     0.00006825   
  23  -0.00026266     0.00009754     0.00001230     0.00012128     0.00006028    -0.00001197   
  24  -0.00003001     0.00000715    -0.00000874    -0.00006093    -0.00002282     0.00011083   
  25   0.00001359     0.00004769     0.00003714     0.00001466    -0.00003593     0.00001354   
  26   0.00001459    -0.00001862     0.00005200    -0.00000972     0.00009756    -0.00001547   
  27  -0.00010821     0.00007257     0.00000258     0.00002458     0.00002137     0.00004163   
  28  -0.00002624    -0.00003905     0.00003098    -0.00003162     0.00000066     0.00001178   
  29   0.00001904     0.00001936    -0.00004079     0.00001602    -0.00002186    -0.00002115   
  30  -0.00017195     0.00002158    -0.00000357     0.00000582    -0.00000427     0.00003672   
  31   0.00003220     0.00001655     0.00001465     0.00000345    -0.00004406    -0.00000197   
  32  -0.00003184    -0.00000817     0.00000797     0.00000314    -0.00000127    -0.00002165   
  33   0.00000741    -0.00016673     0.00000408    -0.00000635     0.00001447     0.00002894   
  34  -0.00004345    -0.00003200     0.00000504    -0.00001862    -0.00001136    -0.00001048   
  35   0.00341955    -0.00032761    -0.00012896     0.00106984    -0.00000914    -0.00017383   
  36  -0.00027248     0.00381362    -0.00000797     0.00010503    -0.00000070    -0.00005661   
  37  -0.00006482     0.00003870     0.00000122    -0.00005439    -0.00000130     0.00002039   
  38  -0.00002077    -0.00000881     0.00000829    -0.00000333     0.00000293    -0.00001801   
  39  -0.00000358     0.00006177    -0.00000942    -0.00000794    -0.00001195     0.00000605   
  40  -0.00001123    -0.00000091    -0.00000596     0.00001444     0.00000600    -0.00001943   
  41  -0.00000640    -0.00000232     0.00000134     0.00001880     0.00000250    -0.00002527   
  42  -0.00003171     0.00000248     0.00000376     0.00002018     0.00000407     0.00000184   
  43   0.00001002    -0.00000572    -0.00000358    -0.00002127    -0.00001134    -0.00000123   
  44  -0.00001640     0.00003033    -0.00000299     0.00002035    -0.00001938     0.00001364   
  45  -0.00008064     0.00004471    -0.00000609     0.00000887     0.00001136     0.00000630   
  46   0.00005756     0.00003542    -0.00001083    -0.00003511    -0.00001439     0.00003802   
  47   0.00001579    -0.00000177     0.00001174    -0.00001076    -0.00000851     0.00000109   
  48   0.00002498     0.00011158    -0.00001262     0.00000224    -0.00000716     0.00002636   
  49   0.00013785    -0.00004409     0.00000152    -0.00003982    -0.00001090    -0.00001469   
  50   0.00000463     0.00012112    -0.00001568     0.00001358     0.00000029     0.00008015   
  51   0.00000799    -0.00000976     0.00009246     0.00000417    -0.00004837    -0.00001166   
  52  -0.00002394    -0.00003278     0.00002877     0.00001632     0.00005930    -0.00003548   
  53  -0.00001167    -0.00001301     0.00001474    -0.00001278     0.00001054    -0.00005247   
  54   0.00010134     0.00002182    -0.00000006    -0.00012850    -0.00001868    -0.00001125   
           13             14             15             16             17             18       
   1  -0.00004469     0.00002611    -0.00000068    -0.00000788    -0.00004049     0.00004427   
   2   0.00005702    -0.00002808     0.00000385     0.00000232    -0.00002349     0.00019576   
   3   0.00007642    -0.00009349     0.00001014    -0.00000913    -0.00018342    -0.00001819   
   4  -0.00000919     0.00003763    -0.00005369    -0.00009580     0.00006742     0.00005478   
   5   0.00001498     0.00000739    -0.00001188     0.00000465     0.00000971    -0.00000645   
   6  -0.00011375     0.00009121     0.00000405     0.00001288    -0.00010657     0.00023020   
   7   0.00000886    -0.00007553     0.00010427     0.00013713     0.00096360     0.00018422   
   8  -0.00014165    -0.00005134     0.00019275     0.00037254     0.00006516     0.00009655   
   9   0.00632966    -0.00071997    -0.00204413    -0.00071186    -0.00036496    -0.00008731   
  10  -0.00212653     0.00179401    -0.00011629     0.00056026     0.00133010     0.00004852   
  11   0.00113124    -0.00457695     0.00009865    -0.00231784    -0.00057689    -0.00012826   
  12   0.01496274    -0.00379958    -0.00062874    -0.00101157     0.00016791    -0.00012870   
  13   0.99982111     0.00924408     0.00166000     0.00074478    -0.00075200    -0.00010832   
  14   0.00917158    -0.99992878    -0.00144876     0.00392720    -0.00064490    -0.00006046   
  15  -0.00162322    -0.00147025     0.99999462    -0.00063209     0.00090077     0.00002945   
  16  -0.00075597     0.00390136     0.00063200     0.99998393     0.00286228     0.00011716   
  17   0.00076466    -0.00065233    -0.00090274    -0.00286073     0.99999301    -0.00017256   
  18  -0.00011235     0.00006160     0.00003001     0.00011813    -0.00017082    -0.99997012   
  19  -0.00000886    -0.00000932     0.00002325     0.00000619     0.00042069    -0.00046901   
  20  -0.00001414     0.00002974    -0.00001725    -0.00002545    -0.00006825    -0.00200060   
  21  -0.00000246    -0.00001751     0.00008715     0.00009566    -0.00000153     0.00006816   
  22   0.00001031    -0.00005196    -0.00001117     0.00008693     0.00000476     0.00008222   
  23   0.00003345    -0.00002735     0.00000288     0.00004249    -0.00019491     0.00043658   
  24  -0.00000449     0.00001072    -0.00003359    -0.00003516     0.00006705     0.00132531   
  25  -0.00005618    -0.00002096     0.00008708     0.00003953    -0.00001013     0.00024038   
  26   0.00008347    -0.00006127     0.00001903     0.00002962     0.00003147     0.00012168   
  27   0.00000734    -0.00001277     0.00000093     0.00000501    -0.00000293     0.00025426   
  28   0.00002151    -0.00001719    -0.00001194    -0.00010762     0.00003224    -0.00008212   
  29   0.00002222     0.00002953    -0.00000063     0.00002022     0.00000795    -0.00006501   
  30   0.00000311    -0.00000046     0.00001384     0.00004624    -0.00010903     0.00012287   
  31  -0.00002116    -0.00001550    -0.00002112    -0.00004080     0.00003317     0.00000643   
  32   0.00005209    -0.00001107    -0.00000417     0.00005992    -0.00000978    -0.00026444   
  33   0.00002281     0.00000891    -0.00004730    -0.00005428     0.00005635     0.00076543   
  34  -0.00000233    -0.00006852     0.00003201    -0.00001815     0.00004378    -0.00003319   
  35  -0.00006357     0.00001229     0.00012835     0.00034323    -0.00046541    -0.00120752   
  36  -0.00009001     0.00006870     0.00004736     0.00009302     0.00006273     0.00702995   
  37   0.00000660    -0.00000654    -0.00000512    -0.00003573    -0.00006939     0.00011403   
  38  -0.00000154     0.00000530    -0.00003180    -0.00000086     0.00002289     0.00005402   
  39  -0.00000827     0.00000868    -0.00000886    -0.00000667     0.00001147     0.00071732   
  40   0.00000748     0.00001116     0.00000452     0.00001380     0.00001452     0.00003757   
  41  -0.00000976    -0.00001208     0.00002444     0.00001591    -0.00000263    -0.00002567   
  42   0.00000031    -0.00000296     0.00001253    -0.00000520    -0.00004414    -0.00006850   
  43   0.00001151    -0.00002141     0.00003051     0.00006710     0.00003212     0.00004523   
  44   0.00001512    -0.00002210    -0.00001988     0.00001303    -0.00013658     0.00005187   
  45   0.00002775    -0.00003617     0.00000577    -0.00001389    -0.00030915     0.00012300   
  46  -0.00000076     0.00001109    -0.00001789    -0.00003331     0.00011357     0.00014523   
  47  -0.00000897    -0.00000297     0.00000970    -0.00001325     0.00003510    -0.00001371   
  48   0.00001872    -0.00001718     0.00003154     0.00005168     0.00009222     0.00047540   
  49  -0.00000334    -0.00000014     0.00000585     0.00003722     0.00020863    -0.00014262   
  50   0.00002881    -0.00000945    -0.00001905    -0.00001975    -0.00001468     0.00080723   
  51  -0.00002495    -0.00004464    -0.00002122     0.00000004     0.00001284    -0.00004990   
  52  -0.00000839     0.00003240    -0.00000869    -0.00001017     0.00002420    -0.00008782   
  53  -0.00002911     0.00002308    -0.00000732    -0.00001265    -0.00000585    -0.00038376   
  54   0.00001344    -0.00002530     0.00000717     0.00000298     0.00026233     0.00002238   
           19             20             21             22             23             24       
   1  -0.00013245     0.00002272     0.00000133    -0.00000162     0.00010388    -0.00001334   
   2  -0.00006577     0.00005868    -0.00000365     0.00000196     0.00004705    -0.00006350   
   3   0.00000930    -0.00000139    -0.00002039     0.00001679    -0.00007353     0.00001924   
   4   0.00005534     0.00004778     0.00001808    -0.00001013     0.00001009     0.00002501   
   5   0.00000700    -0.00000609    -0.00002294    -0.00003552     0.00000158    -0.00000035   
   6  -0.00001628     0.00000812     0.00003212    -0.00001170    -0.00001892     0.00009444   
   7  -0.00018774     0.00005643    -0.00001112     0.00001238     0.00023997    -0.00003303   
   8   0.00011673    -0.00001356     0.00001882    -0.00000815    -0.00008943     0.00006408   
   9  -0.00003308    -0.00001812    -0.00014214    -0.00007805     0.00001047     0.00000811   
  10  -0.00007684     0.00000003    -0.00011438     0.00004969     0.00012703     0.00005790   
  11  -0.00006911    -0.00002619    -0.00007968     0.00016498     0.00006247     0.00002242   
  12  -0.00003622    -0.00002739     0.00012380    -0.00006585    -0.00001338    -0.00010975   
  13  -0.00000815     0.00001399    -0.00000315    -0.00000851     0.00003335     0.00000690   
  14   0.00000940     0.00002943     0.00001937    -0.00005224     0.00002793     0.00001220   
  15   0.00002280     0.00001662     0.00008666     0.00001359     0.00000359     0.00003308   
  16   0.00000527     0.00002488     0.00009836    -0.00008350     0.00004431     0.00003348   
  17   0.00042347     0.00006462     0.00000023    -0.00000559    -0.00020009    -0.00006778   
  18   0.00044150    -0.00201894    -0.00008487     0.00008556    -0.00041398     0.00143354   
  19  -0.99995684     0.00665331    -0.00271807     0.00149189     0.00193585    -0.00014001   
  20   0.00662359     0.99993036     0.00845069    -0.00346825    -0.00108515     0.00035338   
  21   0.00272226     0.00831827    -0.99946604    -0.03142946    -0.00135127    -0.00064458   
  22   0.00159931     0.00372060    -0.03139353     0.99949803    -0.00096438    -0.00036498   
  23  -0.00198391    -0.00108535     0.00136621    -0.00091474    -0.99996907     0.00181429   
  24  -0.00012558    -0.00030839    -0.00066660     0.00035063     0.00179358     0.99982302   
  25   0.00038945     0.00025578     0.00006096    -0.00017890    -0.00037286    -0.00435348   
  26   0.00054860     0.00060554     0.00039399    -0.00029333     0.00077084     0.00732652   
  27  -0.00018818     0.00004252     0.00006169    -0.00001189     0.00159717    -0.00564254   
  28  -0.00053527    -0.00045403    -0.00023598    -0.00038380     0.00027417     0.00148774   
  29   0.00024895     0.00043503    -0.00056972    -0.00017255     0.00037212     0.00017436   
  30  -0.00030276    -0.00014711    -0.00026358     0.00021681    -0.00048178     0.00027171   
  31   0.00005381     0.00015380    -0.00022340     0.00016793     0.00067291     0.00119054   
  32   0.00002270     0.00004678    -0.00020795    -0.00021206    -0.00044312    -0.00191765   
  33   0.00016235     0.00004461     0.00008012    -0.00013638     0.00008487     0.00166597   
  34   0.00000273     0.00011469    -0.00003774     0.00020845     0.00004542    -0.00063483   
  35   0.00508413    -0.00064978    -0.00006015     0.00001713    -0.00657578     0.00038034   
  36  -0.00106279    -0.00227158     0.00020220    -0.00008990     0.00152258     0.01512785   
  37  -0.00015580     0.00002935     0.00012167    -0.00006108     0.00008657    -0.00014082   
  38  -0.00009056    -0.00007899    -0.00016120    -0.00008876     0.00011676     0.00034631   
  39  -0.00006362    -0.00012801     0.00011052    -0.00008807    -0.00001294     0.00125212   
  40   0.00001728     0.00003205     0.00001559     0.00013906     0.00009952     0.00014699   
  41   0.00006823     0.00010308    -0.00004424    -0.00000052     0.00006799    -0.00001615   
  42  -0.00004734     0.00009511    -0.00000266     0.00002276    -0.00011574    -0.00007019   
  43   0.00002774     0.00008509     0.00012317    -0.00008819     0.00016795     0.00014892   
  44   0.00013649     0.00006025    -0.00005914    -0.00005045    -0.00026955    -0.00011873   
  45   0.00010487    -0.00001689    -0.00008242     0.00007362    -0.00040374     0.00000998   
  46  -0.00009341    -0.00006419     0.00003579    -0.00001397     0.00010527     0.00006371   
  47  -0.00002686    -0.00000788    -0.00001544    -0.00005362     0.00003474    -0.00000510   
  48  -0.00010243    -0.00006682     0.00005901    -0.00003708     0.00022243     0.00076418   
  49  -0.00007272    -0.00001763     0.00006627    -0.00006150     0.00032719    -0.00000672   
  50   0.00002940    -0.00023178    -0.00008568     0.00001875    -0.00007946     0.00097601   
  51   0.00000566    -0.00002124    -0.00013495    -0.00021957     0.00001315     0.00001784   
  52  -0.00015634    -0.00006739    -0.00007057     0.00007967     0.00016594     0.00020779   
  53  -0.00002872    -0.00009197     0.00006101    -0.00001293     0.00010961    -0.00065394   
  54   0.00004178    -0.00003085    -0.00003144     0.00002987     0.00041437    -0.00011268   
           25             26             27             28             29             30       
   1  -0.00000857     0.00003673    -0.00010065    -0.00001626    -0.00000453     0.00001529   
   2   0.00000505    -0.00005457    -0.00011215     0.00000831     0.00000599     0.00000024   
   3  -0.00000176    -0.00000270     0.00000834    -0.00000047     0.00001364    -0.00001361   
   4   0.00001402    -0.00000383     0.00000126     0.00002350     0.00001301    -0.00002870   
   5  -0.00003450     0.00000152    -0.00000101     0.00004157    -0.00001105    -0.00000269   
   6   0.00001894    -0.00001195    -0.00003383    -0.00000010    -0.00002659    -0.00000499   
   7   0.00001681     0.00000547    -0.00012427     0.00003500     0.00002508     0.00011366   
   8   0.00005900     0.00003656     0.00008811     0.00004798     0.00002684    -0.00001120   
   9  -0.00003664     0.00005227    -0.00000135     0.00003185     0.00004056    -0.00000558   
  10  -0.00001681    -0.00001685    -0.00002052    -0.00003463    -0.00001869     0.00002395   
  11   0.00003547     0.00009888    -0.00001916     0.00000074     0.00002254    -0.00000389   
  12  -0.00001291    -0.00001292    -0.00004301     0.00001290     0.00002134     0.00003372   
  13   0.00005728     0.00008378    -0.00000403     0.00002095    -0.00002277     0.00000173   
  14  -0.00002021     0.00006265    -0.00001064     0.00001707     0.00002897     0.00000054   
  15  -0.00008756     0.00001843    -0.00000002    -0.00001211     0.00000024     0.00001561   
  16  -0.00004034     0.00002757    -0.00000309    -0.00010888    -0.00002137     0.00005106   
  17   0.00001046     0.00003361     0.00000177     0.00003339    -0.00000704    -0.00011789   
  18   0.00026574    -0.00009071     0.00028760     0.00009808    -0.00005199    -0.00009180   
  19   0.00039125    -0.00051803    -0.00023259     0.00054316     0.00025316     0.00021487   
  20  -0.00024941     0.00063136    -0.00001417    -0.00044990    -0.00042763    -0.00015919   
  21   0.00005148    -0.00038491     0.00004979     0.00024219    -0.00057890     0.00025705   
  22   0.00017501    -0.00030696     0.00000525    -0.00037942     0.00015324     0.00022597   
  23  -0.00037201    -0.00083236     0.00161617    -0.00028220     0.00036322     0.00059066   
  24   0.00431466     0.00707371     0.00580668     0.00142937    -0.00019537     0.00027395   
  25   0.99997338    -0.00129065     0.00103033    -0.00281437     0.00279896     0.00078392   
  26  -0.00119848    -0.99951128    -0.02913552     0.00150848     0.00038528    -0.00057785   
  27  -0.00109625    -0.02917409     0.99954000     0.00052728     0.00014102    -0.00036230   
  28  -0.00279442    -0.00147530     0.00048745    -0.99998311    -0.00046210    -0.00115318   
  29  -0.00280523     0.00036873    -0.00013175    -0.00046664     0.99998705     0.00088738   
  30   0.00076738     0.00049690    -0.00026899     0.00110364     0.00085115    -0.99983408   
  31  -0.00037268     0.00054750    -0.00008400    -0.00028344     0.00205982    -0.00516956   
  32  -0.00147734    -0.00033239     0.00016050    -0.00008589     0.00140828     0.00244781   
  33  -0.00103656    -0.00289503    -0.00165484    -0.00133663    -0.00080817     0.00142409   
  34  -0.00049458    -0.00068919     0.00009858    -0.00147805     0.00013557     0.00193788   
  35   0.00117895     0.00541682    -0.00413367     0.00277959     0.00198150    -0.01688410   
  36   0.00303727     0.00558454     0.00350863     0.00256680     0.00201922     0.00132465   
  37  -0.00007597    -0.00007470    -0.00007522    -0.00031245     0.00001235    -0.00034151   
  38  -0.00083449     0.00004985    -0.00001025     0.00004468     0.00083460    -0.00014104   
  39  -0.00012101    -0.00011665    -0.00008576    -0.00002684     0.00026118     0.00020790   
  40   0.00011712     0.00010608    -0.00002664    -0.00005521     0.00021606     0.00000182   
  41   0.00029467     0.00015649    -0.00000394     0.00015937    -0.00015790     0.00004744   
  42   0.00003335    -0.00007655    -0.00076567    -0.00003756     0.00000997    -0.00030742   
  43   0.00014210    -0.00038042     0.00005666     0.00033865     0.00018191     0.00034085   
  44  -0.00013481     0.00019255    -0.00008523     0.00025552     0.00008326    -0.00019763   
  45  -0.00005138     0.00017666    -0.00012329    -0.00010250     0.00029711    -0.00106571   
  46   0.00009698     0.00021384    -0.00000477     0.00006323     0.00016485     0.00071716   
  47  -0.00006739     0.00003093    -0.00001275     0.00009618    -0.00011944     0.00018987   
  48   0.00021736    -0.00011054    -0.00009447     0.00037568     0.00045328     0.00017439   
  49   0.00012664    -0.00006210     0.00035861     0.00032560     0.00009827     0.00067489   
  50  -0.00013874     0.00008232     0.00015389    -0.00009132     0.00015474    -0.00004914   
  51  -0.00017425    -0.00000314    -0.00000233     0.00021152    -0.00009830     0.00002032   
  52   0.00005404    -0.00013553     0.00001658     0.00003788     0.00005673    -0.00001199   
  53  -0.00000250     0.00007131     0.00007990    -0.00002768    -0.00013308     0.00006049   
  54   0.00000172    -0.00007596     0.00015305     0.00002563     0.00006253     0.00014544   
           31             32             33             34             35             36       
   1   0.00000035     0.00000209    -0.00000288     0.00000844     0.00050344    -0.00071284   
   2   0.00000233    -0.00000662    -0.00001097    -0.00000454    -0.00026936    -0.00084504   
   3   0.00002234    -0.00001183    -0.00000491     0.00000411     0.00032957    -0.00022763   
   4  -0.00000795     0.00002124     0.00000741     0.00001458    -0.00026697    -0.00000138   
   5  -0.00003146    -0.00004135     0.00000765     0.00002513     0.00000221     0.00004062   
   6  -0.00002167    -0.00000692    -0.00010132    -0.00000169    -0.00064536    -0.00065116   
   7   0.00002489    -0.00001375    -0.00000289    -0.00001029     0.00216908    -0.00266812   
   8   0.00001040    -0.00000098     0.00004988    -0.00000975     0.00252798     0.00287496   
   9  -0.00001559    -0.00000756     0.00000362    -0.00000364     0.00009929    -0.00008873   
  10  -0.00000153    -0.00000900    -0.00000127     0.00000678    -0.00081332     0.00069328   
  11   0.00004350     0.00000183     0.00001424     0.00001124    -0.00000230     0.00000464   
  12   0.00000163     0.00002236     0.00002662     0.00001221     0.00016944    -0.00008795   
  13   0.00002118    -0.00005114     0.00002049     0.00000410     0.00010450     0.00001971   
  14  -0.00001575    -0.00001208    -0.00001112    -0.00006775     0.00005683     0.00003980   
  15   0.00002130     0.00000226    -0.00004551    -0.00003394    -0.00012464     0.00005722   
  16   0.00004224    -0.00006312    -0.00004863     0.00001391    -0.00030812     0.00017897   
  17  -0.00003473     0.00001367     0.00005707    -0.00003923     0.00026051    -0.00035777   
  18  -0.00000310    -0.00027953    -0.00097242     0.00000345     0.00421260     0.00572780   
  19   0.00004177     0.00004465    -0.00013757     0.00004691     0.00276239    -0.00440794   
  20  -0.00015746    -0.00003853    -0.00002543    -0.00009143     0.00207222     0.00114452   
  21  -0.00021482    -0.00021904    -0.00007646    -0.00003128     0.00012186     0.00021257   
  22  -0.00017438     0.00019943    -0.00014674    -0.00021052     0.00006496     0.00009644   
  23   0.00068774    -0.00047694    -0.00010494    -0.00001406    -0.00342195     0.00572807   
  24  -0.00116682     0.00194597     0.00205086     0.00053737    -0.01127493    -0.01022807   
  25   0.00038386     0.00142604    -0.00098317     0.00045140    -0.00297960    -0.00122248   
  26   0.00050647    -0.00020137     0.00278045    -0.00058894     0.00773223     0.00009151   
  27   0.00010016    -0.00020243    -0.00147966    -0.00009863     0.00057169    -0.00534776   
  28  -0.00030606    -0.00003200     0.00126131    -0.00143109     0.00383355    -0.00022349   
  29  -0.00204686    -0.00145160    -0.00070161    -0.00016757    -0.00283486    -0.00001662   
  30  -0.00513216     0.00231246    -0.00150889     0.00178523    -0.01074437     0.01302414   
  31   0.99997444     0.00164588     0.00061740    -0.00221141     0.00294531    -0.00049395   
  32  -0.00160150     0.99963902    -0.02587373    -0.00049778    -0.00523219     0.00260294   
  33   0.00072531    -0.02592947    -0.99918063     0.00025911    -0.02303932    -0.02023861   
  34   0.00225591     0.00043706     0.00047408     0.99991720    -0.01192615     0.00280008   
  35  -0.00243513     0.00548055    -0.00149459     0.01033510     0.68987757    -0.72076688   
  36  -0.00178037     0.00122327    -0.03060076     0.00669741     0.72123277     0.69026104   
  37   0.00055397    -0.00059734    -0.00001722    -0.00003834    -0.03264354     0.03083754   
  38   0.00010165     0.00058709    -0.00035856    -0.00010129     0.00679972     0.00598347   
  39   0.00020147    -0.00043471    -0.00218422     0.00012421     0.01768820     0.02280726   
  40   0.00021105    -0.00007533    -0.00021023     0.00014283     0.00833206     0.00165651   
  41   0.00016988    -0.00040903     0.00003282     0.00012686     0.00632190     0.00206849   
  42   0.00004919     0.00001929    -0.00004952     0.00003794    -0.00045059     0.02942230   
  43  -0.00021420     0.00032992    -0.00071882     0.00018354     0.01308157     0.00467890   
  44  -0.00033640     0.00002137    -0.00007880    -0.00124388    -0.01408377     0.00547003   
  45   0.00045196    -0.00002700     0.00012484     0.00074929    -0.02522654     0.01960823   
  46   0.00002509     0.00010907    -0.00083109     0.00030077    -0.00222016    -0.00304178   
  47   0.00004388    -0.00009429     0.00001319     0.00019983     0.00008871    -0.00007127   
  48   0.00007170     0.00011253    -0.00115371     0.00035604     0.01279896     0.01033739   
  49  -0.00006496     0.00013519     0.00006941     0.00006292     0.00603596    -0.01483073   
  50   0.00010175    -0.00009456    -0.00094240     0.00019095     0.00363981     0.00444987   
  51  -0.00011659    -0.00021552     0.00009386     0.00008827     0.00064762     0.00080053   
  52   0.00007531    -0.00006721    -0.00006802     0.00001897     0.00592863     0.00057529   
  53  -0.00007238     0.00010057     0.00068448    -0.00009951    -0.00061349    -0.00428645   
  54   0.00008879     0.00000654     0.00011945     0.00010881     0.00008140    -0.00326280   

 -----------------------------------------------------------------------------------------------
  Virtual Orbital Coefficients
 -----------------------------------------------------------------------------------------------
           37             38             39             40             41             42       
   1  -0.00000420     0.00002119     0.00000963     0.00002185     0.00002065     0.00001738   
   2   0.00002260    -0.00001607     0.00002383    -0.00001740    -0.00002894    -0.00002074   
   3  -0.00004336    -0.00000102    -0.00000095    -0.00000778    -0.00001114     0.00003897   
   4   0.00002569     0.00000316    -0.00002177     0.00001081     0.00001588    -0.00002113   
   5  -0.00000046     0.00000715     0.00000327     0.00000717    -0.00000732    -0.00000843   
   6   0.00001513    -0.00002873     0.00001178    -0.00000345     0.00000073    -0.00002473   
   7  -0.00008879    -0.00000804     0.00002378     0.00002128     0.00001742     0.00004066   
   8  -0.00004523     0.00002837    -0.00004046     0.00002882     0.00004413     0.00001750   
   9  -0.00000604     0.00000329     0.00000946    -0.00000618     0.00000129     0.00000723   
  10   0.00000396    -0.00000727     0.00000850     0.00000844     0.00001299    -0.00004154   
  11  -0.00000036     0.00000148     0.00001283     0.00000376     0.00000130     0.00001651   
  12   0.00001387    -0.00000680    -0.00001255    -0.00001624    -0.00002739    -0.00000939   
  13   0.00000453     0.00000386     0.00000616     0.00000908    -0.00000906    -0.00002299   
  14   0.00001081    -0.00000476     0.00000791    -0.00000974     0.00000996    -0.00003847   
  15   0.00000915    -0.00003471     0.00000948     0.00000313     0.00001485    -0.00000147   
  16  -0.00002065    -0.00000969     0.00001043     0.00001241     0.00001355    -0.00003512   
  17  -0.00013469    -0.00001719    -0.00000710     0.00001133     0.00000390     0.00021134   
  18  -0.00007668    -0.00006522     0.00049152    -0.00003854    -0.00002327     0.00001452   
  19  -0.00012626     0.00005772    -0.00001416    -0.00000797    -0.00003826     0.00027683   
  20   0.00001423    -0.00008628     0.00007936     0.00004676     0.00009227    -0.00009783   
  21  -0.00013253     0.00010805     0.00012309    -0.00003561     0.00006335    -0.00004453   
  22  -0.00003489    -0.00009193     0.00009026     0.00012943    -0.00002869     0.00004022   
  23   0.00030136     0.00000811    -0.00011328    -0.00009638    -0.00008484    -0.00047976   
  24  -0.00014470     0.00025089    -0.00076391     0.00009815     0.00008722     0.00012567   
  25   0.00019137    -0.00088558     0.00016071     0.00008970     0.00003082     0.00005260   
  26  -0.00022630    -0.00000847    -0.00028733    -0.00000970    -0.00004462     0.00016547   
  27  -0.00027805    -0.00012907     0.00020332    -0.00005631    -0.00006449     0.00040937   
  28   0.00018079     0.00006998    -0.00010179     0.00009122    -0.00011943     0.00035059   
  29  -0.00008435     0.00086638    -0.00012799     0.00019339     0.00005480    -0.00023394   
  30   0.00122064     0.00050192     0.00010429    -0.00005443    -0.00006912    -0.00083330   
  31   0.00043796     0.00021566    -0.00016503     0.00023736     0.00024893     0.00029378   
  32  -0.00049838     0.00054206     0.00037352    -0.00014720    -0.00036025    -0.00027275   
  33   0.00009971     0.00023720    -0.00129255     0.00010375     0.00002995    -0.00019210   
  34   0.00053290    -0.00001774     0.00001880     0.00003047     0.00000876     0.00057220   
  35  -0.04696286    -0.01303499     0.00456598     0.00338850     0.00263831     0.02311124   
  36  -0.00468543     0.00857297    -0.02619272     0.00931202     0.01345700    -0.00259900   
  37  -0.96263600    -0.24141232    -0.01783363    -0.01025091     0.01452863    -0.04161671   
  38   0.23533720    -0.93844987    -0.10290366     0.03279625    -0.22505950    -0.00880389   
  39  -0.00309237    -0.06727300     0.97628002    -0.08635377    -0.17970722    -0.00294422   
  40   0.01579687    -0.01489535    -0.09342878    -0.99445327    -0.02313458    -0.01951087   
  41  -0.06966972     0.23076447    -0.15789434     0.03275715    -0.95678465    -0.00090000   
  42  -0.00443416    -0.00438420     0.02974064    -0.00338844    -0.00710043     0.27489742   
  43   0.02533723    -0.00686256     0.00430127    -0.01555378    -0.00632804     0.33591364   
  44  -0.02144443    -0.00233756    -0.01063645    -0.01617267     0.00194112     0.85489714   
  45  -0.09089482    -0.04431301    -0.00527593     0.00058335    -0.00192571     0.27505013   
  46   0.02036738     0.00963269    -0.00011701     0.01285311     0.02102782    -0.00556354   
  47   0.00765456    -0.00499512     0.00213806     0.02095249    -0.00776784     0.00784407   
  48   0.01349808    -0.00030203     0.00322174    -0.00194488    -0.00343110    -0.01445399   
  49   0.02125751     0.00748906    -0.00350817     0.00053536     0.00168727    -0.02876457   
  50  -0.00102416     0.00015417    -0.00009563    -0.00044340    -0.00072127    -0.00750433   
  51  -0.00737051     0.01874589     0.00039161    -0.00888300     0.00455584    -0.00152481   
  52  -0.00682144     0.01474582    -0.00002487     0.00680265     0.00602380    -0.01427094   
  53  -0.00153403     0.00285547     0.02292351    -0.00186727    -0.00266980    -0.00526455   
  54   0.00318666    -0.00030530     0.00196202    -0.00108312    -0.00152255     0.03050314   
           43             44             45             46             47             48       
   1  -0.00002744    -0.00002137     0.00002377    -0.00002239     0.00000598    -0.00000102   
   2  -0.00001865     0.00001710     0.00003297     0.00001673    -0.00000181    -0.00001717   
   3  -0.00000466    -0.00001626     0.00001038    -0.00000179     0.00000170     0.00000226   
   4   0.00001373     0.00003549    -0.00000102    -0.00002922     0.00000250    -0.00003256   
   5   0.00000851    -0.00000512    -0.00000182     0.00000874     0.00003190     0.00000165   
   6   0.00000783     0.00003189     0.00002324    -0.00000432    -0.00000080    -0.00000156   
   7   0.00002335    -0.00000645    -0.00002423     0.00006192    -0.00001951     0.00003014   
   8  -0.00001799     0.00004836     0.00009870     0.00006819     0.00000270     0.00005144   
   9   0.00000359    -0.00000524     0.00000704     0.00001789     0.00002509     0.00001138   
  10  -0.00004831    -0.00004533     0.00000583     0.00002155    -0.00000783    -0.00000516   
  11  -0.00002223    -0.00000791    -0.00000182     0.00001727    -0.00001716     0.00000471   
  12   0.00000900     0.00000585    -0.00000209    -0.00004240     0.00000045    -0.00003317   
  13  -0.00001210     0.00000917    -0.00001600    -0.00000041    -0.00001261    -0.00002283   
  14  -0.00001711     0.00001486    -0.00002085     0.00001000     0.00001050    -0.00002002   
  15  -0.00001584     0.00003339     0.00000638     0.00002122     0.00000658    -0.00002893   
  16   0.00002002     0.00004669     0.00000155     0.00004231    -0.00001428    -0.00004783   
  17   0.00023081     0.00008780     0.00015567    -0.00006636     0.00003019    -0.00008201   
  18  -0.00009854     0.00001789     0.00028425     0.00020464     0.00002283     0.00040696   
  19   0.00018343     0.00006380     0.00011163    -0.00004715     0.00001674    -0.00008757   
  20  -0.00000934     0.00007880     0.00013081     0.00008157    -0.00000868     0.00003401   
  21  -0.00008477    -0.00014027    -0.00005657     0.00001483     0.00003830     0.00003561   
  22  -0.00012264    -0.00006434    -0.00002930    -0.00000554    -0.00008247     0.00002995   
  23  -0.00051858    -0.00027867    -0.00015820    -0.00002207    -0.00001384     0.00016870   
  24   0.00016537    -0.00001118    -0.00038158    -0.00012473    -0.00001526    -0.00060102   
  25  -0.00001246     0.00017590     0.00001065    -0.00007972    -0.00009185    -0.00015718   
  26   0.00018797     0.00046245     0.00030281     0.00038899    -0.00004917    -0.00019905   
  27   0.00064121     0.00006171    -0.00057103     0.00005985    -0.00003531     0.00016672   
  28  -0.00020143    -0.00018049     0.00003386     0.00001694    -0.00011407     0.00033060   
  29  -0.00015129     0.00015807    -0.00020520    -0.00017530    -0.00013471    -0.00043775   
  30  -0.00151240    -0.00054341    -0.00042007     0.00045748    -0.00014897     0.00009374   
  31  -0.00041506     0.00003007    -0.00016308    -0.00006247     0.00003809    -0.00013004   
  32  -0.00007331     0.00025845    -0.00000840    -0.00009500    -0.00013231    -0.00007564   
  33   0.00055757     0.00037961    -0.00047966    -0.00088139    -0.00004757    -0.00069987   
  34  -0.00115489     0.00063824    -0.00048234    -0.00031708     0.00024334    -0.00025481   
  35   0.02849026     0.00651007     0.00091618     0.00469329    -0.00099818     0.00052166   
  36  -0.00673407     0.01264819     0.01809798     0.00654187    -0.00004636    -0.01650651   
  37  -0.07717246    -0.02606542    -0.05950379     0.00881268    -0.00430485     0.00932825   
  38  -0.01512889     0.01374153    -0.01162683     0.00702936     0.00596825    -0.00316698   
  39  -0.01831805     0.00916298     0.02632666     0.00725397     0.00224803    -0.00202643   
  40   0.00740028     0.00488371     0.00017457     0.01440858    -0.01942026    -0.00134715   
  41  -0.00084655    -0.00249018     0.00123361     0.01848232     0.00600292    -0.00173545   
  42   0.54641222    -0.01349964    -0.78853954     0.02565215    -0.02120938     0.02337949   
  43  -0.20324443    -0.89199447    -0.01698691    -0.21133481     0.02467153    -0.04245825   
  44  -0.33763819     0.38181293     0.06005035     0.05946990     0.01059882     0.01952993   
  45   0.72406953    -0.09428065     0.60497247     0.06480026    -0.01580823     0.02695388   
  46  -0.08497464    -0.20853315    -0.02663482     0.96425407    -0.00160513    -0.00304242   
  47  -0.03108294    -0.01570974     0.00749484    -0.00643809    -0.98572677     0.00358469   
  48  -0.03268329    -0.04341699     0.00142070    -0.00421864     0.00592371     0.99019900   
  49  -0.05679371    -0.03644721    -0.03251837     0.00796117    -0.01025749     0.03213235   
  50  -0.00242940     0.01915507     0.01559625     0.00222136     0.00026076     0.03376414   
  51  -0.00004329     0.00588847     0.00416849    -0.03902269    -0.15777985     0.01134927   
  52   0.00502410     0.02895468    -0.00465264    -0.11907757     0.03657576     0.06038421   
  53  -0.00295734     0.00893268    -0.00601494    -0.02031135     0.00594762    -0.09827208   
  54   0.04348690    -0.00645434     0.03840913    -0.01097531     0.00615063    -0.00643140   
           49             50             51             52             53             54       
   1   0.00004472     0.00000632     0.00000039     0.00001384    -0.00000721     0.00000409   
   2   0.00003301     0.00006305    -0.00000097    -0.00000442     0.00001736     0.00000707   
   3   0.00000638    -0.00001359     0.00000206    -0.00000583     0.00000659     0.00001423   
   4  -0.00002153     0.00001535    -0.00000092    -0.00000991    -0.00000028    -0.00000233   
   5  -0.00000489    -0.00000248     0.00004563    -0.00000127    -0.00000006    -0.00000018   
   6   0.00000172     0.00012300     0.00000290     0.00001942     0.00006626    -0.00000982   
   7   0.00009034     0.00001072    -0.00000829     0.00002538    -0.00001137    -0.00009045   
   8  -0.00001353     0.00008408     0.00001231     0.00005258     0.00003587    -0.00003179   
   9  -0.00000418     0.00001423     0.00008789     0.00003470    -0.00001106    -0.00000038   
  10   0.00005675    -0.00001784     0.00000750    -0.00000271     0.00001904    -0.00012952   
  11   0.00001044    -0.00000323    -0.00004873     0.00005308    -0.00000572    -0.00002634   
  12   0.00001739    -0.00008577    -0.00000858    -0.00004180     0.00002629    -0.00000302   
  13   0.00000276    -0.00003171    -0.00002373    -0.00001211     0.00001744     0.00001323   
  14  -0.00000139    -0.00001160     0.00004485    -0.00003107     0.00001447     0.00002659   
  15  -0.00000328     0.00001891    -0.00002286    -0.00001254     0.00000955     0.00000734   
  16  -0.00002966     0.00001836     0.00000176    -0.00001693     0.00001442     0.00000271   
  17  -0.00019718     0.00001228     0.00000494     0.00004870    -0.00001159     0.00027394   
  18  -0.00010944     0.00078639     0.00004847     0.00018819    -0.00011194    -0.00007143   
  19  -0.00013014     0.00003660    -0.00001676     0.00017399    -0.00003077    -0.00002715   
  20   0.00002884     0.00018787    -0.00001187    -0.00005041     0.00015336    -0.00002132   
  21   0.00005756    -0.00010242     0.00013583     0.00006996     0.00003327     0.00002709   
  22   0.00005436    -0.00002757    -0.00021253     0.00006621     0.00001480     0.00002066   
  23   0.00039529    -0.00011245     0.00001088    -0.00021616     0.00013503    -0.00043118   
  24  -0.00002730    -0.00098641     0.00000302     0.00002097     0.00032662    -0.00005073   
  25  -0.00011575     0.00015861    -0.00018162     0.00002469     0.00002672    -0.00000213   
  26  -0.00005197     0.00001319    -0.00000214     0.00014086     0.00008357     0.00008316   
  27  -0.00042275    -0.00010110    -0.00001039     0.00002114    -0.00011342     0.00015862   
  28   0.00027974    -0.00010041    -0.00019405    -0.00003037    -0.00002154    -0.00000974   
  29  -0.00008709    -0.00015443    -0.00006398     0.00003626     0.00004933     0.00003921   
  30   0.00077450    -0.00007025    -0.00000306    -0.00012741     0.00008783    -0.00023937   
  31   0.00001520    -0.00012108    -0.00013019     0.00008013     0.00003294     0.00007358   
  32  -0.00006080     0.00010574    -0.00017824    -0.00007746    -0.00007133    -0.00002612   
  33  -0.00001155    -0.00085544    -0.00007938    -0.00008436     0.00032326    -0.00001233   
  34   0.00001209    -0.00016144     0.00004964    -0.00002416     0.00001493     0.00005853   
  35  -0.01162625     0.00082638    -0.00031871     0.00350454    -0.00196249     0.00312655   
  36   0.00711098    -0.00641735     0.00069731     0.00295824     0.00086636    -0.00170740   
  37   0.01450292    -0.00044367     0.00287578     0.00162339     0.00028845    -0.00937491   
  38   0.00154608     0.00083642    -0.02105584    -0.01829096     0.00451121     0.00087358   
  39   0.00368900     0.00552969    -0.00185129    -0.00250085    -0.02263516     0.00091210   
  40  -0.00010490    -0.00004386     0.01149859    -0.00866523    -0.00024728     0.00120250   
  41   0.00067360    -0.00051314    -0.00137759    -0.00390379     0.00023317     0.00096014   
  42   0.01213707     0.01454679    -0.00108092     0.00107208     0.00402442     0.00210931   
  43  -0.03276711     0.02057444    -0.00139834    -0.00668743     0.00638433     0.00830906   
  44   0.02068352    -0.00288597    -0.00211112    -0.00819103     0.00095011     0.01229290   
  45   0.06402812    -0.00475336     0.00097731    -0.00802250     0.00296369     0.06736320   
  46  -0.01879399     0.00813621    -0.03127437    -0.12547067     0.02119027    -0.00592032   
  47  -0.01091295    -0.00013667     0.15960190    -0.02772852     0.00206990    -0.00226919   
  48  -0.03174213    -0.06342884     0.00925358     0.05266523     0.08877134    -0.00606435   
  49   0.99354410     0.02028380    -0.00410533     0.01707009    -0.03914526     0.04687739   
  50  -0.01119244     0.96074354     0.01388531     0.08673156     0.25934889     0.00381804   
  51  -0.00291175     0.01133943    -0.98414928    -0.05679506     0.02797887    -0.01404780   
  52   0.01156009     0.09001723     0.05621150    -0.98142901    -0.01794990     0.06666196   
  53   0.04319306    -0.25183291     0.02401721    -0.03647853     0.95710709     0.07699876   
  54   0.05563422    -0.00880305     0.01920930    -0.06715108     0.07147511    -0.99109719   

 -----------------------------------------------------------------------------------------------
  Generalised Fock Matrix (MO basis)
 -----------------------------------------------------------------------------------------------
           1              2              3              4              5              6        
   1  -60.23368199   -0.00000000    -0.00000000     0.00000000     0.00000000    -0.00000000   
   2  -0.00000000    -59.12594468   -0.00000000    -0.00000000    -0.00000000     0.00000000   
   3  -0.00000000    -0.00000000    -48.62744778    0.00000000    -0.00000000     0.00000000   
   4   0.00000000    -0.00000000     0.00000000    -46.73072184   -0.00000000    -0.00000000   
   5   0.00000000    -0.00000000    -0.00000000    -0.00000000    -46.46739896    0.00000000   
   6  -0.00000000     0.00000000     0.00000000    -0.00000000     0.00000000    -42.71672470  
   7  -0.00000000     0.00000000     0.00000000     0.00000000     0.00000000     0.00000000   
   8  -0.00000000    -0.00000000    -0.00000000     0.00000000     0.00000000    -0.00000000   
   9   0.00000000    -0.00000000     0.00000000     0.00000000    -0.00000000     0.00000000   
  10   0.00000000     0.00000000    -0.00000000    -0.00000000     0.00000000     0.00000000   
  11   0.00000000    -0.00000000    -0.00000000    -0.00000000    -0.00000000     0.00000000   
  12   0.00000000     0.00000000    -0.00000000    -0.00000000     0.00000000    -0.00000000   
  13   0.00000000     0.00000000    -0.00000000    -0.00000000    -0.00000000    -0.00000000   
  14  -0.00000000     0.00000000     0.00000000    -0.00000000    -0.00000000    -0.00000000   
  15  -0.00000000    -0.00000000     0.00000000     0.00000000     0.00000000     0.00000000   
  16  -0.00000000    -0.00000000     0.00000000     0.00000000     0.00000000     0.00000000   
  17   0.00000000     0.00000000     0.00000000    -0.00000000     0.00000000    -0.00000000   
  18  -0.00000000    -0.00000000     0.00000000     0.00000000     0.00000000    -0.00000000   
  19  -0.00000000     0.00000000    -0.00000000     0.00000000     0.00000000     0.00000000   
  20  -0.00000000    -0.00000000     0.00000000     0.00000000     0.00000000    -0.00000000   
  21  -0.00000000    -0.00000000     0.00000000     0.00000000     0.00000000    -0.00000000   
  22   0.00000000    -0.00000000     0.00000000     0.00000000     0.00000000    -0.00000000   
  23   0.00000000    -0.00000000    -0.00000000     0.00000000     0.00000000    -0.00000000   
  24   0.00000000     0.00000000    -0.00000000    -0.00000000    -0.00000000     0.00000000   
  25   0.00000000     0.00000000    -0.00000000    -0.00000000    -0.00000000     0.00000000   
  26   0.00000000    -0.00000000    -0.00000000    -0.00000000     0.00000000     0.00000000   
  27  -0.00000000    -0.00000000    -0.00000000     0.00000000     0.00000000     0.00000000   
  28   0.00000000    -0.00000000     0.00000000     0.00000000     0.00000000    -0.00000000   
  29   0.00000000     0.00000000    -0.00000000    -0.00000000    -0.00000000     0.00000000   
  30   0.00000000    -0.00000000    -0.00000000    -0.00000000     0.00000000     0.00000000   
  31  -0.00000000    -0.00000000     0.00000000    -0.00000000     0.00000000     0.00000000   
  32  -0.00000000    -0.00000000    -0.00000000     0.00000000    -0.00000000     0.00000000   
  33   0.00000000     0.00000000     0.00000000    -0.00000000    -0.00000000    -0.00000000   
  34   0.00000000    -0.00000000    -0.00000000    -0.00000000    -0.00000000    -0.00000000   
  35  -0.03303929     0.01715651    -0.01943089    -0.01409273     0.00008918    -0.03928108   
  36   0.04547847     0.05581732     0.01343603    -0.00044407     0.00225392    -0.03883990   
  37   0.00000000     0.00000002    -0.00000002     0.00000005    -0.00000003     0.00000005   
  38   0.00000003    -0.00000001     0.00000001    -0.00000002     0.00000001     0.00000000   
  39   0.00000003    -0.00000001    -0.00000001    -0.00000001    -0.00000001    -0.00000003   
  40  -0.00000003     0.00000002    -0.00000001    -0.00000002    -0.00000001     0.00000003   
  41   0.00000000    -0.00000001    -0.00000001    -0.00000001     0.00000001    -0.00000002   
  42  -0.00000002     0.00000003     0.00000001    -0.00000002     0.00000001     0.00000000   
  43   0.00000001    -0.00000001    -0.00000001     0.00000001    -0.00000003    -0.00000002   
  44   0.00000004     0.00000002    -0.00000001    -0.00000001     0.00000002     0.00000002   
  45  -0.00000001     0.00000001    -0.00000003     0.00000000    -0.00000001    -0.00000003   
  46   0.00000001     0.00000001    -0.00000002    -0.00000001    -0.00000000     0.00000000   
  47  -0.00000001    -0.00000002    -0.00000002     0.00000002    -0.00000001    -0.00000003   
  48  -0.00000000    -0.00000000    -0.00000000    -0.00000001    -0.00000001     0.00000002   
  49   0.00000001    -0.00000001     0.00000001     0.00000001     0.00000001    -0.00000002   
  50   0.00000001     0.00000002    -0.00000002    -0.00000000    -0.00000002    -0.00000004   
  51   0.00000001    -0.00000003    -0.00000003    -0.00000000    -0.00000004    -0.00000005   
  52   0.00000000     0.00000002     0.00000002    -0.00000000     0.00000001     0.00000001   
  53   0.00000007    -0.00000006    -0.00000002     0.00000003     0.00000001    -0.00000003   
  54   0.00000001    -0.00000001    -0.00000003    -0.00000000     0.00000000     0.00000001   
           7              8              9              10             11             12       
   1  -0.00000000    -0.00000000     0.00000000     0.00000000     0.00000000     0.00000000   
   2   0.00000000    -0.00000000    -0.00000000     0.00000000    -0.00000000     0.00000000   
   3   0.00000000    -0.00000000     0.00000000    -0.00000000    -0.00000000    -0.00000000   
   4   0.00000000     0.00000000     0.00000000    -0.00000000    -0.00000000    -0.00000000   
   5   0.00000000     0.00000000    -0.00000000     0.00000000    -0.00000000     0.00000000   
   6   0.00000000    -0.00000000     0.00000000     0.00000000     0.00000000    -0.00000000   
   7  -28.70787729    0.00000000    -0.00000000     0.00000000    -0.00000000     0.00000000   
   8   0.00000000    -25.42599593   -0.00000000    -0.00000000     0.00000000    -0.00000000   
   9  -0.00000000    -0.00000000    -21.06219814   -0.00000000     0.00000000    -0.00000000   
  10   0.00000000    -0.00000000    -0.00000000    -20.83358977    0.00000000    -0.00000000   
  11  -0.00000000     0.00000000     0.00000000     0.00000000    -20.69394045   -0.00000000   
  12   0.00000000    -0.00000000    -0.00000000    -0.00000000    -0.00000000    -20.13971687  
  13   0.00000000    -0.00000000     0.00000000     0.00000000    -0.00000000     0.00000000   
  14   0.00000000    -0.00000000     0.00000000    -0.00000000    -0.00000000    -0.00000000   
  15   0.00000000     0.00000000     0.00000000     0.00000000     0.00000000     0.00000000   
  16   0.00000000     0.00000000    -0.00000000     0.00000000    -0.00000000    -0.00000000   
  17   0.00000000    -0.00000000     0.00000000     0.00000000     0.00000000     0.00000000   
  18   0.00000000     0.00000000    -0.00000000    -0.00000000    -0.00000000    -0.00000000   
  19   0.00000000    -0.00000000    -0.00000000    -0.00000000    -0.00000000    -0.00000000   
  20  -0.00000000    -0.00000000    -0.00000000    -0.00000000    -0.00000000    -0.00000000   
  21   0.00000000    -0.00000000    -0.00000000    -0.00000000    -0.00000000    -0.00000000   
  22   0.00000000    -0.00000000    -0.00000000    -0.00000000     0.00000000     0.00000000   
  23  -0.00000000    -0.00000000    -0.00000000    -0.00000000    -0.00000000    -0.00000000   
  24   0.00000000     0.00000000    -0.00000000     0.00000000     0.00000000    -0.00000000   
  25   0.00000000    -0.00000000     0.00000000    -0.00000000     0.00000000    -0.00000000   
  26  -0.00000000    -0.00000000     0.00000000     0.00000000    -0.00000000     0.00000000   
  27   0.00000000    -0.00000000     0.00000000     0.00000000    -0.00000000     0.00000000   
  28   0.00000000     0.00000000    -0.00000000    -0.00000000     0.00000000    -0.00000000   
  29  -0.00000000    -0.00000000    -0.00000000    -0.00000000     0.00000000    -0.00000000   
  30   0.00000000    -0.00000000    -0.00000000    -0.00000000    -0.00000000    -0.00000000   
  31  -0.00000000    -0.00000000     0.00000000    -0.00000000     0.00000000    -0.00000000   
  32  -0.00000000    -0.00000000    -0.00000000    -0.00000000     0.00000000     0.00000000   
  33   0.00000000     0.00000000     0.00000000    -0.00000000    -0.00000000    -0.00000000   
  34   0.00000000    -0.00000000     0.00000000    -0.00000000    -0.00000000    -0.00000000   
  35   0.09413717     0.10316072    -0.00140609     0.03355443     0.00262029    -0.00191531   
  36  -0.11184703     0.11462894     0.00383845    -0.03010367    -0.00058092     0.00576690   
  37   0.00000001    -0.00000001     0.00000002     0.00000001    -0.00000000    -0.00000000   
  38   0.00000000    -0.00000001    -0.00000001     0.00000000    -0.00000002     0.00000002   
  39   0.00000000    -0.00000002    -0.00000001     0.00000002     0.00000002     0.00000005   
  40   0.00000000    -0.00000001    -0.00000001     0.00000000    -0.00000003    -0.00000001   
  41   0.00000001    -0.00000001     0.00000000     0.00000001     0.00000001    -0.00000001   
  42  -0.00000001    -0.00000003    -0.00000001     0.00000002    -0.00000000     0.00000002   
  43  -0.00000002    -0.00000001    -0.00000003     0.00000002     0.00000001     0.00000002   
  44  -0.00000000    -0.00000000     0.00000003     0.00000003    -0.00000003     0.00000001   
  45   0.00000000    -0.00000000    -0.00000005     0.00000006    -0.00000003    -0.00000001   
  46   0.00000004    -0.00000001     0.00000002    -0.00000000     0.00000000     0.00000002   
  47   0.00000002     0.00000004     0.00000004    -0.00000000    -0.00000000    -0.00000003   
  48  -0.00000001     0.00000002     0.00000002     0.00000002     0.00000001    -0.00000003   
  49  -0.00000002    -0.00000001     0.00000000    -0.00000000    -0.00000001     0.00000003   
  50   0.00000001     0.00000000    -0.00000002     0.00000002     0.00000001    -0.00000002   
  51   0.00000004     0.00000003     0.00000006     0.00000002    -0.00000001    -0.00000002   
  52   0.00000002     0.00000001    -0.00000001     0.00000000     0.00000003    -0.00000000   
  53   0.00000004     0.00000001    -0.00000000     0.00000001     0.00000002     0.00000002   
  54  -0.00000006     0.00000000     0.00000002     0.00000000    -0.00000000    -0.00000002   
           13             14             15             16             17             18       
   1   0.00000000    -0.00000000    -0.00000000    -0.00000000     0.00000000    -0.00000000   
   2   0.00000000     0.00000000    -0.00000000    -0.00000000     0.00000000    -0.00000000   
   3  -0.00000000     0.00000000     0.00000000     0.00000000     0.00000000     0.00000000   
   4  -0.00000000    -0.00000000     0.00000000     0.00000000    -0.00000000     0.00000000   
   5  -0.00000000    -0.00000000     0.00000000     0.00000000     0.00000000     0.00000000   
   6  -0.00000000    -0.00000000     0.00000000     0.00000000    -0.00000000    -0.00000000   
   7   0.00000000     0.00000000     0.00000000     0.00000000     0.00000000     0.00000000   
   8  -0.00000000    -0.00000000     0.00000000     0.00000000    -0.00000000     0.00000000   
   9   0.00000000     0.00000000     0.00000000    -0.00000000     0.00000000    -0.00000000   
  10   0.00000000    -0.00000000     0.00000000     0.00000000     0.00000000    -0.00000000   
  11  -0.00000000    -0.00000000     0.00000000    -0.00000000     0.00000000    -0.00000000   
  12   0.00000000    -0.00000000     0.00000000    -0.00000000     0.00000000    -0.00000000   
  13  -19.88756365   -0.00000000     0.00000000    -0.00000000     0.00000000     0.00000000   
  14  -0.00000000    -19.50184042   -0.00000000     0.00000000     0.00000000    -0.00000000   
  15   0.00000000    -0.00000000    -17.87610571    0.00000000     0.00000000     0.00000000   
  16  -0.00000000     0.00000000     0.00000000    -17.59024460   -0.00000000    -0.00000000   
  17   0.00000000     0.00000000     0.00000000    -0.00000000    -16.21223763    0.00000000   
  18   0.00000000    -0.00000000     0.00000000    -0.00000000     0.00000000    -4.28363221   
  19  -0.00000000    -0.00000000    -0.00000000    -0.00000000     0.00000000     0.00000000   
  20   0.00000000    -0.00000000    -0.00000000    -0.00000000    -0.00000000     0.00000000   
  21  -0.00000000     0.00000000    -0.00000000    -0.00000000    -0.00000000     0.00000000   
  22  -0.00000000    -0.00000000     0.00000000    -0.00000000    -0.00000000     0.00000000   
  23   0.00000000    -0.00000000    -0.00000000    -0.00000000    -0.00000000    -0.00000000   
  24  -0.00000000     0.00000000    -0.00000000    -0.00000000    -0.00000000     0.00000000   
  25  -0.00000000    -0.00000000    -0.00000000    -0.00000000    -0.00000000     0.00000000   
  26   0.00000000     0.00000000     0.00000000     0.00000000    -0.00000000    -0.00000000   
  27   0.00000000    -0.00000000     0.00000000     0.00000000    -0.00000000     0.00000000   
  28  -0.00000000    -0.00000000     0.00000000     0.00000000     0.00000000     0.00000000   
  29   0.00000000     0.00000000    -0.00000000    -0.00000000    -0.00000000     0.00000000   
  30  -0.00000000     0.00000000    -0.00000000     0.00000000    -0.00000000    -0.00000000   
  31  -0.00000000     0.00000000     0.00000000    -0.00000000    -0.00000000    -0.00000000   
  32  -0.00000000    -0.00000000    -0.00000000    -0.00000000    -0.00000000    -0.00000000   
  33   0.00000000    -0.00000000    -0.00000000    -0.00000000     0.00000000    -0.00000000   
  34   0.00000000    -0.00000000     0.00000000    -0.00000000    -0.00000000    -0.00000000   
  35  -0.00255055     0.00097691     0.00273057     0.00660338    -0.01740005     0.08501960   
  36  -0.00031725     0.00130121    -0.00200162    -0.00546742     0.02011673     0.10931242   
  37  -0.00000002    -0.00000002     0.00000001    -0.00000002     0.00000005    -0.00000000   
  38  -0.00000000    -0.00000001     0.00000001    -0.00000002     0.00000004     0.00000000   
  39   0.00000001     0.00000001    -0.00000001    -0.00000000     0.00000002    -0.00000003   
  40   0.00000004     0.00000002     0.00000001    -0.00000003     0.00000002     0.00000002   
  41  -0.00000004     0.00000001    -0.00000004    -0.00000000    -0.00000001    -0.00000001   
  42   0.00000003    -0.00000000    -0.00000001    -0.00000002    -0.00000004     0.00000001   
  43   0.00000001     0.00000005    -0.00000002     0.00000000    -0.00000005    -0.00000001   
  44  -0.00000007    -0.00000007     0.00000005    -0.00000004    -0.00000002     0.00000000   
  45  -0.00000000     0.00000002    -0.00000001     0.00000001    -0.00000002    -0.00000000   
  46   0.00000001    -0.00000001    -0.00000001     0.00000001     0.00000003     0.00000000   
  47  -0.00000001    -0.00000003    -0.00000002    -0.00000001    -0.00000002    -0.00000002   
  48   0.00000000    -0.00000003     0.00000000    -0.00000000     0.00000002    -0.00000006   
  49   0.00000001    -0.00000002     0.00000001     0.00000000     0.00000002     0.00000002   
  50  -0.00000000    -0.00000005    -0.00000001    -0.00000002    -0.00000003    -0.00000008   
  51  -0.00000000     0.00000002    -0.00000001    -0.00000002    -0.00000001    -0.00000000   
  52   0.00000001    -0.00000001    -0.00000002    -0.00000000    -0.00000001    -0.00000001   
  53  -0.00000002    -0.00000002     0.00000002     0.00000000    -0.00000003    -0.00000004   
  54  -0.00000002    -0.00000002     0.00000002     0.00000001    -0.00000001    -0.00000002   
           19             20             21             22             23             24       
   1  -0.00000000    -0.00000000    -0.00000000     0.00000000     0.00000000     0.00000000   
   2   0.00000000    -0.00000000    -0.00000000    -0.00000000    -0.00000000     0.00000000   
   3  -0.00000000     0.00000000     0.00000000     0.00000000    -0.00000000    -0.00000000   
   4   0.00000000     0.00000000     0.00000000     0.00000000     0.00000000    -0.00000000   
   5   0.00000000     0.00000000     0.00000000     0.00000000     0.00000000    -0.00000000   
   6   0.00000000    -0.00000000    -0.00000000    -0.00000000    -0.00000000     0.00000000   
   7   0.00000000    -0.00000000     0.00000000     0.00000000    -0.00000000     0.00000000   
   8  -0.00000000    -0.00000000    -0.00000000    -0.00000000    -0.00000000     0.00000000   
   9  -0.00000000    -0.00000000    -0.00000000    -0.00000000    -0.00000000    -0.00000000   
  10  -0.00000000    -0.00000000    -0.00000000    -0.00000000    -0.00000000     0.00000000   
  11  -0.00000000    -0.00000000    -0.00000000     0.00000000    -0.00000000     0.00000000   
  12  -0.00000000    -0.00000000    -0.00000000     0.00000000    -0.00000000    -0.00000000   
  13  -0.00000000     0.00000000    -0.00000000    -0.00000000     0.00000000    -0.00000000   
  14  -0.00000000    -0.00000000     0.00000000    -0.00000000    -0.00000000     0.00000000   
  15  -0.00000000    -0.00000000    -0.00000000     0.00000000    -0.00000000    -0.00000000   
  16  -0.00000000    -0.00000000    -0.00000000    -0.00000000    -0.00000000    -0.00000000   
  17   0.00000000    -0.00000000    -0.00000000    -0.00000000    -0.00000000    -0.00000000   
  18   0.00000000     0.00000000     0.00000000     0.00000000    -0.00000000     0.00000000   
  19   0.91797260     0.00000000     0.00000000     0.00000000    -0.00000000    -0.00000000   
  20   0.00000000     1.43198745     0.00000000     0.00000000     0.00000000    -0.00000000   
  21   0.00000000     0.00000000     1.78509573    -0.00000000     0.00000000    -0.00000000   
  22   0.00000000     0.00000000    -0.00000000     1.90216361     0.00000000     0.00000000   
  23  -0.00000000     0.00000000     0.00000000     0.00000000     3.53160423     0.00000000   
  24  -0.00000000    -0.00000000    -0.00000000     0.00000000     0.00000000     5.80621902   
  25  -0.00000000     0.00000000     0.00000000     0.00000000     0.00000000    -0.00000000   
  26   0.00000000     0.00000000     0.00000000     0.00000000     0.00000000    -0.00000000   
  27  -0.00000000     0.00000000     0.00000000     0.00000000     0.00000000    -0.00000000   
  28   0.00000000     0.00000000    -0.00000000     0.00000000    -0.00000000    -0.00000000   
  29   0.00000000     0.00000000     0.00000000     0.00000000     0.00000000     0.00000000   
  30   0.00000000     0.00000000     0.00000000     0.00000000     0.00000000    -0.00000000   
  31   0.00000000     0.00000000     0.00000000    -0.00000000     0.00000000     0.00000000   
  32   0.00000000    -0.00000000    -0.00000000    -0.00000000     0.00000000    -0.00000000   
  33   0.00000000     0.00000000     0.00000000     0.00000000    -0.00000000     0.00000000   
  34   0.00000000     0.00000000     0.00000000     0.00000000     0.00000000    -0.00000000   
  35   0.04312462    -0.03144244     0.00122070    -0.00027477    -0.04642324     0.12609223   
  36  -0.06585678    -0.02010733     0.00265039    -0.00126539     0.07491297     0.11591761   
  37  -0.00000006    -0.00000001     0.00000001    -0.00000001     0.00000004     0.00000001   
  38  -0.00000003     0.00000001    -0.00000001    -0.00000000     0.00000001    -0.00000001   
  39   0.00000001     0.00000001    -0.00000002    -0.00000001    -0.00000001    -0.00000002   
  40  -0.00000002    -0.00000003     0.00000002     0.00000003     0.00000002    -0.00000001   
  41  -0.00000001     0.00000001    -0.00000000     0.00000001    -0.00000000     0.00000001   
  42   0.00000004    -0.00000001    -0.00000001    -0.00000001    -0.00000004    -0.00000004   
  43   0.00000008    -0.00000001    -0.00000002    -0.00000001    -0.00000000     0.00000000   
  44   0.00000001     0.00000003     0.00000000     0.00000001     0.00000002     0.00000003   
  45   0.00000002     0.00000002    -0.00000002    -0.00000000    -0.00000004     0.00000001   
  46   0.00000001     0.00000001    -0.00000000    -0.00000000    -0.00000002    -0.00000002   
  47  -0.00000001     0.00000000    -0.00000000    -0.00000001    -0.00000003     0.00000000   
  48   0.00000000    -0.00000000    -0.00000001     0.00000000    -0.00000002    -0.00000007   
  49  -0.00000005    -0.00000001     0.00000001     0.00000001     0.00000000     0.00000003   
  50   0.00000001     0.00000003    -0.00000002     0.00000001    -0.00000002    -0.00000006   
  51   0.00000001     0.00000003    -0.00000002    -0.00000002    -0.00000001    -0.00000002   
  52   0.00000000     0.00000002    -0.00000001     0.00000000    -0.00000002    -0.00000003   
  53   0.00000001     0.00000001    -0.00000002     0.00000000    -0.00000002     0.00000001   
  54  -0.00000000     0.00000001    -0.00000001     0.00000001     0.00000002    -0.00000002   
           25             26             27             28             29             30       
   1   0.00000000     0.00000000    -0.00000000     0.00000000     0.00000000     0.00000000   
   2   0.00000000    -0.00000000    -0.00000000    -0.00000000     0.00000000    -0.00000000   
   3  -0.00000000    -0.00000000    -0.00000000     0.00000000    -0.00000000    -0.00000000   
   4  -0.00000000    -0.00000000     0.00000000     0.00000000    -0.00000000    -0.00000000   
   5  -0.00000000     0.00000000     0.00000000     0.00000000    -0.00000000     0.00000000   
   6   0.00000000     0.00000000     0.00000000    -0.00000000     0.00000000     0.00000000   
   7   0.00000000    -0.00000000     0.00000000     0.00000000    -0.00000000     0.00000000   
   8  -0.00000000    -0.00000000    -0.00000000     0.00000000    -0.00000000    -0.00000000   
   9   0.00000000     0.00000000     0.00000000    -0.00000000    -0.00000000    -0.00000000   
  10  -0.00000000     0.00000000     0.00000000    -0.00000000    -0.00000000    -0.00000000   
  11   0.00000000    -0.00000000    -0.00000000     0.00000000     0.00000000    -0.00000000   
  12  -0.00000000     0.00000000     0.00000000    -0.00000000    -0.00000000    -0.00000000   
  13  -0.00000000     0.00000000     0.00000000    -0.00000000     0.00000000    -0.00000000   
  14  -0.00000000     0.00000000    -0.00000000    -0.00000000     0.00000000     0.00000000   
  15  -0.00000000     0.00000000     0.00000000     0.00000000    -0.00000000    -0.00000000   
  16  -0.00000000     0.00000000     0.00000000     0.00000000    -0.00000000     0.00000000   
  17  -0.00000000    -0.00000000    -0.00000000     0.00000000    -0.00000000    -0.00000000   
  18   0.00000000    -0.00000000     0.00000000     0.00000000     0.00000000    -0.00000000   
  19  -0.00000000     0.00000000    -0.00000000     0.00000000     0.00000000     0.00000000   
  20   0.00000000     0.00000000     0.00000000     0.00000000     0.00000000     0.00000000   
  21   0.00000000     0.00000000     0.00000000    -0.00000000     0.00000000     0.00000000   
  22   0.00000000     0.00000000     0.00000000     0.00000000     0.00000000     0.00000000   
  23   0.00000000     0.00000000     0.00000000    -0.00000000     0.00000000     0.00000000   
  24  -0.00000000    -0.00000000    -0.00000000    -0.00000000     0.00000000    -0.00000000   
  25   6.16651905    -0.00000000    -0.00000000     0.00000000     0.00000000     0.00000000   
  26  -0.00000000     6.63147034    -0.00000000     0.00000000     0.00000000     0.00000000   
  27  -0.00000000    -0.00000000     6.69222985     0.00000000     0.00000000    -0.00000000   
  28   0.00000000     0.00000000     0.00000000     7.13037381     0.00000000     0.00000000   
  29   0.00000000     0.00000000     0.00000000     0.00000000     8.35342721     0.00000000   
  30   0.00000000     0.00000000    -0.00000000     0.00000000     0.00000000     9.21492507   
  31  -0.00000000     0.00000000    -0.00000000     0.00000000    -0.00000000    -0.00000000   
  32   0.00000000     0.00000000     0.00000000     0.00000000     0.00000000    -0.00000000   
  33   0.00000000    -0.00000000     0.00000000     0.00000000     0.00000000     0.00000000   
  34  -0.00000000    -0.00000000     0.00000000     0.00000000     0.00000000     0.00000000   
  35   0.03182295     0.07487133     0.00635142     0.03263064     0.02050781    -0.07385997   
  36   0.01597383     0.01131394     0.05318313     0.00194814     0.00295022     0.09178175   
  37   0.00000008    -0.00000000    -0.00000001     0.00000001    -0.00000002     0.00000002   
  38  -0.00000006     0.00000002    -0.00000000     0.00000002     0.00000005     0.00000003   
  39  -0.00000001     0.00000001    -0.00000000    -0.00000004     0.00000001     0.00000001   
  40   0.00000003     0.00000003    -0.00000001     0.00000001    -0.00000001    -0.00000005   
  41  -0.00000000    -0.00000000     0.00000000     0.00000001    -0.00000002     0.00000004   
  42   0.00000003    -0.00000001     0.00000003    -0.00000001    -0.00000001    -0.00000002   
  43  -0.00000002    -0.00000001     0.00000002    -0.00000002     0.00000004    -0.00000001   
  44   0.00000002    -0.00000000    -0.00000001     0.00000000    -0.00000001    -0.00000002   
  45   0.00000001    -0.00000001     0.00000001     0.00000000     0.00000002    -0.00000001   
  46  -0.00000002    -0.00000001    -0.00000001     0.00000000     0.00000002     0.00000004   
  47  -0.00000001    -0.00000002    -0.00000001     0.00000001    -0.00000001     0.00000001   
  48  -0.00000002    -0.00000001    -0.00000001     0.00000001     0.00000002    -0.00000000   
  49   0.00000003     0.00000002    -0.00000001     0.00000001     0.00000001     0.00000002   
  50   0.00000001    -0.00000005    -0.00000004    -0.00000001     0.00000004    -0.00000002   
  51  -0.00000002    -0.00000003     0.00000000     0.00000001     0.00000001    -0.00000001   
  52  -0.00000002    -0.00000002    -0.00000000    -0.00000004     0.00000001     0.00000000   
  53   0.00000004    -0.00000003    -0.00000001    -0.00000002     0.00000002    -0.00000000   
  54  -0.00000002     0.00000000    -0.00000000     0.00000002    -0.00000000     0.00000003   
           31             32             33             34             35             36       
   1  -0.00000000    -0.00000000     0.00000000     0.00000000    -0.03303928     0.04547846   
   2  -0.00000000    -0.00000000     0.00000000    -0.00000000     0.01715653     0.05581733   
   3   0.00000000    -0.00000000     0.00000000    -0.00000000    -0.01943085     0.01343605   
   4  -0.00000000     0.00000000    -0.00000000    -0.00000000    -0.01409273    -0.00044401   
   5   0.00000000    -0.00000000    -0.00000000    -0.00000000     0.00008920     0.00225393   
   6   0.00000000     0.00000000    -0.00000000    -0.00000000    -0.03928110    -0.03883986   
   7  -0.00000000    -0.00000000     0.00000000     0.00000000     0.09413718    -0.11184711   
   8  -0.00000000    -0.00000000     0.00000000    -0.00000000     0.10316069     0.11462889   
   9   0.00000000    -0.00000000     0.00000000     0.00000000    -0.00140614     0.00383840   
  10  -0.00000000    -0.00000000    -0.00000000    -0.00000000     0.03355444    -0.03010366   
  11   0.00000000     0.00000000    -0.00000000    -0.00000000     0.00262028    -0.00058094   
  12  -0.00000000     0.00000000    -0.00000000    -0.00000000    -0.00191531     0.00576690   
  13  -0.00000000    -0.00000000     0.00000000     0.00000000    -0.00255053    -0.00031725   
  14   0.00000000    -0.00000000    -0.00000000    -0.00000000     0.00097694     0.00130118   
  15   0.00000000    -0.00000000    -0.00000000     0.00000000     0.00273060    -0.00200159   
  16  -0.00000000    -0.00000000    -0.00000000    -0.00000000     0.00660340    -0.00546738   
  17  -0.00000000    -0.00000000     0.00000000    -0.00000000    -0.01740006     0.02011672   
  18  -0.00000000    -0.00000000    -0.00000000    -0.00000000     0.08501966     0.10931249   
  19   0.00000000     0.00000000     0.00000000     0.00000000     0.04312462    -0.06585681   
  20   0.00000000    -0.00000000     0.00000000     0.00000000    -0.03144245    -0.02010735   
  21   0.00000000    -0.00000000     0.00000000     0.00000000     0.00122070     0.00265038   
  22  -0.00000000    -0.00000000     0.00000000     0.00000000    -0.00027478    -0.00126538   
  23   0.00000000     0.00000000    -0.00000000     0.00000000    -0.04642324     0.07491296   
  24   0.00000000    -0.00000000     0.00000000    -0.00000000     0.12609227     0.11591769   
  25  -0.00000000     0.00000000     0.00000000    -0.00000000     0.03182300     0.01597383   
  26   0.00000000     0.00000000    -0.00000000    -0.00000000     0.07487134     0.01131392   
  27  -0.00000000     0.00000000     0.00000000     0.00000000     0.00635141     0.05318315   
  28   0.00000000     0.00000000     0.00000000     0.00000000     0.03263062     0.00194815   
  29  -0.00000000     0.00000000     0.00000000     0.00000000     0.02050783     0.00295023   
  30  -0.00000000    -0.00000000     0.00000000     0.00000000    -0.07386000     0.09178181   
  31   9.35472699    -0.00000000     0.00000000    -0.00000000    -0.01875044     0.00191431   
  32  -0.00000000    10.33085112     0.00000000     0.00000000     0.01798286    -0.01627927   
  33   0.00000000     0.00000000    10.56773786    -0.00000000    -0.16249794    -0.14728167   
  34  -0.00000000     0.00000000    -0.00000000    11.99932511     0.04715950     0.00144318   
  35  -0.01875048     0.01798294    -0.16249788     0.04715955     8.00715215     0.54036048   
  36   0.00191425    -0.01627936    -0.14728163     0.00144318     0.54036064     7.96686353   
  37  -0.00000001    -0.00000001    -0.00000001     0.00000003     0.00000010    -0.00000006   
  38  -0.00000003     0.00000006    -0.00000001    -0.00000007    -0.00000002    -0.00000003   
  39   0.00000001    -0.00000003     0.00000003    -0.00000002    -0.00000006    -0.00000008   
  40   0.00000000     0.00000002    -0.00000008     0.00000000    -0.00000010    -0.00000008   
  41   0.00000001    -0.00000002    -0.00000003     0.00000003    -0.00000005     0.00000010   
  42   0.00000002    -0.00000002     0.00000000     0.00000009    -0.00000009     0.00000002   
  43  -0.00000002     0.00000004    -0.00000000    -0.00000003    -0.00000008    -0.00000001   
  44   0.00000000    -0.00000001    -0.00000001     0.00000001    -0.00000007    -0.00000002   
  45   0.00000000     0.00000002     0.00000002    -0.00000003    -0.00000010    -0.00000008   
  46   0.00000003    -0.00000004    -0.00000001    -0.00000001    -0.00000004    -0.00000000   
  47  -0.00000000     0.00000000     0.00000005     0.00000002    -0.00000000    -0.00000009   
  48   0.00000004    -0.00000000     0.00000002     0.00000001     0.00000001     0.00000005   
  49  -0.00000003    -0.00000004    -0.00000003    -0.00000000     0.00000001    -0.00000000   
  50   0.00000000    -0.00000002     0.00000002     0.00000003     0.00000001     0.00000004   
  51  -0.00000002    -0.00000002     0.00000002     0.00000002     0.00000003    -0.00000002   
  52   0.00000001    -0.00000000     0.00000000     0.00000002     0.00000000     0.00000001   
  53  -0.00000002    -0.00000005    -0.00000002     0.00000003    -0.00000000     0.00000003   
  54   0.00000001    -0.00000002     0.00000002    -0.00000001    -0.00000001    -0.00000007   

[[ 0.999978  0.006412 -0.001213 ...  0.000014 -0.000007  0.000004]
 [-0.006413  0.999979 -0.00014  ... -0.000004  0.000017  0.000007]
 [ 0.001213  0.000146  0.999996 ... -0.000006  0.000007  0.000014]
 ...
 [ 0.000007 -0.000005 -0.000007 ... -0.981429 -0.01795   0.066662]
 [ 0.000004 -0.000009 -0.000012 ... -0.036479  0.957107  0.076999]
 [ 0.        0.000002  0.000011 ... -0.067151  0.071475 -0.991097]]
 Saved MO coefficients to FCIDUMP/FCIDUMP_TTM-TTM_core_mo_coeff.npy
