  FCIDUMP file : FCIDUMP/FCIDUMP_TTMmTTM
  NORB         : 60
  NELEC        : 76  (nalpha=38, nbeta=38)
  Scalar pot.  :  5282.5826606281
===============================================
 Testing CSF optimisation method
===============================================

************************************************
 Testing 'gwh' initial guess method
************************************************

  Initializing L-BFGS optimisation...
    > Num. MOs       =     60
    > Num. params    =    894
    > Max subspace   =     20
    > Max step size   =  0.500
    > Backtracking   =  0.100
    > Parallel tr.   = True
    > Pseudo-canon.  = True
    > Canon interval = 10
    > Hybrid prec.   = True
  ================================================================
           Energy / Eh     Step Len    Max(|G_i|)
  ================================================================
     0   273.7977502798                 4.11e+00
     1   269.7406617968    5.00e-01     3.39e+00    rescaled  
     2   266.3808703120    5.00e-01     2.81e+00    rescaled  
     3   264.9530034992    5.00e-01     2.15e+00    rescaled  
     4   261.2952071802    5.00e-01     2.78e+00    rescaled  
  Step has positive overlap with gradient - reversing direction
     5   257.9705545824    5.00e-01     2.78e+00    reset L-BFGS
     6   256.4090410572    5.00e-01     3.09e+00    rescaled  
     7   255.7274588843    5.00e-01     3.49e+00    rescaled  
     8   253.6283038490    1.58e-01     1.66e+00              
     9   251.1496399099    5.00e-01     3.68e+00    rescaled  
    10   249.8354868535    5.00e-01     3.68e+00    rescaled  
    11   249.1525898889    5.00e-01     4.97e+00    rescaled  
    12   249.2741738375    5.00e-01     5.15e+00    rescaled  
    13   249.0669741777    3.48e-01     5.13e+00    overstep  
    14   248.6205899455    1.86e-01     4.41e+00              
    15   247.4052807130    2.06e-01     4.58e+00              
    16   245.4790533278    3.83e-01     4.34e+00              
    17   243.9744181832    5.00e-01     4.12e+00    rescaled  
    18   242.9967094393    5.00e-01     3.13e+00    rescaled  
    19   241.9993240719    5.00e-01     2.19e+00    rescaled  
    20   240.4703131483    4.08e-01     1.52e+00              
    21   239.2843586224    5.00e-01     2.02e+00    rescaled  
    22   238.4405237781    5.00e-01     2.16e+00    rescaled  
    23   237.3196814974    2.63e-01     1.76e+00              
    24   238.2531274037    3.16e-01     5.60e+00              
    25   236.9748584753    1.86e-01     3.74e+00    overstep  
    26   236.8371644150    1.88e-01     3.21e+00              
    27   236.4058852404    1.55e-01     6.11e-01              
    28   236.3843999803    1.54e-01     8.18e-01              
    29   236.2725484102    1.21e-01     4.36e-01              
    30   236.2491086709    4.12e-02     1.55e-01              
    31   236.2444089995    1.20e-02     8.77e-02              
    32   236.2431138651    1.33e-02     5.48e-02              
    33   236.2425361131    4.41e-03     1.57e-02              
    34   236.2424733855    2.55e-03     1.27e-02              
    35   236.2424317847    1.14e-03     4.36e-03              
    36   236.2424239608    2.34e-04     2.07e-03              
    37   236.2424214498    1.53e-04     8.25e-04              
    38   236.2424210011    9.54e-05     5.32e-04              
    39   236.2424209198    2.48e-05     7.47e-05              
    40   236.2424209144    7.79e-06     2.08e-05              
    41   236.2424209140    2.55e-06     6.30e-06              
    42   236.2424209139    6.49e-07     3.17e-06              
    43   236.2424209139    2.24e-07     6.59e-07              
  ================================================================
  L-BFGS converged in     43 iterations (  3.92 seconds)

  Initializing Davidson diagonalisation...
    > Max iterations =   1000
    > Target states  =      5
    > Convergence    =  1.000e-04
    > Basis per root =      4
    > Max basis size =     20
  Davidson diagonalisation converged in     34 iterations (  9.28 seconds)

   --------------------------
    Converged eigenvalues:   
   --------------------------
       0        6.16089983   
       1        6.17810690   
       2        6.69659443   
       3        6.70454733   
       4        6.91603909   
   --------------------------

 ---------------------------------------------
         Total Energy =   236.24242091 Eh
              Nuclear =  5282.58266063 Eh
         One Electron = -9982.71118905 Eh
              Coulomb =  5219.46260939 Eh
        ROHF Exchange =  -283.09166005 Eh
 ---------------------------------------------
           <Sz> =  0.00
           <S2> =  0.00
  Spin Coupling = +-

 -----------------------------------------------------------------------------------------------
  Open-Shell Exchange Matrix <Ψ|Êpq Êqp|Ψ> - Np
 -----------------------------------------------------------------------------------------------
           1              2        
   1   0.00000000     1.00000000   
   2   1.00000000     0.00000000   

 -----------------------------------------------------------------------------------------------
  Open-Shell Exchange Integrals <pq|qp>
 -----------------------------------------------------------------------------------------------
           1              2        
   1   6.21774814     0.00001028   
   2   0.00001028     6.21774822   

 -----------------------------------------------------------------------------------------------
  Occupied Orbital Coefficients
 -----------------------------------------------------------------------------------------------
           1              2              3              4              5              6        
   1   0.99697453     0.00008654     0.00149853     0.00002990     0.06972353     0.00000441   
   2   0.00008636    -0.99851333    -0.00001331     0.00069637     0.00000720    -0.04280817   
   3   0.00116676     0.00006656    -0.99538603     0.09562957     0.00430453     0.00024907   
   4  -0.00013577     0.00057641     0.09562855     0.99539355    -0.00049944     0.00214321   
   5  -0.06905042     0.00000101     0.00422383     0.00008332     0.99730142     0.00000319   
   6   0.00000047     0.04210756    -0.00004211     0.00211412     0.00000318    -0.99882779   
   7  -0.00908121    -0.00000046    -0.00072038    -0.00001426     0.01033440     0.00000072   
   8   0.00000048    -0.00807874    -0.00001599     0.00081069    -0.00000075     0.01006272   
   9   0.00184890     0.00000025    -0.00101460    -0.00001996    -0.00090193     0.00000002   
  10  -0.00000015     0.00227137    -0.00002243     0.00113655     0.00000020    -0.00004399   
  11  -0.00380342    -0.00000192     0.00191934     0.00003707    -0.00363840    -0.00000183   
  12   0.00000205    -0.00374573     0.00003639    -0.00189086     0.00000196    -0.00326443   
  13   0.00120326     0.00000205    -0.00532739    -0.00009457    -0.00266412    -0.00000571   
  14  -0.00000251     0.00100883    -0.00009413     0.00530531     0.00000555    -0.00275473   
  15   0.00283071     0.00004217     0.00245886     0.00001243     0.00062619     0.00000828   
  16  -0.00004202     0.00283673     0.00001185    -0.00244509    -0.00000937     0.00056012   
  17  -0.00484046     0.00000009     0.00015183     0.00000300     0.01110374    -0.00000002   
  18  -0.00000007    -0.00250852     0.00000153    -0.00007689     0.00000006     0.00709297   
  19  -0.00062098     0.00000001    -0.00001163    -0.00000023    -0.00387253     0.00000002   
  20  -0.00000037    -0.01242149     0.00000613    -0.00030800     0.00000009     0.00722438   
  21   0.01232044    -0.00000034    -0.00030927    -0.00000611    -0.00652674     0.00000008   
  22   0.00001157     0.00009367     0.00005075    -0.00035823    -0.00000261    -0.00002294   
  23   0.00009516    -0.00001137     0.00035823     0.00005075    -0.00002149     0.00000278   
  24   0.00000025     0.00774406    -0.00000306     0.00015378    -0.00000004    -0.00263260   
  25  -0.00836657     0.00000025     0.00017381     0.00000343     0.00282864    -0.00000003   
  26   0.01121888    -0.00000027    -0.00024275    -0.00000479    -0.00571605     0.00000004   
  27  -0.00000028    -0.01124740     0.00000508    -0.00025498     0.00000006     0.00744368   
  28  -0.00000002     0.00010913     0.00000041    -0.00002057     0.00000002    -0.00015436   
  29   0.00011165     0.00000001    -0.00002663    -0.00000053    -0.00009466    -0.00000002   
  30   0.00206446    -0.00000005    -0.00004647    -0.00000092    -0.00208627     0.00000002   
  31   0.00000007    -0.00032738    -0.00000354     0.00017646    -0.00000013    -0.00006501   
  32  -0.00038998    -0.00000004     0.00030564     0.00000608     0.00065477    -0.00000002   
  33  -0.00000002    -0.00021592     0.00000518    -0.00026124     0.00000003    -0.00004492   
  34  -0.00087882     0.00000002    -0.00008716    -0.00000173     0.00153987    -0.00000001   
  35   0.00000002     0.00060184    -0.00000038     0.00001920    -0.00000002    -0.00189818   
  36   0.00000093     0.00003387     0.00003848    -0.00081109    -0.00000037    -0.00001488   
  37   0.00003372    -0.00000093     0.00081126     0.00003848    -0.00001348     0.00000041   
  38  -0.00000178    -0.02706209     0.00001192    -0.00059709     0.00000060     0.01444901   
  39   0.02761803    -0.00000176    -0.00060287    -0.00001193    -0.01210929     0.00000067   
  40   0.00000007     0.00244240    -0.00000112     0.00005601    -0.00000002    -0.00205190   
  41  -0.00189271     0.00000004     0.00004685     0.00000092     0.00155699    -0.00000001   
  42  -0.00005747    -0.00000001    -0.00076370    -0.00001505    -0.00001294     0.00000000   
  43   0.00000000    -0.00005223    -0.00001506     0.00076443     0.00000000     0.00000909   
  44  -0.00038931     0.00000001     0.00003920     0.00000078    -0.00053565     0.00000000   
  45   0.00000000     0.00004033     0.00000170    -0.00008582    -0.00000000    -0.00001324   
  46   0.00005588    -0.00000000     0.00008477     0.00000168    -0.00000391    -0.00000000   
  47  -0.00000010    -0.00004167    -0.00000075     0.00003582    -0.00000013    -0.00010308   
  48   0.00009171    -0.00000005     0.00003579     0.00000075     0.00012107    -0.00000011   
  49   0.00000002    -0.00004219     0.00000050    -0.00002534     0.00000002    -0.00007298   
  50   0.00007690     0.00000001    -0.00002439    -0.00000048     0.00009061     0.00000002   
  51  -0.00000005    -0.00202479     0.00000090    -0.00004498     0.00000000     0.00030315   
  52  -0.00424405     0.00000010     0.00008706     0.00000172     0.00173684    -0.00000001   
  53   0.00000009     0.00362089    -0.00000149     0.00007503    -0.00000002    -0.00205195   
  54   0.00058538    -0.00000001    -0.00001047    -0.00000021    -0.00015911     0.00000000   
  55   0.00000000     0.00009870    -0.00000015     0.00000736    -0.00000000    -0.00033575   
  56  -0.00001371     0.00000000     0.00000461     0.00000009     0.00000924    -0.00000001   
  57  -0.00000000    -0.00005465    -0.00000001     0.00000056     0.00000000     0.00020721   
  58   0.00085672    -0.00000002    -0.00002195    -0.00000043    -0.00048999     0.00000000   
  59   0.00000002     0.00103301    -0.00000047     0.00002381    -0.00000000    -0.00032458   
  60  -0.00058997     0.00000001     0.00001130     0.00000022    -0.00006685    -0.00000000   
           7              8              9              10             11             12       
   1   0.00066166     0.00000003    -0.00675215    -0.00000056    -0.00589863    -0.00000048   
   2   0.00000006     0.00016799    -0.00000067     0.00469726    -0.00000056     0.00607900   
   3  -0.00037676    -0.00004443     0.00116642     0.00020814    -0.00412827    -0.00041245   
   4   0.00004378    -0.00038236    -0.00013549     0.00179293     0.00047929    -0.00355258   
   5  -0.00230512    -0.00000016     0.01365493     0.00000008     0.00372294    -0.00000018   
   6  -0.00000004     0.00034709     0.00000007    -0.01008172     0.00000004    -0.00182909   
   7   0.00764501    -0.00000490    -0.91891819    -0.00007052    -0.12419250    -0.00002327   
   8   0.00000468    -0.07898140     0.00006827    -0.93500313     0.00000655    -0.33133402   
   9  -0.94171847    -0.00017729    -0.09917584    -0.00001045     0.29428590     0.00005408   
  10   0.00018685    -0.89351188     0.00000908    -0.08406096    -0.00001503     0.43833175   
  11  -0.30725296    -0.00027085     0.23349077     0.00018018    -0.78943306    -0.00040001   
  12   0.00019599    -0.42749390    -0.00012994     0.33495212     0.00042060    -0.76975345   
  13   0.12088723     0.00022828    -0.00318546    -0.00013968     0.39492645     0.00060662   
  14  -0.00025598     0.10476105     0.00000806    -0.06817899    -0.00080918     0.29312183   
  15  -0.03783227    -0.00060974    -0.03123483    -0.00049075    -0.11777630    -0.00207713   
  16   0.00056541    -0.04079850     0.00046411    -0.03289377     0.00174900    -0.13962305   
  17   0.05143758     0.00000372    -0.29865692    -0.00000083    -0.32373186     0.00001510   
  18  -0.00000001     0.00014105     0.00000001     0.00057273     0.00000001     0.00005932   
  19   0.00023149     0.00000001     0.00153542    -0.00000000    -0.00054256     0.00000003   
  20  -0.00000005     0.00071111     0.00000014     0.01314878    -0.00000000     0.00301387   
  21   0.00043337     0.00000004    -0.01388374     0.00000010    -0.00184138     0.00000012   
  22  -0.00002557    -0.00022527    -0.00007798    -0.00082472     0.00015753     0.00101058   
  23  -0.00021059     0.00002735    -0.00064186     0.00010021     0.00129635    -0.00012281   
  24   0.00000003    -0.00040467    -0.00000010    -0.00693032    -0.00000003    -0.00294717   
  25  -0.00000288    -0.00000001     0.00747248    -0.00000006     0.00169376    -0.00000009   
  26   0.00053629     0.00000004    -0.01047348     0.00000002    -0.00306033     0.00000014   
  27  -0.00000004     0.00050654     0.00000006     0.00882011     0.00000002     0.00347311   
  28   0.00000019     0.00210460     0.00000004    -0.00007530     0.00000002    -0.00006075   
  29  -0.00208217     0.00000018    -0.00022912    -0.00000001    -0.00009817    -0.00000000   
  30   0.00023891     0.00000002    -0.00161961     0.00000000    -0.00046787     0.00000002   
  31   0.00000001     0.00005260    -0.00000006     0.00051135     0.00000004    -0.00012961   
  32  -0.00008405     0.00000000     0.00038789     0.00000006    -0.00046839    -0.00000002   
  33  -0.00000000     0.00000098     0.00000000     0.00099007    -0.00000001    -0.00118267   
  34  -0.00010516    -0.00000001    -0.00012267     0.00000001     0.00168981    -0.00000004   
  35   0.00000001    -0.00008096    -0.00000000     0.00060765    -0.00000001    -0.00035555   
  36  -0.00002041    -0.00075519    -0.00000927    -0.00031276    -0.00001035    -0.00060176   
  37  -0.00074171     0.00002078    -0.00033582     0.00000862    -0.00037488     0.00001660   
  38  -0.00000010     0.00102208     0.00000097     0.01856981     0.00000029     0.00745628   
  39   0.00080423     0.00000010    -0.02118245     0.00000079    -0.00592035     0.00000055   
  40   0.00000001    -0.00010310    -0.00000001    -0.00104150    -0.00000001    -0.00067217   
  41  -0.00004082    -0.00000000     0.00095635     0.00000000     0.00052173    -0.00000002   
  42   0.00015404     0.00000003     0.00001596     0.00000000     0.00030143     0.00000004   
  43  -0.00000003     0.00015669     0.00000000    -0.00002467    -0.00000003     0.00032649   
  44   0.00001270     0.00000000     0.00030816    -0.00000000    -0.00014086     0.00000000   
  45  -0.00000002     0.00031486    -0.00000000    -0.00001316    -0.00000000    -0.00005760   
  46   0.00031456     0.00000002    -0.00000236    -0.00000000    -0.00003865     0.00000000   
  47   0.00000002     0.00001614     0.00000008     0.00006123    -0.00000005    -0.00009493   
  48  -0.00001735     0.00000002    -0.00007817     0.00000007     0.00004892    -0.00000011   
  49   0.00000001    -0.00002526    -0.00000006     0.00029137     0.00000009    -0.00036384   
  50   0.00002704     0.00000001    -0.00024310    -0.00000006     0.00043576     0.00000008   
  51  -0.00000000     0.00005946     0.00000001     0.00124314    -0.00000000     0.00033827   
  52  -0.00008328    -0.00000001     0.00247286    -0.00000001     0.00070004    -0.00000003   
  53   0.00000001    -0.00012718    -0.00000001    -0.00176656    -0.00000000    -0.00072511   
  54  -0.00002787    -0.00000000    -0.00024697     0.00000000    -0.00002188    -0.00000000   
  55   0.00000000     0.00000366     0.00000000     0.00006493     0.00000000     0.00007012   
  56  -0.00000442    -0.00000000    -0.00001949     0.00000000    -0.00000465     0.00000000   
  57  -0.00000000     0.00000295     0.00000000    -0.00000743     0.00000000    -0.00001166   
  58   0.00001479     0.00000000    -0.00036878    -0.00000000    -0.00006356     0.00000000   
  59   0.00000000    -0.00003493    -0.00000000    -0.00045448     0.00000000    -0.00011082   
  60   0.00001124     0.00000000     0.00028101    -0.00000000     0.00001119    -0.00000000   
           13             14             15             16             17             18       
   1  -0.00267942    -0.00000022    -0.00119639     0.00000040    -0.00299735    -0.00000024   
   2   0.00000017    -0.00218954    -0.00000009    -0.00335171    -0.00000034     0.00214761   
   3   0.00389271    -0.00055431     0.00228137    -0.00006210     0.00047436    -0.00000714   
   4  -0.00045106    -0.00478002    -0.00026505    -0.00053507    -0.00005512    -0.00006144   
   5  -0.00430441    -0.00000099     0.00556388    -0.00000001    -0.00042829     0.00000008   
   6   0.00000053    -0.00283287    -0.00000009     0.00103644    -0.00000003    -0.00714190   
   7  -0.21349800    -0.00004089     0.29229584     0.00000680    -0.09016710    -0.00000004   
   8   0.00000074     0.07082594    -0.00002482     0.06212332     0.00000704    -0.00043269   
   9   0.05715325     0.00000691    -0.11441554    -0.00000183     0.01891550    -0.00000002   
  10   0.00000930    -0.04866458     0.00001638    -0.00742843    -0.00000218    -0.00016566   
  11  -0.47370559     0.00009478     0.05757250     0.00000628    -0.01077896     0.00000008   
  12   0.00019276     0.33521001    -0.00003335     0.01126901     0.00000618     0.00013717   
  13  -0.78372023     0.00169317    -0.31090490    -0.00070126     0.34414176     0.00000030   
  14   0.00145551     0.88610466     0.00066727    -0.33641836    -0.00072292     0.00014558   
  15   0.22067572    -0.00454301     0.29786854    -0.01398603     0.91981295    -0.00000096   
  16  -0.00322547    -0.30818348    -0.00443629    -0.93943568    -0.01369300    -0.00006485   
  17   0.25253176     0.00006848    -0.84420793    -0.00000512     0.16333945    -0.00000003   
  18  -0.00000004     0.00019180     0.00000003    -0.00003600    -0.00000000    -0.99992943   
  19   0.00049463     0.00000015    -0.00295293    -0.00000003     0.00083415    -0.00000004   
  20  -0.00000071     0.00352513     0.00000013    -0.00176939     0.00000005    -0.00066649   
  21   0.00235909     0.00000050     0.00184462     0.00000005    -0.00147776     0.00000001   
  22  -0.00021421     0.00202651    -0.00009443    -0.00048498     0.00006152     0.00000310   
  23  -0.00175974    -0.00024655    -0.00077771     0.00005891     0.00050638    -0.00000038   
  24   0.00000018    -0.00096123    -0.00000005     0.00169745    -0.00000003     0.00599495   
  25   0.00017940     0.00000005    -0.00235042    -0.00000004     0.00183516     0.00000003   
  26   0.00080101     0.00000020     0.00025809     0.00000004    -0.00172123     0.00000000   
  27  -0.00000027     0.00137450     0.00000009    -0.00202196     0.00000002     0.00439871   
  28   0.00000000    -0.00004456     0.00000004     0.00001966    -0.00000000    -0.00028803   
  29   0.00004571     0.00000001    -0.00025037     0.00000000     0.00002245    -0.00000005   
  30   0.00060093     0.00000012    -0.00066501    -0.00000000     0.00005566     0.00000000   
  31  -0.00000051     0.00158917    -0.00000013     0.00033450    -0.00000001     0.00017128   
  32   0.00135800     0.00000048     0.00099608     0.00000005     0.00007109     0.00000002   
  33   0.00000012    -0.00061829    -0.00000001     0.00036270     0.00000001     0.00016720   
  34   0.00024488     0.00000005     0.00077433     0.00000000     0.00051351    -0.00000000   
  35  -0.00000008     0.00043549    -0.00000000     0.00023401     0.00000000    -0.00441843   
  36  -0.00002614     0.00078496     0.00000571    -0.00192872     0.00005256    -0.00003733   
  37  -0.00094206    -0.00002185     0.00020640     0.00005319     0.00190642     0.00000103   
  38  -0.00000058     0.00282848     0.00000011    -0.00425460     0.00000020     0.00270670   
  39   0.00096193     0.00000035     0.00211167    -0.00000008    -0.00392672     0.00000010   
  40   0.00000000    -0.00000786    -0.00000001     0.00038141    -0.00000000     0.00042887   
  41   0.00005633     0.00000000     0.00014823    -0.00000000     0.00023703    -0.00000000   
  42  -0.00003042     0.00000001    -0.00019925     0.00000006    -0.00043948    -0.00000000   
  43  -0.00000002     0.00011710     0.00000003     0.00045076     0.00000006    -0.00000114   
  44  -0.00002838     0.00000000    -0.00034525    -0.00000000     0.00008023     0.00000000   
  45   0.00000001    -0.00004564    -0.00000000    -0.00003632    -0.00000000    -0.00003192   
  46   0.00001669     0.00000000     0.00007541    -0.00000000     0.00002780    -0.00000000   
  47  -0.00000064     0.00052504    -0.00000024     0.00004703    -0.00000002    -0.00003359   
  48   0.00050069     0.00000066     0.00023341     0.00000005     0.00001885    -0.00000004   
  49   0.00000000    -0.00019401    -0.00000002     0.00022916     0.00000005    -0.00002694   
  50  -0.00012649     0.00000002    -0.00002501    -0.00000006     0.00022038     0.00000001   
  51  -0.00000006     0.00029694     0.00000001    -0.00020279     0.00000000     0.00058165   
  52  -0.00018147    -0.00000005    -0.00013265    -0.00000001     0.00041691    -0.00000000   
  53   0.00000005    -0.00027171    -0.00000002     0.00041473    -0.00000000     0.00131394   
  54  -0.00006421    -0.00000002     0.00024694     0.00000000    -0.00010793     0.00000000   
  55   0.00000002    -0.00006885    -0.00000000     0.00004608    -0.00000001    -0.00023342   
  56  -0.00009991    -0.00000003     0.00000642     0.00000000     0.00014127    -0.00000001   
  57   0.00000001    -0.00006369    -0.00000000     0.00014038    -0.00000000     0.00015394   
  58   0.00011111     0.00000002    -0.00004595     0.00000000    -0.00000489     0.00000000   
  59   0.00000003    -0.00012654    -0.00000001     0.00006346    -0.00000000     0.00045727   
  60  -0.00000519     0.00000000    -0.00017319    -0.00000000     0.00006835    -0.00000000   
           19             20             21             22             23             24       
   1   0.00027887     0.00000081    -0.00728006    -0.00000477    -0.00007411     0.00000049   
   2   0.00000003    -0.00742334    -0.00000079     0.00007331    -0.00000471    -0.00422428   
   3   0.00002064     0.00002298    -0.00019664     0.00006751     0.00037170     0.00000919   
   4  -0.00000240     0.00019779     0.00002282     0.00037171    -0.00006751     0.00007910   
   5  -0.00447978    -0.00000005     0.00487215     0.00000105     0.00001633    -0.00000002   
   6  -0.00000003     0.00503905     0.00000004    -0.00001521     0.00000097     0.00075106   
   7  -0.00131195     0.00000071    -0.00918635    -0.00003332    -0.00051873     0.00000042   
   8   0.00000010     0.00923777     0.00000072    -0.00055740     0.00003580     0.00493198   
   9  -0.00014281     0.00000011    -0.00045484    -0.00004161    -0.00064723    -0.00000002   
  10   0.00000001     0.00071737    -0.00000000    -0.00062429     0.00004013    -0.00015778   
  11   0.00016866    -0.00000155     0.00276571     0.00002117     0.00032793    -0.00000014   
  12  -0.00000009    -0.00275928    -0.00000150     0.00028641    -0.00001857    -0.00021894   
  13   0.00035410    -0.00000582     0.00262931    -0.00015264    -0.00230416    -0.00000259   
  14  -0.00000074    -0.00279586    -0.00000548    -0.00230811     0.00015289    -0.00124255   
  15  -0.00002028     0.00000885    -0.00062579     0.00002164     0.00027472    -0.00000547   
  16   0.00000031     0.00059828     0.00000936     0.00026948    -0.00002141    -0.00036614   
  17   0.00271589     0.00000001    -0.00228508    -0.00000332    -0.00005171     0.00000000   
  18   0.00000004    -0.00088514     0.00000002     0.00000288    -0.00000018    -0.00690901   
  19  -0.99874212     0.00000009    -0.03844195    -0.00000984    -0.00015300     0.00000016   
  20   0.00000038     0.98610030    -0.00000656    -0.00100532     0.00006427     0.06192381   
  21  -0.04282861     0.00000660     0.98607458     0.00006511     0.00101156    -0.00000007   
  22  -0.00001702     0.00120438    -0.00014660     0.99837339     0.05680647    -0.00075096   
  23  -0.00013999    -0.00014608    -0.00120454    -0.05680646     0.99837346     0.00009118   
  24  -0.00000019     0.08666509    -0.00000086    -0.00100571     0.00006442    -0.98051235   
  25   0.01677442     0.00000063     0.08320435     0.00005316     0.00082743    -0.00000178   
  26  -0.01032762    -0.00000020    -0.08845769    -0.00005012    -0.00077990     0.00000106   
  27   0.00000002    -0.08853273     0.00000025     0.00068656    -0.00004395    -0.16699047   
  28  -0.00000000     0.00060302     0.00000014     0.00030182    -0.00001931     0.00048388   
  29  -0.00003186     0.00000009    -0.00068080    -0.00001986    -0.00031031     0.00000008   
  30   0.00372028    -0.00000004    -0.01124516    -0.00001522    -0.00023666     0.00000006   
  31   0.00000019     0.00170799    -0.00000080     0.00192499    -0.00012309    -0.00053950   
  32  -0.00097075     0.00000025     0.00414504    -0.00018736    -0.00292491    -0.00000009   
  33  -0.00000004     0.00113658     0.00000016    -0.00247333     0.00015869    -0.00030385   
  34  -0.00222236     0.00000003     0.00958729     0.00007099     0.00110582    -0.00000004   
  35   0.00000002     0.00597836    -0.00000003    -0.00009557     0.00000613     0.00692945   
  36   0.00000053     0.00014769    -0.00000409     0.00185385    -0.00006768     0.00013441   
  37   0.00001925    -0.00000406    -0.00014794     0.00006767     0.00185409    -0.00000369   
  38   0.00000063    -0.10827012     0.00000444     0.00064510    -0.00004127    -0.08114965   
  39  -0.01490739    -0.00000458    -0.10378672    -0.00004143    -0.00064495    -0.00000281   
  40  -0.00000001     0.01053633    -0.00000005    -0.00006339     0.00000406     0.00815637   
  41   0.00209446     0.00000000     0.00735891     0.00000324     0.00005047    -0.00000004   
  42  -0.00002473    -0.00000002     0.00013096    -0.00003504    -0.00054512    -0.00000002   
  43   0.00000000    -0.00012448    -0.00000001    -0.00054584     0.00003509    -0.00007565   
  44  -0.00114726     0.00000000     0.00106800     0.00000199     0.00003103     0.00000000   
  45   0.00000000     0.00009515    -0.00000000     0.00015191    -0.00000974     0.00002297   
  46   0.00005187    -0.00000000    -0.00014292     0.00000976     0.00015217     0.00000000   
  47  -0.00000009     0.00048247    -0.00000030     0.00030115    -0.00001897     0.00024560   
  48   0.00008859     0.00000053     0.00028519    -0.00002005    -0.00031761     0.00000027   
  49   0.00000001     0.00029931     0.00000004    -0.00038965     0.00002509     0.00014150   
  50   0.00004680    -0.00000007     0.00019964     0.00002424     0.00037654    -0.00000004   
  51   0.00000000    -0.00649018     0.00000002     0.00003931    -0.00000252    -0.00352963   
  52   0.00357130     0.00000003     0.01325274     0.00000467     0.00007266    -0.00000005   
  53  -0.00000001     0.01218709    -0.00000003    -0.00006341     0.00000406     0.00811156   
  54  -0.00109488     0.00000000    -0.00179633    -0.00000048    -0.00000748     0.00000000   
  55  -0.00000000    -0.00012700    -0.00000000    -0.00031057     0.00001989     0.00059072   
  56   0.00001679    -0.00000001     0.00003294     0.00003710     0.00057883     0.00000002   
  57  -0.00000000     0.00010654    -0.00000000    -0.00048840     0.00003132    -0.00035483   
  58  -0.00077015     0.00000001    -0.00178512    -0.00000013    -0.00000198     0.00000002   
  59   0.00000000     0.00284516     0.00000000    -0.00001008     0.00000065     0.00175806   
  60   0.00044581    -0.00000000     0.00178022     0.00000052     0.00000810    -0.00000000   
           25             26             27             28             29             30       
   1  -0.00397020    -0.00815544     0.00000088     0.00000000     0.00009789     0.00204056   
   2  -0.00000046    -0.00000090    -0.00790440    -0.00011801     0.00000001     0.00000023   
   3  -0.00008285    -0.00017463     0.00002084    -0.00000493     0.00004847     0.00005594   
   4   0.00000962     0.00002027     0.00017935    -0.00004246    -0.00000563    -0.00000649   
   5   0.00103583     0.00483963    -0.00000007     0.00000001    -0.00010664    -0.00286616   
   6   0.00000001     0.00000005     0.00587777     0.00019706     0.00000001    -0.00000004   
   7  -0.00445169    -0.00848791     0.00000061    -0.00000001     0.00011808     0.00126618   
   8   0.00000037     0.00000067     0.00763379    -0.00005983    -0.00000001    -0.00000010   
   9  -0.00009887     0.00019568    -0.00000001    -0.00000033     0.00197539    -0.00028690   
  10   0.00000000    -0.00000005    -0.00010584    -0.00189747    -0.00000034     0.00000003   
  11   0.00015528     0.00071257    -0.00000038    -0.00000053     0.00061349     0.00026378   
  12  -0.00000007    -0.00000037    -0.00062314    -0.00085772    -0.00000037    -0.00000016   
  13   0.00105774     0.00208439    -0.00000407     0.00000034    -0.00023335    -0.00023687   
  14  -0.00000222    -0.00000436    -0.00195813     0.00015589     0.00000049     0.00000050   
  15   0.00027761     0.00041925    -0.00000651    -0.00000065     0.00000418    -0.00032946   
  16  -0.00000411    -0.00000620    -0.00043500    -0.00004373    -0.00000006     0.00000490   
  17   0.00083083    -0.00270243     0.00000001    -0.00000001     0.00022217     0.00177924   
  18  -0.00000003     0.00000001     0.00253778     0.00034301     0.00000002    -0.00000001   
  19  -0.01502364    -0.01463715     0.00000004     0.00000001     0.00009362    -0.00299273   
  20  -0.00000004    -0.00000041     0.07930591     0.00102326     0.00000005     0.00000008   
  21   0.05201028     0.08233400     0.00000032     0.00000010    -0.00091015    -0.01954889   
  22   0.00006223     0.00008535    -0.00060730     0.00028468    -0.00003575    -0.00001307   
  23   0.00051184     0.00070192     0.00007372    -0.00003457    -0.00029438    -0.00010748   
  24   0.00000161     0.00000133    -0.14446746    -0.00131327    -0.00000007    -0.00000017   
  25  -0.96846942    -0.20648877    -0.00000095    -0.00000018     0.00152664     0.03256939   
  26  -0.23004955     0.95452668     0.00000034     0.00000040    -0.00362508    -0.07865946   
  27  -0.00000071    -0.00000034     0.96802036     0.00622365     0.00000026    -0.00000009   
  28   0.00000018     0.00000086     0.00619779    -0.99956852     0.00011361    -0.00000117   
  29  -0.00087630    -0.00422327     0.00000097    -0.00011362    -0.99957973     0.00101711   
  30  -0.01541316    -0.07754083    -0.00000003     0.00000025     0.00557601    -0.85369120   
  31  -0.00000080    -0.00000413    -0.00460855     0.00554348    -0.00000267    -0.00004373   
  32   0.00394698     0.02068289    -0.00000065    -0.00000037     0.01870903     0.21814576   
  33   0.00000017     0.00000086    -0.00338272    -0.01558695    -0.00000066     0.00000802   
  34   0.00940583     0.04696814     0.00000003    -0.00000070     0.00266732     0.46185132   
  35   0.00000003    -0.00000013     0.06228703    -0.01046645    -0.00000040     0.00000111   
  36  -0.00000434    -0.00001404     0.00074195    -0.02044371     0.00056366    -0.00002462   
  37  -0.00015671    -0.00050644    -0.00002037     0.00056306     0.02046176    -0.00089246   
  38   0.00000274     0.00000699    -0.17681604    -0.00299976    -0.00000022    -0.00000197   
  39  -0.07567442    -0.17342073    -0.00000714    -0.00000040     0.00249249     0.05127244   
  40   0.00000002    -0.00000003     0.01330540     0.00025282     0.00000002    -0.00000000   
  41   0.00590509     0.00947595    -0.00000001     0.00000002    -0.00019588    -0.00295876   
  42   0.00006710     0.00015133    -0.00000003     0.00000014    -0.00085391     0.00009118   
  43  -0.00000000    -0.00000001    -0.00013465     0.00084745     0.00000014    -0.00000001   
  44   0.00022124     0.00158076    -0.00000001    -0.00000000    -0.00011954     0.00144990   
  45  -0.00000000    -0.00000000     0.00012510     0.00229039     0.00000009     0.00000000   
  46  -0.00004255    -0.00020236     0.00000000     0.00000010    -0.00228937     0.00002477   
  47  -0.00000015    -0.00000016     0.00030829    -0.00005382     0.00000002    -0.00000039   
  48   0.00014537     0.00015548     0.00000034    -0.00000006    -0.00001738     0.00036200   
  49   0.00000002     0.00000001     0.00015491    -0.00001766     0.00000000     0.00000008   
  50   0.00010216     0.00007504    -0.00000004     0.00000000     0.00001109     0.00034586   
  51  -0.00000001     0.00000002    -0.00810119     0.00004789     0.00000000    -0.00000000   
  52   0.00819744     0.01527171     0.00000001     0.00000002    -0.00015598    -0.00369183   
  53   0.00000002     0.00000000     0.01205704     0.00026016     0.00000002    -0.00000001   
  54  -0.00071499    -0.00129422     0.00000000    -0.00000001     0.00007447     0.00207227   
  55  -0.00000000    -0.00000000    -0.00026499    -0.00017347     0.00000000     0.00000000   
  56   0.00002917     0.00002569    -0.00000001    -0.00000000    -0.00017369     0.00003816   
  57  -0.00000000    -0.00000000     0.00017942    -0.00009810     0.00000000    -0.00000001   
  58  -0.00151100    -0.00187076     0.00000001     0.00000000    -0.00003269    -0.00066329   
  59   0.00000001     0.00000001     0.00249095     0.00002935     0.00000000     0.00000000   
  60   0.00077241     0.00178460    -0.00000001     0.00000000    -0.00002226    -0.00052371   
           31             32             33             34             35             36       
   1   0.00000010     0.00019138     0.00000004    -0.00013073    -0.00000007    -0.00002875   
   2  -0.00058910     0.00000013    -0.00035679     0.00000003     0.00058467     0.00000213   
   3  -0.00001084    -0.00018558     0.00003088    -0.00021187     0.00000368     0.00081702   
   4  -0.00009307     0.00002155     0.00026611     0.00002458     0.00003164    -0.00003328   
   5   0.00000003     0.00024433    -0.00000002    -0.00026709     0.00000003     0.00001101   
   6   0.00060315    -0.00000013     0.00065576    -0.00000008    -0.00198781    -0.00000098   
   7   0.00000006     0.00021804    -0.00000000    -0.00054203     0.00000003    -0.00042662   
   8   0.00037451    -0.00000009     0.00040805     0.00000001     0.00034032    -0.00003566   
   9   0.00000004     0.00007529     0.00000002    -0.00047780     0.00000006    -0.00060870   
  10   0.00029039    -0.00000006     0.00039260     0.00000001     0.00037417    -0.00003292   
  11  -0.00000053    -0.00074915    -0.00000021     0.00119587    -0.00000062    -0.00090888   
  12  -0.00076289     0.00000055    -0.00050983    -0.00000063    -0.00111436    -0.00007107   
  13  -0.00000212    -0.00132546     0.00000275    -0.00099249     0.00000022    -0.00103957   
  14  -0.00091014     0.00000284     0.00138552     0.00000197     0.00009551    -0.00007718   
  15   0.00000966     0.00080601    -0.00000420    -0.00016769     0.00000722    -0.00169957   
  16   0.00064161    -0.00001209    -0.00028436     0.00000251     0.00048534    -0.00010256   
  17  -0.00000002    -0.00019342     0.00000001     0.00018015    -0.00000001    -0.00008522   
  18   0.00153508    -0.00000033     0.00147073    -0.00000017    -0.00396846    -0.00000277   
  19  -0.00000001    -0.00003166    -0.00000001    -0.00003477     0.00000002     0.00000945   
  20   0.00146309    -0.00000041     0.00267453    -0.00000032    -0.00971077    -0.00001208   
  21   0.00000034     0.00245650    -0.00000010    -0.00237583     0.00000001     0.00016118   
  22  -0.00134013    -0.00026520     0.00280544    -0.00028003     0.00064250    -0.00034474   
  23   0.00016243    -0.00218356    -0.00034113    -0.00230332    -0.00007802    -0.00173817   
  24  -0.00559054     0.00000116    -0.00478056     0.00000056     0.01244484     0.00001409   
  25  -0.00000009    -0.00063941     0.00000008     0.00127075     0.00000002    -0.00022465   
  26   0.00000019     0.00199149    -0.00000024    -0.00289760     0.00000017     0.00041441   
  27   0.02169055    -0.00000452     0.01908261    -0.00000224    -0.04965240    -0.00004419   
  28   0.00507415     0.00000290    -0.01197252     0.00000119    -0.01432616    -0.00156611   
  29  -0.00000252    -0.01865512    -0.00000299    -0.00492657    -0.00000212     0.02078855   
  30  -0.00006925    -0.40821144     0.00001220     0.31204175    -0.00000090    -0.00141260   
  31   0.93257469    -0.00001618    -0.29544244     0.00007714     0.20686588    -0.00095065   
  32  -0.00000818    -0.83973699    -0.00011574    -0.49584530     0.00003790     0.02272387   
  33   0.20532242    -0.00007212     0.90577178    -0.00006093     0.36968851     0.00164764   
  34  -0.00003861    -0.35723206     0.00003416     0.81010524    -0.00000858    -0.01131340   
  35  -0.29576767     0.00006430    -0.30189991     0.00003593     0.90397942     0.00012446   
  36   0.00790148     0.00041045    -0.02341118     0.00058187    -0.00736688     0.10225813   
  37  -0.00021536     0.01488977     0.00064808     0.02103642     0.00020307     0.99420274   
  38  -0.00803647     0.00000169    -0.00679403     0.00000073     0.01879289     0.00003787   
  39  -0.00000043    -0.00111277    -0.00000008     0.00221041     0.00000071    -0.00051598   
  40   0.00132141    -0.00000024     0.00064987    -0.00000007    -0.00065893    -0.00000076   
  41  -0.00000010    -0.00061579    -0.00000000     0.00047851    -0.00000000     0.00001922   
  42   0.00000002     0.00002953    -0.00000000     0.00000495     0.00000000     0.00203444   
  43  -0.00000560     0.00000001    -0.00002849    -0.00000000     0.00000926     0.00015235   
  44   0.00000009     0.00057595    -0.00000001    -0.00048587    -0.00000001    -0.00003578   
  45  -0.00011813     0.00000003    -0.00005672     0.00000000     0.00015954     0.00004815   
  46  -0.00000001    -0.00005485    -0.00000001     0.00001816     0.00000000     0.00064313   
  47  -0.00005517     0.00000024    -0.00025563     0.00000000     0.00046410     0.00004446   
  48  -0.00000009    -0.00020718    -0.00000028     0.00001651     0.00000050    -0.00060924   
  49  -0.00013253     0.00000002     0.00002593     0.00000005     0.00043997    -0.00005230   
  50   0.00000003    -0.00000869     0.00000001     0.00021544    -0.00000011     0.00067699   
  51   0.00130823    -0.00000024     0.00077264    -0.00000008    -0.00099079     0.00000232   
  52   0.00000005     0.00030154    -0.00000003    -0.00035937     0.00000001     0.00004044   
  53   0.00095227    -0.00000020     0.00084781    -0.00000010    -0.00230232    -0.00000236   
  54   0.00000002     0.00006630     0.00000001    -0.00002431    -0.00000001     0.00000167   
  55  -0.00065064     0.00000013    -0.00045173     0.00000005     0.00106267    -0.00008484   
  56  -0.00000002     0.00003006    -0.00000000     0.00007242     0.00000003     0.00210445   
  57   0.00039615    -0.00000008     0.00036484    -0.00000004    -0.00061937    -0.00013335   
  58  -0.00000003    -0.00016084     0.00000000     0.00014828     0.00000000     0.00001630   
  59  -0.00015245     0.00000003    -0.00007670     0.00000001    -0.00001494     0.00000010   
  60   0.00000000     0.00003181    -0.00000001    -0.00004472     0.00000000     0.00000312   
           37             38             39       
   1   0.00000215     0.02163430     0.02162962   
   2   0.00002845    -0.02142015     0.02142486   
   3   0.00003324     0.00052660     0.00041710   
   4   0.00081686     0.00041644    -0.00052597   
   5  -0.00000082    -0.01161331    -0.01161306   
   6  -0.00001297     0.01288885    -0.01288904   
   7   0.00003198     0.01705535     0.01705284   
   8  -0.00047543     0.01628300    -0.01628565   
   9   0.00004563    -0.00042234    -0.00042226   
  10  -0.00043981    -0.00042339     0.00042360   
  11   0.00006768    -0.00092715    -0.00092588   
  12  -0.00095358    -0.00102091     0.00102183   
  13   0.00007583    -0.00408339    -0.00406631   
  14  -0.00105742    -0.00410127     0.00411829   
  15   0.00010208    -0.00104858    -0.00101775   
  16  -0.00170487    -0.00101551     0.00104610   
  17   0.00000639     0.00477035     0.00477031   
  18  -0.00003690     0.00150737    -0.00150736   
  19  -0.00000071     0.01668831     0.01668827   
  20  -0.00016078     0.09173350    -0.09173231   
  21  -0.00001208    -0.08775910    -0.08776020   
  22  -0.00173788    -0.00055463     0.00043443   
  23   0.00034477    -0.00043417    -0.00055422   
  24   0.00018737    -0.06970296     0.06970163   
  25   0.00001683     0.07371448     0.07371558   
  26  -0.00003105    -0.10281301    -0.10281351   
  27  -0.00058769     0.10751786    -0.10751743   
  28  -0.02082216    -0.00112302     0.00112348   
  29  -0.00156349    -0.00112435    -0.00112401   
  30   0.00010624    -0.01927511    -0.01927524   
  31  -0.01262444     0.00068426    -0.00068622   
  32  -0.00170739     0.00484738     0.00484723   
  33   0.02195435     0.00021743    -0.00021698   
  34   0.00084880     0.01152147     0.01152156   
  35   0.00165994    -0.00658061     0.00658062   
  36   0.99420309    -0.00027134     0.00025660   
  37  -0.10225812    -0.00025888    -0.00027338   
  38   0.00050347     0.66918603    -0.66912944   
  39   0.00003869    -0.67068123    -0.67073778   
  40  -0.00001007    -0.07805636     0.07805576   
  41  -0.00000144     0.06014689     0.06014693   
  42  -0.00015245     0.00109702     0.00109659   
  43   0.00203331     0.00110331    -0.00110344   
  44   0.00000268     0.00647350     0.00647353   
  45   0.00064153    -0.00078824     0.00078824   
  46  -0.00004827    -0.00111779    -0.00111777   
  47   0.00058368    -0.00149165     0.00149144   
  48   0.00004636     0.00010663     0.00010988   
  49  -0.00069900    -0.00059312     0.00059299   
  50  -0.00005065    -0.00024056    -0.00024085   
  51   0.00003091     0.05662719    -0.05662690   
  52  -0.00000303     0.13239627     0.13239676   
  53  -0.00003147    -0.11888999     0.11888961   
  54  -0.00000013    -0.02698384    -0.02698372   
  55  -0.00112895    -0.00030279     0.00030264   
  56  -0.00015805     0.00087322     0.00087318   
  57  -0.00177598    -0.00051299     0.00051285   
  58  -0.00000122    -0.03861955    -0.03861927   
  59   0.00000134    -0.05475669     0.05475706   
  60  -0.00000023     0.03588983     0.03588958   

 -----------------------------------------------------------------------------------------------
  Virtual Orbital Coefficients
 -----------------------------------------------------------------------------------------------
           40             41             42             43             44             45       
   1   0.00000009    -0.00073698    -0.00000797    -0.00000002    -0.00000780     0.00000000   
   2  -0.00085071    -0.00000008    -0.00000002     0.00000772     0.00000000    -0.00001117   
   3   0.00000210    -0.00001213     0.00076147     0.00009011    -0.00005957    -0.00000677   
   4   0.00001803     0.00000141    -0.00009009     0.00076166     0.00000692    -0.00005823   
   5   0.00000001    -0.00038472    -0.00001593    -0.00000004    -0.00012122    -0.00000001   
   6  -0.00025277    -0.00000000    -0.00000003     0.00001547     0.00000000    -0.00000478   
   7   0.00000010    -0.00107543    -0.00002157    -0.00000005    -0.00002133    -0.00000000   
   8   0.00122265     0.00000008     0.00000006    -0.00002830     0.00000000    -0.00001737   
   9   0.00000001    -0.00002634    -0.00003680    -0.00000008    -0.00032304    -0.00000007   
  10   0.00003954    -0.00000000     0.00000000     0.00000370     0.00000007    -0.00030347   
  11  -0.00000019     0.00029594    -0.00028157    -0.00000076    -0.00005103    -0.00000008   
  12  -0.00034256    -0.00000016     0.00000077    -0.00028362     0.00000004    -0.00012935   
  13  -0.00000071     0.00028664     0.00005872     0.00000024     0.00002190     0.00000001   
  14  -0.00033915    -0.00000060    -0.00000024     0.00005490    -0.00000005     0.00000539   
  15   0.00000080    -0.00005705    -0.00052021    -0.00000887     0.00001501     0.00000043   
  16   0.00005420     0.00000085     0.00000886    -0.00052031    -0.00000023     0.00002877   
  17  -0.00000000    -0.00003982    -0.00000462    -0.00000001     0.00002850     0.00000000   
  18   0.00081444    -0.00000000    -0.00000001     0.00000609    -0.00000000     0.00002961   
  19  -0.00000001     0.00066963     0.00001248     0.00000003     0.00017831     0.00000001   
  20   0.00291196    -0.00000002    -0.00000013     0.00006425     0.00000000    -0.00003591   
  21   0.00000001     0.00273683    -0.00005964    -0.00000013    -0.00004752    -0.00000001   
  22  -0.00001657     0.00000125    -0.00006693    -0.00056133     0.00001710     0.00014254   
  23   0.00000201     0.00001023    -0.00056099     0.00006697     0.00014082    -0.00001730   
  24  -0.00233553     0.00000002     0.00000014    -0.00006869    -0.00000001     0.00007121   
  25  -0.00000001    -0.00220398     0.00007074     0.00000015     0.00012083     0.00000001   
  26  -0.00000001     0.00591283    -0.00012453    -0.00000027    -0.00012962    -0.00000002   
  27   0.00709245    -0.00000001    -0.00000027     0.00013006     0.00000000    -0.00003694   
  28  -0.00001975     0.00000001     0.00000163    -0.00081129    -0.00000016    -0.00233101   
  29   0.00000000    -0.00002645     0.00081204     0.00000163     0.00230734    -0.00000016   
  30   0.00000000     0.00033742    -0.00008983    -0.00000021    -0.00039300    -0.00000004   
  31  -0.00075999     0.00000009     0.00000004    -0.00001570    -0.00000000    -0.00005834   
  32  -0.00000010    -0.00049069     0.00003532     0.00000007     0.00004051    -0.00000001   
  33  -0.00055275    -0.00000001    -0.00000002     0.00001121    -0.00000000    -0.00004383   
  34  -0.00000000    -0.00126606     0.00003458     0.00000007     0.00008233     0.00000000   
  35  -0.00077225    -0.00000000     0.00000002    -0.00000880    -0.00000001     0.00017552   
  36  -0.00004323     0.00000046     0.00005016     0.00197057     0.00001841     0.00068271   
  37   0.00000119     0.00001646     0.00197299    -0.00005010     0.00066955    -0.00001877   
  38   0.11764235    -0.00000384    -0.00000294     0.00143185     0.00000015    -0.00062692   
  39   0.00000452     0.09151561    -0.00143403    -0.00000313    -0.00240998    -0.00000024   
  40   0.99234508    -0.00000006     0.00000085    -0.00040016    -0.00000038     0.00437887   
  41   0.00000010     0.99339685    -0.00017955    -0.00000041    -0.00018182    -0.00000000   
  42  -0.00000000    -0.00201898    -0.99885107    -0.00228332    -0.03830994    -0.00000768   
  43  -0.00001504     0.00000011     0.00228436    -0.99933102     0.00000745    -0.03440060   
  44  -0.00000004    -0.06305392     0.03308830     0.00007321    -0.19656540    -0.00001675   
  45   0.00425958     0.00000002    -0.00007379     0.03420034     0.00008526    -0.99909788   
  46  -0.00000000     0.01210792     0.03226349     0.00006966    -0.97948916    -0.00008358   
  47   0.00296447    -0.00000765    -0.00000484     0.00511712    -0.00001064    -0.00397305   
  48   0.00000320     0.00713403    -0.00581102    -0.00000704     0.01011099    -0.00000316   
  49   0.00237279     0.00000121     0.00001875    -0.00782884    -0.00000575     0.02397938   
  50  -0.00000058     0.00534420     0.00738146     0.00001767    -0.01588254    -0.00000693   
  51   0.02133013     0.00000015    -0.00000587     0.00280026     0.00000007    -0.00151057   
  52  -0.00000003     0.01971722    -0.00045944    -0.00000100    -0.01113355    -0.00000097   
  53   0.02877909     0.00000004    -0.00000080     0.00037543     0.00000009    -0.00100641   
  54   0.00000002    -0.01078498     0.00000406     0.00000001    -0.00174395    -0.00000015   
  55  -0.00105608    -0.00000003     0.00000863    -0.00417096    -0.00000001    -0.00025550   
  56  -0.00000004     0.00013136     0.00768971     0.00001625     0.00052423     0.00000002   
  57   0.00076604    -0.00000000     0.00001378    -0.00645959     0.00000003    -0.00046745   
  58   0.00000003    -0.00496148     0.00001787     0.00000004    -0.00086067    -0.00000007   
  59   0.00501371     0.00000003    -0.00000005     0.00002235    -0.00000000     0.00006301   
  60  -0.00000001     0.00044773    -0.00004044    -0.00000009    -0.00094117    -0.00000008   
           46             47             48             49             50             51       
   1   0.00006151     0.00007846    -0.00003863     0.00000006    -0.00004982     0.00000006   
   2  -0.00008007     0.00006277    -0.00000006    -0.00003934    -0.00000000    -0.00054964   
   3  -0.00002165    -0.00002191    -0.00003705     0.00000441    -0.00000770     0.00000155   
   4  -0.00002167     0.00002149     0.00000436     0.00003753     0.00000089     0.00001330   
   5   0.00006314     0.00008056    -0.00006611     0.00000010     0.00072301    -0.00000001   
   6  -0.00007895     0.00006188    -0.00000007    -0.00005471     0.00000000     0.00109655   
   7   0.00002750     0.00003508    -0.00013958     0.00000021    -0.00014191     0.00000006   
   8   0.00003361    -0.00002635     0.00000022     0.00014726     0.00000001     0.00080166   
   9   0.00004170     0.00005319    -0.00011868     0.00000019    -0.00000246    -0.00000001   
  10   0.00009089    -0.00007124     0.00000021     0.00014163     0.00000000    -0.00008430   
  11  -0.00020947    -0.00026698     0.00028049    -0.00000055    -0.00015581     0.00000005   
  12  -0.00025439     0.00019963    -0.00000053    -0.00027114     0.00000009     0.00009928   
  13  -0.00021007    -0.00026685    -0.00045395     0.00000157     0.00000226    -0.00000035   
  14  -0.00027200     0.00021408     0.00000158     0.00044965    -0.00000000    -0.00016759   
  15   0.00013686     0.00016943    -0.00006934     0.00000112     0.00008708    -0.00000189   
  16   0.00016760    -0.00013548     0.00000112     0.00006833    -0.00000130    -0.00012647   
  17  -0.00003446    -0.00004397     0.00003126    -0.00000004    -0.00035703     0.00000000   
  18  -0.00001466     0.00001149    -0.00000002    -0.00001363     0.00000000    -0.00005643   
  19  -0.00003700    -0.00004721     0.00004664    -0.00000007    -0.00124611     0.00000000   
  20  -0.00029124     0.00022827    -0.00000027    -0.00020207    -0.00000001     0.00476667   
  21   0.00022167     0.00028284    -0.00020872     0.00000030     0.00122694     0.00000002   
  22  -0.00018907     0.00011449    -0.00005167     0.00042897     0.00000228    -0.00003047   
  23  -0.00011365    -0.00018820    -0.00043040    -0.00005151     0.00001874     0.00000370   
  24   0.00011912    -0.00009336     0.00000012     0.00009254     0.00000002    -0.00535324   
  25  -0.00009609    -0.00012261     0.00012772    -0.00000018    -0.00190454    -0.00000003   
  26   0.00006909     0.00008816    -0.00010792     0.00000016     0.00244259     0.00000001   
  27  -0.00002697     0.00002115    -0.00000008    -0.00005952     0.00000000     0.00869400   
  28  -0.00002915     0.00002284     0.00000004     0.00003380    -0.00000007    -0.00024117   
  29   0.00000354     0.00000452     0.00003170    -0.00000004     0.00037482    -0.00000004   
  30  -0.00021849    -0.00027877     0.00013905    -0.00000020     0.00246663    -0.00000000   
  31  -0.00009900     0.00007754     0.00000006     0.00004476     0.00000006     0.00087986   
  32   0.00014272     0.00018212     0.00006965    -0.00000009    -0.00029511     0.00000012   
  33   0.00001110    -0.00000869    -0.00000023    -0.00016038    -0.00000001     0.00062889   
  34   0.00021258     0.00027123    -0.00024671     0.00000036    -0.00061149     0.00000000   
  35  -0.00042986     0.00033691    -0.00000041    -0.00029856     0.00000001    -0.00281450   
  36  -0.00036405     0.00026961    -0.00002133     0.00080740     0.00000267    -0.00001402   
  37  -0.00026682    -0.00036067    -0.00081459    -0.00002114     0.00009675     0.00000038   
  38  -0.00026128     0.00020476    -0.00000103    -0.00076859    -0.00000162     0.10931150   
  39   0.00023946     0.00030552    -0.00122339     0.00000168     0.03823921     0.00000437   
  40  -0.00314722     0.00246674    -0.00000285    -0.00208554     0.00000006     0.00326800   
  41   0.00342821     0.00437407    -0.00360530     0.00000516     0.05836605     0.00000019   
  42   0.00163914     0.00209045     0.00776932    -0.00001175     0.02577876    -0.00000046   
  43   0.00286163    -0.00224325    -0.00001209    -0.00778948    -0.00000157    -0.00248478   
  44  -0.02507693    -0.03199553    -0.00657639     0.00000862     0.96869903     0.00000044   
  45   0.00036997    -0.00029065     0.00003448     0.02454814    -0.00000005     0.00168327   
  46   0.00107352     0.00137031    -0.01710646     0.00002413    -0.19726241    -0.00000003   
  47   0.77302315    -0.60454191    -0.00003220    -0.19037292     0.00004142     0.02513979   
  48  -0.59881965    -0.76572991    -0.23094624     0.00010892    -0.03882819     0.00002722   
  49   0.14950759    -0.11726241     0.00160439     0.98128134    -0.00000122     0.01792713   
  50  -0.14253773    -0.18181030     0.97274907    -0.00159951    -0.00573093    -0.00000430   
  51   0.02264046    -0.01774534     0.00001789     0.01310464     0.00000038    -0.98062868   
  52   0.00119783     0.00152831    -0.00268369     0.00000378     0.12438488    -0.00000001   
  53   0.00093720    -0.00073457     0.00000064     0.00047802    -0.00000023     0.15899493   
  54   0.00060184     0.00076790    -0.00065954     0.00000094     0.00995694     0.00000007   
  55  -0.00086916     0.00068120    -0.00000018    -0.00011586     0.00000002    -0.00300646   
  56   0.00017557     0.00022405     0.00069216    -0.00000095     0.00005833    -0.00000010   
  57   0.00029503    -0.00023127     0.00000125     0.00090345    -0.00000001     0.00193870   
  58  -0.00067728    -0.00086414     0.00052573    -0.00000076     0.00442185     0.00000001   
  59  -0.00052657     0.00041272    -0.00000055    -0.00039653    -0.00000002     0.00384657   
  60   0.00008601     0.00010974    -0.00018436     0.00000026     0.00505242    -0.00000004   
           52             53             54             55             56             57       
   1  -0.00140129     0.00000014    -0.00053295     0.00000000     0.00002144    -0.00000001   
   2  -0.00000015    -0.00128967    -0.00000006     0.00001146     0.00000000     0.00007587   
   3  -0.00003534     0.00000381    -0.00001364     0.00000019     0.00000360    -0.00000065   
   4   0.00000410     0.00003279     0.00000158     0.00000163    -0.00000042    -0.00000555   
   5   0.00084226    -0.00000000     0.00043190     0.00000000    -0.00000921     0.00000000   
   6   0.00000001     0.00058434     0.00000000    -0.00012872    -0.00000000    -0.00035895   
   7  -0.00194121     0.00000013    -0.00050727     0.00000001     0.00005336     0.00000000   
   8   0.00000016     0.00168506     0.00000004     0.00008437    -0.00000001     0.00008302   
   9   0.00007457    -0.00000001     0.00003396    -0.00000000    -0.00000224    -0.00000000   
  10  -0.00000001    -0.00006054    -0.00000001    -0.00001963     0.00000000    -0.00001928   
  11   0.00008130    -0.00000008     0.00005104     0.00000003     0.00004122     0.00000001   
  12  -0.00000004    -0.00013830    -0.00000003     0.00004832    -0.00000003     0.00002172   
  13   0.00044336    -0.00000087     0.00012310     0.00000022     0.00011278    -0.00000011   
  14  -0.00000093    -0.00041633    -0.00000026     0.00010169    -0.00000024    -0.00005290   
  15   0.00013232    -0.00000147     0.00002622     0.00000127     0.00010225    -0.00000100   
  16  -0.00000196    -0.00009822    -0.00000039     0.00008478    -0.00000153    -0.00006691   
  17  -0.00039527     0.00000000    -0.00042521     0.00000000     0.00000740    -0.00000000   
  18  -0.00000000     0.00177357    -0.00000000    -0.00008427    -0.00000000    -0.00023568   
  19   0.00013451    -0.00000000     0.00023570     0.00000000     0.00000903    -0.00000000   
  20  -0.00000004     0.00795115    -0.00000003     0.00016641     0.00000000     0.00022477   
  21   0.00894689     0.00000003     0.00259961    -0.00000001    -0.00010205     0.00000001   
  22   0.00000745    -0.00005260     0.00000224     0.00052934     0.00006882    -0.00020316   
  23   0.00006122     0.00000638     0.00001845    -0.00006427     0.00056680     0.00002467   
  24   0.00000007    -0.00738926     0.00000004     0.00013281     0.00000000     0.00050962   
  25  -0.00975208    -0.00000005    -0.00290271     0.00000001     0.00008654    -0.00000000   
  26   0.01590188    -0.00000000     0.00402500    -0.00000002    -0.00014458     0.00000001   
  27   0.00000000     0.01533008    -0.00000002     0.00034856     0.00000000     0.00060235   
  28  -0.00000004    -0.00008964     0.00000000    -0.00024037    -0.00000002     0.00000681   
  29   0.00021928    -0.00000001    -0.00001349    -0.00000002     0.00022244    -0.00000001   
  30   0.00346090     0.00000001    -0.00075396    -0.00000001    -0.00005444     0.00000001   
  31   0.00000015    -0.00007540    -0.00000003     0.00010244    -0.00000000     0.00026977   
  32  -0.00078647    -0.00000001     0.00014418     0.00000002    -0.00000219     0.00000004   
  33  -0.00000003    -0.00011048     0.00000001     0.00005100     0.00000000     0.00022085   
  34  -0.00183571    -0.00000001     0.00028409     0.00000001     0.00005946    -0.00000000   
  35  -0.00000001     0.00065025    -0.00000001    -0.00057223    -0.00000000    -0.00140118   
  36   0.00000112    -0.00004017     0.00000045     0.00198206     0.00005840    -0.00076027   
  37   0.00004027     0.00000110     0.00001642    -0.00005454     0.00212279     0.00002092   
  38  -0.00000729     0.14865476    -0.00000138     0.00125302     0.00000004     0.00137222   
  39   0.18385233     0.00000591     0.03102030    -0.00000008    -0.00099285     0.00000012   
  40   0.00000003    -0.04973567     0.00000004     0.00020741     0.00000000     0.00095435   
  41  -0.04504087    -0.00000000    -0.01184265     0.00000003     0.00020268     0.00000000   
  42  -0.00443345     0.00000019     0.00039848    -0.00000142    -0.00768857     0.00000054   
  43   0.00000032     0.00103245    -0.00000003    -0.00720188     0.00000152     0.00269908   
  44  -0.12592789     0.00000026     0.01385353     0.00000001     0.00018122    -0.00000003   
  45  -0.00000001    -0.00165892     0.00000000    -0.00024581     0.00000002     0.00015333   
  46   0.01400853    -0.00000005    -0.00076096    -0.00000002    -0.00028374     0.00000001   
  47  -0.00000662    -0.00568662     0.00000160     0.00079427     0.00000049     0.00084164   
  48   0.00615901    -0.00000618    -0.00149545     0.00000082    -0.00047414     0.00000093   
  49   0.00000084    -0.00383533    -0.00000024    -0.00034052     0.00000021     0.00102679   
  50   0.00362818     0.00000093    -0.00107396     0.00000012     0.00066151    -0.00000026   
  51   0.00000006     0.17403997    -0.00000006    -0.00084247    -0.00000000    -0.00240519   
  52   0.97282782    -0.00000078    -0.03823426     0.00000006     0.00041070    -0.00000000   
  53   0.00000080     0.97188979     0.00000012     0.00159283     0.00000001     0.00482108   
  54  -0.03306910     0.00000012    -0.99564856    -0.00000005     0.00044348    -0.00000033   
  55  -0.00000005    -0.00396439    -0.00000022     0.80290177     0.00001223     0.59604386   
  56   0.00023193    -0.00000014    -0.00068428    -0.00001269    -0.99995996     0.00003762   
  57   0.00000000     0.00267652     0.00000024     0.59605755    -0.00003777    -0.80288730   
  58  -0.01005187     0.00000008     0.04513740    -0.00000047    -0.00369577     0.00000027   
  59   0.00000007     0.01154202     0.00000012     0.00133849     0.00000000     0.00769528   
  60   0.00230148     0.00000002     0.06206959    -0.00000004    -0.00041278     0.00000004   
           58             59             60       
   1  -0.00092699    -0.00000013     0.00078546   
   2  -0.00000010     0.00126197     0.00000008   
   3  -0.00001736    -0.00000306     0.00001797   
   4   0.00000201    -0.00002636    -0.00000209   
   5   0.00044193     0.00000001    -0.00076107   
   6   0.00000000    -0.00100796    -0.00000000   
   7  -0.00107768    -0.00000009     0.00071718   
   8   0.00000008    -0.00125648    -0.00000005   
   9   0.00005699     0.00000001    -0.00003707   
  10  -0.00000001     0.00007567     0.00000001   
  11  -0.00003107     0.00000001    -0.00001404   
  12   0.00000002     0.00000334     0.00000000   
  13   0.00023172     0.00000061    -0.00016212   
  14  -0.00000048     0.00029217     0.00000034   
  15   0.00011495     0.00000187    -0.00006053   
  16  -0.00000171     0.00012512     0.00000090   
  17  -0.00023747    -0.00000000     0.00035139   
  18  -0.00000000    -0.00061563     0.00000000   
  19  -0.00047620     0.00000000     0.00060709   
  20  -0.00000005    -0.00685108     0.00000004   
  21   0.00535682    -0.00000007    -0.00357518   
  22   0.00000458     0.00004324    -0.00000274   
  23   0.00003766    -0.00000525    -0.00002251   
  24   0.00000005     0.00571687    -0.00000005   
  25  -0.00455056     0.00000007     0.00359321   
  26   0.00740200    -0.00000005    -0.00483585   
  27  -0.00000004    -0.00970873     0.00000003   
  28  -0.00000003     0.00010988     0.00000001   
  29   0.00013620     0.00000001    -0.00005362   
  30   0.00242768    -0.00000002    -0.00087425   
  31   0.00000011    -0.00020538    -0.00000004   
  32  -0.00052641    -0.00000003     0.00021969   
  33  -0.00000002    -0.00013680     0.00000001   
  34  -0.00117854     0.00000001     0.00051716   
  35   0.00000000     0.00094310     0.00000000   
  36   0.00000092     0.00002908    -0.00000038   
  37   0.00003336    -0.00000080    -0.00001370   
  38  -0.00000256    -0.07169870     0.00000183   
  39   0.05710270    -0.00000324    -0.03965976   
  40   0.00000007     0.01309563    -0.00000004   
  41  -0.00992285     0.00000004     0.00308696   
  42   0.00010836    -0.00000002     0.00031826   
  43  -0.00000001    -0.00013253    -0.00000002   
  44   0.00541915    -0.00000001     0.00681411   
  45   0.00000000     0.00002444     0.00000000   
  46  -0.00016582     0.00000000    -0.00018510   
  47  -0.00000068    -0.00036304     0.00000031   
  48   0.00063446    -0.00000039    -0.00029142   
  49   0.00000016    -0.00040577    -0.00000005   
  50   0.00069071     0.00000009    -0.00021752   
  51  -0.00000003    -0.00797452     0.00000006   
  52  -0.02247194     0.00000012     0.00743387   
  53   0.00000011     0.02519533    -0.00000001   
  54  -0.03442874    -0.00000016    -0.06868247   
  55  -0.00000027     0.00565051    -0.00000007   
  56   0.00352382     0.00000027     0.00086993   
  57  -0.00000033    -0.00529961    -0.00000008   
  58  -0.98998531    -0.00000067    -0.12139402   
  59   0.00000066    -0.99686988     0.00000016   
  60   0.12133642    -0.00000007    -0.98934760   

 -----------------------------------------------------------------------------------------------
  Generalised Fock Matrix (MO basis)
 -----------------------------------------------------------------------------------------------
           1              2              3              4              5              6        
   1  -7.89311081    -0.00000000     0.00000000    -0.00000000    -0.00000000    -0.00000000   
   2  -0.00000000    -7.88917227     0.00000000    -0.00000000    -0.00000000    -0.00000000   
   3   0.00000000     0.00000000    -7.77428776    -0.00000000     0.00000000    -0.00000000   
   4  -0.00000000    -0.00000000    -0.00000000    -7.77428256     0.00000000    -0.00000000   
   5  -0.00000000    -0.00000000     0.00000000     0.00000000    -7.64960501    -0.00000000   
   6  -0.00000000    -0.00000000    -0.00000000    -0.00000000    -0.00000000    -7.59676014   
   7  -0.00000000    -0.00000000     0.00000000     0.00000000     0.00000000     0.00000000   
   8  -0.00000000    -0.00000000    -0.00000000    -0.00000000     0.00000000    -0.00000000   
   9  -0.00000000     0.00000000    -0.00000000     0.00000000     0.00000000    -0.00000000   
  10   0.00000000    -0.00000000     0.00000000     0.00000000     0.00000000    -0.00000000   
  11   0.00000000     0.00000000    -0.00000000    -0.00000000    -0.00000000     0.00000000   
  12   0.00000000    -0.00000000     0.00000000    -0.00000000     0.00000000     0.00000000   
  13  -0.00000000     0.00000000     0.00000000    -0.00000000     0.00000000    -0.00000000   
  14  -0.00000000     0.00000000    -0.00000000     0.00000000     0.00000000    -0.00000000   
  15   0.00000000    -0.00000000     0.00000000    -0.00000000    -0.00000000    -0.00000000   
  16  -0.00000000     0.00000000     0.00000000     0.00000000     0.00000000     0.00000000   
  17  -0.00000000     0.00000000     0.00000000     0.00000000     0.00000000    -0.00000000   
  18   0.00000000    -0.00000000    -0.00000000    -0.00000000    -0.00000000    -0.00000000   
  19   0.00000000    -0.00000000    -0.00000000    -0.00000000    -0.00000000     0.00000000   
  20   0.00000000    -0.00000000     0.00000000    -0.00000000    -0.00000000     0.00000000   
  21   0.00000000    -0.00000000    -0.00000000    -0.00000000     0.00000000    -0.00000000   
  22  -0.00000000     0.00000000     0.00000000     0.00000000     0.00000000     0.00000000   
  23  -0.00000000     0.00000000    -0.00000000     0.00000000     0.00000000     0.00000000   
  24  -0.00000000    -0.00000000    -0.00000000    -0.00000000     0.00000000     0.00000000   
  25   0.00000000     0.00000000     0.00000000     0.00000000     0.00000000     0.00000000   
  26  -0.00000000     0.00000000     0.00000000     0.00000000     0.00000000     0.00000000   
  27   0.00000000     0.00000000    -0.00000000    -0.00000000     0.00000000    -0.00000000   
  28  -0.00000000    -0.00000000     0.00000000     0.00000000    -0.00000000    -0.00000000   
  29   0.00000000     0.00000000    -0.00000000     0.00000000     0.00000000     0.00000000   
  30   0.00000000     0.00000000    -0.00000000    -0.00000000    -0.00000000     0.00000000   
  31   0.00000000    -0.00000000    -0.00000000    -0.00000000     0.00000000    -0.00000000   
  32  -0.00000000     0.00000000     0.00000000    -0.00000000    -0.00000000    -0.00000000   
  33   0.00000000    -0.00000000     0.00000000    -0.00000000     0.00000000    -0.00000000   
  34   0.00000000    -0.00000000    -0.00000000    -0.00000000     0.00000000    -0.00000000   
  35  -0.00000000     0.00000000    -0.00000000     0.00000000    -0.00000000     0.00000000   
  36  -0.00000000     0.00000000     0.00000000     0.00000000     0.00000000     0.00000000   
  37  -0.00000000     0.00000000     0.00000000    -0.00000000    -0.00000000     0.00000000   
  38  -0.24087788    -0.23668078     0.00535543    -0.00513140     0.10017761     0.12007545   
  39  -0.24086718     0.23669148     0.00514695     0.00533880     0.10017612    -0.12007650   
  40   0.00000003     0.00000001     0.00000001    -0.00000000    -0.00000005    -0.00000001   
  41   0.00000001    -0.00000001    -0.00000000    -0.00000000    -0.00000003     0.00000004   
  42   0.00000001    -0.00000001    -0.00000003    -0.00000001    -0.00000000     0.00000001   
  43  -0.00000000     0.00000000     0.00000001     0.00000003    -0.00000000     0.00000001   
  44  -0.00000002     0.00000000    -0.00000001     0.00000000     0.00000001     0.00000003   
  45  -0.00000000     0.00000002     0.00000001     0.00000001     0.00000001    -0.00000004   
  46  -0.00000001    -0.00000003    -0.00000002     0.00000001     0.00000003     0.00000005   
  47   0.00000001     0.00000000    -0.00000000     0.00000000     0.00000004    -0.00000007   
  48  -0.00000001    -0.00000002    -0.00000001    -0.00000000    -0.00000002     0.00000001   
  49  -0.00000000    -0.00000001    -0.00000000    -0.00000001    -0.00000000     0.00000008   
  50  -0.00000002    -0.00000000     0.00000000    -0.00000000     0.00000002    -0.00000004   
  51   0.00000001    -0.00000002    -0.00000000    -0.00000001     0.00000001    -0.00000001   
  52   0.00000001     0.00000001     0.00000000    -0.00000001    -0.00000003    -0.00000000   
  53   0.00000006    -0.00000001     0.00000000    -0.00000001    -0.00000006     0.00000001   
  54   0.00000000     0.00000002     0.00000000    -0.00000000    -0.00000002    -0.00000001   
  55  -0.00000000     0.00000001     0.00000000    -0.00000000    -0.00000000     0.00000000   
  56   0.00000002    -0.00000000     0.00000000    -0.00000000    -0.00000000     0.00000000   
  57   0.00000000    -0.00000000    -0.00000000    -0.00000001    -0.00000000    -0.00000002   
  58   0.00000000     0.00000001    -0.00000001    -0.00000000    -0.00000001    -0.00000001   
  59  -0.00000003     0.00000001    -0.00000000     0.00000002     0.00000002     0.00000001   
  60  -0.00000001    -0.00000002     0.00000000     0.00000000     0.00000003     0.00000003   
           7              8              9              10             11             12       
   1  -0.00000000    -0.00000000    -0.00000000     0.00000000     0.00000000     0.00000000   
   2  -0.00000000    -0.00000000     0.00000000    -0.00000000     0.00000000    -0.00000000   
   3   0.00000000    -0.00000000    -0.00000000     0.00000000    -0.00000000     0.00000000   
   4   0.00000000    -0.00000000     0.00000000     0.00000000    -0.00000000    -0.00000000   
   5   0.00000000     0.00000000     0.00000000     0.00000000    -0.00000000     0.00000000   
   6   0.00000000    -0.00000000    -0.00000000    -0.00000000     0.00000000     0.00000000   
   7  -6.05541284    -0.00000000     0.00000000     0.00000000     0.00000000     0.00000000   
   8  -0.00000000    -6.05408823    -0.00000000    -0.00000000    -0.00000000     0.00000000   
   9   0.00000000    -0.00000000    -6.00238038    -0.00000000     0.00000000     0.00000000   
  10   0.00000000    -0.00000000    -0.00000000    -5.99480377     0.00000000    -0.00000000   
  11   0.00000000    -0.00000000     0.00000000     0.00000000    -5.96968334    -0.00000000   
  12   0.00000000     0.00000000     0.00000000    -0.00000000    -0.00000000    -5.96741556   
  13  -0.00000000     0.00000000     0.00000000     0.00000000    -0.00000000    -0.00000000   
  14   0.00000000     0.00000000    -0.00000000    -0.00000000    -0.00000000     0.00000000   
  15  -0.00000000    -0.00000000     0.00000000     0.00000000    -0.00000000     0.00000000   
  16  -0.00000000    -0.00000000     0.00000000     0.00000000     0.00000000    -0.00000000   
  17   0.00000000     0.00000000    -0.00000000     0.00000000     0.00000000    -0.00000000   
  18   0.00000000    -0.00000000    -0.00000000     0.00000000    -0.00000000     0.00000000   
  19   0.00000000     0.00000000    -0.00000000    -0.00000000    -0.00000000     0.00000000   
  20   0.00000000     0.00000000    -0.00000000     0.00000000    -0.00000000    -0.00000000   
  21  -0.00000000    -0.00000000    -0.00000000    -0.00000000     0.00000000     0.00000000   
  22  -0.00000000    -0.00000000    -0.00000000    -0.00000000     0.00000000     0.00000000   
  23  -0.00000000     0.00000000    -0.00000000    -0.00000000     0.00000000    -0.00000000   
  24  -0.00000000    -0.00000000     0.00000000     0.00000000    -0.00000000     0.00000000   
  25   0.00000000    -0.00000000     0.00000000    -0.00000000     0.00000000    -0.00000000   
  26  -0.00000000    -0.00000000    -0.00000000     0.00000000    -0.00000000    -0.00000000   
  27   0.00000000    -0.00000000     0.00000000     0.00000000     0.00000000     0.00000000   
  28  -0.00000000    -0.00000000    -0.00000000    -0.00000000     0.00000000    -0.00000000   
  29  -0.00000000     0.00000000    -0.00000000     0.00000000     0.00000000    -0.00000000   
  30   0.00000000    -0.00000000     0.00000000    -0.00000000     0.00000000    -0.00000000   
  31   0.00000000    -0.00000000    -0.00000000     0.00000000     0.00000000    -0.00000000   
  32  -0.00000000    -0.00000000     0.00000000    -0.00000000     0.00000000     0.00000000   
  33   0.00000000     0.00000000     0.00000000     0.00000000    -0.00000000    -0.00000000   
  34   0.00000000    -0.00000000    -0.00000000     0.00000000     0.00000000    -0.00000000   
  35  -0.00000000    -0.00000000     0.00000000     0.00000000     0.00000000    -0.00000000   
  36  -0.00000000     0.00000000    -0.00000000    -0.00000000     0.00000000     0.00000000   
  37   0.00000000    -0.00000000     0.00000000    -0.00000000    -0.00000000     0.00000000   
  38  -0.00599948     0.00813200     0.16868049     0.14997471     0.04463520     0.05858542   
  39  -0.00599838    -0.00813290     0.16867917    -0.14997489     0.04463470    -0.05858903   
  40  -0.00000000     0.00000001    -0.00000001    -0.00000002     0.00000000     0.00000001   
  41  -0.00000002     0.00000001     0.00000001    -0.00000001    -0.00000000    -0.00000001   
  42  -0.00000000     0.00000000    -0.00000002     0.00000001     0.00000004    -0.00000002   
  43  -0.00000000    -0.00000001     0.00000000    -0.00000002    -0.00000002     0.00000004   
  44  -0.00000001     0.00000001    -0.00000000    -0.00000001     0.00000004    -0.00000000   
  45  -0.00000001    -0.00000001     0.00000001    -0.00000002    -0.00000000     0.00000001   
  46  -0.00000000     0.00000002     0.00000002     0.00000004     0.00000003     0.00000004   
  47   0.00000000     0.00000001     0.00000001    -0.00000001     0.00000001     0.00000001   
  48  -0.00000002     0.00000000     0.00000002     0.00000003     0.00000003    -0.00000001   
  49   0.00000000     0.00000001    -0.00000001    -0.00000002     0.00000002    -0.00000003   
  50   0.00000001     0.00000001     0.00000001     0.00000003     0.00000003     0.00000001   
  51  -0.00000001    -0.00000002    -0.00000003     0.00000003     0.00000001    -0.00000001   
  52  -0.00000007     0.00000003     0.00000000    -0.00000001     0.00000003     0.00000002   
  53  -0.00000001     0.00000001    -0.00000007     0.00000001     0.00000002    -0.00000000   
  54  -0.00000003     0.00000001    -0.00000000    -0.00000002     0.00000001     0.00000000   
  55  -0.00000000    -0.00000001     0.00000001    -0.00000000     0.00000001     0.00000002   
  56   0.00000000    -0.00000000    -0.00000001     0.00000000     0.00000002     0.00000001   
  57   0.00000000    -0.00000001     0.00000001     0.00000001    -0.00000000    -0.00000001   
  58  -0.00000003     0.00000001    -0.00000001    -0.00000002     0.00000001     0.00000000   
  59   0.00000001     0.00000000     0.00000003    -0.00000001    -0.00000002    -0.00000001   
  60   0.00000003    -0.00000001    -0.00000001     0.00000002    -0.00000002     0.00000000   
           13             14             15             16             17             18       
   1  -0.00000000    -0.00000000     0.00000000    -0.00000000    -0.00000000     0.00000000   
   2   0.00000000     0.00000000    -0.00000000     0.00000000     0.00000000    -0.00000000   
   3   0.00000000    -0.00000000     0.00000000     0.00000000     0.00000000    -0.00000000   
   4  -0.00000000     0.00000000    -0.00000000     0.00000000     0.00000000    -0.00000000   
   5   0.00000000     0.00000000    -0.00000000     0.00000000     0.00000000    -0.00000000   
   6  -0.00000000    -0.00000000    -0.00000000     0.00000000    -0.00000000    -0.00000000   
   7  -0.00000000     0.00000000    -0.00000000    -0.00000000     0.00000000     0.00000000   
   8   0.00000000     0.00000000    -0.00000000    -0.00000000     0.00000000    -0.00000000   
   9   0.00000000    -0.00000000     0.00000000     0.00000000    -0.00000000    -0.00000000   
  10   0.00000000    -0.00000000     0.00000000     0.00000000     0.00000000     0.00000000   
  11  -0.00000000    -0.00000000     0.00000000     0.00000000     0.00000000    -0.00000000   
  12  -0.00000000     0.00000000     0.00000000    -0.00000000    -0.00000000     0.00000000   
  13  -5.96049646     0.00000000     0.00000000    -0.00000000    -0.00000000     0.00000000   
  14   0.00000000    -5.95971175     0.00000000    -0.00000000    -0.00000000     0.00000000   
  15   0.00000000     0.00000000    -5.95343893     0.00000000     0.00000000    -0.00000000   
  16  -0.00000000    -0.00000000     0.00000000    -5.93186552     0.00000000    -0.00000000   
  17  -0.00000000    -0.00000000     0.00000000     0.00000000    -5.93140096    -0.00000000   
  18   0.00000000     0.00000000    -0.00000000    -0.00000000    -0.00000000    -3.54961797   
  19  -0.00000000     0.00000000    -0.00000000    -0.00000000    -0.00000000     0.00000000   
  20  -0.00000000    -0.00000000     0.00000000     0.00000000    -0.00000000     0.00000000   
  21   0.00000000     0.00000000     0.00000000    -0.00000000     0.00000000    -0.00000000   
  22   0.00000000    -0.00000000    -0.00000000     0.00000000    -0.00000000    -0.00000000   
  23  -0.00000000     0.00000000    -0.00000000     0.00000000    -0.00000000    -0.00000000   
  24  -0.00000000    -0.00000000    -0.00000000    -0.00000000     0.00000000    -0.00000000   
  25   0.00000000     0.00000000     0.00000000    -0.00000000    -0.00000000     0.00000000   
  26   0.00000000    -0.00000000    -0.00000000    -0.00000000     0.00000000    -0.00000000   
  27  -0.00000000    -0.00000000    -0.00000000     0.00000000    -0.00000000    -0.00000000   
  28   0.00000000     0.00000000    -0.00000000    -0.00000000    -0.00000000    -0.00000000   
  29   0.00000000     0.00000000    -0.00000000    -0.00000000     0.00000000    -0.00000000   
  30   0.00000000    -0.00000000    -0.00000000    -0.00000000     0.00000000     0.00000000   
  31   0.00000000     0.00000000    -0.00000000    -0.00000000    -0.00000000     0.00000000   
  32  -0.00000000    -0.00000000    -0.00000000     0.00000000    -0.00000000    -0.00000000   
  33  -0.00000000     0.00000000     0.00000000    -0.00000000     0.00000000    -0.00000000   
  34  -0.00000000    -0.00000000    -0.00000000     0.00000000     0.00000000    -0.00000000   
  35   0.00000000     0.00000000    -0.00000000    -0.00000000    -0.00000000    -0.00000000   
  36  -0.00000000    -0.00000000    -0.00000000    -0.00000000    -0.00000000     0.00000000   
  37  -0.00000000     0.00000000     0.00000000     0.00000000     0.00000000     0.00000000   
  38  -0.00768194     0.02371536    -0.02082872    -0.03351979     0.03144512     0.01626361   
  39  -0.00767283    -0.02371891    -0.02083190     0.03351808     0.03144463    -0.01626354   
  40   0.00000002    -0.00000001    -0.00000001     0.00000000     0.00000002     0.00000001   
  41  -0.00000001    -0.00000001     0.00000001     0.00000000    -0.00000001    -0.00000006   
  42  -0.00000001     0.00000002    -0.00000001    -0.00000003    -0.00000001     0.00000000   
  43  -0.00000001     0.00000001     0.00000001     0.00000001     0.00000003    -0.00000001   
  44   0.00000002    -0.00000000     0.00000000     0.00000000     0.00000002    -0.00000000   
  45   0.00000002    -0.00000001     0.00000001    -0.00000001     0.00000000     0.00000005   
  46   0.00000000    -0.00000001    -0.00000002     0.00000003    -0.00000003    -0.00000002   
  47  -0.00000004    -0.00000006    -0.00000001    -0.00000002    -0.00000003     0.00000003   
  48   0.00000001    -0.00000001    -0.00000003     0.00000000     0.00000001     0.00000000   
  49  -0.00000003     0.00000001    -0.00000001     0.00000000     0.00000000    -0.00000005   
  50   0.00000001    -0.00000001     0.00000002    -0.00000001     0.00000001    -0.00000001   
  51   0.00000000    -0.00000001     0.00000002    -0.00000000     0.00000000     0.00000000   
  52   0.00000002    -0.00000004    -0.00000001    -0.00000003     0.00000000    -0.00000004   
  53   0.00000002    -0.00000002    -0.00000001    -0.00000000     0.00000003     0.00000003   
  54   0.00000001    -0.00000001    -0.00000002    -0.00000000     0.00000000     0.00000002   
  55   0.00000001    -0.00000001    -0.00000000    -0.00000000    -0.00000001     0.00000000   
  56   0.00000001    -0.00000000     0.00000000     0.00000001     0.00000001     0.00000000   
  57   0.00000000     0.00000000     0.00000001     0.00000001    -0.00000000     0.00000001   
  58  -0.00000000    -0.00000001    -0.00000001    -0.00000001     0.00000001    -0.00000002   
  59  -0.00000002     0.00000003     0.00000001    -0.00000000    -0.00000002    -0.00000002   
  60   0.00000001     0.00000001    -0.00000002     0.00000001    -0.00000000    -0.00000001   
           19             20             21             22             23             24       
   1   0.00000000     0.00000000     0.00000000    -0.00000000    -0.00000000    -0.00000000   
   2  -0.00000000    -0.00000000    -0.00000000     0.00000000     0.00000000    -0.00000000   
   3  -0.00000000     0.00000000    -0.00000000     0.00000000    -0.00000000    -0.00000000   
   4  -0.00000000    -0.00000000    -0.00000000     0.00000000     0.00000000    -0.00000000   
   5  -0.00000000    -0.00000000     0.00000000     0.00000000     0.00000000     0.00000000   
   6   0.00000000     0.00000000    -0.00000000     0.00000000     0.00000000     0.00000000   
   7   0.00000000     0.00000000    -0.00000000    -0.00000000    -0.00000000    -0.00000000   
   8   0.00000000     0.00000000    -0.00000000    -0.00000000     0.00000000    -0.00000000   
   9  -0.00000000    -0.00000000    -0.00000000    -0.00000000    -0.00000000     0.00000000   
  10  -0.00000000     0.00000000    -0.00000000    -0.00000000    -0.00000000     0.00000000   
  11  -0.00000000    -0.00000000     0.00000000     0.00000000     0.00000000    -0.00000000   
  12   0.00000000    -0.00000000     0.00000000     0.00000000    -0.00000000     0.00000000   
  13  -0.00000000    -0.00000000     0.00000000     0.00000000    -0.00000000    -0.00000000   
  14   0.00000000    -0.00000000     0.00000000    -0.00000000     0.00000000    -0.00000000   
  15  -0.00000000     0.00000000     0.00000000    -0.00000000    -0.00000000    -0.00000000   
  16  -0.00000000    -0.00000000    -0.00000000     0.00000000     0.00000000    -0.00000000   
  17  -0.00000000    -0.00000000     0.00000000    -0.00000000    -0.00000000     0.00000000   
  18   0.00000000     0.00000000    -0.00000000    -0.00000000    -0.00000000    -0.00000000   
  19  -2.83343938     0.00000000     0.00000000    -0.00000000    -0.00000000     0.00000000   
  20   0.00000000    -1.83699566     0.00000000     0.00000000    -0.00000000     0.00000000   
  21   0.00000000     0.00000000    -1.80957827     0.00000000    -0.00000000    -0.00000000   
  22  -0.00000000     0.00000000     0.00000000    -1.44509464    -0.00000000    -0.00000000   
  23  -0.00000000    -0.00000000    -0.00000000    -0.00000000    -1.44509336     0.00000000   
  24   0.00000000     0.00000000    -0.00000000    -0.00000000     0.00000000    -0.86177072   
  25  -0.00000000    -0.00000000     0.00000000     0.00000000     0.00000000     0.00000000   
  26  -0.00000000    -0.00000000     0.00000000     0.00000000     0.00000000     0.00000000   
  27  -0.00000000     0.00000000     0.00000000    -0.00000000    -0.00000000     0.00000000   
  28  -0.00000000    -0.00000000     0.00000000    -0.00000000    -0.00000000    -0.00000000   
  29  -0.00000000     0.00000000    -0.00000000    -0.00000000     0.00000000    -0.00000000   
  30   0.00000000    -0.00000000    -0.00000000    -0.00000000    -0.00000000    -0.00000000   
  31   0.00000000     0.00000000    -0.00000000    -0.00000000     0.00000000    -0.00000000   
  32   0.00000000     0.00000000    -0.00000000     0.00000000    -0.00000000    -0.00000000   
  33  -0.00000000    -0.00000000     0.00000000    -0.00000000    -0.00000000    -0.00000000   
  34  -0.00000000    -0.00000000     0.00000000     0.00000000     0.00000000     0.00000000   
  35  -0.00000000     0.00000000    -0.00000000     0.00000000     0.00000000     0.00000000   
  36  -0.00000000    -0.00000000     0.00000000     0.00000000     0.00000000     0.00000000   
  37  -0.00000000    -0.00000000     0.00000000     0.00000000    -0.00000000     0.00000000   
  38   0.08372340    -0.54626877     0.52086948     0.00337588     0.00297532    -0.36776226   
  39   0.08372333     0.54626892     0.52086888    -0.00296725     0.00338137     0.36775687   
  40  -0.00000008    -0.00000002    -0.00000002     0.00000000     0.00000001    -0.00000000   
  41   0.00000001     0.00000000    -0.00000002    -0.00000001     0.00000001     0.00000002   
  42  -0.00000000    -0.00000000    -0.00000000     0.00000001    -0.00000001     0.00000000   
  43  -0.00000001    -0.00000000    -0.00000002    -0.00000001     0.00000001    -0.00000000   
  44   0.00000001     0.00000002     0.00000010     0.00000000     0.00000001    -0.00000000   
  45  -0.00000001    -0.00000003     0.00000001     0.00000000    -0.00000001    -0.00000005   
  46   0.00000004    -0.00000007     0.00000004    -0.00000000     0.00000000    -0.00000003   
  47   0.00000003    -0.00000000    -0.00000002    -0.00000000    -0.00000000     0.00000000   
  48  -0.00000003    -0.00000002    -0.00000002    -0.00000001     0.00000001    -0.00000002   
  49  -0.00000000    -0.00000004    -0.00000001     0.00000001     0.00000001    -0.00000002   
  50  -0.00000001     0.00000002     0.00000006    -0.00000000     0.00000001     0.00000007   
  51  -0.00000001    -0.00000002    -0.00000004     0.00000002     0.00000000     0.00000001   
  52  -0.00000006     0.00000005     0.00000003    -0.00000001     0.00000004     0.00000006   
  53  -0.00000004    -0.00000000    -0.00000011     0.00000001     0.00000001    -0.00000004   
  54  -0.00000002     0.00000004     0.00000001    -0.00000000     0.00000001     0.00000005   
  55  -0.00000002    -0.00000001    -0.00000000     0.00000000     0.00000001    -0.00000001   
  56  -0.00000000     0.00000001    -0.00000001     0.00000001    -0.00000000     0.00000000   
  57  -0.00000003    -0.00000001     0.00000002     0.00000000    -0.00000000    -0.00000001   
  58  -0.00000003     0.00000004     0.00000000    -0.00000002     0.00000002     0.00000006   
  59  -0.00000000     0.00000001     0.00000008    -0.00000001    -0.00000002     0.00000001   
  60   0.00000003    -0.00000004    -0.00000001     0.00000001    -0.00000001    -0.00000006   
           25             26             27             28             29             30       
   1   0.00000000    -0.00000000     0.00000000    -0.00000000     0.00000000     0.00000000   
   2   0.00000000     0.00000000     0.00000000    -0.00000000     0.00000000     0.00000000   
   3   0.00000000     0.00000000    -0.00000000     0.00000000    -0.00000000    -0.00000000   
   4   0.00000000     0.00000000    -0.00000000     0.00000000     0.00000000    -0.00000000   
   5   0.00000000     0.00000000     0.00000000    -0.00000000     0.00000000    -0.00000000   
   6   0.00000000     0.00000000    -0.00000000    -0.00000000     0.00000000     0.00000000   
   7   0.00000000    -0.00000000     0.00000000    -0.00000000    -0.00000000     0.00000000   
   8  -0.00000000    -0.00000000    -0.00000000    -0.00000000     0.00000000    -0.00000000   
   9   0.00000000    -0.00000000     0.00000000    -0.00000000    -0.00000000     0.00000000   
  10  -0.00000000     0.00000000     0.00000000    -0.00000000     0.00000000    -0.00000000   
  11   0.00000000    -0.00000000     0.00000000     0.00000000     0.00000000     0.00000000   
  12  -0.00000000    -0.00000000     0.00000000    -0.00000000    -0.00000000    -0.00000000   
  13   0.00000000     0.00000000    -0.00000000     0.00000000     0.00000000     0.00000000   
  14   0.00000000    -0.00000000    -0.00000000     0.00000000     0.00000000    -0.00000000   
  15   0.00000000    -0.00000000    -0.00000000    -0.00000000    -0.00000000    -0.00000000   
  16  -0.00000000    -0.00000000     0.00000000    -0.00000000    -0.00000000    -0.00000000   
  17  -0.00000000     0.00000000    -0.00000000    -0.00000000     0.00000000     0.00000000   
  18   0.00000000    -0.00000000    -0.00000000    -0.00000000    -0.00000000     0.00000000   
  19  -0.00000000    -0.00000000    -0.00000000    -0.00000000    -0.00000000     0.00000000   
  20  -0.00000000    -0.00000000     0.00000000    -0.00000000     0.00000000    -0.00000000   
  21   0.00000000     0.00000000     0.00000000     0.00000000    -0.00000000    -0.00000000   
  22   0.00000000     0.00000000    -0.00000000    -0.00000000    -0.00000000    -0.00000000   
  23   0.00000000     0.00000000    -0.00000000    -0.00000000     0.00000000    -0.00000000   
  24   0.00000000     0.00000000     0.00000000    -0.00000000    -0.00000000    -0.00000000   
  25  -0.75313363    -0.00000000     0.00000000    -0.00000000    -0.00000000     0.00000000   
  26  -0.00000000     0.13942968     0.00000000    -0.00000000     0.00000000     0.00000000   
  27   0.00000000     0.00000000     0.38406660     0.00000000    -0.00000000    -0.00000000   
  28  -0.00000000    -0.00000000     0.00000000     1.27616271     0.00000000    -0.00000000   
  29  -0.00000000     0.00000000    -0.00000000     0.00000000     1.27737172    -0.00000000   
  30   0.00000000     0.00000000    -0.00000000    -0.00000000    -0.00000000     1.30587087   
  31   0.00000000     0.00000000    -0.00000000     0.00000000    -0.00000000    -0.00000000   
  32   0.00000000    -0.00000000     0.00000000     0.00000000    -0.00000000    -0.00000000   
  33   0.00000000     0.00000000    -0.00000000     0.00000000     0.00000000    -0.00000000   
  34   0.00000000     0.00000000    -0.00000000     0.00000000    -0.00000000     0.00000000   
  35  -0.00000000    -0.00000000     0.00000000    -0.00000000     0.00000000     0.00000000   
  36  -0.00000000    -0.00000000     0.00000000     0.00000000    -0.00000000     0.00000000   
  37  -0.00000000     0.00000000     0.00000000     0.00000000    -0.00000000    -0.00000000   
  38   0.33800598     0.69635881    -0.69185663    -0.01106241    -0.00953774    -0.19420893   
  39   0.33801008     0.69636156     0.69185428     0.01106446    -0.00953686    -0.19421028   
  40   0.00000003    -0.00000007    -0.00000003    -0.00000011     0.00000005    -0.00000003   
  41  -0.00000004     0.00000001    -0.00000002     0.00000004    -0.00000006    -0.00000002   
  42  -0.00000001    -0.00000001    -0.00000000     0.00000000    -0.00000001     0.00000001   
  43  -0.00000002    -0.00000003     0.00000001    -0.00000000     0.00000000     0.00000000   
  44   0.00000007     0.00000010     0.00000004     0.00000002     0.00000006     0.00000003   
  45   0.00000003     0.00000004    -0.00000001    -0.00000001    -0.00000004     0.00000003   
  46   0.00000001     0.00000008    -0.00000013    -0.00000004     0.00000004    -0.00000013   
  47  -0.00000002     0.00000002     0.00000001     0.00000004    -0.00000001    -0.00000009   
  48   0.00000001     0.00000000    -0.00000005    -0.00000001     0.00000000     0.00000001   
  49  -0.00000001    -0.00000004    -0.00000001    -0.00000001     0.00000001     0.00000004   
  50   0.00000003     0.00000010    -0.00000005    -0.00000001     0.00000003     0.00000004   
  51   0.00000001    -0.00000010    -0.00000005     0.00000002     0.00000000     0.00000005   
  52   0.00000004     0.00000005     0.00000007     0.00000000     0.00000004    -0.00000000   
  53  -0.00000013    -0.00000007     0.00000004    -0.00000012     0.00000005     0.00000006   
  54  -0.00000001     0.00000003     0.00000004     0.00000000    -0.00000002    -0.00000000   
  55  -0.00000000     0.00000001    -0.00000001    -0.00000000    -0.00000001     0.00000001   
  56  -0.00000001    -0.00000001     0.00000000     0.00000000    -0.00000001     0.00000001   
  57  -0.00000000     0.00000004    -0.00000001     0.00000002    -0.00000000     0.00000003   
  58  -0.00000000     0.00000001     0.00000004     0.00000000     0.00000002     0.00000004   
  59   0.00000005     0.00000011     0.00000001     0.00000004    -0.00000003    -0.00000002   
  60  -0.00000002    -0.00000001    -0.00000004     0.00000001     0.00000001    -0.00000001   
           31             32             33             34             35             36       
   1   0.00000000    -0.00000000     0.00000000     0.00000000    -0.00000000    -0.00000000   
   2  -0.00000000     0.00000000    -0.00000000    -0.00000000     0.00000000     0.00000000   
   3  -0.00000000     0.00000000     0.00000000    -0.00000000    -0.00000000     0.00000000   
   4  -0.00000000    -0.00000000    -0.00000000    -0.00000000     0.00000000     0.00000000   
   5   0.00000000    -0.00000000     0.00000000     0.00000000    -0.00000000     0.00000000   
   6  -0.00000000    -0.00000000    -0.00000000    -0.00000000     0.00000000     0.00000000   
   7   0.00000000    -0.00000000     0.00000000     0.00000000    -0.00000000    -0.00000000   
   8  -0.00000000    -0.00000000     0.00000000    -0.00000000    -0.00000000     0.00000000   
   9  -0.00000000     0.00000000     0.00000000    -0.00000000     0.00000000    -0.00000000   
  10   0.00000000    -0.00000000     0.00000000     0.00000000     0.00000000    -0.00000000   
  11   0.00000000     0.00000000    -0.00000000     0.00000000     0.00000000     0.00000000   
  12  -0.00000000     0.00000000    -0.00000000    -0.00000000    -0.00000000     0.00000000   
  13   0.00000000    -0.00000000    -0.00000000    -0.00000000     0.00000000    -0.00000000   
  14   0.00000000    -0.00000000    -0.00000000    -0.00000000     0.00000000    -0.00000000   
  15  -0.00000000    -0.00000000     0.00000000    -0.00000000    -0.00000000    -0.00000000   
  16  -0.00000000     0.00000000     0.00000000     0.00000000    -0.00000000    -0.00000000   
  17  -0.00000000    -0.00000000     0.00000000     0.00000000    -0.00000000    -0.00000000   
  18   0.00000000    -0.00000000    -0.00000000    -0.00000000    -0.00000000     0.00000000   
  19   0.00000000     0.00000000    -0.00000000    -0.00000000    -0.00000000    -0.00000000   
  20   0.00000000     0.00000000    -0.00000000    -0.00000000     0.00000000    -0.00000000   
  21  -0.00000000    -0.00000000     0.00000000     0.00000000    -0.00000000     0.00000000   
  22  -0.00000000     0.00000000    -0.00000000     0.00000000     0.00000000     0.00000000   
  23   0.00000000    -0.00000000    -0.00000000     0.00000000     0.00000000     0.00000000   
  24  -0.00000000    -0.00000000    -0.00000000     0.00000000     0.00000000     0.00000000   
  25   0.00000000     0.00000000     0.00000000     0.00000000    -0.00000000    -0.00000000   
  26   0.00000000    -0.00000000     0.00000000     0.00000000    -0.00000000    -0.00000000   
  27  -0.00000000     0.00000000    -0.00000000    -0.00000000     0.00000000     0.00000000   
  28   0.00000000     0.00000000     0.00000000     0.00000000    -0.00000000     0.00000000   
  29  -0.00000000    -0.00000000     0.00000000    -0.00000000     0.00000000    -0.00000000   
  30  -0.00000000    -0.00000000    -0.00000000     0.00000000     0.00000000     0.00000000   
  31   1.43841766    -0.00000000    -0.00000000     0.00000000    -0.00000000    -0.00000000   
  32  -0.00000000     1.44032966     0.00000000    -0.00000000    -0.00000000     0.00000000   
  33  -0.00000000     0.00000000     1.44407537     0.00000000    -0.00000000    -0.00000000   
  34   0.00000000    -0.00000000     0.00000000     1.44642677     0.00000000    -0.00000000   
  35  -0.00000000    -0.00000000    -0.00000000     0.00000000     1.45714873     0.00000000   
  36  -0.00000000     0.00000000    -0.00000000    -0.00000000     0.00000000     1.66742359   
  37  -0.00000000     0.00000000    -0.00000000     0.00000000    -0.00000000    -0.00000000   
  38  -0.03207437     0.00591054    -0.02873967    -0.00920368     0.07991979     0.00213181   
  39   0.03207551     0.00589719     0.02873802    -0.00921058    -0.07991890     0.00183653   
  40   0.00000006     0.00000003     0.00000007     0.00000005    -0.00000006     0.00000003   
  41   0.00000002     0.00000001    -0.00000007     0.00000000    -0.00000007     0.00000000   
  42  -0.00000006    -0.00000010    -0.00000000    -0.00000006    -0.00000003    -0.00000006   
  43  -0.00000007    -0.00000008     0.00000013     0.00000003     0.00000002     0.00000008   
  44   0.00000003    -0.00000002     0.00000009     0.00000003     0.00000002     0.00000003   
  45  -0.00000001    -0.00000004     0.00000003     0.00000004    -0.00000012    -0.00000001   
  46  -0.00000006     0.00000000    -0.00000001    -0.00000006     0.00000015    -0.00000017   
  47   0.00000009    -0.00000005    -0.00000004     0.00000004    -0.00000007    -0.00000010   
  48  -0.00000001    -0.00000003    -0.00000006    -0.00000007     0.00000002    -0.00000007   
  49  -0.00000001     0.00000000    -0.00000003    -0.00000009     0.00000004    -0.00000002   
  50   0.00000004     0.00000007    -0.00000006    -0.00000005     0.00000002     0.00000000   
  51  -0.00000010    -0.00000001     0.00000000    -0.00000000     0.00000002     0.00000004   
  52   0.00000005     0.00000010    -0.00000008    -0.00000013     0.00000011     0.00000002   
  53  -0.00000006     0.00000003     0.00000002     0.00000005    -0.00000001     0.00000006   
  54   0.00000003     0.00000002     0.00000000    -0.00000003    -0.00000001     0.00000000   
  55   0.00000000     0.00000001     0.00000000     0.00000001     0.00000001     0.00000002   
  56   0.00000001     0.00000000    -0.00000001     0.00000001     0.00000000    -0.00000005   
  57  -0.00000001     0.00000001    -0.00000001     0.00000001     0.00000001    -0.00000001   
  58   0.00000001     0.00000002    -0.00000003    -0.00000004     0.00000005     0.00000002   
  59   0.00000000    -0.00000004    -0.00000003    -0.00000003    -0.00000004    -0.00000004   
  60  -0.00000002    -0.00000003     0.00000002     0.00000004    -0.00000001    -0.00000001   
           37             38             39       
   1  -0.00000000    -0.24087783    -0.24086722   
   2   0.00000000    -0.23668080     0.23669149   
   3   0.00000000     0.00535543     0.00514695   
   4  -0.00000000    -0.00513140     0.00533881   
   5  -0.00000000     0.10017760     0.10017615   
   6   0.00000000     0.12007550    -0.12007649   
   7   0.00000000    -0.00599947    -0.00599840   
   8  -0.00000000     0.00813199    -0.00813287   
   9   0.00000000     0.16868045     0.16867919   
  10  -0.00000000     0.14997470    -0.14997488   
  11  -0.00000000     0.04463517     0.04463469   
  12   0.00000000     0.05858542    -0.05858906   
  13  -0.00000000    -0.00768192    -0.00767285   
  14   0.00000000     0.02371535    -0.02371891   
  15   0.00000000    -0.02082872    -0.02083191   
  16   0.00000000    -0.03351979     0.03351811   
  17   0.00000000     0.03144512     0.03144461   
  18   0.00000000     0.01626361    -0.01626354   
  19  -0.00000000     0.08372337     0.08372335   
  20  -0.00000000    -0.54626882     0.54626893   
  21   0.00000000     0.52086941     0.52086897   
  22   0.00000000     0.00337588    -0.00296729   
  23  -0.00000000     0.00297530     0.00338141   
  24   0.00000000    -0.36776227     0.36775688   
  25  -0.00000000     0.33800589     0.33801012   
  26   0.00000000     0.69635870     0.69636166   
  27   0.00000000    -0.69185665     0.69185428   
  28   0.00000000    -0.01106251     0.01106453   
  29  -0.00000000    -0.00953780    -0.00953688   
  30  -0.00000000    -0.19420896    -0.19421027   
  31  -0.00000000    -0.03207436     0.03207545   
  32   0.00000000     0.00591057     0.00589719   
  33  -0.00000000    -0.02873953     0.02873804   
  34   0.00000000    -0.00920363    -0.00921056   
  35  -0.00000000     0.07991990    -0.07991889   
  36  -0.00000000     0.00213179     0.00183659   
  37   1.66742477     0.00181563    -0.00211316   
  38   0.00181564     0.98960066     0.00145804   
  39  -0.00211307     0.00145837     0.98960074   
  40  -0.00000001    -0.00000001    -0.00000008   
  41  -0.00000001     0.00000013    -0.00000006   
  42   0.00000009     0.00000002     0.00000002   
  43  -0.00000007     0.00000003     0.00000001   
  44   0.00000000    -0.00000001    -0.00000002   
  45   0.00000000     0.00000005    -0.00000006   
  46  -0.00000015     0.00000010     0.00000008   
  47   0.00000005     0.00000005     0.00000007   
  48   0.00000003    -0.00000005    -0.00000009   
  49   0.00000008    -0.00000001    -0.00000005   
  50  -0.00000001    -0.00000002    -0.00000002   
  51  -0.00000001     0.00000005     0.00000001   
  52  -0.00000001     0.00000011    -0.00000025   
  53  -0.00000002     0.00000004    -0.00000004   
  54  -0.00000000     0.00000005    -0.00000009   
  55  -0.00000004     0.00000002     0.00000001   
  56   0.00000003     0.00000002    -0.00000000   
  57   0.00000002     0.00000002     0.00000000   
  58  -0.00000000     0.00000006    -0.00000009   
  59   0.00000002    -0.00000005     0.00000000   
  60   0.00000000    -0.00000006     0.00000008   

[[ 0.996975  0.000087  0.001499 ... -0.000927 -0.        0.000785]
 [ 0.000086 -0.998513 -0.000013 ... -0.        0.001262  0.      ]
 [ 0.001167  0.000067 -0.995386 ... -0.000017 -0.000003  0.000018]
 ...
 [ 0.000857 -0.       -0.000022 ... -0.989985 -0.000001 -0.121394]
 [ 0.        0.001033 -0.       ...  0.000001 -0.99687   0.      ]
 [-0.00059   0.        0.000011 ...  0.121336 -0.       -0.989348]]
 Saved MO coefficients to FCIDUMP/FCIDUMP_TTMmTTM_gwh_mo_coeff.npy

************************************************
 Testing 'core' initial guess method
************************************************

  Initializing L-BFGS optimisation...
    > Num. MOs       =     60
    > Num. params    =    894
    > Max subspace   =     20
    > Max step size   =  0.500
    > Backtracking   =  0.100
    > Parallel tr.   = True
    > Pseudo-canon.  = True
    > Canon interval = 10
    > Hybrid prec.   = True
  ================================================================
           Energy / Eh     Step Len    Max(|G_i|)
  ================================================================
     0   462.6777767369                 1.39e+01
     1   433.0080148140    5.00e-01     1.35e+01    rescaled  
     2   412.9891296706    5.00e-01     1.01e+01    rescaled  
     3   404.5913650250    5.00e-01     9.73e+00    rescaled  
     4   398.9393237849    5.00e-01     9.24e+00    rescaled  
     5   391.1685322904    5.00e-01     8.72e+00    rescaled  
     6   381.8818017300    5.00e-01     7.39e+00    rescaled  
     7   370.6985405643    5.00e-01     7.45e+00    rescaled  
     8   362.5791465228    5.00e-01     8.31e+00    rescaled  
     9   354.8302552318    5.00e-01     8.79e+00    rescaled  
    10   344.1221080592    5.00e-01     9.40e+00    rescaled  
    11   332.4887073445    5.00e-01     7.87e+00    rescaled  
    12   322.9436620658    5.00e-01     6.99e+00    rescaled  
    13   316.6996159036    5.00e-01     5.91e+00    rescaled  
    14   312.5556204102    5.00e-01     5.60e+00    rescaled  
    15   308.2691156674    5.00e-01     5.54e+00    rescaled  
    16   300.6034324167    5.00e-01     5.41e+00    rescaled  
    17   293.3775432987    5.00e-01     5.72e+00    rescaled  
    18   287.1080813051    5.00e-01     5.34e+00    rescaled  
    19   279.6622713027    5.00e-01     4.25e+00    rescaled  
    20   272.9993994328    5.00e-01     6.61e+00    rescaled  
    21   269.2136303613    5.00e-01     4.89e+00    rescaled  
    22   263.9480393842    5.00e-01     5.29e+00    rescaled  
    23   256.6410756641    5.00e-01     5.98e+00    rescaled  
    24   248.1895563278    5.00e-01     5.58e+00    rescaled  
    25   242.2218202157    5.00e-01     3.98e+00    rescaled  
    26   243.0751463641    3.76e-01     3.73e+00              
    27   241.5480722600    3.32e-01     3.43e+00    overstep  
    28   241.6524372127    3.50e-01     4.54e+00              
    29   240.6161630550    3.15e-01     4.38e+00    overstep  
    30   239.4202963817    5.00e-01     6.11e+00    rescaled  
    31   237.4750486305    2.82e-01     1.90e+00              
    32   237.4109399568    1.23e-01     2.33e+00              
    33   236.4525147240    9.84e-02     6.46e-01              
    34   236.3893339176    5.52e-02     5.62e-01              
    35   236.2970932016    2.25e-02     2.49e-01              
    36   236.2732859834    4.22e-02     2.54e-01              
    37   236.2519422678    2.29e-02     1.26e-01              
    38   236.2519955635    1.11e-02     1.39e-01              
    39   236.2492401154    9.99e-03     1.15e-01    overstep  
    40   236.2428677390    7.34e-03     4.89e-02              
    41   236.2425852269    3.32e-03     1.37e-02              
    42   236.2424329205    1.48e-03     4.86e-03              
    43   236.2424245895    4.17e-04     5.71e-03              
    44   236.2424210720    1.46e-04     3.36e-04              
    45   236.2424209421    3.64e-05     1.48e-04              
    46   236.2424209156    1.74e-05     1.01e-04              
    47   236.2424209145    5.60e-06     1.31e-04              
    48   236.2424209140    2.02e-06     7.12e-06              
    49   236.2424209139    2.83e-07     2.27e-06              
    50   236.2424209139    2.62e-07     6.88e-07              
  ================================================================
  L-BFGS converged in     50 iterations (  5.35 seconds)

  Initializing Davidson diagonalisation...
    > Max iterations =   1000
    > Target states  =      5
    > Convergence    =  1.000e-04
    > Basis per root =      4
    > Max basis size =     20
  Davidson diagonalisation converged in     37 iterations ( 10.42 seconds)

   --------------------------
    Converged eigenvalues:   
   --------------------------
       0        6.16090032   
       1        6.17810741   
       2        6.69659472   
       3        6.70454761   
       4        6.91603934   
   --------------------------

 ---------------------------------------------
         Total Energy =   236.24242091 Eh
              Nuclear =  5282.58266063 Eh
         One Electron = -9982.71119035 Eh
              Coulomb =  5219.46261088 Eh
        ROHF Exchange =  -283.09166024 Eh
 ---------------------------------------------
           <Sz> =  0.00
           <S2> =  0.00
  Spin Coupling = +-

 -----------------------------------------------------------------------------------------------
  Open-Shell Exchange Matrix <Ψ|Êpq Êqp|Ψ> - Np
 -----------------------------------------------------------------------------------------------
           1              2        
   1   0.00000000     1.00000000   
   2   1.00000000     0.00000000   

 -----------------------------------------------------------------------------------------------
  Open-Shell Exchange Integrals <pq|qp>
 -----------------------------------------------------------------------------------------------
           1              2        
   1   6.21774800     0.00001028   
   2   0.00001028     6.21774898   

 -----------------------------------------------------------------------------------------------
  Occupied Orbital Coefficients
 -----------------------------------------------------------------------------------------------
           1              2              3              4              5              6        
   1   0.99697453    -0.00007485    -0.00149808     0.00004022    -0.06972352     0.00000439   
   2   0.00007464     0.99851333     0.00001829     0.00069602    -0.00000717    -0.04280815   
   3   0.00116655    -0.00006665     0.99602830     0.08869047    -0.00430460     0.00024905   
   4  -0.00013561    -0.00057616    -0.08868939     0.99603581     0.00049949     0.00214325   
   5  -0.06905042    -0.00000182    -0.00422324     0.00011281    -0.99730142     0.00000267   
   6   0.00000098    -0.04210755     0.00005682     0.00211383    -0.00000267    -0.99882779   
   7  -0.00908123     0.00000033     0.00072027    -0.00001928    -0.01033439     0.00000072   
   8   0.00000041     0.00807876     0.00002163     0.00081056     0.00000074     0.01006272   
   9   0.00184890    -0.00000023     0.00101443    -0.00002703     0.00090193     0.00000002   
  10  -0.00000012    -0.00227137     0.00003036     0.00113636    -0.00000020    -0.00004400   
  11  -0.00380341     0.00000188    -0.00191903     0.00005043     0.00363840    -0.00000183   
  12   0.00000200     0.00374572    -0.00004959    -0.00189056    -0.00000195    -0.00326443   
  13   0.00120327    -0.00000204     0.00532658    -0.00013169     0.00266412    -0.00000571   
  14  -0.00000249    -0.00100884     0.00013110     0.00530451    -0.00000555    -0.00275472   
  15   0.00283070    -0.00004214    -0.00245870     0.00002955    -0.00062618     0.00000828   
  16  -0.00004199    -0.00283672    -0.00002890    -0.00244493     0.00000937     0.00056012   
  17  -0.00484046    -0.00000015    -0.00015181     0.00000406    -0.01110375    -0.00000003   
  18  -0.00000009     0.00250852    -0.00000207    -0.00007688    -0.00000005     0.00709297   
  19  -0.00062098    -0.00000002     0.00001163    -0.00000031     0.00387253     0.00000002   
  20  -0.00000051     0.01242149    -0.00000828    -0.00030795    -0.00000009     0.00722439   
  21   0.01232044     0.00000049     0.00030922    -0.00000827     0.00652674     0.00000008   
  22   0.00001157    -0.00009367    -0.00005324    -0.00035787     0.00000261    -0.00002294   
  23   0.00009516     0.00001138    -0.00035787     0.00005325     0.00002149     0.00000278   
  24   0.00000034    -0.00774406     0.00000413     0.00015375     0.00000004    -0.00263260   
  25  -0.00836657    -0.00000035    -0.00017379     0.00000465    -0.00282864    -0.00000004   
  26   0.01121889     0.00000041     0.00024272    -0.00000649     0.00571605     0.00000005   
  27  -0.00000041     0.01124740    -0.00000685    -0.00025494    -0.00000006     0.00744368   
  28  -0.00000002    -0.00010913    -0.00000056    -0.00002056    -0.00000002    -0.00015436   
  29   0.00011165    -0.00000001     0.00002663    -0.00000072     0.00009466    -0.00000002   
  30   0.00206447     0.00000007     0.00004646    -0.00000124     0.00208627     0.00000002   
  31   0.00000007     0.00032738     0.00000477     0.00017643     0.00000013    -0.00006501   
  32  -0.00038998     0.00000003    -0.00030559     0.00000821    -0.00065477    -0.00000002   
  33  -0.00000003     0.00021592    -0.00000700    -0.00026120    -0.00000003    -0.00004493   
  34  -0.00087882    -0.00000003     0.00008715    -0.00000233    -0.00153987    -0.00000001   
  35   0.00000002    -0.00060184     0.00000052     0.00001920     0.00000002    -0.00189818   
  36   0.00000093    -0.00003387    -0.00004413    -0.00081080     0.00000037    -0.00001488   
  37   0.00003372     0.00000093    -0.00081097     0.00004414     0.00001348     0.00000041   
  38  -0.00000209     0.02706209    -0.00001607    -0.00059700    -0.00000060     0.01444901   
  39   0.02761803     0.00000208     0.00060278    -0.00001613     0.01210929     0.00000068   
  40   0.00000009    -0.00244241     0.00000151     0.00005600     0.00000002    -0.00205190   
  41  -0.00189271    -0.00000006    -0.00004685     0.00000125    -0.00155699    -0.00000001   
  42  -0.00005747     0.00000001     0.00076357    -0.00002037     0.00001294     0.00000000   
  43  -0.00000000     0.00005223     0.00002039     0.00076430    -0.00000000     0.00000909   
  44  -0.00038931    -0.00000002    -0.00003919     0.00000105     0.00053565     0.00000000   
  45   0.00000000    -0.00004033    -0.00000230    -0.00008581    -0.00000000    -0.00001324   
  46   0.00005588     0.00000000    -0.00008475     0.00000227     0.00000391     0.00000000   
  47  -0.00000010     0.00004166     0.00000100     0.00003581     0.00000013    -0.00010308   
  48   0.00009171     0.00000005    -0.00003578     0.00000100    -0.00012107    -0.00000011   
  49   0.00000002     0.00004219    -0.00000067    -0.00002534    -0.00000002    -0.00007299   
  50   0.00007690    -0.00000001     0.00002439    -0.00000065    -0.00009061     0.00000002   
  51  -0.00000007     0.00202479    -0.00000121    -0.00004498    -0.00000000     0.00030315   
  52  -0.00424405    -0.00000016    -0.00008704     0.00000233    -0.00173684    -0.00000001   
  53   0.00000013    -0.00362089     0.00000202     0.00007502     0.00000002    -0.00205196   
  54   0.00058538     0.00000002     0.00001046    -0.00000028     0.00015911    -0.00000000   
  55   0.00000000    -0.00009870     0.00000020     0.00000736     0.00000000    -0.00033575   
  56  -0.00001371    -0.00000000    -0.00000460     0.00000012    -0.00000924    -0.00000001   
  57  -0.00000000     0.00005466     0.00000001     0.00000056    -0.00000000     0.00020722   
  58   0.00085672     0.00000003     0.00002195    -0.00000059     0.00048999     0.00000000   
  59   0.00000003    -0.00103301     0.00000064     0.00002381     0.00000000    -0.00032458   
  60  -0.00058997    -0.00000002    -0.00001129     0.00000030     0.00006685     0.00000000   
           7              8              9              10             11             12       
   1   0.00066166     0.00000001    -0.00675218    -0.00000050    -0.00589862     0.00000035   
   2   0.00000006     0.00016799    -0.00000068     0.00469728    -0.00000041    -0.00607899   
   3  -0.00037676    -0.00004442     0.00116642     0.00020814    -0.00412827     0.00041237   
   4   0.00004377    -0.00038236    -0.00013548     0.00179292     0.00047919     0.00355258   
   5  -0.00230512    -0.00000011     0.01365493     0.00000002     0.00372292     0.00000027   
   6  -0.00000003     0.00034709     0.00000003    -0.01008171    -0.00000001     0.00182907   
   7   0.00764500    -0.00000507    -0.91891831    -0.00006651    -0.12419120     0.00002149   
   8   0.00000296    -0.07898143     0.00006456    -0.93500364    -0.00000263     0.33133259   
   9  -0.94171847    -0.00015631    -0.09917549    -0.00001053     0.29428596    -0.00004726   
  10   0.00016694    -0.89351187     0.00000845    -0.08406025    -0.00000492    -0.43833196   
  11  -0.30725296    -0.00026400     0.23348970     0.00018026    -0.78943365     0.00038227   
  12   0.00018645    -0.42749391    -0.00012807     0.33495093     0.00040321     0.76975438   
  13   0.12088723     0.00022558    -0.00318512    -0.00014053     0.39492557    -0.00059621   
  14  -0.00025365     0.10476106     0.00000734    -0.06817861    -0.00080212    -0.29312063   
  15  -0.03783228    -0.00060889    -0.03123513    -0.00049033    -0.11777648     0.00207365   
  16   0.00056449    -0.04079851     0.00046421    -0.03289420     0.00174604     0.13962333   
  17   0.05143765     0.00000251    -0.29865749     0.00000090    -0.32373192    -0.00002309   
  18  -0.00000001     0.00014105     0.00000002     0.00057273     0.00000001    -0.00005932   
  19   0.00023149     0.00000001     0.00153541    -0.00000001    -0.00054256    -0.00000004   
  20  -0.00000003     0.00071110     0.00000019     0.01314879     0.00000009    -0.00301385   
  21   0.00043337     0.00000002    -0.01388374     0.00000016    -0.00184136    -0.00000016   
  22  -0.00002558    -0.00022527    -0.00007798    -0.00082472     0.00015755    -0.00101057   
  23  -0.00021058     0.00002736    -0.00064186     0.00010021     0.00129635     0.00012284   
  24   0.00000002    -0.00040467    -0.00000013    -0.00693033    -0.00000011     0.00294716   
  25  -0.00000288    -0.00000000     0.00747248    -0.00000009     0.00169375     0.00000012   
  26   0.00053629     0.00000003    -0.01047348     0.00000008    -0.00306031    -0.00000020   
  27  -0.00000002     0.00050653     0.00000009     0.00882012     0.00000011    -0.00347309   
  28   0.00000023     0.00210460     0.00000004    -0.00007530     0.00000002     0.00006075   
  29  -0.00208217     0.00000023    -0.00022912    -0.00000001    -0.00009817     0.00000000   
  30   0.00023891     0.00000002    -0.00161961     0.00000001    -0.00046787    -0.00000003   
  31   0.00000001     0.00005260    -0.00000006     0.00051135     0.00000004     0.00012961   
  32  -0.00008405     0.00000000     0.00038789     0.00000006    -0.00046839     0.00000001   
  33  -0.00000000     0.00000097     0.00000001     0.00099007    -0.00000004     0.00118267   
  34  -0.00010516    -0.00000001    -0.00012267     0.00000000     0.00168981     0.00000008   
  35   0.00000001    -0.00008096     0.00000000     0.00060765    -0.00000002     0.00035556   
  36  -0.00002043    -0.00075519    -0.00000927    -0.00031276    -0.00001036     0.00060176   
  37  -0.00074171     0.00002080    -0.00033582     0.00000862    -0.00037488    -0.00001661   
  38  -0.00000007     0.00102207     0.00000104     0.01856981     0.00000049    -0.00745625   
  39   0.00080424     0.00000008    -0.02118245     0.00000089    -0.00592032    -0.00000068   
  40   0.00000000    -0.00010310    -0.00000002    -0.00104150    -0.00000003     0.00067217   
  41  -0.00004082    -0.00000000     0.00095635    -0.00000000     0.00052173     0.00000003   
  42   0.00015404     0.00000003     0.00001596     0.00000000     0.00030144    -0.00000003   
  43  -0.00000003     0.00015669     0.00000000    -0.00002467    -0.00000002    -0.00032649   
  44   0.00001270     0.00000000     0.00030816    -0.00000000    -0.00014086    -0.00000001   
  45  -0.00000002     0.00031486    -0.00000000    -0.00001316    -0.00000000     0.00005760   
  46   0.00031456     0.00000001    -0.00000236    -0.00000000    -0.00003865    -0.00000000   
  47   0.00000002     0.00001614     0.00000008     0.00006123    -0.00000005     0.00009493   
  48  -0.00001735     0.00000002    -0.00007817     0.00000007     0.00004892     0.00000011   
  49   0.00000001    -0.00002526    -0.00000006     0.00029137     0.00000008     0.00036384   
  50   0.00002704     0.00000001    -0.00024310    -0.00000007     0.00043576    -0.00000007   
  51  -0.00000000     0.00005946     0.00000001     0.00124314     0.00000001    -0.00033827   
  52  -0.00008328    -0.00000001     0.00247286    -0.00000002     0.00070003     0.00000005   
  53   0.00000001    -0.00012718    -0.00000002    -0.00176657    -0.00000003     0.00072511   
  54  -0.00002787    -0.00000000    -0.00024697     0.00000000    -0.00002187    -0.00000000   
  55   0.00000000     0.00000366     0.00000000     0.00006493     0.00000000    -0.00007012   
  56  -0.00000442     0.00000000    -0.00001949     0.00000000    -0.00000465    -0.00000000   
  57   0.00000000     0.00000295     0.00000000    -0.00000743    -0.00000000     0.00001166   
  58   0.00001479     0.00000000    -0.00036878     0.00000000    -0.00006356    -0.00000001   
  59   0.00000000    -0.00003493    -0.00000000    -0.00045448    -0.00000000     0.00011082   
  60   0.00001124    -0.00000000     0.00028101    -0.00000000     0.00001119     0.00000000   
           13             14             15             16             17             18       
   1  -0.00267940    -0.00000036    -0.00119639     0.00000056    -0.00299735     0.00000024   
   2   0.00000026    -0.00218951    -0.00000009    -0.00335171    -0.00000052    -0.00214761   
   3   0.00389273    -0.00055411     0.00228137    -0.00006214     0.00047435     0.00000714   
   4  -0.00045081    -0.00478003    -0.00026505    -0.00053506    -0.00005514     0.00006144   
   5  -0.00430443    -0.00000121     0.00556387     0.00000001    -0.00042828    -0.00000007   
   6   0.00000068    -0.00283286    -0.00000008     0.00103644     0.00000003     0.00714191   
   7  -0.21349891    -0.00005238     0.29229525     0.00001143    -0.09016748     0.00000004   
   8  -0.00000202     0.07082552    -0.00002468     0.06212376     0.00001044     0.00043269   
   9   0.05715351     0.00000986    -0.11441556    -0.00000268     0.01891569     0.00000002   
  10   0.00001104    -0.04866403     0.00001647    -0.00742873    -0.00000276     0.00016566   
  11  -0.47370530     0.00007054     0.05757119     0.00000661    -0.01077945    -0.00000008   
  12   0.00017675     0.33520907    -0.00003322     0.01126950     0.00000700    -0.00013717   
  13  -0.78371950     0.00165307    -0.31090798    -0.00071895     0.34414183    -0.00000030   
  14   0.00140927     0.88610512     0.00066793    -0.33641844    -0.00074107    -0.00014558   
  15   0.22067474    -0.00453155     0.29786960    -0.01403467     0.91981213     0.00000096   
  16  -0.00320953    -0.30818374    -0.00443682    -0.93943488    -0.01374233     0.00006485   
  17   0.25253508     0.00008219    -0.84420672    -0.00001372     0.16333942     0.00000003   
  18  -0.00000006     0.00019180     0.00000003    -0.00003600    -0.00000000     0.99992943   
  19   0.00049464     0.00000018    -0.00295293    -0.00000007     0.00083416     0.00000006   
  20  -0.00000090     0.00352513     0.00000013    -0.00176940    -0.00000005     0.00066650   
  21   0.00235909     0.00000062     0.00184463     0.00000013    -0.00147776    -0.00000001   
  22  -0.00021431     0.00202650    -0.00009443    -0.00048498     0.00006149    -0.00000310   
  23  -0.00175972    -0.00024665    -0.00077771     0.00005889     0.00050638     0.00000038   
  24   0.00000024    -0.00096124    -0.00000005     0.00169746     0.00000006    -0.00599496   
  25   0.00017941     0.00000006    -0.00235042    -0.00000013     0.00183516    -0.00000004   
  26   0.00080101     0.00000024     0.00025810     0.00000013    -0.00172123    -0.00000001   
  27  -0.00000034     0.00137450     0.00000009    -0.00202196    -0.00000009    -0.00439871   
  28   0.00000000    -0.00004456     0.00000004     0.00001966    -0.00000000     0.00028803   
  29   0.00004571     0.00000001    -0.00025037     0.00000000     0.00002245     0.00000005   
  30   0.00060093     0.00000015    -0.00066500    -0.00000000     0.00005566    -0.00000001   
  31  -0.00000059     0.00158917    -0.00000012     0.00033450     0.00000001    -0.00017128   
  32   0.00135800     0.00000055     0.00099609     0.00000005     0.00007109    -0.00000002   
  33   0.00000015    -0.00061829    -0.00000001     0.00036271     0.00000003    -0.00016720   
  34   0.00024487     0.00000006     0.00077433    -0.00000003     0.00051351     0.00000000   
  35  -0.00000011     0.00043549    -0.00000000     0.00023401     0.00000002     0.00441844   
  36  -0.00002618     0.00078495     0.00000571    -0.00192872     0.00005246     0.00003733   
  37  -0.00094206    -0.00002189     0.00020640     0.00005309     0.00190642    -0.00000103   
  38  -0.00000074     0.00282849     0.00000011    -0.00425461    -0.00000003    -0.00270669   
  39   0.00096193     0.00000040     0.00211169     0.00000012    -0.00392673    -0.00000011   
  40   0.00000000    -0.00000786    -0.00000001     0.00038141     0.00000002    -0.00042887   
  41   0.00005633     0.00000001     0.00014823    -0.00000002     0.00023703    -0.00000000   
  42  -0.00003043     0.00000001    -0.00019925     0.00000008    -0.00043948    -0.00000000   
  43  -0.00000003     0.00011710     0.00000003     0.00045076     0.00000008     0.00000114   
  44  -0.00002838    -0.00000000    -0.00034526    -0.00000001     0.00008023     0.00000000   
  45   0.00000001    -0.00004564    -0.00000000    -0.00003632    -0.00000000     0.00003192   
  46   0.00001669     0.00000000     0.00007541    -0.00000000     0.00002780     0.00000000   
  47  -0.00000067     0.00052504    -0.00000024     0.00004703    -0.00000002     0.00003359   
  48   0.00050069     0.00000068     0.00023341     0.00000005     0.00001884     0.00000004   
  49   0.00000002    -0.00019401    -0.00000002     0.00022917     0.00000007     0.00002694   
  50  -0.00012649     0.00000001    -0.00002501    -0.00000007     0.00022038    -0.00000001   
  51  -0.00000007     0.00029694     0.00000001    -0.00020279    -0.00000001    -0.00058165   
  52  -0.00018147    -0.00000005    -0.00013265    -0.00000003     0.00041692    -0.00000000   
  53   0.00000007    -0.00027171    -0.00000002     0.00041473     0.00000002    -0.00131394   
  54  -0.00006421    -0.00000002     0.00024694     0.00000001    -0.00010793    -0.00000000   
  55   0.00000002    -0.00006885    -0.00000000     0.00004608    -0.00000000     0.00023342   
  56  -0.00009991    -0.00000003     0.00000642    -0.00000000     0.00014127     0.00000001   
  57   0.00000002    -0.00006369    -0.00000000     0.00014038     0.00000000    -0.00015394   
  58   0.00011111     0.00000003    -0.00004595     0.00000000    -0.00000489    -0.00000000   
  59   0.00000003    -0.00012653    -0.00000000     0.00006346     0.00000000    -0.00045727   
  60  -0.00000519     0.00000000    -0.00017319    -0.00000001     0.00006835    -0.00000000   
           19             20             21             22             23             24       
   1  -0.00027887    -0.00000084    -0.00728006    -0.00000680     0.00007395     0.00000049   
   2  -0.00000003     0.00742334    -0.00000081     0.00007315     0.00000671    -0.00422428   
   3  -0.00002064    -0.00002298    -0.00019664     0.00007768    -0.00036971     0.00000919   
   4   0.00000240    -0.00019779     0.00002282     0.00036972     0.00007768     0.00007910   
   5   0.00447978     0.00000006     0.00487215     0.00000150    -0.00001630    -0.00000001   
   6   0.00000004    -0.00503906     0.00000006    -0.00001518    -0.00000139     0.00075106   
   7   0.00131195    -0.00000074    -0.00918635    -0.00004753     0.00051762     0.00000042   
   8  -0.00000010    -0.00923777     0.00000075    -0.00055621    -0.00005107     0.00493198   
   9   0.00014281    -0.00000011    -0.00045483    -0.00005934     0.00064585    -0.00000001   
  10  -0.00000001    -0.00071737    -0.00000000    -0.00062296    -0.00005723    -0.00015778   
  11  -0.00016866     0.00000156     0.00276571     0.00003016    -0.00032722    -0.00000014   
  12   0.00000009     0.00275928    -0.00000151     0.00028579     0.00002641    -0.00021894   
  13  -0.00035410     0.00000582     0.00262931    -0.00021576     0.00229911    -0.00000259   
  14   0.00000074     0.00279586    -0.00000550    -0.00230304    -0.00021611    -0.00124255   
  15   0.00002028    -0.00000885    -0.00062579     0.00002916    -0.00027402    -0.00000547   
  16  -0.00000031    -0.00059827     0.00000936     0.00026879     0.00002879    -0.00036614   
  17  -0.00271590    -0.00000002    -0.00228509    -0.00000473     0.00005160     0.00000000   
  18  -0.00000006     0.00088514     0.00000001     0.00000287     0.00000026    -0.00690902   
  19   0.99874212    -0.00000020    -0.03844196    -0.00001402     0.00015268     0.00000015   
  20  -0.00000036    -0.98610029    -0.00000311    -0.00100325    -0.00009185     0.06192384   
  21   0.04282863    -0.00000313     0.98607457     0.00009279    -0.00100947    -0.00000007   
  22   0.00001702    -0.00120445    -0.00014656     0.99955557    -0.02941214    -0.00075095   
  23   0.00013999     0.00014612    -0.00120462    -0.02941213    -0.99955564     0.00009118   
  24   0.00000018    -0.08666513    -0.00000051    -0.00100357    -0.00009197    -0.98051235   
  25  -0.01677444    -0.00000038     0.08320437     0.00007582    -0.00082566    -0.00000137   
  26   0.01032762    -0.00000007    -0.08845773    -0.00007148     0.00077824     0.00000108   
  27  -0.00000002     0.08853276    -0.00000009     0.00068511     0.00006277    -0.16699050   
  28   0.00000001    -0.00060303     0.00000014     0.00030118     0.00002758     0.00048389   
  29   0.00003186    -0.00000010    -0.00068080    -0.00002836     0.00030965     0.00000008   
  30  -0.00372029     0.00000000    -0.01124517    -0.00002170     0.00023615     0.00000008   
  31  -0.00000019    -0.00170799    -0.00000079     0.00192088     0.00017582    -0.00053950   
  32   0.00097075    -0.00000024     0.00414505    -0.00026749     0.00291866    -0.00000009   
  33   0.00000004    -0.00113659     0.00000015    -0.00246804    -0.00022644    -0.00030384   
  34   0.00222237     0.00000000     0.00958729     0.00010129    -0.00110346    -0.00000004   
  35  -0.00000002    -0.00597837    -0.00000001    -0.00009537    -0.00000874     0.00692943   
  36  -0.00000053    -0.00014770    -0.00000409     0.00185129     0.00011847     0.00013442   
  37  -0.00001925     0.00000406    -0.00014794     0.00011849    -0.00185152    -0.00000369   
  38  -0.00000064     0.10827012     0.00000405     0.00064374     0.00005895    -0.08114965   
  39   0.01490738     0.00000423    -0.10378673    -0.00005909     0.00064359    -0.00000280   
  40   0.00000000    -0.01053633    -0.00000001    -0.00006326    -0.00000580     0.00815638   
  41  -0.00209445     0.00000002     0.00735892     0.00000462    -0.00005036    -0.00000003   
  42   0.00002473     0.00000003     0.00013096    -0.00004997     0.00054395    -0.00000002   
  43   0.00000000     0.00012448    -0.00000001    -0.00054467    -0.00005004    -0.00007565   
  44   0.00114726     0.00000000     0.00106800     0.00000284    -0.00003096     0.00000000   
  45   0.00000000    -0.00009514     0.00000000     0.00015158     0.00001390     0.00002298   
  46  -0.00005186     0.00000000    -0.00014291     0.00001393    -0.00015184     0.00000000   
  47   0.00000010    -0.00048248    -0.00000030     0.00030052     0.00002722     0.00024560   
  48  -0.00008859    -0.00000052     0.00028520    -0.00002876     0.00031695     0.00000027   
  49  -0.00000001    -0.00029932     0.00000005    -0.00038882    -0.00003576     0.00014151   
  50  -0.00004681     0.00000007     0.00019964     0.00003456    -0.00037573    -0.00000004   
  51  -0.00000000     0.00649018     0.00000000     0.00003922     0.00000359    -0.00352963   
  52  -0.00357130     0.00000001     0.01325274     0.00000666    -0.00007250    -0.00000005   
  53   0.00000001    -0.01218709     0.00000002    -0.00006327    -0.00000580     0.00811157   
  54   0.00109488    -0.00000001    -0.00179633    -0.00000069     0.00000747     0.00000000   
  55   0.00000000     0.00012700    -0.00000001    -0.00030990    -0.00002840     0.00059072   
  56  -0.00001679     0.00000000     0.00003294     0.00005296    -0.00057759     0.00000002   
  57   0.00000000    -0.00010654    -0.00000000    -0.00048736    -0.00004470    -0.00035483   
  58   0.00077015    -0.00000001    -0.00178512    -0.00000018     0.00000197     0.00000002   
  59  -0.00000000    -0.00284516     0.00000001    -0.00001006    -0.00000092     0.00175806   
  60  -0.00044581     0.00000001     0.00178023     0.00000074    -0.00000808    -0.00000001   
           25             26             27             28             29             30       
   1  -0.00397020    -0.00815545     0.00000087    -0.00000000    -0.00009789     0.00204056   
   2  -0.00000046    -0.00000090    -0.00790441     0.00011801    -0.00000001     0.00000023   
   3  -0.00008285    -0.00017463     0.00002084     0.00000493    -0.00004847     0.00005594   
   4   0.00000962     0.00002027     0.00017935     0.00004246     0.00000563    -0.00000649   
   5   0.00103583     0.00483964    -0.00000006    -0.00000001     0.00010664    -0.00286616   
   6   0.00000001     0.00000005     0.00587777    -0.00019706    -0.00000001    -0.00000003   
   7  -0.00445169    -0.00848791     0.00000060     0.00000001    -0.00011807     0.00126618   
   8   0.00000038     0.00000067     0.00763379     0.00005983     0.00000001    -0.00000010   
   9  -0.00009886     0.00019568    -0.00000000     0.00000033    -0.00197539    -0.00028690   
  10   0.00000000    -0.00000005    -0.00010584     0.00189747     0.00000034     0.00000003   
  11   0.00015528     0.00071257    -0.00000038     0.00000053    -0.00061349     0.00026378   
  12  -0.00000007    -0.00000037    -0.00062314     0.00085772     0.00000037    -0.00000016   
  13   0.00105774     0.00208439    -0.00000407    -0.00000034     0.00023335    -0.00023687   
  14  -0.00000222    -0.00000436    -0.00195813    -0.00015589    -0.00000049     0.00000050   
  15   0.00027761     0.00041925    -0.00000651     0.00000065    -0.00000418    -0.00032946   
  16  -0.00000411    -0.00000620    -0.00043500     0.00004373     0.00000006     0.00000490   
  17   0.00083082    -0.00270243     0.00000001     0.00000001    -0.00022217     0.00177924   
  18  -0.00000003     0.00000000     0.00253777    -0.00034302    -0.00000002    -0.00000001   
  19  -0.01502366    -0.01463716     0.00000003    -0.00000001    -0.00009363    -0.00299273   
  20   0.00000002    -0.00000040     0.07930594    -0.00102327    -0.00000005     0.00000007   
  21   0.05201029     0.08233403     0.00000038    -0.00000010     0.00091015    -0.01954890   
  22   0.00006223     0.00008534    -0.00060730    -0.00028468     0.00003575    -0.00001307   
  23   0.00051183     0.00070192     0.00007372     0.00003457     0.00029438    -0.00010748   
  24   0.00000122     0.00000133    -0.14446748     0.00131328     0.00000007    -0.00000018   
  25  -0.96846941    -0.20648881    -0.00000106     0.00000017    -0.00152664     0.03256938   
  26  -0.23004959     0.95452667     0.00000068    -0.00000039     0.00362507    -0.07865949   
  27  -0.00000081    -0.00000072     0.96802035    -0.00622369    -0.00000027    -0.00000010   
  28   0.00000018     0.00000087     0.00619784     0.99956852    -0.00011373    -0.00000092   
  29  -0.00087630    -0.00422327     0.00000098     0.00011374     0.99957973     0.00101709   
  30  -0.01541314    -0.07754085    -0.00000008    -0.00000004    -0.00557602    -0.85369124   
  31  -0.00000079    -0.00000411    -0.00460853    -0.00554349     0.00000268    -0.00004372   
  32   0.00394698     0.02068291    -0.00000063     0.00000032    -0.01870904     0.21814570   
  33   0.00000017     0.00000085    -0.00338270     0.01558694     0.00000065     0.00000807   
  34   0.00940582     0.04696817     0.00000006     0.00000058    -0.00266732     0.46185126   
  35   0.00000002    -0.00000015     0.06228707     0.01046641     0.00000039     0.00000092   
  36  -0.00000433    -0.00001401     0.00074199     0.02044371    -0.00056366    -0.00002464   
  37  -0.00015671    -0.00050646    -0.00002039    -0.00056306    -0.02046177    -0.00089242   
  38   0.00000270     0.00000702    -0.17681605     0.00299980     0.00000024    -0.00000196   
  39  -0.07567441    -0.17342076    -0.00000724     0.00000039    -0.00249248     0.05127246   
  40   0.00000002    -0.00000002     0.01330541    -0.00025284    -0.00000002     0.00000000   
  41   0.00590509     0.00947595    -0.00000001    -0.00000003     0.00019588    -0.00295876   
  42   0.00006710     0.00015133    -0.00000003    -0.00000014     0.00085392     0.00009118   
  43  -0.00000001    -0.00000001    -0.00013465    -0.00084746    -0.00000014    -0.00000001   
  44   0.00022124     0.00158076    -0.00000002     0.00000001     0.00011954     0.00144990   
  45  -0.00000000     0.00000000     0.00012509    -0.00229039    -0.00000008    -0.00000000   
  46  -0.00004255    -0.00020235     0.00000001    -0.00000010     0.00228936     0.00002477   
  47  -0.00000015    -0.00000016     0.00030831     0.00005381    -0.00000002    -0.00000039   
  48   0.00014537     0.00015549     0.00000034     0.00000006     0.00001738     0.00036198   
  49   0.00000002     0.00000001     0.00015492     0.00001766    -0.00000000     0.00000008   
  50   0.00010216     0.00007504    -0.00000004    -0.00000000    -0.00001108     0.00034585   
  51  -0.00000000     0.00000002    -0.00810119    -0.00004790    -0.00000001     0.00000000   
  52   0.00819744     0.01527171     0.00000002    -0.00000003     0.00015599    -0.00369183   
  53   0.00000003     0.00000001     0.01205705    -0.00026018    -0.00000001    -0.00000001   
  54  -0.00071499    -0.00129422     0.00000000     0.00000001    -0.00007447     0.00207227   
  55   0.00000000    -0.00000000    -0.00026499     0.00017346    -0.00000001     0.00000001   
  56   0.00002917     0.00002569    -0.00000001     0.00000001     0.00017369     0.00003816   
  57  -0.00000000     0.00000000     0.00017942     0.00009809    -0.00000000    -0.00000001   
  58  -0.00151100    -0.00187076     0.00000001    -0.00000000     0.00003269    -0.00066329   
  59   0.00000001     0.00000001     0.00249096    -0.00002935     0.00000000     0.00000000   
  60   0.00077241     0.00178461    -0.00000001    -0.00000000     0.00002227    -0.00052371   
           31             32             33             34             35             36       
   1  -0.00000010    -0.00019138    -0.00000004     0.00013073     0.00000007    -0.00002865   
   2   0.00058910    -0.00000014     0.00035679    -0.00000002    -0.00058468     0.00000313   
   3   0.00001084     0.00018558    -0.00003088     0.00021187    -0.00000368     0.00081768   
   4   0.00009307    -0.00002155    -0.00026611    -0.00002459    -0.00003164    -0.00000464   
   5  -0.00000003    -0.00024433     0.00000002     0.00026709    -0.00000003     0.00001098   
   6  -0.00060314     0.00000014    -0.00065576     0.00000007     0.00198781    -0.00000143   
   7  -0.00000006    -0.00021804    -0.00000001     0.00054203    -0.00000003    -0.00042523   
   8  -0.00037451     0.00000010    -0.00040805    -0.00000002    -0.00034032    -0.00005229   
   9  -0.00000005    -0.00007529    -0.00000003     0.00047780    -0.00000006    -0.00060673   
  10  -0.00029038     0.00000006    -0.00039260    -0.00000002    -0.00037418    -0.00004831   
  11   0.00000054     0.00074915     0.00000023    -0.00119587     0.00000062    -0.00090595   
  12   0.00076289    -0.00000056     0.00050983     0.00000064     0.00111436    -0.00010443   
  13   0.00000213     0.00132546    -0.00000276     0.00099248    -0.00000021    -0.00103628   
  14   0.00091014    -0.00000285    -0.00138552    -0.00000199    -0.00009551    -0.00011418   
  15  -0.00000967    -0.00080601     0.00000420     0.00016769    -0.00000722    -0.00169495   
  16  -0.00064161     0.00001210     0.00028436    -0.00000251    -0.00048534    -0.00016223   
  17   0.00000003     0.00019342    -0.00000001    -0.00018015     0.00000001    -0.00008494   
  18  -0.00153508     0.00000035    -0.00147074     0.00000014     0.00396846    -0.00000406   
  19   0.00000001     0.00003166     0.00000001     0.00003477    -0.00000001     0.00000942   
  20  -0.00146308     0.00000043    -0.00267454     0.00000025     0.00971078    -0.00001771   
  21  -0.00000038    -0.00245649     0.00000005     0.00237583    -0.00000000     0.00016066   
  22   0.00134014     0.00026519    -0.00280544     0.00028000    -0.00064250    -0.00040543   
  23  -0.00016241     0.00218355     0.00034109     0.00230332     0.00007802    -0.00172501   
  24   0.00559051    -0.00000123     0.00478058    -0.00000045    -0.01244483     0.00002064   
  25   0.00000009     0.00063942    -0.00000005    -0.00127075    -0.00000002    -0.00022393   
  26  -0.00000022    -0.00199151     0.00000017     0.00289761    -0.00000015     0.00041308   
  27  -0.02169048     0.00000480    -0.01908272     0.00000180     0.04965244    -0.00006474   
  28  -0.00507419    -0.00000287     0.01197250    -0.00000104     0.01432613    -0.00229467   
  29   0.00000272     0.01865514     0.00000293     0.00492655     0.00000211     0.02072102   
  30   0.00007410     0.40821115    -0.00000650    -0.31204201     0.00000028    -0.00140797   
  31  -0.93257562     0.00002561     0.29543967    -0.00007350    -0.20686564    -0.00139236   
  32   0.00001638     0.83973736     0.00010925     0.49584470    -0.00003710     0.02265013   
  33  -0.20531961     0.00007588    -0.90577218     0.00004670    -0.36968911     0.00241577   
  34   0.00004385     0.35723152    -0.00002036    -0.81010551     0.00000674    -0.01127673   
  35   0.29576668    -0.00006824     0.30190144    -0.00002866    -0.90397922     0.00018254   
  36  -0.00790161    -0.00041040     0.02341116    -0.00058148     0.00736694     0.13702782   
  37   0.00021524    -0.01488982    -0.00064779    -0.02103643    -0.00020313     0.99000969   
  38   0.00803643    -0.00000180     0.00679405    -0.00000057    -0.01879292     0.00005546   
  39   0.00000044     0.00111280     0.00000015    -0.00221042    -0.00000071    -0.00051433   
  40  -0.00132140     0.00000026    -0.00064987     0.00000006     0.00065892    -0.00000112   
  41   0.00000010     0.00061579     0.00000000    -0.00047851    -0.00000001     0.00001915   
  42  -0.00000000    -0.00002951    -0.00000000    -0.00000494    -0.00000000     0.00202785   
  43   0.00000561     0.00000000     0.00002847     0.00000000    -0.00000927     0.00022350   
  44  -0.00000010    -0.00057594    -0.00000000     0.00048587     0.00000002    -0.00003567   
  45   0.00011813    -0.00000002     0.00005672    -0.00000001    -0.00015953     0.00007060   
  46   0.00000002     0.00005484     0.00000000    -0.00001817    -0.00000001     0.00064104   
  47   0.00005515    -0.00000024     0.00025563    -0.00000000    -0.00046408     0.00006490   
  48   0.00000010     0.00020719     0.00000029    -0.00001651    -0.00000051    -0.00060727   
  49   0.00013252    -0.00000002    -0.00002593    -0.00000005    -0.00043996    -0.00007676   
  50  -0.00000003     0.00000869    -0.00000001    -0.00021545     0.00000011     0.00067482   
  51  -0.00130821     0.00000027    -0.00077264     0.00000007     0.00099079     0.00000340   
  52  -0.00000004    -0.00030153     0.00000002     0.00035936    -0.00000001     0.00004030   
  53  -0.00095228     0.00000021    -0.00084782     0.00000009     0.00230232    -0.00000348   
  54  -0.00000002    -0.00006630    -0.00000001     0.00002431     0.00000001     0.00000167   
  55   0.00065063    -0.00000013     0.00045173    -0.00000004    -0.00106268    -0.00012434   
  56   0.00000002    -0.00003007     0.00000001    -0.00007242    -0.00000003     0.00209762   
  57  -0.00039615     0.00000009    -0.00036484     0.00000004     0.00061937    -0.00019549   
  58   0.00000003     0.00016083     0.00000000    -0.00014827    -0.00000000     0.00001625   
  59   0.00015244    -0.00000003     0.00007670    -0.00000001     0.00001494     0.00000015   
  60  -0.00000000    -0.00003181     0.00000000     0.00004472    -0.00000000     0.00000311   
           37             38             39       
   1  -0.00000316     0.02163429    -0.02162962   
   2  -0.00002835    -0.02142015    -0.02142486   
   3  -0.00000460     0.00052660    -0.00041710   
   4  -0.00081752     0.00041644     0.00052597   
   5   0.00000121    -0.01161331     0.01161307   
   6   0.00001293     0.01288885     0.01288904   
   7  -0.00004690     0.01705535    -0.01705284   
   8   0.00047388     0.01628299     0.01628565   
   9  -0.00006693    -0.00042234     0.00042227   
  10   0.00043839    -0.00042339    -0.00042361   
  11  -0.00009948    -0.00092715     0.00092589   
  12   0.00095050    -0.00102091    -0.00102183   
  13  -0.00011220    -0.00408338     0.00406631   
  14   0.00105407    -0.00410127    -0.00411830   
  15  -0.00016157    -0.00104858     0.00101774   
  16   0.00170023    -0.00101551    -0.00104610   
  17  -0.00000938     0.00477034    -0.00477031   
  18   0.00003678     0.00150736     0.00150737   
  19   0.00000104     0.01668831    -0.01668827   
  20   0.00016027     0.09173349     0.09173235   
  21   0.00001773    -0.08775910     0.08776023   
  22   0.00172473    -0.00055464    -0.00043445   
  23  -0.00040544    -0.00043418     0.00055423   
  24  -0.00018678    -0.06970295    -0.06970165   
  25  -0.00002471     0.07371446    -0.07371559   
  26   0.00004557    -0.10281300     0.10281354   
  27   0.00058582     0.10751785     0.10751745   
  28   0.02075451    -0.00112305    -0.00112352   
  29   0.00229087    -0.00112435     0.00112400   
  30  -0.00015566    -0.01927511     0.01927524   
  31   0.01258342     0.00068426     0.00068620   
  32   0.00250251     0.00484739    -0.00484724   
  33  -0.02188316     0.00021740     0.00021698   
  34  -0.00124468     0.01152148    -0.01152157   
  35  -0.00165461    -0.00658063    -0.00658063   
  36  -0.99001005    -0.00027134    -0.00025663   
  37   0.13702778    -0.00025888     0.00027341   
  38  -0.00050187     0.66918603     0.66912943   
  39  -0.00005678    -0.67068124     0.67073775   
  40   0.00001004    -0.07805635    -0.07805578   
  41   0.00000212     0.06014687    -0.06014696   
  42   0.00022362     0.00109703    -0.00109659   
  43  -0.00202672     0.00110333     0.00110344   
  44  -0.00000393     0.00647351    -0.00647351   
  45  -0.00063945    -0.00078824    -0.00078823   
  46   0.00007077    -0.00111778     0.00111778   
  47  -0.00058178    -0.00149166    -0.00149144   
  48  -0.00006767     0.00010664    -0.00010990   
  49   0.00069675    -0.00059312    -0.00059301   
  50   0.00007434    -0.00024053     0.00024082   
  51  -0.00003081     0.05662720     0.05662689   
  52   0.00000445     0.13239627    -0.13239682   
  53   0.00003137    -0.11888998    -0.11888965   
  54   0.00000018    -0.02698384     0.02698374   
  55   0.00112528    -0.00030280    -0.00030263   
  56   0.00023169     0.00087322    -0.00087318   
  57   0.00177021    -0.00051299    -0.00051286   
  58   0.00000179    -0.03861955     0.03861928   
  59  -0.00000133    -0.05475669    -0.05475708   
  60   0.00000034     0.03588983    -0.03588960   

 -----------------------------------------------------------------------------------------------
  Virtual Orbital Coefficients
 -----------------------------------------------------------------------------------------------
           40             41             42             43             44             45       
   1  -0.00000009     0.00073699     0.00000797    -0.00000000    -0.00000780     0.00000000   
   2   0.00085070     0.00000008    -0.00000001    -0.00000772    -0.00000000    -0.00001117   
   3  -0.00000210     0.00001213    -0.00076173    -0.00008789    -0.00005957    -0.00000677   
   4  -0.00001803    -0.00000141     0.00008787    -0.00076193     0.00000692    -0.00005823   
   5  -0.00000000     0.00038472     0.00001593    -0.00000001    -0.00012122    -0.00000001   
   6   0.00025277     0.00000000    -0.00000001    -0.00001547    -0.00000000    -0.00000478   
   7  -0.00000010     0.00107543     0.00002157    -0.00000001    -0.00002133    -0.00000000   
   8  -0.00122265    -0.00000008     0.00000002     0.00002830     0.00000001    -0.00001737   
   9  -0.00000001     0.00002634     0.00003680    -0.00000003    -0.00032305    -0.00000007   
  10  -0.00003954     0.00000000    -0.00000001    -0.00000370     0.00000007    -0.00030347   
  11   0.00000019    -0.00029594     0.00028157    -0.00000006    -0.00005103    -0.00000008   
  12   0.00034257     0.00000016     0.00000006     0.00028362     0.00000004    -0.00012936   
  13   0.00000071    -0.00028664    -0.00005872    -0.00000007     0.00002190     0.00000001   
  14   0.00033915     0.00000060     0.00000008    -0.00005490    -0.00000005     0.00000539   
  15  -0.00000080     0.00005706     0.00052023     0.00000735     0.00001501     0.00000043   
  16  -0.00005420    -0.00000085    -0.00000735     0.00052034    -0.00000022     0.00002877   
  17   0.00000000     0.00003982     0.00000462    -0.00000000     0.00002850     0.00000000   
  18  -0.00081444    -0.00000000    -0.00000000    -0.00000609    -0.00000000     0.00002961   
  19  -0.00000000    -0.00066962    -0.00001248     0.00000001     0.00017831     0.00000002   
  20  -0.00291196     0.00000002    -0.00000005    -0.00006425     0.00000000    -0.00003591   
  21  -0.00000001    -0.00273683     0.00005964    -0.00000004    -0.00004752    -0.00000000   
  22   0.00001657    -0.00000125     0.00006856     0.00056113     0.00001709     0.00014254   
  23  -0.00000201    -0.00001024     0.00056079    -0.00006861     0.00014082    -0.00001730   
  24   0.00233552    -0.00000003     0.00000006     0.00006869    -0.00000001     0.00007121   
  25   0.00000002     0.00220398    -0.00007073     0.00000005     0.00012083     0.00000001   
  26   0.00000001    -0.00591283     0.00012453    -0.00000008    -0.00012962    -0.00000001   
  27  -0.00709244     0.00000000    -0.00000010    -0.00013006     0.00000001    -0.00003695   
  28   0.00001973    -0.00000001     0.00000074     0.00081129    -0.00000015    -0.00233101   
  29  -0.00000000     0.00002644    -0.00081205     0.00000074     0.00230734    -0.00000013   
  30  -0.00000001    -0.00033742     0.00008982    -0.00000006    -0.00039300    -0.00000003   
  31   0.00075999    -0.00000008     0.00000002     0.00001572    -0.00000001    -0.00005834   
  32   0.00000011     0.00049069    -0.00003533     0.00000002     0.00004050    -0.00000001   
  33   0.00055275     0.00000002    -0.00000001    -0.00001123     0.00000001    -0.00004383   
  34   0.00000000     0.00126606    -0.00003457     0.00000003     0.00008233     0.00000001   
  35   0.00077226     0.00000000     0.00000001     0.00000880    -0.00000001     0.00017552   
  36   0.00004323    -0.00000046    -0.00005592    -0.00197041     0.00001841     0.00068271   
  37  -0.00000120    -0.00001647    -0.00197283     0.00005585     0.00066955    -0.00001877   
  38  -0.11764236     0.00000381    -0.00000125    -0.00143187     0.00000017    -0.00062691   
  39  -0.00000456    -0.09151562     0.00143404    -0.00000104    -0.00240999    -0.00000025   
  40  -0.99234508     0.00000018     0.00000032     0.00040017    -0.00000042     0.00437888   
  41  -0.00000020    -0.99339685     0.00017956    -0.00000012    -0.00018181    -0.00000001   
  42   0.00000001     0.00201898     0.99885348    -0.00063178    -0.03830995    -0.00000794   
  43   0.00001504    -0.00000012     0.00063215     0.99933343     0.00000765    -0.03440062   
  44   0.00000005     0.06305390    -0.03308833     0.00002336    -0.19656544    -0.00001799   
  45  -0.00425959    -0.00000001    -0.00002604    -0.03420042     0.00009158    -0.99909788   
  46   0.00000001    -0.01210792    -0.03226357     0.00002448    -0.97948915    -0.00008977   
  47  -0.00296447     0.00000765    -0.00001010    -0.00511714    -0.00001054    -0.00397301   
  48  -0.00000320    -0.00713404     0.00581105    -0.00000992     0.01011097    -0.00000322   
  49  -0.00237279    -0.00000122     0.00000407     0.00782891    -0.00000589     0.02397936   
  50   0.00000058    -0.00534421    -0.00738152     0.00000390    -0.01588258    -0.00000712   
  51  -0.02133012    -0.00000013    -0.00000231    -0.00280022     0.00000004    -0.00151058   
  52   0.00000000    -0.01971723     0.00045946    -0.00000032    -0.01113356    -0.00000104   
  53  -0.02877909    -0.00000007    -0.00000029    -0.00037545     0.00000012    -0.00100641   
  54  -0.00000002     0.01078498    -0.00000406     0.00000000    -0.00174395    -0.00000016   
  55   0.00105608     0.00000003     0.00000355     0.00417097    -0.00000001    -0.00025550   
  56   0.00000004    -0.00013136    -0.00768973     0.00000619     0.00052423     0.00000003   
  57  -0.00076604     0.00000000     0.00000507     0.00645961     0.00000003    -0.00046745   
  58  -0.00000003     0.00496148    -0.00001787     0.00000001    -0.00086067    -0.00000008   
  59  -0.00501371    -0.00000003    -0.00000002    -0.00002235     0.00000000     0.00006301   
  60   0.00000000    -0.00044773     0.00004044    -0.00000003    -0.00094117    -0.00000009   
           46             47             48             49             50             51       
   1   0.00006229    -0.00007784     0.00003863    -0.00000004     0.00004982    -0.00000006   
   2  -0.00007944    -0.00006357     0.00000003     0.00003934     0.00000000     0.00054964   
   3  -0.00002187     0.00002170     0.00003705    -0.00000439     0.00000770    -0.00000155   
   4  -0.00002145    -0.00002171    -0.00000433    -0.00003753    -0.00000089    -0.00001330   
   5   0.00006395    -0.00007992     0.00006611    -0.00000006    -0.00072301     0.00000001   
   6  -0.00007833    -0.00006268     0.00000004     0.00005471    -0.00000001    -0.00109655   
   7   0.00002785    -0.00003480     0.00013958    -0.00000012     0.00014191    -0.00000006   
   8   0.00003334     0.00002668    -0.00000013    -0.00014726    -0.00000001    -0.00080166   
   9   0.00004224    -0.00005277     0.00011867    -0.00000011     0.00000246     0.00000001   
  10   0.00009017     0.00007216    -0.00000012    -0.00014163    -0.00000000     0.00008430   
  11  -0.00021214     0.00026486    -0.00028049     0.00000037     0.00015581    -0.00000005   
  12  -0.00025237    -0.00020217     0.00000036     0.00027113    -0.00000009    -0.00009929   
  13  -0.00021275     0.00026472     0.00045395    -0.00000129    -0.00000226     0.00000035   
  14  -0.00026984    -0.00021680    -0.00000131    -0.00044965     0.00000000     0.00016759   
  15   0.00013856    -0.00016804     0.00006934    -0.00000108    -0.00008708     0.00000188   
  16   0.00016623     0.00013716    -0.00000108    -0.00006833     0.00000130     0.00012647   
  17  -0.00003490     0.00004362    -0.00003126     0.00000003     0.00035703    -0.00000000   
  18  -0.00001454    -0.00001164     0.00000001     0.00001363     0.00000000     0.00005643   
  19  -0.00003748     0.00004684    -0.00004664     0.00000004     0.00124611    -0.00000000   
  20  -0.00028893    -0.00023119     0.00000015     0.00020207     0.00000001    -0.00476667   
  21   0.00022451    -0.00028060     0.00020872    -0.00000017    -0.00122694    -0.00000003   
  22  -0.00018791    -0.00011638     0.00005194    -0.00042894    -0.00000228     0.00003047   
  23  -0.00011553     0.00018705     0.00043037     0.00005177    -0.00001874    -0.00000370   
  24   0.00011818     0.00009456    -0.00000007    -0.00009254    -0.00000002     0.00535323   
  25  -0.00009732     0.00012164    -0.00012772     0.00000010     0.00190454     0.00000004   
  26   0.00006998    -0.00008746     0.00010791    -0.00000009    -0.00244259    -0.00000001   
  27  -0.00002677    -0.00002142     0.00000005     0.00005952    -0.00000001    -0.00869399   
  28  -0.00002891    -0.00002313    -0.00000002    -0.00003380     0.00000007     0.00024117   
  29   0.00000359    -0.00000449    -0.00003170     0.00000002    -0.00037481     0.00000005   
  30  -0.00022127     0.00027655    -0.00013905     0.00000011    -0.00246662     0.00000000   
  31  -0.00009822    -0.00007854    -0.00000003    -0.00004476    -0.00000007    -0.00087984   
  32   0.00014454    -0.00018068    -0.00006966     0.00000004     0.00029511    -0.00000012   
  33   0.00001101     0.00000880     0.00000013     0.00016038     0.00000002    -0.00062888   
  34   0.00021529    -0.00026908     0.00024671    -0.00000020     0.00061150    -0.00000001   
  35  -0.00042642    -0.00034121     0.00000023     0.00029856    -0.00000002     0.00281450   
  36  -0.00036134    -0.00027326     0.00002182    -0.00080741    -0.00000267     0.00001402   
  37  -0.00027046     0.00035798     0.00081459     0.00002163    -0.00009675    -0.00000039   
  38  -0.00025920    -0.00020735     0.00000056     0.00076858     0.00000165    -0.10931150   
  39   0.00024248    -0.00030306     0.00122335    -0.00000095    -0.03823922    -0.00000437   
  40  -0.00312226    -0.00249826     0.00000157     0.00208554    -0.00000005    -0.00326799   
  41   0.00347201    -0.00433939     0.00360531    -0.00000295    -0.05836603    -0.00000017   
  42   0.00166010    -0.00207389    -0.00776936     0.00000696    -0.02577872     0.00000046   
  43   0.00283896     0.00227192     0.00000735     0.00778953     0.00000157     0.00248473   
  44  -0.02539744     0.03174194     0.00657616    -0.00000469    -0.96869902    -0.00000056   
  45   0.00036714     0.00029424    -0.00001938    -0.02454813     0.00000004    -0.00168328   
  46   0.00108732    -0.00135943     0.01710655    -0.00001363     0.19726244    -0.00000000   
  47   0.76690632     0.61228332    -0.00008434     0.19037171    -0.00004144    -0.02513977   
  48  -0.60648808     0.75967110     0.23094472     0.00003234     0.03882833    -0.00002719   
  49   0.14832036     0.11875861    -0.00100292    -0.98128237     0.00000131    -0.01792709   
  50  -0.14435732     0.18036696    -0.97275023     0.00100323     0.00573117     0.00000431   
  51   0.02246089     0.01797202    -0.00000984    -0.01310465    -0.00000050     0.98062868   
  52   0.00121308    -0.00151612     0.00268362    -0.00000216    -0.12438491    -0.00000003   
  53   0.00092976     0.00074397    -0.00000035    -0.00047803     0.00000025    -0.15899494   
  54   0.00060953    -0.00076181     0.00065955    -0.00000054    -0.00995693    -0.00000006   
  55  -0.00086226    -0.00068991     0.00000011     0.00011586    -0.00000001     0.00300646   
  56   0.00017781    -0.00022227    -0.00069216     0.00000053    -0.00005833     0.00000011   
  57   0.00029269     0.00023423    -0.00000069    -0.00090345     0.00000001    -0.00193871   
  58  -0.00068593     0.00085729    -0.00052572     0.00000044    -0.00442185    -0.00000001   
  59  -0.00052239    -0.00041799     0.00000030     0.00039653     0.00000002    -0.00384657   
  60   0.00008711    -0.00010887     0.00018435    -0.00000015    -0.00505243     0.00000003   
           52             53             54             55             56             57       
   1  -0.00140129    -0.00000014    -0.00053295     0.00000000     0.00002144    -0.00000001   
   2  -0.00000015     0.00128967    -0.00000006     0.00001146     0.00000000     0.00007587   
   3  -0.00003534    -0.00000381    -0.00001364     0.00000019     0.00000360    -0.00000065   
   4   0.00000410    -0.00003279     0.00000158     0.00000163    -0.00000042    -0.00000555   
   5   0.00084226     0.00000000     0.00043190    -0.00000000    -0.00000921     0.00000000   
   6   0.00000001    -0.00058433     0.00000000    -0.00012872     0.00000000    -0.00035895   
   7  -0.00194121    -0.00000013    -0.00050727     0.00000001     0.00005336     0.00000000   
   8   0.00000015    -0.00168506     0.00000004     0.00008437    -0.00000001     0.00008302   
   9   0.00007457     0.00000001     0.00003396    -0.00000000    -0.00000224    -0.00000000   
  10  -0.00000002     0.00006055    -0.00000001    -0.00001963     0.00000000    -0.00001928   
  11   0.00008130     0.00000008     0.00005104     0.00000003     0.00004121     0.00000001   
  12  -0.00000004     0.00013831    -0.00000003     0.00004832    -0.00000003     0.00002172   
  13   0.00044336     0.00000087     0.00012310     0.00000022     0.00011278    -0.00000011   
  14  -0.00000093     0.00041634    -0.00000026     0.00010169    -0.00000025    -0.00005290   
  15   0.00013232     0.00000147     0.00002622     0.00000127     0.00010225    -0.00000100   
  16  -0.00000196     0.00009822    -0.00000039     0.00008478    -0.00000153    -0.00006691   
  17  -0.00039527     0.00000000    -0.00042521     0.00000000     0.00000740    -0.00000000   
  18   0.00000001    -0.00177357    -0.00000000    -0.00008427     0.00000000    -0.00023568   
  19   0.00013451     0.00000000     0.00023570    -0.00000000     0.00000903    -0.00000000   
  20  -0.00000004    -0.00795114    -0.00000003     0.00016641    -0.00000000     0.00022477   
  21   0.00894690    -0.00000003     0.00259961    -0.00000002    -0.00010205     0.00000001   
  22   0.00000745     0.00005260     0.00000224     0.00052934     0.00006881    -0.00020316   
  23   0.00006123    -0.00000638     0.00001845    -0.00006426     0.00056680     0.00002467   
  24   0.00000006     0.00738925     0.00000003     0.00013281    -0.00000001     0.00050962   
  25  -0.00975209     0.00000004    -0.00290272     0.00000002     0.00008654    -0.00000000   
  26   0.01590189     0.00000001     0.00402500    -0.00000002    -0.00014458     0.00000001   
  27   0.00000001    -0.01533008    -0.00000002     0.00034856    -0.00000000     0.00060235   
  28  -0.00000004     0.00008963     0.00000000    -0.00024037    -0.00000001     0.00000681   
  29   0.00021927     0.00000002    -0.00001350    -0.00000001     0.00022244    -0.00000001   
  30   0.00346090    -0.00000001    -0.00075396    -0.00000001    -0.00005444     0.00000000   
  31   0.00000016     0.00007541    -0.00000003     0.00010244    -0.00000000     0.00026977   
  32  -0.00078648     0.00000001     0.00014418     0.00000001    -0.00000219     0.00000004   
  33  -0.00000003     0.00011049     0.00000001     0.00005100     0.00000000     0.00022084   
  34  -0.00183572     0.00000000     0.00028408     0.00000001     0.00005946    -0.00000001   
  35  -0.00000001    -0.00065025    -0.00000001    -0.00057223     0.00000001    -0.00140118   
  36   0.00000112     0.00004017     0.00000046     0.00198206     0.00005835    -0.00076027   
  37   0.00004028    -0.00000112     0.00001642    -0.00005448     0.00212279     0.00002092   
  38  -0.00000720    -0.14865478    -0.00000136     0.00125302     0.00000001     0.00137222   
  39   0.18385237    -0.00000588     0.03102031    -0.00000011    -0.00099286     0.00000010   
  40  -0.00000002     0.04973568     0.00000003     0.00020741    -0.00000001     0.00095435   
  41  -0.04504089     0.00000003    -0.01184265     0.00000004     0.00020268     0.00000000   
  42  -0.00443347    -0.00000020     0.00039848    -0.00000162    -0.00768858     0.00000052   
  43   0.00000030    -0.00103247    -0.00000003    -0.00720188     0.00000171     0.00269910   
  44  -0.12592792    -0.00000031     0.01385353     0.00000002     0.00018122    -0.00000002   
  45  -0.00000001     0.00165892     0.00000000    -0.00024581     0.00000003     0.00015334   
  46   0.01400853     0.00000004    -0.00076095    -0.00000003    -0.00028374     0.00000001   
  47  -0.00000662     0.00568663     0.00000160     0.00079427     0.00000046     0.00084164   
  48   0.00615896     0.00000619    -0.00149545     0.00000081    -0.00047414     0.00000093   
  49   0.00000082     0.00383534    -0.00000024    -0.00034051     0.00000022     0.00102679   
  50   0.00362811    -0.00000092    -0.00107396     0.00000014     0.00066151    -0.00000026   
  51   0.00000014    -0.17403999    -0.00000005    -0.00084248     0.00000003    -0.00240519   
  52   0.97282781     0.00000108    -0.03823427     0.00000007     0.00041070     0.00000000   
  53   0.00000109    -0.97188979     0.00000010     0.00159284    -0.00000005     0.00482108   
  54  -0.03306911    -0.00000012    -0.99564856    -0.00000004     0.00044349    -0.00000033   
  55  -0.00000005     0.00396439    -0.00000022     0.80290266    -0.00001061     0.59604266   
  56   0.00023193     0.00000014    -0.00068429    -0.00003952    -0.99995996     0.00003543   
  57   0.00000000    -0.00267651     0.00000024     0.59605634    -0.00005201    -0.80288819   
  58  -0.01005188    -0.00000008     0.04513737    -0.00000056    -0.00369570     0.00000034   
  59   0.00000008    -0.01154202     0.00000014     0.00133853    -0.00000005     0.00769524   
  60   0.00230149    -0.00000002     0.06206958    -0.00000006    -0.00041279     0.00000001   
           58             59             60       
   1   0.00092699    -0.00000013    -0.00078546   
   2   0.00000010     0.00126196    -0.00000008   
   3   0.00001736    -0.00000306    -0.00001797   
   4  -0.00000201    -0.00002636     0.00000209   
   5  -0.00044193     0.00000001     0.00076107   
   6  -0.00000000    -0.00100796     0.00000000   
   7   0.00107768    -0.00000009    -0.00071718   
   8  -0.00000008    -0.00125647     0.00000005   
   9  -0.00005699     0.00000001     0.00003707   
  10   0.00000001     0.00007567    -0.00000001   
  11   0.00003107     0.00000001     0.00001404   
  12  -0.00000002     0.00000334    -0.00000001   
  13  -0.00023172     0.00000061     0.00016212   
  14   0.00000048     0.00029217    -0.00000034   
  15  -0.00011495     0.00000187     0.00006053   
  16   0.00000171     0.00012512    -0.00000090   
  17   0.00023747    -0.00000000    -0.00035139   
  18   0.00000000    -0.00061563    -0.00000000   
  19   0.00047620     0.00000000    -0.00060709   
  20   0.00000005    -0.00685108    -0.00000004   
  21  -0.00535682    -0.00000007     0.00357518   
  22  -0.00000458     0.00004324     0.00000274   
  23  -0.00003766    -0.00000525     0.00002251   
  24  -0.00000005     0.00571687     0.00000005   
  25   0.00455056     0.00000007    -0.00359321   
  26  -0.00740200    -0.00000006     0.00483585   
  27   0.00000004    -0.00970873    -0.00000003   
  28   0.00000003     0.00010988    -0.00000001   
  29  -0.00013619     0.00000002     0.00005362   
  30  -0.00242768    -0.00000001     0.00087425   
  31  -0.00000011    -0.00020538     0.00000004   
  32   0.00052641    -0.00000002    -0.00021969   
  33   0.00000003    -0.00013680    -0.00000001   
  34   0.00117854     0.00000001    -0.00051717   
  35  -0.00000000     0.00094310    -0.00000000   
  36  -0.00000092     0.00002908     0.00000038   
  37  -0.00003336    -0.00000080     0.00001370   
  38   0.00000256    -0.07169871    -0.00000182   
  39  -0.05710271    -0.00000325     0.03965977   
  40  -0.00000007     0.01309563     0.00000004   
  41   0.00992285     0.00000005    -0.00308696   
  42  -0.00010836    -0.00000002    -0.00031826   
  43   0.00000001    -0.00013253     0.00000002   
  44  -0.00541915    -0.00000002    -0.00681412   
  45  -0.00000000     0.00002444    -0.00000000   
  46   0.00016582    -0.00000000     0.00018510   
  47   0.00000068    -0.00036304    -0.00000031   
  48  -0.00063445    -0.00000039     0.00029141   
  49  -0.00000016    -0.00040577     0.00000005   
  50  -0.00069071     0.00000009     0.00021751   
  51   0.00000003    -0.00797453    -0.00000006   
  52   0.02247196     0.00000013    -0.00743389   
  53  -0.00000010     0.02519533     0.00000001   
  54   0.03442871    -0.00000019     0.06868246   
  55   0.00000021     0.00565051     0.00000009   
  56  -0.00352376     0.00000027    -0.00086994   
  57   0.00000039    -0.00529957     0.00000006   
  58   0.98998531    -0.00000063     0.12139403   
  59  -0.00000061    -0.99686988    -0.00000022   
  60  -0.12133643    -0.00000014     0.98934760   

 -----------------------------------------------------------------------------------------------
  Generalised Fock Matrix (MO basis)
 -----------------------------------------------------------------------------------------------
           1              2              3              4              5              6        
   1  -7.89311076     0.00000000    -0.00000000     0.00000000    -0.00000000     0.00000000   
   2   0.00000000    -7.88917222    -0.00000000     0.00000000    -0.00000000     0.00000000   
   3  -0.00000000    -0.00000000    -7.77428772    -0.00000000    -0.00000000     0.00000000   
   4   0.00000000     0.00000000    -0.00000000    -7.77428252    -0.00000000     0.00000000   
   5  -0.00000000    -0.00000000    -0.00000000    -0.00000000    -7.64960498     0.00000000   
   6   0.00000000     0.00000000     0.00000000     0.00000000     0.00000000    -7.59676010   
   7   0.00000000     0.00000000     0.00000000     0.00000000    -0.00000000     0.00000000   
   8  -0.00000000     0.00000000     0.00000000    -0.00000000    -0.00000000    -0.00000000   
   9  -0.00000000     0.00000000     0.00000000    -0.00000000    -0.00000000    -0.00000000   
  10   0.00000000     0.00000000     0.00000000     0.00000000    -0.00000000    -0.00000000   
  11   0.00000000     0.00000000     0.00000000     0.00000000    -0.00000000    -0.00000000   
  12   0.00000000    -0.00000000    -0.00000000     0.00000000    -0.00000000     0.00000000   
  13   0.00000000    -0.00000000    -0.00000000     0.00000000    -0.00000000     0.00000000   
  14  -0.00000000     0.00000000    -0.00000000    -0.00000000     0.00000000    -0.00000000   
  15   0.00000000    -0.00000000    -0.00000000    -0.00000000    -0.00000000    -0.00000000   
  16  -0.00000000     0.00000000     0.00000000    -0.00000000    -0.00000000    -0.00000000   
  17  -0.00000000     0.00000000    -0.00000000     0.00000000     0.00000000     0.00000000   
  18   0.00000000     0.00000000     0.00000000     0.00000000    -0.00000000    -0.00000000   
  19  -0.00000000     0.00000000    -0.00000000    -0.00000000    -0.00000000     0.00000000   
  20  -0.00000000    -0.00000000     0.00000000    -0.00000000    -0.00000000    -0.00000000   
  21   0.00000000    -0.00000000    -0.00000000     0.00000000     0.00000000     0.00000000   
  22  -0.00000000     0.00000000     0.00000000    -0.00000000    -0.00000000    -0.00000000   
  23   0.00000000     0.00000000    -0.00000000    -0.00000000    -0.00000000    -0.00000000   
  24  -0.00000000    -0.00000000    -0.00000000    -0.00000000    -0.00000000     0.00000000   
  25   0.00000000    -0.00000000    -0.00000000     0.00000000     0.00000000    -0.00000000   
  26  -0.00000000    -0.00000000    -0.00000000     0.00000000     0.00000000     0.00000000   
  27  -0.00000000    -0.00000000    -0.00000000    -0.00000000    -0.00000000     0.00000000   
  28   0.00000000     0.00000000     0.00000000    -0.00000000    -0.00000000    -0.00000000   
  29  -0.00000000     0.00000000     0.00000000    -0.00000000    -0.00000000    -0.00000000   
  30   0.00000000    -0.00000000     0.00000000     0.00000000     0.00000000     0.00000000   
  31  -0.00000000     0.00000000     0.00000000    -0.00000000     0.00000000     0.00000000   
  32  -0.00000000    -0.00000000     0.00000000    -0.00000000    -0.00000000    -0.00000000   
  33   0.00000000     0.00000000    -0.00000000     0.00000000     0.00000000     0.00000000   
  34   0.00000000     0.00000000    -0.00000000     0.00000000     0.00000000     0.00000000   
  35   0.00000000    -0.00000000     0.00000000     0.00000000     0.00000000    -0.00000000   
  36   0.00000000    -0.00000000     0.00000000     0.00000000     0.00000000    -0.00000000   
  37  -0.00000000    -0.00000000    -0.00000000     0.00000000    -0.00000000     0.00000000   
  38  -0.24088062     0.23667790    -0.00539107    -0.00509400    -0.10017764     0.12007541   
  39   0.24086443     0.23669436     0.00510970    -0.00537463     0.10017611     0.12007662   
  40   0.00000000     0.00000005     0.00000001     0.00000000    -0.00000001     0.00000001   
  41  -0.00000002    -0.00000001    -0.00000000     0.00000001    -0.00000000    -0.00000002   
  42  -0.00000002     0.00000003    -0.00000001    -0.00000002    -0.00000002     0.00000001   
  43  -0.00000002    -0.00000001    -0.00000003    -0.00000000     0.00000000    -0.00000000   
  44  -0.00000000     0.00000001     0.00000000    -0.00000000    -0.00000000    -0.00000001   
  45   0.00000000    -0.00000002     0.00000002    -0.00000002     0.00000001    -0.00000001   
  46  -0.00000002     0.00000000     0.00000001     0.00000000    -0.00000002     0.00000001   
  47   0.00000001    -0.00000000    -0.00000001     0.00000001    -0.00000000    -0.00000001   
  48  -0.00000001     0.00000000    -0.00000002     0.00000002    -0.00000000    -0.00000001   
  49  -0.00000001     0.00000001    -0.00000000     0.00000000    -0.00000002     0.00000000   
  50   0.00000000     0.00000002    -0.00000000    -0.00000000     0.00000001     0.00000002   
  51  -0.00000002     0.00000000     0.00000000     0.00000001    -0.00000002     0.00000004   
  52   0.00000002    -0.00000005     0.00000001    -0.00000001     0.00000000    -0.00000000   
  53  -0.00000003     0.00000005     0.00000001    -0.00000001    -0.00000004     0.00000003   
  54   0.00000001    -0.00000002    -0.00000000    -0.00000000     0.00000001     0.00000002   
  55  -0.00000001    -0.00000003    -0.00000002     0.00000000     0.00000001     0.00000001   
  56   0.00000000     0.00000001    -0.00000002     0.00000001     0.00000000    -0.00000000   
  57  -0.00000001    -0.00000001     0.00000000    -0.00000000    -0.00000001    -0.00000003   
  58  -0.00000001     0.00000002    -0.00000000     0.00000001     0.00000000    -0.00000001   
  59  -0.00000003     0.00000002     0.00000002     0.00000000    -0.00000003    -0.00000002   
  60   0.00000001    -0.00000001     0.00000000    -0.00000000     0.00000003     0.00000001   
           7              8              9              10             11             12       
   1   0.00000000    -0.00000000    -0.00000000     0.00000000     0.00000000     0.00000000   
   2   0.00000000     0.00000000     0.00000000     0.00000000     0.00000000    -0.00000000   
   3   0.00000000     0.00000000     0.00000000     0.00000000     0.00000000    -0.00000000   
   4   0.00000000    -0.00000000    -0.00000000     0.00000000     0.00000000     0.00000000   
   5  -0.00000000    -0.00000000    -0.00000000    -0.00000000    -0.00000000    -0.00000000   
   6   0.00000000    -0.00000000    -0.00000000    -0.00000000    -0.00000000     0.00000000   
   7  -6.05541280    -0.00000000    -0.00000000     0.00000000     0.00000000     0.00000000   
   8  -0.00000000    -6.05408820    -0.00000000     0.00000000    -0.00000000    -0.00000000   
   9  -0.00000000    -0.00000000    -6.00238035     0.00000000    -0.00000000    -0.00000000   
  10   0.00000000     0.00000000     0.00000000    -5.99480373     0.00000000    -0.00000000   
  11   0.00000000    -0.00000000    -0.00000000     0.00000000    -5.96968328     0.00000000   
  12   0.00000000     0.00000000    -0.00000000    -0.00000000     0.00000000    -5.96741552   
  13   0.00000000     0.00000000    -0.00000000     0.00000000     0.00000000    -0.00000000   
  14  -0.00000000     0.00000000    -0.00000000    -0.00000000    -0.00000000    -0.00000000   
  15  -0.00000000     0.00000000     0.00000000    -0.00000000     0.00000000     0.00000000   
  16   0.00000000     0.00000000     0.00000000     0.00000000    -0.00000000    -0.00000000   
  17  -0.00000000    -0.00000000     0.00000000     0.00000000    -0.00000000    -0.00000000   
  18  -0.00000000    -0.00000000     0.00000000    -0.00000000     0.00000000    -0.00000000   
  19   0.00000000     0.00000000     0.00000000    -0.00000000    -0.00000000     0.00000000   
  20  -0.00000000     0.00000000    -0.00000000     0.00000000     0.00000000     0.00000000   
  21   0.00000000    -0.00000000    -0.00000000     0.00000000    -0.00000000    -0.00000000   
  22  -0.00000000     0.00000000     0.00000000    -0.00000000     0.00000000    -0.00000000   
  23  -0.00000000    -0.00000000     0.00000000    -0.00000000    -0.00000000    -0.00000000   
  24  -0.00000000    -0.00000000     0.00000000    -0.00000000     0.00000000     0.00000000   
  25   0.00000000     0.00000000     0.00000000    -0.00000000     0.00000000     0.00000000   
  26   0.00000000     0.00000000     0.00000000     0.00000000     0.00000000     0.00000000   
  27   0.00000000     0.00000000    -0.00000000     0.00000000     0.00000000    -0.00000000   
  28  -0.00000000    -0.00000000     0.00000000     0.00000000    -0.00000000     0.00000000   
  29   0.00000000     0.00000000     0.00000000     0.00000000     0.00000000     0.00000000   
  30   0.00000000     0.00000000    -0.00000000    -0.00000000     0.00000000    -0.00000000   
  31   0.00000000     0.00000000     0.00000000    -0.00000000    -0.00000000    -0.00000000   
  32  -0.00000000     0.00000000    -0.00000000     0.00000000     0.00000000     0.00000000   
  33  -0.00000000     0.00000000    -0.00000000    -0.00000000    -0.00000000    -0.00000000   
  34   0.00000000     0.00000000     0.00000000     0.00000000    -0.00000000    -0.00000000   
  35  -0.00000000     0.00000000     0.00000000    -0.00000000    -0.00000000    -0.00000000   
  36  -0.00000000    -0.00000000    -0.00000000    -0.00000000     0.00000000     0.00000000   
  37  -0.00000000     0.00000000    -0.00000000     0.00000000     0.00000000     0.00000000   
  38  -0.00599932     0.00813215     0.16868106     0.14997396     0.04463654    -0.05858418   
  39   0.00599866     0.00813269    -0.16867862     0.14997575    -0.04463284    -0.05858970   
  40   0.00000000     0.00000002     0.00000001     0.00000002     0.00000001     0.00000000   
  41   0.00000002     0.00000002     0.00000002     0.00000000     0.00000002     0.00000000   
  42  -0.00000000    -0.00000000     0.00000001     0.00000001     0.00000002    -0.00000001   
  43   0.00000002    -0.00000002     0.00000000    -0.00000001     0.00000001    -0.00000002   
  44  -0.00000007     0.00000003     0.00000001     0.00000002    -0.00000001    -0.00000001   
  45   0.00000005    -0.00000005    -0.00000001    -0.00000001    -0.00000000    -0.00000001   
  46  -0.00000001    -0.00000000     0.00000001    -0.00000001     0.00000000    -0.00000000   
  47  -0.00000003     0.00000005     0.00000001    -0.00000001     0.00000001     0.00000002   
  48   0.00000001    -0.00000002    -0.00000002     0.00000003     0.00000002     0.00000000   
  49   0.00000001    -0.00000000    -0.00000002     0.00000005     0.00000000     0.00000001   
  50   0.00000000     0.00000000    -0.00000000    -0.00000000     0.00000000    -0.00000002   
  51   0.00000001     0.00000003     0.00000002     0.00000002    -0.00000001    -0.00000003   
  52  -0.00000001    -0.00000003     0.00000001    -0.00000002     0.00000001     0.00000003   
  53  -0.00000001     0.00000006     0.00000006     0.00000004     0.00000004    -0.00000001   
  54  -0.00000002    -0.00000001    -0.00000001    -0.00000001    -0.00000001     0.00000000   
  55   0.00000002     0.00000000     0.00000000    -0.00000001    -0.00000000    -0.00000002   
  56  -0.00000000    -0.00000001    -0.00000001     0.00000000    -0.00000000    -0.00000002   
  57   0.00000000    -0.00000001     0.00000000     0.00000001    -0.00000001    -0.00000000   
  58  -0.00000000     0.00000001     0.00000002     0.00000003    -0.00000001    -0.00000001   
  59  -0.00000001     0.00000001     0.00000001     0.00000001     0.00000002     0.00000000   
  60  -0.00000002    -0.00000001     0.00000001    -0.00000000     0.00000001     0.00000000   
           13             14             15             16             17             18       
   1   0.00000000    -0.00000000     0.00000000    -0.00000000    -0.00000000     0.00000000   
   2  -0.00000000     0.00000000    -0.00000000     0.00000000     0.00000000     0.00000000   
   3  -0.00000000    -0.00000000    -0.00000000     0.00000000    -0.00000000     0.00000000   
   4   0.00000000    -0.00000000    -0.00000000    -0.00000000     0.00000000     0.00000000   
   5  -0.00000000     0.00000000    -0.00000000    -0.00000000     0.00000000    -0.00000000   
   6   0.00000000    -0.00000000    -0.00000000    -0.00000000     0.00000000    -0.00000000   
   7   0.00000000    -0.00000000    -0.00000000     0.00000000    -0.00000000    -0.00000000   
   8   0.00000000     0.00000000     0.00000000     0.00000000    -0.00000000    -0.00000000   
   9  -0.00000000    -0.00000000     0.00000000     0.00000000     0.00000000     0.00000000   
  10   0.00000000    -0.00000000    -0.00000000     0.00000000     0.00000000    -0.00000000   
  11   0.00000000    -0.00000000     0.00000000    -0.00000000    -0.00000000     0.00000000   
  12  -0.00000000    -0.00000000     0.00000000    -0.00000000    -0.00000000    -0.00000000   
  13  -5.96049642     0.00000000    -0.00000000    -0.00000000     0.00000000    -0.00000000   
  14   0.00000000    -5.95971170     0.00000000     0.00000000     0.00000000    -0.00000000   
  15  -0.00000000     0.00000000    -5.95343893     0.00000000     0.00000000     0.00000000   
  16  -0.00000000     0.00000000     0.00000000    -5.93186547    -0.00000000    -0.00000000   
  17   0.00000000     0.00000000     0.00000000    -0.00000000    -5.93140091    -0.00000000   
  18  -0.00000000    -0.00000000     0.00000000    -0.00000000    -0.00000000    -3.54961798   
  19   0.00000000    -0.00000000     0.00000000     0.00000000    -0.00000000     0.00000000   
  20   0.00000000    -0.00000000    -0.00000000     0.00000000     0.00000000     0.00000000   
  21  -0.00000000    -0.00000000     0.00000000     0.00000000    -0.00000000    -0.00000000   
  22  -0.00000000     0.00000000    -0.00000000     0.00000000    -0.00000000    -0.00000000   
  23   0.00000000     0.00000000     0.00000000    -0.00000000     0.00000000    -0.00000000   
  24  -0.00000000     0.00000000     0.00000000     0.00000000     0.00000000     0.00000000   
  25   0.00000000     0.00000000    -0.00000000     0.00000000     0.00000000    -0.00000000   
  26   0.00000000     0.00000000    -0.00000000     0.00000000    -0.00000000     0.00000000   
  27   0.00000000    -0.00000000    -0.00000000     0.00000000     0.00000000     0.00000000   
  28   0.00000000     0.00000000    -0.00000000     0.00000000     0.00000000    -0.00000000   
  29   0.00000000     0.00000000    -0.00000000     0.00000000    -0.00000000    -0.00000000   
  30   0.00000000    -0.00000000    -0.00000000     0.00000000    -0.00000000     0.00000000   
  31  -0.00000000     0.00000000     0.00000000     0.00000000    -0.00000000    -0.00000000   
  32   0.00000000    -0.00000000     0.00000000     0.00000000    -0.00000000     0.00000000   
  33   0.00000000    -0.00000000     0.00000000     0.00000000     0.00000000    -0.00000000   
  34  -0.00000000     0.00000000    -0.00000000    -0.00000000     0.00000000    -0.00000000   
  35   0.00000000    -0.00000000     0.00000000     0.00000000     0.00000000     0.00000000   
  36   0.00000000     0.00000000    -0.00000000     0.00000000     0.00000000     0.00000000   
  37   0.00000000    -0.00000000    -0.00000000    -0.00000000     0.00000000    -0.00000000   
  38  -0.00768326     0.02371508    -0.02082884    -0.03352145     0.03144338    -0.01626357   
  39   0.00767149     0.02371935     0.02083201    -0.03351657    -0.03144646    -0.01626356   
  40   0.00000001     0.00000001     0.00000001     0.00000000    -0.00000000    -0.00000001   
  41  -0.00000000     0.00000000     0.00000000    -0.00000001    -0.00000001    -0.00000001   
  42   0.00000000    -0.00000001    -0.00000000    -0.00000000    -0.00000002    -0.00000000   
  43   0.00000002    -0.00000001     0.00000001     0.00000002    -0.00000000    -0.00000001   
  44   0.00000002     0.00000003     0.00000000     0.00000001     0.00000001    -0.00000001   
  45  -0.00000003    -0.00000004    -0.00000000     0.00000000     0.00000001     0.00000001   
  46  -0.00000000     0.00000000     0.00000001     0.00000000     0.00000000    -0.00000002   
  47  -0.00000000     0.00000000     0.00000001    -0.00000000    -0.00000000     0.00000000   
  48  -0.00000000     0.00000001    -0.00000001    -0.00000002    -0.00000002     0.00000001   
  49  -0.00000000    -0.00000001     0.00000001    -0.00000002    -0.00000001     0.00000001   
  50  -0.00000002    -0.00000000     0.00000002     0.00000000    -0.00000001    -0.00000003   
  51  -0.00000001    -0.00000000     0.00000000    -0.00000002     0.00000000    -0.00000002   
  52   0.00000002     0.00000000    -0.00000001     0.00000001     0.00000002    -0.00000005   
  53  -0.00000003    -0.00000001     0.00000006    -0.00000000    -0.00000000    -0.00000001   
  54   0.00000001     0.00000001    -0.00000002    -0.00000000     0.00000001    -0.00000002   
  55  -0.00000002    -0.00000001     0.00000001     0.00000001    -0.00000001     0.00000001   
  56   0.00000000     0.00000001     0.00000000     0.00000001    -0.00000001     0.00000000   
  57  -0.00000000    -0.00000001    -0.00000001    -0.00000000     0.00000001    -0.00000000   
  58  -0.00000000     0.00000000     0.00000000     0.00000001    -0.00000000     0.00000002   
  59   0.00000000    -0.00000001    -0.00000001     0.00000000    -0.00000001     0.00000000   
  60   0.00000000     0.00000001     0.00000001    -0.00000000     0.00000000    -0.00000003   
           19             20             21             22             23             24       
   1  -0.00000000    -0.00000000     0.00000000    -0.00000000     0.00000000    -0.00000000   
   2   0.00000000    -0.00000000    -0.00000000     0.00000000     0.00000000    -0.00000000   
   3  -0.00000000     0.00000000    -0.00000000     0.00000000    -0.00000000    -0.00000000   
   4  -0.00000000    -0.00000000     0.00000000    -0.00000000    -0.00000000    -0.00000000   
   5  -0.00000000    -0.00000000     0.00000000    -0.00000000    -0.00000000    -0.00000000   
   6   0.00000000    -0.00000000     0.00000000    -0.00000000    -0.00000000     0.00000000   
   7   0.00000000    -0.00000000     0.00000000    -0.00000000    -0.00000000    -0.00000000   
   8   0.00000000     0.00000000    -0.00000000     0.00000000    -0.00000000    -0.00000000   
   9   0.00000000    -0.00000000    -0.00000000     0.00000000     0.00000000     0.00000000   
  10  -0.00000000     0.00000000     0.00000000    -0.00000000    -0.00000000    -0.00000000   
  11  -0.00000000     0.00000000    -0.00000000     0.00000000    -0.00000000     0.00000000   
  12   0.00000000     0.00000000    -0.00000000    -0.00000000    -0.00000000     0.00000000   
  13   0.00000000     0.00000000    -0.00000000    -0.00000000     0.00000000    -0.00000000   
  14  -0.00000000    -0.00000000    -0.00000000     0.00000000     0.00000000     0.00000000   
  15   0.00000000    -0.00000000     0.00000000    -0.00000000     0.00000000     0.00000000   
  16   0.00000000     0.00000000     0.00000000     0.00000000    -0.00000000     0.00000000   
  17  -0.00000000     0.00000000    -0.00000000    -0.00000000     0.00000000     0.00000000   
  18   0.00000000     0.00000000    -0.00000000    -0.00000000    -0.00000000     0.00000000   
  19  -2.83343939     0.00000000    -0.00000000    -0.00000000     0.00000000    -0.00000000   
  20   0.00000000    -1.83699556    -0.00000000     0.00000000    -0.00000000    -0.00000000   
  21  -0.00000000    -0.00000000    -1.80957817     0.00000000     0.00000000     0.00000000   
  22  -0.00000000     0.00000000     0.00000000    -1.44509461    -0.00000000     0.00000000   
  23   0.00000000    -0.00000000     0.00000000    -0.00000000    -1.44509331    -0.00000000   
  24  -0.00000000    -0.00000000     0.00000000     0.00000000    -0.00000000    -0.86177068   
  25  -0.00000000    -0.00000000    -0.00000000    -0.00000000     0.00000000     0.00000000   
  26  -0.00000000    -0.00000000    -0.00000000    -0.00000000     0.00000000     0.00000000   
  27   0.00000000     0.00000000     0.00000000     0.00000000     0.00000000    -0.00000000   
  28   0.00000000     0.00000000     0.00000000     0.00000000    -0.00000000    -0.00000000   
  29   0.00000000    -0.00000000    -0.00000000    -0.00000000     0.00000000     0.00000000   
  30  -0.00000000    -0.00000000    -0.00000000     0.00000000    -0.00000000     0.00000000   
  31   0.00000000     0.00000000     0.00000000    -0.00000000     0.00000000     0.00000000   
  32   0.00000000     0.00000000     0.00000000    -0.00000000    -0.00000000    -0.00000000   
  33   0.00000000     0.00000000    -0.00000000     0.00000000     0.00000000     0.00000000   
  34   0.00000000     0.00000000    -0.00000000     0.00000000     0.00000000    -0.00000000   
  35  -0.00000000     0.00000000    -0.00000000     0.00000000    -0.00000000    -0.00000000   
  36  -0.00000000     0.00000000    -0.00000000    -0.00000000    -0.00000000    -0.00000000   
  37  -0.00000000    -0.00000000     0.00000000    -0.00000000    -0.00000000    -0.00000000   
  38  -0.08372340     0.54627057     0.52086757     0.00345626    -0.00288169    -0.36776235   
  39   0.08372329     0.54626721    -0.52087092     0.00287357     0.00346158    -0.36775681   
  40   0.00000003     0.00000003     0.00000002    -0.00000001     0.00000001    -0.00000005   
  41  -0.00000004     0.00000001     0.00000003     0.00000000    -0.00000002    -0.00000010   
  42  -0.00000004     0.00000002     0.00000003     0.00000000     0.00000001    -0.00000000   
  43   0.00000004    -0.00000001    -0.00000003    -0.00000000    -0.00000001    -0.00000000   
  44  -0.00000006    -0.00000001     0.00000005     0.00000002     0.00000001    -0.00000004   
  45  -0.00000001     0.00000002    -0.00000006     0.00000002     0.00000003    -0.00000007   
  46  -0.00000001     0.00000000     0.00000001     0.00000004    -0.00000002    -0.00000001   
  47   0.00000004    -0.00000004     0.00000002    -0.00000002    -0.00000000     0.00000000   
  48  -0.00000001     0.00000001     0.00000005     0.00000001    -0.00000001     0.00000001   
  49  -0.00000004     0.00000002     0.00000002     0.00000002     0.00000002    -0.00000004   
  50  -0.00000003     0.00000001    -0.00000002     0.00000001     0.00000000    -0.00000008   
  51  -0.00000000     0.00000002     0.00000008     0.00000000     0.00000002    -0.00000004   
  52   0.00000002    -0.00000005    -0.00000003    -0.00000003     0.00000003     0.00000008   
  53  -0.00000004     0.00000008     0.00000006    -0.00000001     0.00000001    -0.00000013   
  54   0.00000000    -0.00000004     0.00000001     0.00000000     0.00000001     0.00000003   
  55   0.00000005    -0.00000001     0.00000000    -0.00000001     0.00000000    -0.00000003   
  56  -0.00000002     0.00000002    -0.00000002    -0.00000001     0.00000001    -0.00000000   
  57   0.00000001     0.00000002    -0.00000002     0.00000002    -0.00000000    -0.00000001   
  58  -0.00000002     0.00000002     0.00000003     0.00000003    -0.00000002    -0.00000000   
  59   0.00000000     0.00000003     0.00000007    -0.00000002     0.00000001    -0.00000003   
  60   0.00000001    -0.00000001     0.00000001    -0.00000001     0.00000002     0.00000003   
           25             26             27             28             29             30       
   1   0.00000000    -0.00000000    -0.00000000     0.00000000    -0.00000000     0.00000000   
   2  -0.00000000    -0.00000000    -0.00000000     0.00000000     0.00000000    -0.00000000   
   3  -0.00000000    -0.00000000    -0.00000000     0.00000000     0.00000000     0.00000000   
   4   0.00000000     0.00000000    -0.00000000    -0.00000000    -0.00000000     0.00000000   
   5   0.00000000     0.00000000    -0.00000000    -0.00000000    -0.00000000     0.00000000   
   6  -0.00000000     0.00000000     0.00000000    -0.00000000    -0.00000000     0.00000000   
   7   0.00000000     0.00000000     0.00000000    -0.00000000     0.00000000     0.00000000   
   8   0.00000000     0.00000000     0.00000000    -0.00000000     0.00000000     0.00000000   
   9   0.00000000     0.00000000    -0.00000000     0.00000000     0.00000000    -0.00000000   
  10  -0.00000000     0.00000000     0.00000000     0.00000000     0.00000000    -0.00000000   
  11   0.00000000     0.00000000     0.00000000    -0.00000000     0.00000000     0.00000000   
  12   0.00000000     0.00000000    -0.00000000     0.00000000     0.00000000    -0.00000000   
  13   0.00000000     0.00000000     0.00000000     0.00000000     0.00000000     0.00000000   
  14   0.00000000     0.00000000    -0.00000000     0.00000000     0.00000000    -0.00000000   
  15  -0.00000000     0.00000000    -0.00000000    -0.00000000    -0.00000000    -0.00000000   
  16   0.00000000     0.00000000    -0.00000000     0.00000000     0.00000000     0.00000000   
  17   0.00000000    -0.00000000     0.00000000     0.00000000    -0.00000000    -0.00000000   
  18  -0.00000000     0.00000000     0.00000000    -0.00000000    -0.00000000     0.00000000   
  19  -0.00000000    -0.00000000     0.00000000     0.00000000     0.00000000    -0.00000000   
  20  -0.00000000    -0.00000000     0.00000000     0.00000000    -0.00000000    -0.00000000   
  21  -0.00000000    -0.00000000     0.00000000     0.00000000    -0.00000000    -0.00000000   
  22  -0.00000000    -0.00000000     0.00000000     0.00000000    -0.00000000     0.00000000   
  23   0.00000000     0.00000000     0.00000000    -0.00000000     0.00000000    -0.00000000   
  24   0.00000000     0.00000000    -0.00000000    -0.00000000     0.00000000     0.00000000   
  25  -0.75313363     0.00000000     0.00000000     0.00000000    -0.00000000    -0.00000000   
  26   0.00000000     0.13942975     0.00000000     0.00000000     0.00000000    -0.00000000   
  27   0.00000000     0.00000000     0.38406665     0.00000000     0.00000000    -0.00000000   
  28   0.00000000     0.00000000     0.00000000     1.27616274     0.00000000     0.00000000   
  29  -0.00000000     0.00000000     0.00000000     0.00000000     1.27737175     0.00000000   
  30  -0.00000000    -0.00000000    -0.00000000     0.00000000     0.00000000     1.30587093   
  31   0.00000000     0.00000000    -0.00000000     0.00000000    -0.00000000     0.00000000   
  32  -0.00000000     0.00000000     0.00000000    -0.00000000    -0.00000000     0.00000000   
  33   0.00000000     0.00000000    -0.00000000     0.00000000    -0.00000000     0.00000000   
  34  -0.00000000    -0.00000000     0.00000000     0.00000000    -0.00000000    -0.00000000   
  35  -0.00000000    -0.00000000     0.00000000     0.00000000     0.00000000    -0.00000000   
  36   0.00000000     0.00000000    -0.00000000     0.00000000    -0.00000000    -0.00000000   
  37  -0.00000000    -0.00000000    -0.00000000    -0.00000000    -0.00000000     0.00000000   
  38   0.33800573     0.69635899    -0.69185630     0.01106262     0.00953777    -0.19420896   
  39  -0.33801019    -0.69636153    -0.69185467     0.01106467    -0.00953683     0.19421037   
  40   0.00000001     0.00000003    -0.00000002     0.00000005     0.00000004    -0.00000001   
  41  -0.00000001     0.00000002     0.00000007     0.00000010    -0.00000003    -0.00000000   
  42   0.00000002     0.00000005    -0.00000005     0.00000001    -0.00000000    -0.00000002   
  43  -0.00000002    -0.00000002     0.00000001    -0.00000003    -0.00000004    -0.00000001   
  44   0.00000006     0.00000007    -0.00000002     0.00000004     0.00000002     0.00000006   
  45   0.00000001    -0.00000008     0.00000002    -0.00000003    -0.00000010     0.00000008   
  46   0.00000002     0.00000001     0.00000000     0.00000001    -0.00000001    -0.00000000   
  47   0.00000003     0.00000002     0.00000007     0.00000001     0.00000001     0.00000001   
  48  -0.00000001     0.00000006    -0.00000003    -0.00000003    -0.00000004     0.00000002   
  49   0.00000001     0.00000002    -0.00000006     0.00000001    -0.00000000    -0.00000002   
  50   0.00000003    -0.00000004     0.00000012    -0.00000006    -0.00000003    -0.00000001   
  51   0.00000007     0.00000009    -0.00000002     0.00000000    -0.00000012     0.00000003   
  52  -0.00000007     0.00000001     0.00000009    -0.00000007     0.00000011     0.00000006   
  53   0.00000011    -0.00000000    -0.00000004     0.00000004    -0.00000004    -0.00000006   
  54   0.00000000     0.00000001     0.00000002    -0.00000002     0.00000007     0.00000004   
  55   0.00000003     0.00000002     0.00000002    -0.00000002    -0.00000008     0.00000007   
  56  -0.00000004     0.00000002    -0.00000007    -0.00000003     0.00000000     0.00000001   
  57   0.00000000    -0.00000003    -0.00000002    -0.00000001     0.00000000     0.00000002   
  58  -0.00000001    -0.00000001    -0.00000004    -0.00000001    -0.00000005    -0.00000002   
  59   0.00000004     0.00000009    -0.00000004    -0.00000000    -0.00000003    -0.00000001   
  60   0.00000001     0.00000003    -0.00000003    -0.00000000     0.00000005     0.00000003   
           31             32             33             34             35             36       
   1  -0.00000000    -0.00000000     0.00000000     0.00000000     0.00000000     0.00000000   
   2   0.00000000    -0.00000000     0.00000000     0.00000000    -0.00000000    -0.00000000   
   3   0.00000000     0.00000000    -0.00000000    -0.00000000     0.00000000     0.00000000   
   4  -0.00000000    -0.00000000     0.00000000     0.00000000     0.00000000     0.00000000   
   5   0.00000000    -0.00000000     0.00000000     0.00000000     0.00000000     0.00000000   
   6   0.00000000    -0.00000000     0.00000000     0.00000000    -0.00000000    -0.00000000   
   7   0.00000000    -0.00000000    -0.00000000     0.00000000    -0.00000000    -0.00000000   
   8   0.00000000     0.00000000     0.00000000     0.00000000     0.00000000    -0.00000000   
   9   0.00000000    -0.00000000    -0.00000000     0.00000000     0.00000000    -0.00000000   
  10  -0.00000000     0.00000000    -0.00000000     0.00000000    -0.00000000    -0.00000000   
  11  -0.00000000     0.00000000    -0.00000000    -0.00000000    -0.00000000     0.00000000   
  12  -0.00000000     0.00000000    -0.00000000    -0.00000000    -0.00000000     0.00000000   
  13  -0.00000000     0.00000000     0.00000000    -0.00000000     0.00000000     0.00000000   
  14   0.00000000    -0.00000000    -0.00000000     0.00000000    -0.00000000     0.00000000   
  15   0.00000000     0.00000000     0.00000000    -0.00000000     0.00000000    -0.00000000   
  16   0.00000000     0.00000000     0.00000000    -0.00000000     0.00000000     0.00000000   
  17  -0.00000000    -0.00000000     0.00000000     0.00000000     0.00000000     0.00000000   
  18  -0.00000000     0.00000000    -0.00000000    -0.00000000     0.00000000     0.00000000   
  19   0.00000000     0.00000000     0.00000000     0.00000000    -0.00000000    -0.00000000   
  20   0.00000000     0.00000000     0.00000000     0.00000000     0.00000000     0.00000000   
  21   0.00000000     0.00000000    -0.00000000    -0.00000000    -0.00000000    -0.00000000   
  22  -0.00000000    -0.00000000     0.00000000     0.00000000     0.00000000    -0.00000000   
  23   0.00000000    -0.00000000     0.00000000     0.00000000    -0.00000000    -0.00000000   
  24   0.00000000    -0.00000000     0.00000000    -0.00000000    -0.00000000    -0.00000000   
  25   0.00000000    -0.00000000     0.00000000    -0.00000000    -0.00000000     0.00000000   
  26   0.00000000     0.00000000     0.00000000    -0.00000000    -0.00000000     0.00000000   
  27  -0.00000000     0.00000000    -0.00000000     0.00000000     0.00000000    -0.00000000   
  28   0.00000000    -0.00000000     0.00000000     0.00000000     0.00000000     0.00000000   
  29  -0.00000000    -0.00000000    -0.00000000    -0.00000000     0.00000000    -0.00000000   
  30   0.00000000     0.00000000     0.00000000    -0.00000000    -0.00000000    -0.00000000   
  31   1.43841767    -0.00000000    -0.00000000    -0.00000000     0.00000000     0.00000000   
  32  -0.00000000     1.44032966     0.00000000     0.00000000     0.00000000     0.00000000   
  33  -0.00000000     0.00000000     1.44407542     0.00000000    -0.00000000     0.00000000   
  34  -0.00000000     0.00000000     0.00000000     1.44642683    -0.00000000     0.00000000   
  35   0.00000000     0.00000000    -0.00000000    -0.00000000     1.45714878    -0.00000000   
  36   0.00000000     0.00000000     0.00000000     0.00000000    -0.00000000     1.66742363   
  37   0.00000000     0.00000000    -0.00000000    -0.00000000    -0.00000000     0.00000000   
  38   0.03207421    -0.00591100     0.02873948     0.00920438    -0.07991989     0.00219411   
  39   0.03207544     0.00589681     0.02873842    -0.00920992    -0.07991902    -0.00176144   
  40  -0.00000003    -0.00000002     0.00000002    -0.00000001     0.00000001     0.00000007   
  41   0.00000000    -0.00000002     0.00000000    -0.00000002     0.00000003     0.00000008   
  42   0.00000003    -0.00000002    -0.00000004    -0.00000004    -0.00000002     0.00000003   
  43  -0.00000001     0.00000003     0.00000002     0.00000005     0.00000002    -0.00000001   
  44  -0.00000009     0.00000006     0.00000001    -0.00000000     0.00000003     0.00000002   
  45  -0.00000003     0.00000000    -0.00000002    -0.00000000     0.00000007     0.00000002   
  46  -0.00000005    -0.00000003    -0.00000001    -0.00000001     0.00000004     0.00000003   
  47  -0.00000001     0.00000004     0.00000003    -0.00000001    -0.00000003     0.00000002   
  48  -0.00000001    -0.00000000    -0.00000001     0.00000001    -0.00000000    -0.00000009   
  49  -0.00000001     0.00000002     0.00000000    -0.00000002     0.00000000     0.00000002   
  50   0.00000002    -0.00000001     0.00000002    -0.00000002    -0.00000009     0.00000005   
  51  -0.00000001     0.00000002     0.00000004    -0.00000002    -0.00000004     0.00000003   
  52   0.00000002     0.00000003     0.00000007     0.00000006    -0.00000008    -0.00000010   
  53  -0.00000004     0.00000000     0.00000005    -0.00000004     0.00000001     0.00000012   
  54  -0.00000001     0.00000002     0.00000001     0.00000003    -0.00000001    -0.00000003   
  55  -0.00000003     0.00000002     0.00000007     0.00000002    -0.00000004     0.00000004   
  56  -0.00000001     0.00000001    -0.00000001    -0.00000002    -0.00000003    -0.00000002   
  57  -0.00000004     0.00000001    -0.00000000    -0.00000004     0.00000001     0.00000003   
  58  -0.00000001    -0.00000002     0.00000002     0.00000001     0.00000003     0.00000002   
  59   0.00000001    -0.00000002     0.00000003     0.00000003     0.00000003     0.00000002   
  60  -0.00000003     0.00000002    -0.00000000     0.00000001     0.00000000    -0.00000003   
           37             38             39       
   1  -0.00000000    -0.24088059     0.24086445   
   2  -0.00000000     0.23667795     0.23669434   
   3  -0.00000000    -0.00539108     0.00510971   
   4   0.00000000    -0.00509399    -0.00537465   
   5  -0.00000000    -0.10017765     0.10017610   
   6   0.00000000     0.12007545     0.12007657   
   7  -0.00000000    -0.00599930     0.00599862   
   8   0.00000000     0.00813213     0.00813270   
   9  -0.00000000     0.16868105    -0.16867866   
  10   0.00000000     0.14997399     0.14997575   
  11   0.00000000     0.04463652    -0.04463282   
  12   0.00000000    -0.05858420    -0.05858970   
  13   0.00000000    -0.00768327     0.00767146   
  14  -0.00000000     0.02371509     0.02371933   
  15  -0.00000000    -0.02082881     0.02083200   
  16  -0.00000000    -0.03352147    -0.03351656   
  17   0.00000000     0.03144338    -0.03144647   
  18  -0.00000000    -0.01626360    -0.01626355   
  19  -0.00000000    -0.08372337     0.08372333   
  20  -0.00000000     0.54627064     0.54626713   
  21   0.00000000     0.52086749    -0.52087090   
  22  -0.00000000     0.00345622     0.00287355   
  23  -0.00000000    -0.00288165     0.00346159   
  24  -0.00000000    -0.36776240    -0.36775675   
  25  -0.00000000     0.33800570    -0.33801026   
  26  -0.00000000     0.69635892    -0.69636153   
  27  -0.00000000    -0.69185637    -0.69185464   
  28  -0.00000000     0.01106260     0.01106455   
  29  -0.00000000     0.00953780    -0.00953685   
  30   0.00000000    -0.19420897     0.19421032   
  31   0.00000000     0.03207417     0.03207543   
  32   0.00000000    -0.00591101     0.00589681   
  33  -0.00000000     0.02873946     0.02873839   
  34  -0.00000000     0.00920434    -0.00920990   
  35  -0.00000000    -0.07991988    -0.07991898   
  36   0.00000000     0.00219411    -0.00176148   
  37   1.66742483    -0.00173984    -0.00217629   
  38  -0.00173987     0.98960076    -0.00145807   
  39  -0.00217636    -0.00145841     0.98960046   
  40  -0.00000002    -0.00000002    -0.00000005   
  41  -0.00000004    -0.00000005     0.00000005   
  42  -0.00000001    -0.00000001     0.00000000   
  43  -0.00000001     0.00000007    -0.00000002   
  44   0.00000005    -0.00000007    -0.00000003   
  45   0.00000001     0.00000006     0.00000003   
  46  -0.00000000     0.00000007     0.00000002   
  47   0.00000000     0.00000000    -0.00000002   
  48  -0.00000002    -0.00000007    -0.00000000   
  49  -0.00000006    -0.00000003    -0.00000002   
  50  -0.00000003    -0.00000004    -0.00000001   
  51  -0.00000003    -0.00000003    -0.00000005   
  52   0.00000006     0.00000016    -0.00000005   
  53  -0.00000005    -0.00000009     0.00000006   
  54   0.00000004     0.00000005    -0.00000002   
  55   0.00000001     0.00000002     0.00000001   
  56   0.00000001    -0.00000001    -0.00000002   
  57   0.00000000     0.00000001     0.00000004   
  58   0.00000003    -0.00000009    -0.00000000   
  59  -0.00000001    -0.00000006     0.00000001   
  60   0.00000002     0.00000005    -0.00000001   

[[ 0.996975 -0.000075 -0.001498 ...  0.000927 -0.       -0.000785]
 [ 0.000075  0.998513  0.000018 ...  0.        0.001262 -0.      ]
 [ 0.001167 -0.000067  0.996028 ...  0.000017 -0.000003 -0.000018]
 ...
 [ 0.000857  0.        0.000022 ...  0.989985 -0.000001  0.121394]
 [ 0.       -0.001033  0.000001 ... -0.000001 -0.99687  -0.      ]
 [-0.00059  -0.       -0.000011 ... -0.121336 -0.        0.989348]]
 Saved MO coefficients to FCIDUMP/FCIDUMP_TTMmTTM_core_mo_coeff.npy
