  FCIDUMP file : FCIDUMP/FCIDUMP_AO_DTA
  NORB         : 62
  NELEC        : 78  (nalpha=39, nbeta=39)
  Scalar pot.  :  6050.1061599405
===============================================
 Testing CSF optimisation with named guesses
===============================================

************************************************
 Testing 'gwh' initial guess method
************************************************

  Initializing L-BFGS optimisation...
    > Num. MOs       =     62
    > Num. params    =    956
    > Max subspace   =     20
    > Max step size   =  0.500
    > Backtracking   =  0.100
    > Parallel tr.   = True
    > Pseudo-canon.  = True
    > Canon interval = 10
    > Hybrid prec.   = True
  ================================================================
           Energy / Eh     Step Len    Max(|G_i|)
  ================================================================
     0   592.9181004842                 8.49e+00
     1   579.5953492442    5.00e-01     1.28e+01    rescaled  
  Step has positive overlap with gradient - reversing direction
     2   566.0078673482    5.00e-01     1.43e+01    reset L-BFGS
     3   554.7084659965    5.00e-01     1.50e+01    rescaled  
     4   541.6231861130    5.00e-01     9.56e+00    rescaled  
     5   534.8400946487    5.00e-01     9.83e+00    rescaled  
     6   521.6970448509    5.00e-01     8.66e+00    rescaled  
     7   515.6948957399    5.00e-01     9.18e+00    rescaled  
     8   515.6948957399    5.00e-01     9.18e+00    understep 
     9   512.9601753989    5.00e-01     9.63e+00    rescaled  
    10   492.6859563556    5.00e-01     8.97e+00    rescaled  
    11   475.3148404463    5.00e-01     8.60e+00    rescaled  
    12   462.5814762145    5.00e-01     8.52e+00    rescaled  
    13   455.0125764229    5.00e-01     6.16e+00    rescaled  
    14   449.6431720132    5.00e-01     6.01e+00    rescaled  
    15   442.9250758821    5.00e-01     5.86e+00    rescaled  
    16   438.6895021591    5.00e-01     5.56e+00    rescaled  
    17   430.7299721410    5.00e-01     5.67e+00    rescaled  
    18   426.9381557491    5.00e-01     7.33e+00    rescaled  
    19   417.7338713995    5.00e-01     8.27e+00    rescaled  
    20   409.3604972062    5.00e-01     6.77e+00    rescaled  
    21   399.3116094115    5.00e-01     6.24e+00    rescaled  
    22   389.6967105885    5.00e-01     4.72e+00    rescaled  
    23   384.8815297649    5.00e-01     5.72e+00    rescaled  
    24   381.7164297707    5.00e-01     5.10e+00    rescaled  
    25   377.8335015242    5.00e-01     5.23e+00    rescaled  
    26   375.2710707469    5.00e-01     5.49e+00    rescaled  
    27   369.0876219329    5.00e-01     5.80e+00    rescaled  
    28   366.1929432385    5.00e-01     6.08e+00    rescaled  
    29   362.5472265582    5.00e-01     6.03e+00    rescaled  
  Step has positive overlap with gradient - reversing direction
    30   360.4699053519    5.00e-01     5.95e+00    reset L-BFGS
    31   356.3987724278    5.00e-01     5.65e+00    rescaled  
  Step has positive overlap with gradient - reversing direction
    32   353.1586963146    5.00e-01     5.05e+00    reset L-BFGS
    33   337.2142376328    5.00e-01     5.07e+00    rescaled  
  Step has positive overlap with gradient - reversing direction
    34   324.6890794498    5.00e-01     4.04e+00    reset L-BFGS
    35   320.6215429673    5.00e-01     4.25e+00    rescaled  
  Step has positive overlap with gradient - reversing direction
    36   316.9389604439    5.00e-01     4.89e+00    reset L-BFGS
    37   313.4550686093    5.00e-01     5.99e+00    rescaled  
    38   313.4550686093    5.00e-01     5.99e+00    understep 
  Step has positive overlap with gradient - reversing direction
    39   310.7291621841    5.00e-01     5.64e+00    reset L-BFGS
    40   296.5594838276    5.00e-01     4.88e+00    rescaled  
    41   289.7640530688    5.00e-01     7.85e+00    rescaled  
    42   286.4376992643    5.00e-01     5.99e+00    rescaled  
    43   279.1139919806    5.00e-01     5.28e+00    rescaled  
    44   274.7204532015    5.00e-01     4.59e+00    rescaled  
    45   267.1437920240    5.00e-01     3.20e+00    rescaled  
    46   261.5734573292    5.00e-01     4.50e+00    rescaled  
    47   258.0979631192    5.00e-01     2.70e+00    rescaled  
    48   255.3789705097    5.00e-01     2.06e+00    rescaled  
    49   255.4001380469    1.94e-01     2.02e+00              
    50   255.0977901160    1.75e-01     1.92e+00    overstep  
    51   253.9672335235    1.87e-01     1.56e+00              
    52   254.8544749293    2.00e-01     2.09e+00              
    53   253.5934328426    1.31e-01     1.27e+00    overstep  
    54   253.0202986745    1.35e-01     7.73e-01              
    55   252.7728896575    8.54e-02     5.34e-01              
    56   252.6651398062    4.02e-02     2.17e-01              
    57   252.6396824687    2.45e-02     1.20e-01              
    58   252.6308619270    2.26e-02     8.82e-02              
    59   252.6285635975    1.54e-02     7.67e-02              
    60   252.6263038636    6.85e-03     2.28e-02              
    61   252.6260480505    2.95e-03     9.66e-03              
    62   252.6259894804    8.51e-04     2.21e-03              
    63   252.6259859918    3.80e-04     1.39e-03              
    64   252.6259850461    1.51e-04     3.50e-04              
    65   252.6259849451    5.86e-05     1.66e-04              
    66   252.6259849261    3.48e-05     5.09e-05              
    67   252.6259849244    5.89e-06     1.48e-05              
    68   252.6259849243    1.04e-06     5.30e-06              
    69   252.6259849243    3.44e-07     1.58e-06              
    70   252.6259849243    8.19e-08     3.13e-07              
  ================================================================
  L-BFGS converged in     70 iterations (  5.37 seconds)
 Converged energy (gwh): 252.6259849243

************************************************
 Testing 'core' initial guess method
************************************************

  Initializing L-BFGS optimisation...
    > Num. MOs       =     62
    > Num. params    =    956
    > Max subspace   =     20
    > Max step size   =  0.500
    > Backtracking   =  0.100
    > Parallel tr.   = True
    > Pseudo-canon.  = True
    > Canon interval = 10
    > Hybrid prec.   = True
  ================================================================
           Energy / Eh     Step Len    Max(|G_i|)
  ================================================================
     0   562.1166751813                 1.84e+01
     1   535.8336130922    5.00e-01     1.61e+01    rescaled  
     2   518.5180409161    5.00e-01     1.44e+01    rescaled  
     3   491.3660849027    5.00e-01     1.10e+01    rescaled  
     4   481.2598913046    5.00e-01     8.94e+00    rescaled  
     5   473.9341754288    5.00e-01     8.01e+00    rescaled  
     6   469.6898760862    5.00e-01     7.78e+00    rescaled  
     7   455.4692056905    5.00e-01     7.67e+00    rescaled  
     8   439.5549467215    5.00e-01     7.07e+00    rescaled  
     9   429.8308728822    5.00e-01     6.85e+00    rescaled  
    10   422.1922188388    5.00e-01     7.41e+00    rescaled  
    11   410.9879626329    5.00e-01     6.79e+00    rescaled  
    12   404.1028957228    5.00e-01     5.88e+00    rescaled  
    13   399.7135571302    5.00e-01     6.02e+00    rescaled  
    14   391.9503206841    5.00e-01     5.86e+00    rescaled  
    15   385.4731468961    5.00e-01     5.73e+00    rescaled  
    16   377.2833446542    5.00e-01     7.17e+00    rescaled  
    17   373.0510626954    5.00e-01     7.90e+00    rescaled  
    18   368.3199641176    5.00e-01     7.83e+00    rescaled  
    19   368.3199641176    5.00e-01     7.83e+00    understep 
  Step has positive overlap with gradient - reversing direction
    20   365.6892715256    5.00e-01     7.98e+00    reset L-BFGS
    21   351.7110372232    5.00e-01     7.48e+00    rescaled  
    22   340.7369062893    5.00e-01     7.79e+00    rescaled  
    23   325.7247160497    5.00e-01     5.82e+00    rescaled  
    24   315.9384675927    5.00e-01     5.37e+00    rescaled  
    25   307.4757322835    5.00e-01     5.78e+00    rescaled  
    26   300.3335401401    5.00e-01     5.46e+00    rescaled  
    27   294.5148909950    5.00e-01     6.07e+00    rescaled  
    28   290.0885046614    5.00e-01     5.84e+00    rescaled  
    29   276.4510992905    5.00e-01     6.07e+00    rescaled  
    30   267.0576073199    5.00e-01     2.78e+00    rescaled  
    31   262.0528351972    5.00e-01     2.27e+00    rescaled  
    32   257.7999199157    5.00e-01     2.49e+00    rescaled  
    33   255.4122144489    5.00e-01     1.42e+00    rescaled  
    34   253.9491225646    2.93e-01     1.04e+00              
    35   253.8798985444    2.57e-01     1.23e+00              
    36   253.0755619149    1.05e-01     7.12e-01              
    37   253.3323817065    9.51e-02     1.52e+00              
    38   252.9501953508    6.62e-02     8.91e-01    overstep  
    39   252.7335026100    7.29e-02     3.81e-01              
    40   252.7253476041    7.93e-02     4.20e-01              
    41   252.6624332237    4.29e-02     1.75e-01              
    42   252.6720741536    3.15e-02     2.81e-01              
    43   252.6566286186    2.45e-02     2.43e-01    overstep  
    44   252.6441274390    3.36e-02     1.53e-01              
    45   252.6349261745    1.92e-02     1.13e-01              
    46   252.6282159699    1.69e-02     8.01e-02              
    47   252.6265754646    7.61e-03     2.34e-02              
    48   252.6261155441    3.79e-03     1.35e-02              
    49   252.6260141522    1.71e-03     7.18e-03              
    50   252.6259873348    9.11e-04     1.47e-03              
    51   252.6259854475    1.49e-04     9.72e-04              
    52   252.6259849636    7.58e-05     2.42e-04              
    53   252.6259849305    3.22e-05     9.29e-05              
    54   252.6259849252    1.69e-05     4.82e-05              
    55   252.6259849244    4.49e-06     1.38e-05              
    56   252.6259849243    1.02e-06     4.89e-06              
    57   252.6259849243    6.50e-07     2.21e-06              
    58   252.6259849243    4.27e-07     6.04e-07              
  ================================================================
  L-BFGS converged in     58 iterations (  3.71 seconds)
 Converged energy (core): 252.6259849243

===============================================
 Testing CSF optimisation with random coefficients
===============================================

************************************************
 Random coefficient initial guess, Trial 0
************************************************

  Initializing L-BFGS optimisation...
    > Num. MOs       =     62
    > Num. params    =    956
    > Max subspace   =     20
    > Max step size   =  0.500
    > Backtracking   =  0.100
    > Parallel tr.   = True
    > Pseudo-canon.  = True
    > Canon interval = 10
    > Hybrid prec.   = True
  ================================================================
           Energy / Eh     Step Len    Max(|G_i|)
  ================================================================
     0   478.2892668937                 8.48e+00
     1   468.1957673486    5.00e-01     7.22e+00    rescaled  
     2   456.8871125521    5.00e-01     7.29e+00    rescaled  
     3   433.2835388719    5.00e-01     6.76e+00    rescaled  
     4   417.5096786590    5.00e-01     6.12e+00    rescaled  
     5   406.0620766673    5.00e-01     5.96e+00    rescaled  
     6   406.0620766673    5.00e-01     5.96e+00    understep 
     7   397.0814695157    5.00e-01     5.77e+00    rescaled  
     8   386.8282135277    5.00e-01     5.83e+00    rescaled  
     9   379.0935710630    5.00e-01     6.32e+00    rescaled  
    10   364.1575650906    5.00e-01     7.87e+00    rescaled  
    11   351.9240584170    5.00e-01     8.84e+00    rescaled  
    12   333.7976212078    5.00e-01     5.47e+00    rescaled  
    13   322.6705506766    5.00e-01     5.69e+00    rescaled  
    14   316.3314194845    5.00e-01     6.90e+00    rescaled  
    15   310.6875354235    5.00e-01     7.66e+00    rescaled  
    16   300.9036131952    5.00e-01     7.77e+00    rescaled  
    17   290.0366469582    5.00e-01     6.13e+00    rescaled  
    18   281.8544557410    5.00e-01     4.67e+00    rescaled  
    19   275.1661639955    5.00e-01     4.13e+00    rescaled  
    20   267.7844264255    5.00e-01     4.03e+00    rescaled  
    21   261.4713990234    5.00e-01     3.05e+00    rescaled  
    22   260.1507100078    5.00e-01     2.40e+00    rescaled  
    23   255.9526621995    5.00e-01     1.30e+00    rescaled  
    24   255.3723996519    1.48e-01     1.59e+00              
    25   253.7450825218    1.94e-01     8.40e-01              
    26   253.5880136590    1.93e-01     1.02e+00              
    27   253.5326014508    1.39e-01     9.29e-01              
    28   253.0025975234    9.86e-02     5.59e-01              
    29   252.7786052202    7.95e-02     3.87e-01              
    30   252.7539704132    4.98e-02     4.04e-01              
    31   252.6590850569    4.24e-02     1.76e-01              
    32   252.6490812636    2.67e-02     1.73e-01              
    33   252.6311267008    1.71e-02     7.75e-02              
    34   252.6316670602    7.19e-03     6.39e-02              
    35   252.6304406890    6.47e-03     5.44e-02    overstep  
    36   252.6271131072    5.27e-03     1.68e-02              
    37   252.6270019997    3.35e-03     2.44e-02              
    38   252.6266913773    2.19e-03     5.71e-03              
    39   252.6266599387    8.48e-04     3.29e-03              
    40   252.6266445444    8.34e-04     1.06e-03              
    41   252.6266431905    1.66e-04     5.93e-04              
    42   252.6266430725    5.46e-05     1.06e-04              
    43   252.6266430596    2.94e-05     5.32e-05              
    44   252.6266430579    6.77e-06     1.68e-05              
    45   252.6266430576    4.02e-06     6.06e-06              
    46   252.6266430576    1.02e-06     1.28e-06              
    47   252.6266430576    2.06e-07     8.72e-07              
  ================================================================
  L-BFGS converged in     47 iterations (  2.39 seconds)
 Converged energy (trial 0): 252.6266430576

************************************************
 Random coefficient initial guess, Trial 1
************************************************

  Initializing L-BFGS optimisation...
    > Num. MOs       =     62
    > Num. params    =    956
    > Max subspace   =     20
    > Max step size   =  0.500
    > Backtracking   =  0.100
    > Parallel tr.   = True
    > Pseudo-canon.  = True
    > Canon interval = 10
    > Hybrid prec.   = True
  ================================================================
           Energy / Eh     Step Len    Max(|G_i|)
  ================================================================
     0   488.5992739133                 7.42e+00
     1   472.5371242251    5.00e-01     7.56e+00    rescaled  
  Step has positive overlap with gradient - reversing direction
     2   459.3404824664    5.00e-01     7.22e+00    reset L-BFGS
     3   440.0931604258    5.00e-01     6.33e+00    rescaled  
  Step has positive overlap with gradient - reversing direction
     4   424.9142308410    5.00e-01     5.79e+00    reset L-BFGS
     5   413.2555607004    5.00e-01     5.78e+00    rescaled  
     6   401.5007847576    5.00e-01     5.67e+00    rescaled  
     7   381.1624371807    5.00e-01     7.20e+00    rescaled  
     8   363.8583334929    5.00e-01     7.69e+00    rescaled  
     9   351.5283040573    5.00e-01     7.42e+00    rescaled  
    10   337.5781444252    5.00e-01     6.51e+00    rescaled  
    11   319.5696129191    5.00e-01     6.61e+00    rescaled  
    12   310.1249866886    5.00e-01     5.88e+00    rescaled  
    13   303.0049974260    5.00e-01     7.53e+00    rescaled  
    14   296.4790885906    5.00e-01     7.34e+00    rescaled  
    15   291.7089317419    5.00e-01     6.92e+00    rescaled  
    16   284.6192623022    5.00e-01     7.72e+00    rescaled  
    17   279.7937774157    5.00e-01     7.80e+00    rescaled  
    18   276.0649950785    5.00e-01     7.64e+00    rescaled  
    19   269.8895781118    5.00e-01     6.48e+00    rescaled  
    20   265.8661652178    5.00e-01     5.28e+00    rescaled  
    21   263.5724892563    5.00e-01     3.17e+00    rescaled  
    22   261.8014290374    5.00e-01     3.10e+00    rescaled  
    23   258.6606486838    5.00e-01     2.82e+00    rescaled  
    24   257.4433165624    2.63e-01     1.72e+00              
    25   256.5631543206    5.00e-01     1.47e+00    rescaled  
    26   256.0130230727    3.53e-01     1.94e+00              
    27   256.3561916653    1.67e-01     2.12e+00              
    28   255.7725155966    1.39e-01     2.00e+00    overstep  
    29   255.5036529007    4.25e-01     1.72e+00              
    30   254.4571469929    1.95e-01     1.35e+00              
    31   254.0535595140    7.87e-02     1.50e+00              
    32   253.7875488053    9.41e-02     1.19e+00              
    33   253.4026414323    1.67e-01     1.03e+00              
    34   252.8149418664    8.90e-02     6.63e-01              
    35   252.7083541719    3.30e-02     3.52e-01              
    36   252.6643689433    3.06e-02     2.08e-01              
    37   252.6451157244    1.80e-02     1.37e-01              
    38   252.6352934370    1.00e-02     1.06e-01              
    39   252.6285870875    1.71e-02     4.51e-02              
    40   252.6270649996    1.08e-02     1.84e-02              
    41   252.6266881169    5.49e-03     1.02e-02              
    42   252.6266500523    1.48e-03     3.19e-03              
    43   252.6266438199    4.03e-04     8.35e-04              
    44   252.6266431157    6.10e-05     3.28e-04              
    45   252.6266430630    3.48e-05     9.98e-05              
    46   252.6266430579    1.30e-05     1.67e-05              
    47   252.6266430576    2.70e-06     9.05e-06              
    48   252.6266430576    7.60e-07     1.76e-06              
    49   252.6266430576    1.64e-07     6.59e-07              
  ================================================================
  L-BFGS converged in     49 iterations (  2.55 seconds)
 Converged energy (trial 1): 252.6266430576

************************************************
 Random coefficient initial guess, Trial 2
************************************************

  Initializing L-BFGS optimisation...
    > Num. MOs       =     62
    > Num. params    =    956
    > Max subspace   =     20
    > Max step size   =  0.500
    > Backtracking   =  0.100
    > Parallel tr.   = True
    > Pseudo-canon.  = True
    > Canon interval = 10
    > Hybrid prec.   = True
  ================================================================
           Energy / Eh     Step Len    Max(|G_i|)
  ================================================================
     0   486.5565128682                 6.45e+00
     1   464.8801110480    5.00e-01     7.63e+00    rescaled  
     2   446.1457980113    5.00e-01     6.04e+00    rescaled  
     3   421.2055412044    5.00e-01     5.58e+00    rescaled  
     4   404.6436711513    5.00e-01     5.44e+00    rescaled  
     5   394.1561538345    5.00e-01     5.11e+00    rescaled  
     6   386.5163277549    5.00e-01     5.70e+00    rescaled  
     7   378.5265315890    5.00e-01     6.67e+00    rescaled  
     8   372.4792839579    5.00e-01     7.34e+00    rescaled  
     9   357.9811564769    5.00e-01     6.67e+00    rescaled  
    10   347.0356416238    5.00e-01     6.45e+00    rescaled  
    11   335.4462008475    5.00e-01     5.92e+00    rescaled  
    12   325.4163395559    5.00e-01     5.92e+00    rescaled  
    13   318.9272206437    5.00e-01     6.07e+00    rescaled  
    14   314.3872912158    5.00e-01     5.84e+00    rescaled  
    15   308.2285449316    5.00e-01     5.50e+00    rescaled  
    16   303.6405839020    5.00e-01     5.39e+00    rescaled  
    17   291.1778085731    5.00e-01     5.49e+00    rescaled  
    18   279.9032739002    5.00e-01     5.39e+00    rescaled  
    19   270.2567213239    5.00e-01     6.42e+00    rescaled  
    20   274.9740470837    5.00e-01     5.78e+00    rescaled  
    21   267.8182227329    3.60e-01     5.13e+00    overstep  
    22   263.3838598266    5.00e-01     2.53e+00    rescaled  
    23   260.0027699263    5.00e-01     2.55e+00    rescaled  
    24   256.1546514703    5.00e-01     1.93e+00    rescaled  
    25   257.3225083334    2.16e-01     1.89e+00              
    26   255.4675901337    1.65e-01     1.42e+00    overstep  
    27   255.5788682070    2.56e-01     1.59e+00              
    28   255.0052141974    2.31e-01     1.41e+00    overstep  
    29   253.8600649069    1.77e-01     1.17e+00              
    30   253.2564717959    1.04e-01     8.37e-01              
    31   253.0772032132    1.09e-01     5.60e-01              
    32   252.8295581411    4.26e-02     5.47e-01              
    33   252.8188323386    5.95e-02     6.83e-01              
    34   252.6611299929    6.43e-02     2.65e-01              
    35   252.6602224872    6.05e-02     3.30e-01              
    36   252.6279624617    3.12e-02     4.22e-02              
    37   252.6262922623    2.68e-03     1.80e-02              
    38   252.6260108182    1.66e-03     4.75e-03              
    39   252.6259886800    5.38e-04     2.08e-03              
    40   252.6259852881    1.52e-04     9.39e-04              
    41   252.6259849615    1.14e-04     2.51e-04              
    42   252.6259849279    3.14e-05     6.72e-05              
    43   252.6259849245    1.02e-05     1.41e-05              
    44   252.6259849243    1.67e-06     5.31e-06              
    45   252.6259849243    1.35e-06     1.78e-06              
    46   252.6259849243    2.36e-07     7.27e-07              
  ================================================================
  L-BFGS converged in     46 iterations (  3.65 seconds)
 Converged energy (trial 2): 252.6259849243

************************************************
 Random coefficient initial guess, Trial 3
************************************************

  Initializing L-BFGS optimisation...
    > Num. MOs       =     62
    > Num. params    =    956
    > Max subspace   =     20
    > Max step size   =  0.500
    > Backtracking   =  0.100
    > Parallel tr.   = True
    > Pseudo-canon.  = True
    > Canon interval = 10
    > Hybrid prec.   = True
  ================================================================
           Energy / Eh     Step Len    Max(|G_i|)
  ================================================================
     0   496.7563242334                 6.92e+00
     1   477.6008975985    5.00e-01     9.04e+00    rescaled  
     2   462.6049348689    5.00e-01     7.17e+00    rescaled  
     3   449.2886755829    5.00e-01     7.35e+00    rescaled  
     4   449.2886755829    5.00e-01     7.35e+00    understep 
     5   438.4245068256    5.00e-01     7.39e+00    rescaled  
     6   420.1970329165    5.00e-01     6.55e+00    rescaled  
     7   407.2510961545    5.00e-01     7.20e+00    rescaled  
     8   388.0780549042    5.00e-01     9.14e+00    rescaled  
     9   375.1919021828    5.00e-01     9.39e+00    rescaled  
    10   362.6983452844    5.00e-01     8.74e+00    rescaled  
    11   354.0424379044    5.00e-01     7.73e+00    rescaled  
    12   344.3381606650    5.00e-01     6.41e+00    rescaled  
    13   336.0745514107    5.00e-01     6.28e+00    rescaled  
    14   328.2052190443    5.00e-01     6.31e+00    rescaled  
    15   322.4240706235    5.00e-01     6.17e+00    rescaled  
    16   313.6904493716    5.00e-01     5.46e+00    rescaled  
    17   307.1244504678    5.00e-01     5.11e+00    rescaled  
    18   297.8099441497    5.00e-01     6.42e+00    rescaled  
    19   291.6540063958    5.00e-01     6.38e+00    rescaled  
    20   277.0676948500    5.00e-01     6.18e+00    rescaled  
    21   269.6612740720    5.00e-01     6.01e+00    rescaled  
    22   263.5351153704    5.00e-01     4.07e+00    rescaled  
    23   264.6070183922    5.00e-01     2.85e+00    rescaled  
    24   262.7057972061    4.19e-01     2.49e+00    overstep  
    25   259.3684438393    2.17e-01     2.05e+00              
    26   262.5661174830    1.98e-01     3.23e+00              
    27   258.0343043501    1.28e-01     2.45e+00    overstep  
    28   257.3750215547    2.64e-01     2.39e+00              
    29   255.6676995668    2.98e-01     1.58e+00              
    30   254.0528844915    1.59e-01     1.79e+00              
    31   254.0705882634    1.77e-01     1.96e+00              
    32   253.8383616341    1.60e-01     1.64e+00    overstep  
    33   253.1587377827    1.67e-01     7.90e-01              
    34   252.9699867022    9.13e-02     9.67e-01              
    35   252.7123434426    7.74e-02     3.17e-01              
    36   252.6740042652    2.04e-02     2.28e-01              
    37   252.6504169522    1.39e-02     1.51e-01              
    38   252.6404756124    1.88e-02     1.13e-01              
    39   252.6319138691    5.38e-03     6.68e-02              
    40   252.6266321957    7.51e-03     3.20e-02              
    41   252.6261352005    4.70e-03     1.44e-02              
    42   252.6260011234    1.94e-03     5.50e-03              
    43   252.6259870869    3.07e-04     2.23e-03              
    44   252.6259851118    2.05e-04     6.90e-04              
    45   252.6259849389    6.78e-05     1.50e-04              
    46   252.6259849253    1.96e-05     5.82e-05              
    47   252.6259849244    4.13e-06     1.15e-05              
    48   252.6259849243    5.94e-07     4.42e-06              
    49   252.6259849243    7.59e-07     1.35e-06              
    50   252.6259849243    2.48e-07     6.40e-07              
  ================================================================
  L-BFGS converged in     50 iterations (  3.30 seconds)
 Converged energy (trial 3): 252.6259849243

************************************************
 Random coefficient initial guess, Trial 4
************************************************

  Initializing L-BFGS optimisation...
    > Num. MOs       =     62
    > Num. params    =    956
    > Max subspace   =     20
    > Max step size   =  0.500
    > Backtracking   =  0.100
    > Parallel tr.   = True
    > Pseudo-canon.  = True
    > Canon interval = 10
    > Hybrid prec.   = True
  ================================================================
           Energy / Eh     Step Len    Max(|G_i|)
  ================================================================
     0   503.9193727834                 8.00e+00
     1   488.7172803611    5.00e-01     6.72e+00    rescaled  
     2   475.7397235598    5.00e-01     6.46e+00    rescaled  
     3   456.9435275878    5.00e-01     6.23e+00    rescaled  
     4   429.1803785991    5.00e-01     6.59e+00    rescaled  
     5   403.6220741075    5.00e-01     9.11e+00    rescaled  
     6   390.6319593932    5.00e-01     9.11e+00    rescaled  
     7   379.5605885766    5.00e-01     9.58e+00    rescaled  
     8   366.8597946934    5.00e-01     9.14e+00    rescaled  
     9   356.1581076980    5.00e-01     7.73e+00    rescaled  
    10   342.4860904847    5.00e-01     6.33e+00    rescaled  
    11   320.0098015292    5.00e-01     6.22e+00    rescaled  
    12   307.0660654000    5.00e-01     5.44e+00    rescaled  
    13   297.3544762121    5.00e-01     4.97e+00    rescaled  
    14   284.8071828849    5.00e-01     5.07e+00    rescaled  
    15   274.6335184979    5.00e-01     7.09e+00    rescaled  
    16   270.9009174478    5.00e-01     4.45e+00    rescaled  
    17   266.3147396118    5.00e-01     6.39e+00    rescaled  
    18   259.2461094297    5.00e-01     3.13e+00    rescaled  
    19   260.1824379976    5.00e-01     5.32e+00    rescaled  
    20   258.5282110274    4.40e-01     5.01e+00    overstep  
    21   256.4858373473    3.48e-01     2.30e+00              
    22   257.9251868196    2.95e-01     2.18e+00              
    23   255.6222015413    2.29e-01     1.48e+00    overstep  
    24   254.5868029766    1.71e-01     1.32e+00              
    25   254.9399204051    1.74e-01     1.68e+00              
    26   254.3100134620    1.54e-01     1.39e+00    overstep  
    27   253.6537043474    1.25e-01     9.06e-01              
    28   252.8097163336    6.52e-02     4.90e-01              
    29   253.0142244475    5.74e-02     7.51e-01              
    30   252.7279418480    3.62e-02     3.13e-01    overstep  
    31   252.6476460876    1.73e-02     1.21e-01              
    32   252.6482886539    1.73e-02     1.59e-01              
    33   252.6436834540    1.56e-02     1.32e-01    overstep  
    34   252.6296879767    6.31e-03     5.06e-02              
    35   252.6283175932    4.50e-03     3.86e-02              
    36   252.6268951864    3.50e-03     1.72e-02              
    37   252.6267177580    1.03e-03     8.30e-03              
    38   252.6266560673    7.10e-04     2.97e-03              
    39   252.6266443159    3.91e-04     9.41e-04              
    40   252.6266431755    9.09e-05     4.32e-04              
    41   252.6266430713    3.88e-05     1.52e-04              
    42   252.6266430583    2.40e-05     4.77e-05              
    43   252.6266430578    6.31e-06     3.54e-05              
    44   252.6266430576    1.68e-06     3.72e-06              
    45   252.6266430576    5.40e-07     2.47e-06              
    46   252.6266430576    5.40e-07     6.36e-07              
  ================================================================
  L-BFGS converged in     46 iterations (  3.31 seconds)
 Converged energy (trial 4): 252.6266430576

************************************************
 Random coefficient initial guess, Trial 5
************************************************

  Initializing L-BFGS optimisation...
    > Num. MOs       =     62
    > Num. params    =    956
    > Max subspace   =     20
    > Max step size   =  0.500
    > Backtracking   =  0.100
    > Parallel tr.   = True
    > Pseudo-canon.  = True
    > Canon interval = 10
    > Hybrid prec.   = True
  ================================================================
           Energy / Eh     Step Len    Max(|G_i|)
  ================================================================
     0   486.7002143590                 8.55e+00
     1   470.1428248887    5.00e-01     8.49e+00    rescaled  
     2   456.4304932188    5.00e-01     7.77e+00    rescaled  
     3   438.3962681494    5.00e-01     7.76e+00    rescaled  
     4   424.2797311612    5.00e-01     7.71e+00    rescaled  
     5   407.0521947712    5.00e-01     7.08e+00    rescaled  
     6   393.2948000922    5.00e-01     6.33e+00    rescaled  
     7   378.9270876345    5.00e-01     7.00e+00    rescaled  
     8   368.1968702503    5.00e-01     7.84e+00    rescaled  
     9   354.4484030942    5.00e-01     8.92e+00    rescaled  
    10   342.9793360105    5.00e-01     9.36e+00    rescaled  
    11   335.4896047596    5.00e-01     7.33e+00    rescaled  
    12   326.9251897176    5.00e-01     6.28e+00    rescaled  
    13   315.3793615129    5.00e-01     6.83e+00    rescaled  
    14   307.8527296383    5.00e-01     6.54e+00    rescaled  
    15   294.4637278425    5.00e-01     5.64e+00    rescaled  
    16   290.6869847014    5.00e-01     6.23e+00    rescaled  
    17   287.5065208340    5.00e-01     6.52e+00    rescaled  
    18   271.3881890960    5.00e-01     4.57e+00    rescaled  
    19   264.3229233435    5.00e-01     6.07e+00    rescaled  
    20   261.8898912885    5.00e-01     4.79e+00    rescaled  
    21   260.7758510087    5.00e-01     3.36e+00    rescaled  
    22   257.5973936513    2.43e-01     2.32e+00              
    23   257.3721870482    3.48e-01     2.53e+00              
    24   257.4082964883    2.60e-01     2.53e+00              
    25   256.4554553259    2.34e-01     2.33e+00    overstep  
    26   254.4490324843    1.78e-01     1.35e+00              
    27   253.5987025022    1.80e-01     9.28e-01              
    28   252.9411109596    6.51e-02     8.00e-01              
    29   252.9834641875    5.79e-02     7.21e-01              
    30   252.9069477147    5.18e-02     6.28e-01    overstep  
    31   252.7037849734    5.50e-02     2.94e-01              
    32   252.6819306619    3.04e-02     4.56e-01              
    33   252.6494146191    1.44e-02     1.60e-01              
    34   252.6481839099    1.05e-02     1.53e-01              
    35   252.6306795286    8.41e-03     6.41e-02              
    36   252.6274921460    4.22e-03     2.62e-02              
    37   252.6267422608    2.53e-03     1.07e-02              
    38   252.6266598580    1.15e-03     3.87e-03              
    39   252.6266437370    2.98e-04     9.54e-04              
    40   252.6266431375    8.90e-05     3.68e-04              
    41   252.6266430641    4.67e-05     1.07e-04              
    42   252.6266430583    2.20e-05     3.33e-05              
    43   252.6266430577    4.25e-06     1.38e-05              
    44   252.6266430576    7.36e-07     2.95e-06              
    45   252.6266430576    4.50e-07     1.20e-06              
    46   252.6266430576    3.84e-07     2.79e-07              
  ================================================================
  L-BFGS converged in     46 iterations (  3.87 seconds)
 Converged energy (trial 5): 252.6266430576

************************************************
 Random coefficient initial guess, Trial 6
************************************************

  Initializing L-BFGS optimisation...
    > Num. MOs       =     62
    > Num. params    =    956
    > Max subspace   =     20
    > Max step size   =  0.500
    > Backtracking   =  0.100
    > Parallel tr.   = True
    > Pseudo-canon.  = True
    > Canon interval = 10
    > Hybrid prec.   = True
  ================================================================
           Energy / Eh     Step Len    Max(|G_i|)
  ================================================================
     0   488.6351816273                 7.59e+00
     1   463.7557977113    5.00e-01     6.82e+00    rescaled  
     2   446.6728694887    5.00e-01     6.46e+00    rescaled  
     3   422.4102153464    5.00e-01     6.25e+00    rescaled  
     4   405.3368221056    5.00e-01     6.46e+00    rescaled  
     5   385.2455069952    5.00e-01     5.19e+00    rescaled  
     6   372.8756760490    5.00e-01     6.45e+00    rescaled  
     7   364.3799288310    5.00e-01     6.45e+00    rescaled  
     8   357.3118079041    5.00e-01     6.65e+00    rescaled  
     9   343.9166961474    5.00e-01     8.26e+00    rescaled  
    10   334.3846358505    5.00e-01     8.08e+00    rescaled  
    11   323.7983686250    5.00e-01     7.24e+00    rescaled  
    12   312.0446909204    5.00e-01     6.25e+00    rescaled  
    13   304.2551871247    5.00e-01     5.44e+00    rescaled  
    14   289.8185812773    5.00e-01     4.16e+00    rescaled  
    15   275.3202619855    5.00e-01     6.54e+00    rescaled  
    16   269.2878666020    5.00e-01     6.03e+00    rescaled  
    17   266.3161423421    3.55e-01     3.03e+00              
    18   268.3135459444    3.84e-01     6.20e+00              
    19   264.8427265807    3.38e-01     5.77e+00    overstep  
    20   262.2612189037    4.20e-01     6.25e+00              
    21   256.8429217617    5.00e-01     4.78e+00    rescaled  
    22   255.4215836395    2.20e-01     1.87e+00              
    23   255.1663255170    1.65e-01     2.00e+00              
    24   254.7304178917    1.59e-01     1.29e+00              
    25   253.2114295526    1.11e-01     7.25e-01              
    26   253.4688069601    6.66e-02     9.80e-01              
    27   253.0534231545    5.20e-02     6.89e-01    overstep  
    28   252.7089399769    4.94e-02     3.17e-01              
    29   252.7643836915    2.91e-02     5.19e-01              
    30   252.6844201696    1.94e-02     3.14e-01    overstep  
    31   252.6394119412    2.58e-02     1.17e-01              
    32   252.6307965077    7.51e-03     6.68e-02              
    33   252.6266977878    5.94e-03     2.91e-02              
    34   252.6260545212    1.83e-03     7.77e-03              
    35   252.6259964057    9.94e-04     2.71e-03              
    36   252.6259858978    5.68e-04     1.14e-03              
    37   252.6259850542    2.64e-04     3.01e-04              
    38   252.6259849359    5.06e-05     9.55e-05              
    39   252.6259849252    1.78e-05     3.96e-05              
    40   252.6259849244    2.87e-06     1.46e-05              
    41   252.6259849243    2.26e-06     5.06e-06              
    42   252.6259849243    2.91e-07     2.43e-06              
    43   252.6259849243    1.51e-07     3.23e-07              
  ================================================================
  L-BFGS converged in     43 iterations (  2.28 seconds)
 Converged energy (trial 6): 252.6259849243

************************************************
 Random coefficient initial guess, Trial 7
************************************************

  Initializing L-BFGS optimisation...
    > Num. MOs       =     62
    > Num. params    =    956
    > Max subspace   =     20
    > Max step size   =  0.500
    > Backtracking   =  0.100
    > Parallel tr.   = True
    > Pseudo-canon.  = True
    > Canon interval = 10
    > Hybrid prec.   = True
  ================================================================
           Energy / Eh     Step Len    Max(|G_i|)
  ================================================================
     0   475.7596914904                 7.93e+00
     1   458.6528376545    5.00e-01     7.71e+00    rescaled  
     2   443.7523905402    5.00e-01     7.37e+00    rescaled  
     3   419.0071182824    5.00e-01     7.50e+00    rescaled  
     4   391.1544635817    5.00e-01     6.48e+00    rescaled  
     5   382.0408900079    5.00e-01     6.23e+00    rescaled  
     6   375.1407389160    5.00e-01     6.55e+00    rescaled  
     7   363.2641731666    5.00e-01     5.01e+00    rescaled  
     8   355.0277593868    5.00e-01     4.76e+00    rescaled  
     9   335.1365483561    5.00e-01     6.75e+00    rescaled  
    10   315.6697097262    5.00e-01     6.99e+00    rescaled  
    11   306.9888661910    5.00e-01     5.68e+00    rescaled  
    12   300.5983499257    5.00e-01     6.00e+00    rescaled  
    13   295.9880429333    5.00e-01     6.01e+00    rescaled  
    14   290.4121543367    5.00e-01     5.49e+00    rescaled  
    15   285.6827360810    5.00e-01     4.93e+00    rescaled  
    16   280.9226656141    5.00e-01     5.74e+00    rescaled  
    17   270.4176118156    5.00e-01     4.08e+00    rescaled  
    18   264.1091528254    5.00e-01     4.17e+00    rescaled  
    19   259.2536606571    5.00e-01     2.74e+00    rescaled  
    20   258.0531827166    3.14e-01     2.17e+00              
    21   255.2847782202    2.42e-01     1.41e+00              
    22   256.5547442798    1.77e-01     1.88e+00              
    23   254.6600024423    1.22e-01     1.20e+00    overstep  
    24   253.6542690425    1.02e-01     7.91e-01              
    25   253.4671728069    1.82e-01     1.26e+00              
    26   254.0478773632    2.42e-01     1.41e+00              
    27   253.2395340020    1.55e-01     8.35e-01    overstep  
    28   253.1655310737    7.71e-02     7.83e-01              
    29   252.9185892266    6.60e-02     5.05e-01              
    30   252.8399459886    4.45e-02     5.77e-01              
    31   252.6511227639    2.04e-02     1.47e-01              
    32   252.6424303880    2.73e-02     1.52e-01              
    33   252.6304672892    1.05e-02     6.66e-02              
    34   252.6285113628    8.49e-03     4.14e-02              
    35   252.6273689486    6.86e-03     3.04e-02              
    36   252.6267955987    6.91e-03     1.25e-02              
    37   252.6266544225    3.11e-03     2.66e-03              
    38   252.6266444982    4.01e-04     1.13e-03              
    39   252.6266431474    1.11e-04     2.90e-04              
    40   252.6266430670    2.77e-05     9.02e-05              
    41   252.6266430584    1.47e-05     2.30e-05              
    42   252.6266430576    2.84e-06     6.79e-06              
    43   252.6266430576    4.93e-07     1.78e-06              
    44   252.6266430576    1.49e-07     6.46e-07              
  ================================================================
  L-BFGS converged in     44 iterations (  3.15 seconds)
 Converged energy (trial 7): 252.6266430576

************************************************
 Random coefficient initial guess, Trial 8
************************************************

  Initializing L-BFGS optimisation...
    > Num. MOs       =     62
    > Num. params    =    956
    > Max subspace   =     20
    > Max step size   =  0.500
    > Backtracking   =  0.100
    > Parallel tr.   = True
    > Pseudo-canon.  = True
    > Canon interval = 10
    > Hybrid prec.   = True
  ================================================================
           Energy / Eh     Step Len    Max(|G_i|)
  ================================================================
     0   489.8497107550                 7.65e+00
     1   467.9830436500    5.00e-01     7.93e+00    rescaled  
     2   467.9830436500    5.00e-01     7.93e+00    understep 
  Step has positive overlap with gradient - reversing direction
     3   449.2663640935    5.00e-01     7.19e+00    reset L-BFGS
     4   436.4321115702    5.00e-01     6.76e+00    rescaled  
     5   436.4321115702    5.00e-01     6.76e+00    understep 
     6   425.5071683238    5.00e-01     6.31e+00    rescaled  
     7   410.2907152366    5.00e-01     6.30e+00    rescaled  
     8   399.3638767167    5.00e-01     5.71e+00    rescaled  
     9   385.5755367391    5.00e-01     5.64e+00    rescaled  
    10   375.5139609553    5.00e-01     5.70e+00    rescaled  
    11   358.8622019259    5.00e-01     6.56e+00    rescaled  
    12   347.4547036679    5.00e-01     8.00e+00    rescaled  
    13   336.9487005635    5.00e-01     5.57e+00    rescaled  
    14   328.1355322361    5.00e-01     5.35e+00    rescaled  
    15   317.1824952938    5.00e-01     5.24e+00    rescaled  
    16   308.1960667222    5.00e-01     4.91e+00    rescaled  
    17   303.5200717608    5.00e-01     5.59e+00    rescaled  
    18   296.8134290752    5.00e-01     5.39e+00    rescaled  
    19   288.6278681006    5.00e-01     5.50e+00    rescaled  
    20   273.2197708714    5.00e-01     4.75e+00    rescaled  
    21   272.5596606194    5.00e-01     7.64e+00    rescaled  
    22   264.4710947662    4.75e-01     4.87e+00              
    23   261.7114780167    5.00e-01     2.70e+00    rescaled  
    24   261.8803448531    3.38e-01     4.07e+00              
    25   260.1245091875    3.04e-01     3.85e+00    overstep  
    26   258.8377773370    2.93e-01     2.52e+00              
    27   255.9910211608    2.57e-01     2.26e+00              
    28   256.8839368021    3.19e-01     2.42e+00              
    29   255.3609484812    2.65e-01     1.79e+00    overstep  
    30   253.7210105527    2.06e-01     1.12e+00              
    31   253.8877824997    7.54e-02     1.00e+00              
    32   253.5897487396    6.68e-02     8.62e-01    overstep  
    33   253.0116593624    8.15e-02     7.18e-01              
    34   252.7473755720    5.12e-02     4.10e-01              
    35   252.6703808007    2.62e-02     2.05e-01              
    36   252.6370667565    1.23e-02     1.11e-01              
    37   252.6297219531    7.46e-03     5.47e-02              
    38   252.6280576967    3.97e-03     3.85e-02              
    39   252.6269156195    2.97e-03     1.62e-02              
    40   252.6267184028    2.63e-03     8.33e-03              
    41   252.6266503973    2.74e-03     2.60e-03              
    42   252.6266448408    5.52e-04     1.27e-03              
    43   252.6266432529    1.18e-04     6.36e-04              
    44   252.6266430859    6.22e-05     2.14e-04              
    45   252.6266430602    4.05e-05     7.12e-05              
    46   252.6266430577    1.66e-05     1.46e-05              
    47   252.6266430576    1.64e-06     5.73e-06              
    48   252.6266430576    5.32e-07     8.05e-07              
  ================================================================
  L-BFGS converged in     48 iterations (  2.76 seconds)
 Converged energy (trial 8): 252.6266430576

************************************************
 Random coefficient initial guess, Trial 9
************************************************

  Initializing L-BFGS optimisation...
    > Num. MOs       =     62
    > Num. params    =    956
    > Max subspace   =     20
    > Max step size   =  0.500
    > Backtracking   =  0.100
    > Parallel tr.   = True
    > Pseudo-canon.  = True
    > Canon interval = 10
    > Hybrid prec.   = True
  ================================================================
           Energy / Eh     Step Len    Max(|G_i|)
  ================================================================
     0   485.6361880452                 6.74e+00
     1   451.5592230819    5.00e-01     6.05e+00    rescaled  
     2   424.8758688579    5.00e-01     6.93e+00    rescaled  
     3   407.3530321896    5.00e-01     8.08e+00    rescaled  
     4   394.1128769722    5.00e-01     8.75e+00    rescaled  
     5   383.7786701141    5.00e-01     9.25e+00    rescaled  
     6   376.2814212320    5.00e-01     9.97e+00    rescaled  
     7   354.4099552752    5.00e-01     1.05e+01    rescaled  
     8   338.0269950451    5.00e-01     1.01e+01    rescaled  
     9   323.5875515244    5.00e-01     8.33e+00    rescaled  
    10   313.2943892346    5.00e-01     6.34e+00    rescaled  
    11   313.2943892346    5.00e-01     6.34e+00    understep 
    12   299.7727419425    5.00e-01     5.44e+00    rescaled  
    13   290.0003352936    5.00e-01     5.58e+00    rescaled  
    14   281.8767349499    5.00e-01     4.37e+00    rescaled  
    15   269.0520526924    5.00e-01     3.48e+00    rescaled  
    16   263.4476834755    5.00e-01     3.25e+00    rescaled  
    17   259.5083863826    5.00e-01     2.45e+00    rescaled  
    18   257.5842140484    2.79e-01     4.32e+00              
    19   256.1920937439    2.40e-01     1.74e+00              
    20   254.9674884646    1.84e-01     1.88e+00              
    21   254.1156866895    1.31e-01     1.20e+00              
    22   253.9804777093    7.27e-02     9.71e-01              
    23   253.4926779146    4.52e-02     1.12e+00              
    24   253.6246385434    1.19e-01     1.16e+00              
    25   253.4073250382    9.52e-02     9.82e-01    overstep  
    26   252.9557863917    4.28e-02     5.75e-01              
    27   252.7766919348    3.51e-02     4.21e-01              
    28   252.6905226706    7.82e-02     2.35e-01              
    29   252.6599962657    2.94e-02     2.82e-01              
    30   252.6450267531    1.96e-02     1.35e-01              
    31   252.6369728690    1.83e-02     1.01e-01              
    32   252.6313373468    4.86e-03     5.95e-02              
    33   252.6267481877    5.97e-03     2.39e-02              
    34   252.6260342103    3.57e-03     6.39e-03              
    35   252.6259909261    1.59e-03     2.63e-03              
    36   252.6259859249    4.05e-04     1.14e-03              
    37   252.6259849914    1.15e-04     2.98e-04              
    38   252.6259849331    4.62e-05     1.48e-04              
    39   252.6259849248    3.34e-05     2.00e-05              
    40   252.6259849244    3.92e-06     2.33e-05              
    41   252.6259849243    9.86e-07     5.16e-06              
    42   252.6259849243    3.08e-07     8.06e-07              
  ================================================================
  L-BFGS converged in     42 iterations (  3.02 seconds)
 Converged energy (trial 9): 252.6259849243

===============================================
 Best solution: 'random_trial_6'
 Energy        = 252.6259849243
===============================================

  Initializing Davidson diagonalisation...
    > Max iterations =   1000
    > Target states  =      5
    > Convergence    =  1.000e-04
    > Basis per root =      4
    > Max basis size =     20
  Davidson diagonalisation converged in     33 iterations (  5.89 seconds)

   --------------------------
    Converged eigenvalues:   
   --------------------------
       0        3.03169619   
       1        5.20171564   
       2        6.15084755   
       3        6.62422031   
       4        6.93888502   
   --------------------------

 ---------------------------------------------
         Total Energy =   252.62598492 Eh
              Nuclear =  6050.10615994 Eh
         One Electron = -11315.15483073 Eh
              Coulomb =  5814.32298520 Eh
        ROHF Exchange =  -296.64832948 Eh
 ---------------------------------------------
           <Sz> =  1.00
           <S2> =  2.00
  Spin Coupling = ++

 -----------------------------------------------------------------------------------------------
  Open-Shell Exchange Matrix <Ψ|Êpq Êqp|Ψ> - Np
 -----------------------------------------------------------------------------------------------
           1              2        
   1   0.00000000    -1.00000000   
   2  -1.00000000     0.00000000   

 -----------------------------------------------------------------------------------------------
  Open-Shell Exchange Integrals <pq|qp>
 -----------------------------------------------------------------------------------------------
           1              2        
   1   7.09796747     0.01807017   
   2   0.01807017     6.40612038   

 -----------------------------------------------------------------------------------------------
  Occupied Orbital Coefficients
 -----------------------------------------------------------------------------------------------
           1              2              3              4              5              6        
   1   0.00045419     0.20881502     0.20538887     0.01098929    -0.00006320     0.01179778   
   2   0.00773518     0.14346221    -0.01367550    -0.00320081     0.00214763     0.00420998   
   3   0.00041632     0.17608182    -0.10715126    -0.20983188     0.00056033     0.00274752   
   4   0.02619231     0.20337257    -0.15118244     0.18351332     0.00718172    -0.00036432   
   5  -0.00004316     0.23281663     0.27404171     0.01408430     0.00636775     0.33116485   
   6   0.00025909     0.13951518     0.17740071     0.00925312     0.00361274     0.14237099   
   7   0.00045791     0.16006794     0.21572738     0.01166182     0.00235008     0.03400682   
   8   0.00030277     0.14493355     0.18530578     0.01033519    -0.00110556    -0.10578595   
   9  -0.00003090     0.24703995     0.29454005     0.01689634    -0.00583667    -0.30640580   
  10  -0.00004860     0.19975462    -0.14587599    -0.29305318     0.00412159    -0.04369007   
  11   0.00031012     0.11493674    -0.08947360    -0.18238632    -0.00015848    -0.01715687   
  12   0.00046984     0.12512331    -0.10218215    -0.21079748    -0.00382203     0.00009198   
  13   0.00026628     0.11153812    -0.08586047    -0.17619602    -0.00420024     0.01754087   
  14  -0.00006084     0.19063195    -0.13635061    -0.27670777    -0.00635743     0.04567653   
  15   0.04274702     0.23111311    -0.20126002     0.25268656    -0.31873149     0.00555805   
  16   0.10445610     0.10584043    -0.09648966     0.12180815    -0.12739058     0.00301071   
  17   0.38413393     0.04895377    -0.04864244     0.06169328     0.00319074     0.00098012   
  18   0.10431241     0.10379466    -0.09498840     0.11834353     0.13696511    -0.00190484   
  19   0.04253641     0.22527167    -0.19679442     0.24327062     0.33476147    -0.00656092   
  20   0.00023651    -0.00033644     0.00037186    -0.00048075    -0.00008491    -0.00000318   
  21   0.00214589    -0.00115326     0.00127417    -0.00164556    -0.00021640    -0.00002705   
  22   0.01460661    -0.00796338     0.00823650    -0.01053222    -0.00123690    -0.00002590   
  23   0.00023055    -0.00033317     0.00036462    -0.00046982    -0.00007552    -0.00000191   
  24   0.00006081    -0.00020682     0.00022774    -0.00029416    -0.00006269    -0.00000002   
  25   0.00003266    -0.00006580     0.00007661    -0.00009934    -0.00002498    -0.00000133   
  26   0.00002365    -0.00002327     0.00003424    -0.00004540    -0.00001724    -0.00000270   
  27   0.00002982    -0.00006600     0.00007516    -0.00009721    -0.00002389    -0.00000069   
  28   0.00006112    -0.00019839     0.00021719    -0.00028043    -0.00005901     0.00000065   
  29   0.02818769    -0.01274426     0.01247114    -0.01580777    -0.00157870     0.00008764   
  30   0.08544006    -0.02021726     0.01843833    -0.02311439    -0.00152472     0.00019450   
  31   0.33779628    -0.04708250     0.04212141    -0.05268515    -0.00237187     0.00008946   
  32   0.08626949    -0.02060963     0.01874760    -0.02352165    -0.00177610     0.00033968   
  33   0.02886597    -0.01338989     0.01311852    -0.01664130    -0.00185910     0.00019519   
  34   0.00005663    -0.00019238     0.00020774    -0.00026686    -0.00004836     0.00000125   
  35   0.00002940    -0.00005828     0.00006648    -0.00008623    -0.00002020    -0.00000036   
  36   0.00002535    -0.00001361     0.00002403    -0.00003300    -0.00001528    -0.00000211   
  37   0.00003197    -0.00005762     0.00006697    -0.00008712    -0.00002126    -0.00000031   
  38   0.00005526    -0.00019800     0.00021443    -0.00027565    -0.00005170     0.00000235   
  39   0.27189346    -0.03764852     0.03352519    -0.04191628    -0.00151639    -0.00005660   
  40   0.07074562    -0.01578221     0.01414535    -0.01772007    -0.00065460     0.00009638   
  41   0.02087478    -0.00718775     0.00675392    -0.00850832    -0.00032716    -0.00000238   
  42   0.01196139    -0.00487625     0.00490392    -0.00622090    -0.00022090    -0.00008185   
  43   0.02123165    -0.00728981     0.00684109    -0.00860701    -0.00029077    -0.00001423   
  44   0.07095213    -0.01588186     0.01420972    -0.01776211    -0.00057550     0.00006355   
  45   0.00260566    -0.00097778     0.00106079    -0.00135590    -0.00004173    -0.00003617   
  46   0.78043010    -0.06145245     0.05342975    -0.06656353    -0.00192903    -0.00033693   
  47   0.00088448     0.20949767    -0.15850907    -0.32967312    -0.01352244     0.08445287   
  48   0.00134303     0.22904871    -0.18041580    -0.36343883     0.00837927    -0.08853420   
  49   0.02444908     0.26583817    -0.25018069     0.30941912     0.61963395    -0.01020167   
  50   0.02462712     0.27774834    -0.25743251     0.32939234    -0.60542939     0.01093645   
  51   0.00088279     0.25782013     0.32551300     0.01473091     0.01341809     0.60763043   
  52   0.00131947     0.28775882     0.36781508     0.02255407    -0.01168608    -0.61044431   
  53  -0.00046109     0.14410849     0.19868656     0.01110113     0.00182795     0.04388921   
  54   0.01230390    -0.01030825     0.01043408    -0.01329308    -0.00179191     0.00024424   
  55   0.01169185    -0.00907327     0.00915268    -0.01164831    -0.00140289     0.00009347   
  56   0.00008527    -0.00009061     0.00010610    -0.00013889    -0.00003782     0.00000321   
  57   0.00006133    -0.00006805     0.00008551    -0.00011126    -0.00002663    -0.00000329   
  58   0.00008430    -0.00010611     0.00012603    -0.00016174    -0.00003683    -0.00000429   
  59   0.00006148    -0.00007497     0.00009402    -0.00012327    -0.00003662    -0.00000089   
  60  -0.00001321    -0.00004524     0.00005257    -0.00007075    -0.00002579     0.00000033   
  61  -0.00048212     0.11118739    -0.09302566    -0.19182305    -0.00339815     0.00115718   
  62  -0.00001615    -0.00004161     0.00004718    -0.00006114    -0.00001537     0.00000003   
           7              8              9              10             11             12       
   1  -0.00017139    -0.00398865    -0.09967901    -0.00560897     0.00029649    -0.00020036   
   2   0.00292501    -0.00649483    -0.03376003     0.02452226    -0.00018739     0.00029929   
   3   0.01017429    -0.00281017    -0.02318755     0.09414776     0.00028492    -0.00019596   
   4  -0.00009579    -0.01722626    -0.00981945     0.00763830     0.00086817    -0.00026702   
   5  -0.04721459    -0.00253684    -0.12474132    -0.02202656     0.00014447    -0.00013218   
   6  -0.02221411     0.00395065     0.13708282     0.01637278    -0.00007032     0.00004826   
   7  -0.00902863     0.01193976     0.45363664     0.06232519    -0.00019835     0.00015773   
   8   0.01296142     0.00423148     0.15192063     0.01983146    -0.00006550     0.00004812   
   9   0.04313521    -0.00189879    -0.09023356    -0.01382036     0.00017470    -0.00014733   
  10  -0.30763052    -0.00058377    -0.01303285     0.09003743     0.00014766    -0.00013646   
  11  -0.10790998     0.00255147     0.02613338    -0.15270391    -0.00006529     0.00004942   
  12   0.02896528     0.00661261     0.07451691    -0.45534515    -0.00017412     0.00015105   
  13   0.13971315     0.00237622     0.02569482    -0.14031465    -0.00005894     0.00004579   
  14   0.32998290    -0.00100012    -0.01387907     0.11912139     0.00014780    -0.00013292   
  15  -0.00717147    -0.01673136     0.00400987    -0.00127319     0.00129665    -0.00062717   
  16  -0.00225409     0.02882813     0.00361499    -0.00229267    -0.00295953     0.00161058   
  17   0.00090312     0.08446864     0.00230106    -0.00253362    -0.00871451     0.00477934   
  18   0.00347985     0.02846608     0.00327699    -0.00313485    -0.00299866     0.00164699   
  19   0.00698227    -0.01872996     0.00331745    -0.00317776     0.00136577    -0.00064381   
  20  -0.00000927    -0.03529924     0.00086653    -0.00028191    -0.25862130    -0.02186473   
  21  -0.00003230    -0.05518748     0.00119886    -0.00032558    -0.04592482     0.03842705   
  22  -0.00012491    -0.29541558     0.00677225    -0.00196398     0.01304294    -0.00254730   
  23  -0.00000882    -0.02923021     0.00070329    -0.00021849    -0.04527374     0.26346678   
  24  -0.00000461    -0.03594688     0.00092145    -0.00031755    -0.38798999    -0.04896547   
  25  -0.00000255    -0.01935279     0.00050535    -0.00017778    -0.25861860    -0.03728306   
  26  -0.00000291    -0.01936304     0.00051394    -0.00018413    -0.31206897    -0.04937965   
  27  -0.00000275    -0.01773610     0.00046306    -0.00016230    -0.22933091    -0.03219953   
  28  -0.00000560    -0.03142624     0.00080063    -0.00027285    -0.31308582    -0.03632802   
  29  -0.00005559    -0.35667897     0.00852164    -0.00261232     0.02591007    -0.00991911   
  30   0.00004134    -0.20459556     0.00497301    -0.00156136     0.01807799    -0.00855586   
  31  -0.00012818    -0.14945741     0.00266612    -0.00043781     0.01738419    -0.01024782   
  32  -0.00003434    -0.23637205     0.00591598    -0.00187620     0.02335200    -0.01344215   
  33  -0.00011665    -0.42907418     0.01049578    -0.00327951     0.03774241    -0.02091982   
  34  -0.00000462    -0.02404034     0.00059944    -0.00019429    -0.04667589     0.32690766   
  35  -0.00000258    -0.01208176     0.00030481    -0.00010060    -0.02888224     0.23101290   
  36  -0.00000313    -0.01152590     0.00029222    -0.00009758    -0.03396812     0.30206523   
  37  -0.00000302    -0.01278812     0.00032240    -0.00010633    -0.03120998     0.25417770   
  38  -0.00000559    -0.02619870     0.00065593    -0.00021357    -0.05301719     0.38758388   
  39  -0.00000259     0.08342776    -0.00334993     0.00152123    -0.00910102     0.00543756   
  40   0.00006705     0.04765808    -0.00161378     0.00064975    -0.00558664     0.00353107   
  41  -0.00000787     0.03080788    -0.00128862     0.00062554    -0.00408579     0.00275687   
  42  -0.00007373     0.02659706    -0.00141620     0.00079814    -0.00389134     0.00272104   
  43   0.00003386     0.03160723    -0.00130460     0.00061639    -0.00421435     0.00284831   
  44   0.00018637     0.04871786    -0.00161722     0.00060310    -0.00573901     0.00363745   
  45  -0.00003684     0.00628249    -0.00041138     0.00025644    -0.00095904     0.00067935   
  46  -0.00029287     0.07851481    -0.00387813     0.00198662    -0.00661555     0.00324898   
  47   0.60930220    -0.00142300    -0.03120567     0.31450977    -0.00023393     0.00012095   
  48  -0.60981605    -0.00076701    -0.02929909     0.26460083    -0.00023061     0.00011563   
  49   0.01276072    -0.05329473     0.01730800    -0.01361072     0.00458155    -0.00234074   
  50  -0.01162785    -0.04895184     0.01808071    -0.01091475     0.00431875    -0.00221388   
  51  -0.08658611    -0.00531388    -0.31786466    -0.06285753    -0.00024857     0.00012967   
  52   0.08389968    -0.00422293    -0.25783988    -0.04919510    -0.00020610     0.00011095   
  53  -0.01065525     0.01833086     0.72550342     0.10552525     0.00003983    -0.00001841   
  54  -0.00012441    -0.52945430     0.01327048    -0.00426574     0.05870463    -0.03722763   
  55  -0.00003609    -0.38897489     0.00949484    -0.00299350     0.03628571    -0.01632622   
  56  -0.00000700    -0.02313084     0.00058351    -0.00019257    -0.05807045     0.47928811   
  57  -0.00000297    -0.01825286     0.00045342    -0.00014767    -0.04468082     0.35049896   
  58   0.00000078    -0.03545814     0.00092372    -0.00032773    -0.48136424    -0.06928489   
  59  -0.00000650    -0.02565416     0.00065901    -0.00022784    -0.32432445    -0.04283137   
  60  -0.00000265    -0.02000685     0.00052996    -0.00019121    -0.32190374    -0.05228283   
  61   0.03654337     0.00967598     0.11258410    -0.72508070     0.00006399    -0.00002201   
  62  -0.00000196    -0.01183652     0.00030543    -0.00010299    -0.03333642     0.29853543   
           13             14             15             16             17             18       
   1  -0.00000833     0.00117290     0.00000408     0.00000417     0.00003998    -0.00026408   
   2   0.00012732     0.00740312    -0.00006333    -0.00002740     0.00083836    -0.00122972   
   3   0.00007008     0.00098613     0.00000395     0.00000173     0.00003811    -0.00026102   
   4   0.00018855     0.01147178    -0.00008437    -0.00000346     0.00080340    -0.00126012   
   5   0.00000548    -0.00056633     0.00000807     0.00000463    -0.00010405     0.00005338   
   6   0.00003497    -0.00002422    -0.00000510    -0.00000155     0.00004054    -0.00006939   
   7   0.00006434     0.00022597    -0.00001040    -0.00000570     0.00011078    -0.00010288   
   8  -0.00001685     0.00009754    -0.00000398     0.00000154     0.00004578    -0.00007741   
   9  -0.00010942    -0.00031038     0.00001147     0.00001101    -0.00010494     0.00004896   
  10   0.00001139    -0.00047785     0.00000608     0.00000523    -0.00010390     0.00004844   
  11  -0.00000369     0.00008561    -0.00000718    -0.00000076     0.00004622    -0.00007466   
  12  -0.00000448     0.00032121    -0.00001078    -0.00000460     0.00010992    -0.00009842   
  13  -0.00001823     0.00002624    -0.00000356     0.00000013     0.00004151    -0.00006661   
  14  -0.00001896    -0.00059571     0.00001215     0.00000671    -0.00010386     0.00005483   
  15   0.00010700     0.00697156    -0.00001758    -0.00000011     0.00018639    -0.00041816   
  16  -0.00613275     0.10908173    -0.00022374    -0.00005519     0.00176049    -0.00190370   
  17  -0.01147267     0.19373900    -0.00049569    -0.00008438     0.00335862    -0.00316035   
  18  -0.00594997     0.10726791    -0.00022591    -0.00005490     0.00177782    -0.00192031   
  19   0.00025070     0.00501869    -0.00000696     0.00000337     0.00018723    -0.00041540   
  20   0.00050725    -0.00107456    -0.01442334    -0.00176170     0.13827995    -0.00118853   
  21   0.00704831    -0.00447352    -0.00163427    -0.00215188     0.02505510    -0.02170510   
  22   0.04237757    -0.02622655    -0.00066217    -0.00016256     0.00610176    -0.00625485   
  23  -0.00093292    -0.00057405    -0.00048887    -0.00654982     0.00943761    -0.12542088   
  24  -0.00214209     0.00042979    -0.30540508    -0.00052065     0.01766035     0.00157276   
  25  -0.00221556     0.00129208    -0.03143867     0.00164475    -0.13876591    -0.00264456   
  26  -0.00348096     0.00269178     0.22294297     0.00442829    -0.34899415    -0.00834533   
  27  -0.00164603     0.00102565     0.19669875     0.00075022    -0.01543795     0.00157650   
  28  -0.00075911    -0.00017715     0.26440659    -0.00263051     0.31223493     0.01164274   
  29   0.38254386    -0.04436585     0.00002563    -0.00003809    -0.00236133     0.00114520   
  30   0.18303979     0.01643354     0.00032461    -0.00007773    -0.00304944     0.00245632   
  31   0.03406158     0.07951938     0.00057114    -0.00001683    -0.00417929     0.00398608   
  32  -0.10821048     0.03019237     0.00045525     0.00011670    -0.00226859     0.00187021   
  33  -0.28202449    -0.01622102     0.00027371     0.00038878    -0.00048500    -0.00023140   
  34  -0.00327481     0.00048372     0.00047282    -0.31411188     0.00305460    -0.23884828   
  35  -0.00340180     0.00118880     0.00071135    -0.18593602    -0.00809444     0.06982521   
  36  -0.00547433     0.00246138     0.00124048    -0.14699861    -0.02226200     0.40409512   
  37  -0.00377247     0.00145785     0.00043137     0.06112275    -0.00836455     0.14521037   
  38  -0.00418735     0.00113153    -0.00024639     0.30291079     0.00270545    -0.05972108   
  39  -0.02682652    -0.37703039     0.00022131     0.00002414    -0.00014820    -0.00012929   
  40  -0.02177298    -0.37880586     0.00031365     0.00000886    -0.00058530     0.00008312   
  41  -0.01900350    -0.37429840     0.00031735     0.00002216    -0.00060797    -0.00001208   
  42  -0.01888332    -0.38802967     0.00031056     0.00003953    -0.00053248    -0.00015305   
  43  -0.01956533    -0.38373515     0.00032417     0.00003004    -0.00059929    -0.00003568   
  44  -0.02250087    -0.39033726     0.00032388     0.00002115    -0.00058270     0.00006216   
  45  -0.00476819    -0.10002190     0.00007372     0.00001870    -0.00012519    -0.00005982   
  46  -0.00608437     0.07497058    -0.00019727     0.00001057     0.00065215    -0.00015737   
  47  -0.00009934    -0.00145562     0.00000471     0.00000065    -0.00008569     0.00026393   
  48  -0.00006157    -0.00132716     0.00000005    -0.00000063    -0.00008401     0.00025664   
  49   0.00686103    -0.11777609     0.00028541     0.00004720    -0.00207780     0.00236660   
  50   0.00686458    -0.11681295     0.00027204     0.00004333    -0.00203576     0.00232247   
  51  -0.00000203    -0.00159982     0.00000264    -0.00000314    -0.00008608     0.00026588   
  52  -0.00011495    -0.00134515     0.00000529     0.00000065    -0.00008435     0.00025891   
  53   0.00006305     0.00004372     0.00000528    -0.00000114    -0.00006712     0.00013412   
  54  -0.56571271    -0.03996488     0.00151956     0.00056528    -0.00854168     0.00738232   
  55   0.63440340    -0.08731790     0.00122862     0.00000983    -0.01150934     0.00937953   
  56  -0.00660176     0.00249469    -0.00012675     0.64746330     0.00132138    -0.15729117   
  57  -0.00489346     0.00122384     0.00143521    -0.53266297     0.00213216    -0.48184155   
  58  -0.00420380     0.00143064    -0.66314712    -0.00087028     0.04280780     0.01124640   
  59  -0.00131043     0.00026147     0.42959665    -0.00497602     0.58352499     0.02885046   
  60  -0.00408728     0.00353223     0.35056170     0.00754622    -0.62989533    -0.02008090   
  61   0.00003298     0.00009685     0.00000874    -0.00000017    -0.00006978     0.00013230   
  62  -0.00566221     0.00276151     0.00142220    -0.21577701    -0.03165297     0.68934445   
           19             20             21             22             23             24       
   1  -0.15406908    -0.30619316     0.28212570    -0.06913543    -0.04236863    -0.04150924   
   2  -0.28816718    -0.35970212    -0.01494399     0.08037356    -0.26952927    -0.05613965   
   3  -0.15158283    -0.29600256    -0.29342986    -0.08688888    -0.03080097    -0.03776073   
   4  -0.29187115    -0.10704565    -0.01370431     0.28363320    -0.32177938     0.00407707   
   5  -0.03222673    -0.10078363     0.16828328    -0.05923751     0.05663153     0.00080385   
   6  -0.02622973    -0.09208936     0.21367243    -0.09314183     0.17293854     0.04279708   
   7  -0.00342403    -0.02621946     0.10586574    -0.05475208     0.13191965     0.03964951   
   8  -0.02876572    -0.09865518     0.22217380    -0.09907491     0.18230250     0.04307617   
   9  -0.03627541    -0.11036089     0.17791753    -0.06618308     0.06555272     0.00059265   
  10  -0.03451982    -0.10345809    -0.17619939    -0.07648166     0.07104661     0.00210035   
  11  -0.02677047    -0.09007737    -0.21246037    -0.10962903     0.18476545     0.04180386   
  12  -0.00236447    -0.02180651    -0.09729275    -0.05860054     0.13116801     0.03752785   
  13  -0.02459487    -0.08465718    -0.20568335    -0.10389671     0.17675887     0.04154292   
  14  -0.03094861    -0.09526800    -0.16809078    -0.06943697     0.06298614     0.00214337   
  15  -0.12703729     0.03357484    -0.00561953     0.13177799    -0.06638933     0.01601317   
  16  -0.26658133     0.20409186     0.00181240     0.05011001     0.16925733     0.02753024   
  17  -0.27343043     0.26328984     0.00847348    -0.09100556     0.24993635     0.00660707   
  18  -0.26505880     0.20478297     0.00501305     0.04431108     0.16657047     0.03574964   
  19  -0.12350793     0.03354004    -0.00139711     0.12700153    -0.06784170     0.02183210   
  20  -0.00092737     0.00015206    -0.00023883     0.01525889     0.01949081     0.31920710   
  21  -0.00263439    -0.00170757    -0.00074654     0.03848655     0.03151041     0.20041367   
  22  -0.01950913    -0.00108087    -0.00248224     0.12650531     0.08910272     0.23002875   
  23  -0.00070268     0.00017078    -0.00022360     0.01431038     0.01764235     0.21674713   
  24  -0.00005857     0.00024554    -0.00003870     0.00374290     0.00746884     0.18465951   
  25  -0.00000383    -0.00002465    -0.00001784     0.00182007     0.00534258     0.21197340   
  26  -0.00010951    -0.00017250     0.00001373    -0.00093002     0.00037183     0.09338076   
  27   0.00020728     0.00000463    -0.00000021     0.00082878     0.00406498     0.18014499   
  28   0.00047723     0.00028069    -0.00000312     0.00181497     0.00534839     0.14303092   
  29  -0.03295222     0.01161431    -0.00115299     0.06661123     0.04494785     0.08240829   
  30   0.10704417    -0.13096374    -0.00840089     0.28127420     0.08123188    -0.01893746   
  31   0.22931343    -0.23154232    -0.01138139     0.33016029     0.05750682    -0.11537190   
  32   0.11862901    -0.14272799    -0.00904713     0.30988315     0.09391939    -0.00891104   
  33  -0.01456531    -0.00406002    -0.00200588     0.09596523     0.05684370     0.09494792   
  34   0.00082521     0.00030042     0.00000641     0.00134926     0.00445270     0.08661944   
  35   0.00007929    -0.00000239     0.00000522     0.00038808     0.00273951     0.08706394   
  36  -0.00077109    -0.00019543     0.00001302    -0.00110108    -0.00051110     0.03109297   
  37  -0.00018358    -0.00003833    -0.00001052     0.00113737     0.00356810     0.10055851   
  38   0.00017414     0.00024220    -0.00002607     0.00286478     0.00592585     0.10628354   
  39   0.00422414    -0.01971552     0.00145710    -0.16650191    -0.31651989     0.19415640   
  40  -0.05208519     0.01279776     0.00000438    -0.02287790    -0.10852049     0.08977577   
  41  -0.09073630     0.04005744    -0.00128295     0.12744196     0.17983894    -0.09691878   
  42  -0.11002958     0.05369588    -0.00191418     0.20163169     0.32926921    -0.19073782   
  43  -0.09381490     0.04179185    -0.00141348     0.12974358     0.18115452    -0.07969158   
  44  -0.05583712     0.01485705    -0.00019422    -0.02073070    -0.10813477     0.10898710   
  45  -0.03045316     0.01554833    -0.00057075     0.06277887     0.10856097    -0.06669009   
  46   0.10506045    -0.05066350     0.00186402    -0.13592408    -0.08331312    -0.04448421   
  47   0.12553974     0.24379571     0.28905877     0.10824969    -0.08106544    -0.00278767   
  48   0.12251938     0.23972236     0.28714634     0.10850348    -0.08360413    -0.00294655   
  49   0.38476806    -0.06721760     0.00522944    -0.17894955     0.07576374    -0.02152916   
  50   0.38115003    -0.06605854     0.00594701    -0.18133736     0.07396139    -0.01658624   
  51   0.12804463     0.25464015    -0.28721510     0.09222094    -0.07289801    -0.00147427   
  52   0.12465446     0.25004113    -0.28556583     0.09277275    -0.07617205    -0.00167227   
  53   0.05202409     0.15479295    -0.30463175     0.12801412    -0.22037519    -0.05122979   
  54  -0.13301024     0.14470607     0.00896853    -0.31375395    -0.11609729    -0.13180248   
  55  -0.15652684     0.16032122     0.00958244    -0.32511271    -0.11638799    -0.13233835   
  56   0.00218545    -0.00008436     0.00022966    -0.01347735    -0.01510578    -0.19508131   
  57   0.00333029    -0.00000017     0.00027109    -0.01526906    -0.01638056    -0.20484031   
  58   0.00169014    -0.00007134     0.00023248    -0.01381831    -0.01678620    -0.31427047   
  59   0.00260723    -0.00001806     0.00027664    -0.01593503    -0.01838996    -0.32970585   
  60  -0.00107541    -0.00003002     0.00001111    -0.00213851    -0.00694864    -0.26198612   
  61   0.05002718     0.14487761     0.29657614     0.14400731    -0.22607785    -0.04996258   
  62  -0.00224002    -0.00005022    -0.00000156    -0.00135152    -0.00515280    -0.13422405   
           25             26             27             28             29             30       
   1   0.18358066     0.04489581     0.06973653     0.01653402     0.20260450     0.03899772   
   2   0.19117468     0.04311705     0.05740812     0.00301313     0.07064948     0.01157277   
   3   0.16924169     0.04184396     0.06413873    -0.00720378     0.18107671     0.01110589   
   4  -0.12525391    -0.03480517    -0.06885451    -0.00599583    -0.30281347    -0.03854602   
   5   0.00815888     0.00273487     0.00553630     0.00714334    -0.00341228     0.38352951   
   6  -0.16075253    -0.03816671    -0.05627125    -0.00688400    -0.18853623     0.49238543   
   7  -0.15313982    -0.03676638    -0.05442671    -0.01247337    -0.14383794    -0.01907712   
   8  -0.15629423    -0.03694794    -0.05221098    -0.01573049    -0.07139899    -0.52727898   
   9   0.01376480     0.00419593     0.00955180    -0.00016114     0.08706041    -0.36749069   
  10   0.00875479     0.00351955     0.00785660     0.00170588     0.07039018    -0.01541519   
  11  -0.15062285    -0.03545767    -0.04961057     0.00912730    -0.07436476    -0.02936347   
  12  -0.14499518    -0.03517365    -0.05111522     0.00552145    -0.12989543    -0.00722752   
  13  -0.15584542    -0.03771760    -0.05422640     0.00019383    -0.16407112     0.01480730   
  14   0.00297149     0.00121713     0.00348944    -0.00587544     0.00011199     0.01771626   
  15  -0.10494538    -0.02802323    -0.04672805    -0.37019720    -0.10238205    -0.01201406   
  16  -0.05714320    -0.01385360    -0.00885734    -0.51577207     0.13204591     0.01816386   
  17   0.07557960     0.01962076     0.04662749     0.00555347     0.20217175     0.02605738   
  18  -0.06223354    -0.00744800     0.00399538     0.52215009     0.10392211     0.00516428   
  19  -0.10803663    -0.02354876    -0.03740167     0.36426046    -0.12141810    -0.02002441   
  20   0.16282071     0.03174108    -0.13044033    -0.00060319    -0.00787298     0.00056704   
  21   0.01542328    -0.00129475     0.06782724     0.00072845     0.08774552     0.01285425   
  22  -0.13297165    -0.03362256     0.05345525     0.01032004     0.39291874     0.05105526   
  23   0.02497048    -0.00392441     0.32533628    -0.00737340    -0.06191817    -0.00489555   
  24   0.11610659     0.02380048    -0.11463764    -0.00064216    -0.03418137    -0.00387054   
  25   0.16226826     0.03466161    -0.18626226    -0.00115450    -0.08806717    -0.01160552   
  26   0.08754434     0.01932344    -0.11201832    -0.00074149    -0.06486279    -0.00891450   
  27   0.14048317     0.03010307    -0.16344986    -0.00101796    -0.07816992    -0.01034487   
  28   0.09024811     0.01849446    -0.08952017    -0.00049057    -0.02494975    -0.00275015   
  29  -0.07385407    -0.01795613     0.01184615     0.00523957     0.16499969     0.02061273   
  30  -0.06751722    -0.01335591    -0.03155859     0.00253196    -0.02775436    -0.00700518   
  31   0.01214799     0.00802506    -0.04478817    -0.00101338    -0.20316286    -0.02820781   
  32  -0.08597413    -0.01637533    -0.03204273    -0.00111827     0.00690371    -0.00324295   
  33  -0.08926606    -0.02095485     0.01318332     0.00397286     0.19684635     0.02435390   
  34   0.01137333    -0.00202555     0.17635930    -0.00446711    -0.05667167    -0.00593086   
  35   0.01413839    -0.00243641     0.24517868    -0.00687085    -0.11827558    -0.01405149   
  36   0.00697653    -0.00115970     0.13535311    -0.00410857    -0.08373008    -0.01044369   
  37   0.01626826    -0.00268983     0.27413313    -0.00765285    -0.13029728    -0.01541864   
  38   0.01424803    -0.00235820     0.21278010    -0.00541214    -0.06967988    -0.00734948   
  39  -0.28927212    -0.07385765    -0.04327429    -0.00264188     0.10684143     0.00750676   
  40  -0.05708525    -0.53911420    -0.03449856     0.00459948     0.08161706     0.00552704   
  41   0.23142841    -0.44895245     0.01151632     0.00465329    -0.03383985    -0.00225625   
  42   0.29247146     0.05661217     0.04428772     0.00011026    -0.10750074    -0.00719782   
  43   0.01873412     0.50026146     0.02413362    -0.00295079    -0.04562137    -0.00315244   
  44  -0.28334520     0.46119226    -0.02157257    -0.00306686     0.06999970     0.00465105   
  45   0.10450292     0.02029428     0.01607970    -0.00020538    -0.04012452    -0.00267727   
  46   0.12347063     0.02649120     0.02499865    -0.00232993    -0.08569614    -0.00570746   
  47  -0.00303193    -0.00120201    -0.00365162     0.00396517    -0.00285022    -0.01420150   
  48  -0.00552914    -0.00230757    -0.00604676    -0.00075266    -0.05447310     0.01150044   
  49   0.09939649     0.02186462     0.03343900    -0.30682922     0.10138198     0.01738854   
  50   0.09606358     0.02559883     0.04095502     0.30880320     0.08451667     0.00920399   
  51  -0.00789902    -0.00254777    -0.00547386    -0.00517827    -0.00007494    -0.31263448   
  52  -0.00993413    -0.00313973    -0.00757219    -0.00044674    -0.06794506     0.28897844   
  53   0.18710110     0.04429495     0.06374820     0.01347328     0.15249746     0.02014051   
  54   0.12424868     0.02834680    -0.01330905    -0.00512294    -0.22280174    -0.02661598   
  55   0.11928778     0.02794393    -0.01409077    -0.00759215    -0.21027087    -0.02529524   
  56  -0.02425449     0.00389313    -0.34506282     0.00850463     0.10426072     0.01085666   
  57  -0.02517471     0.00404451    -0.35550277     0.00870561     0.10492529     0.01084383   
  58  -0.18510643    -0.03754000     0.17602199     0.00095461     0.04999962     0.00565351   
  59  -0.19106189    -0.03862068     0.17949533     0.00097119     0.04881507     0.00543365   
  60  -0.19706036    -0.04196483     0.22400474     0.00137771     0.10343429     0.01357086   
  61   0.18154937     0.04330708     0.06120756    -0.00568474     0.14013940     0.00830079   
  62  -0.02103007     0.00351217    -0.35114156     0.00968963     0.16139500     0.01896776   
           31             32             33             34             35             36       
   1  -0.00595651    -0.41867900    -0.00425894     0.10146845     0.04830734     0.00675841   
   2  -0.00943338     0.01041733     0.00429827    -0.08102600    -0.05967307    -0.00877713   
   3  -0.03026060     0.43241208    -0.00644539     0.10872309     0.05079909     0.00710329   
   4   0.02721999    -0.00641732     0.01148295    -0.24493780    -0.12359077    -0.01735092   
   5   0.01948380    -0.10678964    -0.00227234     0.04554130     0.02479994     0.00353762   
   6   0.03158276     0.24475466     0.00135044    -0.03907417    -0.01705228    -0.00236185   
   7   0.00419440     0.27991483     0.00300002    -0.06696844    -0.03221125    -0.00452594   
   8  -0.02275746     0.21863339     0.00255240    -0.05141429    -0.02164439    -0.00298331   
   9  -0.01994937    -0.12589061    -0.00169622     0.04015117     0.02345456     0.00336792   
  10   0.37177415     0.12422563    -0.00240353     0.04169473     0.02397714     0.00343789   
  11   0.52435009    -0.23194885     0.00334043    -0.05556690    -0.02287905    -0.00315711   
  12   0.01454756    -0.29056516     0.00431038    -0.07149819    -0.03360571    -0.00471540   
  13  -0.49768061    -0.25779000     0.00279460    -0.04309106    -0.01842382    -0.00254478   
  14  -0.38348009     0.10566600    -0.00267523     0.04741953     0.02537826     0.00361853   
  15   0.01429174    -0.01344835     0.00182595    -0.01238532     0.00793517     0.00140701   
  16  -0.00316715    -0.01652445    -0.00723733     0.21050472     0.12315860     0.01756398   
  17  -0.01857347     0.00524923    -0.00109878     0.08634609     0.01738056     0.00184428   
  18  -0.01157147     0.01561822    -0.01138307     0.21182687     0.12455552     0.01779090   
  19   0.00944722     0.00367542    -0.00168834    -0.01135995     0.00894493     0.00155715   
  20  -0.00087418     0.00111518     0.01992945    -0.21937194     0.39571994     0.05176119   
  21  -0.00964910     0.00352913     0.02297795    -0.20353524     0.09691069     0.01935303   
  22  -0.03679338     0.01088879     0.04188343    -0.27609350    -0.33692527    -0.05077005   
  23   0.00275783     0.00024188     0.01318440    -0.16450146     0.22062004     0.05239274   
  24   0.00261273    -0.00048099     0.00239124    -0.04165451     0.17451152    -0.34921630   
  25   0.00841192    -0.00269000    -0.01856835     0.17377155    -0.14844824    -0.52613557   
  26   0.00657443    -0.00230972    -0.01903604     0.19024284    -0.27945117    -0.01211437   
  27   0.00752045    -0.00243297    -0.01711717     0.16579617    -0.28532832     0.50834269   
  28   0.00183957    -0.00028467     0.00313548    -0.04273566     0.06847688     0.37407269   
  29  -0.01452308     0.00426890     0.34661691    -0.02814458    -0.13063690    -0.02067313   
  30   0.00618842    -0.00266109     0.52434580     0.25353173     0.14130639     0.02013047   
  31   0.02079849    -0.00649606    -0.00677792     0.19535937     0.20474183     0.03086630   
  32   0.00317620    -0.00426902    -0.54020596     0.17706308     0.15185890     0.02205398   
  33  -0.01732792     0.00377834    -0.32539241    -0.08349805    -0.13272908    -0.02085050   
  34   0.00393476    -0.00076248     0.00040585    -0.02037612     0.04866127     0.01219606   
  35   0.00986689    -0.00279284    -0.01565009     0.15470079    -0.14626652    -0.03366861   
  36   0.00747516    -0.00232410    -0.01566930     0.16361959    -0.16256668    -0.03772869   
  37   0.01081769    -0.00303262    -0.01633596     0.16184749    -0.12409653    -0.02782565   
  38   0.00490540    -0.00098289     0.00008910    -0.01711669     0.06861691     0.01716970   
  39  -0.00397184    -0.00302113    -0.00735723     0.12474379     0.04948958     0.00660800   
  40  -0.00247182    -0.00174569    -0.00660937     0.16494149     0.09337164     0.01325117   
  41   0.00150364     0.00154607     0.00137100    -0.03201492    -0.00996828    -0.00126353   
  42   0.00364773     0.00294645     0.00691378    -0.17303076    -0.08978000    -0.01260651   
  43   0.00131489     0.00070703     0.00287879    -0.04157132    -0.01465930    -0.00191721   
  44  -0.00259684    -0.00245838    -0.00538631     0.15738516     0.09002749     0.01279262   
  45   0.00134795     0.00106720     0.00263128    -0.07246558    -0.04022366    -0.00570706   
  46   0.00269800     0.00253640     0.01041684    -0.28003562    -0.17770254    -0.02554150   
  47   0.31100746    -0.08356364     0.00195272    -0.03551776    -0.01808965    -0.00256171   
  48  -0.29195165    -0.09868670     0.00161502    -0.02751450    -0.01523140    -0.00216943   
  49  -0.00706350    -0.00633883     0.00086067     0.00905653    -0.00585399    -0.00101823   
  50  -0.01250959     0.01374575    -0.00173854     0.00993872    -0.00493018    -0.00087108   
  51  -0.01608788     0.08406600     0.00166437    -0.03406905    -0.01763726    -0.00249593   
  52   0.01634908     0.09945975     0.00089310    -0.02620957    -0.01472851    -0.00210385   
  53  -0.00494400    -0.27313805    -0.00242327     0.05546702     0.02452298     0.00340744   
  54   0.01872213    -0.00367056     0.29241128     0.06267853     0.10243519     0.01587916   
  55   0.01754575    -0.00475210    -0.33968878     0.01655762     0.10944241     0.01717811   
  56  -0.00720811     0.00143155     0.00116746     0.00615911    -0.05302221    -0.01341830   
  57  -0.00717417     0.00139085     0.00080454     0.00995093    -0.04162145    -0.01028716   
  58  -0.00383261     0.00075669    -0.00126726     0.02884438    -0.13521983     0.27239933   
  59  -0.00365845     0.00067868    -0.00200317     0.03407297    -0.05887852    -0.32995258   
  60  -0.00982579     0.00311540     0.02125153    -0.20178939     0.25673664     0.01065032   
  61  -0.01544474     0.28871447    -0.00373114     0.06024431     0.02601860     0.00361121   
  62  -0.01326824     0.00366851     0.01954671    -0.19201437     0.16189926     0.03682036   
           37             38             39             40       
   1   0.00046289    -0.00549124     0.00839962    -0.01031101   
   2  -0.00067906     0.00794908    -0.02653903     0.03680917   
   3   0.00048281    -0.00579442     0.00865840    -0.01066230   
   4  -0.00116533     0.01435832    -0.01646549     0.01499063   
   5   0.00025711    -0.00300302     0.00710512    -0.00989080   
   6  -0.00015561     0.00186012    -0.00236438     0.00290009   
   7  -0.00031684     0.00370681    -0.00697410     0.00970505   
   8  -0.00020321     0.00233919    -0.00274947     0.00343189   
   9   0.00024577    -0.00289739     0.00725831    -0.01016239   
  10   0.00025114    -0.00295617     0.00741801    -0.01005671   
  11  -0.00020716     0.00248194    -0.00287989     0.00351152   
  12  -0.00032746     0.00386030    -0.00720146     0.00963283   
  13  -0.00017061     0.00202189    -0.00248463     0.00306805   
  14   0.00026039    -0.00306763     0.00722169    -0.00986361   
  15   0.00014866    -0.00176131     0.01345864    -0.01818844   
  16   0.00121875    -0.01517595     0.02366312    -0.02276621   
  17   0.00001750    -0.00027927    -0.02838012     0.03454973   
  18   0.00122438    -0.01536316     0.02442158    -0.02257825   
  19   0.00015846    -0.00186270     0.01424945    -0.01759879   
  20   0.05459800     0.34774511     0.00349504     0.05891744   
  21   0.00125665    -0.03524298    -0.03596819    -0.90002142   
  22  -0.00356248     0.05069164    -0.01456954     0.01165757   
  23  -0.04861782    -0.49193690     0.00389008     0.06710977   
  24   0.01576190     0.10992111     0.00551913     0.13552649   
  25  -0.03153244    -0.18917178    -0.00101924    -0.01878240   
  26  -0.03623595    -0.22758751    -0.00414836    -0.10029126   
  27  -0.02172677    -0.13807066    -0.00070839    -0.01179115   
  28   0.02142350     0.13737130     0.00545309     0.13369046   
  29  -0.00162529     0.02243398     0.00791176     0.13805000   
  30   0.00130621    -0.01915696     0.02033919     0.00995920   
  31   0.00231271    -0.03054796    -0.01414868    -0.10658632   
  32   0.00152325    -0.01827436     0.01904720     0.00460719   
  33  -0.00159838     0.02343051     0.00639450     0.14040479   
  34   0.34695941    -0.20364993     0.00551474     0.13421651   
  35   0.55629058     0.18410666    -0.00086450    -0.01499829   
  36   0.05038847     0.33108074    -0.00421972    -0.10059180   
  37  -0.47652670     0.32395157    -0.00110718    -0.02030455   
  38  -0.38380862    -0.11315252     0.00556076     0.13544698   
  39   0.00040254    -0.00464440     0.15503171     0.00344040   
  40   0.00090327    -0.01131302    -0.00904424    -0.01202737   
  41  -0.00006547     0.00072348    -0.20879465     0.00599937   
  42  -0.00084252     0.01046452     0.02461703     0.00862407   
  43  -0.00011997     0.00123936    -0.20675793     0.00691083   
  44   0.00086740    -0.01096323    -0.00493177    -0.01189796   
  45  -0.00037863     0.00491860     0.93846924    -0.03647658   
  46  -0.00175997     0.02255997    -0.03591797     0.02863675   
  47  -0.00017962     0.00214022    -0.00457990     0.00608692   
  48  -0.00015666     0.00184778    -0.00452876     0.00599310   
  49  -0.00009656     0.00122494    -0.00806763     0.00953586   
  50  -0.00009190     0.00110606    -0.00748166     0.00983695   
  51  -0.00017868     0.00208649    -0.00450223     0.00607372   
  52  -0.00014865     0.00178789    -0.00440852     0.00600610   
  53   0.00023310    -0.00271409     0.00436111    -0.00591910   
  54   0.00118875    -0.01791108    -0.00350522    -0.06310962   
  55   0.00128130    -0.01749368    -0.00456965    -0.06471630   
  56   0.30073376     0.08638847    -0.00274718    -0.06303723   
  57  -0.30028807     0.17126499    -0.00288030    -0.06596047   
  58  -0.01205827    -0.08278598    -0.00266300    -0.06184362   
  59  -0.01814685    -0.11543831    -0.00282442    -0.06524643   
  60   0.03164334     0.19484226     0.00208805     0.04820887   
  61   0.00024396    -0.00288517     0.00457062    -0.00593960   
  62  -0.04763717    -0.30469777     0.00220426     0.04989150   

 -----------------------------------------------------------------------------------------------
  Virtual Orbital Coefficients
 -----------------------------------------------------------------------------------------------
           41             42             43             44             45             46       
   1   0.09838370     0.12969780     0.38160877     0.01200917    -0.00045981    -0.00726675   
   2  -0.64397305     0.13937112    -0.00893530    -0.00031819    -0.00310886     0.00308287   
   3   0.10304268     0.12107603    -0.37081691    -0.00674033     0.00663965     0.00036310   
   4   0.06643219    -0.45096037     0.00795253    -0.00411041     0.00017595     0.00034125   
   5   0.20062413    -0.12525566    -0.24153650     0.00058191     0.49938737     0.06784791   
   6  -0.02914258    -0.04722777    -0.15272723    -0.01428994    -0.46148158    -0.05747452   
   7  -0.20204015     0.17241052     0.40328145     0.01503911    -0.00767491    -0.00598129   
   8  -0.03359957    -0.04274790    -0.13924233     0.00471055     0.46798197     0.06380971   
   9   0.20124936    -0.12846106    -0.25266427    -0.01918078    -0.49616883    -0.06254318   
  10   0.20177295    -0.12346640     0.25026439     0.01445315    -0.06736726     0.49610895   
  11  -0.03527127    -0.03947040     0.13420825    -0.00543772     0.05909749    -0.46764617   
  12  -0.20302525     0.16405578    -0.39422351    -0.00950135     0.00377937     0.00521291   
  13  -0.03149085    -0.04314023     0.14495926     0.01085702    -0.06343469     0.46293712   
  14   0.20140630    -0.12077277     0.24140226    -0.00242649     0.06311943    -0.49851899   
  15   0.22387994     0.22844671     0.01273795    -0.50405612     0.00815017     0.00930917   
  16  -0.01949257     0.23262759    -0.01843508     0.46271940    -0.00889550    -0.00738596   
  17  -0.25532699    -0.49857933     0.00829246    -0.00672874     0.00282487    -0.00165968   
  18  -0.01777814     0.23913071     0.00852175    -0.45766937     0.00664464     0.00938392   
  19   0.22319518     0.22133047    -0.01718960     0.51013541    -0.00929996    -0.00964359   
  20  -0.00368038    -0.02059793     0.00041543     0.00241028     0.00029598    -0.00099759   
  21  -0.04021757    -0.04313743     0.00069479     0.00341477     0.00041503    -0.00118406   
  22   0.05939965     0.14705102    -0.00238402    -0.01423062    -0.00146403     0.00516463   
  23  -0.00316503    -0.01872252     0.00037232     0.00219527     0.00025647    -0.00087607   
  24   0.01076682     0.01877561    -0.00037060    -0.00194678    -0.00024907     0.00078331   
  25   0.00039831     0.00542270    -0.00011942    -0.00072578    -0.00009249     0.00030414   
  26  -0.01001093    -0.02145048     0.00045686     0.00247074     0.00032258    -0.00101951   
  27   0.00080532     0.00667254    -0.00014781    -0.00084025    -0.00011066     0.00037504   
  28   0.01048143     0.01780121    -0.00034862    -0.00186428    -0.00023677     0.00072323   
  29   0.01702510    -0.03194028    -0.00002834     0.00800434    -0.00030953    -0.00260257   
  30  -0.06650904    -0.14323683     0.00255540     0.00923700     0.00169871    -0.00341749   
  31  -0.02278289     0.14335485    -0.00230582    -0.01915167    -0.00121313     0.00616940   
  32  -0.06603630    -0.13634132     0.00152560     0.01222873     0.00057551    -0.00420557   
  33   0.01457743    -0.03999357     0.00133559     0.00321495     0.00114910    -0.00144969   
  34   0.01033274     0.01702280    -0.00032440    -0.00172797    -0.00021520     0.00066970   
  35   0.00054229     0.00562203    -0.00012428    -0.00073625    -0.00009130     0.00030424   
  36  -0.00968797    -0.01972544     0.00040595     0.00222180     0.00028422    -0.00089323   
  37   0.00029308     0.00482839    -0.00010601    -0.00061437    -0.00007566     0.00026057   
  38   0.01051592     0.01767772    -0.00033983    -0.00183221    -0.00023072     0.00070554   
  39  -0.02275417     0.05840378    -0.00318556     0.01759937    -0.00103168    -0.00305728   
  40  -0.04810974    -0.08171771     0.00196876    -0.01115287     0.00068932     0.00007352   
  41   0.01789388     0.00139068     0.00113344    -0.00515857     0.00045987     0.00275246   
  42   0.03401132     0.06697724    -0.00254581     0.01375764    -0.00099632    -0.00223846   
  43   0.01559510    -0.01060221     0.00016660    -0.00131919    -0.00008568    -0.00148428   
  44  -0.04646656    -0.07053187     0.00277594    -0.01416219     0.00116775     0.00390593   
  45  -0.03024212    -0.03439241     0.00108632    -0.00623442     0.00047795     0.00094625   
  46   0.15630385     0.13658658    -0.00150459     0.00452299    -0.00067254    -0.00047062   
  47  -0.11011406     0.04648891    -0.08216900     0.00034611    -0.02103115     0.16722995   
  48  -0.10809027     0.04621967    -0.08428718    -0.00464670     0.02179166    -0.16397237   
  49  -0.11613455    -0.07407682     0.00540608    -0.17254222     0.00346981     0.00352579   
  50  -0.11571991    -0.07635050    -0.00416288     0.16987968    -0.00291260    -0.00352181   
  51  -0.10941192     0.04798819     0.08187964     0.00028551    -0.16775991    -0.02291970   
  52  -0.10730062     0.04783514     0.08468922     0.00622388     0.16401780     0.02115810   
  53   0.10975331    -0.06937862    -0.15128880    -0.00590894     0.00280906     0.00191590   
  54  -0.00529072     0.01727128    -0.00048901    -0.00120487    -0.00040465     0.00055238   
  55  -0.00634699     0.01493941    -0.00002196    -0.00307534     0.00010431     0.00099220   
  56  -0.00429976    -0.00601723     0.00011816     0.00061116     0.00008143    -0.00023533   
  57  -0.00433662    -0.00596932     0.00011619     0.00059864     0.00007715    -0.00023188   
  58  -0.00435780    -0.00634877     0.00012764     0.00065557     0.00008534    -0.00026192   
  59  -0.00439297    -0.00626105     0.00012605     0.00064955     0.00008572    -0.00025098   
  60   0.00438558     0.00800047    -0.00017352    -0.00091005    -0.00011943     0.00037185   
  61   0.11140502    -0.06660475     0.14896229     0.00385774    -0.00112843    -0.00185653   
  62   0.00433008     0.00751752    -0.00015439    -0.00083076    -0.00010809     0.00033257   
           47             48             49             50             51             52       
   1   0.08634401     0.02243357     0.32313795     0.01526637     0.12224821     0.00528784   
   2  -0.05509450    -0.01711775    -0.33229008    -0.01856793    -0.20029703    -0.01114132   
   3   0.08955508     0.02395010     0.33761688     0.01537867     0.12595520     0.00547139   
   4  -0.04341609    -0.00294295     0.13096316     0.01668864     0.20619012     0.01324543   
   5  -0.04306280    -0.01121692    -0.12839037    -0.00485734    -0.02339627    -0.00009086   
   6  -0.03723510    -0.00948867    -0.14999273    -0.00823448    -0.06593875    -0.00317605   
   7   0.08633743     0.02254686     0.31051997     0.01518909     0.10708397     0.00422351   
   8  -0.03694961    -0.01042603    -0.15151777    -0.00705201    -0.06517689    -0.00317273   
   9  -0.04282074    -0.01004031    -0.12491062    -0.00609483    -0.02396166    -0.00009937   
  10  -0.03896455    -0.01232970    -0.13447743    -0.00525671    -0.02599085    -0.00021549   
  11  -0.04328975    -0.00983581    -0.15575722    -0.00769884    -0.06602661    -0.00319596   
  12   0.08888495     0.02415150     0.32348467     0.01491512     0.10921881     0.00431859   
  13  -0.03240251    -0.01109053    -0.15335553    -0.00732723    -0.06619079    -0.00321172   
  14  -0.05115947    -0.01107762    -0.13852271    -0.00573714    -0.02596840    -0.00018770   
  15   0.07502164     0.01223720     0.02011133    -0.00504881    -0.10941030    -0.00883817   
  16  -0.03853146    -0.01161918    -0.13218444    -0.00998661    -0.01911709     0.00266771   
  17  -0.03924013    -0.00203206     0.15130871     0.01590905     0.17408323     0.00807104   
  18   0.00373112    -0.00635380    -0.14046821    -0.00823666    -0.01618879     0.00230410   
  19   0.03317395     0.00705406     0.02802414    -0.00647215    -0.11209575    -0.00855267   
  20   0.07851470     0.01928886     0.00684494    -0.00919669    -0.09596168     0.40301423   
  21   0.07898832     0.01770051     0.00387575    -0.00510020    -0.02636922    -0.02632486   
  22  -0.37502039    -0.08715049    -0.02817127     0.02999715     0.23511624     0.02699461   
  23   0.06785947     0.01650697     0.00551439    -0.00651998    -0.06193823    -0.33493587   
  24  -0.05921347    -0.01432249    -0.00459574     0.00509808     0.06493564    -0.33294684   
  25  -0.02471678    -0.00620110    -0.00228029     0.00415882     0.03467086    -0.08779373   
  26   0.07972152     0.01965191     0.00667740    -0.00919352    -0.10164845     0.43694436   
  27  -0.03045244    -0.00763298    -0.00279676     0.00293039     0.04605879    -0.28332372   
  28  -0.05448485    -0.01313651    -0.00416090     0.00662134     0.05436057    -0.12419653   
  29   0.18702284     0.04552809    -0.01511880     0.50706633    -0.14451325    -0.00817900   
  30   0.24263423     0.05360963     0.03881104    -0.44483441    -0.08734882    -0.02244873   
  31  -0.46209362    -0.10635573    -0.04032632     0.01270354     0.29359210     0.04098842   
  32   0.27844987     0.06379510    -0.01335537     0.43100964    -0.09477502    -0.01968650   
  33   0.13211223     0.03051867     0.04897678    -0.53520129    -0.13260867    -0.01045866   
  34  -0.04949059    -0.01178250    -0.00349914     0.00366522     0.03791549     0.17913898   
  35  -0.02441390    -0.00608781    -0.00213445     0.00355825     0.02718083     0.16634085   
  36   0.06857651     0.01670777     0.00534841    -0.00712320    -0.06486705    -0.35722408   
  37  -0.02069128    -0.00509819    -0.00173041     0.00133661     0.02176645     0.12375290   
  38  -0.05271254    -0.01265662    -0.00386877     0.00598614     0.04303643     0.22073268   
  39   0.31470910     0.04974902    -0.26973123    -0.02891289     0.43592117     0.01988116   
  40  -0.12601452    -0.51348447     0.17687084     0.02136497    -0.21982915    -0.00737610   
  41  -0.17698814     0.48469652     0.05876738     0.00563237    -0.13250228    -0.00766605   
  42   0.25687498     0.05179527    -0.21317822    -0.02441732     0.34242751     0.01585074   
  43   0.04388535    -0.51689511     0.07926854     0.00945574    -0.14277396    -0.00738879   
  44  -0.32639292     0.43825174     0.15200371     0.01689932    -0.20192141    -0.00739684   
  45  -0.11319884    -0.02254315     0.08942748     0.01035611    -0.13663393    -0.00605188   
  46   0.09196465     0.02483553     0.03557522    -0.00245989    -0.28937516    -0.02254981   
  47   0.01623320     0.00346744     0.03983931     0.00161554     0.00358816    -0.00026386   
  48   0.01177955     0.00385912     0.03787754     0.00141408     0.00377374    -0.00023082   
  49  -0.01109554    -0.00222741    -0.01298669     0.00194064     0.02848040     0.00210654   
  50  -0.02449402    -0.00386273    -0.01046227     0.00152042     0.02766275     0.00219184   
  51   0.01354324     0.00353271     0.03660676     0.00132336     0.00283761    -0.00028924   
  52   0.01322070     0.00304646     0.03481670     0.00178126     0.00322838    -0.00026526   
  53  -0.03109070    -0.00806925    -0.10762537    -0.00523746    -0.03365356    -0.00117334   
  54  -0.04882673    -0.01118638    -0.01700987     0.18396463     0.04378462     0.00384657   
  55  -0.07080517    -0.01708368     0.00551974    -0.18041481     0.04922474     0.00328125   
  56   0.01747435     0.00418959     0.00124843    -0.00198190    -0.01425648    -0.07271425   
  57   0.01698528     0.00404191     0.00117373    -0.00134043    -0.01305694    -0.06143364   
  58   0.01955540     0.00472798     0.00147753    -0.00168165    -0.02141464     0.10947354   
  59   0.01881732     0.00453564     0.00139755    -0.00221422    -0.01883496     0.04329411   
  60  -0.02886803    -0.00709782    -0.00236711     0.00325430     0.03600719    -0.15273396   
  61  -0.03207224    -0.00870817    -0.11286651    -0.00512908    -0.03449276    -0.00120719   
  62  -0.02535211    -0.00616054    -0.00194124     0.00263810     0.02351024     0.12758842   
           53             54             55             56             57             58       
   1  -0.00023627     0.00069273     0.01074153     0.02903330    -0.25741774    -0.24451841   
   2   0.00052938    -0.00164085    -0.03172012     0.08163367     0.01903700     0.16236082   
   3  -0.00024609     0.00071742     0.01120232     0.02283835     0.19902534    -0.29224081   
   4  -0.00058549     0.00212211     0.04288306    -0.37380164    -0.01772397    -0.12097958   
   5  -0.00000736     0.00005491     0.00348486    -0.05890345     0.29575626     0.23683094   
   6   0.00013988    -0.00045060    -0.00836885     0.08106631    -0.32645313    -0.24112673   
   7  -0.00017564     0.00054467     0.00805977    -0.09508820     0.35453499     0.25555171   
   8   0.00014376    -0.00045476    -0.00848278     0.07964443    -0.32269862    -0.23826319   
   9  -0.00001022     0.00005617     0.00354142    -0.05750838     0.29167420     0.23368500   
  10  -0.00000283     0.00003758     0.00319045    -0.05079754    -0.23708432     0.28988138   
  11   0.00014263    -0.00045382    -0.00848175     0.07268734     0.26860303    -0.30201467   
  12  -0.00018006     0.00055695     0.00828597    -0.08754972    -0.29671607     0.32561002   
  13   0.00014547    -0.00045837    -0.00848554     0.07374044     0.27066493    -0.30447831   
  14  -0.00000514     0.00004459     0.00327346    -0.05185479    -0.23948469     0.29276625   
  15   0.00035072    -0.00153904    -0.03480455     0.38783435     0.01416256     0.08723621   
  16  -0.00011095     0.00070119     0.02576013    -0.36699852    -0.01158993    -0.06683776   
  17  -0.00029145     0.00100444     0.00452166     0.37643246     0.01101998     0.06233384   
  18  -0.00013505     0.00064262     0.02399158    -0.36838348    -0.01138270    -0.06708166   
  19   0.00038294    -0.00150381    -0.03369562     0.38989924     0.01400383     0.08761367   
  20  -0.07520637     0.02163511     0.29424159     0.01024745     0.00019281     0.00076675   
  21   0.00180345    -0.00566690    -0.18764367    -0.02470225    -0.00074027    -0.00410392   
  22  -0.00162449     0.00423684     0.08168842     0.08767085     0.00303248     0.01847999   
  23   0.07006520    -0.00461840     0.38307955     0.01201886     0.00024237     0.00106092   
  24  -0.45552017    -0.00394518    -0.14051859    -0.00157184     0.00003343     0.00040448   
  25   0.49241476    -0.01731687    -0.16831265    -0.01229376    -0.00038067    -0.00224228   
  26  -0.10308226     0.02429982     0.36070707     0.02139371     0.00061652     0.00352765   
  27  -0.40158391    -0.00432317    -0.17254007    -0.01313524    -0.00040542    -0.00238705   
  28   0.54452040    -0.01899832    -0.14265493    -0.00094982     0.00005318     0.00052467   
  29  -0.00079437     0.00006287     0.00645058    -0.07317853    -0.00277929    -0.01746692   
  30   0.00214256    -0.00531399    -0.12411300     0.02650406     0.00151053     0.01085969   
  31  -0.00195520     0.00767368     0.18667661     0.04210146     0.00042836    -0.00044865   
  32   0.00010707    -0.00314253    -0.11257601     0.02907636     0.00143363     0.01097828   
  33   0.00154713    -0.00240941    -0.00450634    -0.07434413    -0.00266871    -0.01734491   
  34  -0.02908876     0.51370593    -0.20369895    -0.00246650     0.00000650     0.00023727   
  35  -0.04194088    -0.45011043    -0.20038437    -0.01279986    -0.00038357    -0.00222078   
  36   0.07451115    -0.01850752     0.45028420     0.02198318     0.00061467     0.00346198   
  37  -0.01929198     0.46760240    -0.20681490    -0.01220166    -0.00036543    -0.00211910   
  38  -0.05299307    -0.50426954    -0.19039541    -0.00289133    -0.00000754     0.00015484   
  39  -0.00073006     0.00253578     0.03519292     0.03474278     0.00038382     0.00015781   
  40   0.00023325    -0.00067728    -0.00397693     0.01898438     0.00101259     0.00788393   
  41   0.00031025    -0.00114884    -0.02021941    -0.05649387    -0.00189369    -0.01311686   
  42  -0.00058964     0.00204838     0.03140915     0.07474947     0.00230526     0.01545406   
  43   0.00027237    -0.00100765    -0.01829845    -0.05720611    -0.00197266    -0.01306244   
  44   0.00026371    -0.00079606    -0.00586090     0.02092165     0.00113799     0.00800273   
  45   0.00022107    -0.00075958    -0.01110836    -0.02333991    -0.00066754    -0.00446470   
  46   0.00095336    -0.00370430    -0.07367324    -0.14614776    -0.00383344    -0.02026176   
  47   0.00001833    -0.00006362    -0.00212629     0.01413895     0.06314965    -0.07519346   
  48   0.00001800    -0.00005761    -0.00200038     0.01347366     0.06187464    -0.07351678   
  49  -0.00009151     0.00037282     0.00798520    -0.10453486    -0.00343746    -0.02161253   
  50  -0.00007840     0.00037963     0.00824230    -0.10365367    -0.00367972    -0.02143794   
  51   0.00001960    -0.00006686    -0.00218103     0.01602112    -0.07765067    -0.06057993   
  52   0.00001854    -0.00006196    -0.00211247     0.01524129    -0.07571350    -0.05896221   
  53   0.00004639    -0.00014028    -0.00163165     0.02782976    -0.09994622    -0.07155309   
  54  -0.00053921     0.00096598     0.00511942     0.02148014     0.00075279     0.00488517   
  55   0.00031268     0.00007361     0.00172938     0.02166661     0.00081114     0.00504638   
  56   0.01738230     0.16523727     0.06406944     0.00126496     0.00001504     0.00003643   
  57   0.01001140    -0.17547442     0.07134501     0.00119021     0.00001176     0.00001358   
  58   0.14874224     0.00127887     0.04761545     0.00086309     0.00000328    -0.00003445   
  59  -0.18761753     0.00660872     0.05097815     0.00072776    -0.00000221    -0.00007038   
  60   0.03572008    -0.00840070    -0.12348584    -0.00692516    -0.00019595    -0.00111331   
  61   0.00004715    -0.00014493    -0.00171818     0.02578928     0.08399382    -0.09152898   
  62  -0.02653863     0.00635401    -0.15763634    -0.00729684    -0.00020053    -0.00112214   
           59             60             61             62       
   1  -0.00025606     0.00353560    -0.00027874     0.00071864   
   2   0.00028749    -0.00663131     0.00088087    -0.00231070   
   3  -0.00016753     0.00358452    -0.00029158     0.00075117   
   4  -0.00341053     0.03857611    -0.00065032     0.00072632   
   5   0.00050670    -0.00404662    -0.00010906     0.00039233   
   6  -0.00037577     0.00285778     0.00001533    -0.00009729   
   7   0.00015979    -0.00148940     0.00018638    -0.00051034   
   8  -0.00042205     0.00290872     0.00002748    -0.00013341   
   9   0.00055749    -0.00405749    -0.00011717     0.00041623   
  10   0.00038048    -0.00412939    -0.00011220     0.00040049   
  11  -0.00028244     0.00301629     0.00002972    -0.00013736   
  12   0.00007931    -0.00161110     0.00018218    -0.00049822   
  13  -0.00030765     0.00298015     0.00001913    -0.00010820   
  14   0.00042648    -0.00413723    -0.00010497     0.00038195   
  15   0.00279501    -0.04330858     0.00073084    -0.00078850   
  16  -0.00210310     0.05174822    -0.00190419     0.00373821   
  17   0.00627970    -0.09584282     0.00388129    -0.00757696   
  18  -0.00434397     0.05240887    -0.00196150     0.00383881   
  19   0.00414192    -0.04379674     0.00077255    -0.00088344   
  20   0.00557677    -0.01590264    -0.34471957     0.19773394   
  21   0.06646673    -0.06528148     0.04430211    -0.12014241   
  22  -0.30898758     0.32137470    -0.04069024     0.09233235   
  23  -0.00171802    -0.00573424     0.15289999     0.36028506   
  24  -0.02294335     0.03270460     0.35124157    -0.18227886   
  25   0.04435675    -0.05212639    -0.34511332     0.15729628   
  26  -0.06021353     0.06733053     0.36634505    -0.15399091   
  27   0.04675292    -0.05473865    -0.35713540     0.16224853   
  28  -0.02515989     0.03523575     0.36607927    -0.18893114   
  29   0.29720760    -0.31498904     0.03218203    -0.06984546   
  30  -0.22867044     0.26239578    -0.01903385     0.03791567   
  31   0.18524434    -0.26602992     0.01384774    -0.02459946   
  32  -0.21764292     0.25203142    -0.01862276     0.03689613   
  33   0.28503918    -0.30326537     0.03147091    -0.06838929   
  34  -0.01748892     0.02439263    -0.17768363    -0.36675616   
  35   0.04047015    -0.04519488     0.19244341     0.34512156   
  36  -0.05502298     0.05868637    -0.20949546    -0.34852088   
  37   0.03895955    -0.04361290     0.18814630     0.33806611   
  38  -0.01614946     0.02291942    -0.17232078    -0.35711820   
  39  -0.19742518    -0.22326760     0.00351879    -0.00609913   
  40   0.25616819     0.22699289    -0.00235922     0.00393415   
  41  -0.34361446    -0.28174781     0.00199434    -0.00274345   
  42   0.39779815     0.32124122    -0.00196219     0.00234483   
  43  -0.33312872    -0.27397802     0.00197544    -0.00273087   
  44   0.24639816     0.21993925    -0.00232438     0.00386490   
  45  -0.11928591    -0.09585405     0.00057998    -0.00068882   
  46  -0.01100003     0.15633417    -0.00555447     0.00968331   
  47  -0.00016911     0.00135653     0.00008880    -0.00028055   
  48  -0.00013593     0.00132899     0.00008906    -0.00028027   
  49  -0.00116486     0.01169493    -0.00010468    -0.00004445   
  50  -0.00082055     0.01154400    -0.00009265    -0.00007839   
  51  -0.00018714     0.00133080     0.00008959    -0.00028295   
  52  -0.00021127     0.00131415     0.00008962    -0.00028288   
  53   0.00002138     0.00005724    -0.00010496     0.00030200   
  54  -0.07793131     0.08224882    -0.00870300     0.01899885   
  55  -0.08366739     0.08793603    -0.00914753     0.01993376   
  56   0.00350743    -0.00534986     0.04410045     0.09289337   
  57   0.00399991    -0.00594446     0.04709615     0.09882046   
  58   0.00531081    -0.00791163    -0.09066515     0.04766160   
  59   0.00616144    -0.00896123    -0.09871767     0.05160183   
  60   0.01800746    -0.01975064    -0.09814480     0.03935250   
  61   0.00003863     0.00008877    -0.00010429     0.00029925   
  62   0.01695077    -0.01775304     0.05833599     0.09302762   

 -----------------------------------------------------------------------------------------------
  Generalised Fock Matrix (MO basis)
 -----------------------------------------------------------------------------------------------
           1              2              3              4              5              6        
   1  -18.01175708   -0.00000000     0.00000000    -0.00000000     0.00000000    -0.00000000   
   2  -0.00000000    -13.25383053    0.00000000     0.00000000     0.00000000    -0.00000000   
   3   0.00000000     0.00000000    -13.04853144   -0.00000000    -0.00000000    -0.00000000   
   4  -0.00000000     0.00000000    -0.00000000    -13.01970286    0.00000000    -0.00000000   
   5   0.00000000     0.00000000    -0.00000000     0.00000000    -11.95749815   -0.00000000   
   6  -0.00000000    -0.00000000    -0.00000000    -0.00000000    -0.00000000    -11.73717516  
   7   0.00000000    -0.00000000     0.00000000     0.00000000     0.00000000     0.00000000   
   8   0.00000000    -0.00000000    -0.00000000    -0.00000000    -0.00000000     0.00000000   
   9  -0.00000000     0.00000000     0.00000000    -0.00000000     0.00000000     0.00000000   
  10  -0.00000000    -0.00000000     0.00000000     0.00000000    -0.00000000    -0.00000000   
  11  -0.00000000     0.00000000    -0.00000000     0.00000000     0.00000000    -0.00000000   
  12   0.00000000    -0.00000000    -0.00000000     0.00000000    -0.00000000     0.00000000   
  13  -0.00000000     0.00000000    -0.00000000    -0.00000000     0.00000000     0.00000000   
  14   0.00000000     0.00000000     0.00000000    -0.00000000     0.00000000     0.00000000   
  15  -0.00000000     0.00000000     0.00000000     0.00000000     0.00000000    -0.00000000   
  16  -0.00000000     0.00000000     0.00000000     0.00000000    -0.00000000    -0.00000000   
  17   0.00000000     0.00000000     0.00000000     0.00000000     0.00000000     0.00000000   
  18  -0.00000000    -0.00000000     0.00000000     0.00000000    -0.00000000     0.00000000   
  19   0.00000000     0.00000000    -0.00000000     0.00000000     0.00000000    -0.00000000   
  20  -0.00000000     0.00000000     0.00000000    -0.00000000     0.00000000    -0.00000000   
  21   0.00000000    -0.00000000    -0.00000000    -0.00000000     0.00000000     0.00000000   
  22  -0.00000000    -0.00000000    -0.00000000    -0.00000000    -0.00000000    -0.00000000   
  23  -0.00000000     0.00000000    -0.00000000     0.00000000     0.00000000     0.00000000   
  24  -0.00000000     0.00000000    -0.00000000     0.00000000     0.00000000     0.00000000   
  25   0.00000000    -0.00000000    -0.00000000    -0.00000000     0.00000000     0.00000000   
  26   0.00000000    -0.00000000    -0.00000000    -0.00000000     0.00000000    -0.00000000   
  27   0.00000000    -0.00000000    -0.00000000     0.00000000     0.00000000    -0.00000000   
  28   0.00000000    -0.00000000     0.00000000    -0.00000000    -0.00000000     0.00000000   
  29  -0.00000000    -0.00000000    -0.00000000     0.00000000     0.00000000     0.00000000   
  30  -0.00000000     0.00000000     0.00000000    -0.00000000     0.00000000     0.00000000   
  31   0.00000000    -0.00000000     0.00000000     0.00000000    -0.00000000     0.00000000   
  32   0.00000000     0.00000000     0.00000000     0.00000000    -0.00000000    -0.00000000   
  33   0.00000000     0.00000000     0.00000000     0.00000000    -0.00000000    -0.00000000   
  34  -0.00000000     0.00000000    -0.00000000     0.00000000     0.00000000     0.00000000   
  35  -0.00000000    -0.00000000     0.00000000     0.00000000     0.00000000     0.00000000   
  36  -0.00000000    -0.00000000    -0.00000000     0.00000000    -0.00000000    -0.00000000   
  37   0.00000000     0.00000000     0.00000000    -0.00000000    -0.00000000    -0.00000000   
  38   0.00000000     0.00000000     0.00000000    -0.00000000     0.00000000    -0.00000000   
  39   0.00031709     0.00555113    -0.00391855     0.00479046     0.00054042    -0.00029846   
  40   0.00102192    -0.00801947     0.00589641    -0.00705585    -0.00041683     0.00070394   
  41  -0.00000005    -0.00000000     0.00000001     0.00000004    -0.00000002     0.00000004   
  42  -0.00000002    -0.00000000     0.00000001     0.00000000    -0.00000000    -0.00000002   
  43   0.00000001    -0.00000001     0.00000002     0.00000001    -0.00000001    -0.00000002   
  44  -0.00000001     0.00000000    -0.00000001     0.00000000     0.00000007    -0.00000000   
  45  -0.00000000     0.00000001     0.00000001    -0.00000001    -0.00000002     0.00000002   
  46  -0.00000000     0.00000000     0.00000000     0.00000000    -0.00000000     0.00000001   
  47  -0.00000001     0.00000000    -0.00000000     0.00000000    -0.00000000    -0.00000001   
  48  -0.00000001    -0.00000001    -0.00000000    -0.00000001    -0.00000001    -0.00000001   
  49  -0.00000002     0.00000000     0.00000001    -0.00000000    -0.00000000     0.00000001   
  50   0.00000002    -0.00000001     0.00000001    -0.00000000     0.00000000     0.00000003   
  51   0.00000005    -0.00000001     0.00000001    -0.00000000    -0.00000000     0.00000001   
  52   0.00000000    -0.00000000    -0.00000000     0.00000001    -0.00000001     0.00000001   
  53  -0.00000001     0.00000001    -0.00000001    -0.00000000     0.00000001    -0.00000000   
  54  -0.00000001     0.00000000     0.00000001     0.00000000    -0.00000000     0.00000001   
  55   0.00000001     0.00000001    -0.00000000     0.00000000    -0.00000000     0.00000002   
  56   0.00000000     0.00000001    -0.00000001     0.00000002     0.00000001    -0.00000001   
  57  -0.00000001     0.00000000    -0.00000000    -0.00000001    -0.00000000     0.00000001   
  58   0.00000001     0.00000001     0.00000001     0.00000002    -0.00000001     0.00000001   
  59   0.00000001     0.00000001    -0.00000000     0.00000000    -0.00000000    -0.00000002   
  60  -0.00000003     0.00000000    -0.00000000    -0.00000000    -0.00000000     0.00000000   
  61  -0.00000000    -0.00000000    -0.00000000    -0.00000000     0.00000000    -0.00000001   
  62  -0.00000000     0.00000000    -0.00000000     0.00000000     0.00000000    -0.00000000   
           7              8              9              10             11             12       
   1   0.00000000     0.00000000    -0.00000000    -0.00000000    -0.00000000     0.00000000   
   2  -0.00000000    -0.00000000     0.00000000    -0.00000000     0.00000000    -0.00000000   
   3   0.00000000    -0.00000000     0.00000000     0.00000000    -0.00000000    -0.00000000   
   4   0.00000000    -0.00000000    -0.00000000     0.00000000     0.00000000     0.00000000   
   5   0.00000000    -0.00000000     0.00000000    -0.00000000     0.00000000    -0.00000000   
   6   0.00000000     0.00000000     0.00000000    -0.00000000    -0.00000000     0.00000000   
   7  -11.69910678   -0.00000000     0.00000000    -0.00000000     0.00000000     0.00000000   
   8  -0.00000000    -11.12684471    0.00000000     0.00000000    -0.00000000     0.00000000   
   9  -0.00000000     0.00000000    -11.06384642    0.00000000     0.00000000     0.00000000   
  10  -0.00000000     0.00000000     0.00000000    -10.98823622   -0.00000000    -0.00000000   
  11   0.00000000    -0.00000000     0.00000000    -0.00000000    -10.60428521    0.00000000   
  12   0.00000000     0.00000000     0.00000000    -0.00000000     0.00000000    -10.33906863  
  13   0.00000000     0.00000000    -0.00000000    -0.00000000    -0.00000000     0.00000000   
  14  -0.00000000     0.00000000    -0.00000000     0.00000000    -0.00000000    -0.00000000   
  15   0.00000000     0.00000000     0.00000000     0.00000000     0.00000000     0.00000000   
  16   0.00000000     0.00000000    -0.00000000     0.00000000     0.00000000    -0.00000000   
  17   0.00000000     0.00000000    -0.00000000     0.00000000     0.00000000     0.00000000   
  18  -0.00000000    -0.00000000    -0.00000000     0.00000000    -0.00000000     0.00000000   
  19  -0.00000000     0.00000000     0.00000000    -0.00000000    -0.00000000     0.00000000   
  20  -0.00000000    -0.00000000     0.00000000    -0.00000000     0.00000000     0.00000000   
  21  -0.00000000     0.00000000    -0.00000000    -0.00000000    -0.00000000    -0.00000000   
  22  -0.00000000     0.00000000     0.00000000     0.00000000     0.00000000     0.00000000   
  23   0.00000000     0.00000000    -0.00000000    -0.00000000     0.00000000    -0.00000000   
  24  -0.00000000     0.00000000     0.00000000    -0.00000000     0.00000000     0.00000000   
  25  -0.00000000    -0.00000000     0.00000000     0.00000000     0.00000000     0.00000000   
  26   0.00000000     0.00000000    -0.00000000    -0.00000000     0.00000000     0.00000000   
  27   0.00000000    -0.00000000     0.00000000     0.00000000    -0.00000000    -0.00000000   
  28  -0.00000000     0.00000000    -0.00000000    -0.00000000     0.00000000    -0.00000000   
  29   0.00000000     0.00000000     0.00000000    -0.00000000    -0.00000000     0.00000000   
  30   0.00000000     0.00000000    -0.00000000    -0.00000000     0.00000000    -0.00000000   
  31   0.00000000    -0.00000000    -0.00000000    -0.00000000    -0.00000000    -0.00000000   
  32   0.00000000    -0.00000000    -0.00000000     0.00000000    -0.00000000    -0.00000000   
  33  -0.00000000     0.00000000    -0.00000000     0.00000000    -0.00000000    -0.00000000   
  34  -0.00000000    -0.00000000     0.00000000     0.00000000     0.00000000    -0.00000000   
  35   0.00000000    -0.00000000    -0.00000000     0.00000000    -0.00000000     0.00000000   
  36  -0.00000000    -0.00000000     0.00000000     0.00000000    -0.00000000    -0.00000000   
  37   0.00000000    -0.00000000     0.00000000    -0.00000000    -0.00000000     0.00000000   
  38  -0.00000000     0.00000000     0.00000000    -0.00000000    -0.00000000    -0.00000000   
  39  -0.00036802    -0.03363480    -0.00004370     0.00057329    -0.00334095     0.00321407   
  40   0.00027250    -0.23960449     0.00815810    -0.00334237    -0.17997553     0.15028544   
  41  -0.00000000    -0.00000002    -0.00000001    -0.00000002    -0.00000000    -0.00000001   
  42   0.00000000     0.00000000    -0.00000001     0.00000001    -0.00000000    -0.00000001   
  43   0.00000000     0.00000001    -0.00000001    -0.00000002    -0.00000000    -0.00000000   
  44  -0.00000001    -0.00000000    -0.00000000    -0.00000000     0.00000000    -0.00000000   
  45  -0.00000001     0.00000000    -0.00000002     0.00000000     0.00000000    -0.00000002   
  46   0.00000001     0.00000000     0.00000000     0.00000001     0.00000000    -0.00000000   
  47  -0.00000000    -0.00000001    -0.00000001    -0.00000001    -0.00000001    -0.00000001   
  48   0.00000000     0.00000000     0.00000000     0.00000001    -0.00000001    -0.00000000   
  49  -0.00000002     0.00000001    -0.00000002     0.00000001    -0.00000000    -0.00000000   
  50   0.00000000    -0.00000001     0.00000000     0.00000000    -0.00000001     0.00000001   
  51   0.00000000     0.00000002    -0.00000002    -0.00000002     0.00000001    -0.00000000   
  52   0.00000001    -0.00000001    -0.00000001     0.00000000     0.00000000    -0.00000000   
  53  -0.00000001     0.00000001     0.00000001    -0.00000000     0.00000000     0.00000000   
  54  -0.00000001    -0.00000001    -0.00000000     0.00000001     0.00000000     0.00000001   
  55   0.00000001     0.00000001     0.00000001    -0.00000001     0.00000000     0.00000000   
  56   0.00000000    -0.00000001     0.00000001    -0.00000000    -0.00000001     0.00000001   
  57  -0.00000001     0.00000000    -0.00000000    -0.00000001     0.00000000    -0.00000001   
  58   0.00000001    -0.00000001    -0.00000001     0.00000001     0.00000001     0.00000000   
  59  -0.00000000    -0.00000001    -0.00000001    -0.00000001     0.00000000    -0.00000001   
  60   0.00000001    -0.00000002     0.00000000    -0.00000001    -0.00000000     0.00000001   
  61   0.00000001     0.00000000     0.00000001     0.00000000     0.00000001     0.00000000   
  62   0.00000001    -0.00000001    -0.00000001    -0.00000001    -0.00000000    -0.00000000   
           13             14             15             16             17             18       
   1  -0.00000000     0.00000000    -0.00000000    -0.00000000    -0.00000000    -0.00000000   
   2   0.00000000     0.00000000     0.00000000     0.00000000     0.00000000    -0.00000000   
   3  -0.00000000     0.00000000     0.00000000     0.00000000     0.00000000     0.00000000   
   4  -0.00000000    -0.00000000     0.00000000     0.00000000     0.00000000     0.00000000   
   5   0.00000000     0.00000000     0.00000000    -0.00000000     0.00000000    -0.00000000   
   6   0.00000000     0.00000000    -0.00000000    -0.00000000     0.00000000     0.00000000   
   7   0.00000000    -0.00000000     0.00000000     0.00000000     0.00000000    -0.00000000   
   8   0.00000000     0.00000000     0.00000000     0.00000000     0.00000000    -0.00000000   
   9  -0.00000000    -0.00000000     0.00000000    -0.00000000    -0.00000000    -0.00000000   
  10  -0.00000000     0.00000000     0.00000000     0.00000000     0.00000000     0.00000000   
  11  -0.00000000    -0.00000000     0.00000000     0.00000000     0.00000000    -0.00000000   
  12   0.00000000    -0.00000000     0.00000000    -0.00000000     0.00000000     0.00000000   
  13  -9.81638340     0.00000000    -0.00000000     0.00000000     0.00000000     0.00000000   
  14   0.00000000    -9.39270651    -0.00000000    -0.00000000     0.00000000     0.00000000   
  15  -0.00000000    -0.00000000    -9.14381548    -0.00000000    -0.00000000    -0.00000000   
  16   0.00000000    -0.00000000    -0.00000000    -8.89679625    -0.00000000    -0.00000000   
  17   0.00000000     0.00000000    -0.00000000    -0.00000000    -8.78079286    -0.00000000   
  18   0.00000000     0.00000000    -0.00000000    -0.00000000    -0.00000000    -8.47569443   
  19   0.00000000    -0.00000000     0.00000000     0.00000000     0.00000000     0.00000000   
  20   0.00000000     0.00000000     0.00000000     0.00000000     0.00000000     0.00000000   
  21   0.00000000    -0.00000000     0.00000000    -0.00000000    -0.00000000     0.00000000   
  22  -0.00000000    -0.00000000     0.00000000     0.00000000     0.00000000     0.00000000   
  23  -0.00000000    -0.00000000     0.00000000     0.00000000     0.00000000    -0.00000000   
  24   0.00000000     0.00000000     0.00000000    -0.00000000     0.00000000    -0.00000000   
  25   0.00000000    -0.00000000     0.00000000     0.00000000     0.00000000    -0.00000000   
  26  -0.00000000    -0.00000000     0.00000000    -0.00000000     0.00000000     0.00000000   
  27   0.00000000    -0.00000000    -0.00000000    -0.00000000    -0.00000000    -0.00000000   
  28  -0.00000000     0.00000000    -0.00000000    -0.00000000    -0.00000000     0.00000000   
  29  -0.00000000     0.00000000    -0.00000000     0.00000000    -0.00000000     0.00000000   
  30   0.00000000     0.00000000    -0.00000000     0.00000000    -0.00000000     0.00000000   
  31   0.00000000    -0.00000000    -0.00000000    -0.00000000    -0.00000000    -0.00000000   
  32  -0.00000000    -0.00000000     0.00000000     0.00000000     0.00000000    -0.00000000   
  33  -0.00000000     0.00000000     0.00000000    -0.00000000    -0.00000000     0.00000000   
  34  -0.00000000     0.00000000    -0.00000000     0.00000000     0.00000000    -0.00000000   
  35   0.00000000     0.00000000     0.00000000    -0.00000000    -0.00000000     0.00000000   
  36  -0.00000000     0.00000000    -0.00000000     0.00000000     0.00000000     0.00000000   
  37   0.00000000    -0.00000000     0.00000000     0.00000000    -0.00000000    -0.00000000   
  38  -0.00000000    -0.00000000     0.00000000     0.00000000    -0.00000000    -0.00000000   
  39   0.02040123     0.41119694    -0.00113023    -0.00003911     0.00559825    -0.00431240   
  40   0.02917604    -0.03995073    -0.02056912    -0.00013434     0.12832272    -0.11536087   
  41   0.00000003    -0.00000002    -0.00000000     0.00000000     0.00000001     0.00000000   
  42   0.00000002     0.00000001     0.00000000     0.00000000     0.00000000     0.00000000   
  43   0.00000000     0.00000002    -0.00000000    -0.00000000     0.00000001     0.00000000   
  44  -0.00000001    -0.00000001    -0.00000000    -0.00000001     0.00000000    -0.00000001   
  45  -0.00000001     0.00000001    -0.00000001    -0.00000000    -0.00000000    -0.00000003   
  46   0.00000001     0.00000001    -0.00000000     0.00000001     0.00000000     0.00000002   
  47   0.00000001     0.00000002    -0.00000001     0.00000000     0.00000001     0.00000001   
  48  -0.00000000    -0.00000000    -0.00000000     0.00000000     0.00000000     0.00000002   
  49  -0.00000000    -0.00000003     0.00000001    -0.00000000     0.00000000     0.00000000   
  50   0.00000002    -0.00000001     0.00000001     0.00000002     0.00000000     0.00000002   
  51  -0.00000001     0.00000004     0.00000001    -0.00000001    -0.00000001     0.00000001   
  52  -0.00000001    -0.00000001    -0.00000001    -0.00000000     0.00000000     0.00000001   
  53   0.00000001     0.00000002    -0.00000001     0.00000001    -0.00000002     0.00000002   
  54  -0.00000001     0.00000002     0.00000001    -0.00000002    -0.00000000     0.00000001   
  55  -0.00000002     0.00000000    -0.00000000    -0.00000002    -0.00000001     0.00000001   
  56   0.00000001     0.00000002    -0.00000000     0.00000000     0.00000000    -0.00000000   
  57  -0.00000001     0.00000000     0.00000001     0.00000000    -0.00000001    -0.00000001   
  58  -0.00000000    -0.00000000    -0.00000001    -0.00000001     0.00000000    -0.00000001   
  59   0.00000001     0.00000001    -0.00000001     0.00000001    -0.00000001    -0.00000001   
  60  -0.00000001     0.00000002    -0.00000000    -0.00000000     0.00000000    -0.00000001   
  61   0.00000000     0.00000001     0.00000000     0.00000000    -0.00000002     0.00000000   
  62  -0.00000000    -0.00000001     0.00000000     0.00000000     0.00000000     0.00000002   
           19             20             21             22             23             24       
   1   0.00000000    -0.00000000     0.00000000    -0.00000000    -0.00000000    -0.00000000   
   2   0.00000000     0.00000000    -0.00000000    -0.00000000     0.00000000     0.00000000   
   3  -0.00000000     0.00000000    -0.00000000    -0.00000000    -0.00000000    -0.00000000   
   4   0.00000000    -0.00000000    -0.00000000    -0.00000000     0.00000000     0.00000000   
   5   0.00000000     0.00000000     0.00000000    -0.00000000     0.00000000     0.00000000   
   6  -0.00000000    -0.00000000     0.00000000    -0.00000000     0.00000000     0.00000000   
   7  -0.00000000    -0.00000000    -0.00000000    -0.00000000     0.00000000    -0.00000000   
   8   0.00000000    -0.00000000     0.00000000     0.00000000     0.00000000     0.00000000   
   9   0.00000000     0.00000000    -0.00000000     0.00000000    -0.00000000     0.00000000   
  10  -0.00000000    -0.00000000    -0.00000000     0.00000000     0.00000000    -0.00000000   
  11  -0.00000000     0.00000000    -0.00000000     0.00000000     0.00000000     0.00000000   
  12   0.00000000     0.00000000    -0.00000000     0.00000000    -0.00000000     0.00000000   
  13   0.00000000     0.00000000     0.00000000    -0.00000000    -0.00000000     0.00000000   
  14  -0.00000000     0.00000000    -0.00000000    -0.00000000    -0.00000000     0.00000000   
  15   0.00000000     0.00000000     0.00000000     0.00000000     0.00000000     0.00000000   
  16   0.00000000     0.00000000    -0.00000000     0.00000000     0.00000000    -0.00000000   
  17   0.00000000     0.00000000    -0.00000000     0.00000000     0.00000000     0.00000000   
  18   0.00000000     0.00000000     0.00000000     0.00000000    -0.00000000    -0.00000000   
  19  -8.10023619    -0.00000000     0.00000000     0.00000000    -0.00000000     0.00000000   
  20  -0.00000000    -7.48920675    -0.00000000    -0.00000000     0.00000000    -0.00000000   
  21   0.00000000    -0.00000000    -6.63124906    -0.00000000     0.00000000     0.00000000   
  22   0.00000000    -0.00000000    -0.00000000    -6.25016367     0.00000000    -0.00000000   
  23  -0.00000000     0.00000000     0.00000000     0.00000000    -5.42788301    -0.00000000   
  24   0.00000000    -0.00000000     0.00000000    -0.00000000    -0.00000000    -4.56719432   
  25  -0.00000000     0.00000000    -0.00000000     0.00000000    -0.00000000    -0.00000000   
  26  -0.00000000     0.00000000    -0.00000000     0.00000000     0.00000000    -0.00000000   
  27  -0.00000000     0.00000000    -0.00000000     0.00000000    -0.00000000     0.00000000   
  28  -0.00000000     0.00000000     0.00000000     0.00000000     0.00000000     0.00000000   
  29   0.00000000     0.00000000    -0.00000000     0.00000000    -0.00000000     0.00000000   
  30   0.00000000     0.00000000    -0.00000000    -0.00000000     0.00000000     0.00000000   
  31  -0.00000000    -0.00000000     0.00000000     0.00000000    -0.00000000    -0.00000000   
  32  -0.00000000    -0.00000000     0.00000000    -0.00000000     0.00000000     0.00000000   
  33   0.00000000    -0.00000000    -0.00000000    -0.00000000    -0.00000000    -0.00000000   
  34   0.00000000     0.00000000    -0.00000000     0.00000000    -0.00000000     0.00000000   
  35  -0.00000000     0.00000000    -0.00000000    -0.00000000    -0.00000000    -0.00000000   
  36   0.00000000     0.00000000    -0.00000000     0.00000000    -0.00000000    -0.00000000   
  37   0.00000000     0.00000000    -0.00000000    -0.00000000     0.00000000     0.00000000   
  38  -0.00000000    -0.00000000     0.00000000    -0.00000000     0.00000000    -0.00000000   
  39   0.13245881    -0.06656809     0.00278425    -0.28759735    -0.51218291     0.35801994   
  40  -0.03606068     0.01438339    -0.00165064     0.11922592     0.12709683     0.72546476   
  41   0.00000003    -0.00000000    -0.00000008    -0.00000008     0.00000008     0.00000005   
  42  -0.00000001     0.00000005     0.00000001    -0.00000004     0.00000004     0.00000002   
  43  -0.00000003    -0.00000004     0.00000001    -0.00000001    -0.00000003    -0.00000001   
  44  -0.00000001     0.00000000     0.00000000     0.00000001    -0.00000000    -0.00000001   
  45  -0.00000002     0.00000002    -0.00000000    -0.00000001    -0.00000001    -0.00000001   
  46  -0.00000001    -0.00000002    -0.00000002    -0.00000000    -0.00000004    -0.00000000   
  47   0.00000002     0.00000001    -0.00000000     0.00000000     0.00000005    -0.00000001   
  48  -0.00000001     0.00000001    -0.00000001     0.00000001     0.00000002    -0.00000001   
  49   0.00000002    -0.00000002    -0.00000003    -0.00000004     0.00000003    -0.00000001   
  50   0.00000001     0.00000001    -0.00000000    -0.00000001    -0.00000003    -0.00000001   
  51   0.00000002    -0.00000002    -0.00000002    -0.00000004    -0.00000001     0.00000000   
  52  -0.00000000    -0.00000000    -0.00000000     0.00000000    -0.00000001    -0.00000004   
  53   0.00000001     0.00000001    -0.00000000     0.00000001    -0.00000000     0.00000003   
  54  -0.00000001    -0.00000000     0.00000000     0.00000001    -0.00000001     0.00000000   
  55   0.00000001     0.00000001    -0.00000001     0.00000000     0.00000001    -0.00000002   
  56   0.00000003     0.00000001     0.00000000    -0.00000002     0.00000001     0.00000001   
  57   0.00000002     0.00000002     0.00000001     0.00000001     0.00000001    -0.00000001   
  58  -0.00000001    -0.00000001     0.00000001     0.00000001    -0.00000001     0.00000000   
  59  -0.00000001    -0.00000000    -0.00000000    -0.00000002     0.00000001    -0.00000003   
  60   0.00000001    -0.00000001    -0.00000001     0.00000004     0.00000003     0.00000003   
  61   0.00000000     0.00000000    -0.00000000    -0.00000000     0.00000001     0.00000001   
  62  -0.00000000    -0.00000000     0.00000001     0.00000002    -0.00000001    -0.00000000   
           25             26             27             28             29             30       
   1   0.00000000     0.00000000     0.00000000     0.00000000    -0.00000000    -0.00000000   
   2  -0.00000000    -0.00000000    -0.00000000    -0.00000000    -0.00000000     0.00000000   
   3  -0.00000000     0.00000000    -0.00000000     0.00000000    -0.00000000     0.00000000   
   4  -0.00000000    -0.00000000     0.00000000    -0.00000000     0.00000000    -0.00000000   
   5   0.00000000     0.00000000     0.00000000    -0.00000000     0.00000000     0.00000000   
   6   0.00000000    -0.00000000    -0.00000000     0.00000000     0.00000000     0.00000000   
   7  -0.00000000     0.00000000     0.00000000    -0.00000000     0.00000000     0.00000000   
   8  -0.00000000     0.00000000    -0.00000000     0.00000000     0.00000000     0.00000000   
   9  -0.00000000    -0.00000000     0.00000000    -0.00000000    -0.00000000    -0.00000000   
  10   0.00000000    -0.00000000     0.00000000    -0.00000000    -0.00000000    -0.00000000   
  11   0.00000000     0.00000000    -0.00000000     0.00000000    -0.00000000     0.00000000   
  12   0.00000000     0.00000000    -0.00000000    -0.00000000     0.00000000    -0.00000000   
  13   0.00000000    -0.00000000     0.00000000    -0.00000000    -0.00000000     0.00000000   
  14  -0.00000000    -0.00000000    -0.00000000     0.00000000     0.00000000     0.00000000   
  15   0.00000000     0.00000000    -0.00000000    -0.00000000    -0.00000000    -0.00000000   
  16   0.00000000    -0.00000000    -0.00000000    -0.00000000     0.00000000     0.00000000   
  17   0.00000000     0.00000000    -0.00000000    -0.00000000    -0.00000000    -0.00000000   
  18  -0.00000000     0.00000000    -0.00000000     0.00000000     0.00000000     0.00000000   
  19  -0.00000000    -0.00000000    -0.00000000    -0.00000000    -0.00000000     0.00000000   
  20   0.00000000     0.00000000     0.00000000     0.00000000     0.00000000     0.00000000   
  21  -0.00000000    -0.00000000    -0.00000000     0.00000000    -0.00000000    -0.00000000   
  22   0.00000000     0.00000000     0.00000000     0.00000000     0.00000000    -0.00000000   
  23  -0.00000000     0.00000000    -0.00000000     0.00000000    -0.00000000     0.00000000   
  24  -0.00000000    -0.00000000     0.00000000     0.00000000     0.00000000     0.00000000   
  25  -4.26970525     0.00000000     0.00000000    -0.00000000    -0.00000000    -0.00000000   
  26   0.00000000    -4.21238401     0.00000000     0.00000000     0.00000000     0.00000000   
  27   0.00000000     0.00000000    -4.06412779     0.00000000    -0.00000000     0.00000000   
  28  -0.00000000     0.00000000     0.00000000    -3.92364475     0.00000000     0.00000000   
  29  -0.00000000     0.00000000    -0.00000000     0.00000000    -3.57753870    -0.00000000   
  30  -0.00000000     0.00000000     0.00000000     0.00000000    -0.00000000    -3.45225402   
  31   0.00000000     0.00000000     0.00000000    -0.00000000     0.00000000    -0.00000000   
  32  -0.00000000     0.00000000    -0.00000000     0.00000000     0.00000000     0.00000000   
  33  -0.00000000     0.00000000     0.00000000    -0.00000000    -0.00000000     0.00000000   
  34  -0.00000000     0.00000000    -0.00000000     0.00000000    -0.00000000    -0.00000000   
  35  -0.00000000     0.00000000     0.00000000     0.00000000    -0.00000000    -0.00000000   
  36  -0.00000000     0.00000000    -0.00000000    -0.00000000    -0.00000000    -0.00000000   
  37   0.00000000     0.00000000     0.00000000    -0.00000000    -0.00000000    -0.00000000   
  38  -0.00000000    -0.00000000    -0.00000000    -0.00000000    -0.00000000    -0.00000000   
  39  -0.51952161    -0.10187887    -0.07061524    -0.00221335     0.22475500     0.01679350   
  40   0.06336059    -0.00528031     0.25714409     0.00128031     0.37843831     0.05544213   
  41  -0.00000001    -0.00000004     0.00000002     0.00000002     0.00000013    -0.00000004   
  42  -0.00000002    -0.00000002    -0.00000000    -0.00000004     0.00000004     0.00000002   
  43   0.00000003     0.00000001    -0.00000001    -0.00000001    -0.00000002     0.00000001   
  44  -0.00000001    -0.00000001    -0.00000000     0.00000007    -0.00000001    -0.00000001   
  45   0.00000000    -0.00000000    -0.00000000    -0.00000002    -0.00000001     0.00000004   
  46   0.00000002    -0.00000000    -0.00000001    -0.00000001     0.00000002     0.00000001   
  47   0.00000001     0.00000001     0.00000000     0.00000001     0.00000002     0.00000001   
  48   0.00000002    -0.00000005    -0.00000000     0.00000002    -0.00000001    -0.00000000   
  49  -0.00000000    -0.00000001    -0.00000000     0.00000001     0.00000003    -0.00000001   
  50  -0.00000000     0.00000001    -0.00000001     0.00000002     0.00000001    -0.00000001   
  51   0.00000001    -0.00000001     0.00000004     0.00000006     0.00000002    -0.00000001   
  52  -0.00000000     0.00000001     0.00000001    -0.00000001    -0.00000000    -0.00000000   
  53  -0.00000001     0.00000001     0.00000002     0.00000001     0.00000001     0.00000001   
  54  -0.00000001     0.00000000    -0.00000000    -0.00000001     0.00000001     0.00000001   
  55   0.00000000     0.00000000     0.00000001     0.00000002     0.00000002     0.00000000   
  56  -0.00000001    -0.00000001    -0.00000000    -0.00000003     0.00000000     0.00000000   
  57  -0.00000002     0.00000001    -0.00000001     0.00000001    -0.00000001    -0.00000001   
  58   0.00000000    -0.00000001     0.00000000    -0.00000001     0.00000000    -0.00000000   
  59   0.00000002     0.00000002    -0.00000000    -0.00000000    -0.00000001    -0.00000001   
  60   0.00000001     0.00000000     0.00000003     0.00000001     0.00000002     0.00000000   
  61   0.00000000     0.00000002     0.00000001     0.00000001     0.00000001     0.00000001   
  62  -0.00000001     0.00000001     0.00000002    -0.00000000     0.00000001    -0.00000000   
           31             32             33             34             35             36       
   1   0.00000000     0.00000000     0.00000000    -0.00000000    -0.00000000    -0.00000000   
   2  -0.00000000     0.00000000     0.00000000     0.00000000    -0.00000000    -0.00000000   
   3   0.00000000     0.00000000     0.00000000    -0.00000000     0.00000000    -0.00000000   
   4   0.00000000     0.00000000     0.00000000     0.00000000     0.00000000     0.00000000   
   5  -0.00000000    -0.00000000    -0.00000000     0.00000000     0.00000000    -0.00000000   
   6   0.00000000    -0.00000000    -0.00000000     0.00000000     0.00000000    -0.00000000   
   7   0.00000000     0.00000000    -0.00000000    -0.00000000     0.00000000    -0.00000000   
   8  -0.00000000    -0.00000000     0.00000000    -0.00000000    -0.00000000    -0.00000000   
   9  -0.00000000     0.00000000    -0.00000000     0.00000000    -0.00000000     0.00000000   
  10  -0.00000000     0.00000000     0.00000000     0.00000000     0.00000000     0.00000000   
  11  -0.00000000    -0.00000000    -0.00000000     0.00000000    -0.00000000    -0.00000000   
  12  -0.00000000    -0.00000000    -0.00000000    -0.00000000     0.00000000    -0.00000000   
  13   0.00000000    -0.00000000    -0.00000000    -0.00000000     0.00000000    -0.00000000   
  14  -0.00000000    -0.00000000     0.00000000     0.00000000     0.00000000     0.00000000   
  15  -0.00000000     0.00000000     0.00000000    -0.00000000     0.00000000    -0.00000000   
  16  -0.00000000     0.00000000    -0.00000000     0.00000000    -0.00000000     0.00000000   
  17  -0.00000000     0.00000000    -0.00000000     0.00000000    -0.00000000     0.00000000   
  18  -0.00000000    -0.00000000     0.00000000    -0.00000000     0.00000000     0.00000000   
  19  -0.00000000    -0.00000000     0.00000000     0.00000000    -0.00000000     0.00000000   
  20  -0.00000000    -0.00000000    -0.00000000     0.00000000     0.00000000     0.00000000   
  21   0.00000000     0.00000000    -0.00000000    -0.00000000    -0.00000000    -0.00000000   
  22   0.00000000    -0.00000000    -0.00000000     0.00000000    -0.00000000     0.00000000   
  23  -0.00000000     0.00000000    -0.00000000    -0.00000000    -0.00000000    -0.00000000   
  24  -0.00000000     0.00000000    -0.00000000     0.00000000    -0.00000000    -0.00000000   
  25   0.00000000    -0.00000000    -0.00000000    -0.00000000    -0.00000000    -0.00000000   
  26   0.00000000     0.00000000     0.00000000     0.00000000     0.00000000     0.00000000   
  27   0.00000000    -0.00000000     0.00000000    -0.00000000     0.00000000    -0.00000000   
  28  -0.00000000     0.00000000    -0.00000000     0.00000000     0.00000000    -0.00000000   
  29   0.00000000     0.00000000    -0.00000000    -0.00000000    -0.00000000    -0.00000000   
  30   0.00000000     0.00000000     0.00000000    -0.00000000    -0.00000000    -0.00000000   
  31  -3.40073071     0.00000000    -0.00000000     0.00000000     0.00000000     0.00000000   
  32   0.00000000    -3.10254834     0.00000000    -0.00000000    -0.00000000    -0.00000000   
  33  -0.00000000     0.00000000    -2.31817632     0.00000000     0.00000000     0.00000000   
  34   0.00000000     0.00000000     0.00000000    -2.06477837     0.00000000     0.00000000   
  35   0.00000000    -0.00000000     0.00000000     0.00000000    -1.18388355    -0.00000000   
  36   0.00000000    -0.00000000     0.00000000     0.00000000    -0.00000000    -1.05105972   
  37  -0.00000000    -0.00000000    -0.00000000     0.00000000    -0.00000000    -0.00000000   
  38   0.00000000     0.00000000    -0.00000000     0.00000000    -0.00000000    -0.00000000   
  39  -0.00927266    -0.00631750    -0.01253203     0.36568856     0.24716173     0.03608272   
  40  -0.04173491     0.01439552     0.10201750    -0.94099822     0.37731849     0.07509341   
  41  -0.00000002     0.00000010    -0.00000004     0.00000016     0.00000012     0.00000002   
  42   0.00000001    -0.00000002     0.00000000     0.00000005     0.00000003    -0.00000000   
  43  -0.00000005    -0.00000002    -0.00000001     0.00000000    -0.00000002    -0.00000000   
  44  -0.00000001     0.00000001    -0.00000000     0.00000005     0.00000002     0.00000002   
  45   0.00000001    -0.00000003     0.00000000     0.00000000    -0.00000001    -0.00000002   
  46   0.00000006     0.00000006     0.00000000     0.00000002     0.00000000    -0.00000000   
  47   0.00000000     0.00000002    -0.00000004    -0.00000000     0.00000000     0.00000001   
  48  -0.00000000     0.00000000    -0.00000003     0.00000000    -0.00000001     0.00000001   
  49   0.00000003     0.00000003    -0.00000002     0.00000008     0.00000004    -0.00000001   
  50   0.00000000    -0.00000001     0.00000005     0.00000001    -0.00000003    -0.00000001   
  51  -0.00000001     0.00000004     0.00000000    -0.00000001    -0.00000003     0.00000002   
  52   0.00000003    -0.00000003     0.00000001     0.00000001    -0.00000000    -0.00000001   
  53   0.00000001    -0.00000000     0.00000000     0.00000000    -0.00000002     0.00000003   
  54  -0.00000002    -0.00000001     0.00000001     0.00000001    -0.00000000    -0.00000001   
  55  -0.00000000     0.00000002     0.00000002    -0.00000001    -0.00000001    -0.00000003   
  56  -0.00000000    -0.00000001    -0.00000001     0.00000002     0.00000000    -0.00000001   
  57  -0.00000000    -0.00000001    -0.00000000     0.00000000    -0.00000000     0.00000000   
  58   0.00000003    -0.00000000     0.00000001    -0.00000003     0.00000001     0.00000001   
  59   0.00000000     0.00000000    -0.00000001    -0.00000000    -0.00000002    -0.00000000   
  60  -0.00000003    -0.00000000     0.00000003    -0.00000004     0.00000002    -0.00000000   
  61  -0.00000001     0.00000002    -0.00000002     0.00000001    -0.00000002     0.00000001   
  62   0.00000001    -0.00000002     0.00000002    -0.00000000     0.00000000    -0.00000001   
           37             38             39             40       
   1   0.00000000     0.00000000     0.00031708     0.00102192   
   2   0.00000000     0.00000000     0.00555114    -0.00801948   
   3   0.00000000     0.00000000    -0.00391856     0.00589641   
   4  -0.00000000    -0.00000000     0.00479045    -0.00705584   
   5  -0.00000000     0.00000000     0.00054043    -0.00041682   
   6  -0.00000000    -0.00000000    -0.00029847     0.00070394   
   7   0.00000000    -0.00000000    -0.00036801     0.00027249   
   8  -0.00000000     0.00000000    -0.03363481    -0.23960448   
   9   0.00000000     0.00000000    -0.00004370     0.00815811   
  10  -0.00000000    -0.00000000     0.00057328    -0.00334237   
  11  -0.00000000    -0.00000000    -0.00334095    -0.17997552   
  12   0.00000000    -0.00000000     0.00321408     0.15028545   
  13   0.00000000    -0.00000000     0.02040123     0.02917602   
  14  -0.00000000    -0.00000000     0.41119699    -0.03995072   
  15   0.00000000     0.00000000    -0.00113021    -0.02056911   
  16   0.00000000     0.00000000    -0.00003910    -0.00013436   
  17  -0.00000000    -0.00000000     0.00559824     0.12832272   
  18  -0.00000000    -0.00000000    -0.00431240    -0.11536090   
  19   0.00000000    -0.00000000     0.13245882    -0.03606067   
  20   0.00000000    -0.00000000    -0.06656810     0.01438339   
  21  -0.00000000     0.00000000     0.00278427    -0.00165064   
  22  -0.00000000    -0.00000000    -0.28759737     0.11922592   
  23   0.00000000     0.00000000    -0.51218297     0.12709684   
  24   0.00000000    -0.00000000     0.35801998     0.72546477   
  25   0.00000000    -0.00000000    -0.51952168     0.06336058   
  26   0.00000000    -0.00000000    -0.10187888    -0.00528032   
  27   0.00000000     0.00000000    -0.07061525     0.25714413   
  28  -0.00000000    -0.00000000    -0.00221335     0.00128031   
  29  -0.00000000    -0.00000000     0.22475501     0.37843830   
  30  -0.00000000    -0.00000000     0.01679348     0.05544211   
  31  -0.00000000     0.00000000    -0.00927266    -0.04173490   
  32  -0.00000000     0.00000000    -0.00631752     0.01439554   
  33  -0.00000000    -0.00000000    -0.01253202     0.10201753   
  34   0.00000000     0.00000000     0.36568859    -0.94099820   
  35  -0.00000000    -0.00000000     0.24716177     0.37731853   
  36  -0.00000000    -0.00000000     0.03608274     0.07509339   
  37  -0.81087199     0.00000000     0.00239449     0.00341195   
  38   0.00000000    -0.66335216    -0.03447443    -0.14360851   
  39   0.00239448    -0.03447443    -1.45814235    -0.00000000   
  40   0.00341196    -0.14360847    -0.00000000    -0.43031616   
  41   0.00000000    -0.00000001     0.00000005    -0.00000002   
  42   0.00000000    -0.00000003     0.00000005    -0.00000002   
  43   0.00000001    -0.00000000    -0.00000002    -0.00000000   
  44   0.00000001    -0.00000000    -0.00000001    -0.00000004   
  45   0.00000001    -0.00000001    -0.00000001    -0.00000002   
  46   0.00000001     0.00000001     0.00000001     0.00000001   
  47  -0.00000002    -0.00000001     0.00000005    -0.00000002   
  48  -0.00000001    -0.00000002     0.00000002    -0.00000001   
  49   0.00000002     0.00000001    -0.00000003     0.00000000   
  50   0.00000003     0.00000001    -0.00000002    -0.00000001   
  51  -0.00000003     0.00000000     0.00000009     0.00000005   
  52   0.00000001     0.00000002     0.00000002    -0.00000002   
  53  -0.00000000    -0.00000005    -0.00000001     0.00000003   
  54  -0.00000000     0.00000001    -0.00000000    -0.00000001   
  55  -0.00000003    -0.00000001     0.00000000    -0.00000001   
  56   0.00000000     0.00000000     0.00000001     0.00000001   
  57   0.00000000    -0.00000001    -0.00000000     0.00000000   
  58  -0.00000000     0.00000002    -0.00000001    -0.00000001   
  59  -0.00000000     0.00000001     0.00000006    -0.00000002   
  60  -0.00000001    -0.00000003     0.00000006     0.00000000   
  61  -0.00000000    -0.00000002    -0.00000000     0.00000002   
  62  -0.00000001    -0.00000002    -0.00000000    -0.00000002   

[[ 0.000454  0.208815  0.205389 ...  0.003536 -0.000279  0.000719]
 [ 0.007735  0.143462 -0.013675 ... -0.006631  0.000881 -0.002311]
 [ 0.000416  0.176082 -0.107151 ...  0.003585 -0.000292  0.000751]
 ...
 [-0.000013 -0.000045  0.000053 ... -0.019751 -0.098145  0.039352]
 [-0.000482  0.111187 -0.093026 ...  0.000089 -0.000104  0.000299]
 [-0.000016 -0.000042  0.000047 ... -0.017753  0.058336  0.093028]]
 Saved MO coefficients to FCIDUMP/FCIDUMP_AO_DTA_HS3_mo_coeff.npy
