  FCIDUMP file : FCIDUMP/FCIDUMP_AO_DTA
  NORB         : 62
  NELEC        : 78  (nalpha=39, nbeta=39)
  Scalar pot.  :  6050.1061599405
===============================================
 Testing CSF optimisation with named guesses
===============================================

************************************************
 Testing 'gwh' initial guess method
************************************************

  Initializing L-BFGS optimisation...
    > Num. MOs       =     62
    > Num. params    =    957
    > Max subspace   =     20
    > Max step size   =  0.500
    > Backtracking   =  0.100
    > Parallel tr.   = True
    > Pseudo-canon.  = True
    > Canon interval = 10
    > Hybrid prec.   = True
  ================================================================
           Energy / Eh     Step Len    Max(|G_i|)
  ================================================================
     0   592.9181004842                 8.49e+00
     1   579.5953492442    5.00e-01     1.28e+01    rescaled  
     2   579.5953492442    5.00e-01     1.28e+01    understep 
  Step has positive overlap with gradient - reversing direction
     3   566.0078671268    5.00e-01     1.43e+01    reset L-BFGS
     4   554.7084649472    5.00e-01     1.50e+01    rescaled  
     5   541.6231830808    5.00e-01     9.56e+00    rescaled  
     6   534.8401139770    5.00e-01     9.83e+00    rescaled  
     7   521.6969338802    5.00e-01     8.66e+00    rescaled  
     8   515.6947625960    5.00e-01     9.18e+00    rescaled  
     9   512.9599447304    5.00e-01     9.63e+00    rescaled  
    10   492.6859294942    5.00e-01     8.97e+00    rescaled  
    11   475.3108838794    5.00e-01     8.60e+00    rescaled  
    12   462.5412459437    5.00e-01     8.55e+00    rescaled  
    13   454.7411841826    5.00e-01     6.32e+00    rescaled  
    14   449.1884594642    5.00e-01     6.05e+00    rescaled  
    15   442.8595079267    5.00e-01     5.66e+00    rescaled  
    16   439.1926366896    5.00e-01     5.28e+00    rescaled  
    17   431.4067358640    5.00e-01     5.58e+00    rescaled  
    18   426.5416906064    5.00e-01     6.63e+00    rescaled  
    19   419.9089751257    5.00e-01     7.50e+00    rescaled  
    20   418.0458304624    5.00e-01     6.40e+00    rescaled  
    21   412.8972862587    5.00e-01     5.77e+00    rescaled  
    22   412.8972862587    5.00e-01     5.77e+00    understep 
    23   409.6999346065    5.00e-01     5.84e+00    rescaled  
    24   402.1043708271    5.00e-01     6.68e+00    rescaled  
    25   397.3414142614    5.00e-01     7.31e+00    rescaled  
    26   391.9455666170    5.00e-01     6.86e+00    rescaled  
    27   388.4908261796    5.00e-01     6.61e+00    rescaled  
    28   382.2631312633    5.00e-01     6.54e+00    rescaled  
    29   378.3530092513    5.00e-01     8.82e+00    rescaled  
    30   372.1180394179    5.00e-01     8.71e+00    rescaled  
    31   367.7104318395    5.00e-01     7.77e+00    rescaled  
    32   359.2781632968    5.00e-01     6.89e+00    rescaled  
    33   350.3275318803    5.00e-01     5.77e+00    rescaled  
    34   342.9195196759    5.00e-01     6.00e+00    rescaled  
    35   333.9019846819    5.00e-01     4.07e+00    rescaled  
    36   327.4965488946    5.00e-01     3.84e+00    rescaled  
    37   322.3917550701    5.00e-01     4.37e+00    rescaled  
    38   318.3129122915    5.00e-01     4.87e+00    rescaled  
    39   306.7150930437    5.00e-01     4.57e+00    rescaled  
    40   299.6342832059    5.00e-01     4.95e+00    rescaled  
    41   292.9359814206    5.00e-01     4.20e+00    rescaled  
    42   287.7876283588    5.00e-01     4.18e+00    rescaled  
    43   282.4490442375    5.00e-01     4.11e+00    rescaled  
    44   280.3506022894    5.00e-01     4.06e+00    rescaled  
    45   277.6513690540    5.00e-01     4.51e+00    rescaled  
    46   273.8100146507    5.00e-01     4.01e+00    rescaled  
    47   271.2252800929    5.00e-01     3.85e+00    rescaled  
    48   267.3840560420    5.00e-01     4.17e+00    rescaled  
    49   263.6512238116    5.00e-01     3.63e+00    rescaled  
    50   260.1671269209    5.00e-01     2.33e+00    rescaled  
    51   258.7579302019    5.00e-01     2.12e+00    rescaled  
    52   257.2761778283    5.00e-01     3.06e+00    rescaled  
    53   258.8923501736    2.90e-01     3.10e+00              
    54   256.5041284815    2.05e-01     2.93e+00    overstep  
    55   256.3013773302    3.16e-01     2.00e+00              
    56   255.2347940937    1.80e-01     3.84e+00              
    57   255.8211578419    2.33e-01     1.85e+00              
    58   254.8558628724    1.83e-01     1.63e+00    overstep  
    59   253.7393537204    1.20e-01     1.17e+00              
    60   253.6000200737    1.35e-01     1.52e+00              
    61   253.3588212740    7.35e-02     1.00e+00              
    62   253.2664601571    6.75e-02     1.05e+00              
    63   253.1193397831    2.64e-02     1.16e+00              
    64   252.9686633992    7.86e-02     7.26e-01              
    65   252.8260136483    7.37e-02     6.55e-01              
    66   252.7350661702    8.43e-02     5.74e-01              
    67   252.6762078438    7.32e-02     3.34e-01              
    68   252.6389137436    1.88e-02     1.55e-01              
    69   252.6287115157    1.37e-02     5.07e-02              
    70   252.6270609978    6.92e-03     3.35e-02              
    71   252.6268424197    2.12e-03     7.07e-03              
    72   252.6268224833    7.19e-04     7.23e-03              
    73   252.6268200952    1.50e-04     8.82e-04              
    74   252.6268199056    3.42e-05     2.14e-04              
    75   252.6268198869    1.97e-05     4.25e-05              
    76   252.6268198859    5.22e-06     1.19e-05              
    77   252.6268198858    1.40e-06     4.82e-06              
    78   252.6268198858    4.81e-07     8.90e-07              
  ================================================================
  L-BFGS converged in     78 iterations (  9.90 seconds)
 Converged energy (gwh): 252.6268198858

************************************************
 Testing 'core' initial guess method
************************************************

  Initializing L-BFGS optimisation...
    > Num. MOs       =     62
    > Num. params    =    957
    > Max subspace   =     20
    > Max step size   =  0.500
    > Backtracking   =  0.100
    > Parallel tr.   = True
    > Pseudo-canon.  = True
    > Canon interval = 10
    > Hybrid prec.   = True
  ================================================================
           Energy / Eh     Step Len    Max(|G_i|)
  ================================================================
     0   562.1166751813                 1.84e+01
     1   535.6550895972    5.00e-01     1.61e+01    rescaled  
     2   518.2545150027    5.00e-01     1.44e+01    rescaled  
     3   491.7255279343    5.00e-01     1.09e+01    rescaled  
     4   477.8878870521    5.00e-01     7.89e+00    rescaled  
     5   469.5769476294    5.00e-01     7.72e+00    rescaled  
     6   464.6718950777    5.00e-01     7.75e+00    rescaled  
     7   458.6855812114    5.00e-01     7.62e+00    rescaled  
  Step has positive overlap with gradient - reversing direction
     8   454.5223702169    5.00e-01     7.91e+00    reset L-BFGS
     9   445.9189994487    5.00e-01     7.33e+00    rescaled  
    10   440.6762948549    5.00e-01     7.21e+00    rescaled  
    11   428.2900445052    5.00e-01     7.85e+00    rescaled  
    12   419.0804327550    5.00e-01     7.22e+00    rescaled  
    13   411.1958061547    5.00e-01     7.41e+00    rescaled  
    14   406.4029533185    5.00e-01     5.15e+00    rescaled  
    15   400.0713961470    5.00e-01     5.13e+00    rescaled  
    16   395.0291387579    5.00e-01     5.52e+00    rescaled  
    17   390.8725536342    5.00e-01     5.44e+00    rescaled  
    18   385.3708894051    5.00e-01     4.87e+00    rescaled  
    19   381.4237003910    5.00e-01     5.80e+00    rescaled  
    20   380.1803485467    5.00e-01     5.69e+00    rescaled  
    21   372.8370263928    5.00e-01     5.86e+00    rescaled  
    22   368.9869070737    5.00e-01     7.41e+00    rescaled  
    23   362.3597968059    4.19e-01     6.45e+00              
    24   355.4857274710    5.00e-01     5.27e+00    rescaled  
    25   350.9555405853    5.00e-01     6.70e+00    rescaled  
    26   340.8509516118    5.00e-01     5.30e+00    rescaled  
    27   332.7173267431    5.00e-01     5.66e+00    rescaled  
    28   320.8647208513    5.00e-01     6.74e+00    rescaled  
    29   315.9355948205    5.00e-01     7.00e+00    rescaled  
    30   308.1278343116    5.00e-01     6.92e+00    rescaled  
    31   300.3594802359    5.00e-01     6.31e+00    rescaled  
    32   295.5848664947    5.00e-01     6.25e+00    rescaled  
    33   291.5060592801    5.00e-01     5.92e+00    rescaled  
    34   284.8526512538    5.00e-01     5.10e+00    rescaled  
    35   278.6662754736    5.00e-01     5.31e+00    rescaled  
    36   271.4015647966    5.00e-01     4.52e+00    rescaled  
    37   268.9865699375    5.00e-01     3.83e+00    rescaled  
    38   266.7624501805    5.00e-01     3.54e+00    rescaled  
    39   263.6851406669    3.49e-01     2.85e+00              
    40   263.6088900063    3.92e-01     5.36e+00              
    41   259.3446953359    3.47e-01     2.43e+00              
    42   256.5570337647    2.40e-01     2.66e+00              
    43   256.3468517616    1.88e-01     2.27e+00              
    44   254.9830454433    1.70e-01     2.23e+00              
    45   254.1645507560    2.49e-01     1.78e+00              
    46   253.2647042912    1.56e-01     1.36e+00              
    47   253.0967241171    1.50e-01     8.37e-01              
    48   252.7534042150    5.66e-02     8.81e-01              
    49   252.6899835586    3.88e-02     4.40e-01              
    50   252.6546961743    2.54e-02     2.75e-01              
    51   252.6425427180    2.64e-02     1.45e-01              
    52   252.6350664990    1.09e-02     1.16e-01              
    53   252.6306763974    7.14e-03     1.02e-01              
    54   252.6279850511    5.49e-03     5.50e-02              
    55   252.6270734797    2.95e-03     1.91e-02              
    56   252.6268864331    7.93e-04     1.30e-02              
    57   252.6268269844    6.46e-04     2.98e-03              
    58   252.6268208287    2.36e-04     2.37e-03              
    59   252.6268199761    9.85e-05     6.04e-04              
    60   252.6268198942    2.82e-05     1.03e-04              
    61   252.6268198866    1.14e-05     3.33e-05              
    62   252.6268198859    3.92e-06     7.94e-06              
    63   252.6268198858    1.43e-06     2.64e-06              
    64   252.6268198858    7.10e-07     1.16e-06              
    65   252.6268198858    2.38e-07     7.77e-07              
  ================================================================
  L-BFGS converged in     65 iterations (  6.83 seconds)
 Converged energy (core): 252.6268198858

===============================================
 Testing CSF optimisation with random coefficients
===============================================

************************************************
 Random coefficient initial guess, Trial 0
************************************************

  Initializing L-BFGS optimisation...
    > Num. MOs       =     62
    > Num. params    =    957
    > Max subspace   =     20
    > Max step size   =  0.500
    > Backtracking   =  0.100
    > Parallel tr.   = True
    > Pseudo-canon.  = True
    > Canon interval = 10
    > Hybrid prec.   = True
  ================================================================
           Energy / Eh     Step Len    Max(|G_i|)
  ================================================================
     0   482.9768607864                 7.82e+00
     1   465.4224880506    5.00e-01     6.66e+00    rescaled  
     2   451.0079885268    5.00e-01     6.04e+00    rescaled  
     3   433.7700147112    5.00e-01     6.32e+00    rescaled  
     4   421.3257706574    5.00e-01     6.62e+00    rescaled  
     5   408.4553183987    5.00e-01     5.66e+00    rescaled  
     6   397.9189564269    5.00e-01     6.00e+00    rescaled  
     7   382.2567350539    5.00e-01     7.58e+00    rescaled  
     8   370.2379024345    5.00e-01     8.56e+00    rescaled  
     9   353.0959124271    5.00e-01     8.68e+00    rescaled  
    10   341.8518999087    5.00e-01     7.70e+00    rescaled  
    11   331.8453023668    5.00e-01     6.64e+00    rescaled  
    12   331.8453023668    5.00e-01     6.64e+00    understep 
    13   324.2606868254    5.00e-01     6.25e+00    rescaled  
    14   315.5339642169    5.00e-01     6.16e+00    rescaled  
    15   308.3519821975    5.00e-01     5.49e+00    rescaled  
    16   300.3134795092    5.00e-01     5.05e+00    rescaled  
    17   294.8440698383    5.00e-01     4.59e+00    rescaled  
    18   274.4601390932    5.00e-01     2.97e+00    rescaled  
    19   266.3937022159    5.00e-01     2.87e+00    rescaled  
    20   263.3417964418    5.00e-01     2.66e+00    rescaled  
    21   262.1914151027    3.65e-01     2.45e+00              
    22   259.2215174040    5.00e-01     2.22e+00    rescaled  
    23   259.1947359205    2.72e-01     2.50e+00              
    24   256.8667234839    1.94e-01     1.97e+00              
    25   260.2399064105    5.00e-01     3.74e+00    rescaled  
    26   255.5320199115    3.12e-01     1.69e+00    overstep  
    27   256.5093282520    2.86e-01     1.76e+00              
    28   254.9111468493    2.23e-01     1.37e+00    overstep  
    29   254.5266964415    1.49e-01     1.28e+00              
    30   253.5115167165    8.91e-02     1.14e+00              
    31   253.4972203805    1.14e-01     1.22e+00              
    32   252.8063686096    1.05e-01     5.64e-01              
    33   252.7467501198    3.99e-02     4.74e-01              
    34   252.6878678491    1.58e-02     2.53e-01              
    35   252.6712721314    2.14e-02     2.07e-01              
    36   252.6540997444    1.46e-02     1.40e-01              
    37   252.6681122467    3.59e-02     1.93e-01              
    38   252.6483080779    2.31e-02     1.39e-01    overstep  
    39   252.6301519125    9.08e-03     5.73e-02              
    40   252.6265569159    1.32e-02     2.56e-02              
    41   252.6262201684    3.34e-03     1.83e-02              
    42   252.6261713849    1.78e-03     4.87e-03              
    43   252.6261627230    8.20e-04     1.44e-03              
    44   252.6261615139    9.10e-05     3.98e-04              
    45   252.6261614279    7.48e-05     1.04e-04              
    46   252.6261614197    1.92e-05     1.73e-04              
    47   252.6261614185    3.89e-06     1.42e-05              
    48   252.6261614184    8.05e-07     4.83e-06              
    49   252.6261614184    4.95e-07     1.24e-06              
    50   252.6261614184    1.95e-07     2.68e-07              
  ================================================================
  L-BFGS converged in     50 iterations (  4.39 seconds)
 Converged energy (trial 0): 252.6261614184

************************************************
 Random coefficient initial guess, Trial 1
************************************************

  Initializing L-BFGS optimisation...
    > Num. MOs       =     62
    > Num. params    =    957
    > Max subspace   =     20
    > Max step size   =  0.500
    > Backtracking   =  0.100
    > Parallel tr.   = True
    > Pseudo-canon.  = True
    > Canon interval = 10
    > Hybrid prec.   = True
  ================================================================
           Energy / Eh     Step Len    Max(|G_i|)
  ================================================================
     0   483.2390637467                 7.08e+00
     1   464.7411248700    5.00e-01     8.06e+00    rescaled  
     2   448.0694449996    5.00e-01     7.76e+00    rescaled  
     3   428.7180973782    5.00e-01     7.73e+00    rescaled  
     4   408.8733748968    5.00e-01     6.80e+00    rescaled  
     5   392.9436182297    5.00e-01     5.89e+00    rescaled  
     6   376.1929176964    5.00e-01     6.31e+00    rescaled  
     7   358.8589814452    5.00e-01     8.28e+00    rescaled  
     8   342.4863165589    5.00e-01     8.47e+00    rescaled  
     9   328.5514785596    5.00e-01     8.08e+00    rescaled  
    10   320.0409041407    5.00e-01     6.70e+00    rescaled  
    11   308.5266969053    5.00e-01     6.74e+00    rescaled  
    12   299.6495691393    5.00e-01     6.15e+00    rescaled  
    13   289.3358574339    5.00e-01     4.28e+00    rescaled  
    14   276.6942915451    5.00e-01     3.64e+00    rescaled  
    15   266.0073305521    5.00e-01     5.16e+00    rescaled  
    16   262.0767824514    5.00e-01     3.08e+00    rescaled  
    17   259.0663483315    5.00e-01     1.96e+00    rescaled  
    18   257.3634743685    5.00e-01     2.55e+00    rescaled  
    19   255.9862623328    3.94e-01     1.88e+00              
    20   257.2565969410    2.82e-01     3.37e+00              
    21   255.3371562391    2.01e-01     2.49e+00    overstep  
    22   254.3977407598    2.16e-01     4.24e+00              
    23   254.6057397607    1.34e-01     1.31e+00              
    24   254.2213803805    1.20e-01     1.15e+00    overstep  
    25   253.5460647413    1.73e-01     4.20e+00              
    26   252.9173763452    1.47e-01     1.66e+00              
    27   252.7675087008    4.92e-02     3.36e-01              
    28   252.6966152595    3.03e-02     2.30e-01              
    29   252.6857768132    3.09e-02     2.41e-01              
    30   252.6372005014    1.63e-02     2.08e-01              
    31   252.6304903537    7.31e-03     5.13e-02              
    32   252.6302257433    7.83e-03     1.20e-01              
    33   252.6272585771    8.64e-03     2.55e-02              
    34   252.6269039291    1.23e-03     7.59e-03              
    35   252.6268279066    1.19e-03     2.54e-03              
    36   252.6268217610    3.12e-04     1.40e-03              
    37   252.6268201431    9.90e-05     5.23e-04              
    38   252.6268199199    1.24e-04     2.18e-04              
    39   252.6268198903    4.88e-05     9.12e-05              
    40   252.6268198862    6.06e-06     3.65e-05              
    41   252.6268198859    1.77e-06     6.65e-06              
    42   252.6268198858    6.74e-07     1.87e-06              
    43   252.6268198858    2.71e-07     1.27e-06              
    44   252.6268198858    8.32e-08     2.47e-07              
  ================================================================
  L-BFGS converged in     44 iterations (  3.32 seconds)
 Converged energy (trial 1): 252.6268198858

************************************************
 Random coefficient initial guess, Trial 2
************************************************

  Initializing L-BFGS optimisation...
    > Num. MOs       =     62
    > Num. params    =    957
    > Max subspace   =     20
    > Max step size   =  0.500
    > Backtracking   =  0.100
    > Parallel tr.   = True
    > Pseudo-canon.  = True
    > Canon interval = 10
    > Hybrid prec.   = True
  ================================================================
           Energy / Eh     Step Len    Max(|G_i|)
  ================================================================
     0   475.4281696067                 6.26e+00
     1   462.8513649991    5.00e-01     7.01e+00    rescaled  
  Step has positive overlap with gradient - reversing direction
     2   451.9926285218    5.00e-01     6.95e+00    reset L-BFGS
     3   433.6459638780    5.00e-01     7.04e+00    rescaled  
  Step has positive overlap with gradient - reversing direction
     4   419.3032653215    5.00e-01     6.69e+00    reset L-BFGS
     5   402.5304198731    5.00e-01     6.81e+00    rescaled  
     6   388.9548569056    5.00e-01     6.08e+00    rescaled  
     7   378.0190534531    5.00e-01     5.86e+00    rescaled  
     8   378.0190534531    5.00e-01     5.86e+00    understep 
     9   369.9974288023    5.00e-01     5.98e+00    rescaled  
    10   355.8407700782    5.00e-01     7.04e+00    rescaled  
    11   345.3381720366    5.00e-01     7.55e+00    rescaled  
    12   333.1867042766    5.00e-01     6.74e+00    rescaled  
    13   323.9733846607    5.00e-01     6.20e+00    rescaled  
    14   316.4209286847    5.00e-01     5.03e+00    rescaled  
    15   309.0277976966    5.00e-01     5.58e+00    rescaled  
    16   299.5494224510    5.00e-01     6.29e+00    rescaled  
    17   291.0275688664    5.00e-01     4.88e+00    rescaled  
    18   285.9462121411    5.00e-01     6.96e+00    rescaled  
    19   282.9906994874    5.00e-01     5.06e+00    rescaled  
    20   281.0889811649    5.00e-01     4.91e+00    rescaled  
    21   268.1855769315    4.98e-01     5.00e+00              
    22   263.2925964435    5.00e-01     2.84e+00    rescaled  
    23   260.8946799028    5.00e-01     2.03e+00    rescaled  
    24   259.4663422241    5.00e-01     2.41e+00    rescaled  
    25   258.0890228355    5.00e-01     2.13e+00    rescaled  
    26   257.2923309672    5.00e-01     2.40e+00    rescaled  
    27   256.5679810970    1.93e-01     1.67e+00              
    28   256.0005363626    2.30e-01     2.80e+00              
    29   255.5641499172    1.88e-01     1.95e+00              
    30   255.3364325610    1.35e-01     1.84e+00              
    31   255.2972582690    8.29e-02     2.00e+00              
    32   255.2828426364    3.96e-02     2.27e+00              
    33   255.1955269195    7.33e-02     2.23e+00              
    34   255.1755949950    7.93e-02     2.15e+00              
    35   255.1545906701    5.92e-02     2.14e+00              
  Step has positive overlap with gradient - reversing direction
    36   255.1627189152    2.05e-02     2.18e+00    reset L-BFGS
    37   253.5600915152    3.12e-01     7.06e-01              
    38   253.0679153762    3.74e-01     7.25e-01              
    39   252.8105082897    1.35e-01     4.79e-01              
    40   252.6759307073    1.21e-01     3.38e-01              
    41   252.6284120261    4.22e-02     6.72e-02              
    42   252.6263730067    5.83e-03     2.18e-02              
    43   252.6261849857    2.16e-03     4.70e-03              
    44   252.6261640372    1.55e-03     3.58e-03              
    45   252.6261625265    9.38e-04     2.33e-03              
    46   252.6261614491    3.84e-04     6.12e-04              
    47   252.6261614245    2.04e-05     3.75e-04              
    48   252.6261614194    9.80e-06     4.41e-05              
    49   252.6261614185    9.00e-06     2.55e-05              
    50   252.6261614184    4.20e-06     8.41e-06              
    51   252.6261614184    9.19e-07     2.00e-06              
    52   252.6261614184    7.74e-08     3.28e-07              
  ================================================================
  L-BFGS converged in     52 iterations (  7.27 seconds)
 Converged energy (trial 2): 252.6261614184

************************************************
 Random coefficient initial guess, Trial 3
************************************************

  Initializing L-BFGS optimisation...
    > Num. MOs       =     62
    > Num. params    =    957
    > Max subspace   =     20
    > Max step size   =  0.500
    > Backtracking   =  0.100
    > Parallel tr.   = True
    > Pseudo-canon.  = True
    > Canon interval = 10
    > Hybrid prec.   = True
  ================================================================
           Energy / Eh     Step Len    Max(|G_i|)
  ================================================================
     0   478.6056903558                 8.74e+00
     1   459.7270485092    5.00e-01     8.16e+00    rescaled  
  Step has positive overlap with gradient - reversing direction
     2   444.3285131437    5.00e-01     8.18e+00    reset L-BFGS
     3   425.1564856390    5.00e-01     6.76e+00    rescaled  
     4   409.8361326136    5.00e-01     5.40e+00    rescaled  
     5   396.2389618628    5.00e-01     5.22e+00    rescaled  
     6   385.5811097535    5.00e-01     5.17e+00    rescaled  
     7   369.2958085777    5.00e-01     4.95e+00    rescaled  
     8   357.6883507629    5.00e-01     5.89e+00    rescaled  
     9   333.4477329352    5.00e-01     6.42e+00    rescaled  
    10   315.0867434470    5.00e-01     6.62e+00    rescaled  
    11   309.3634719821    5.00e-01     8.43e+00    rescaled  
    12   304.6057454133    5.00e-01     8.14e+00    rescaled  
    13   300.0618914235    5.00e-01     7.75e+00    rescaled  
    14   296.7358643215    5.00e-01     6.87e+00    rescaled  
    15   293.0691481577    5.00e-01     5.05e+00    rescaled  
    16   281.1292611675    5.00e-01     4.80e+00    rescaled  
    17   267.1521469043    5.00e-01     3.49e+00    rescaled  
    18   262.0575456959    5.00e-01     5.55e+00    rescaled  
    19   260.5011625801    3.72e-01     3.51e+00              
    20   257.5153767481    2.46e-01     3.01e+00              
    21   255.2377772790    3.28e-01     1.28e+00              
    22   254.8833713314    1.84e-01     1.06e+00              
    23   253.8004185422    1.37e-01     1.01e+00              
    24   253.6217747826    6.09e-02     1.01e+00              
    25   253.2551278424    5.43e-02     7.36e-01              
    26   253.2067887006    7.24e-02     9.74e-01              
    27   253.0573270668    7.21e-02     6.03e-01              
    28   253.0018501472    2.17e-02     6.55e-01              
    29   253.0019383924    2.26e-02     5.85e-01              
    30   252.9972487676    2.03e-02     5.92e-01    overstep  
    31   252.9971098885    1.10e-02     6.04e-01              
    32   252.9974733848    9.52e-03     6.21e-01              
    33   252.9966220440    8.57e-03     6.17e-01    overstep  
    34   252.7858951320    1.27e-01     4.14e-01              
    35   252.6484246045    2.63e-02     2.50e-01              
    36   252.6315525042    1.33e-02     2.31e-01              
    37   252.6274045661    1.27e-02     3.16e-02              
    38   252.6268709080    1.52e-03     1.08e-02              
    39   252.6268260683    9.46e-04     3.68e-03              
    40   252.6268203382    4.13e-04     6.67e-04              
    41   252.6268199139    7.95e-05     3.44e-04              
    42   252.6268198885    2.01e-05     7.74e-05              
    43   252.6268198862    9.85e-06     3.02e-05              
    44   252.6268198859    5.56e-06     1.18e-05              
    45   252.6268198858    3.41e-06     1.53e-06              
    46   252.6268198858    3.33e-07     9.58e-07              
  ================================================================
  L-BFGS converged in     46 iterations ( 21.52 seconds)
 Converged energy (trial 3): 252.6268198858

************************************************
 Random coefficient initial guess, Trial 4
************************************************

  Initializing L-BFGS optimisation...
    > Num. MOs       =     62
    > Num. params    =    957
    > Max subspace   =     20
    > Max step size   =  0.500
    > Backtracking   =  0.100
    > Parallel tr.   = True
    > Pseudo-canon.  = True
    > Canon interval = 10
    > Hybrid prec.   = True
  ================================================================
           Energy / Eh     Step Len    Max(|G_i|)
  ================================================================
     0   489.0187420094                 7.18e+00
     1   473.8835270164    5.00e-01     6.73e+00    rescaled  
  Step has positive overlap with gradient - reversing direction
     2   461.6924108913    5.00e-01     6.72e+00    reset L-BFGS
     3   450.7190114109    5.00e-01     6.18e+00    rescaled  
     4   450.7190114109    5.00e-01     6.18e+00    understep 
     5   441.6011560794    5.00e-01     5.85e+00    rescaled  
     6   421.6436394076    5.00e-01     5.82e+00    rescaled  
     7   407.1860897883    5.00e-01     6.19e+00    rescaled  
     8   391.0333311433    5.00e-01     7.19e+00    rescaled  
     9   377.8682340665    5.00e-01     7.42e+00    rescaled  
    10   362.1128518032    5.00e-01     6.85e+00    rescaled  
    11   350.3135264401    5.00e-01     8.73e+00    rescaled  
    12   341.0880383757    5.00e-01     6.08e+00    rescaled  
    13   332.1831377577    5.00e-01     5.87e+00    rescaled  
    14   325.0696121340    5.00e-01     7.21e+00    rescaled  
    15   318.8429635304    5.00e-01     6.49e+00    rescaled  
    16   312.2034583092    5.00e-01     5.20e+00    rescaled  
    17   306.9243357870    5.00e-01     5.54e+00    rescaled  
    18   303.3798298542    5.00e-01     5.71e+00    rescaled  
    19   290.4663876932    5.00e-01     5.08e+00    rescaled  
    20   274.1839172415    5.00e-01     4.59e+00    rescaled  
    21   267.3176625838    5.00e-01     5.55e+00    rescaled  
    22   261.0302344389    5.00e-01     2.16e+00    rescaled  
    23   262.6874830332    4.25e-01     3.37e+00              
    24   259.9639127408    3.40e-01     2.51e+00    overstep  
    25   258.1504708974    5.00e-01     2.02e+00    rescaled  
    26   255.9970867491    2.82e-01     1.81e+00              
    27   255.9081151055    1.58e-01     1.94e+00              
    28   256.3560014089    4.09e-01     1.77e+00              
    29   255.5766794589    3.56e-01     1.65e+00    overstep  
    30   254.5680026856    2.03e-01     1.46e+00              
    31   254.7851980745    8.55e-02     1.35e+00              
    32   254.3990712856    7.50e-02     1.19e+00    overstep  
    33   253.6151831125    6.66e-02     1.23e+00              
    34   253.4268337101    1.48e-01     9.32e-01              
    35   253.0377585363    1.46e-01     7.19e-01              
    36   252.8667249410    7.72e-02     4.63e-01              
    37   252.7933785609    5.88e-02     4.70e-01              
    38   252.7026772053    3.77e-02     2.97e-01              
    39   252.6564277726    2.24e-02     1.68e-01              
    40   252.6347418873    1.05e-02     8.74e-02              
    41   252.6277719488    1.13e-02     4.35e-02              
    42   252.6271503117    4.68e-03     3.06e-02              
    43   252.6268283237    2.82e-03     3.54e-03              
    44   252.6268217288    7.22e-04     1.71e-03              
    45   252.6268200440    3.12e-04     1.07e-03              
    46   252.6268199039    6.96e-05     2.85e-04              
    47   252.6268198877    2.02e-05     4.44e-05              
    48   252.6268198861    9.48e-06     1.69e-05              
    49   252.6268198859    5.58e-06     1.47e-05              
    50   252.6268198858    9.91e-07     7.68e-06              
    51   252.6268198858    2.29e-07     1.09e-06              
    52   252.6268198858    9.55e-08     4.72e-07              
  ================================================================
  L-BFGS converged in     52 iterations ( 13.27 seconds)
 Converged energy (trial 4): 252.6268198858

************************************************
 Random coefficient initial guess, Trial 5
************************************************

  Initializing L-BFGS optimisation...
    > Num. MOs       =     62
    > Num. params    =    957
    > Max subspace   =     20
    > Max step size   =  0.500
    > Backtracking   =  0.100
    > Parallel tr.   = True
    > Pseudo-canon.  = True
    > Canon interval = 10
    > Hybrid prec.   = True
  ================================================================
           Energy / Eh     Step Len    Max(|G_i|)
  ================================================================
     0   482.9587786560                 7.26e+00
     1   454.3240304921    5.00e-01     7.63e+00    rescaled  
     2   432.2153584061    5.00e-01     7.28e+00    rescaled  
     3   417.0897433814    5.00e-01     7.03e+00    rescaled  
     4   403.9632499249    5.00e-01     6.63e+00    rescaled  
     5   392.7643914522    5.00e-01     6.27e+00    rescaled  
  Step has positive overlap with gradient - reversing direction
     6   384.4022187912    5.00e-01     6.81e+00    reset L-BFGS
     7   368.7879006804    5.00e-01     6.01e+00    rescaled  
     8   359.2679827326    5.00e-01     6.26e+00    rescaled  
     9   348.3997495181    5.00e-01     5.98e+00    rescaled  
    10   340.0872459989    5.00e-01     5.88e+00    rescaled  
    11   330.2185367213    5.00e-01     6.23e+00    rescaled  
    12   322.5999204555    5.00e-01     6.30e+00    rescaled  
    13   316.7190324251    5.00e-01     6.14e+00    rescaled  
    14   312.2786972151    5.00e-01     6.05e+00    rescaled  
    15   303.3336171495    5.00e-01     5.63e+00    rescaled  
    16   296.4083701134    5.00e-01     5.22e+00    rescaled  
    17   284.9548503539    5.00e-01     7.14e+00    rescaled  
    18   269.2014908076    4.12e-01     4.00e+00              
    19   267.1793610804    5.00e-01     6.16e+00    rescaled  
    20   261.0631522938    4.23e-01     3.40e+00              
    21   258.6916766513    5.00e-01     1.93e+00    rescaled  
    22   256.4644984641    5.00e-01     2.46e+00    rescaled  
    23   255.3687279390    5.00e-01     1.48e+00    rescaled  
    24   253.9324075729    3.05e-01     1.72e+00              
    25   253.3146747913    1.99e-01     1.17e+00              
    26   253.0402673179    8.77e-02     9.75e-01              
    27   252.9631936868    1.03e-01     5.32e-01              
    28   252.7455726345    5.28e-02     4.74e-01              
    29   252.6934214044    2.69e-02     4.83e-01              
    30   252.7002655473    6.66e-02     6.17e-01              
    31   252.6878578449    5.98e-02     5.35e-01    overstep  
    32   252.6513839004    3.97e-02     4.28e-01              
    33   252.6391309897    1.64e-02     2.59e-01              
    34   252.6298144980    5.69e-03     5.74e-02              
    35   252.6278406747    8.80e-03     7.11e-02              
    36   252.6264320688    4.58e-03     3.11e-02              
    37   252.6262334326    3.14e-03     1.18e-02              
    38   252.6261695313    9.05e-04     2.97e-03              
    39   252.6261629456    3.64e-04     3.01e-03              
    40   252.6261616331    1.49e-04     6.22e-04              
    41   252.6261614294    4.63e-05     1.06e-04              
    42   252.6261614201    9.98e-06     5.13e-05              
    43   252.6261614185    6.46e-06     9.14e-06              
    44   252.6261614184    1.21e-06     5.57e-06              
    45   252.6261614184    2.28e-07     1.03e-06              
    46   252.6261614184    3.99e-08     3.25e-07              
  ================================================================
  L-BFGS converged in     46 iterations ( 10.13 seconds)
 Converged energy (trial 5): 252.6261614184

************************************************
 Random coefficient initial guess, Trial 6
************************************************

  Initializing L-BFGS optimisation...
    > Num. MOs       =     62
    > Num. params    =    957
    > Max subspace   =     20
    > Max step size   =  0.500
    > Backtracking   =  0.100
    > Parallel tr.   = True
    > Pseudo-canon.  = True
    > Canon interval = 10
    > Hybrid prec.   = True
  ================================================================
           Energy / Eh     Step Len    Max(|G_i|)
  ================================================================
     0   478.1849996040                 8.09e+00
     1   467.5922395282    5.00e-01     8.44e+00    rescaled  
     2   458.5485548485    5.00e-01     8.58e+00    rescaled  
     3   440.5462918710    5.00e-01     8.59e+00    rescaled  
     4   425.2026582646    5.00e-01     5.85e+00    rescaled  
     5   407.4787056091    5.00e-01     7.15e+00    rescaled  
     6   390.9573035596    5.00e-01     5.41e+00    rescaled  
     7   378.0941446609    5.00e-01     6.86e+00    rescaled  
     8   367.5244894162    5.00e-01     8.57e+00    rescaled  
     9   353.7042209992    5.00e-01     9.66e+00    rescaled  
    10   345.9738862093    5.00e-01     9.78e+00    rescaled  
    11   338.7764168487    5.00e-01     7.43e+00    rescaled  
    12   328.5238189973    5.00e-01     7.32e+00    rescaled  
    13   313.7070753975    5.00e-01     6.21e+00    rescaled  
    14   306.0250257181    5.00e-01     4.28e+00    rescaled  
    15   298.2041939373    5.00e-01     5.66e+00    rescaled  
    16   289.8667236146    5.00e-01     5.04e+00    rescaled  
    17   280.8446256242    5.00e-01     4.60e+00    rescaled  
    18   273.1489637115    5.00e-01     3.82e+00    rescaled  
    19   267.5631535743    5.00e-01     3.46e+00    rescaled  
    20   289.2048549473    4.97e-01     5.29e+00              
    21   263.5984739468    2.14e-01     3.48e+00    overstep  
    22   277.8134477458    3.96e-01     5.08e+00              
    23   260.9252481268    1.79e-01     2.31e+00    overstep  
    24   268.9207255378    4.10e-01     3.45e+00              
    25   258.4914500657    2.28e-01     1.95e+00    overstep  
    26   259.5944198540    2.99e-01     3.52e+00              
    27   257.7360588104    2.52e-01     2.99e+00    overstep  
    28   257.5434069696    1.67e-01     1.93e+00              
    29   256.2214052185    1.47e-01     1.73e+00              
    30   255.4310483054    1.34e-01     1.68e+00              
    31   254.1417884475    1.86e-01     1.00e+00              
    32   254.2075983746    7.92e-02     1.56e+00              
    33   253.8586862411    7.12e-02     1.43e+00    overstep  
    34   252.7519516452    4.49e-02     3.03e-01              
    35   252.7371899669    3.18e-02     6.15e-01              
    36   252.6773637217    3.36e-02     5.48e-01              
    37   252.6469027084    1.50e-02     2.25e-01              
    38   252.6306457135    7.11e-03     4.93e-02              
    39   252.6276491682    7.64e-03     3.06e-02              
    40   252.6269959571    4.64e-03     1.07e-02              
    41   252.6268395985    2.06e-03     3.66e-03              
    42   252.6268230748    8.84e-04     1.69e-03              
    43   252.6268201409    3.02e-04     1.42e-03              
    44   252.6268199167    5.19e-05     3.40e-04              
    45   252.6268198884    2.64e-05     7.54e-05              
    46   252.6268198860    8.66e-06     1.50e-05              
    47   252.6268198859    2.08e-06     1.83e-05              
    48   252.6268198858    3.70e-07     2.42e-06              
    49   252.6268198858    7.70e-08     7.36e-07              
  ================================================================
  L-BFGS converged in     49 iterations ( 15.61 seconds)
 Converged energy (trial 6): 252.6268198858

************************************************
 Random coefficient initial guess, Trial 7
************************************************

  Initializing L-BFGS optimisation...
    > Num. MOs       =     62
    > Num. params    =    957
    > Max subspace   =     20
    > Max step size   =  0.500
    > Backtracking   =  0.100
    > Parallel tr.   = True
    > Pseudo-canon.  = True
    > Canon interval = 10
    > Hybrid prec.   = True
  ================================================================
           Energy / Eh     Step Len    Max(|G_i|)
  ================================================================
     0   488.9056126638                 8.72e+00
     1   461.6259435610    5.00e-01     7.03e+00    rescaled  
     2   440.4138251798    5.00e-01     6.18e+00    rescaled  
     3   423.9417804784    5.00e-01     5.92e+00    rescaled  
     4   410.5301333139    5.00e-01     6.09e+00    rescaled  
     5   393.2141197239    5.00e-01     6.03e+00    rescaled  
     6   378.7252080532    5.00e-01     5.50e+00    rescaled  
     7   362.9396651597    5.00e-01     5.69e+00    rescaled  
     8   355.4545288472    5.00e-01     5.17e+00    rescaled  
     9   349.9460578078    5.00e-01     5.45e+00    rescaled  
    10   336.4729189684    5.00e-01     6.56e+00    rescaled  
    11   326.4660808094    5.00e-01     8.34e+00    rescaled  
    12   321.2412502662    5.00e-01     7.75e+00    rescaled  
  Step has positive overlap with gradient - reversing direction
    13   316.9061669236    5.00e-01     7.24e+00    reset L-BFGS
    14   297.2814473987    5.00e-01     6.02e+00    rescaled  
    15   280.0645004178    5.00e-01     5.45e+00    rescaled  
    16   265.1092067857    5.00e-01     5.15e+00    rescaled  
    17   259.4567953453    3.84e-01     2.57e+00              
    18   255.9005930217    2.54e-01     2.49e+00              
    19   254.5188527827    2.71e-01     2.02e+00              
    20   253.2421698018    1.52e-01     1.71e+00              
    21   252.7307143378    3.00e-01     8.36e-01              
    22   252.6421371912    3.93e-02     2.22e-01              
    23   252.6292606996    1.60e-02     7.02e-02              
    24   252.6265994972    5.30e-03     2.80e-02              
    25   252.6262238064    1.63e-03     9.29e-03              
    26   252.6261707719    6.50e-04     3.32e-03              
    27   252.6261628704    7.57e-04     1.60e-03              
    28   252.6261616468    3.01e-04     1.84e-03              
    29   252.6261614360    9.73e-05     2.11e-04              
    30   252.6261614203    1.50e-05     8.38e-05              
    31   252.6261614187    7.24e-06     3.11e-05              
    32   252.6261614184    5.73e-06     6.90e-06              
    33   252.6261614184    1.00e-06     6.52e-06              
    34   252.6261614184    1.84e-07     4.16e-07              
  ================================================================
  L-BFGS converged in     34 iterations (  8.10 seconds)
 Converged energy (trial 7): 252.6261614184

************************************************
 Random coefficient initial guess, Trial 8
************************************************

  Initializing L-BFGS optimisation...
    > Num. MOs       =     62
    > Num. params    =    957
    > Max subspace   =     20
    > Max step size   =  0.500
    > Backtracking   =  0.100
    > Parallel tr.   = True
    > Pseudo-canon.  = True
    > Canon interval = 10
    > Hybrid prec.   = True
  ================================================================
           Energy / Eh     Step Len    Max(|G_i|)
  ================================================================
     0   487.5135959664                 7.66e+00
     1   468.9828633712    5.00e-01     7.95e+00    rescaled  
     2   453.7731985199    5.00e-01     7.66e+00    rescaled  
     3   433.2718048620    5.00e-01     7.24e+00    rescaled  
     4   416.7467844094    5.00e-01     6.29e+00    rescaled  
     5   403.5823940318    5.00e-01     5.86e+00    rescaled  
     6   385.2648199288    5.00e-01     5.18e+00    rescaled  
     7   365.9351833705    5.00e-01     5.97e+00    rescaled  
     8   356.2184628602    5.00e-01     7.11e+00    rescaled  
     9   348.9127113642    5.00e-01     7.90e+00    rescaled  
    10   332.8169732416    5.00e-01     7.12e+00    rescaled  
    11   326.6550153388    5.00e-01     8.04e+00    rescaled  
    12   318.8848004902    5.00e-01     7.33e+00    rescaled  
    13   309.5883774938    5.00e-01     6.88e+00    rescaled  
    14   299.8956492023    5.00e-01     6.48e+00    rescaled  
    15   290.3955116364    5.00e-01     5.30e+00    rescaled  
    16   282.1815279926    5.00e-01     4.19e+00    rescaled  
    17   271.0717163172    5.00e-01     3.99e+00    rescaled  
    18   268.3039509264    5.00e-01     7.17e+00    rescaled  
    19   263.9252269261    4.90e-01     3.63e+00              
    20   264.2144998343    4.27e-01     6.49e+00              
    21   262.0843272195    3.84e-01     6.26e+00    overstep  
    22   263.6765022189    3.80e-01     2.96e+00              
    23   260.8010664457    3.32e-01     2.51e+00    overstep  
    24   260.7029736863    4.31e-01     5.76e+00              
    25   258.8005934957    2.46e-01     2.38e+00              
    26   258.5122785506    2.65e-01     5.50e+00              
    27   255.3760886390    2.82e-01     1.90e+00              
    28   257.9413660079    2.11e-01     3.45e+00              
    29   254.3997621097    1.32e-01     1.97e+00    overstep  
    30   253.8046729345    1.62e-01     1.44e+00              
    31   253.8470234963    9.95e-02     2.18e+00              
    32   253.6186309294    8.96e-02     1.94e+00    overstep  
    33   253.1665110667    6.85e-02     9.15e-01              
    34   253.0191175420    6.03e-02     7.87e-01              
    35   252.9106347797    1.69e-01     7.15e-01              
    36   252.7241948232    4.53e-02     2.73e-01              
    37   252.6702498923    9.18e-02     1.92e-01              
    38   252.6360381278    6.25e-02     8.41e-02              
    39   252.6284056443    2.32e-02     4.58e-02              
    40   252.6271065483    1.10e-02     1.78e-02              
    41   252.6268481283    1.19e-03     7.94e-03              
    42   252.6268229357    9.03e-04     4.76e-03              
    43   252.6268202896    1.79e-04     1.80e-03              
    44   252.6268199143    1.08e-04     3.42e-04              
    45   252.6268198875    3.34e-05     1.27e-04              
    46   252.6268198860    3.81e-06     1.52e-05              
    47   252.6268198858    1.98e-06     3.52e-06              
    48   252.6268198858    5.80e-07     2.12e-06              
    49   252.6268198858    2.04e-07     4.18e-07              
  ================================================================
  L-BFGS converged in     49 iterations ( 14.52 seconds)
 Converged energy (trial 8): 252.6268198858

************************************************
 Random coefficient initial guess, Trial 9
************************************************

  Initializing L-BFGS optimisation...
    > Num. MOs       =     62
    > Num. params    =    957
    > Max subspace   =     20
    > Max step size   =  0.500
    > Backtracking   =  0.100
    > Parallel tr.   = True
    > Pseudo-canon.  = True
    > Canon interval = 10
    > Hybrid prec.   = True
  ================================================================
           Energy / Eh     Step Len    Max(|G_i|)
  ================================================================
     0   495.4966546622                 8.92e+00
     1   474.0287211512    5.00e-01     6.49e+00    rescaled  
     2   456.1757256483    5.00e-01     5.93e+00    rescaled  
     3   433.1748078715    5.00e-01     5.78e+00    rescaled  
     4   414.4532412248    5.00e-01     6.38e+00    rescaled  
     5   403.4536821538    5.00e-01     6.70e+00    rescaled  
     6   394.9794616458    5.00e-01     6.62e+00    rescaled  
     7   382.4584193248    5.00e-01     6.03e+00    rescaled  
     8   373.9159770513    5.00e-01     6.46e+00    rescaled  
     9   362.6408769103    5.00e-01     6.35e+00    rescaled  
    10   354.1532594126    5.00e-01     7.21e+00    rescaled  
    11   347.1638852797    5.00e-01     6.01e+00    rescaled  
    12   341.6528796466    5.00e-01     6.07e+00    rescaled  
    13   330.6593655677    5.00e-01     5.68e+00    rescaled  
    14   315.4227584569    5.00e-01     5.18e+00    rescaled  
    15   301.0341098260    5.00e-01     6.93e+00    rescaled  
    16   288.4618499706    5.00e-01     5.77e+00    rescaled  
    17   279.0958898725    5.00e-01     5.03e+00    rescaled  
    18   272.3285751842    5.00e-01     3.77e+00    rescaled  
    19   266.1501451259    5.00e-01     3.21e+00    rescaled  
    20   260.8263351064    5.00e-01     2.48e+00    rescaled  
    21   263.8135950844    3.83e-01     2.64e+00              
    22   259.2658059201    2.67e-01     1.92e+00    overstep  
    23   257.2597412902    2.09e-01     3.25e+00              
    24   257.4483374030    2.38e-01     2.33e+00              
    25   256.6627368484    2.14e-01     1.73e+00    overstep  
    26   255.2528186227    2.40e-01     1.68e+00              
    27   254.5411793343    1.09e-01     1.85e+00              
    28   254.1323932174    7.18e-02     1.10e+00              
    29   253.6508830631    1.71e-01     2.15e+00              
    30   253.1924369657    7.65e-02     1.26e+00              
    31   253.0535335624    7.09e-02     6.62e-01              
    32   252.8358737077    5.84e-02     7.40e-01              
    33   252.7138791225    2.34e-02     2.79e-01              
    34   252.7109217346    2.98e-02     4.94e-01              
    35   252.6356526624    1.93e-02     3.79e-01              
    36   252.6310238361    1.14e-02     2.45e-01              
    37   252.6269801512    4.36e-03     1.48e-02              
    38   252.6268584116    2.42e-03     7.54e-03              
    39   252.6268244127    1.06e-03     2.03e-03              
    40   252.6268203964    4.81e-04     2.65e-03              
    41   252.6268199160    5.69e-05     6.93e-04              
    42   252.6268198893    1.71e-05     8.33e-05              
    43   252.6268198864    1.47e-05     3.38e-05              
    44   252.6268198859    7.48e-06     1.52e-05              
    45   252.6268198858    1.16e-06     7.33e-06              
    46   252.6268198858    5.77e-07     5.55e-07              
  ================================================================
  L-BFGS converged in     46 iterations ( 12.26 seconds)
 Converged energy (trial 9): 252.6268198858

************************************************
 Random coefficient initial guess, Trial 10
************************************************

  Initializing L-BFGS optimisation...
    > Num. MOs       =     62
    > Num. params    =    957
    > Max subspace   =     20
    > Max step size   =  0.500
    > Backtracking   =  0.100
    > Parallel tr.   = True
    > Pseudo-canon.  = True
    > Canon interval = 10
    > Hybrid prec.   = True
  ================================================================
           Energy / Eh     Step Len    Max(|G_i|)
  ================================================================
     0   477.5733055217                 9.30e+00
     1   460.0434507582    5.00e-01     6.46e+00    rescaled  
     2   443.3885673355    5.00e-01     7.04e+00    rescaled  
     3   426.1061092290    5.00e-01     6.65e+00    rescaled  
     4   409.3473795502    5.00e-01     6.89e+00    rescaled  
     5   387.3950286337    5.00e-01     5.95e+00    rescaled  
     6   373.6929756374    5.00e-01     6.89e+00    rescaled  
     7   364.0507694211    5.00e-01     7.01e+00    rescaled  
     8   345.5815914798    5.00e-01     6.24e+00    rescaled  
     9   330.4717381820    5.00e-01     7.34e+00    rescaled  
    10   302.4717061896    5.00e-01     6.99e+00    rescaled  
    11   291.9962942490    5.00e-01     7.72e+00    rescaled  
    12   284.8294017091    5.00e-01     7.16e+00    rescaled  
    13   271.8948041654    5.00e-01     3.55e+00    rescaled  
    14   263.6342996982    5.00e-01     3.90e+00    rescaled  
    15   265.6755570240    5.00e-01     3.73e+00    rescaled  
    16   262.2569026678    4.08e-01     3.06e+00    overstep  
    17   258.8532723849    2.67e-01     3.63e+00              
    18   259.0157110842    5.00e-01     4.54e+00    rescaled  
    19   257.8912393560    4.50e-01     4.00e+00    overstep  
    20   254.9752135268    1.75e-01     1.58e+00              
    21   256.2742546636    1.41e-01     2.94e+00              
    22   254.4363322523    9.02e-02     2.10e+00    overstep  
    23   253.4044446452    2.14e-01     1.96e+00              
    24   252.9653232209    2.18e-01     5.42e-01              
    25   252.9562865010    1.65e-01     1.91e+00              
    26   252.7041629794    7.07e-02     4.65e-01              
    27   252.6917698555    8.11e-02     2.52e-01              
    28   252.6326162402    4.94e-02     6.18e-02              
    29   252.6306656995    9.38e-03     6.80e-02              
    30   252.6280827006    7.07e-03     3.48e-02              
    31   252.6273871988    2.14e-03     2.40e-02              
    32   252.6269556830    2.39e-03     1.08e-02              
    33   252.6268426039    9.89e-04     6.05e-03              
    34   252.6268225008    9.24e-04     2.56e-03              
    35   252.6268201707    3.53e-04     1.27e-03              
    36   252.6268199176    8.74e-05     1.75e-04              
    37   252.6268198879    2.35e-05     6.36e-05              
    38   252.6268198860    5.93e-06     2.10e-05              
    39   252.6268198858    2.82e-06     9.67e-06              
    40   252.6268198858    3.57e-07     3.67e-06              
    41   252.6268198858    1.18e-07     5.68e-07              
  ================================================================
  L-BFGS converged in     41 iterations (  9.38 seconds)
 Converged energy (trial 10): 252.6268198858

************************************************
 Random coefficient initial guess, Trial 11
************************************************

  Initializing L-BFGS optimisation...
    > Num. MOs       =     62
    > Num. params    =    957
    > Max subspace   =     20
    > Max step size   =  0.500
    > Backtracking   =  0.100
    > Parallel tr.   = True
    > Pseudo-canon.  = True
    > Canon interval = 10
    > Hybrid prec.   = True
  ================================================================
           Energy / Eh     Step Len    Max(|G_i|)
  ================================================================
     0   484.6496411885                 7.75e+00
     1   467.5406817902    5.00e-01     8.09e+00    rescaled  
     2   453.0313313352    5.00e-01     7.93e+00    rescaled  
     3   431.4436536753    5.00e-01     7.78e+00    rescaled  
     4   412.3006204983    5.00e-01     7.54e+00    rescaled  
     5   385.4850490652    5.00e-01     7.92e+00    rescaled  
     6   368.0339919034    5.00e-01     7.60e+00    rescaled  
     7   355.6013740941    5.00e-01     6.00e+00    rescaled  
     8   340.6506546046    5.00e-01     6.88e+00    rescaled  
     9   308.4130272893    5.00e-01     5.71e+00    rescaled  
    10   286.1886140218    5.00e-01     6.03e+00    rescaled  
    11   283.3600958315    5.00e-01     4.57e+00    rescaled  
    12   281.4401444130    5.00e-01     5.70e+00    rescaled  
    13   272.2886107038    5.00e-01     4.86e+00    rescaled  
    14   264.7563454190    5.00e-01     3.38e+00    rescaled  
    15   257.9037468017    5.00e-01     3.06e+00    rescaled  
    16   263.7535961804    3.88e-01     3.07e+00              
    17   256.4651237185    1.94e-01     2.05e+00    overstep  
    18   256.2905069871    3.09e-01     2.12e+00              
    19   255.0940598226    3.46e-01     1.60e+00              
    20   255.1781872768    1.82e-01     1.32e+00              
    21   254.8651122364    1.63e-01     1.18e+00    overstep  
    22   254.3067558387    5.70e-02     1.32e+00              
    23   254.0876263341    8.50e-02     8.64e-01              
    24   253.9222246509    5.43e-02     1.06e+00              
    25   253.9691163781    7.44e-02     1.39e+00              
    26   253.8860052864    6.57e-02     1.11e+00    overstep  
    27   253.6823300714    2.56e-02     2.94e-01              
    28   253.6564423944    1.99e-02     2.77e-01              
    29   253.6293684146    1.48e-02     2.08e-01              
    30   253.6061261203    2.04e-02     1.68e-01              
    31   253.5910038393    1.34e-02     1.08e-01              
    32   253.5837985803    1.47e-02     5.13e-02              
    33   253.5818704617    1.58e-02     9.55e-02              
    34   253.5810478009    1.32e-02     2.47e-02              
    35   253.5806111278    1.47e-02     2.38e-02              
    36   253.5803299197    9.69e-03     2.57e-02              
    37   253.5801584068    7.83e-03     6.50e-03              
    38   253.5801212623    4.95e-03     3.12e-03              
    39   253.5801180287    4.19e-04     2.45e-03              
    40   253.5801167074    2.82e-04     3.42e-04              
    41   253.5801166501    2.48e-05     1.15e-04              
    42   253.5801166307    2.80e-05     3.74e-05              
    43   253.5801166306    8.67e-06     4.34e-05              
    44   253.5801166301    4.17e-06     4.42e-06              
    45   253.5801166301    2.86e-07     1.65e-06              
    46   253.5801166301    3.15e-07     2.32e-07              
  ================================================================
  L-BFGS converged in     46 iterations ( 12.52 seconds)
 Converged energy (trial 11): 253.5801166301

************************************************
 Random coefficient initial guess, Trial 12
************************************************

  Initializing L-BFGS optimisation...
    > Num. MOs       =     62
    > Num. params    =    957
    > Max subspace   =     20
    > Max step size   =  0.500
    > Backtracking   =  0.100
    > Parallel tr.   = True
    > Pseudo-canon.  = True
    > Canon interval = 10
    > Hybrid prec.   = True
  ================================================================
           Energy / Eh     Step Len    Max(|G_i|)
  ================================================================
     0   482.4604077126                 7.65e+00
     1   462.3186604479    5.00e-01     6.64e+00    rescaled  
  Step has positive overlap with gradient - reversing direction
     2   445.5310933464    5.00e-01     6.41e+00    reset L-BFGS
     3   427.8954889403    5.00e-01     6.31e+00    rescaled  
  Step has positive overlap with gradient - reversing direction
     4   413.6225686673    5.00e-01     6.17e+00    reset L-BFGS
     5   386.8619354422    5.00e-01     7.23e+00    rescaled  
     6   370.0517560537    5.00e-01     5.79e+00    rescaled  
     7   359.0527027412    5.00e-01     6.07e+00    rescaled  
     8   350.6270075680    5.00e-01     6.46e+00    rescaled  
     9   342.4864149034    5.00e-01     7.04e+00    rescaled  
    10   331.4313786321    5.00e-01     6.15e+00    rescaled  
    11   315.7021757597    5.00e-01     5.62e+00    rescaled  
    12   309.9289594935    5.00e-01     6.41e+00    rescaled  
    13   309.9289594935    5.00e-01     6.41e+00    understep 
  Step has positive overlap with gradient - reversing direction
    14   305.1655987574    5.00e-01     6.46e+00    reset L-BFGS
    15   300.4740381406    5.00e-01     5.53e+00    rescaled  
    16   296.8004849459    5.00e-01     5.25e+00    rescaled  
    17   273.5104730404    5.00e-01     3.24e+00    rescaled  
    18   259.3662966605    5.00e-01     2.81e+00    rescaled  
    19   254.9058585954    3.90e-01     1.16e+00              
    20   253.4309928276    1.11e-01     1.80e+00              
    21   253.1298119888    1.35e-01     1.18e+00              
    22   252.7582062198    1.36e-01     5.88e-01              
    23   252.6733212815    4.05e-02     2.55e-01              
    24   252.6408794906    2.11e-02     1.90e-01              
    25   252.6307020300    1.27e-02     6.27e-02              
    26   252.6277242456    7.68e-03     9.17e-02              
    27   252.6269403062    4.01e-03     2.31e-02              
    28   252.6268309395    1.32e-03     4.31e-03              
    29   252.6268207660    6.09e-04     1.82e-03              
    30   252.6268199793    9.57e-05     7.01e-04              
    31   252.6268199067    4.01e-05     3.08e-04              
    32   252.6268198869    5.42e-05     5.88e-05              
    33   252.6268198859    1.24e-05     1.41e-05              
    34   252.6268198859    2.51e-06     5.38e-06              
    35   252.6268198858    1.18e-06     8.50e-07              
  ================================================================
  L-BFGS converged in     35 iterations (  6.16 seconds)
 Converged energy (trial 12): 252.6268198858

************************************************
 Random coefficient initial guess, Trial 13
************************************************

  Initializing L-BFGS optimisation...
    > Num. MOs       =     62
    > Num. params    =    957
    > Max subspace   =     20
    > Max step size   =  0.500
    > Backtracking   =  0.100
    > Parallel tr.   = True
    > Pseudo-canon.  = True
    > Canon interval = 10
    > Hybrid prec.   = True
  ================================================================
           Energy / Eh     Step Len    Max(|G_i|)
  ================================================================
     0   476.2293001826                 6.51e+00
     1   461.4391362521    5.00e-01     5.81e+00    rescaled  
     2   449.1260066391    5.00e-01     5.59e+00    rescaled  
     3   434.8390216132    5.00e-01     5.95e+00    rescaled  
     4   422.7583949561    5.00e-01     5.83e+00    rescaled  
     5   405.9293432076    5.00e-01     5.63e+00    rescaled  
     6   392.3392891640    5.00e-01     5.41e+00    rescaled  
     7   373.9285661525    5.00e-01     7.85e+00    rescaled  
     8   360.6170609854    5.00e-01     9.47e+00    rescaled  
     9   354.4917334635    5.00e-01     9.55e+00    rescaled  
    10   349.6128543714    5.00e-01     9.48e+00    rescaled  
    11   338.1532471203    5.00e-01     5.52e+00    rescaled  
    12   324.8136499804    5.00e-01     5.75e+00    rescaled  
    13   314.9920044408    5.00e-01     6.12e+00    rescaled  
    14   309.4249593142    5.00e-01     6.43e+00    rescaled  
    15   293.8743984901    5.00e-01     9.57e+00    rescaled  
    16   278.2867482445    5.00e-01     4.50e+00    rescaled  
    17   270.8519965328    5.00e-01     6.53e+00    rescaled  
    18   267.6887310408    5.00e-01     5.55e+00    rescaled  
    19   281.4086960630    4.85e-01     4.86e+00              
    20   265.5184014389    2.45e-01     5.11e+00    overstep  
    21   272.3606239077    4.60e-01     7.33e+00              
    22   262.6089219370    3.02e-01     4.64e+00    overstep  
    23   273.0933342771    2.84e-01     3.68e+00              
    24   260.1364105774    1.42e-01     2.69e+00    overstep  
    25   264.5448893414    3.47e-01     4.22e+00              
    26   258.1825515111    2.23e-01     2.62e+00    overstep  
    27   259.9380526173    3.05e-01     2.28e+00              
    28   257.1844702277    2.29e-01     1.74e+00    overstep  
    29   255.3558418692    2.38e-01     1.27e+00              
    30   254.0014707586    1.26e-01     9.16e-01              
    31   253.6857558591    9.42e-02     1.07e+00              
    32   253.3762365823    3.46e-02     8.81e-01              
    33   253.2806662815    5.41e-02     7.16e-01              
    34   253.1895961001    3.84e-02     7.75e-01              
    35   252.8474198476    4.43e-02     4.52e-01              
    36   252.6728107092    2.49e-02     3.68e-01              
    37   252.6451495043    1.47e-02     1.94e-01              
    38   252.6332531801    1.11e-02     9.19e-02              
    39   252.6271247487    5.53e-03     3.93e-02              
    40   252.6263324870    4.29e-03     2.50e-02              
    41   252.6262283560    1.88e-03     3.49e-02              
    42   252.6261662291    8.43e-04     2.64e-03              
    43   252.6261621322    3.55e-04     1.37e-03              
    44   252.6261614923    2.80e-04     4.53e-04              
    45   252.6261614247    1.31e-04     1.77e-04              
    46   252.6261614200    1.28e-05     1.02e-04              
    47   252.6261614185    6.70e-06     9.99e-06              
    48   252.6261614184    6.15e-07     5.17e-06              
    49   252.6261614184    6.85e-07     1.73e-06              
    50   252.6261614184    9.31e-08     1.51e-06              
    51   252.6261614184    4.34e-08     5.58e-08              
  ================================================================
  L-BFGS converged in     51 iterations ( 12.78 seconds)
 Converged energy (trial 13): 252.6261614184

************************************************
 Random coefficient initial guess, Trial 14
************************************************

  Initializing L-BFGS optimisation...
    > Num. MOs       =     62
    > Num. params    =    957
    > Max subspace   =     20
    > Max step size   =  0.500
    > Backtracking   =  0.100
    > Parallel tr.   = True
    > Pseudo-canon.  = True
    > Canon interval = 10
    > Hybrid prec.   = True
  ================================================================
           Energy / Eh     Step Len    Max(|G_i|)
  ================================================================
     0   486.1124714952                 7.37e+00
     1   468.0854301115    5.00e-01     7.82e+00    rescaled  
  Step has positive overlap with gradient - reversing direction
     2   451.2930084030    5.00e-01     6.41e+00    reset L-BFGS
     3   438.7808846381    5.00e-01     6.37e+00    rescaled  
  Step has positive overlap with gradient - reversing direction
     4   427.2869674717    5.00e-01     6.61e+00    reset L-BFGS
     5   407.1938066878    5.00e-01     5.94e+00    rescaled  
     6   392.3806714718    5.00e-01     6.71e+00    rescaled  
     7   372.3863189750    5.00e-01     6.57e+00    rescaled  
     8   358.3030734595    5.00e-01     6.50e+00    rescaled  
     9   338.0281737467    5.00e-01     6.17e+00    rescaled  
    10   327.7242138549    5.00e-01     7.85e+00    rescaled  
    11   321.7081109064    5.00e-01     5.88e+00    rescaled  
    12   316.9939830234    5.00e-01     5.68e+00    rescaled  
    13   306.9707880341    5.00e-01     5.08e+00    rescaled  
    14   297.6926132062    5.00e-01     4.76e+00    rescaled  
    15   290.1669789321    5.00e-01     4.29e+00    rescaled  
    16   281.7443896893    5.00e-01     5.44e+00    rescaled  
    17   272.2924193871    5.00e-01     6.10e+00    rescaled  
    18   264.9006192387    5.00e-01     2.95e+00    rescaled  
    19   276.8958633066    4.78e-01     6.77e+00              
    20   262.7921059962    2.10e-01     4.01e+00    overstep  
    21   260.2549892815    2.71e-01     2.89e+00              
    22   256.9000288270    5.00e-01     1.86e+00    rescaled  
    23   257.0872462437    5.00e-01     3.17e+00    rescaled  
    24   256.5346027758    4.50e-01     3.21e+00    overstep  
    25   256.6240913101    4.72e-01     2.26e+00              
    26   255.9860121872    4.25e-01     2.04e+00    overstep  
    27   254.8196061582    4.65e-01     2.64e+00              
    28   253.6794355288    3.26e-01     1.27e+00              
    29   253.4978623439    1.33e-01     8.81e-01              
    30   253.0650969594    9.85e-02     1.53e+00              
    31   252.9762703562    5.40e-02     6.95e-01              
    32   252.8797891475    2.80e-02     6.38e-01              
    33   252.8445075834    5.33e-02     5.29e-01              
    34   252.7984442092    1.74e-02     4.41e-01              
    35   252.6705624045    4.42e-02     1.87e-01              
    36   252.6346111485    4.95e-02     1.02e-01              
    37   252.6283617240    8.83e-03     5.07e-02              
    38   252.6271298174    4.72e-03     2.15e-02              
    39   252.6268680082    6.06e-03     8.02e-03              
    40   252.6268269702    9.91e-04     3.96e-03              
    41   252.6268203211    2.04e-04     7.15e-04              
    42   252.6268199466    9.60e-05     3.79e-04              
    43   252.6268198939    4.00e-05     1.20e-04              
    44   252.6268198864    2.11e-05     8.40e-05              
    45   252.6268198861    3.05e-06     6.94e-05              
    46   252.6268198858    1.57e-06     2.86e-06              
    47   252.6268198858    1.61e-07     1.33e-06              
    48   252.6268198858    1.35e-07     3.81e-07              
  ================================================================
  L-BFGS converged in     48 iterations ( 12.82 seconds)
 Converged energy (trial 14): 252.6268198858

************************************************
 Random coefficient initial guess, Trial 15
************************************************

  Initializing L-BFGS optimisation...
    > Num. MOs       =     62
    > Num. params    =    957
    > Max subspace   =     20
    > Max step size   =  0.500
    > Backtracking   =  0.100
    > Parallel tr.   = True
    > Pseudo-canon.  = True
    > Canon interval = 10
    > Hybrid prec.   = True
  ================================================================
           Energy / Eh     Step Len    Max(|G_i|)
  ================================================================
     0   497.4872078506                 8.49e+00
     1   479.0383830436    5.00e-01     7.20e+00    rescaled  
     2   463.9925415602    5.00e-01     6.66e+00    rescaled  
     3   441.1615992443    5.00e-01     6.16e+00    rescaled  
     4   418.1022225736    5.00e-01     7.00e+00    rescaled  
     5   395.4128082141    5.00e-01     6.67e+00    rescaled  
     6   378.0533065165    5.00e-01     6.02e+00    rescaled  
     7   367.4228171659    5.00e-01     5.81e+00    rescaled  
     8   359.0557714706    5.00e-01     5.78e+00    rescaled  
  Step has positive overlap with gradient - reversing direction
     9   352.2253026212    5.00e-01     6.10e+00    reset L-BFGS
    10   341.3396888847    5.00e-01     5.73e+00    rescaled  
    11   341.3396888847    5.00e-01     5.73e+00    understep 
    12   333.1262822550    5.00e-01     6.31e+00    rescaled  
    13   324.8648604330    5.00e-01     6.13e+00    rescaled  
    14   317.8584110125    5.00e-01     5.60e+00    rescaled  
    15   295.1844464055    5.00e-01     7.13e+00    rescaled  
    16   276.9051716713    5.00e-01     6.49e+00    rescaled  
    17   269.1751756758    5.00e-01     5.31e+00    rescaled  
    18   263.3317323037    5.00e-01     3.56e+00    rescaled  
    19   260.6910165470    5.00e-01     5.35e+00    rescaled  
    20   266.2513324784    4.22e-01     7.67e+00              
    21   258.9813664176    2.33e-01     4.78e+00    overstep  
    22   255.6737810236    3.12e-01     1.84e+00              
    23   254.1715387822    4.57e-01     1.09e+00              
    24   255.6276778783    4.63e-01     2.21e+00              
    25   253.7485505447    2.53e-01     1.64e+00    overstep  
    26   253.0542411039    2.18e-01     5.82e-01              
    27   253.0300399325    1.52e-01     6.86e-01              
    28   252.7248530414    5.97e-02     2.76e-01              
    29   252.6786150612    1.61e-02     2.10e-01              
    30   252.6562667844    1.88e-02     1.28e-01              
    31   252.6456869296    1.16e-02     1.50e-01              
    32   252.6378829391    5.00e-03     1.13e-01              
    33   252.6327195492    8.88e-03     8.20e-02              
    34   252.6274248390    7.70e-03     7.36e-02              
    35   252.6263858531    3.27e-03     1.85e-02              
    36   252.6261950758    3.30e-03     8.14e-03              
    37   252.6261666284    1.11e-03     6.80e-03              
    38   252.6261621389    4.53e-04     1.29e-03              
    39   252.6261614871    2.25e-04     5.00e-04              
    40   252.6261614229    1.02e-04     2.06e-04              
    41   252.6261614189    6.81e-06     4.43e-05              
    42   252.6261614184    1.90e-06     4.57e-06              
    43   252.6261614184    6.19e-07     1.85e-06              
    44   252.6261614184    3.91e-07     7.84e-07              
  ================================================================
  L-BFGS converged in     44 iterations ( 10.55 seconds)
 Converged energy (trial 15): 252.6261614184

************************************************
 Random coefficient initial guess, Trial 16
************************************************

  Initializing L-BFGS optimisation...
    > Num. MOs       =     62
    > Num. params    =    957
    > Max subspace   =     20
    > Max step size   =  0.500
    > Backtracking   =  0.100
    > Parallel tr.   = True
    > Pseudo-canon.  = True
    > Canon interval = 10
    > Hybrid prec.   = True
  ================================================================
           Energy / Eh     Step Len    Max(|G_i|)
  ================================================================
     0   479.3105395675                 8.86e+00
     1   457.4360949194    5.00e-01     8.31e+00    rescaled  
     2   438.2894422379    5.00e-01     8.29e+00    rescaled  
     3   419.4721303475    5.00e-01     7.91e+00    rescaled  
     4   403.9416711126    5.00e-01     7.61e+00    rescaled  
     5   393.7699267726    5.00e-01     7.03e+00    rescaled  
     6   393.7699267726    5.00e-01     7.03e+00    understep 
     7   384.5080760283    5.00e-01     6.87e+00    rescaled  
     8   364.2705822775    5.00e-01     5.74e+00    rescaled  
     9   357.4736017177    5.00e-01     6.36e+00    rescaled  
    10   352.1707205503    5.00e-01     7.05e+00    rescaled  
    11   341.6519111813    5.00e-01     7.75e+00    rescaled  
    12   341.6519111813    5.00e-01     7.75e+00    understep 
    13   332.0160325929    5.00e-01     6.63e+00    rescaled  
    14   322.8779419269    5.00e-01     5.79e+00    rescaled  
    15   315.6908950122    5.00e-01     5.79e+00    rescaled  
    16   311.1619399685    5.00e-01     5.91e+00    rescaled  
    17   306.9462588852    5.00e-01     5.32e+00    rescaled  
    18   298.0504010633    5.00e-01     5.83e+00    rescaled  
    19   289.0868289914    5.00e-01     4.84e+00    rescaled  
    20   275.4836718688    5.00e-01     5.02e+00    rescaled  
    21   268.6672463233    5.00e-01     5.67e+00    rescaled  
    22   264.0542870205    5.00e-01     2.21e+00    rescaled  
    23   261.1021420236    5.00e-01     2.73e+00    rescaled  
    24   257.9512957410    5.00e-01     4.34e+00    rescaled  
    25   256.1653703759    5.00e-01     1.85e+00    rescaled  
    26   257.3393878370    3.04e-01     3.55e+00              
    27   255.5267676487    2.21e-01     2.77e+00    overstep  
    28   254.7224630000    1.82e-01     1.82e+00              
    29   254.0583039970    1.73e-01     1.48e+00              
    30   253.8068945909    1.22e-01     1.47e+00              
    31   253.4579289946    5.58e-02     8.72e-01              
    32   253.4584711539    9.79e-02     1.23e+00              
    33   253.3665651386    8.81e-02     1.03e+00    overstep  
    34   253.0593996240    3.78e-02     6.24e-01              
    35   252.8008200686    7.55e-02     8.37e-01              
    36   252.7455876528    5.22e-02     3.10e-01              
    37   252.6639781689    3.66e-02     1.94e-01              
    38   252.6519707053    2.45e-02     3.20e-01              
    39   252.6337006780    1.15e-02     9.18e-02              
    40   252.6283346176    6.97e-03     4.58e-02              
    41   252.6271823654    5.53e-03     5.56e-02              
    42   252.6268475125    1.31e-03     5.49e-03              
    43   252.6268246210    6.97e-04     3.19e-03              
    44   252.6268202481    2.55e-04     1.45e-03              
    45   252.6268199262    9.85e-05     3.56e-04              
    46   252.6268198882    2.93e-05     7.60e-05              
    47   252.6268198860    5.44e-06     2.13e-05              
    48   252.6268198858    2.06e-06     5.27e-06              
    49   252.6268198858    7.11e-07     1.52e-06              
    50   252.6268198858    1.71e-07     5.65e-07              
  ================================================================
  L-BFGS converged in     50 iterations ( 17.40 seconds)
 Converged energy (trial 16): 252.6268198858

************************************************
 Random coefficient initial guess, Trial 17
************************************************

  Initializing L-BFGS optimisation...
    > Num. MOs       =     62
    > Num. params    =    957
    > Max subspace   =     20
    > Max step size   =  0.500
    > Backtracking   =  0.100
    > Parallel tr.   = True
    > Pseudo-canon.  = True
    > Canon interval = 10
    > Hybrid prec.   = True
  ================================================================
           Energy / Eh     Step Len    Max(|G_i|)
  ================================================================
     0   478.2528012626                 8.02e+00
     1   459.5741667565    5.00e-01     7.00e+00    rescaled  
     2   444.5675225232    5.00e-01     5.98e+00    rescaled  
     3   419.8898143537    5.00e-01     6.22e+00    rescaled  
     4   403.0284483550    5.00e-01     6.01e+00    rescaled  
     5   389.6206379877    5.00e-01     6.27e+00    rescaled  
     6   379.4381660028    5.00e-01     5.61e+00    rescaled  
     7   368.6920072726    5.00e-01     6.01e+00    rescaled  
     8   360.8220872118    5.00e-01     6.32e+00    rescaled  
     9   353.1028024457    5.00e-01     6.21e+00    rescaled  
    10   346.9788445697    5.00e-01     6.50e+00    rescaled  
    11   333.5453158077    5.00e-01     7.43e+00    rescaled  
    12   320.5687612170    5.00e-01     6.95e+00    rescaled  
    13   314.4614571450    5.00e-01     6.78e+00    rescaled  
    14   310.1516134613    5.00e-01     6.38e+00    rescaled  
    15   291.1374406568    5.00e-01     6.36e+00    rescaled  
    16   276.9647897758    5.00e-01     5.41e+00    rescaled  
    17   268.9094285087    5.00e-01     3.08e+00    rescaled  
    18   272.5618820746    4.05e-01     4.74e+00              
    19   266.7956927739    2.96e-01     4.02e+00    overstep  
    20   263.2952234586    2.60e-01     4.73e+00              
    21   271.3256292770    3.69e-01     4.43e+00              
    22   260.6288799012    2.13e-01     3.13e+00    overstep  
    23   261.9027408332    5.00e-01     2.86e+00    rescaled  
    24   259.7422837950    4.21e-01     2.20e+00    overstep  
    25   258.5265336180    3.78e-01     3.38e+00              
    26   256.3600419707    3.12e-01     1.75e+00              
    27   254.3521901089    2.01e-01     1.07e+00              
    28   254.4043750333    2.26e-01     1.41e+00              
    29   254.1251850648    2.04e-01     1.18e+00    overstep  
    30   253.3854354016    8.33e-02     1.03e+00              
    31   253.3753245782    6.03e-02     8.35e-01              
    32   253.0687054426    4.41e-02     7.89e-01              
    33   252.9675172725    3.99e-02     6.95e-01              
    34   252.8753881920    6.16e-02     6.67e-01              
    35   252.6708780468    5.61e-02     2.15e-01              
    36   252.6391979168    2.79e-02     1.28e-01              
    37   252.6289735076    2.61e-02     9.24e-02              
    38   252.6278821169    5.38e-03     9.71e-02              
    39   252.6268627942    4.42e-03     8.48e-03              
    40   252.6268263222    1.81e-03     3.42e-03              
    41   252.6268205705    4.12e-04     1.10e-03              
    42   252.6268199406    1.54e-04     9.55e-04              
    43   252.6268198919    2.59e-05     3.25e-04              
    44   252.6268198862    6.36e-06     1.96e-05              
    45   252.6268198859    1.39e-06     9.72e-06              
    46   252.6268198858    1.79e-06     1.80e-06              
    47   252.6268198858    1.77e-07     2.05e-06              
    48   252.6268198858    7.74e-08     1.93e-07              
  ================================================================
  L-BFGS converged in     48 iterations ( 14.99 seconds)
 Converged energy (trial 17): 252.6268198858

************************************************
 Random coefficient initial guess, Trial 18
************************************************

  Initializing L-BFGS optimisation...
    > Num. MOs       =     62
    > Num. params    =    957
    > Max subspace   =     20
    > Max step size   =  0.500
    > Backtracking   =  0.100
    > Parallel tr.   = True
    > Pseudo-canon.  = True
    > Canon interval = 10
    > Hybrid prec.   = True
  ================================================================
           Energy / Eh     Step Len    Max(|G_i|)
  ================================================================
     0   489.0562268843                 7.78e+00
     1   470.4800656070    5.00e-01     6.90e+00    rescaled  
     2   452.7284598110    5.00e-01     6.91e+00    rescaled  
     3   433.9518106046    5.00e-01     6.98e+00    rescaled  
     4   410.2448180184    5.00e-01     5.91e+00    rescaled  
     5   390.4619797045    5.00e-01     5.35e+00    rescaled  
     6   372.6162943454    5.00e-01     6.90e+00    rescaled  
     7   357.0081952518    5.00e-01     7.08e+00    rescaled  
     8   347.3608828614    5.00e-01     6.77e+00    rescaled  
     9   339.0942497491    5.00e-01     6.39e+00    rescaled  
    10   318.6850941635    5.00e-01     5.43e+00    rescaled  
    11   311.6151989136    5.00e-01     7.39e+00    rescaled  
    12   314.9587632659    5.00e-01     7.07e+00    rescaled  
    13   311.6335452627    5.00e-02     7.42e+00    overstep  
    14   311.6116164204    2.23e-02     7.40e+00    overstep  
    15   304.5312128820    5.00e-01     7.01e+00    rescaled  
    16   295.9615134666    5.00e-01     6.28e+00    rescaled  
    17   289.1455459643    5.00e-01     5.19e+00    rescaled  
    18   281.2251967436    5.00e-01     4.00e+00    rescaled  
    19   275.8790406249    5.00e-01     3.72e+00    rescaled  
    20   271.9645906847    5.00e-01     4.63e+00    rescaled  
    21   265.5654706945    5.00e-01     3.58e+00    rescaled  
    22   262.6138825754    3.71e-01     2.64e+00              
    23   259.8093576528    5.00e-01     2.35e+00    rescaled  
    24   257.7614534661    2.36e-01     1.68e+00              
    25   255.7472533109    5.00e-01     2.60e+00    rescaled  
    26   254.9696075929    5.00e-01     2.77e+00    rescaled  
    27   254.3786723557    1.72e-01     1.48e+00              
    28   254.2478304362    1.06e-01     2.07e+00              
    29   254.5242807835    1.67e-01     2.37e+00              
    30   254.1590476653    9.52e-02     1.97e+00    overstep  
  Step has positive overlap with gradient - reversing direction
    31   254.3485246381    4.97e-02     2.89e+00    reset L-BFGS
    32   252.8523413929    1.59e-01     5.93e-01              
    33   252.6576864243    7.59e-02     3.38e-01              
    34   252.6298277616    1.62e-02     2.08e-01              
    35   252.6264532605    7.53e-03     3.94e-02              
    36   252.6261976278    2.22e-03     7.55e-03              
    37   252.6261635545    1.86e-03     1.60e-03              
    38   252.6261618703    4.09e-04     1.14e-03              
    39   252.6261614481    5.39e-05     2.26e-04              
    40   252.6261614235    2.29e-05     1.04e-04              
    41   252.6261614186    1.92e-05     2.51e-05              
    42   252.6261614185    2.53e-06     1.40e-05              
    43   252.6261614184    4.91e-07     1.44e-06              
    44   252.6261614184    6.01e-08     4.39e-07              
  ================================================================
  L-BFGS converged in     44 iterations ( 13.18 seconds)
 Converged energy (trial 18): 252.6261614184

************************************************
 Random coefficient initial guess, Trial 19
************************************************

  Initializing L-BFGS optimisation...
    > Num. MOs       =     62
    > Num. params    =    957
    > Max subspace   =     20
    > Max step size   =  0.500
    > Backtracking   =  0.100
    > Parallel tr.   = True
    > Pseudo-canon.  = True
    > Canon interval = 10
    > Hybrid prec.   = True
  ================================================================
           Energy / Eh     Step Len    Max(|G_i|)
  ================================================================
     0   473.3530643739                 7.80e+00
     1   460.4732224035    5.00e-01     8.19e+00    rescaled  
  Step has positive overlap with gradient - reversing direction
     2   449.1067356273    5.00e-01     7.86e+00    reset L-BFGS
     3   426.8253452120    5.00e-01     6.93e+00    rescaled  
     4   406.8621280810    5.00e-01     6.97e+00    rescaled  
     5   388.6203820228    5.00e-01     7.28e+00    rescaled  
     6   371.1744686299    5.00e-01     8.29e+00    rescaled  
     7   356.4832797797    5.00e-01     7.77e+00    rescaled  
     8   336.9679941552    5.00e-01     7.61e+00    rescaled  
     9   331.5850706790    5.00e-01     6.43e+00    rescaled  
    10   327.5368972154    5.00e-01     6.24e+00    rescaled  
    11   319.1796251686    5.00e-01     5.89e+00    rescaled  
    12   312.6755633560    5.00e-01     6.08e+00    rescaled  
    13   306.5647633400    5.00e-01     5.54e+00    rescaled  
    14   300.1452662627    5.00e-01     4.83e+00    rescaled  
    15   292.3210570190    5.00e-01     4.05e+00    rescaled  
    16   286.4935301586    5.00e-01     4.22e+00    rescaled  
    17   281.9811998801    5.00e-01     4.34e+00    rescaled  
    18   276.3424148643    5.00e-01     4.16e+00    rescaled  
    19   268.7639331922    5.00e-01     3.43e+00    rescaled  
    20   264.8408802437    5.00e-01     5.26e+00    rescaled  
    21   261.0530484647    5.00e-01     2.82e+00    rescaled  
    22   258.3686696230    5.00e-01     3.12e+00    rescaled  
    23   259.9681888999    2.79e-01     3.91e+00              
    24   257.4813337199    2.06e-01     3.05e+00    overstep  
    25   261.2596528797    3.92e-01     4.60e+00              
    26   256.2997266994    2.19e-01     3.01e+00    overstep  
    27   255.7988411596    2.17e-01     4.50e+00              
    28   254.0755327967    1.36e-01     1.44e+00              
    29   253.9584109417    1.82e-01     2.04e+00              
    30   253.6234687220    1.00e-01     1.88e+00              
    31   253.2558196068    1.08e-01     2.42e+00              
    32   253.1343091333    9.80e-02     8.86e-01              
    33   253.0737246009    1.50e-01     8.88e-01              
    34   252.7659019403    1.09e-01     7.01e-01              
    35   252.7497361204    5.07e-02     6.67e-01              
    36   252.6554157160    2.77e-02     2.69e-01              
    37   252.6315587832    1.20e-02     8.53e-02              
    38   252.6285514793    6.34e-03     5.04e-02              
    39   252.6272200425    7.41e-03     2.87e-02              
    40   252.6268648737    3.97e-03     6.76e-03              
    41   252.6268243202    9.39e-04     3.15e-03              
    42   252.6268204518    2.56e-04     9.93e-04              
    43   252.6268199477    2.00e-04     4.74e-04              
    44   252.6268198932    6.96e-05     1.94e-04              
    45   252.6268198864    9.52e-06     3.81e-05              
    46   252.6268198859    4.13e-06     7.65e-06              
    47   252.6268198858    1.13e-06     3.60e-06              
    48   252.6268198858    1.82e-07     1.75e-06              
    49   252.6268198858    1.64e-07     1.38e-06    overstep  
    50   252.6268198858    8.76e-08     1.21e-06    overstep  
    51   252.6268198858    6.01e-08     1.96e-06    overstep  
    52   252.6268198858    4.67e-08     2.33e-06    overstep  
    53   252.6268198858    4.16e-08     2.47e-06    overstep  
    54   252.6268198858    2.04e-08     3.05e-06    overstep  
    55   252.6268198858    5.16e-09     3.46e-06    overstep  
    56   252.6268198858    5.16e-10     3.59e-06    overstep  
    57   252.6268198858    5.16e-11     3.60e-06    overstep  
    58   252.6268198858    5.16e-12     3.60e-06    overstep  
    59   252.6268198858    4.70e-11     3.60e-06    understep 
    60   252.6268198858    1.30e-07     2.16e-07              
  ================================================================
  L-BFGS converged in     60 iterations ( 15.27 seconds)
 Converged energy (trial 19): 252.6268198858

===============================================
 Best solution: 'random_trial_2'
 Energy        = 252.6261614184
===============================================

  Initializing Davidson diagonalisation...
    > Max iterations =   1000
    > Target states  =      5
    > Convergence    =  1.000e-04
    > Basis per root =      4
    > Max basis size =     20
  Davidson diagonalisation converged in     41 iterations ( 20.38 seconds)

   --------------------------
    Converged eigenvalues:   
   --------------------------
       0        3.06917304   
       1        5.22359665   
       2        6.16207926   
       3        6.62578630   
       4        6.96283242   
   --------------------------

 ---------------------------------------------
         Total Energy =   252.62616142 Eh
              Nuclear =  6050.10615994 Eh
         One Electron = -11315.15708649 Eh
              Coulomb =  5814.32662053 Eh
        ROHF Exchange =  -296.64953256 Eh
 ---------------------------------------------
           <Sz> =  0.00
           <S2> =  0.00
  Spin Coupling = +-

 -----------------------------------------------------------------------------------------------
  Open-Shell Exchange Matrix <Ψ|Êpq Êqp|Ψ> - Np
 -----------------------------------------------------------------------------------------------
           1              2        
   1   0.00000000     1.00000000   
   2   1.00000000     0.00000000   

 -----------------------------------------------------------------------------------------------
  Open-Shell Exchange Integrals <pq|qp>
 -----------------------------------------------------------------------------------------------
           1              2        
   1   6.42564164     0.00008651   
   2   0.00008651     7.11772206   

 -----------------------------------------------------------------------------------------------
  Occupied Orbital Coefficients
 -----------------------------------------------------------------------------------------------
           1              2              3              4              5              6        
   1   0.00045327     0.20887137     0.20536095     0.01057021    -0.00006348     0.01179104   
   2   0.00774152     0.14346588    -0.01372099    -0.00312002     0.00214670     0.00420777   
   3   0.00041536     0.17612974    -0.10770237    -0.20951603     0.00056065     0.00274712   
   4   0.02620315     0.20327035    -0.15079754     0.18394551     0.00717828    -0.00036442   
   5  -0.00004418     0.23289174     0.27402080     0.01350900     0.00637368     0.33115628   
   6   0.00025960     0.13955986     0.17738695     0.00887624     0.00361546     0.14235676   
   7   0.00045924     0.16011775     0.21570941     0.01119958     0.00235103     0.03398074   
   8   0.00030334     0.14497651     0.18528809     0.00994111    -0.00110732    -0.10579861   
   9  -0.00003192     0.24711026     0.29450850     0.01627651    -0.00584231    -0.30641223   
  10  -0.00004963     0.19981419    -0.14662892    -0.29262923     0.00412695    -0.04371190   
  11   0.00031070     0.11497292    -0.08993914    -0.18212909    -0.00015652    -0.01716569   
  12   0.00047117     0.12516505    -0.10271814    -0.21050716    -0.00382216     0.00009116   
  13   0.00026680     0.11157566    -0.08631237    -0.17595330    -0.00420208     0.01754883   
  14  -0.00006186     0.19069532    -0.13706761    -0.27632243    -0.00636188     0.04569815   
  15   0.04275489     0.23097016    -0.20071413     0.25324441    -0.31873355     0.00556338   
  16   0.10446251     0.10576597    -0.09621988     0.12206732    -0.12738970     0.00301293   
  17   0.38415823     0.04890578    -0.04849536     0.06181091     0.00318844     0.00098054   
  18   0.10431889     0.10372298    -0.09472755     0.11860028     0.13695907    -0.00190640   
  19   0.04254431     0.22513589    -0.19627245     0.24382006     0.33475573    -0.00656503   
  20   0.00023711    -0.00033626     0.00037026    -0.00048090    -0.00008449    -0.00000302   
  21   0.00205126    -0.00114286     0.00125867    -0.00163348    -0.00021552    -0.00002678   
  22   0.01460470    -0.00795498     0.00820951    -0.01054944    -0.00123502    -0.00002594   
  23   0.00023195    -0.00033307     0.00036313    -0.00047011    -0.00007528    -0.00000177   
  24   0.00007310    -0.00020766     0.00022801    -0.00029593    -0.00006251     0.00000005   
  25   0.00003121    -0.00006537     0.00007602    -0.00009909    -0.00002498    -0.00000132   
  26   0.00001402    -0.00002208     0.00003288    -0.00004389    -0.00001724    -0.00000269   
  27   0.00002902    -0.00006566     0.00007467    -0.00009707    -0.00002386    -0.00000069   
  28   0.00007314    -0.00019926     0.00021752    -0.00028220    -0.00005878     0.00000068   
  29   0.02820199    -0.01273337     0.01243380    -0.01583816    -0.00157656     0.00008739   
  30   0.08543837    -0.02020207     0.01838572    -0.02316203    -0.00152324     0.00019417   
  31   0.33777889    -0.04705283     0.04200678    -0.05280074    -0.00237023     0.00008897   
  32   0.08626838    -0.02059419     0.01869413    -0.02357018    -0.00177452     0.00033920   
  33   0.02888091    -0.01337848     0.01307927    -0.01667336    -0.00185672     0.00019473   
  34   0.00006874    -0.00019324     0.00020812    -0.00026865    -0.00004830     0.00000129   
  35   0.00002832    -0.00005795     0.00006601    -0.00008606    -0.00002015    -0.00000037   
  36   0.00001569    -0.00001249     0.00002275    -0.00003152    -0.00001519    -0.00000212   
  37   0.00003039    -0.00005723     0.00006644    -0.00008687    -0.00002119    -0.00000035   
  38   0.00006760    -0.00019884     0.00021479    -0.00027745    -0.00005159     0.00000233   
  39   0.27187562    -0.03762550     0.03343475    -0.04200928    -0.00151581    -0.00005688   
  40   0.07074518    -0.01577166     0.01410654    -0.01775861    -0.00065430     0.00009625   
  41   0.02089225    -0.00718416     0.00673652    -0.00852831    -0.00032719    -0.00000225   
  42   0.01195547    -0.00487263     0.00488864    -0.00623198    -0.00022097    -0.00008157   
  43   0.02124913    -0.00728616     0.00682350    -0.00862725    -0.00029084    -0.00001415   
  44   0.07095244    -0.01587133     0.01417093    -0.01780100    -0.00057522     0.00006341   
  45   0.00253182    -0.00097184     0.00104915    -0.00134728    -0.00004145    -0.00003595   
  46   0.78042744    -0.06142830     0.05329773    -0.06672626    -0.00192879    -0.00033697   
  47   0.00088542     0.20957514    -0.15936008    -0.32923556    -0.01353147     0.08449445   
  48   0.00134390     0.22911720    -0.18134120    -0.36291513     0.00838927    -0.08857531   
  49   0.02445848     0.26566996    -0.24951630     0.31011667     0.61963221    -0.01020909   
  50   0.02463650     0.27756599    -0.25671732     0.33010328    -0.60543387     0.01094667   
  51   0.00088372     0.25791209     0.32549476     0.01404035     0.01342963     0.60762835   
  52   0.00132033     0.28783951     0.36777892     0.02177214    -0.01169688    -0.61043722   
  53  -0.00046186     0.14415198     0.19866846     0.01067411     0.00182893     0.04385479   
  54   0.01229659    -0.01029580     0.01039915    -0.01331401    -0.00178938     0.00024339   
  55   0.01168407    -0.00906201     0.00912169    -0.01166619    -0.00140070     0.00009317   
  56   0.00007728    -0.00008924     0.00010451    -0.00013752    -0.00003762     0.00000299   
  57   0.00005394    -0.00006693     0.00008410    -0.00011002    -0.00002663    -0.00000326   
  58   0.00007638    -0.00010466     0.00012424    -0.00016034    -0.00003698    -0.00000423   
  59   0.00005412    -0.00007387     0.00009258    -0.00012204    -0.00003646    -0.00000097   
  60  -0.00000819    -0.00004578     0.00005295    -0.00007149    -0.00002558     0.00000035   
  61  -0.00048291     0.11122385    -0.09351145    -0.19155697    -0.00339819     0.00115640   
  62  -0.00001097    -0.00004214     0.00004756    -0.00006190    -0.00001535     0.00000007   
           7              8              9              10             11             12       
   1  -0.00017149     0.00402184     0.09967438    -0.00561179    -0.00029547    -0.00019960   
   2   0.00292288     0.00649696     0.03375908     0.02452089     0.00018181     0.00029442   
   3   0.01016731     0.00282347     0.02319034     0.09414423    -0.00028391    -0.00019513   
   4  -0.00009573     0.01721843     0.00981391     0.00763679    -0.00086916    -0.00026792   
   5  -0.04723622     0.00257820     0.12472115    -0.02202826    -0.00014297    -0.00013094   
   6  -0.02222175    -0.00399360    -0.13709164     0.01637959     0.00006982     0.00004799   
   7  -0.00902674    -0.01208295    -0.45363745     0.06234331     0.00019635     0.00015643   
   8   0.01297074    -0.00427903    -0.15191806     0.01983699     0.00006499     0.00004779   
   9   0.04315740     0.00192958     0.09024039    -0.01382511    -0.00017307    -0.00014612   
  10  -0.30763685     0.00059476     0.01303679     0.09004396    -0.00014620    -0.00013517   
  11  -0.10792113    -0.00256627    -0.02613815    -0.15270210     0.00006477     0.00004909   
  12   0.02894278    -0.00665726    -0.07453225    -0.45534773     0.00017225     0.00014969   
  13   0.13970031    -0.00239047    -0.02570036    -0.14032250     0.00005851     0.00004546   
  14   0.32997401     0.00101218     0.01388122     0.11910510    -0.00014625    -0.00013170   
  15  -0.00717703     0.01672308    -0.00401595    -0.00127394    -0.00129492    -0.00062557   
  16  -0.00225637    -0.02883546    -0.00360581    -0.00229112     0.00296432     0.00161451   
  17   0.00090327    -0.08447960    -0.00227362    -0.00252955     0.00871962     0.00478277   
  18   0.00348257    -0.02847487    -0.00326765    -0.00313352     0.00300354     0.00165096   
  19   0.00698911     0.01871854    -0.00332355    -0.00317905    -0.00136399    -0.00064226   
  20  -0.00000920     0.03530279    -0.00087928    -0.00028434     0.25861691    -0.02185320   
  21  -0.00003208     0.05519622    -0.00121974    -0.00033017     0.04591426     0.03842338   
  22  -0.00012471     0.29540764    -0.00686756    -0.00197729    -0.01304980    -0.00254981   
  23  -0.00000873     0.02923026    -0.00071373    -0.00022051     0.04525941     0.26346608   
  24  -0.00000467     0.03595151    -0.00093387    -0.00031961     0.38798561    -0.04894601   
  25  -0.00000259     0.01935764    -0.00051202    -0.00017890     0.25862459    -0.03727151   
  26  -0.00000293     0.01937034    -0.00052080    -0.00018540     0.31208551    -0.04936741   
  27  -0.00000276     0.01774036    -0.00046917    -0.00016334     0.22933843    -0.03218978   
  28  -0.00000557     0.03142975    -0.00081149    -0.00027468     0.31308655    -0.03631337   
  29  -0.00005554     0.35665499    -0.00863530    -0.00262749    -0.02591391    -0.00992002   
  30   0.00004123     0.20458761    -0.00503806    -0.00156989    -0.01807889    -0.00855546   
  31  -0.00012840     0.14946830    -0.00271375    -0.00044400    -0.01738226    -0.01024536   
  32  -0.00003441     0.23637764    -0.00599132    -0.00188606    -0.02335448    -0.01344204   
  33  -0.00011650     0.42907803    -0.01063296    -0.00329779    -0.03775038    -0.02092263   
  34  -0.00000461     0.02403969    -0.00060754    -0.00019563     0.04666066     0.32691227   
  35  -0.00000257     0.01208288    -0.00030890    -0.00010128     0.02887227     0.23102064   
  36  -0.00000311     0.01152872    -0.00029630    -0.00009836     0.03395566     0.30207842   
  37  -0.00000300     0.01278939    -0.00032672    -0.00010706     0.03119876     0.25418281   
  38  -0.00000554     0.02619816    -0.00066474    -0.00021502     0.05299859     0.38758107   
  39  -0.00000294    -0.08342331     0.00337635     0.00152455     0.00909581     0.00543346   
  40   0.00006688    -0.04765552     0.00162869     0.00065150     0.00558586     0.00353006   
  41  -0.00000781    -0.03080587     0.00129771     0.00062621     0.00408912     0.00275863   
  42  -0.00007344    -0.02659738     0.00142270     0.00079760     0.00388627     0.00271779   
  43   0.00003402    -0.03160903     0.00131409     0.00061710     0.00421479     0.00284765   
  44   0.00018616    -0.04871771     0.00163261     0.00060499     0.00573670     0.00363514   
  45  -0.00003664    -0.00628207     0.00041041     0.00025451     0.00093871     0.00066807   
  46  -0.00029300    -0.07850603     0.00390342     0.00199009     0.00661874     0.00325076   
  47   0.60929836     0.00144656     0.03121330     0.31448464     0.00023414     0.00012084   
  48  -0.60980960     0.00078858     0.02930986     0.26461596     0.00023067     0.00011559   
  49   0.01277334     0.05327735    -0.01732599    -0.01361358    -0.00458606    -0.00234435   
  50  -0.01163804     0.04894006    -0.01809828    -0.01091675    -0.00432325    -0.00221742   
  51  -0.08662781     0.00541277     0.31783264    -0.06286547     0.00024869     0.00012963   
  52   0.08394061     0.00430339     0.25785570    -0.04920851     0.00020637     0.00011086   
  53  -0.01065225    -0.01855663    -0.72549550     0.10555309    -0.00004068    -0.00001855   
  54  -0.00012416     0.52947460    -0.01343980    -0.00428825    -0.05871530    -0.03723252   
  55  -0.00003618     0.38894527    -0.00961866    -0.00300995    -0.03628809    -0.01632682   
  56  -0.00000692     0.02313351    -0.00059141    -0.00019394     0.05804644     0.47927337   
  57  -0.00000303     0.01825524    -0.00045978    -0.00014883     0.04466399     0.35050043   
  58   0.00000054     0.03546691    -0.00093614    -0.00032982     0.48134852    -0.06925892   
  59  -0.00000644     0.02566057    -0.00066807    -0.00022950     0.32432054    -0.04281567   
  60  -0.00000264     0.02001237    -0.00053712    -0.00019249     0.32192901    -0.05227123   
  61   0.03651411    -0.00974220    -0.11260750    -0.72507750    -0.00006471    -0.00002219   
  62  -0.00000194     0.01183707    -0.00030951    -0.00010373     0.03332518     0.29855324   
           13             14             15             16             17             18       
   1   0.00000805    -0.00117601     0.00000425     0.00000392    -0.00004060     0.00026571   
   2  -0.00012582    -0.00743476    -0.00006357    -0.00002673    -0.00083527     0.00122909   
   3  -0.00007010    -0.00098888     0.00000411     0.00000157    -0.00003886     0.00026270   
   4  -0.00018728    -0.01149921    -0.00008403    -0.00000354    -0.00080364     0.00126278   
   5  -0.00000574     0.00056979     0.00000826     0.00000449     0.00010322    -0.00005245   
   6  -0.00003479     0.00002347    -0.00000508    -0.00000150    -0.00004050     0.00006944   
   7  -0.00006384    -0.00022904    -0.00001051    -0.00000551    -0.00011015     0.00010225   
   8   0.00001690    -0.00009841    -0.00000402     0.00000148    -0.00004570     0.00007746   
   9   0.00010881     0.00031389     0.00001154     0.00001063     0.00010413    -0.00004800   
  10  -0.00001157     0.00048159     0.00000633     0.00000506     0.00010300    -0.00004749   
  11   0.00000375    -0.00008657    -0.00000710    -0.00000073    -0.00004607     0.00007465   
  12   0.00000469    -0.00032456    -0.00001086    -0.00000445    -0.00010913     0.00009775   
  13   0.00001820    -0.00002712    -0.00000359     0.00000013    -0.00004135     0.00006663   
  14   0.00001860     0.00059931     0.00001219     0.00000649     0.00010302    -0.00005388   
  15  -0.00010642    -0.00698199    -0.00001731    -0.00000021    -0.00018842     0.00042118   
  16   0.00613512    -0.10910333    -0.00022606    -0.00005393    -0.00176427     0.00191049   
  17   0.01147619    -0.19376820    -0.00049920    -0.00008226    -0.00336019     0.00316558   
  18   0.00595253    -0.10728963    -0.00022844    -0.00005374    -0.00178165     0.00192719   
  19  -0.00024987    -0.00502933    -0.00000714     0.00000309    -0.00018926     0.00041847   
  20  -0.00050802     0.00106760    -0.01444572    -0.00176168    -0.13828579     0.00118890   
  21  -0.00705137     0.00445073    -0.00163781    -0.00214978    -0.02505235     0.02170322   
  22  -0.04239200     0.02621985    -0.00066162    -0.00016290    -0.00610002     0.00625350   
  23   0.00093229     0.00056976    -0.00048965    -0.00653917    -0.00943623     0.12542728   
  24   0.00214215    -0.00042701    -0.30541931    -0.00052022    -0.01763857    -0.00157230   
  25   0.00221637    -0.00128649    -0.03143295     0.00164477     0.13876088     0.00264341   
  26   0.00348274    -0.00268277     0.22297243     0.00442793     0.34896024     0.00834213   
  27   0.00164681    -0.00102259     0.19669556     0.00074933     0.01540725    -0.00157707   
  28   0.00075916     0.00017390     0.26436581    -0.00263229    -0.31227442    -0.01164084   
  29  -0.38255732     0.04437709     0.00002687    -0.00003835     0.00236189    -0.00114515   
  30  -0.18305158    -0.01641464     0.00032409    -0.00007718     0.00304957    -0.00245676   
  31  -0.03407686    -0.07949300     0.00057077    -0.00001664     0.00417911    -0.00398743   
  32   0.10819447    -0.03018527     0.00045441     0.00011750     0.00226798    -0.00187017   
  33   0.28200380     0.01620931     0.00027396     0.00038850     0.00048479     0.00023167   
  34   0.00327474    -0.00048318     0.00047227    -0.31409859    -0.00305298     0.23886710   
  35   0.00340214    -0.00118529     0.00071192    -0.18593507     0.00809386    -0.06981278   
  36   0.00547517    -0.00245417     0.00124237    -0.14700573     0.02225902    -0.40408389   
  37   0.00377288    -0.00145321     0.00043256     0.06112549     0.00836315    -0.14520607   
  38   0.00418748    -0.00112839    -0.00024543     0.30292308    -0.00270582     0.05972059   
  39   0.02684122     0.37703876     0.00022262     0.00002388     0.00014530     0.00013024   
  40   0.02178616     0.37879720     0.00031491     0.00000882     0.00057807    -0.00007766   
  41   0.01901608     0.37428360     0.00031880     0.00002166     0.00059791     0.00002033   
  42   0.01889731     0.38802220     0.00031093     0.00003942     0.00052720     0.00015777   
  43   0.01957897     0.38372639     0.00032624     0.00002952     0.00059182     0.00004145   
  44   0.02251516     0.39033610     0.00032585     0.00002065     0.00057722    -0.00005850   
  45   0.00477286     0.10002556     0.00007079     0.00001952     0.00013441     0.00005329   
  46   0.00608378    -0.07495646    -0.00019709     0.00001016    -0.00065031     0.00015456   
  47   0.00009905     0.00145972     0.00000457     0.00000069     0.00008611    -0.00026516   
  48   0.00006149     0.00133127     0.00000008    -0.00000053     0.00008438    -0.00025786   
  49  -0.00686282     0.11779755     0.00028721     0.00004629     0.00208097    -0.00237360   
  50  -0.00686642     0.11683511     0.00027395     0.00004252     0.00203884    -0.00232939   
  51   0.00000211     0.00160405     0.00000257    -0.00000295     0.00008642    -0.00026710   
  52   0.00011469     0.00134934     0.00000512     0.00000068     0.00008469    -0.00026010   
  53  -0.00006287    -0.00004243     0.00000527    -0.00000109     0.00006706    -0.00013428   
  54   0.56569687     0.03994127     0.00152091     0.00056396     0.00853993    -0.00738032   
  55  -0.63441309     0.08732457     0.00123159     0.00000895     0.01150825    -0.00937732   
  56   0.00660218    -0.00248737    -0.00012427     0.64747534    -0.00132185     0.15727837   
  57   0.00489336    -0.00122142     0.00143464    -0.53264030    -0.00212885     0.48186413   
  58   0.00420416    -0.00141965    -0.66316105    -0.00086959    -0.04274660    -0.01124484   
  59   0.00131087    -0.00026294     0.42952547    -0.00497931    -0.58357698    -0.02884631   
  60   0.00408949    -0.00352563     0.35062352     0.00754633     0.62985230     0.02007563   
  61  -0.00003287    -0.00009561     0.00000862    -0.00000015     0.00006959    -0.00013239   
  62   0.00566334    -0.00275557     0.00142447    -0.21579439     0.03164802    -0.68933312   
           19             20             21             22             23             24       
   1   0.15418819     0.30614795    -0.28212909     0.06909570     0.04241789    -0.04157798   
   2   0.28832438     0.35959306     0.01493855    -0.08048446     0.26957864    -0.05622136   
   3   0.15170055     0.29595995     0.29343987     0.08682477     0.03085453    -0.03782695   
   4   0.29194025     0.10686949     0.01368798    -0.28374883     0.32164864     0.00417244   
   5   0.03226204     0.10077830    -0.16828487     0.05924752    -0.05662427     0.00080300   
   6   0.02625631     0.09208686    -0.21366689     0.09319615    -0.17294506     0.04284977   
   7   0.00342677     0.02622036    -0.10585744     0.05479823    -0.13192657     0.03969664   
   8   0.02879266     0.09864882    -0.22216198     0.09913002    -0.18230513     0.04312605   
   9   0.03631115     0.11034957    -0.17791128     0.06619294    -0.06554146     0.00058910   
  10   0.03455460     0.10344883     0.17620027     0.07647598    -0.07103253     0.00209698   
  11   0.02679602     0.09007346     0.21245940     0.10966395    -0.18476405     0.04185276   
  12   0.00236636     0.02180875     0.09729067     0.05863677    -0.13117287     0.03757437   
  13   0.02462020     0.08465654     0.20568752     0.10393194    -0.17676131     0.04159561   
  14   0.03098310     0.09526391     0.16809826     0.06943257    -0.06297602     0.00214371   
  15   0.12703899    -0.03366208     0.00561209    -0.13179623     0.06629706     0.01607858   
  16   0.26649200    -0.20421513    -0.00181716    -0.04999625    -0.16930426     0.02753484   
  17   0.27328468    -0.26337121    -0.00847113     0.09117476    -0.24986048     0.00652828   
  18   0.26497172    -0.20490621    -0.00501803    -0.04419786    -0.16661556     0.03575505   
  19   0.12351233    -0.03362609     0.00138921    -0.12702071     0.06775130     0.02189657   
  20   0.00092566    -0.00015364     0.00023779    -0.01524530    -0.01948444     0.31917245   
  21   0.00265566     0.00167033     0.00074409    -0.03851400    -0.03159968     0.20034025   
  22   0.01952145     0.00104855     0.00247502    -0.12646196    -0.08916438     0.23000244   
  23   0.00070014    -0.00017211     0.00022265    -0.01429887    -0.01764092     0.21669136   
  24   0.00005348    -0.00024001     0.00003844    -0.00372879    -0.00744874     0.18465208   
  25   0.00000459     0.00002422     0.00001774    -0.00181941    -0.00534284     0.21196879   
  26   0.00011481     0.00016804    -0.00001365     0.00092062    -0.00038641     0.09337997   
  27  -0.00020707    -0.00000457     0.00000017    -0.00082881    -0.00406553     0.18014154   
  28  -0.00048315    -0.00027465     0.00000298    -0.00180307    -0.00533016     0.14302574   
  29   0.03296078    -0.01164146     0.00114899    -0.06657311    -0.04496895     0.08240448   
  30  -0.10696791     0.13095327     0.00838713    -0.28126972    -0.08134277    -0.01890853   
  31  -0.22919855     0.23157565     0.01136659    -0.33021499    -0.05763784    -0.11532520   
  32  -0.11855389     0.14272290     0.00903219    -0.30988445    -0.09404032    -0.00886387   
  33   0.01456980     0.00404288     0.00200055    -0.09593062    -0.05686975     0.09495974   
  34  -0.00083291    -0.00029413    -0.00000647    -0.00133835    -0.00443681     0.08660242   
  35  -0.00007836     0.00000238    -0.00000521    -0.00038815    -0.00274004     0.08704127   
  36   0.00077979     0.00019067    -0.00001293     0.00109262     0.00049886     0.03108022   
  37   0.00018556     0.00003780     0.00001044    -0.00113712    -0.00356923     0.10053124   
  38  -0.00017979    -0.00023663     0.00002583    -0.00285244    -0.00590986     0.10626015   
  39  -0.00419116     0.01972832    -0.00144915     0.16639872     0.31650005     0.19425497   
  40   0.05210624    -0.01282255    -0.00000383     0.02285059     0.10848802     0.08990119   
  41   0.09074591    -0.04010873     0.00127629    -0.12738019    -0.17985238    -0.09688854   
  42   0.11004324    -0.05377692     0.00190345    -0.20151485    -0.32926842    -0.19085505   
  43   0.09382556    -0.04184515     0.00140674    -0.12967899    -0.18116796    -0.07977278   
  44   0.05585980    -0.01488484     0.00019455     0.02070611     0.10810153     0.10900926   
  45   0.03047155    -0.01560723     0.00056610    -0.06271883    -0.10855624    -0.06680173   
  46  -0.10506772     0.05074722    -0.00185569     0.13587369     0.08339854    -0.04452285   
  47  -0.12563273    -0.24376004    -0.28906426    -0.10822796     0.08103886    -0.00278366   
  48  -0.12261282    -0.23969070    -0.28715352    -0.10848361     0.08357729    -0.00294087   
  49  -0.38474204     0.06740434    -0.00521764     0.17894298    -0.07566526    -0.02158461   
  50  -0.38112552     0.06624389    -0.00593511     0.18133126    -0.07386246    -0.01664125   
  51  -0.12813933    -0.25460172     0.28721122    -0.09222455     0.07287611    -0.00146915   
  52  -0.12474953    -0.25000710     0.28556353    -0.09277817     0.07614982    -0.00166598   
  53  -0.05207223    -0.15478435     0.30462393    -0.12808070     0.22037600    -0.05128824   
  54   0.13293732    -0.14470751    -0.00895307     0.31373191     0.11621293    -0.13181539   
  55   0.15646055    -0.16033620    -0.00956662     0.32509899     0.11651236    -0.13234185   
  56  -0.00218914     0.00008814    -0.00022888     0.01346870     0.01510513    -0.19503520   
  57  -0.00333759     0.00000512    -0.00027009     0.01525909     0.01637998    -0.20479117   
  58  -0.00169120     0.00007428    -0.00023157     0.01380749     0.01678088    -0.31425136   
  59  -0.00261004     0.00002209    -0.00027561     0.01592279     0.01838472    -0.32968406   
  60   0.00107855     0.00002931    -0.00001099     0.00213837     0.00695178    -0.26197394   
  61  -0.05007387    -0.14487146    -0.29658143    -0.14404635     0.22607272    -0.05002068   
  62   0.00224952     0.00004835     0.00000167     0.00135124     0.00515629    -0.13418576   
           25             26             27             28             29             30       
   1   0.18371103     0.04474500     0.06971371    -0.01652860    -0.20251375     0.03910850   
   2   0.19115399     0.04292928     0.05730919    -0.00300270    -0.07050971     0.01159455   
   3   0.16936611     0.04170638     0.06411571     0.00722331    -0.18098386     0.01119093   
   4  -0.12551547    -0.03474385    -0.06890087     0.00598283     0.30277500    -0.03871258   
   5   0.00818784     0.00273227     0.00554473    -0.00714762     0.00360663     0.38353419   
   6  -0.16083029    -0.03802707    -0.05624001     0.00687379     0.18872358     0.49228343   
   7  -0.15322295    -0.03663444    -0.05439972     0.01246869     0.14376781    -0.01915886   
   8  -0.15634977    -0.03680736    -0.05216704     0.01573019     0.07105853    -0.52732077   
   9   0.01381350     0.00419241     0.00957009     0.00016472    -0.08725491    -0.36744341   
  10   0.00880275     0.00352153     0.00787546    -0.00170553    -0.07050020    -0.01534029   
  11  -0.15067391    -0.03532123    -0.04956496    -0.00914497     0.07413481    -0.02934321   
  12  -0.14507405    -0.03504915    -0.05108700    -0.00553620     0.12982053    -0.00728846   
  13  -0.15591994    -0.03758302    -0.05419352    -0.00020434     0.16413820     0.01467828   
  14   0.00299843     0.00121878     0.00349820     0.00588125    -0.00000234     0.01767890   
  15  -0.10502962    -0.02794590    -0.04672779     0.37019586     0.10231957    -0.01206002   
  16  -0.05704628    -0.01377958    -0.00881439     0.51576924    -0.13210430     0.01825062   
  17   0.07574485     0.01959033     0.04665160    -0.00554243    -0.20212421     0.02616407   
  18  -0.06212132    -0.00735483     0.00410124    -0.52214477    -0.10401406     0.00522843   
  19  -0.10810949    -0.02345792    -0.03735691    -0.36427485     0.12133433    -0.02008601   
  20   0.16286143     0.03163514    -0.13045051     0.00059797     0.00788621     0.00056044   
  21   0.01551394    -0.00133131     0.06784245    -0.00072337    -0.08771005     0.01289368   
  22  -0.13277218    -0.03344213     0.05360275    -0.01030675    -0.39288999     0.05125662   
  23   0.02510078    -0.00391059     0.32533519     0.00739227     0.06197110    -0.00493132   
  24   0.11611635     0.02372983    -0.11465089     0.00063660     0.03417934    -0.00388778   
  25   0.16227946     0.03455244    -0.18629693     0.00114229     0.08805402    -0.01164823   
  26   0.08755027     0.01925932    -0.11204430     0.00073289     0.06485205    -0.00894572   
  27   0.14049272     0.03000885    -0.16348042     0.00100686     0.07815837    -0.01038284   
  28   0.09025533     0.01844087    -0.08952955     0.00048599     0.02494886    -0.00276295   
  29  -0.07376732    -0.01785065     0.01191867    -0.00523432    -0.16499893     0.02069955   
  30  -0.06752136    -0.01328628    -0.03152769    -0.00253652     0.02768079    -0.00700945   
  31   0.01205272     0.00797959    -0.04483175     0.00100265     0.20308968    -0.02830513   
  32  -0.08598053    -0.01629007    -0.03199605     0.00111231    -0.00700761    -0.00322519   
  33  -0.08918295    -0.02083552     0.01326869    -0.00396801    -0.19686894     0.02446006   
  34   0.01143179    -0.00201092     0.17635754     0.00447705     0.05669401    -0.00596066   
  35   0.01421416    -0.00242567     0.24517643     0.00688305     0.11829795    -0.01411126   
  36   0.00701592    -0.00115899     0.13535099     0.00411451     0.08373856    -0.01048535   
  37   0.01635422    -0.00267786     0.27412874     0.00766634     0.13032211    -0.01548464   
  38   0.01431991    -0.00234170     0.21277577     0.00542375     0.06970586    -0.00738614   
  39  -0.28931523    -0.07357639    -0.04313352     0.00263673    -0.10698428     0.00757592   
  40  -0.05751864    -0.53904348    -0.03442271    -0.00460852    -0.08171890     0.00558160   
  41   0.23105431    -0.44916780     0.01145108    -0.00465678     0.03389385    -0.00227764   
  42   0.29248481     0.05631920     0.04413598    -0.00010510     0.10765411    -0.00727008   
  43   0.01919956     0.50023619     0.02410616     0.00295859     0.04567076    -0.00317892   
  44  -0.28289389     0.46146290    -0.02145138     0.00306986    -0.07011677     0.00470205   
  45   0.10441741     0.02017834     0.01598252     0.00020808     0.04019395    -0.00270979   
  46   0.12342389     0.02635683     0.02491255     0.00233270     0.08581691    -0.00576978   
  47  -0.00305647    -0.00120365    -0.00365817    -0.00396982     0.00275916    -0.01417214   
  48  -0.00556606    -0.00231053    -0.00606060     0.00075218     0.05455768     0.01144253   
  49   0.09946403     0.02178039     0.03340024     0.30683298    -0.10130836     0.01744008   
  50   0.09614031     0.02552634     0.04095371    -0.30879518    -0.08446311     0.00924182   
  51  -0.00792485    -0.00254520    -0.00547967     0.00518130    -0.00008615    -0.31263628   
  52  -0.00997183    -0.00313804    -0.00758536     0.00044411     0.06809603     0.28894553   
  53   0.18717972     0.04412936     0.06370457    -0.01346722    -0.15240918     0.02022517   
  54   0.12413952     0.02819208    -0.01341951     0.00511875     0.22284435    -0.02673821   
  55   0.11917182     0.02779138    -0.01419741     0.00758716     0.21029978    -0.02540912   
  56  -0.02438316     0.00387554    -0.34506699    -0.00852367    -0.10430727     0.01091200   
  57  -0.02530837     0.00402647    -0.35550668    -0.00872526    -0.10497383     0.01089969   
  58  -0.18514257    -0.03742141     0.17604797    -0.00094507    -0.05000096     0.00567926   
  59  -0.19110132    -0.03849869     0.17952116    -0.00096159    -0.04881777     0.00545897   
  60  -0.19707540    -0.04183079     0.22404399    -0.00136293    -0.10341972     0.01362123   
  61   0.18162321     0.04314621     0.06116159     0.00570140    -0.14004473     0.00836488   
  62  -0.02114274     0.00349826    -0.35113546    -0.00970712    -0.16142862     0.01904980   
           31             32             33             34             35             36       
   1   0.00601197     0.41867154    -0.00425258     0.10140651    -0.04829557     0.00674649   
   2   0.00944350    -0.01041323     0.00428874    -0.08096206     0.05968280    -0.00876636   
   3   0.03031392    -0.43241660    -0.00643746     0.10864545    -0.05078824     0.00709098   
   4  -0.02731383     0.00643112     0.01147470    -0.24488090     0.12356002    -0.01731947   
   5  -0.01944526     0.10677596    -0.00226821     0.04550435    -0.02479807     0.00353226   
   6  -0.03158023    -0.24476407     0.00134803    -0.03904836     0.01704716    -0.00235743   
   7  -0.00423209    -0.27990884     0.00299469    -0.06691484     0.03220545    -0.00451843   
   8   0.02268923    -0.21862452     0.00254864    -0.05137220     0.02163656    -0.00297769   
   9   0.01993713     0.12588815    -0.00169291     0.04012330    -0.02345403     0.00336298   
  10  -0.37175468    -0.12422631    -0.00239978     0.04166338    -0.02397659     0.00343288   
  11  -0.52437532     0.23194813     0.00333559    -0.05551582     0.02287155    -0.00315112   
  12  -0.01458876     0.29056721     0.00430391    -0.07143478     0.03359993    -0.00470759   
  13   0.49763276     0.25780229     0.00279141    -0.04305657     0.01841915    -0.00254030   
  14   0.38348555    -0.10565874    -0.00267059     0.04737847    -0.02537636     0.00361299   
  15  -0.01432211     0.01345680     0.00182710    -0.01237776    -0.00794927     0.00140767   
  16   0.00320917     0.01652448    -0.00723274     0.21050620    -0.12314243     0.01753513   
  17   0.01863250    -0.00525612    -0.00110006     0.08631594    -0.01734838     0.00183520   
  18   0.01161616    -0.01563636    -0.01137698     0.21182700    -0.12454013     0.01776134   
  19  -0.00947555    -0.00367978    -0.00168615    -0.01135255    -0.00895864     0.00155745   
  20   0.00086998    -0.00111097     0.01993113    -0.21940390    -0.39572570     0.05168432   
  21   0.00966838    -0.00352625     0.02296032    -0.20339953    -0.09700657     0.01934917   
  22   0.03690003    -0.01089413     0.04190731    -0.27619299     0.33695290    -0.05070304   
  23  -0.00277690    -0.00023917     0.01318344    -0.16452347    -0.22062779     0.05235127   
  24  -0.00262187     0.00048208     0.00239554    -0.04169853    -0.17442960    -0.34924872   
  25  -0.00843369     0.00268756    -0.01856750     0.17375864     0.14854801    -0.52610893   
  26  -0.00659014     0.00230669    -0.01903813     0.19025948     0.27944403    -0.01205959   
  27  -0.00753960     0.00243067    -0.01711620     0.16579204     0.28522619     0.50839879   
  28  -0.00184616     0.00028578     0.00313972    -0.04277068    -0.06853865     0.37405410   
  29   0.01456948    -0.00427286     0.34663046    -0.02821096     0.13067553    -0.02065169   
  30  -0.00618915     0.00265682     0.52434815     0.25356891    -0.14130084     0.02009891   
  31  -0.02084915     0.00649681    -0.00678650     0.19542079    -0.20478069     0.03082813   
  32  -0.00316444     0.00426275    -0.54020530     0.17710219    -0.15184316     0.02201922   
  33   0.01738530    -0.00378322    -0.32537655    -0.08356270     0.13277623    -0.02082943   
  34  -0.00395027     0.00076302     0.00040851    -0.02040777    -0.04866293     0.01218798   
  35  -0.00989757     0.00279172    -0.01564822     0.15469166     0.14625691    -0.03363752   
  36  -0.00749642     0.00232273    -0.01566919     0.16362941     0.16256645    -0.03769738   
  37  -0.01085141     0.00303149    -0.01633290     0.16182945     0.12412091    -0.02780680   
  38  -0.00492425     0.00098349     0.00009300    -0.01715725    -0.06859257     0.01715186   
  39   0.00400883     0.00301484    -0.00733623     0.12482523    -0.04946596     0.00659542   
  40   0.00250150     0.00173849    -0.00660807     0.16496541    -0.09335790     0.01322876   
  41  -0.00151499    -0.00154537     0.00135261    -0.03210716     0.00995240    -0.00126058   
  42  -0.00368730    -0.00293827     0.00690682    -0.17304094     0.08976806    -0.01258593   
  43  -0.00132765    -0.00070518     0.00286057    -0.04168057     0.01463707    -0.00191184   
  44   0.00262650     0.00245246    -0.00538254     0.15737459    -0.09002581     0.01277343   
  45  -0.00136778    -0.00106015     0.00267180    -0.07218490     0.04026889    -0.00570226   
  46  -0.00273424    -0.00252698     0.01041325    -0.28009035     0.17768656    -0.02550057   
  47  -0.31100959     0.08355733     0.00194963    -0.03548998     0.01808739    -0.00255758   
  48   0.29194020     0.09868873     0.00161296    -0.02749700     0.01523100    -0.00216629   
  49   0.00708714     0.00634255     0.00086015     0.00904049     0.00586282    -0.00101830   
  50   0.01253488    -0.01375325    -0.00173818     0.00992209     0.00493865    -0.00087156   
  51   0.01605590    -0.08405465     0.00166171    -0.03404449     0.01763492    -0.00249198   
  52  -0.01633922    -0.09945997     0.00089125    -0.02619499     0.01472801    -0.00210068   
  53   0.00498265     0.27313826    -0.00241911     0.05542263    -0.02451649     0.00340140   
  54  -0.01878816     0.00367722     0.29239333     0.06272324    -0.10246846     0.01586254   
  55  -0.01760703     0.00475774    -0.33970346     0.01660670    -0.10947143     0.01715975   
  56   0.00723683    -0.00143230     0.00116563     0.00618616     0.05301040    -0.01340558   
  57   0.00720317    -0.00139169     0.00080312     0.00997415     0.04162921    -0.01028127   
  58   0.00384609    -0.00075761    -0.00126981     0.02887394     0.13516437     0.27242817   
  59   0.00367172    -0.00067970    -0.00200569     0.03409880     0.05894030    -0.32994263   
  60   0.00985140    -0.00311277     0.02125106    -0.20178210    -0.25673346     0.01060105   
  61   0.01548785    -0.28872124    -0.00372586     0.06018961    -0.02601243     0.00360490   
  62   0.01331031    -0.00366735     0.01954427    -0.19200071    -0.16190657     0.03679030   
           37             38             39             40       
   1  -0.00046018    -0.00549084    -0.00986109     0.00870757   
   2   0.00067520     0.00795589     0.03524971    -0.02755987   
   3  -0.00048012    -0.00579271    -0.01019688     0.00897800   
   4   0.00115888     0.01434960     0.01425603    -0.01697004   
   5  -0.00025561    -0.00300424    -0.00948662     0.00739651   
   6   0.00015473     0.00185992     0.00277561    -0.00245348   
   7   0.00031499     0.00370754     0.00931479    -0.00726773   
   8   0.00020191     0.00233872     0.00328635    -0.00285528   
   9  -0.00024438    -0.00289876    -0.00974873     0.00755786   
  10  -0.00024972    -0.00295731    -0.00963771     0.00771223   
  11   0.00020601     0.00248074     0.00335950    -0.00298795   
  12   0.00032561     0.00386038     0.00923398    -0.00749072   
  13   0.00016963     0.00202106     0.00293639    -0.00257955   
  14  -0.00025892    -0.00306858    -0.00945490     0.00751111   
  15  -0.00014785    -0.00176608    -0.01745684     0.01400838   
  16  -0.00121207    -0.01517034    -0.02169781     0.02442542   
  17  -0.00001727    -0.00026898     0.03313766    -0.02948324   
  18  -0.00121798    -0.01535640    -0.02147593     0.02517704   
  19  -0.00015765    -0.00186725    -0.01683779     0.01477517   
  20  -0.05458925     0.34774605     0.05900420     0.00123730   
  21  -0.00125494    -0.03525651    -0.90082645    -0.00046278   
  22   0.00354913     0.05068122     0.01111624    -0.01501776   
  23   0.04863061    -0.49193869     0.06720558     0.00129098   
  24  -0.01576045     0.10992642     0.13564134     0.00029436   
  25   0.03152582    -0.18916754    -0.01880696    -0.00031071   
  26   0.03622963    -0.22758702    -0.10037694    -0.00032741   
  27   0.02172267    -0.13806532    -0.01180952    -0.00026710   
  28  -0.02142036     0.13737647     0.13380438     0.00028994   
  29   0.00162051     0.02243292     0.13822085     0.00245255   
  30  -0.00129976    -0.01915076     0.01069727     0.01993572   
  31  -0.00230434    -0.03054468    -0.10694772    -0.00999281   
  32  -0.00151613    -0.01826361     0.00532445     0.01887076   
  33   0.00159370     0.02343346     0.14051122     0.00097098   
  34  -0.34695189    -0.20365556     0.13433229     0.00030340   
  35  -0.55629663     0.18409831    -0.01502028    -0.00029251   
  36  -0.05039574     0.33107962    -0.10067983    -0.00034884   
  37   0.47652254     0.32395326    -0.02033120    -0.00033174   
  38   0.38380976    -0.11315150     0.13556334     0.00029767   
  39  -0.00039778    -0.00464719     0.00942560     0.15470244   
  40  -0.00089869    -0.01130594    -0.01239459    -0.00855113   
  41   0.00006286     0.00072865    -0.00208255    -0.20884657   
  42   0.00083794     0.01046108     0.00958543     0.02424513   
  43   0.00011645     0.00124322    -0.00125451    -0.20684620   
  44  -0.00086321    -0.01096092    -0.01207644    -0.00445767   
  45   0.00038375     0.00490363     0.00036131     0.93924244   
  46   0.00175108     0.02254976     0.02716099    -0.03695467   
  47   0.00017863     0.00214047     0.00583154    -0.00475968   
  48   0.00015576     0.00184830     0.00574047    -0.00470512   
  49   0.00009616     0.00122716     0.00911454    -0.00835737   
  50   0.00009135     0.00110892     0.00943910    -0.00778387   
  51   0.00017762     0.00208702     0.00582178    -0.00468208   
  52   0.00014786     0.00178860     0.00575839    -0.00458615   
  53  -0.00023170    -0.00271429    -0.00567946     0.00454228   
  54  -0.00118528    -0.01791266    -0.06318446    -0.00109096   
  55  -0.00127750    -0.01749251    -0.06482898    -0.00201875   
  56  -0.30073996     0.08638961    -0.06309663    -0.00030511   
  57   0.30028525     0.17127230    -0.06602265    -0.00032738   
  58   0.01205733    -0.08279021    -0.06190079    -0.00029179   
  59   0.01814444    -0.11544341    -0.06530715    -0.00031319   
  60  -0.03163708     0.19483760     0.04825340     0.00026582   
  61  -0.00024259    -0.00288460    -0.00569086     0.00475130   
  62   0.04764353    -0.30469506     0.04993920     0.00029268   

 -----------------------------------------------------------------------------------------------
  Virtual Orbital Coefficients
 -----------------------------------------------------------------------------------------------
           41             42             43             44             45             46       
   1   0.09864937     0.12841138    -0.38168367     0.01229410    -0.00040794    -0.00754790   
   2  -0.64383383     0.14107025     0.00893127    -0.00033054    -0.00312732     0.00319670   
   3   0.10330515     0.11995977     0.37073445    -0.00681807     0.00670711     0.00008249   
   4   0.06570436    -0.45023773    -0.00780460    -0.00429342     0.00011285     0.00062226   
   5   0.20042832    -0.12506939     0.24158787     0.00035090     0.49936089     0.06796103   
   6  -0.02922163    -0.04667695     0.15275176    -0.01435474    -0.46151106    -0.05731914   
   7  -0.20178991     0.17167188    -0.40335591     0.01533848    -0.00761785    -0.00626736   
   8  -0.03367627    -0.04229516     0.13925796     0.00455735     0.46796693     0.06388440   
   9   0.20105380    -0.12817189     0.25272618    -0.01931496    -0.49620423    -0.06234462   
  10   0.20157844    -0.12329722    -0.25021197     0.01446331    -0.06736592     0.49623685   
  11  -0.03534644    -0.03908032    -0.13417151    -0.00536577     0.05903163    -0.46750838   
  12  -0.20277786     0.16350987     0.39412687    -0.00958942     0.00385077     0.00492686   
  13  -0.03156760    -0.04266270    -0.14491809     0.01084315    -0.06342360     0.46302832   
  14   0.20121129    -0.12069703    -0.24135247    -0.00232418     0.06303732    -0.49833341   
  15   0.22416866     0.22692274    -0.01307003    -0.50376618     0.00815245     0.00885126   
  16  -0.01885895     0.23334240     0.01860305     0.46261907    -0.00884304    -0.00719419   
  17  -0.25624614    -0.49746331    -0.00813216    -0.00691523     0.00275774    -0.00137745   
  18  -0.01714386     0.23972825    -0.00877435    -0.45746001     0.00660686     0.00916798   
  19   0.22348425     0.21993632     0.01732252     0.51009843    -0.00919965    -0.00967602   
  20  -0.00286457    -0.01912469    -0.00035716     0.00259297     0.00026634    -0.00125127   
  21  -0.04037934    -0.04438200    -0.00067944     0.00400255     0.00041044    -0.00160362   
  22   0.06055848     0.15018799     0.00229017    -0.01643191    -0.00142877     0.00693613   
  23  -0.00242828    -0.01739558    -0.00033208     0.00235145     0.00023155    -0.00109661   
  24   0.01010591     0.01783361     0.00032912    -0.00211779    -0.00022947     0.00098337   
  25   0.00024258     0.00507190     0.00010267    -0.00078564    -0.00008271     0.00038878   
  26  -0.00925823    -0.02020921    -0.00040113     0.00267530     0.00029426    -0.00128418   
  27   0.00058476     0.00611231     0.00012549    -0.00089617    -0.00010052     0.00046269   
  28   0.00987047     0.01706221     0.00031209    -0.00204376    -0.00021690     0.00092538   
  29   0.01632632    -0.03370488     0.00007906     0.00906658    -0.00035205    -0.00348689   
  30  -0.06696639    -0.14430532    -0.00246951     0.01068311     0.00167845    -0.00454651   
  31  -0.02173670     0.14667209     0.00219455    -0.02171152    -0.00116846     0.00830192   
  32  -0.06638803    -0.13708965    -0.00137898     0.01388376     0.00048293    -0.00550332   
  33   0.01376804    -0.04209418    -0.00136197     0.00394914     0.00119515    -0.00207297   
  34   0.00974979     0.01633912     0.00029853    -0.00189463    -0.00020213     0.00085121   
  35   0.00036398     0.00515046     0.00010959    -0.00077898    -0.00007968     0.00037777   
  36  -0.00899563    -0.01862402    -0.00036839     0.00240188     0.00026068    -0.00112363   
  37   0.00015392     0.00451734     0.00009623    -0.00066594    -0.00007148     0.00032848   
  38   0.00990449     0.01683547     0.00030902    -0.00198740    -0.00020969     0.00089049   
  39  -0.02168214     0.06274979     0.00353952     0.02063223    -0.00126167    -0.00485983   
  40  -0.04855909    -0.08372491    -0.00209681    -0.01281350     0.00075539     0.00074198   
  41   0.01710658    -0.00062235    -0.00133011    -0.00642159     0.00060319     0.00383141   
  42   0.03534524     0.07147153     0.00287041     0.01652393    -0.00119950    -0.00377951   
  43   0.01472207    -0.01310433    -0.00023617    -0.00195574    -0.00006702    -0.00166137   
  44  -0.04680795    -0.07198201    -0.00301544    -0.01633579     0.00134652     0.00571559   
  45  -0.03027721    -0.03592312    -0.00121473    -0.00738725     0.00055748     0.00161248   
  46   0.15597185     0.13364582     0.00137771     0.00465037    -0.00059527    -0.00083548   
  47  -0.11004840     0.04654888     0.08215121     0.00031108    -0.02100354     0.16716886   
  48  -0.10802684     0.04624951     0.08427000    -0.00465160     0.02179126    -0.16401329   
  49  -0.11625335    -0.07357310    -0.00545195    -0.17253126     0.00343663     0.00353651   
  50  -0.11583828    -0.07580414     0.00427407     0.16978345    -0.00291303    -0.00337119   
  51  -0.10934595     0.04800957    -0.08189709     0.00036335    -0.16775065    -0.02295607   
  52  -0.10723691     0.04782334    -0.08471077     0.00626885     0.16403050     0.02109420   
  53   0.10965946    -0.06917339     0.15131931    -0.00602120     0.00278798     0.00202073   
  54  -0.00500298     0.01796238     0.00049476    -0.00147833    -0.00041868     0.00078177   
  55  -0.00609019     0.01553159    -0.00000019    -0.00348046     0.00012170     0.00132627   
  56  -0.00408378    -0.00574597    -0.00010795     0.00066402     0.00007441    -0.00029711   
  57  -0.00412213    -0.00574176    -0.00010733     0.00065690     0.00007266    -0.00029452   
  58  -0.00412801    -0.00604676    -0.00011402     0.00071317     0.00007889    -0.00032842   
  59  -0.00416931    -0.00601398    -0.00011346     0.00071256     0.00007883    -0.00032116   
  60   0.00409155     0.00755388     0.00015326    -0.00098596    -0.00010917     0.00046849   
  61   0.11131176    -0.06647270    -0.14892757     0.00389194    -0.00115498    -0.00175172   
  62   0.00405209     0.00711303     0.00014045    -0.00089913    -0.00009937     0.00041850   
           47             48             49             50             51             52       
   1   0.06897051     0.01445568    -0.32116982    -0.01301027     0.13970052    -0.00510901   
   2  -0.03924621    -0.01026148     0.32211229     0.01536727    -0.21992616     0.01060543   
   3   0.07117775     0.01566249    -0.33578525    -0.01300740     0.14407713    -0.00527653   
   4  -0.04579108    -0.00312478    -0.11202581    -0.01393279     0.21785868    -0.01268554   
   5  -0.03510534    -0.00773046     0.13018766     0.00421306    -0.02993220     0.00016032   
   6  -0.02977292    -0.00585635     0.14810197     0.00711849    -0.07414794     0.00305255   
   7   0.06936468     0.01473239    -0.30960996    -0.01314377     0.12364229    -0.00413286   
   8  -0.02864485    -0.00688127     0.14990298     0.00587824    -0.07332629     0.00304888   
   9  -0.03588188    -0.00650999     0.12638999     0.00552073    -0.03046403     0.00016733   
  10  -0.02862933    -0.00894442     0.13593592     0.00455576    -0.03295866     0.00027807   
  11  -0.03724800    -0.00587930     0.15432305     0.00654046    -0.07435198     0.00306504   
  12   0.07100852     0.01607064    -0.32276882    -0.01276917     0.12637847    -0.00421784   
  13  -0.02212747    -0.00771739     0.15142790     0.00613304    -0.07456299     0.00308695   
  14  -0.04525872    -0.00702651     0.14053635     0.00506848    -0.03296190     0.00024526   
  15   0.07381705     0.00955957    -0.03271454     0.00381390    -0.11049911     0.00844273   
  16  -0.03383952    -0.00852491     0.13071315     0.00927143    -0.02977315    -0.00236409   
  17  -0.04334685    -0.00280048    -0.13314540    -0.01328981     0.18991074    -0.00794304   
  18   0.01513886    -0.00352684     0.13747664     0.00733533    -0.02769616    -0.00196507   
  19   0.02466235     0.00458563    -0.03927229     0.00541275    -0.11248294     0.00812608   
  20   0.07063534     0.01567923    -0.01636629     0.00687086    -0.09175534    -0.40729725   
  21   0.08061084     0.01618526    -0.01187472     0.00460227    -0.03049776     0.02852090   
  22  -0.36887389    -0.07658377     0.06996011    -0.02592997     0.24522267    -0.02611008   
  23   0.06117698     0.01342332    -0.01346998     0.00588253    -0.06150453     0.32859240   
  24  -0.05400638    -0.01177778     0.01150101    -0.00380668     0.06188862     0.34167188   
  25  -0.02227361    -0.00506637     0.00550721    -0.00311773     0.03351809     0.08331152   
  26   0.07203022     0.01605832    -0.01652022     0.00682716    -0.09695728    -0.44021472   
  27  -0.02683130    -0.00609590     0.00666043    -0.00214236     0.04278321     0.29007119   
  28  -0.05042370    -0.01096446     0.01056208    -0.00499598     0.05358413     0.12046425   
  29   0.18243549     0.03992054    -0.00994998    -0.50942403    -0.14649643     0.00828285   
  30   0.23979561     0.04705087    -0.05964271     0.44269859    -0.09622539     0.02139888   
  31  -0.45100065    -0.09255102     0.09251236    -0.00745826     0.30533069    -0.03972010   
  32   0.27379799     0.05604085    -0.01452513    -0.43364832    -0.09956842     0.01996502   
  33   0.12962176     0.02660806    -0.06451717     0.53356026    -0.13888218     0.00898757   
  34  -0.04595212    -0.00985768     0.00916783    -0.00351739     0.03878861    -0.17456805   
  35  -0.02152835    -0.00485558     0.00509611    -0.00303389     0.02616674    -0.16402672   
  36   0.06219540     0.01368238    -0.01351529     0.00643542    -0.06432988     0.34973117   
  37  -0.01870834    -0.00417418     0.00435863    -0.00136507     0.02189484    -0.11938518   
  38  -0.04827073    -0.01043244     0.00979731    -0.00523311     0.04264916    -0.21854331   
  39   0.34524525     0.05029620     0.27140934     0.02933158     0.40408433    -0.01724405   
  40  -0.15361436    -0.51484223    -0.16704639    -0.02061585    -0.19606590     0.00579868   
  41  -0.17766760     0.48592585    -0.06872917    -0.00663845    -0.13129682     0.00722815   
  42   0.28732081     0.05307555     0.21821848     0.02527685     0.32487869    -0.01415051   
  43   0.01845523    -0.52092178    -0.08221840    -0.01009258    -0.14011811     0.00686284   
  44  -0.32986308     0.44183072    -0.14899226    -0.01650960    -0.18018707     0.00594848   
  45  -0.12517404    -0.02279758    -0.09021642    -0.01062919    -0.12829327     0.00528308   
  46   0.08082652     0.01997506    -0.06155644    -0.00048277    -0.29077415     0.02134342   
  47   0.01454526     0.00223567    -0.04079895    -0.00146665     0.00554818     0.00022354   
  48   0.00865769     0.00287198    -0.03861224    -0.00125392     0.00570024     0.00019038   
  49  -0.00824175    -0.00137753     0.01623207    -0.00168338     0.02852228    -0.00201565   
  50  -0.02409745    -0.00295605     0.01411500    -0.00120815     0.02790663    -0.00211011   
  51   0.01115175     0.00248632    -0.03748955    -0.00118117     0.00465239     0.00024527   
  52   0.01122133     0.00200592    -0.03555947    -0.00166227     0.00500367     0.00022372   
  53  -0.02511745    -0.00531045     0.10763551     0.00456713    -0.03936305     0.00116354   
  54  -0.04793159    -0.00974944     0.02247077    -0.18338863     0.04600593    -0.00334061   
  55  -0.06915878    -0.01498229     0.00356116     0.18126942     0.05004725    -0.00332140   
  56   0.01603031     0.00346106    -0.00321567     0.00173084    -0.01413293     0.07196725   
  57   0.01579250     0.00338849    -0.00312297     0.00128636    -0.01335569     0.05984058   
  58   0.01786378     0.00389583    -0.00376053     0.00125847    -0.02041550    -0.11229562   
  59   0.01743529     0.00379221    -0.00361359     0.00165586    -0.01856084    -0.04197314   
  60  -0.02613978    -0.00581169     0.00591179    -0.00241236     0.03440236     0.15391762   
  61  -0.02573792    -0.00584171     0.11294892     0.00441897    -0.04045028     0.00119420   
  62  -0.02304414    -0.00505591     0.00494547    -0.00238649     0.02335357    -0.12495758   
           53             54             55             56             57             58       
   1   0.00039750    -0.00065671     0.01044300    -0.02838357     0.25746366    -0.24449240   
   2  -0.00085962     0.00153914    -0.02967009    -0.08249097    -0.01904201     0.16222704   
   3   0.00041027    -0.00067963     0.01087403    -0.02227650    -0.19895494    -0.29228794   
   4   0.00100468    -0.00199241     0.04038784     0.37440225     0.01760848    -0.12035051   
   5   0.00000162    -0.00004725     0.00285199     0.05855598    -0.29581260     0.23683905   
   6  -0.00023936     0.00042688    -0.00787536    -0.08074107     0.32652841    -0.24118161   
   7   0.00031133    -0.00051979     0.00795462     0.09466754    -0.35462469     0.25563882   
   8  -0.00023920     0.00042631    -0.00796791    -0.07932986     0.32277307    -0.23831621   
   9   0.00000018    -0.00004376     0.00289581     0.05716969    -0.29173005     0.23369199   
  10  -0.00000502    -0.00002926     0.00256495     0.05056494     0.23701176     0.28997463   
  11  -0.00024183     0.00042781    -0.00796986    -0.07249330    -0.26852629    -0.30216681   
  12   0.00031631    -0.00053074     0.00817666     0.08726111     0.29663092     0.32580759   
  13  -0.00024084     0.00043090    -0.00798873    -0.07353832    -0.27058706    -0.30463289   
  14  -0.00000650    -0.00003448     0.00265385     0.05161589     0.23941074     0.29286138   
  15  -0.00064126     0.00143923    -0.03234301    -0.38817620    -0.01403363     0.08658506   
  16   0.00019764    -0.00063430     0.02230742     0.36715050     0.01146164    -0.06619918   
  17   0.00055601    -0.00097140     0.00718943    -0.37563559    -0.01085842     0.06147954   
  18   0.00020366    -0.00057462     0.02059442     0.36854313     0.01125489    -0.06644392   
  19  -0.00065910     0.00140249    -0.03123904    -0.39024638    -0.01387506     0.08696088   
  20   0.08070990    -0.02398998     0.29425488    -0.00902883    -0.00017103     0.00068162   
  21  -0.00251898     0.00641353    -0.18823203     0.02389526     0.00072659    -0.00407003   
  22   0.00246177    -0.00401394     0.07977765    -0.08761115    -0.00303856     0.01859650   
  23  -0.07370877     0.00348216     0.39213967    -0.01059765    -0.00021620     0.00095275   
  24   0.45109048     0.00644997    -0.14135203     0.00114889    -0.00003821     0.00041609   
  25  -0.49361856     0.01730395    -0.16471323     0.01096888     0.00034624    -0.00206947   
  26   0.10888799    -0.02685967     0.35480749    -0.01889242    -0.00055499     0.00322418   
  27   0.39791015     0.00656357    -0.16793677     0.01165018     0.00036678    -0.00219143   
  28  -0.54632814     0.01904095    -0.14455035     0.00066817    -0.00005408     0.00051468   
  29   0.00010760     0.00006906     0.00422347     0.07409593     0.00281255    -0.01771043   
  30  -0.00253286     0.00489286    -0.11472516    -0.02902426    -0.00159230     0.01134533   
  31   0.00332624    -0.00727210     0.17383450    -0.03815647    -0.00028672    -0.00128354   
  32  -0.00115800     0.00321108    -0.10373633    -0.03147284    -0.00150903     0.01143911   
  33  -0.00142056     0.00196340    -0.00625490     0.07513726     0.00269565    -0.01756395   
  34   0.03203306    -0.51305715    -0.21203821     0.00202024    -0.00001105     0.00024812   
  35   0.04284124     0.45060196    -0.19897524     0.01133293     0.00034636    -0.00203383   
  36  -0.07832149     0.01727742     0.45439052    -0.01938949    -0.00055307     0.00315770   
  37   0.02139799    -0.46702256    -0.20843042     0.01087358     0.00033260    -0.00195253   
  38   0.05453897     0.50481009    -0.19526520     0.00231888    -0.00000127     0.00018552   
  39   0.00124179    -0.00220692     0.03307614    -0.02950443    -0.00019442    -0.00129508   
  40  -0.00037881     0.00051401    -0.00323525    -0.02304934    -0.00115974     0.00916119   
  41  -0.00055096     0.00107524    -0.01980408     0.05887418     0.00200344    -0.01428939   
  42   0.00102960    -0.00184370     0.03029332    -0.07619454    -0.00239846     0.01660157   
  43  -0.00049910     0.00094617    -0.01785120     0.05947881     0.00207858    -0.01419225   
  44  -0.00041734     0.00062542    -0.00512136    -0.02483763    -0.00128003     0.00923107   
  45  -0.00038129     0.00067190    -0.01051713     0.02354384     0.00069116    -0.00478550   
  46  -0.00166582     0.00346158    -0.06992180     0.14331066     0.00369010    -0.01937741   
  47  -0.00002347     0.00005684    -0.00183102    -0.01411425    -0.06313070    -0.07521657   
  48  -0.00002364     0.00005170    -0.00171183    -0.01344968    -0.06185674    -0.07353939   
  49   0.00016154    -0.00034887     0.00749138     0.10459384     0.00340215    -0.02143604   
  50   0.00015260    -0.00035627     0.00775405     0.10371175     0.00364447    -0.02126251   
  51  -0.00002650     0.00006091    -0.00188277    -0.01596743     0.07766448    -0.06058025   
  52  -0.00002347     0.00005483    -0.00181809    -0.01518915     0.07572747    -0.05896246   
  53  -0.00008537     0.00013533    -0.00171315    -0.02768738     0.09997354    -0.07158303   
  54   0.00050814    -0.00080776     0.00530239    -0.02162949    -0.00075794     0.00493313   
  55  -0.00005330    -0.00011591     0.00206075    -0.02185957    -0.00081847     0.00510333   
  56  -0.01789023    -0.16541747     0.06549582    -0.00104052    -0.00001098     0.00001963   
  57  -0.01101620     0.17525168     0.07400279    -0.00099767    -0.00000893     0.00000255   
  58  -0.14729257    -0.00210291     0.04769998    -0.00068463    -0.00000041    -0.00004568   
  59   0.18824208    -0.00662837     0.05141703    -0.00058556     0.00000398    -0.00007527   
  60  -0.03775339     0.00929186    -0.12167027     0.00610311     0.00017601    -0.00101547   
  61  -0.00008644     0.00013955    -0.00179896    -0.02568325    -0.08396984    -0.09159053   
  62   0.02790621    -0.00591987    -0.15935108     0.00642421     0.00018007    -0.00102157   
           59             60             61             62       
   1  -0.00036338    -0.00379362     0.00023485    -0.00055761   
   2   0.00063413     0.00666625    -0.00073775     0.00178610   
   3  -0.00049315    -0.00384359     0.00024445    -0.00058207   
   4  -0.00186841    -0.04111873     0.00065690    -0.00074984   
   5   0.00022730     0.00459305     0.00008112    -0.00028745   
   6  -0.00018286    -0.00324881    -0.00000781     0.00006769   
   7   0.00019040     0.00164877    -0.00015369     0.00039053   
   8  -0.00014017    -0.00331476    -0.00001749     0.00009496   
   9   0.00017300     0.00461403     0.00008750    -0.00030531   
  10   0.00040694     0.00468851     0.00008438    -0.00029394   
  11  -0.00033561    -0.00343343    -0.00001956     0.00009837   
  12   0.00031703     0.00178566    -0.00015052     0.00038093   
  13  -0.00029930    -0.00338901    -0.00001098     0.00007586   
  14   0.00035613     0.00469504     0.00007851    -0.00027939   
  15   0.00296596     0.04590831    -0.00075368     0.00085770   
  16  -0.00421921    -0.05366137     0.00178063    -0.00324003   
  17   0.00472341     0.09859487    -0.00363471     0.00659102   
  18  -0.00195850    -0.05453322     0.00183717    -0.00333444   
  19   0.00162760     0.04653263    -0.00079358     0.00094204   
  20  -0.00305595     0.01420834     0.34867116    -0.18434947   
  21  -0.05953655     0.07114530    -0.04618478     0.11504345   
  22   0.27597216    -0.34820115     0.03907601    -0.08227113   
  23   0.00260912     0.00456916    -0.14291877    -0.36109325   
  24   0.01789280    -0.03159324    -0.35579661     0.17070845   
  25  -0.03556294     0.05086681     0.35113515    -0.14961007   
  26   0.04849830    -0.06579717    -0.37372947     0.14804835   
  27  -0.03738397     0.05329194     0.36349585    -0.15436079   
  28   0.01953744    -0.03390633    -0.37099537     0.17701032   
  29  -0.26611550     0.34198342    -0.03080902     0.06197361   
  30   0.20468389    -0.28546311     0.01851270    -0.03446032   
  31  -0.16082585     0.28693538    -0.01362895     0.02304314   
  32   0.19443970    -0.27390940     0.01798648    -0.03352104   
  33  -0.25491846     0.32896527    -0.02997372     0.06066897   
  34   0.01359604    -0.02363546     0.16681885     0.37056953   
  35  -0.03259367     0.04431713    -0.18103443    -0.35362991   
  36   0.04463036    -0.05774526     0.19721917     0.36008423   
  37  -0.03148981     0.04290171    -0.17690574    -0.34630188   
  38   0.01265873    -0.02235573     0.16167992     0.36067758   
  39   0.22608612     0.20809874    -0.00330591     0.00539954   
  40  -0.28169592    -0.20345699     0.00217445    -0.00343523   
  41   0.36703819     0.24508075    -0.00181174     0.00242777   
  42  -0.42051070    -0.27651091     0.00175690    -0.00207925   
  43   0.35579846     0.23835355    -0.00178878     0.00240273   
  44  -0.27105305    -0.19727838     0.00213956    -0.00336979   
  45   0.12530160     0.08197702    -0.00049518     0.00057191   
  46  -0.00618961    -0.16022716     0.00539140    -0.00891675   
  47  -0.00008166    -0.00156436    -0.00007004     0.00020971   
  48  -0.00011278    -0.00153252    -0.00007029     0.00020978   
  49  -0.00040788    -0.01251083     0.00012724    -0.00003454   
  50  -0.00074167    -0.01232141     0.00011591    -0.00000489   
  51  -0.00005006    -0.00153480    -0.00007046     0.00021168   
  52  -0.00002081    -0.00151896    -0.00007039     0.00021142   
  53  -0.00006248    -0.00003792     0.00008541    -0.00022965   
  54   0.06969125    -0.08918479     0.00826262    -0.01680183   
  55   0.07491543    -0.09545339     0.00874076    -0.01763214   
  56  -0.00273960     0.00523412    -0.04136876    -0.09364617   
  57  -0.00308445     0.00575976    -0.04421332    -0.09966798   
  58  -0.00413295     0.00765622     0.09177480    -0.04454472   
  59  -0.00476372     0.00862299     0.09998224    -0.04824939   
  60  -0.01453971     0.01932370     0.10025748    -0.03808059   
  61  -0.00008962    -0.00007257     0.00008497    -0.00022729   
  62  -0.01377911     0.01748427    -0.05494749    -0.09658225   

 -----------------------------------------------------------------------------------------------
  Generalised Fock Matrix (MO basis)
 -----------------------------------------------------------------------------------------------
           1              2              3              4              5              6        
   1  -18.01108131    0.00000000    -0.00000000     0.00000000    -0.00000000    -0.00000000   
   2   0.00000000    -13.25420610    0.00000000    -0.00000000     0.00000000    -0.00000000   
   3  -0.00000000     0.00000000    -13.04890460   -0.00000000     0.00000000    -0.00000000   
   4   0.00000000    -0.00000000    -0.00000000    -13.02005366    0.00000000    -0.00000000   
   5  -0.00000000     0.00000000     0.00000000     0.00000000    -11.95776427    0.00000000   
   6  -0.00000000    -0.00000000    -0.00000000    -0.00000000     0.00000000    -11.73760252  
   7   0.00000000     0.00000000    -0.00000000    -0.00000000    -0.00000000    -0.00000000   
   8   0.00000000     0.00000000     0.00000000    -0.00000000     0.00000000    -0.00000000   
   9  -0.00000000     0.00000000     0.00000000     0.00000000     0.00000000    -0.00000000   
  10  -0.00000000    -0.00000000     0.00000000     0.00000000    -0.00000000    -0.00000000   
  11  -0.00000000     0.00000000     0.00000000     0.00000000     0.00000000    -0.00000000   
  12  -0.00000000    -0.00000000    -0.00000000     0.00000000     0.00000000    -0.00000000   
  13  -0.00000000    -0.00000000    -0.00000000     0.00000000    -0.00000000    -0.00000000   
  14   0.00000000     0.00000000     0.00000000     0.00000000     0.00000000     0.00000000   
  15  -0.00000000     0.00000000    -0.00000000    -0.00000000    -0.00000000    -0.00000000   
  16  -0.00000000     0.00000000    -0.00000000    -0.00000000    -0.00000000     0.00000000   
  17   0.00000000    -0.00000000    -0.00000000    -0.00000000    -0.00000000     0.00000000   
  18   0.00000000     0.00000000     0.00000000     0.00000000    -0.00000000    -0.00000000   
  19   0.00000000    -0.00000000     0.00000000    -0.00000000    -0.00000000     0.00000000   
  20  -0.00000000     0.00000000    -0.00000000    -0.00000000     0.00000000     0.00000000   
  21   0.00000000    -0.00000000    -0.00000000    -0.00000000    -0.00000000    -0.00000000   
  22  -0.00000000     0.00000000    -0.00000000    -0.00000000     0.00000000     0.00000000   
  23  -0.00000000    -0.00000000     0.00000000    -0.00000000    -0.00000000    -0.00000000   
  24   0.00000000    -0.00000000     0.00000000     0.00000000    -0.00000000     0.00000000   
  25  -0.00000000     0.00000000    -0.00000000     0.00000000     0.00000000     0.00000000   
  26  -0.00000000     0.00000000    -0.00000000     0.00000000     0.00000000    -0.00000000   
  27  -0.00000000     0.00000000    -0.00000000     0.00000000     0.00000000     0.00000000   
  28   0.00000000     0.00000000    -0.00000000     0.00000000     0.00000000    -0.00000000   
  29  -0.00000000    -0.00000000     0.00000000     0.00000000     0.00000000    -0.00000000   
  30   0.00000000     0.00000000     0.00000000     0.00000000    -0.00000000     0.00000000   
  31  -0.00000000     0.00000000    -0.00000000    -0.00000000    -0.00000000    -0.00000000   
  32   0.00000000    -0.00000000     0.00000000     0.00000000     0.00000000     0.00000000   
  33  -0.00000000    -0.00000000    -0.00000000     0.00000000    -0.00000000    -0.00000000   
  34   0.00000000     0.00000000    -0.00000000    -0.00000000    -0.00000000     0.00000000   
  35  -0.00000000    -0.00000000     0.00000000     0.00000000    -0.00000000    -0.00000000   
  36   0.00000000     0.00000000    -0.00000000    -0.00000000    -0.00000000    -0.00000000   
  37  -0.00000000     0.00000000    -0.00000000    -0.00000000    -0.00000000    -0.00000000   
  38  -0.00000000     0.00000000     0.00000000    -0.00000000     0.00000000    -0.00000000   
  39   0.00312357    -0.00791069     0.00590173    -0.00711594    -0.00040885     0.00068097   
  40  -0.00120035     0.00590534    -0.00425823     0.00524047     0.00055272    -0.00031907   
  41  -0.00000001    -0.00000002    -0.00000003     0.00000002    -0.00000000    -0.00000002   
  42  -0.00000003     0.00000002    -0.00000001     0.00000004     0.00000000     0.00000002   
  43  -0.00000000     0.00000000     0.00000003     0.00000002    -0.00000001     0.00000000   
  44  -0.00000000    -0.00000000    -0.00000000    -0.00000000    -0.00000006     0.00000000   
  45  -0.00000000    -0.00000001     0.00000001    -0.00000000    -0.00000000    -0.00000006   
  46   0.00000000     0.00000001    -0.00000001    -0.00000000    -0.00000001    -0.00000001   
  47  -0.00000003    -0.00000000    -0.00000000     0.00000001     0.00000000     0.00000001   
  48   0.00000000     0.00000000    -0.00000001     0.00000001     0.00000000    -0.00000001   
  49  -0.00000001     0.00000004     0.00000000    -0.00000001     0.00000001     0.00000001   
  50  -0.00000000    -0.00000000     0.00000000    -0.00000000    -0.00000000     0.00000000   
  51  -0.00000001    -0.00000001    -0.00000000    -0.00000000    -0.00000000     0.00000001   
  52   0.00000001     0.00000000    -0.00000001    -0.00000000     0.00000000    -0.00000000   
  53  -0.00000000    -0.00000000     0.00000000    -0.00000000    -0.00000000    -0.00000000   
  54  -0.00000000    -0.00000000     0.00000000     0.00000000     0.00000000    -0.00000000   
  55   0.00000001     0.00000000    -0.00000001     0.00000000    -0.00000000    -0.00000001   
  56  -0.00000001    -0.00000000    -0.00000000     0.00000001     0.00000000    -0.00000001   
  57   0.00000000     0.00000000     0.00000000    -0.00000000    -0.00000000     0.00000000   
  58  -0.00000000     0.00000000    -0.00000000    -0.00000001     0.00000000    -0.00000001   
  59  -0.00000002     0.00000000    -0.00000000    -0.00000000     0.00000000    -0.00000001   
  60  -0.00000000     0.00000000    -0.00000000    -0.00000001    -0.00000000     0.00000000   
  61   0.00000000    -0.00000000     0.00000000    -0.00000000    -0.00000000     0.00000000   
  62   0.00000000     0.00000000    -0.00000000    -0.00000000     0.00000000    -0.00000000   
           7              8              9              10             11             12       
   1   0.00000000     0.00000000    -0.00000000    -0.00000000    -0.00000000    -0.00000000   
   2   0.00000000     0.00000000     0.00000000    -0.00000000     0.00000000    -0.00000000   
   3  -0.00000000     0.00000000     0.00000000     0.00000000     0.00000000    -0.00000000   
   4  -0.00000000    -0.00000000     0.00000000     0.00000000     0.00000000     0.00000000   
   5  -0.00000000     0.00000000     0.00000000    -0.00000000     0.00000000     0.00000000   
   6  -0.00000000    -0.00000000    -0.00000000    -0.00000000    -0.00000000    -0.00000000   
   7  -11.69954641    0.00000000    -0.00000000    -0.00000000    -0.00000000     0.00000000   
   8   0.00000000    -11.12636104   -0.00000000    -0.00000000     0.00000000     0.00000000   
   9  -0.00000000    -0.00000000    -11.06422448    0.00000000    -0.00000000    -0.00000000   
  10  -0.00000000    -0.00000000     0.00000000    -10.98863380   -0.00000000    -0.00000000   
  11  -0.00000000     0.00000000    -0.00000000    -0.00000000    -10.60391898    0.00000000   
  12   0.00000000     0.00000000    -0.00000000    -0.00000000     0.00000000    -10.33864552  
  13  -0.00000000    -0.00000000     0.00000000    -0.00000000     0.00000000     0.00000000   
  14   0.00000000    -0.00000000     0.00000000     0.00000000    -0.00000000    -0.00000000   
  15  -0.00000000     0.00000000    -0.00000000    -0.00000000     0.00000000     0.00000000   
  16  -0.00000000     0.00000000     0.00000000     0.00000000    -0.00000000    -0.00000000   
  17  -0.00000000    -0.00000000    -0.00000000    -0.00000000    -0.00000000     0.00000000   
  18  -0.00000000    -0.00000000    -0.00000000     0.00000000    -0.00000000    -0.00000000   
  19  -0.00000000    -0.00000000     0.00000000     0.00000000    -0.00000000     0.00000000   
  20  -0.00000000     0.00000000    -0.00000000     0.00000000     0.00000000     0.00000000   
  21   0.00000000     0.00000000     0.00000000     0.00000000    -0.00000000     0.00000000   
  22  -0.00000000     0.00000000    -0.00000000     0.00000000     0.00000000     0.00000000   
  23   0.00000000     0.00000000     0.00000000    -0.00000000     0.00000000     0.00000000   
  24   0.00000000    -0.00000000    -0.00000000     0.00000000    -0.00000000    -0.00000000   
  25  -0.00000000     0.00000000     0.00000000    -0.00000000    -0.00000000     0.00000000   
  26   0.00000000     0.00000000     0.00000000    -0.00000000    -0.00000000    -0.00000000   
  27  -0.00000000     0.00000000     0.00000000    -0.00000000     0.00000000    -0.00000000   
  28   0.00000000    -0.00000000    -0.00000000    -0.00000000    -0.00000000     0.00000000   
  29   0.00000000     0.00000000    -0.00000000     0.00000000    -0.00000000    -0.00000000   
  30  -0.00000000     0.00000000     0.00000000    -0.00000000     0.00000000     0.00000000   
  31   0.00000000    -0.00000000    -0.00000000    -0.00000000    -0.00000000     0.00000000   
  32   0.00000000     0.00000000     0.00000000    -0.00000000     0.00000000     0.00000000   
  33  -0.00000000    -0.00000000     0.00000000     0.00000000     0.00000000    -0.00000000   
  34  -0.00000000    -0.00000000     0.00000000    -0.00000000    -0.00000000     0.00000000   
  35   0.00000000     0.00000000    -0.00000000    -0.00000000    -0.00000000     0.00000000   
  36  -0.00000000     0.00000000    -0.00000000    -0.00000000    -0.00000000    -0.00000000   
  37   0.00000000    -0.00000000     0.00000000     0.00000000    -0.00000000    -0.00000000   
  38   0.00000000     0.00000000    -0.00000000     0.00000000     0.00000000     0.00000000   
  39   0.00025190     0.24048212    -0.00815800    -0.00328190     0.18000882     0.15034096   
  40  -0.00037168     0.02417880     0.00030094     0.00066040    -0.00400441    -0.00283536   
  41  -0.00000002    -0.00000000     0.00000002     0.00000003    -0.00000001    -0.00000002   
  42   0.00000001     0.00000002    -0.00000003    -0.00000003    -0.00000001    -0.00000000   
  43   0.00000000    -0.00000000     0.00000004    -0.00000006     0.00000000     0.00000000   
  44   0.00000000    -0.00000000     0.00000000    -0.00000000    -0.00000000    -0.00000000   
  45   0.00000000     0.00000000    -0.00000002    -0.00000001    -0.00000000     0.00000000   
  46   0.00000006    -0.00000000     0.00000001     0.00000002     0.00000001    -0.00000000   
  47   0.00000000    -0.00000002    -0.00000001    -0.00000001    -0.00000000     0.00000000   
  48   0.00000001    -0.00000001     0.00000001     0.00000000     0.00000001    -0.00000000   
  49   0.00000001     0.00000001     0.00000005     0.00000003    -0.00000000     0.00000000   
  50  -0.00000000     0.00000000    -0.00000000     0.00000000    -0.00000000    -0.00000000   
  51   0.00000000     0.00000001    -0.00000001    -0.00000002    -0.00000000     0.00000000   
  52   0.00000000    -0.00000000     0.00000001     0.00000000    -0.00000000     0.00000001   
  53  -0.00000000    -0.00000000    -0.00000000    -0.00000000     0.00000001    -0.00000000   
  54  -0.00000000    -0.00000000    -0.00000000    -0.00000000    -0.00000000     0.00000001   
  55   0.00000001     0.00000001     0.00000000    -0.00000000     0.00000001     0.00000001   
  56  -0.00000000    -0.00000000    -0.00000001    -0.00000001     0.00000000    -0.00000001   
  57  -0.00000000     0.00000000     0.00000002    -0.00000003     0.00000000    -0.00000000   
  58   0.00000000     0.00000000    -0.00000001    -0.00000002     0.00000000     0.00000000   
  59  -0.00000000     0.00000001    -0.00000001     0.00000000    -0.00000000     0.00000000   
  60   0.00000000     0.00000000    -0.00000000    -0.00000000    -0.00000000     0.00000000   
  61   0.00000000     0.00000000    -0.00000000    -0.00000000    -0.00000000     0.00000000   
  62   0.00000000    -0.00000000     0.00000000     0.00000000     0.00000000    -0.00000000   
           13             14             15             16             17             18       
   1  -0.00000000     0.00000000    -0.00000000    -0.00000000     0.00000000    -0.00000000   
   2  -0.00000000     0.00000000     0.00000000     0.00000000    -0.00000000     0.00000000   
   3  -0.00000000     0.00000000    -0.00000000    -0.00000000    -0.00000000     0.00000000   
   4   0.00000000     0.00000000    -0.00000000    -0.00000000    -0.00000000     0.00000000   
   5  -0.00000000     0.00000000    -0.00000000    -0.00000000    -0.00000000    -0.00000000   
   6  -0.00000000     0.00000000    -0.00000000     0.00000000     0.00000000    -0.00000000   
   7  -0.00000000     0.00000000    -0.00000000    -0.00000000    -0.00000000    -0.00000000   
   8  -0.00000000    -0.00000000     0.00000000     0.00000000    -0.00000000    -0.00000000   
   9   0.00000000     0.00000000    -0.00000000     0.00000000    -0.00000000    -0.00000000   
  10  -0.00000000     0.00000000    -0.00000000     0.00000000    -0.00000000     0.00000000   
  11   0.00000000    -0.00000000     0.00000000    -0.00000000    -0.00000000    -0.00000000   
  12   0.00000000    -0.00000000     0.00000000    -0.00000000     0.00000000    -0.00000000   
  13  -9.81587313    -0.00000000    -0.00000000     0.00000000    -0.00000000     0.00000000   
  14  -0.00000000    -9.39240830    -0.00000000    -0.00000000    -0.00000000    -0.00000000   
  15  -0.00000000    -0.00000000    -9.14343068     0.00000000    -0.00000000    -0.00000000   
  16   0.00000000    -0.00000000     0.00000000    -8.89634276     0.00000000    -0.00000000   
  17  -0.00000000    -0.00000000    -0.00000000     0.00000000    -8.78046093     0.00000000   
  18   0.00000000    -0.00000000    -0.00000000    -0.00000000     0.00000000    -8.47530710   
  19  -0.00000000    -0.00000000    -0.00000000     0.00000000     0.00000000    -0.00000000   
  20   0.00000000    -0.00000000    -0.00000000     0.00000000     0.00000000    -0.00000000   
  21   0.00000000     0.00000000     0.00000000     0.00000000     0.00000000     0.00000000   
  22  -0.00000000     0.00000000     0.00000000     0.00000000    -0.00000000    -0.00000000   
  23  -0.00000000     0.00000000     0.00000000     0.00000000    -0.00000000    -0.00000000   
  24   0.00000000     0.00000000    -0.00000000     0.00000000     0.00000000    -0.00000000   
  25  -0.00000000    -0.00000000    -0.00000000    -0.00000000     0.00000000     0.00000000   
  26   0.00000000     0.00000000    -0.00000000     0.00000000    -0.00000000     0.00000000   
  27   0.00000000     0.00000000     0.00000000    -0.00000000    -0.00000000    -0.00000000   
  28  -0.00000000    -0.00000000    -0.00000000     0.00000000     0.00000000    -0.00000000   
  29  -0.00000000    -0.00000000    -0.00000000    -0.00000000     0.00000000    -0.00000000   
  30   0.00000000     0.00000000     0.00000000     0.00000000    -0.00000000    -0.00000000   
  31   0.00000000     0.00000000     0.00000000     0.00000000     0.00000000     0.00000000   
  32  -0.00000000     0.00000000    -0.00000000     0.00000000     0.00000000    -0.00000000   
  33   0.00000000    -0.00000000     0.00000000     0.00000000     0.00000000    -0.00000000   
  34  -0.00000000     0.00000000    -0.00000000    -0.00000000    -0.00000000    -0.00000000   
  35   0.00000000    -0.00000000    -0.00000000    -0.00000000    -0.00000000    -0.00000000   
  36   0.00000000     0.00000000    -0.00000000     0.00000000     0.00000000     0.00000000   
  37  -0.00000000     0.00000000    -0.00000000     0.00000000    -0.00000000     0.00000000   
  38   0.00000000    -0.00000000     0.00000000    -0.00000000     0.00000000    -0.00000000   
  39  -0.02995045     0.02398809    -0.02061639    -0.00012999    -0.12846258     0.11546042   
  40  -0.01922702    -0.41227534    -0.00035544    -0.00002795    -0.00040655    -0.00032921   
  41   0.00000000     0.00000002     0.00000001    -0.00000000     0.00000001    -0.00000001   
  42  -0.00000001     0.00000001    -0.00000000    -0.00000000     0.00000001    -0.00000000   
  43   0.00000000     0.00000000    -0.00000001    -0.00000000     0.00000000     0.00000000   
  44   0.00000000    -0.00000000    -0.00000000     0.00000000    -0.00000000     0.00000000   
  45   0.00000000     0.00000000    -0.00000000     0.00000000     0.00000000    -0.00000000   
  46   0.00000000    -0.00000000     0.00000000     0.00000001    -0.00000000     0.00000000   
  47   0.00000000    -0.00000003    -0.00000001    -0.00000000    -0.00000001     0.00000000   
  48   0.00000000     0.00000000     0.00000000     0.00000000    -0.00000001     0.00000000   
  49  -0.00000001     0.00000001    -0.00000001    -0.00000000    -0.00000000    -0.00000000   
  50   0.00000003    -0.00000001    -0.00000000    -0.00000000    -0.00000000     0.00000000   
  51  -0.00000000    -0.00000002    -0.00000001    -0.00000000    -0.00000001     0.00000000   
  52   0.00000000     0.00000000    -0.00000000    -0.00000000     0.00000003     0.00000002   
  53   0.00000000    -0.00000000    -0.00000003     0.00000000     0.00000001    -0.00000000   
  54  -0.00000000    -0.00000000    -0.00000000     0.00000003     0.00000000    -0.00000001   
  55  -0.00000000     0.00000001    -0.00000000     0.00000000    -0.00000002     0.00000002   
  56  -0.00000000     0.00000000     0.00000000    -0.00000000     0.00000001    -0.00000000   
  57   0.00000000     0.00000000     0.00000000     0.00000000     0.00000000     0.00000000   
  58  -0.00000000     0.00000000     0.00000000    -0.00000000     0.00000000     0.00000000   
  59  -0.00000000    -0.00000000     0.00000000     0.00000000     0.00000000    -0.00000000   
  60   0.00000001    -0.00000001     0.00000000     0.00000000     0.00000000     0.00000000   
  61  -0.00000000    -0.00000000     0.00000001     0.00000000     0.00000001     0.00000000   
  62   0.00000000     0.00000000    -0.00000000     0.00000001    -0.00000000     0.00000000   
           19             20             21             22             23             24       
   1   0.00000000    -0.00000000     0.00000000    -0.00000000    -0.00000000     0.00000000   
   2  -0.00000000     0.00000000    -0.00000000     0.00000000    -0.00000000    -0.00000000   
   3   0.00000000    -0.00000000    -0.00000000    -0.00000000     0.00000000     0.00000000   
   4  -0.00000000    -0.00000000    -0.00000000    -0.00000000    -0.00000000     0.00000000   
   5  -0.00000000     0.00000000    -0.00000000     0.00000000    -0.00000000    -0.00000000   
   6   0.00000000     0.00000000    -0.00000000     0.00000000    -0.00000000     0.00000000   
   7  -0.00000000    -0.00000000     0.00000000     0.00000000     0.00000000     0.00000000   
   8  -0.00000000     0.00000000     0.00000000     0.00000000     0.00000000    -0.00000000   
   9   0.00000000    -0.00000000     0.00000000    -0.00000000     0.00000000    -0.00000000   
  10   0.00000000     0.00000000     0.00000000     0.00000000    -0.00000000     0.00000000   
  11  -0.00000000     0.00000000    -0.00000000     0.00000000     0.00000000    -0.00000000   
  12   0.00000000     0.00000000     0.00000000     0.00000000     0.00000000    -0.00000000   
  13  -0.00000000     0.00000000     0.00000000    -0.00000000    -0.00000000     0.00000000   
  14  -0.00000000    -0.00000000     0.00000000     0.00000000     0.00000000     0.00000000   
  15  -0.00000000    -0.00000000     0.00000000     0.00000000     0.00000000    -0.00000000   
  16   0.00000000     0.00000000     0.00000000     0.00000000     0.00000000     0.00000000   
  17   0.00000000     0.00000000     0.00000000    -0.00000000    -0.00000000     0.00000000   
  18  -0.00000000    -0.00000000     0.00000000    -0.00000000    -0.00000000    -0.00000000   
  19  -8.10039394     0.00000000     0.00000000    -0.00000000     0.00000000     0.00000000   
  20   0.00000000    -7.48948996     0.00000000     0.00000000    -0.00000000    -0.00000000   
  21   0.00000000     0.00000000    -6.63166529     0.00000000    -0.00000000     0.00000000   
  22  -0.00000000     0.00000000     0.00000000    -6.24997046    -0.00000000     0.00000000   
  23   0.00000000    -0.00000000    -0.00000000    -0.00000000    -5.42793487    -0.00000000   
  24   0.00000000    -0.00000000     0.00000000     0.00000000    -0.00000000    -4.56678397   
  25  -0.00000000     0.00000000     0.00000000    -0.00000000     0.00000000    -0.00000000   
  26  -0.00000000     0.00000000    -0.00000000     0.00000000     0.00000000     0.00000000   
  27  -0.00000000     0.00000000    -0.00000000     0.00000000    -0.00000000    -0.00000000   
  28   0.00000000    -0.00000000    -0.00000000     0.00000000    -0.00000000    -0.00000000   
  29  -0.00000000    -0.00000000    -0.00000000    -0.00000000    -0.00000000    -0.00000000   
  30  -0.00000000     0.00000000    -0.00000000     0.00000000    -0.00000000     0.00000000   
  31   0.00000000     0.00000000     0.00000000     0.00000000    -0.00000000    -0.00000000   
  32  -0.00000000    -0.00000000    -0.00000000     0.00000000    -0.00000000    -0.00000000   
  33  -0.00000000     0.00000000     0.00000000    -0.00000000    -0.00000000    -0.00000000   
  34   0.00000000     0.00000000    -0.00000000     0.00000000     0.00000000    -0.00000000   
  35  -0.00000000    -0.00000000     0.00000000    -0.00000000    -0.00000000     0.00000000   
  36  -0.00000000     0.00000000    -0.00000000    -0.00000000     0.00000000     0.00000000   
  37  -0.00000000    -0.00000000     0.00000000    -0.00000000    -0.00000000    -0.00000000   
  38   0.00000000     0.00000000     0.00000000     0.00000000    -0.00000000     0.00000000   
  39   0.03053612    -0.01140642     0.00153736    -0.10725904    -0.10605797     0.73901436   
  40  -0.13356455     0.06677301    -0.00284367     0.29204439     0.51662824     0.32877387   
  41  -0.00000002     0.00000005    -0.00000005    -0.00000005     0.00000014    -0.00000010   
  42   0.00000002    -0.00000000     0.00000002    -0.00000004     0.00000002    -0.00000002   
  43   0.00000001     0.00000001    -0.00000004    -0.00000001     0.00000001     0.00000000   
  44  -0.00000000    -0.00000001     0.00000000     0.00000001    -0.00000001     0.00000000   
  45  -0.00000001    -0.00000000    -0.00000000     0.00000000    -0.00000002     0.00000001   
  46   0.00000001     0.00000001    -0.00000000    -0.00000000     0.00000002     0.00000000   
  47  -0.00000002     0.00000001     0.00000001    -0.00000001     0.00000001    -0.00000002   
  48   0.00000000     0.00000000    -0.00000001    -0.00000000     0.00000002     0.00000001   
  49   0.00000003     0.00000002     0.00000002     0.00000000    -0.00000004    -0.00000002   
  50  -0.00000001     0.00000000     0.00000000     0.00000001    -0.00000000    -0.00000002   
  51  -0.00000001    -0.00000002    -0.00000002     0.00000002    -0.00000001     0.00000001   
  52   0.00000001     0.00000001    -0.00000000    -0.00000001     0.00000000    -0.00000001   
  53  -0.00000000    -0.00000000     0.00000000     0.00000000    -0.00000001    -0.00000000   
  54  -0.00000000    -0.00000000     0.00000000     0.00000001    -0.00000000    -0.00000001   
  55   0.00000001    -0.00000001    -0.00000001    -0.00000000     0.00000000     0.00000002   
  56  -0.00000002    -0.00000001    -0.00000000     0.00000001    -0.00000001    -0.00000001   
  57  -0.00000001    -0.00000001    -0.00000000    -0.00000000    -0.00000000    -0.00000000   
  58   0.00000001     0.00000001    -0.00000000    -0.00000001     0.00000000    -0.00000000   
  59  -0.00000000    -0.00000001    -0.00000000     0.00000001     0.00000001     0.00000002   
  60  -0.00000000    -0.00000000    -0.00000000     0.00000001     0.00000000     0.00000003   
  61  -0.00000000     0.00000000     0.00000000     0.00000001    -0.00000000     0.00000000   
  62  -0.00000000     0.00000000    -0.00000000    -0.00000000     0.00000000    -0.00000000   
           25             26             27             28             29             30       
   1  -0.00000000    -0.00000000    -0.00000000     0.00000000    -0.00000000     0.00000000   
   2   0.00000000     0.00000000     0.00000000     0.00000000    -0.00000000     0.00000000   
   3  -0.00000000    -0.00000000    -0.00000000    -0.00000000     0.00000000     0.00000000   
   4   0.00000000     0.00000000     0.00000000     0.00000000     0.00000000     0.00000000   
   5   0.00000000     0.00000000     0.00000000     0.00000000     0.00000000    -0.00000000   
   6   0.00000000    -0.00000000     0.00000000    -0.00000000    -0.00000000     0.00000000   
   7  -0.00000000     0.00000000    -0.00000000     0.00000000     0.00000000    -0.00000000   
   8   0.00000000     0.00000000     0.00000000    -0.00000000     0.00000000    -0.00000000   
   9   0.00000000     0.00000000     0.00000000    -0.00000000    -0.00000000     0.00000000   
  10  -0.00000000    -0.00000000    -0.00000000    -0.00000000     0.00000000    -0.00000000   
  11  -0.00000000    -0.00000000     0.00000000    -0.00000000    -0.00000000     0.00000000   
  12   0.00000000    -0.00000000    -0.00000000     0.00000000    -0.00000000     0.00000000   
  13  -0.00000000     0.00000000     0.00000000    -0.00000000    -0.00000000     0.00000000   
  14  -0.00000000     0.00000000     0.00000000    -0.00000000    -0.00000000     0.00000000   
  15  -0.00000000    -0.00000000     0.00000000    -0.00000000    -0.00000000     0.00000000   
  16  -0.00000000     0.00000000    -0.00000000     0.00000000    -0.00000000     0.00000000   
  17   0.00000000    -0.00000000    -0.00000000     0.00000000     0.00000000    -0.00000000   
  18   0.00000000     0.00000000    -0.00000000    -0.00000000    -0.00000000    -0.00000000   
  19  -0.00000000    -0.00000000    -0.00000000     0.00000000     0.00000000    -0.00000000   
  20   0.00000000     0.00000000     0.00000000    -0.00000000    -0.00000000     0.00000000   
  21   0.00000000    -0.00000000    -0.00000000    -0.00000000    -0.00000000    -0.00000000   
  22   0.00000000     0.00000000     0.00000000    -0.00000000    -0.00000000     0.00000000   
  23   0.00000000     0.00000000    -0.00000000    -0.00000000    -0.00000000    -0.00000000   
  24  -0.00000000     0.00000000    -0.00000000    -0.00000000    -0.00000000     0.00000000   
  25  -4.26955046    -0.00000000     0.00000000    -0.00000000    -0.00000000    -0.00000000   
  26  -0.00000000    -4.21202526     0.00000000    -0.00000000    -0.00000000     0.00000000   
  27   0.00000000     0.00000000    -4.06375192     0.00000000    -0.00000000     0.00000000   
  28  -0.00000000    -0.00000000     0.00000000    -3.92376068    -0.00000000     0.00000000   
  29  -0.00000000    -0.00000000    -0.00000000    -0.00000000    -3.57741526     0.00000000   
  30  -0.00000000     0.00000000     0.00000000     0.00000000     0.00000000    -3.45265521   
  31  -0.00000000    -0.00000000     0.00000000     0.00000000     0.00000000     0.00000000   
  32  -0.00000000     0.00000000     0.00000000     0.00000000     0.00000000    -0.00000000   
  33  -0.00000000     0.00000000     0.00000000     0.00000000    -0.00000000    -0.00000000   
  34   0.00000000     0.00000000     0.00000000     0.00000000     0.00000000     0.00000000   
  35  -0.00000000    -0.00000000     0.00000000    -0.00000000    -0.00000000     0.00000000   
  36   0.00000000     0.00000000    -0.00000000     0.00000000     0.00000000     0.00000000   
  37  -0.00000000     0.00000000    -0.00000000     0.00000000    -0.00000000     0.00000000   
  38   0.00000000    -0.00000000     0.00000000    -0.00000000     0.00000000    -0.00000000   
  39   0.04327879    -0.00866369     0.25439363    -0.00115021    -0.38674197     0.05625086   
  40  -0.52214011    -0.10112460    -0.08067903     0.00225003    -0.20981173     0.01469412   
  41   0.00000010     0.00000003     0.00000000    -0.00000001     0.00000003     0.00000002   
  42  -0.00000007    -0.00000002    -0.00000004    -0.00000005     0.00000010    -0.00000002   
  43   0.00000001     0.00000000     0.00000000    -0.00000001    -0.00000001     0.00000004   
  44   0.00000000    -0.00000000    -0.00000000     0.00000010    -0.00000002    -0.00000000   
  45  -0.00000001    -0.00000000    -0.00000000    -0.00000001    -0.00000000    -0.00000015   
  46   0.00000002     0.00000001     0.00000001    -0.00000000    -0.00000001    -0.00000002   
  47   0.00000000     0.00000001    -0.00000001    -0.00000000     0.00000004     0.00000001   
  48  -0.00000001    -0.00000001    -0.00000000    -0.00000001     0.00000000    -0.00000001   
  49   0.00000002     0.00000001     0.00000001    -0.00000002    -0.00000003     0.00000003   
  50   0.00000000    -0.00000000    -0.00000000     0.00000001    -0.00000001    -0.00000000   
  51  -0.00000002     0.00000000    -0.00000000    -0.00000003     0.00000001     0.00000003   
  52  -0.00000000     0.00000000     0.00000001    -0.00000000     0.00000000    -0.00000001   
  53  -0.00000000    -0.00000001    -0.00000000     0.00000001    -0.00000000     0.00000000   
  54   0.00000001    -0.00000001     0.00000000     0.00000001    -0.00000000    -0.00000000   
  55   0.00000001     0.00000001     0.00000001    -0.00000002     0.00000002     0.00000001   
  56  -0.00000000     0.00000000    -0.00000000    -0.00000000    -0.00000002     0.00000000   
  57  -0.00000001    -0.00000000    -0.00000000     0.00000000     0.00000001     0.00000000   
  58   0.00000002     0.00000001     0.00000001    -0.00000000    -0.00000001    -0.00000001   
  59  -0.00000002    -0.00000002    -0.00000000     0.00000001    -0.00000003    -0.00000002   
  60  -0.00000002    -0.00000001    -0.00000001    -0.00000000     0.00000000    -0.00000000   
  61   0.00000001    -0.00000000     0.00000000     0.00000001    -0.00000001     0.00000000   
  62  -0.00000001     0.00000000    -0.00000001    -0.00000000     0.00000000    -0.00000000   
           31             32             33             34             35             36       
   1  -0.00000000     0.00000000    -0.00000000     0.00000000    -0.00000000     0.00000000   
   2   0.00000000    -0.00000000    -0.00000000     0.00000000    -0.00000000     0.00000000   
   3  -0.00000000     0.00000000    -0.00000000    -0.00000000     0.00000000    -0.00000000   
   4  -0.00000000     0.00000000     0.00000000    -0.00000000     0.00000000    -0.00000000   
   5  -0.00000000     0.00000000    -0.00000000    -0.00000000    -0.00000000    -0.00000000   
   6  -0.00000000     0.00000000    -0.00000000     0.00000000    -0.00000000    -0.00000000   
   7   0.00000000     0.00000000    -0.00000000    -0.00000000     0.00000000    -0.00000000   
   8  -0.00000000     0.00000000    -0.00000000    -0.00000000     0.00000000     0.00000000   
   9  -0.00000000     0.00000000     0.00000000     0.00000000    -0.00000000    -0.00000000   
  10  -0.00000000    -0.00000000     0.00000000    -0.00000000    -0.00000000    -0.00000000   
  11  -0.00000000     0.00000000     0.00000000    -0.00000000    -0.00000000    -0.00000000   
  12   0.00000000     0.00000000    -0.00000000     0.00000000     0.00000000    -0.00000000   
  13   0.00000000    -0.00000000     0.00000000    -0.00000000     0.00000000     0.00000000   
  14   0.00000000     0.00000000    -0.00000000     0.00000000    -0.00000000     0.00000000   
  15   0.00000000    -0.00000000     0.00000000    -0.00000000    -0.00000000    -0.00000000   
  16   0.00000000     0.00000000     0.00000000    -0.00000000    -0.00000000     0.00000000   
  17   0.00000000     0.00000000     0.00000000    -0.00000000    -0.00000000     0.00000000   
  18   0.00000000    -0.00000000    -0.00000000    -0.00000000    -0.00000000     0.00000000   
  19   0.00000000    -0.00000000    -0.00000000    -0.00000000    -0.00000000    -0.00000000   
  20   0.00000000    -0.00000000     0.00000000     0.00000000    -0.00000000     0.00000000   
  21   0.00000000    -0.00000000     0.00000000    -0.00000000    -0.00000000    -0.00000000   
  22   0.00000000     0.00000000    -0.00000000     0.00000000    -0.00000000    -0.00000000   
  23  -0.00000000    -0.00000000    -0.00000000     0.00000000    -0.00000000     0.00000000   
  24  -0.00000000    -0.00000000    -0.00000000    -0.00000000     0.00000000     0.00000000   
  25  -0.00000000    -0.00000000    -0.00000000     0.00000000    -0.00000000     0.00000000   
  26  -0.00000000     0.00000000     0.00000000     0.00000000    -0.00000000     0.00000000   
  27   0.00000000     0.00000000     0.00000000     0.00000000     0.00000000    -0.00000000   
  28   0.00000000     0.00000000     0.00000000     0.00000000    -0.00000000     0.00000000   
  29   0.00000000     0.00000000    -0.00000000     0.00000000    -0.00000000     0.00000000   
  30   0.00000000    -0.00000000    -0.00000000     0.00000000     0.00000000     0.00000000   
  31  -3.40115030     0.00000000     0.00000000    -0.00000000     0.00000000     0.00000000   
  32   0.00000000    -3.10294417     0.00000000    -0.00000000     0.00000000     0.00000000   
  33   0.00000000     0.00000000    -2.31763104     0.00000000     0.00000000     0.00000000   
  34  -0.00000000    -0.00000000     0.00000000    -2.06404142    -0.00000000    -0.00000000   
  35   0.00000000     0.00000000     0.00000000    -0.00000000    -1.18369753    -0.00000000   
  36   0.00000000     0.00000000     0.00000000    -0.00000000    -0.00000000    -1.05073013   
  37  -0.00000000     0.00000000     0.00000000    -0.00000000    -0.00000000    -0.00000000   
  38  -0.00000000     0.00000000    -0.00000000     0.00000000     0.00000000     0.00000000   
  39   0.04217104    -0.01415432     0.10158467    -0.92685456    -0.38632665     0.07632660   
  40   0.00766088     0.00687041    -0.01626435     0.40380886    -0.23172375     0.03301199   
  41   0.00000006     0.00000001    -0.00000001    -0.00000003     0.00000013    -0.00000002   
  42  -0.00000002     0.00000001     0.00000000    -0.00000002     0.00000002    -0.00000001   
  43  -0.00000003     0.00000016     0.00000000    -0.00000001    -0.00000001    -0.00000000   
  44   0.00000001    -0.00000000    -0.00000000     0.00000002    -0.00000001     0.00000000   
  45  -0.00000001     0.00000000    -0.00000000    -0.00000001    -0.00000001    -0.00000000   
  46   0.00000016    -0.00000005     0.00000000     0.00000001    -0.00000000     0.00000000   
  47   0.00000001     0.00000002     0.00000000     0.00000003    -0.00000005     0.00000001   
  48  -0.00000001    -0.00000001     0.00000000     0.00000001    -0.00000001     0.00000000   
  49   0.00000002     0.00000002     0.00000000     0.00000005    -0.00000005     0.00000000   
  50  -0.00000000    -0.00000001    -0.00000008     0.00000001     0.00000001     0.00000000   
  51   0.00000004     0.00000005     0.00000001    -0.00000001     0.00000000    -0.00000002   
  52  -0.00000001    -0.00000001    -0.00000000     0.00000001     0.00000003    -0.00000002   
  53  -0.00000000     0.00000000    -0.00000000     0.00000001    -0.00000000    -0.00000006   
  54  -0.00000000    -0.00000000    -0.00000000     0.00000001     0.00000002    -0.00000000   
  55   0.00000002     0.00000001     0.00000000    -0.00000003    -0.00000005     0.00000001   
  56  -0.00000000     0.00000001    -0.00000000     0.00000006    -0.00000003     0.00000001   
  57  -0.00000001    -0.00000004     0.00000000     0.00000000     0.00000000     0.00000000   
  58  -0.00000001    -0.00000001     0.00000000     0.00000000    -0.00000001     0.00000001   
  59  -0.00000001    -0.00000002    -0.00000001     0.00000000     0.00000003    -0.00000000   
  60   0.00000000    -0.00000001     0.00000000     0.00000001    -0.00000003     0.00000000   
  61   0.00000000     0.00000000    -0.00000000    -0.00000001    -0.00000000    -0.00000000   
  62   0.00000000     0.00000000     0.00000000     0.00000002     0.00000001     0.00000000   
           37             38             39             40       
   1  -0.00000000    -0.00000000     0.00312358    -0.00120034   
   2   0.00000000     0.00000000    -0.00791069     0.00590534   
   3  -0.00000000     0.00000000     0.00590173    -0.00425823   
   4  -0.00000000    -0.00000000    -0.00711595     0.00524047   
   5  -0.00000000     0.00000000    -0.00040885     0.00055272   
   6  -0.00000000    -0.00000000     0.00068097    -0.00031907   
   7   0.00000000     0.00000000     0.00025190    -0.00037167   
   8  -0.00000000     0.00000000     0.24048212     0.02417879   
   9   0.00000000    -0.00000000    -0.00815800     0.00030095   
  10   0.00000000     0.00000000    -0.00328190     0.00066040   
  11  -0.00000000     0.00000000     0.18000882    -0.00400441   
  12  -0.00000000     0.00000000     0.15034096    -0.00283536   
  13  -0.00000000     0.00000000    -0.02995045    -0.01922702   
  14   0.00000000    -0.00000000     0.02398810    -0.41227539   
  15  -0.00000000     0.00000000    -0.02061638    -0.00035545   
  16   0.00000000    -0.00000000    -0.00013000    -0.00002796   
  17  -0.00000000     0.00000000    -0.12846259    -0.00040655   
  18   0.00000000    -0.00000000     0.11546042    -0.00032921   
  19  -0.00000000     0.00000000     0.03053612    -0.13356455   
  20  -0.00000000     0.00000000    -0.01140642     0.06677303   
  21   0.00000000     0.00000000     0.00153736    -0.00284366   
  22  -0.00000000     0.00000000    -0.10725904     0.29204441   
  23  -0.00000000    -0.00000000    -0.10605798     0.51662828   
  24  -0.00000000     0.00000000     0.73901440     0.32877389   
  25  -0.00000000     0.00000000     0.04327881    -0.52214011   
  26   0.00000000    -0.00000000    -0.00866369    -0.10112461   
  27  -0.00000000     0.00000000     0.25439364    -0.08067902   
  28   0.00000000    -0.00000000    -0.00115021     0.00225003   
  29  -0.00000000     0.00000000    -0.38674198    -0.20981174   
  30   0.00000000    -0.00000000     0.05625087     0.01469414   
  31  -0.00000000    -0.00000000     0.04217104     0.00766088   
  32   0.00000000     0.00000000    -0.01415431     0.00687043   
  33   0.00000000    -0.00000000     0.10158468    -0.01626435   
  34  -0.00000000     0.00000000    -0.92685464     0.40380882   
  35  -0.00000000     0.00000000    -0.38632667    -0.23172375   
  36  -0.00000000     0.00000000     0.07632659     0.03301198   
  37  -0.81048227    -0.00000000    -0.00348718    -0.00221066   
  38  -0.00000000    -0.66298091    -0.14482826    -0.02885832   
  39  -0.00348719    -0.14482825    -0.43222902    -0.03094454   
  40  -0.00221065    -0.02885833    -0.03094467    -1.45686089   
  41   0.00000001     0.00000002    -0.00000002    -0.00000002   
  42  -0.00000002     0.00000003    -0.00000001    -0.00000001   
  43  -0.00000001     0.00000000    -0.00000001     0.00000000   
  44  -0.00000000    -0.00000000     0.00000000     0.00000000   
  45  -0.00000001     0.00000001    -0.00000000    -0.00000001   
  46   0.00000000    -0.00000001    -0.00000001     0.00000000   
  47  -0.00000001     0.00000000     0.00000001     0.00000001   
  48   0.00000000    -0.00000000    -0.00000000     0.00000002   
  49  -0.00000002     0.00000002    -0.00000002     0.00000001   
  50  -0.00000000     0.00000001    -0.00000002     0.00000001   
  51  -0.00000001     0.00000003    -0.00000007    -0.00000001   
  52  -0.00000000    -0.00000009    -0.00000001     0.00000000   
  53   0.00000000     0.00000001    -0.00000000    -0.00000000   
  54   0.00000007     0.00000003    -0.00000001     0.00000000   
  55  -0.00000002    -0.00000002    -0.00000003    -0.00000001   
  56  -0.00000000    -0.00000000     0.00000001    -0.00000000   
  57  -0.00000000     0.00000000     0.00000001    -0.00000000   
  58  -0.00000001     0.00000000     0.00000000    -0.00000000   
  59   0.00000002    -0.00000002    -0.00000001    -0.00000004   
  60  -0.00000000    -0.00000002     0.00000001    -0.00000005   
  61   0.00000000     0.00000002     0.00000000     0.00000000   
  62  -0.00000001     0.00000002     0.00000002    -0.00000000   

[[ 0.000453  0.208871  0.205361 ... -0.003794  0.000235 -0.000558]
 [ 0.007742  0.143466 -0.013721 ...  0.006666 -0.000738  0.001786]
 [ 0.000415  0.17613  -0.107702 ... -0.003844  0.000244 -0.000582]
 ...
 [-0.000008 -0.000046  0.000053 ...  0.019324  0.100257 -0.038081]
 [-0.000483  0.111224 -0.093511 ... -0.000073  0.000085 -0.000227]
 [-0.000011 -0.000042  0.000048 ...  0.017484 -0.054947 -0.096582]]
 Saved MO coefficients to FCIDUMP/FCIDUMP_AO_DTA_OS1_mo_coeff.npy
