                    ---------------------------------
                    | Radical ExROPPP Calculation |
                    ---------------------------------

Molecule: meta-xylylene.xyz radical

--------------------------------
Cartesian Coordinates / Angstrom
--------------------------------

C                0.0000000000        0.0000000000        1.3984472733
H                0.0000000000        0.0000000000        2.4859073286
C               -0.0000000000        0.0000000000       -1.4051760785
H               -0.0000000000        0.0000000000       -2.4920882239
C               -1.2443431148        0.0000000000        0.7135129354
C                1.2443431148       -0.0000000000        0.7135129354
C               -1.2116931408        0.0000000000       -0.7204174728
C                1.2116931408        0.0000000000       -0.7204174728
C               -2.4612599728        0.0000000000        1.4106518075
C                2.4612599728        0.0000000000        1.4106518075
H               -2.1506999205        0.0000000000       -1.2667317623
H                2.1506999205        0.0000000000       -1.2667317623
H               -2.4869619022        0.0000000000        2.4951587166
H                2.4869619022       -0.0000000000        2.4951587166
H               -3.4097382286        0.0000000000        0.8842806258
H                3.4097382286        0.0000000000        0.8842806258

There are 8 heavy atoms.
There are 8 electrons in 8 orbitals.


Carbon 1e params: A = -22.717075 b = 1.705616

Nitrogen 1e params: alphan2 = -17.681338 Acn2 = -24.737202 bcn2 = 1.433639

Chlorine 1e params: alphacl = -10.335674 Accl = -26.021937 bccl=1.451861

Carbon 2e params: U = 8.420838 r0 = 1.173157

Nitrogen 2e params: Un2n2 = 17.979843 r0n2n2 = 1.111791

Chlorine 2e params: Uclcl= 9.642991 r0clcl = 2.253316

Mixed 2e params: Ucn2 = 13.200341 Uccl = 9.031915 Un2cl = 13.811417 r0cn2 =1.142474 r0ccl = 1.713237 r0n2cl = 1.682554
[8.42083845 2.4841616  3.80904694 3.80904694 2.73351519 2.73351519
 2.71814789 2.71814789]

-------------------------------------
Restricted Open-shell PPP Calculation
-------------------------------------

Starting SCF cycle...

Iter   Energy        Dens Change      Energy Change
-----------------------------------------------------
0 -8.108895581465962 0.00916775170145534 -8.108895581465962
1 -8.111288455059551 0.003272810264160486 -0.0023928735935889733
2 -8.111884097400054 0.0012060332666575801 -0.000595642340503133
3 -8.112065664023223 0.0004510312317175247 -0.0001815666231692603
4 -8.112126877559716 0.0001697614091471511 -6.12135364921329e-05
5 -8.112148614025646 6.405280694665727e-05 -2.1736465930288773e-05
6 -8.112156539894709 2.4183996932269913e-05 -7.925869063285518e-06
7 -8.112159469651251 9.130257505929329e-06 -2.929756542258133e-06
8 -8.112160560479134 3.445765118348376e-06 -1.090827883132306e-06
9 -8.112160968255132 1.2999023286663913e-06 -4.0777599785712937e-07
10 -8.112161121048814 4.901965863224333e-07 -1.5279368170695307e-07
11 -8.11216117838389 1.847944446353722e-07 -5.733507535410354e-08
12 -8.112161199918836 6.964545817833567e-08 -2.1534946270662658e-08
13 -8.112161208012585 2.6242520823061e-08 -8.093749670479156e-09
14 -8.112161211055906 9.88659920597712e-09 -3.043320262463567e-09
15 -8.112161212200675 3.7241999484294297e-09 -1.1447696124378126e-09
16 -8.112161212631296 1.4027359274138007e-09 -4.306208722937299e-10
17 -8.11216121279341 5.283071757844482e-10 -1.6211387787734566e-10
18 -8.112161212854355 1.9896151393083983e-10 -6.094502680298319e-11
19 -8.112161212877377 7.492695353050749e-11 -2.3021584638627246e-11
20 -8.112161212885987 2.8215985103940966e-11 -8.610001600573014e-12
21 -8.112161212889179 1.0624168211847973e-11 -3.19211324040225e-12
22 -8.11216121289051 4.001243780749064e-12 -1.3304912727107876e-12
23 -8.112161212890907 1.5063505998114124e-12 -3.979039320256561e-13
24 -8.112161212891086 5.669908986760674e-13 -1.794120407794253e-13
25 -8.112161212891207 2.142730437526552e-13 -1.2079226507921703e-13
26 -8.112161212891182 7.982503547054876e-14 2.4868995751603507e-14
27 -8.112161212891223 3.064215547965432e-14 -4.085620730620576e-14
28 -8.112161212891221 1.1546319456101628e-14 1.7763568394002505e-15
29 -8.112161212891209 4.3298697960381105e-15 1.2434497875801753e-14
ENERGY0: -8.112161212891209

--------------------------
Converged ROPPP Orbitals
--------------------------

orbital number 1 energy -6.515937721960235
[0.39 0.35 0.43 0.43 0.36 0.36 0.21 0.21]
orbital number 2 energy -4.624173936862998
[-0.    0.    0.5  -0.5   0.34 -0.34  0.37 -0.37]
orbital number 3 energy -4.146207579356689
[ 0.41 -0.61  0.25  0.25 -0.35 -0.35  0.21  0.21]
orbital number 4 energy 0.0
[-0.56  0.    0.   -0.    0.19 -0.2   0.34  0.7 ]
orbital number 5 energy 1.7763568394002505e-15
[-0.23 -0.   -0.    0.   -0.49  0.48  0.65 -0.23]
orbital number 6 energy 4.146207579356691
[ 0.41  0.61 -0.25 -0.25 -0.35 -0.35  0.21  0.21]
orbital number 7 energy 4.624173936863
[ 0.    0.    0.5  -0.5  -0.34  0.34 -0.37  0.37]
orbital number 8 energy 6.515937721960238
[ 0.39 -0.35 -0.43 -0.43  0.36  0.36  0.21  0.21]

Orbital occupation numbers:
1: 2.000000
2: 2.000000
3: 2.000000
4: 1.000000
5: 1.000000
6: -0.000000
7: -0.000000
8: -0.000000

------------------------
Starting ExROPPP calculation for diradical in rotated basis
------------------------

Coulomb Matrix in MO basis, J_ij = (ii|jj):
 [[3.79498064 3.64013603 3.68795477 3.22555263 3.28704197 3.68795477
  3.64013603 3.79498064]
 [3.64013603 3.83801468 3.26394789 3.32959929 3.38871459 3.26394789
  3.83801468 3.64013603]
 [3.68795477 3.26394789 4.08982208 3.03521606 3.23250225 4.08982208
  3.26394789 3.68795477]
 [3.22555263 3.32959929 3.03521606 4.58542573 2.96188953 3.03521606
  3.32959929 3.22555263]
 [3.28704197 3.38871459 3.23250225 2.96188953 4.17527769 3.23250225
  3.38871459 3.28704197]
 [3.68795477 3.26394789 4.08982208 3.03521606 3.23250225 4.08982208
  3.26394789 3.68795477]
 [3.64013603 3.83801468 3.26394789 3.32959929 3.38871459 3.26394789
  3.83801468 3.64013603]
 [3.79498064 3.64013603 3.68795477 3.22555263 3.28704197 3.68795477
  3.64013603 3.79498064]]
Coulomb Matrix in MO basis, K_ij = (ij|ji):
 [[3.79498064 1.08089561 0.97040754 0.44697721 0.46857057 0.55805922
  0.55476647 0.54618119]
 [1.08089561 3.83801468 0.38201539 0.61699266 0.72931975 0.39136532
  0.82746858 0.55476647]
 [0.97040754 0.38201539 4.08982208 0.49409668 0.56525025 0.96982197
  0.39136532 0.55805922]
 [0.44697721 0.61699266 0.49409668 4.58542573 0.71927961 0.49409668
  0.61699266 0.44697721]
 [0.46857057 0.72931975 0.56525025 0.71927961 4.17527769 0.56525025
  0.72931975 0.46857057]
 [0.55805922 0.39136532 0.96982197 0.49409668 0.56525025 4.08982208
  0.38201539 0.97040754]
 [0.55476647 0.82746858 0.39136532 0.61699266 0.72931975 0.38201539
  3.83801468 1.08089561]
 [0.54618119 0.55476647 0.55805922 0.44697721 0.46857057 0.97040754
  1.08089561 3.79498064]]
Dimensions of CI matrix: (136, 136)
Checking that the Hamiltonian is symmetric (a value of zero means matrix is symmetric) ... 
Frobenius norm of matrix - matrix transpose = 0.000000.

Using dense solver (eigh) on each block ...

Diagonalisation complete. Returning 136 states.

Checking that the Dipole matrix is symmetric (a value of zero means matrix is symmetric) ... 
Frobenius norm of matrix - matrix transpose = 0.00000             0.00000, 0.00000.

Energy of the lowest CI state: -11.380592953784017

State 0 0.000 eV 
Excitation    CI Coef
|3^OS>    0.95049
|3^CS(2->0')>   -0.05572
|3^SV(0'->2')>    0.05572
|3X^CV(3->3')>   -0.10487
|3X^CV(2->2')>    0.18908
|3X^CV(1->1')>   -0.17566
Ground state is triplet
TDMs with Triplet 'Ground' state
TDMX:-0.000   TDMY:0.000   TDMZ:0.206   Oscillator Strength:0.00000   <S**2>: 2.000
--------------------------------------------------------------------
TDMs with Singlet 'Ground' state
TDMX:0.000   TDMY:0.000   TDMZ:0.000   Oscillator Strength:-0.00000   <S**2>: 2.000
--------------------------------------------------------------------


State 1 0.481 eV 
Excitation    CI Coef
|1^OS>    0.63025
|1^ZW->    0.64197
|1^CS(2->0)>   -0.21733
|1^CS(1->0)>    0.05122
|1^CS(3->0')>   -0.06697
|1^CS(2->0')>   -0.08885
|1^CS(1->0')>   -0.12529
|1^SV(0->1')>    0.05122
|1^SV(0->2')>    0.21733
|1^SV(0'->1')>   -0.12529
|1^SV(0'->2')>    0.08885
|1^SV(0'->3')>   -0.06697
|1T^CV(3->2')>    0.07904
|1T^CV(2->1')>   -0.08845
|1T^CV(2->3')>   -0.07904
|1T^CV(1->2')>    0.08845
TDMs with Triplet 'Ground' state
TDMX:0.000   TDMY:0.000   TDMZ:0.000   Oscillator Strength:0.00000   <S**2>: 0.000
--------------------------------------------------------------------
TDMs with Singlet 'Ground' state
TDMX:-0.000   TDMY:0.000   TDMZ:0.206   Oscillator Strength:0.00000   <S**2>: 0.000
--------------------------------------------------------------------


State 2 1.114 eV 
Excitation    CI Coef
|1^OS>    0.61032
|1^ZW->   -0.59917
|1^CS(3->0)>   -0.06501
|1^CS(2->0)>   -0.10343
|1^CS(1->0)>   -0.14012
|1^CS(2->0')>    0.25300
|1^CS(1->0')>   -0.05728
|1^SV(0->1')>   -0.14032
|1^SV(0->2')>    0.10355
|1^SV(0->3')>   -0.06494
|1^SV(0'->1')>   -0.05737
|1^SV(0'->2')>   -0.25329
|1T^CV(3->1')>    0.15616
|1T^CV(2->2')>    0.06153
|1T^CV(1->3')>    0.15611
|1^CSD_(2,1)>    0.05703
|1^SVD_(1',2')>    0.05566
TDMs with Triplet 'Ground' state
TDMX:0.000   TDMY:0.000   TDMZ:0.000   Oscillator Strength:0.00000   <S**2>: 0.000
--------------------------------------------------------------------
TDMs with Singlet 'Ground' state
TDMX:-0.000   TDMY:0.000   TDMZ:0.000   Oscillator Strength:0.00000   <S**2>: 0.000
--------------------------------------------------------------------


State 3 2.753 eV 
Excitation    CI Coef
|1^ZW+>   -0.92610
|1^CS(2->0)>   -0.08217
|1^CS(1->0)>   -0.05092
|1^CS(1->0')>    0.12454
|1^SV(0->1')>    0.05092
|1^SV(0->2')>   -0.08217
|1^SV(0'->1')>   -0.12454
|1S^CV(1->1')>    0.06304
|1^CSD_(2,2)>    0.12378
|1^CSD_(1,1)>    0.12073
|1^SVD_(1',1')>    0.12073
|1^SVD_(2',2')>    0.12378
TDMs with Triplet 'Ground' state
TDMX:0.000   TDMY:0.000   TDMZ:0.000   Oscillator Strength:0.00000   <S**2>: 0.000
--------------------------------------------------------------------
TDMs with Singlet 'Ground' state
TDMX:-0.000   TDMY:0.000   TDMZ:1.314   Oscillator Strength:0.09610   <S**2>: 0.000
--------------------------------------------------------------------


State 4 2.770 eV 
Excitation    CI Coef
|3^OS>    0.05288
|3^CS(3->0)>    0.13597
|3^CS(2->0)>   -0.19664
|3^CS(1->0)>    0.36264
|3^CS(3->0')>    0.05559
|3^CS(2->0')>    0.48100
|3^CS(1->0')>    0.14826
|3^SV(0->1')>   -0.36264
|3^SV(0->2')>   -0.19664
|3^SV(0->3')>   -0.13597
|3^SV(0'->1')>    0.14826
|3^SV(0'->2')>   -0.48100
|3^SV(0'->3')>    0.05559
|3S^CV(2->1')>    0.05270
|3S^CV(2->2')>    0.10742
|3S^CV(1->2')>   -0.05270
|3X^CV(3->3')>   -0.08140
|3X^CV(1->1')>   -0.16353
|3^ZCV0(2->1')>    0.07075
|3^ZCV0(2->2')>   -0.07457
|3^ZCV0'(5->2')>    0.07457
|3^ZCV0'(4->2')>    0.07075
|3^CSD(2,1)>    0.09900
|3^SVD(1,2)>    0.09900
TDMs with Triplet 'Ground' state
TDMX:0.000   TDMY:0.000   TDMZ:0.000   Oscillator Strength:0.00000   <S**2>: 2.000
--------------------------------------------------------------------
TDMs with Singlet 'Ground' state
TDMX:0.000   TDMY:0.000   TDMZ:0.000   Oscillator Strength:0.00000   <S**2>: 2.000
--------------------------------------------------------------------


State 5 2.805 eV 
Excitation    CI Coef
|3^CS(2->0)>   -0.16532
|3^CS(1->0)>    0.24253
|3^CS(2->0')>   -0.06758
|3^CS(1->0')>   -0.59324
|3^SV(0->1')>   -0.24253
|3^SV(0->2')>   -0.16532
|3^SV(0'->1')>   -0.59324
|3^SV(0'->2')>    0.06758
|3T^CV(2->1')>   -0.05199
|3T^CV(1->2')>   -0.05199
|3S^CV(1->1')>   -0.16240
|3X^CV(3->2')>    0.11435
|3X^CV(2->1')>    0.05820
|3X^CV(2->3')>   -0.11435
|3X^CV(1->2')>   -0.05820
|3^ZCV0(1->1')>   -0.11697
|3^ZCV0'(4->1')>    0.11697
TDMs with Triplet 'Ground' state
TDMX:0.000   TDMY:0.000   TDMZ:0.000   Oscillator Strength:0.00000   <S**2>: 2.000
--------------------------------------------------------------------
TDMs with Singlet 'Ground' state
TDMX:0.000   TDMY:0.000   TDMZ:0.000   Oscillator Strength:0.00000   <S**2>: 2.000
--------------------------------------------------------------------


State 6 3.026 eV 
Excitation    CI Coef
|1^CS(3->0)>    0.23739
|1^CS(2->0)>   -0.15377
|1^CS(1->0)>    0.45273
|1^CS(3->0')>    0.09705
|1^CS(2->0')>    0.37612
|1^CS(1->0')>    0.18509
|1^SV(0->1')>    0.45357
|1^SV(0->2')>    0.15361
|1^SV(0->3')>    0.23682
|1^SV(0'->1')>    0.18543
|1^SV(0'->2')>   -0.37573
|1^SV(0'->3')>    0.09682
|1T^CV(3->3')>   -0.08276
|1T^CV(1->1')>   -0.17914
|1^ZCV0(2->1')>    0.05498
|1^ZCV0'(1->2')>   -0.05507
|1^CSD_(2,1)>   -0.05618
|1^SVD_(1',2')>   -0.05693
TDMs with Triplet 'Ground' state
TDMX:0.000   TDMY:0.000   TDMZ:0.000   Oscillator Strength:0.00000   <S**2>: 0.000
--------------------------------------------------------------------
TDMs with Singlet 'Ground' state
TDMX:-0.001   TDMY:0.000   TDMZ:-0.000   Oscillator Strength:0.00000   <S**2>: 0.000
--------------------------------------------------------------------


State 7 3.230 eV 
Excitation    CI Coef
|1^OS>   -0.10948
|1^ZW->   -0.11152
|1^CS(3->0)>   -0.09024
|1^CS(2->0)>   -0.08592
|1^CS(1->0)>    0.22258
|1^CS(3->0')>    0.22073
|1^CS(1->0')>   -0.54444
|1^SV(0->1')>    0.22258
|1^SV(0->2')>    0.08592
|1^SV(0->3')>   -0.09024
|1^SV(0'->1')>   -0.54444
|1^SV(0'->3')>    0.22073
|1S^CV(2->1')>    0.07311
|1S^CV(1->2')>    0.07311
|1T^CV(3->2')>    0.09907
|1T^CV(2->1')>    0.18573
|1T^CV(2->3')>   -0.09907
|1T^CV(1->2')>   -0.18573
|1^ZCV0(2->1')>   -0.05075
|1^ZCV0(1->1')>    0.06565
|1^ZCV0(1->2')>   -0.05075
|1^ZCV0'(2->1')>    0.05075
|1^ZCV0'(1->1')>    0.06565
|1^ZCV0'(1->2')>    0.05075
|1^CSD_(3,1)>   -0.06749
|1^CSD_(2,2)>    0.06746
|1^CSD_(1,1)>   -0.06267
|1^SVD_(1',1')>    0.06267
|1^SVD_(1',3')>    0.06749
|1^SVD_(2',2')>   -0.06746
TDMs with Triplet 'Ground' state
TDMX:0.000   TDMY:0.000   TDMZ:0.000   Oscillator Strength:0.00000   <S**2>: 0.000
--------------------------------------------------------------------
TDMs with Singlet 'Ground' state
TDMX:0.000   TDMY:0.000   TDMZ:-0.000   Oscillator Strength:0.00000   <S**2>: 0.000
--------------------------------------------------------------------


State 8 3.237 eV 
Excitation    CI Coef
|3^CS(2->0)>    0.55630
|3^CS(1->0)>    0.06657
|3^CS(3->0')>    0.08821
|3^CS(2->0')>    0.22743
|3^CS(1->0')>   -0.16284
|3^SV(0->1')>   -0.06657
|3^SV(0->2')>    0.55630
|3^SV(0'->1')>   -0.16284
|3^SV(0'->2')>   -0.22743
|3^SV(0'->3')>    0.08821
|3T^CV(2->1')>   -0.05945
|3T^CV(1->2')>   -0.05945
|3S^CV(3->2')>   -0.05566
|3S^CV(3->3')>    0.05683
|3S^CV(2->1')>    0.08601
|3S^CV(2->2')>   -0.20786
|3S^CV(2->3')>    0.05566
|3S^CV(1->1')>    0.07931
|3S^CV(1->2')>   -0.08601
|3X^CV(2->1')>    0.11858
|3X^CV(1->2')>   -0.11858
|3^ZCV0(2->1')>   -0.05971
|3^ZCV0(2->2')>   -0.14972
|3^ZCV0(1->1')>    0.05712
|3^ZCV0(1->2')>    0.05971
|3^ZCV0'(5->1')>    0.05971
|3^ZCV0'(5->2')>    0.14972
|3^ZCV0'(4->1')>   -0.05712
|3^ZCV0'(4->2')>   -0.05971
TDMs with Triplet 'Ground' state
TDMX:0.000   TDMY:0.000   TDMZ:-0.000   Oscillator Strength:0.00000   <S**2>: 2.000
--------------------------------------------------------------------
TDMs with Singlet 'Ground' state
TDMX:0.000   TDMY:0.000   TDMZ:0.000   Oscillator Strength:0.00000   <S**2>: 2.000
--------------------------------------------------------------------


State 9 3.279 eV 
Excitation    CI Coef
|3^CS(3->0)>   -0.09308
|3^CS(2->0)>   -0.14706
|3^CS(1->0)>   -0.45584
|3^CS(2->0')>    0.35970
|3^CS(1->0')>   -0.18636
|3^SV(0->1')>    0.45584
|3^SV(0->2')>   -0.14706
|3^SV(0->3')>    0.09308
|3^SV(0'->1')>   -0.18636
|3^SV(0'->2')>   -0.35970
|3S^CV(2->1')>   -0.08767
|3S^CV(2->2')>    0.16537
|3S^CV(1->1')>   -0.10707
|3S^CV(1->2')>    0.08767
|3X^CV(3->1')>    0.14145
|3X^CV(2->2')>    0.15276
|3X^CV(1->1')>    0.05750
|3X^CV(1->3')>    0.14145
|3^ZCV0(2->1')>   -0.07295
|3^ZCV0(2->2')>   -0.11480
|3^ZCV0(1->1')>    0.07433
|3^ZCV0(1->2')>    0.05334
|3^ZCV0'(5->1')>    0.05334
|3^ZCV0'(5->2')>    0.11480
|3^ZCV0'(4->1')>   -0.07433
|3^ZCV0'(4->2')>   -0.07295
|3^CSD(3,2)>   -0.05007
|3^SVD(2,3)>   -0.05007
TDMs with Triplet 'Ground' state
TDMX:0.000   TDMY:0.000   TDMZ:-0.000   Oscillator Strength:0.00000   <S**2>: 2.000
--------------------------------------------------------------------
TDMs with Singlet 'Ground' state
TDMX:0.000   TDMY:0.000   TDMZ:0.000   Oscillator Strength:0.00000   <S**2>: 2.000
--------------------------------------------------------------------


State 10 3.388 eV 
Excitation    CI Coef
|5^CV(3->1')>    0.08124
|5^CV(3->3')>   -0.22115
|5^CV(2->2')>    0.37969
|5^CV(1->1')>   -0.89091
|5^CV(1->3')>    0.08124
TDMs with Triplet 'Ground' state
TDMX:0.000   TDMY:0.000   TDMZ:0.000   Oscillator Strength:0.00000   <S**2>: 6.000
--------------------------------------------------------------------
TDMs with Singlet 'Ground' state
TDMX:0.000   TDMY:0.000   TDMZ:0.000   Oscillator Strength:0.00000   <S**2>: 6.000
--------------------------------------------------------------------


State 11 4.146 eV 
Excitation    CI Coef
|3^CS(2->0)>   -0.24949
|3^CS(1->0)>   -0.23497
|3^CS(3->0')>    0.06626
|3^CS(2->0')>   -0.10200
|3^CS(1->0')>    0.57474
|3^SV(0->1')>   -0.23497
|3^SV(0->2')>    0.24949
|3^SV(0'->1')>   -0.57474
|3^SV(0'->2')>   -0.10200
|3^SV(0'->3')>   -0.06626
|3X^CV(2->1')>    0.15644
|3X^CV(1->2')>    0.15644
|3^ZCV0(2->2')>   -0.05458
|3^ZCV0'(5->2')>   -0.05458
TDMs with Triplet 'Ground' state
TDMX:0.799   TDMY:0.000   TDMZ:-0.000   Oscillator Strength:0.06488   <S**2>: 2.000
--------------------------------------------------------------------
TDMs with Singlet 'Ground' state
TDMX:0.000   TDMY:0.000   TDMZ:0.000   Oscillator Strength:0.00000   <S**2>: 2.000
--------------------------------------------------------------------


State 12 4.345 eV 
Excitation    CI Coef
|5^CV(3->2')>   -0.27468
|5^CV(2->1')>    0.65157
|5^CV(2->3')>    0.27468
|5^CV(1->2')>   -0.65157
TDMs with Triplet 'Ground' state
TDMX:0.000   TDMY:0.000   TDMZ:0.000   Oscillator Strength:0.00000   <S**2>: 6.000
--------------------------------------------------------------------
TDMs with Singlet 'Ground' state
TDMX:0.000   TDMY:0.000   TDMZ:0.000   Oscillator Strength:0.00000   <S**2>: 6.000
--------------------------------------------------------------------


State 13 4.351 eV 
Excitation    CI Coef
|3^CS(2->0)>    0.10986
|3^CS(1->0)>    0.54055
|3^CS(2->0')>   -0.26871
|3^CS(1->0')>    0.22099
|3^SV(0->1')>    0.54055
|3^SV(0->2')>   -0.10986
|3^SV(0'->1')>   -0.22099
|3^SV(0'->2')>   -0.26871
|3S^CV(2->1')>   -0.17213
|3S^CV(1->2')>   -0.17213
|3^ZCV0(2->1')>   -0.16556
|3^ZCV0(1->2')>   -0.08240
|3^ZCV0'(5->1')>    0.08240
|3^ZCV0'(4->2')>    0.16556
|3^CSD(2,1)>    0.07135
|3^SVD(1,2)>   -0.07135
TDMs with Triplet 'Ground' state
TDMX:0.000   TDMY:0.000   TDMZ:0.672   Oscillator Strength:0.04808   <S**2>: 2.000
--------------------------------------------------------------------
TDMs with Singlet 'Ground' state
TDMX:0.000   TDMY:0.000   TDMZ:0.000   Oscillator Strength:0.00000   <S**2>: 2.000
--------------------------------------------------------------------


State 14 4.498 eV 
Excitation    CI Coef
|5^CV(3->1')>   -0.32191
|5^CV(3->3')>   -0.14654
|5^CV(2->2')>    0.81575
|5^CV(1->1')>    0.32532
|5^CV(1->3')>   -0.32191
TDMs with Triplet 'Ground' state
TDMX:0.000   TDMY:0.000   TDMZ:0.000   Oscillator Strength:0.00000   <S**2>: 6.000
--------------------------------------------------------------------
TDMs with Singlet 'Ground' state
TDMX:0.000   TDMY:0.000   TDMZ:0.000   Oscillator Strength:0.00000   <S**2>: 6.000
--------------------------------------------------------------------


State 15 4.538 eV 
Excitation    CI Coef
|1^OS>   -0.16542
|1^ZW->   -0.16850
|1^CS(3->0)>    0.14546
|1^CS(2->0)>   -0.36493
|1^CS(3->0')>   -0.35581
|1^CS(2->0')>   -0.14919
|1^SV(0->2')>    0.36493
|1^SV(0->3')>    0.14546
|1^SV(0'->2')>    0.14919
|1^SV(0'->3')>   -0.35581
|1S^CV(3->2')>    0.07002
|1S^CV(2->1')>    0.11374
|1S^CV(2->3')>    0.07002
|1S^CV(1->2')>    0.11374
|1T^CV(3->2')>   -0.08416
|1T^CV(2->1')>   -0.07479
|1T^CV(2->3')>    0.08416
|1T^CV(1->2')>    0.07479
|1^ZCV0(3->1')>    0.08658
|1^ZCV0(2->1')>   -0.07896
|1^ZCV0(2->2')>    0.12692
|1^ZCV0(1->1')>    0.10588
|1^ZCV0(1->2')>   -0.07896
|1^ZCV0'(2->1')>    0.07896
|1^ZCV0'(2->2')>    0.12692
|1^ZCV0'(1->1')>    0.10588
|1^ZCV0'(1->2')>    0.07896
|1^ZCV0'(1->3')>    0.08658
|1^CSD_(3,1)>   -0.16532
|1^CSD_(2,2)>    0.19130
|1^CSD_(1,1)>   -0.13501
|1^SVD_(1',1')>    0.13501
|1^SVD_(1',3')>    0.16532
|1^SVD_(2',2')>   -0.19130
TDMs with Triplet 'Ground' state
TDMX:0.000   TDMY:0.000   TDMZ:0.000   Oscillator Strength:0.00000   <S**2>: 0.000
--------------------------------------------------------------------
TDMs with Singlet 'Ground' state
TDMX:-0.000   TDMY:0.000   TDMZ:0.000   Oscillator Strength:0.00000   <S**2>: 0.000
--------------------------------------------------------------------


State 16 4.590 eV 
Excitation    CI Coef
|3^CS(3->0)>    0.19238
|3^CS(2->0)>    0.12571
|3^CS(3->0')>   -0.47057
|3^CS(2->0')>    0.05139
|3^SV(0->2')>    0.12571
|3^SV(0->3')>   -0.19238
|3^SV(0'->2')>   -0.05139
|3^SV(0'->3')>   -0.47057
|3S^CV(3->1')>   -0.07415
|3S^CV(3->2')>   -0.09865
|3S^CV(3->3')>   -0.07683
|3S^CV(2->1')>    0.09492
|3S^CV(2->3')>    0.09865
|3S^CV(1->1')>   -0.24880
|3S^CV(1->2')>   -0.09492
|3S^CV(1->3')>   -0.07415
|3X^CV(2->1')>   -0.31254
|3X^CV(1->2')>    0.31254
|3^ZCV0(3->1')>   -0.08422
|3^ZCV0(3->2')>    0.06848
|3^ZCV0(3->3')>   -0.05534
|3^ZCV0(2->1')>   -0.06589
|3^ZCV0(2->3')>   -0.06848
|3^ZCV0(1->1')>   -0.17921
|3^ZCV0(1->2')>    0.06589
|3^ZCV0'(6->2')>   -0.06848
|3^ZCV0'(6->3')>    0.05534
|3^ZCV0'(5->1')>    0.06589
|3^ZCV0'(5->3')>    0.06848
|3^ZCV0'(4->1')>    0.17921
|3^ZCV0'(4->2')>   -0.06589
|3^ZCV0'(4->3')>    0.08422
TDMs with Triplet 'Ground' state
TDMX:-0.000   TDMY:0.000   TDMZ:0.000   Oscillator Strength:0.00000   <S**2>: 2.000
--------------------------------------------------------------------
TDMs with Singlet 'Ground' state
TDMX:0.000   TDMY:0.000   TDMZ:0.000   Oscillator Strength:0.00000   <S**2>: 2.000
--------------------------------------------------------------------


State 17 4.691 eV 
Excitation    CI Coef
|1^ZW+>   -0.13405
|1^CS(2->0)>   -0.23782
|1^CS(1->0)>    0.22605
|1^CS(3->0')>    0.06274
|1^CS(2->0')>   -0.09723
|1^CS(1->0')>   -0.55294
|1^SV(0->1')>   -0.22605
|1^SV(0->2')>   -0.23782
|1^SV(0'->1')>    0.55294
|1^SV(0'->2')>   -0.09723
|1^SV(0'->3')>   -0.06274
|1S^CV(2->1')>   -0.09763
|1S^CV(2->2')>   -0.11155
|1S^CV(1->1')>    0.08208
|1S^CV(1->2')>    0.09763
|1T^CV(2->1')>   -0.09335
|1T^CV(1->2')>   -0.09335
|1^ZCV0(2->1')>    0.06777
|1^ZCV0(2->2')>   -0.08035
|1^ZCV0(1->1')>    0.05912
|1^ZCV0(1->2')>   -0.06777
|1^ZCV0'(2->1')>   -0.06777
|1^ZCV0'(2->2')>    0.08035
|1^ZCV0'(1->1')>   -0.05912
|1^ZCV0'(1->2')>    0.06777
|1^CSD_(3,1)>   -0.07360
|1^CSD_(2,2)>    0.07342
|1^CSD_(1,1)>   -0.05514
|1^SVD_(1',1')>   -0.05514
|1^SVD_(1',3')>   -0.07360
|1^SVD_(2',2')>    0.07342
TDMs with Triplet 'Ground' state
TDMX:0.000   TDMY:0.000   TDMZ:0.000   Oscillator Strength:0.00000   <S**2>: 0.000
--------------------------------------------------------------------
TDMs with Singlet 'Ground' state
TDMX:-0.000   TDMY:0.000   TDMZ:0.474   Oscillator Strength:0.02319   <S**2>: 0.000
--------------------------------------------------------------------


State 18 4.821 eV 
Excitation    CI Coef
|3^OS>   -0.10365
|3^CS(3->0)>    0.26917
|3^CS(3->0')>    0.11004
|3^CS(2->0')>   -0.08569
|3^SV(0->3')>   -0.26917
|3^SV(0'->2')>    0.08569
|3^SV(0'->3')>    0.11004
|3S^CV(3->1')>    0.13446
|3S^CV(2->1')>   -0.25108
|3S^CV(1->1')>   -0.12062
|3S^CV(1->2')>    0.25108
|3S^CV(1->3')>    0.13446
|3X^CV(3->3')>   -0.15438
|3X^CV(2->2')>    0.09449
|3X^CV(1->1')>   -0.61128
|3^ZCV0(3->1')>   -0.09334
|3^ZCV0(2->1')>   -0.18383
|3^ZCV0(2->3')>    0.05282
|3^ZCV0(1->1')>    0.08373
|3^ZCV0(1->2')>    0.17787
|3^ZCV0(1->3')>   -0.09334
|3^ZCV0'(6->1')>    0.09334
|3^ZCV0'(6->2')>    0.05282
|3^ZCV0'(5->1')>    0.17787
|3^ZCV0'(4->1')>   -0.08373
|3^ZCV0'(4->2')>   -0.18383
|3^ZCV0'(4->3')>    0.09334
|3^CSD(3,2)>   -0.08872
|3^SVD(2,3)>   -0.08872
TDMs with Triplet 'Ground' state
TDMX:-0.000   TDMY:0.000   TDMZ:-0.000   Oscillator Strength:0.00000   <S**2>: 2.000
--------------------------------------------------------------------
TDMs with Singlet 'Ground' state
TDMX:0.000   TDMY:0.000   TDMZ:0.000   Oscillator Strength:0.00000   <S**2>: 2.000
--------------------------------------------------------------------


State 19 4.931 eV 
Excitation    CI Coef
|3^CS(2->0)>    0.22950
|3^CS(1->0)>   -0.27846
|3^CS(2->0')>   -0.56136
|3^CS(1->0')>   -0.11384
|3^SV(0->1')>   -0.27846
|3^SV(0->2')>   -0.22950
|3^SV(0'->1')>    0.11384
|3^SV(0'->2')>   -0.56136
|3T^CV(2->2')>   -0.14192
|3T^CV(1->1')>    0.12458
|3^ZCV0(2->1')>   -0.05460
|3^ZCV0(1->2')>    0.05086
|3^ZCV0'(5->1')>   -0.05086
|3^ZCV0'(4->2')>    0.05460
|3^CSD(2,1)>   -0.08965
|3^SVD(1,2)>    0.08965
TDMs with Triplet 'Ground' state
TDMX:-0.000   TDMY:0.000   TDMZ:1.180   Oscillator Strength:0.16827   <S**2>: 2.000
--------------------------------------------------------------------
TDMs with Singlet 'Ground' state
TDMX:0.000   TDMY:0.000   TDMZ:0.000   Oscillator Strength:0.00000   <S**2>: 2.000
--------------------------------------------------------------------


State 20 5.071 eV 
Excitation    CI Coef
|3^CS(2->0)>    0.57789
|3^CS(1->0)>   -0.10030
|3^CS(3->0')>    0.06068
|3^CS(2->0')>    0.23626
|3^CS(1->0')>    0.24535
|3^SV(0->1')>   -0.10030
|3^SV(0->2')>   -0.57789
|3^SV(0'->1')>   -0.24535
|3^SV(0'->2')>    0.23626
|3^SV(0'->3')>   -0.06068
|3S^CV(2->1')>    0.08030
|3S^CV(1->2')>    0.08030
|3X^CV(3->2')>   -0.06672
|3X^CV(2->3')>   -0.06672
|3^ZCV0(3->1')>   -0.07848
|3^ZCV0(2->1')>   -0.05574
|3^ZCV0(2->2')>    0.06496
|3^ZCV0(1->2')>   -0.05574
|3^ZCV0'(5->1')>    0.05574
|3^ZCV0'(5->2')>    0.06496
|3^ZCV0'(4->2')>    0.05574
|3^ZCV0'(4->3')>   -0.07848
TDMs with Triplet 'Ground' state
TDMX:2.496   TDMY:0.000   TDMZ:0.000   Oscillator Strength:0.77399   <S**2>: 2.000
--------------------------------------------------------------------
TDMs with Singlet 'Ground' state
TDMX:0.000   TDMY:0.000   TDMZ:0.000   Oscillator Strength:0.00000   <S**2>: 2.000
--------------------------------------------------------------------


State 21 5.154 eV 
Excitation    CI Coef
|3^OS>    0.05400
|3^CS(3->0)>    0.29126
|3^CS(3->0')>    0.11908
|3^CS(2->0')>    0.05351
|3^SV(0->3')>   -0.29126
|3^SV(0'->2')>   -0.05351
|3^SV(0'->3')>    0.11908
|3S^CV(3->2')>   -0.22385
|3S^CV(2->1')>    0.09734
|3S^CV(2->2')>   -0.13354
|3S^CV(2->3')>    0.22385
|3S^CV(1->1')>   -0.22482
|3S^CV(1->2')>   -0.09734
|3X^CV(3->1')>    0.10337
|3X^CV(3->3')>    0.06268
|3X^CV(2->2')>   -0.30241
|3X^CV(1->1')>    0.06341
|3X^CV(1->3')>    0.10337
|3^ZCV0(3->2')>   -0.20107
|3^ZCV0(2->1')>   -0.08300
|3^ZCV0(2->2')>    0.09270
|3^ZCV0(2->3')>    0.12139
|3^ZCV0(1->1')>    0.15607
|3^ZCV0(1->2')>   -0.22322
|3^ZCV0'(6->2')>    0.12139
|3^ZCV0'(5->1')>   -0.22322
|3^ZCV0'(5->2')>   -0.09270
|3^ZCV0'(5->3')>   -0.20107
|3^ZCV0'(4->1')>   -0.15607
|3^ZCV0'(4->2')>   -0.08300
|3^CSD(3,2)>    0.07216
|3^CSD(2,1)>   -0.29544
|3^SVD(1,2)>   -0.29544
|3^SVD(2,3)>    0.07216
TDMs with Triplet 'Ground' state
TDMX:-0.000   TDMY:0.000   TDMZ:0.000   Oscillator Strength:0.00000   <S**2>: 2.000
--------------------------------------------------------------------
TDMs with Singlet 'Ground' state
TDMX:0.000   TDMY:0.000   TDMZ:0.000   Oscillator Strength:0.00000   <S**2>: 2.000
--------------------------------------------------------------------


State 22 5.214 eV 
Excitation    CI Coef
|3^CS(3->0)>   -0.09891
|3^CS(2->0)>    0.13547
|3^CS(3->0')>    0.24193
|3^CS(2->0')>    0.05538
|3^CS(1->0')>    0.07127
|3^SV(0->2')>    0.13547
|3^SV(0->3')>    0.09891
|3^SV(0'->1')>    0.07127
|3^SV(0'->2')>   -0.05538
|3^SV(0'->3')>    0.24193
|3T^CV(2->1')>    0.13763
|3T^CV(1->2')>    0.13763
|3S^CV(3->1')>    0.12530
|3S^CV(2->1')>   -0.09267
|3S^CV(1->1')>   -0.54883
|3S^CV(1->2')>    0.09267
|3S^CV(1->3')>    0.12530
|3^ZCV0(2->1')>    0.06433
|3^ZCV0(1->1')>   -0.39530
|3^ZCV0(1->2')>   -0.06433
|3^ZCV0(1->3')>    0.17053
|3^ZCV0'(6->1')>   -0.17053
|3^ZCV0'(5->1')>   -0.06433
|3^ZCV0'(4->1')>    0.39530
|3^ZCV0'(4->2')>    0.06433
|3^CSD(3,1)>   -0.11478
|3^SVD(1,3)>    0.11478
TDMs with Triplet 'Ground' state
TDMX:-0.000   TDMY:0.000   TDMZ:-0.000   Oscillator Strength:0.00000   <S**2>: 2.000
--------------------------------------------------------------------
TDMs with Singlet 'Ground' state
TDMX:0.000   TDMY:0.000   TDMZ:0.000   Oscillator Strength:0.00000   <S**2>: 2.000
--------------------------------------------------------------------


State 23 5.268 eV 
Excitation    CI Coef
|1^CS(3->0)>   -0.14802
|1^CS(2->0)>    0.15056
|1^CS(1->0)>   -0.44780
|1^CS(3->0')>   -0.06052
|1^CS(2->0')>   -0.36827
|1^CS(1->0')>   -0.18307
|1^SV(0->1')>    0.46154
|1^SV(0->2')>    0.14557
|1^SV(0->3')>    0.13248
|1^SV(0'->1')>    0.18869
|1^SV(0'->2')>   -0.35607
|1^SV(0'->3')>    0.05416
|1S^CV(3->1')>    0.05511
|1S^CV(2->1')>    0.08039
|1S^CV(2->2')>    0.12176
|1S^CV(1->1')>    0.16885
|1S^CV(1->2')>   -0.06825
|1S^CV(1->3')>    0.05091
|1T^CV(3->1')>   -0.06046
|1T^CV(1->3')>    0.06185
|1^ZCV0(2->1')>    0.10958
|1^ZCV0(2->2')>   -0.08453
|1^ZCV0(1->1')>   -0.11721
|1^ZCV0'(2->2')>    0.08453
|1^ZCV0'(1->1')>    0.11721
|1^ZCV0'(1->2')>    0.09432
|1^CSD_(2,1)>    0.09901
|1^SVD_(1',2')>   -0.11045
TDMs with Triplet 'Ground' state
TDMX:0.000   TDMY:0.000   TDMZ:0.000   Oscillator Strength:0.00000   <S**2>: 0.000
--------------------------------------------------------------------
TDMs with Singlet 'Ground' state
TDMX:-2.750   TDMY:0.000   TDMZ:0.000   Oscillator Strength:0.88723   <S**2>: 0.000
--------------------------------------------------------------------


State 24 5.379 eV 
Excitation    CI Coef
|3^OS>   -0.08337
|3^CS(3->0)>   -0.31532
|3^CS(1->0)>    0.07658
|3^CS(3->0')>   -0.12891
|3^SV(0->1')>   -0.07658
|3^SV(0->3')>    0.31532
|3^SV(0'->3')>   -0.12891
|3T^CV(3->1')>   -0.05325
|3T^CV(1->3')>    0.05325
|3S^CV(3->1')>    0.07543
|3S^CV(3->3')>   -0.10873
|3S^CV(2->1')>    0.17061
|3S^CV(1->1')>   -0.28995
|3S^CV(1->2')>   -0.17061
|3S^CV(1->3')>    0.07543
|3X^CV(3->1')>    0.31515
|3X^CV(1->1')>   -0.41061
|3X^CV(1->3')>    0.31515
|3^ZCV0(3->1')>   -0.05236
|3^ZCV0(3->3')>    0.07548
|3^ZCV0(2->1')>    0.11278
|3^ZCV0(2->3')>   -0.07671
|3^ZCV0(1->1')>    0.20128
|3^ZCV0(1->2')>   -0.13298
|3^ZCV0(1->3')>   -0.05236
|3^ZCV0'(6->1')>    0.05236
|3^ZCV0'(6->2')>   -0.07671
|3^ZCV0'(6->3')>   -0.07548
|3^ZCV0'(5->1')>   -0.13298
|3^ZCV0'(4->1')>   -0.20128
|3^ZCV0'(4->2')>    0.11278
|3^ZCV0'(4->3')>    0.05236
|3^CSD(3,2)>    0.09000
|3^SVD(2,3)>    0.09000
TDMs with Triplet 'Ground' state
TDMX:-0.000   TDMY:0.000   TDMZ:-0.000   Oscillator Strength:0.00000   <S**2>: 2.000
--------------------------------------------------------------------
TDMs with Singlet 'Ground' state
TDMX:0.000   TDMY:0.000   TDMZ:0.000   Oscillator Strength:0.00000   <S**2>: 2.000
--------------------------------------------------------------------


State 25 5.402 eV 
Excitation    CI Coef
|5^CV(2->1')>   -0.70677
|5^CV(1->2')>   -0.70677
TDMs with Triplet 'Ground' state
TDMX:0.000   TDMY:0.000   TDMZ:0.000   Oscillator Strength:0.00000   <S**2>: 6.000
--------------------------------------------------------------------
TDMs with Singlet 'Ground' state
TDMX:0.000   TDMY:0.000   TDMZ:0.000   Oscillator Strength:0.00000   <S**2>: 6.000
--------------------------------------------------------------------


State 26 5.605 eV 
Excitation    CI Coef
|1^OS>    0.16314
|1^ZW->   -0.16016
|1^CS(3->0)>   -0.26409
|1^CS(2->0)>    0.07577
|1^CS(1->0)>    0.25384
|1^CS(3->0')>   -0.10797
|1^CS(2->0')>   -0.18533
|1^CS(1->0')>    0.10378
|1^SV(0->1')>    0.26679
|1^SV(0->2')>   -0.10290
|1^SV(0->3')>   -0.30506
|1^SV(0'->1')>    0.10907
|1^SV(0'->2')>    0.25169
|1^SV(0'->3')>   -0.12471
|1S^CV(3->1')>    0.07200
|1S^CV(3->2')>   -0.05157
|1S^CV(2->1')>    0.23209
|1S^CV(2->3')>   -0.05522
|1S^CV(1->2')>    0.24407
|1S^CV(1->3')>   -0.07587
|1T^CV(2->2')>    0.06079
|1^ZCV0(2->1')>    0.29749
|1^ZCV0(2->3')>   -0.10457
|1^ZCV0(1->3')>    0.05267
|1^ZCV0'(3->2')>    0.09821
|1^ZCV0'(1->2')>   -0.30769
|1^ZCV0'(1->3')>   -0.05267
|1^CSD_(3,2)>    0.13987
|1^CSD_(2,1)>   -0.18231
|1^SVD_(1',2')>   -0.22078
|1^SVD_(2',3')>    0.16796
TDMs with Triplet 'Ground' state
TDMX:0.000   TDMY:0.000   TDMZ:0.000   Oscillator Strength:0.00000   <S**2>: 0.000
--------------------------------------------------------------------
TDMs with Singlet 'Ground' state
TDMX:0.096   TDMY:0.000   TDMZ:0.000   Oscillator Strength:0.00115   <S**2>: 0.000
--------------------------------------------------------------------


State 27 5.900 eV 
Excitation    CI Coef
|1^ZW+>   -0.15243
|1^CS(3->0)>   -0.11299
|1^CS(2->0)>    0.48587
|1^CS(1->0)>    0.06959
|1^CS(3->0')>    0.27637
|1^CS(2->0')>    0.19864
|1^CS(1->0')>   -0.17023
|1^SV(0->1')>   -0.06959
|1^SV(0->2')>    0.48587
|1^SV(0->3')>    0.11299
|1^SV(0'->1')>    0.17023
|1^SV(0'->2')>    0.19864
|1^SV(0'->3')>   -0.27637
|1S^CV(2->1')>   -0.11007
|1S^CV(2->2')>    0.19398
|1S^CV(1->2')>    0.11007
|1T^CV(2->1')>   -0.08464
|1T^CV(1->2')>   -0.08464
|1^ZCV0(2->1')>    0.07641
|1^ZCV0(2->2')>    0.13972
|1^ZCV0(1->2')>   -0.07641
|1^ZCV0'(2->1')>   -0.07641
|1^ZCV0'(2->2')>   -0.13972
|1^ZCV0'(1->2')>    0.07641
|1^CSD_(3,1)>    0.10337
|1^CSD_(2,2)>   -0.07218
|1^SVD_(1',3')>    0.10337
|1^SVD_(2',2')>   -0.07218
TDMs with Triplet 'Ground' state
TDMX:0.000   TDMY:0.000   TDMZ:0.000   Oscillator Strength:0.00000   <S**2>: 0.000
--------------------------------------------------------------------
TDMs with Singlet 'Ground' state
TDMX:0.000   TDMY:0.000   TDMZ:-1.278   Oscillator Strength:0.21670   <S**2>: 0.000
--------------------------------------------------------------------


State 28 5.931 eV 
Excitation    CI Coef
|1^OS>   -0.15052
|1^ZW->    0.14777
|1^CS(3->0)>   -0.11735
|1^CS(2->0)>   -0.17080
|1^CS(1->0)>   -0.32841
|1^CS(2->0')>    0.41779
|1^CS(1->0')>   -0.13426
|1^SV(0->1')>    0.13213
|1^SV(0->2')>   -0.05036
|1^SV(0->3')>   -0.30804
|1^SV(0'->1')>    0.05402
|1^SV(0'->2')>    0.12319
|1^SV(0'->3')>   -0.12594
|1S^CV(3->1')>    0.06336
|1S^CV(3->2')>   -0.05085
|1S^CV(2->1')>   -0.17889
|1S^CV(2->2')>   -0.08216
|1S^CV(2->3')>   -0.07609
|1S^CV(1->1')>    0.07273
|1S^CV(1->2')>   -0.13808
|1S^CV(1->3')>   -0.06185
|1T^CV(3->1')>    0.09636
|1T^CV(1->1')>   -0.33166
|1T^CV(1->3')>    0.12437
|1^ZCV0(3->2')>   -0.05863
|1^ZCV0(2->1')>   -0.06679
|1^ZCV0(2->2')>    0.05703
|1^ZCV0(1->1')>   -0.05049
|1^ZCV0(1->2')>   -0.16119
|1^ZCV0'(2->1')>    0.19091
|1^ZCV0'(2->2')>   -0.05703
|1^ZCV0'(2->3')>    0.06248
|1^ZCV0'(1->1')>    0.05049
|1^CSD_(3,2)>   -0.11121
|1^CSD_(2,1)>   -0.16676
|1^SVD_(1',2')>   -0.32288
TDMs with Triplet 'Ground' state
TDMX:0.000   TDMY:0.000   TDMZ:0.000   Oscillator Strength:0.00000   <S**2>: 0.000
--------------------------------------------------------------------
TDMs with Singlet 'Ground' state
TDMX:0.190   TDMY:0.000   TDMZ:0.000   Oscillator Strength:0.00482   <S**2>: 0.000
--------------------------------------------------------------------


State 29 5.959 eV 
Excitation    CI Coef
|1^OS>    0.10152
|1^ZW->   -0.09966
|1^CS(3->0)>    0.30782
|1^CS(2->0)>   -0.10845
|1^CS(1->0)>   -0.25014
|1^CS(3->0')>    0.12585
|1^CS(2->0')>    0.26527
|1^CS(1->0')>   -0.10226
|1^SV(0->1')>    0.35371
|1^SV(0->2')>   -0.18320
|1^SV(0->3')>    0.06068
|1^SV(0'->1')>    0.14460
|1^SV(0'->2')>    0.44812
|1S^CV(3->1')>   -0.05163
|1S^CV(3->2')>    0.06843
|1S^CV(2->1')>    0.07741
|1S^CV(2->2')>   -0.11343
|1S^CV(1->1')>    0.09768
|1S^CV(1->2')>    0.12562
|1S^CV(1->3')>    0.05718
|1T^CV(3->1')>   -0.10585
|1T^CV(1->1')>    0.26827
|1T^CV(1->3')>   -0.07129
|1^ZCV0(2->2')>    0.07874
|1^ZCV0(1->1')>   -0.06781
|1^ZCV0(1->2')>    0.14737
|1^ZCV0'(3->2')>   -0.05172
|1^ZCV0'(2->1')>   -0.11259
|1^ZCV0'(2->2')>   -0.07874
|1^ZCV0'(1->1')>    0.06781
|1^CSD_(3,2)>   -0.05479
|1^CSD_(2,1)>    0.30505
|1^SVD_(1',2')>    0.08348
|1^SVD_(2',3')>    0.09738
TDMs with Triplet 'Ground' state
TDMX:0.000   TDMY:0.000   TDMZ:0.000   Oscillator Strength:0.00000   <S**2>: 0.000
--------------------------------------------------------------------
TDMs with Singlet 'Ground' state
TDMX:0.250   TDMY:0.000   TDMZ:0.000   Oscillator Strength:0.00838   <S**2>: 0.000
--------------------------------------------------------------------


State 30 5.980 eV 
Excitation    CI Coef
|3^CS(3->0)>    0.08470
|3^CS(2->0)>   -0.11670
|3^CS(3->0')>   -0.20718
|3^SV(0->2')>   -0.11670
|3^SV(0->3')>   -0.08470
|3^SV(0'->3')>   -0.20718
|3T^CV(2->1')>    0.31868
|3T^CV(1->2')>    0.31868
|3S^CV(3->1')>    0.08308
|3S^CV(3->3')>    0.09030
|3S^CV(2->2')>   -0.44954
|3S^CV(1->3')>    0.08308
|3X^CV(3->2')>   -0.20953
|3X^CV(2->1')>    0.21344
|3X^CV(2->3')>    0.20953
|3X^CV(1->2')>   -0.21344
|3^ZCV0(3->3')>    0.06504
|3^ZCV0(2->2')>   -0.32379
|3^ZCV0(1->3')>    0.08824
|3^ZCV0'(6->1')>   -0.08824
|3^ZCV0'(6->3')>   -0.06504
|3^ZCV0'(5->2')>    0.32379
|3^CSD(3,1)>   -0.05658
|3^SVD(1,3)>    0.05658
TDMs with Triplet 'Ground' state
TDMX:-0.000   TDMY:0.000   TDMZ:0.000   Oscillator Strength:0.00000   <S**2>: 2.000
--------------------------------------------------------------------
TDMs with Singlet 'Ground' state
TDMX:0.000   TDMY:0.000   TDMZ:0.000   Oscillator Strength:0.00000   <S**2>: 2.000
--------------------------------------------------------------------


State 31 6.090 eV 
Excitation    CI Coef
|5^CV(3->1')>    0.62306
|5^CV(2->2')>    0.38500
|5^CV(1->1')>    0.27414
|5^CV(1->3')>    0.62306
TDMs with Triplet 'Ground' state
TDMX:0.000   TDMY:0.000   TDMZ:0.000   Oscillator Strength:0.00000   <S**2>: 6.000
--------------------------------------------------------------------
TDMs with Singlet 'Ground' state
TDMX:0.000   TDMY:0.000   TDMZ:0.000   Oscillator Strength:0.00000   <S**2>: 6.000
--------------------------------------------------------------------


State 32 6.302 eV 
Excitation    CI Coef
|5^CV(3->2')>    0.65157
|5^CV(2->1')>    0.27468
|5^CV(2->3')>   -0.65157
|5^CV(1->2')>   -0.27468
TDMs with Triplet 'Ground' state
TDMX:0.000   TDMY:0.000   TDMZ:0.000   Oscillator Strength:0.00000   <S**2>: 6.000
--------------------------------------------------------------------
TDMs with Singlet 'Ground' state
TDMX:0.000   TDMY:0.000   TDMZ:0.000   Oscillator Strength:0.00000   <S**2>: 6.000
--------------------------------------------------------------------


State 33 6.400 eV 
Excitation    CI Coef
|1^OS>   -0.10702
|1^ZW->    0.10507
|1^CS(3->0)>   -0.13281
|1^CS(2->0)>   -0.11488
|1^CS(1->0)>   -0.06491
|1^CS(3->0')>   -0.05430
|1^CS(2->0')>    0.28101
|1^SV(0->1')>   -0.07322
|1^SV(0->2')>    0.12014
|1^SV(0->3')>   -0.12665
|1^SV(0'->2')>   -0.29387
|1^SV(0'->3')>   -0.05178
|1S^CV(3->2')>   -0.08003
|1S^CV(2->1')>    0.05029
|1S^CV(2->3')>   -0.07959
|1S^CV(1->2')>    0.05122
|1T^CV(3->1')>   -0.10000
|1T^CV(3->3')>    0.12008
|1T^CV(1->1')>    0.76719
|1T^CV(1->3')>   -0.10017
|1^ZCV0(3->2')>   -0.05109
|1^ZCV0(2->1')>    0.09140
|1^ZCV0(2->3')>   -0.06302
|1^ZCV0'(3->2')>    0.06420
|1^ZCV0'(2->3')>    0.05162
|1^ZCV0'(1->2')>   -0.09214
|1^CSD_(2,1)>   -0.17457
|1^SVD_(1',2')>   -0.15958
TDMs with Triplet 'Ground' state
TDMX:0.000   TDMY:0.000   TDMZ:0.000   Oscillator Strength:0.00000   <S**2>: 0.000
--------------------------------------------------------------------
TDMs with Singlet 'Ground' state
TDMX:-0.006   TDMY:0.000   TDMZ:0.000   Oscillator Strength:0.00001   <S**2>: 0.000
--------------------------------------------------------------------


State 34 6.479 eV 
Excitation    CI Coef
|3^CS(3->0)>   -0.24017
|3^CS(3->0')>    0.58746
|3^SV(0->3')>   -0.24017
|3^SV(0'->3')>   -0.58746
|3T^CV(2->1')>   -0.20374
|3T^CV(1->2')>    0.20374
|3S^CV(3->2')>    0.07936
|3S^CV(2->1')>   -0.07026
|3S^CV(2->3')>    0.07936
|3S^CV(1->2')>   -0.07026
|3X^CV(3->2')>    0.09097
|3X^CV(2->1')>   -0.05038
|3X^CV(2->3')>    0.09097
|3X^CV(1->2')>   -0.05038
|3^ZCV0(3->1')>    0.05162
|3^ZCV0(3->2')>   -0.05509
|3^ZCV0(2->2')>   -0.07499
|3^ZCV0(2->3')>   -0.05509
|3^ZCV0(1->1')>   -0.08996
|3^ZCV0'(6->2')>    0.05509
|3^ZCV0'(5->2')>   -0.07499
|3^ZCV0'(5->3')>    0.05509
|3^ZCV0'(4->1')>   -0.08996
|3^ZCV0'(4->3')>    0.05162
TDMs with Triplet 'Ground' state
TDMX:0.143   TDMY:0.000   TDMZ:-0.000   Oscillator Strength:0.00322   <S**2>: 2.000
--------------------------------------------------------------------
TDMs with Singlet 'Ground' state
TDMX:0.000   TDMY:0.000   TDMZ:0.000   Oscillator Strength:0.00000   <S**2>: 2.000
--------------------------------------------------------------------


State 35 6.484 eV 
Excitation    CI Coef
|3^CS(3->0)>    0.39308
|3^CS(1->0)>   -0.05563
|3^CS(3->0')>    0.16070
|3^CS(2->0')>    0.11055
|3^SV(0->1')>   -0.05563
|3^SV(0->3')>    0.39308
|3^SV(0'->2')>    0.11055
|3^SV(0'->3')>   -0.16070
|3T^CV(2->2')>    0.16178
|3T^CV(1->1')>    0.63725
|3S^CV(3->1')>    0.05959
|3S^CV(2->1')>   -0.16182
|3S^CV(1->2')>   -0.16182
|3S^CV(1->3')>   -0.05959
|3^ZCV0(3->2')>   -0.06471
|3^ZCV0(2->1')>   -0.18300
|3^ZCV0(1->2')>   -0.05011
|3^ZCV0'(5->1')>    0.05011
|3^ZCV0'(5->3')>    0.06471
|3^ZCV0'(4->2')>    0.18300
|3^CSD(3,2)>   -0.09179
|3^SVD(2,3)>    0.09179
TDMs with Triplet 'Ground' state
TDMX:-0.000   TDMY:0.000   TDMZ:-1.387   Oscillator Strength:0.30566   <S**2>: 2.000
--------------------------------------------------------------------
TDMs with Singlet 'Ground' state
TDMX:0.000   TDMY:0.000   TDMZ:0.000   Oscillator Strength:0.00000   <S**2>: 2.000
--------------------------------------------------------------------


State 36 6.535 eV 
Excitation    CI Coef
|3T^CV(2->1')>   -0.55595
|3T^CV(1->2')>   -0.55595
|3S^CV(3->1')>    0.20248
|3S^CV(3->2')>   -0.05471
|3S^CV(3->3')>    0.06396
|3S^CV(2->1')>   -0.08524
|3S^CV(2->2')>   -0.11146
|3S^CV(2->3')>    0.05471
|3S^CV(1->2')>    0.08524
|3S^CV(1->3')>    0.20248
|3X^CV(3->2')>   -0.22798
|3X^CV(2->3')>    0.22798
|3^ZCV0(3->1')>    0.10573
|3^ZCV0(2->1')>    0.05917
|3^ZCV0(2->2')>   -0.08028
|3^ZCV0(1->2')>   -0.05917
|3^ZCV0(1->3')>    0.18594
|3^ZCV0'(6->1')>   -0.18594
|3^ZCV0'(5->1')>   -0.05917
|3^ZCV0'(5->2')>    0.08028
|3^ZCV0'(4->2')>    0.05917
|3^ZCV0'(4->3')>   -0.10573
|3^CSD(3,1)>   -0.08360
|3^SVD(1,3)>    0.08360
TDMs with Triplet 'Ground' state
TDMX:-0.000   TDMY:0.000   TDMZ:-0.000   Oscillator Strength:0.00000   <S**2>: 2.000
--------------------------------------------------------------------
TDMs with Singlet 'Ground' state
TDMX:0.000   TDMY:0.000   TDMZ:0.000   Oscillator Strength:0.00000   <S**2>: 2.000
--------------------------------------------------------------------


State 37 6.602 eV 
Excitation    CI Coef
|3^OS>    0.11397
|3^CS(3->0)>    0.15535
|3^CS(1->0)>   -0.10147
|3^CS(3->0')>    0.06351
|3^CS(2->0')>   -0.07789
|3^SV(0->1')>    0.10147
|3^SV(0->3')>   -0.15535
|3^SV(0'->2')>    0.07789
|3^SV(0'->3')>    0.06351
|3T^CV(3->1')>   -0.05340
|3T^CV(1->3')>    0.05340
|3S^CV(3->1')>    0.12509
|3S^CV(3->2')>   -0.09054
|3S^CV(2->1')>    0.13261
|3S^CV(2->2')>    0.20836
|3S^CV(2->3')>    0.09054
|3S^CV(1->1')>   -0.10664
|3S^CV(1->2')>   -0.13261
|3S^CV(1->3')>    0.12509
|3X^CV(3->1')>    0.09260
|3X^CV(3->3')>    0.06328
|3X^CV(2->2')>   -0.34770
|3X^CV(1->1')>    0.14190
|3X^CV(1->3')>    0.09260
|3^ZCV0(3->1')>   -0.08684
|3^ZCV0(2->1')>    0.29540
|3^ZCV0(2->2')>   -0.14464
|3^ZCV0(2->3')>    0.12519
|3^ZCV0(1->1')>    0.07403
|3^ZCV0(1->2')>    0.10438
|3^ZCV0(1->3')>   -0.08684
|3^ZCV0'(6->1')>    0.08684
|3^ZCV0'(6->2')>    0.12519
|3^ZCV0'(5->1')>    0.10438
|3^ZCV0'(5->2')>    0.14464
|3^ZCV0'(4->1')>   -0.07403
|3^ZCV0'(4->2')>    0.29540
|3^ZCV0'(4->3')>    0.08684
|3^CSD(3,2)>   -0.13240
|3^CSD(2,1)>    0.34619
|3^SVD(1,2)>    0.34619
|3^SVD(2,3)>   -0.13240
TDMs with Triplet 'Ground' state
TDMX:0.000   TDMY:0.000   TDMZ:0.000   Oscillator Strength:0.00000   <S**2>: 2.000
--------------------------------------------------------------------
TDMs with Singlet 'Ground' state
TDMX:0.000   TDMY:0.000   TDMZ:0.000   Oscillator Strength:0.00000   <S**2>: 2.000
--------------------------------------------------------------------


State 38 6.673 eV 
Excitation    CI Coef
|1^OS>   -0.15856
|1^ZW->   -0.16151
|1^CS(2->0)>   -0.35568
|1^CS(3->0')>    0.05595
|1^CS(2->0')>   -0.14541
|1^SV(0->2')>    0.35568
|1^SV(0'->2')>    0.14541
|1^SV(0'->3')>    0.05595
|1S^CV(3->1')>   -0.16568
|1S^CV(2->1')>   -0.13897
|1S^CV(1->2')>   -0.13897
|1S^CV(1->3')>    0.16568
|1^ZCV0(3->1')>   -0.15892
|1^ZCV0(2->1')>    0.09647
|1^ZCV0(1->1')>   -0.25996
|1^ZCV0(1->2')>    0.09647
|1^ZCV0(1->3')>    0.07974
|1^ZCV0'(3->1')>    0.07974
|1^ZCV0'(2->1')>   -0.09647
|1^ZCV0'(1->1')>   -0.25996
|1^ZCV0'(1->2')>   -0.09647
|1^ZCV0'(1->3')>   -0.15892
|1^CSD_(3,3)>   -0.05110
|1^CSD_(2,2)>   -0.08875
|1^CSD_(1,1)>    0.37668
|1^SVD_(1',1')>   -0.37668
|1^SVD_(2',2')>    0.08875
|1^SVD_(3',3')>    0.05110
TDMs with Triplet 'Ground' state
TDMX:0.000   TDMY:0.000   TDMZ:0.000   Oscillator Strength:0.00000   <S**2>: 0.000
--------------------------------------------------------------------
TDMs with Singlet 'Ground' state
TDMX:-0.000   TDMY:0.000   TDMZ:-0.000   Oscillator Strength:0.00000   <S**2>: 0.000
--------------------------------------------------------------------


State 39 6.714 eV 
Excitation    CI Coef
|3^CS(3->0)>    0.43343
|3^CS(3->0')>    0.17720
|3^SV(0->3')>    0.43343
|3^SV(0'->3')>   -0.17720
|3T^CV(1->1')>   -0.58261
|3S^CV(3->2')>   -0.07969
|3S^CV(2->1')>    0.10417
|3S^CV(2->3')>   -0.07969
|3S^CV(1->2')>    0.10417
|3^ZCV0(2->3')>   -0.09033
|3^ZCV0(1->2')>    0.19670
|3^ZCV0'(6->2')>    0.09033
|3^ZCV0'(5->1')>   -0.19670
|3^CSD(2,1)>    0.18836
|3^SVD(1,2)>   -0.18836
TDMs with Triplet 'Ground' state
TDMX:0.000   TDMY:0.000   TDMZ:1.070   Oscillator Strength:0.18838   <S**2>: 2.000
--------------------------------------------------------------------
TDMs with Singlet 'Ground' state
TDMX:0.000   TDMY:0.000   TDMZ:0.000   Oscillator Strength:0.00000   <S**2>: 2.000
--------------------------------------------------------------------


State 40 6.854 eV 
Excitation    CI Coef
|3^CS(1->0)>   -0.14745
|3^CS(1->0')>   -0.06028
|3^SV(0->1')>    0.14745
|3^SV(0'->1')>   -0.06028
|3T^CV(3->1')>    0.08297
|3T^CV(1->3')>   -0.08297
|3S^CV(3->2')>   -0.12513
|3S^CV(3->3')>    0.08063
|3S^CV(2->1')>    0.06878
|3S^CV(2->2')>   -0.17903
|3S^CV(2->3')>    0.12513
|3S^CV(1->1')>    0.48357
|3S^CV(1->2')>   -0.06878
|3X^CV(3->1')>    0.18516
|3X^CV(2->2')>   -0.24887
|3X^CV(1->1')>   -0.38559
|3X^CV(1->3')>    0.18516
|3^ZCV0(3->2')>   -0.13075
|3^ZCV0(3->3')>   -0.05597
|3^ZCV0(2->1')>    0.08455
|3^ZCV0(2->2')>    0.12428
|3^ZCV0(1->1')>   -0.33569
|3^ZCV0'(6->3')>    0.05597
|3^ZCV0'(5->2')>   -0.12428
|3^ZCV0'(5->3')>   -0.13075
|3^ZCV0'(4->1')>    0.33569
|3^ZCV0'(4->2')>    0.08455
|3^CSD(3,2)>    0.06168
|3^CSD(2,1)>    0.05613
|3^SVD(1,2)>    0.05613
|3^SVD(2,3)>    0.06168
TDMs with Triplet 'Ground' state
TDMX:-0.000   TDMY:0.000   TDMZ:0.000   Oscillator Strength:0.00000   <S**2>: 2.000
--------------------------------------------------------------------
TDMs with Singlet 'Ground' state
TDMX:0.000   TDMY:0.000   TDMZ:0.000   Oscillator Strength:0.00000   <S**2>: 2.000
--------------------------------------------------------------------


State 41 6.985 eV 
Excitation    CI Coef
|1^OS>    0.06640
|1^ZW->    0.06763
|1^CS(3->0)>    0.06119
|1^CS(2->0)>    0.28035
|1^CS(3->0')>   -0.14967
|1^CS(2->0')>    0.11461
|1^CS(1->0')>   -0.11133
|1^SV(0->2')>   -0.28035
|1^SV(0->3')>    0.06119
|1^SV(0'->1')>   -0.11133
|1^SV(0'->2')>   -0.11461
|1^SV(0'->3')>   -0.14967
|1S^CV(3->1')>   -0.14381
|1S^CV(3->2')>    0.12541
|1S^CV(2->3')>    0.12541
|1S^CV(1->3')>    0.14381
|1T^CV(3->2')>   -0.10637
|1T^CV(2->3')>    0.10637
|1^ZCV0(3->1')>   -0.10267
|1^ZCV0(3->2')>   -0.08706
|1^ZCV0(3->3')>    0.09515
|1^ZCV0(2->2')>    0.21734
|1^ZCV0(2->3')>   -0.08706
|1^ZCV0(1->1')>   -0.18482
|1^ZCV0(1->3')>    0.10450
|1^ZCV0'(3->1')>    0.10450
|1^ZCV0'(3->2')>    0.08706
|1^ZCV0'(3->3')>    0.09515
|1^ZCV0'(2->2')>    0.21734
|1^ZCV0'(2->3')>    0.08706
|1^ZCV0'(1->1')>   -0.18482
|1^ZCV0'(1->3')>   -0.10267
|1^CSD_(3,3)>   -0.18155
|1^CSD_(2,2)>    0.32589
|1^CSD_(1,1)>    0.21101
|1^SVD_(1',1')>   -0.21101
|1^SVD_(2',2')>   -0.32589
|1^SVD_(3',3')>    0.18155
TDMs with Triplet 'Ground' state
TDMX:0.000   TDMY:0.000   TDMZ:0.000   Oscillator Strength:0.00000   <S**2>: 0.000
--------------------------------------------------------------------
TDMs with Singlet 'Ground' state
TDMX:-0.000   TDMY:0.000   TDMZ:0.000   Oscillator Strength:0.00000   <S**2>: 0.000
--------------------------------------------------------------------


State 42 6.989 eV 
Excitation    CI Coef
|1^ZW+>    0.15996
|1^CS(3->0)>   -0.09626
|1^CS(2->0)>   -0.11293
|1^CS(3->0')>    0.23544
|1^SV(0->2')>   -0.11293
|1^SV(0->3')>    0.09626
|1^SV(0'->3')>   -0.23544
|1S^CV(3->2')>   -0.06566
|1S^CV(2->1')>    0.09089
|1S^CV(2->3')>    0.06566
|1S^CV(1->1')>    0.48204
|1S^CV(1->2')>   -0.09089
|1T^CV(3->2')>    0.06134
|1T^CV(2->1')>    0.27909
|1T^CV(2->3')>    0.06134
|1T^CV(1->2')>    0.27909
|1^ZCV0(3->1')>    0.11217
|1^ZCV0(2->1')>   -0.06309
|1^ZCV0(1->1')>    0.34720
|1^ZCV0(1->2')>    0.06309
|1^ZCV0'(2->1')>    0.06309
|1^ZCV0'(1->1')>   -0.34720
|1^ZCV0'(1->2')>   -0.06309
|1^ZCV0'(1->3')>   -0.11217
|1^CSD_(3,1)>    0.12407
|1^CSD_(2,2)>   -0.11656
|1^CSD_(1,1)>    0.13029
|1^SVD_(1',1')>    0.13029
|1^SVD_(1',3')>    0.12407
|1^SVD_(2',2')>   -0.11656
TDMs with Triplet 'Ground' state
TDMX:0.000   TDMY:0.000   TDMZ:0.000   Oscillator Strength:0.00000   <S**2>: 0.000
--------------------------------------------------------------------
TDMs with Singlet 'Ground' state
TDMX:-0.000   TDMY:0.000   TDMZ:-1.280   Oscillator Strength:0.26133   <S**2>: 0.000
--------------------------------------------------------------------


State 43 7.029 eV 
Excitation    CI Coef
|3^CS(3->0')>   -0.05290
|3^CS(1->0')>    0.05465
|3^SV(0'->1')>   -0.05465
|3^SV(0'->3')>    0.05290
|3S^CV(3->1')>   -0.15503
|3S^CV(2->1')>   -0.08701
|3S^CV(1->2')>   -0.08701
|3S^CV(1->3')>    0.15503
|3^ZCV0(3->1')>   -0.05720
|3^ZCV0(3->3')>   -0.08670
|3^ZCV0(2->1')>    0.06040
|3^ZCV0(2->2')>    0.14189
|3^ZCV0(1->1')>   -0.62206
|3^ZCV0(1->2')>    0.06040
|3^ZCV0(1->3')>    0.16612
|3^ZCV0'(6->1')>    0.16612
|3^ZCV0'(6->3')>   -0.08670
|3^ZCV0'(5->1')>   -0.06040
|3^ZCV0'(5->2')>    0.14189
|3^ZCV0'(4->1')>   -0.62206
|3^ZCV0'(4->2')>   -0.06040
|3^ZCV0'(4->3')>   -0.05720
|3^CSD(3,1)>    0.05860
|3^SVD(1,3)>    0.05860
TDMs with Triplet 'Ground' state
TDMX:-0.002   TDMY:0.000   TDMZ:-0.000   Oscillator Strength:0.00000   <S**2>: 2.000
--------------------------------------------------------------------
TDMs with Singlet 'Ground' state
TDMX:0.000   TDMY:0.000   TDMZ:0.000   Oscillator Strength:0.00000   <S**2>: 2.000
--------------------------------------------------------------------


State 44 7.038 eV 
Excitation    CI Coef
|1^CS(3->0)>    0.44820
|1^CS(2->0)>    0.07935
|1^CS(1->0)>    0.12530
|1^CS(3->0')>    0.18323
|1^CS(2->0')>   -0.19409
|1^CS(1->0')>    0.05123
|1^SV(0->1')>   -0.13922
|1^SV(0->2')>    0.08547
|1^SV(0->3')>   -0.43666
|1^SV(0'->1')>   -0.05691
|1^SV(0'->2')>   -0.20907
|1^SV(0'->3')>   -0.17851
|1S^CV(3->3')>   -0.06195
|1S^CV(2->1')>   -0.09252
|1S^CV(1->1')>    0.13885
|1S^CV(1->2')>    0.07396
|1T^CV(3->1')>   -0.11603
|1T^CV(1->3')>    0.11336
|1^ZCV0(2->3')>   -0.05190
|1^ZCV0(1->1')>   -0.09639
|1^ZCV0(1->2')>    0.11534
|1^ZCV0'(3->2')>   -0.05064
|1^ZCV0'(2->1')>    0.11838
|1^ZCV0'(1->1')>    0.09639
|1^CSD_(2,1)>    0.37798
|1^SVD_(1',2')>   -0.37035
|1^SVD_(2',3')>    0.06077
TDMs with Triplet 'Ground' state
TDMX:0.000   TDMY:0.000   TDMZ:0.000   Oscillator Strength:0.00000   <S**2>: 0.000
--------------------------------------------------------------------
TDMs with Singlet 'Ground' state
TDMX:-0.069   TDMY:0.000   TDMZ:0.000   Oscillator Strength:0.00077   <S**2>: 0.000
--------------------------------------------------------------------


State 45 7.165 eV 
Excitation    CI Coef
|3^CS(3->0')>   -0.05371
|3^CS(1->0')>    0.07193
|3^SV(0'->1')>    0.07193
|3^SV(0'->3')>   -0.05371
|3T^CV(3->2')>   -0.15058
|3T^CV(2->3')>   -0.15058
|3S^CV(3->1')>    0.23962
|3S^CV(3->3')>   -0.11609
|3S^CV(2->1')>    0.32698
|3S^CV(2->2')>    0.10680
|3S^CV(1->1')>   -0.07320
|3S^CV(1->2')>   -0.32698
|3S^CV(1->3')>    0.23962
|3X^CV(2->1')>    0.23490
|3X^CV(1->2')>   -0.23490
|3^ZCV0(3->1')>    0.29044
|3^ZCV0(3->3')>   -0.08361
|3^ZCV0(2->1')>   -0.22699
|3^ZCV0(2->2')>    0.07693
|3^ZCV0(1->1')>   -0.05273
|3^ZCV0(1->2')>    0.22699
|3^ZCV0(1->3')>    0.05473
|3^ZCV0'(6->1')>   -0.05473
|3^ZCV0'(6->3')>    0.08361
|3^ZCV0'(5->1')>    0.22699
|3^ZCV0'(5->2')>   -0.07693
|3^ZCV0'(4->1')>    0.05273
|3^ZCV0'(4->2')>   -0.22699
|3^ZCV0'(4->3')>   -0.29044
|3^CSD(3,1)>    0.16007
|3^SVD(1,3)>   -0.16007
TDMs with Triplet 'Ground' state
TDMX:-0.000   TDMY:0.000   TDMZ:0.000   Oscillator Strength:0.00000   <S**2>: 2.000
--------------------------------------------------------------------
TDMs with Singlet 'Ground' state
TDMX:0.000   TDMY:0.000   TDMZ:0.000   Oscillator Strength:0.00000   <S**2>: 2.000
--------------------------------------------------------------------


State 46 7.336 eV 
Excitation    CI Coef
|1^CS(3->0)>   -0.16736
|1^CS(2->0)>   -0.17820
|1^CS(3->0')>    0.40936
|1^CS(2->0')>   -0.07285
|1^CS(1->0')>    0.10184
|1^SV(0->2')>   -0.17820
|1^SV(0->3')>    0.16736
|1^SV(0'->1')>   -0.10184
|1^SV(0'->2')>   -0.07285
|1^SV(0'->3')>   -0.40936
|1S^CV(3->2')>   -0.07265
|1S^CV(2->2')>   -0.19602
|1S^CV(2->3')>    0.07265
|1S^CV(1->1')>   -0.31874
|1T^CV(2->1')>   -0.07518
|1T^CV(1->2')>   -0.07518
|1^ZCV0(3->1')>   -0.09684
|1^ZCV0(3->2')>    0.05043
|1^ZCV0(2->2')>   -0.14119
|1^ZCV0(2->3')>   -0.05043
|1^ZCV0(1->1')>   -0.22958
|1^ZCV0(1->3')>    0.06635
|1^ZCV0'(3->1')>   -0.06635
|1^ZCV0'(3->2')>   -0.05043
|1^ZCV0'(2->2')>    0.14119
|1^ZCV0'(2->3')>    0.05043
|1^ZCV0'(1->1')>    0.22958
|1^ZCV0'(1->3')>    0.09684
|1^CSD_(3,3)>    0.08722
|1^CSD_(2,2)>   -0.24488
|1^CSD_(1,1)>    0.10525
|1^SVD_(1',1')>    0.10525
|1^SVD_(2',2')>   -0.24488
|1^SVD_(3',3')>    0.08722
TDMs with Triplet 'Ground' state
TDMX:0.000   TDMY:0.000   TDMZ:0.000   Oscillator Strength:0.00000   <S**2>: 0.000
--------------------------------------------------------------------
TDMs with Singlet 'Ground' state
TDMX:-0.000   TDMY:0.000   TDMZ:1.042   Oscillator Strength:0.18239   <S**2>: 0.000
--------------------------------------------------------------------


State 47 7.395 eV 
Excitation    CI Coef
|3^CS(3->0)>    0.08171
|3^CS(2->0)>   -0.05241
|3^CS(3->0')>   -0.19987
|3^CS(1->0')>    0.09099
|3^SV(0->2')>    0.05241
|3^SV(0->3')>    0.08171
|3^SV(0'->1')>   -0.09099
|3^SV(0'->3')>    0.19987
|3T^CV(2->1')>   -0.62082
|3T^CV(1->2')>    0.62082
|3X^CV(2->1')>   -0.21266
|3X^CV(1->2')>   -0.21266
TDMs with Triplet 'Ground' state
TDMX:0.876   TDMY:0.000   TDMZ:0.000   Oscillator Strength:0.13895   <S**2>: 2.000
--------------------------------------------------------------------
TDMs with Singlet 'Ground' state
TDMX:0.000   TDMY:0.000   TDMZ:0.000   Oscillator Strength:0.00000   <S**2>: 2.000
--------------------------------------------------------------------


State 48 7.403 eV 
Excitation    CI Coef
|1^OS>    0.19430
|1^ZW->   -0.19075
|1^CS(2->0)>    0.06003
|1^CS(1->0)>    0.14248
|1^CS(2->0')>   -0.14683
|1^CS(1->0')>    0.05825
|1^SV(0->1')>    0.14156
|1^SV(0->2')>   -0.05886
|1^SV(0->3')>    0.05407
|1^SV(0'->1')>    0.05787
|1^SV(0'->2')>    0.14398
|1S^CV(3->2')>   -0.06732
|1S^CV(2->1')>   -0.26691
|1S^CV(2->3')>   -0.06690
|1S^CV(1->2')>   -0.26205
|1T^CV(3->1')>   -0.15492
|1T^CV(3->3')>    0.17118
|1T^CV(2->2')>   -0.59576
|1T^CV(1->1')>    0.13219
|1T^CV(1->3')>   -0.15468
|1^ZCV0(3->2')>   -0.08571
|1^ZCV0(2->1')>   -0.10760
|1^ZCV0(1->2')>   -0.27408
|1^ZCV0'(2->1')>    0.27689
|1^ZCV0'(2->3')>    0.08718
|1^ZCV0'(1->2')>    0.10341
|1^CSD_(2,1)>   -0.13222
|1^SVD_(1',2')>   -0.12015
TDMs with Triplet 'Ground' state
TDMX:0.000   TDMY:0.000   TDMZ:0.000   Oscillator Strength:0.00000   <S**2>: 0.000
--------------------------------------------------------------------
TDMs with Singlet 'Ground' state
TDMX:0.003   TDMY:0.000   TDMZ:0.000   Oscillator Strength:0.00000   <S**2>: 0.000
--------------------------------------------------------------------


State 49 7.406 eV 
Excitation    CI Coef
|3^CS(3->0)>    0.07574
|3^CS(1->0)>    0.16548
|3^CS(1->0')>    0.06765
|3^SV(0->1')>    0.16548
|3^SV(0->3')>    0.07574
|3^SV(0'->1')>   -0.06765
|3T^CV(3->1')>   -0.05399
|3T^CV(2->2')>   -0.52988
|3T^CV(1->1')>    0.39651
|3T^CV(1->3')>   -0.05399
|3S^CV(2->1')>    0.30486
|3S^CV(1->2')>    0.30486
|3X^CV(3->1')>    0.10600
|3X^CV(1->3')>   -0.10600
|3^ZCV0(3->2')>    0.10757
|3^ZCV0(2->1')>    0.20072
|3^ZCV0(2->3')>   -0.10776
|3^ZCV0(1->2')>    0.23844
|3^ZCV0'(6->2')>    0.10776
|3^ZCV0'(5->1')>   -0.23844
|3^ZCV0'(5->3')>   -0.10757
|3^ZCV0'(4->2')>   -0.20072
|3^CSD(3,2)>    0.05881
|3^CSD(2,1)>    0.09864
|3^SVD(1,2)>   -0.09864
|3^SVD(2,3)>   -0.05881
TDMs with Triplet 'Ground' state
TDMX:0.000   TDMY:0.000   TDMZ:-0.332   Oscillator Strength:0.02001   <S**2>: 2.000
--------------------------------------------------------------------
TDMs with Singlet 'Ground' state
TDMX:0.000   TDMY:0.000   TDMZ:0.000   Oscillator Strength:0.00000   <S**2>: 2.000
--------------------------------------------------------------------


State 50 7.641 eV 
Excitation    CI Coef
|3^CS(1->0')>    0.11746
|3^SV(0'->1')>   -0.11746
|3T^CV(3->2')>   -0.10122
|3T^CV(2->1')>    0.13320
|3T^CV(2->3')>    0.10122
|3T^CV(1->2')>   -0.13320
|3S^CV(3->1')>   -0.10189
|3S^CV(2->1')>   -0.28951
|3S^CV(1->2')>   -0.28951
|3S^CV(1->3')>    0.10189
|3X^CV(3->2')>    0.10196
|3X^CV(2->1')>   -0.36933
|3X^CV(2->3')>    0.10196
|3X^CV(1->2')>   -0.36933
|3^ZCV0(3->1')>   -0.20505
|3^ZCV0(3->3')>    0.07910
|3^ZCV0(2->1')>    0.20097
|3^ZCV0(2->2')>   -0.27098
|3^ZCV0(1->1')>    0.05136
|3^ZCV0(1->2')>    0.20097
|3^ZCV0(1->3')>   -0.05827
|3^ZCV0'(6->1')>   -0.05827
|3^ZCV0'(6->3')>    0.07910
|3^ZCV0'(5->1')>   -0.20097
|3^ZCV0'(5->2')>   -0.27098
|3^ZCV0'(4->1')>    0.05136
|3^ZCV0'(4->2')>   -0.20097
|3^ZCV0'(4->3')>   -0.20505
TDMs with Triplet 'Ground' state
TDMX:0.122   TDMY:0.000   TDMZ:0.000   Oscillator Strength:0.00279   <S**2>: 2.000
--------------------------------------------------------------------
TDMs with Singlet 'Ground' state
TDMX:0.000   TDMY:0.000   TDMZ:0.000   Oscillator Strength:0.00000   <S**2>: 2.000
--------------------------------------------------------------------


State 51 7.676 eV 
Excitation    CI Coef
|5^CV(3->1')>    0.70711
|5^CV(1->3')>   -0.70711
TDMs with Triplet 'Ground' state
TDMX:0.000   TDMY:0.000   TDMZ:0.000   Oscillator Strength:0.00000   <S**2>: 6.000
--------------------------------------------------------------------
TDMs with Singlet 'Ground' state
TDMX:0.000   TDMY:0.000   TDMZ:0.000   Oscillator Strength:0.00000   <S**2>: 6.000
--------------------------------------------------------------------


State 52 7.728 eV 
Excitation    CI Coef
|3^OS>    0.07337
|3^CS(3->0)>   -0.12381
|3^CS(1->0)>    0.13292
|3^CS(3->0')>   -0.05062
|3^CS(2->0')>   -0.10429
|3^CS(1->0')>    0.05434
|3^SV(0->1')>   -0.13292
|3^SV(0->3')>    0.12381
|3^SV(0'->1')>    0.05434
|3^SV(0'->2')>    0.10429
|3^SV(0'->3')>   -0.05062
|3T^CV(3->1')>    0.11542
|3T^CV(1->3')>   -0.11542
|3S^CV(3->1')>   -0.19472
|3S^CV(3->2')>   -0.06630
|3S^CV(3->3')>   -0.08308
|3S^CV(2->1')>   -0.17880
|3S^CV(2->2')>    0.36506
|3S^CV(2->3')>    0.06630
|3S^CV(1->2')>    0.17880
|3S^CV(1->3')>   -0.19472
|3X^CV(3->1')>    0.09705
|3X^CV(3->3')>    0.19663
|3X^CV(2->2')>   -0.37013
|3X^CV(1->1')>   -0.09584
|3X^CV(1->3')>    0.09705
|3^ZCV0(3->1')>    0.13517
|3^ZCV0(3->3')>    0.05767
|3^ZCV0(2->1')>   -0.20882
|3^ZCV0(2->2')>   -0.25342
|3^ZCV0(2->3')>    0.14056
|3^ZCV0(1->3')>    0.13517
|3^ZCV0'(6->1')>   -0.13517
|3^ZCV0'(6->2')>    0.14056
|3^ZCV0'(6->3')>   -0.05767
|3^ZCV0'(5->2')>    0.25342
|3^ZCV0'(4->2')>   -0.20882
|3^ZCV0'(4->3')>   -0.13517
|3^CSD(3,2)>   -0.09352
|3^CSD(2,1)>   -0.06345
|3^SVD(1,2)>   -0.06345
|3^SVD(2,3)>   -0.09352
TDMs with Triplet 'Ground' state
TDMX:0.000   TDMY:0.000   TDMZ:0.000   Oscillator Strength:0.00000   <S**2>: 2.000
--------------------------------------------------------------------
TDMs with Singlet 'Ground' state
TDMX:0.000   TDMY:0.000   TDMZ:0.000   Oscillator Strength:0.00000   <S**2>: 2.000
--------------------------------------------------------------------


State 53 7.795 eV 
Excitation    CI Coef
|3^CS(3->0)>    0.05423
|3^CS(2->0)>    0.05632
|3^CS(3->0')>   -0.13266
|3^SV(0->2')>    0.05632
|3^SV(0->3')>   -0.05423
|3^SV(0'->3')>   -0.13266
|3S^CV(3->1')>   -0.19155
|3S^CV(3->2')>    0.06469
|3S^CV(3->3')>   -0.10082
|3S^CV(2->1')>   -0.07240
|3S^CV(2->2')>    0.29868
|3S^CV(2->3')>   -0.06469
|3S^CV(1->1')>   -0.08305
|3S^CV(1->2')>    0.07240
|3S^CV(1->3')>   -0.19155
|3X^CV(3->2')>   -0.27222
|3X^CV(2->1')>    0.44048
|3X^CV(2->3')>    0.27222
|3X^CV(1->2')>   -0.44048
|3^ZCV0(3->1')>   -0.16757
|3^ZCV0(3->3')>   -0.07262
|3^ZCV0(2->1')>    0.05026
|3^ZCV0(2->2')>    0.21513
|3^ZCV0(1->1')>   -0.05982
|3^ZCV0(1->2')>   -0.05026
|3^ZCV0(1->3')>   -0.10837
|3^ZCV0'(6->1')>    0.10837
|3^ZCV0'(6->3')>    0.07262
|3^ZCV0'(5->1')>   -0.05026
|3^ZCV0'(5->2')>   -0.21513
|3^ZCV0'(4->1')>    0.05982
|3^ZCV0'(4->2')>    0.05026
|3^ZCV0'(4->3')>    0.16757
TDMs with Triplet 'Ground' state
TDMX:-0.000   TDMY:0.000   TDMZ:-0.000   Oscillator Strength:0.00000   <S**2>: 2.000
--------------------------------------------------------------------
TDMs with Singlet 'Ground' state
TDMX:0.000   TDMY:0.000   TDMZ:0.000   Oscillator Strength:0.00000   <S**2>: 2.000
--------------------------------------------------------------------


State 54 7.799 eV 
Excitation    CI Coef
|1^OS>   -0.10073
|1^ZW->   -0.10261
|1^CS(3->0)>    0.13253
|1^CS(2->0)>    0.14751
|1^CS(1->0)>    0.12088
|1^CS(3->0')>   -0.32417
|1^CS(2->0')>    0.06030
|1^CS(1->0')>   -0.29569
|1^SV(0->1')>    0.12088
|1^SV(0->2')>   -0.14751
|1^SV(0->3')>    0.13253
|1^SV(0'->1')>   -0.29569
|1^SV(0'->2')>   -0.06030
|1^SV(0'->3')>   -0.32417
|1S^CV(2->1')>   -0.14648
|1S^CV(1->2')>   -0.14648
|1T^CV(2->1')>   -0.32552
|1T^CV(1->2')>    0.32552
|1^ZCV0(2->1')>    0.10169
|1^ZCV0(2->2')>   -0.18409
|1^ZCV0(1->1')>    0.05055
|1^ZCV0(1->2')>    0.10169
|1^ZCV0'(2->1')>   -0.10169
|1^ZCV0'(2->2')>   -0.18409
|1^ZCV0'(1->1')>    0.05055
|1^ZCV0'(1->2')>   -0.10169
|1^CSD_(2,2)>   -0.21535
|1^SVD_(2',2')>    0.21535
TDMs with Triplet 'Ground' state
TDMX:0.000   TDMY:0.000   TDMZ:0.000   Oscillator Strength:0.00000   <S**2>: 0.000
--------------------------------------------------------------------
TDMs with Singlet 'Ground' state
TDMX:-0.000   TDMY:0.000   TDMZ:0.000   Oscillator Strength:0.00000   <S**2>: 0.000
--------------------------------------------------------------------


State 55 7.807 eV 
Excitation    CI Coef
|3^CS(3->0)>    0.15797
|3^CS(1->0)>    0.06705
|3^CS(3->0')>    0.06458
|3^CS(2->0')>    0.07936
|3^SV(0->1')>    0.06705
|3^SV(0->3')>    0.15797
|3^SV(0'->2')>    0.07936
|3^SV(0'->3')>   -0.06458
|3T^CV(3->1')>   -0.05118
|3T^CV(2->2')>   -0.46385
|3T^CV(1->1')>   -0.19930
|3T^CV(1->3')>   -0.05118
|3S^CV(3->2')>    0.10715
|3S^CV(2->1')>   -0.09506
|3S^CV(2->3')>    0.10715
|3S^CV(1->2')>   -0.09506
|3X^CV(3->1')>   -0.06703
|3X^CV(1->3')>    0.06703
|3^ZCV0(3->2')>    0.07855
|3^ZCV0(2->1')>   -0.10421
|3^ZCV0(2->3')>    0.07580
|3^ZCV0'(6->2')>   -0.07580
|3^ZCV0'(5->3')>   -0.07855
|3^ZCV0'(4->2')>    0.10421
|3^CSD(2,1)>   -0.52687
|3^SVD(1,2)>    0.52687
TDMs with Triplet 'Ground' state
TDMX:-0.000   TDMY:0.000   TDMZ:0.404   Oscillator Strength:0.03116   <S**2>: 2.000
--------------------------------------------------------------------
TDMs with Singlet 'Ground' state
TDMX:0.000   TDMY:0.000   TDMZ:0.000   Oscillator Strength:0.00000   <S**2>: 2.000
--------------------------------------------------------------------


State 56 7.950 eV 
Excitation    CI Coef
|1^CS(3->0)>    0.12358
|1^CS(3->0')>    0.05052
|1^SV(0->3')>   -0.13719
|1^SV(0'->3')>   -0.05609
|1S^CV(3->2')>    0.05247
|1S^CV(2->1')>    0.41858
|1S^CV(2->2')>   -0.17284
|1S^CV(2->3')>   -0.05661
|1S^CV(1->1')>   -0.14717
|1S^CV(1->2')>   -0.42793
|1T^CV(3->1')>    0.13234
|1T^CV(1->3')>   -0.13211
|1^ZCV0(3->2')>   -0.07976
|1^ZCV0(2->1')>    0.29136
|1^ZCV0(2->2')>    0.11998
|1^ZCV0(2->3')>   -0.16146
|1^ZCV0(1->1')>    0.10217
|1^ZCV0(1->2')>   -0.31666
|1^ZCV0'(3->2')>   -0.15534
|1^ZCV0'(2->1')>   -0.31162
|1^ZCV0'(2->2')>   -0.11998
|1^ZCV0'(2->3')>   -0.07990
|1^ZCV0'(1->1')>   -0.10217
|1^ZCV0'(1->2')>    0.29978
|1^CSD_(3,2)>    0.07107
|1^CSD_(2,1)>    0.07498
|1^SVD_(1',2')>   -0.06794
|1^SVD_(2',3')>   -0.05906
TDMs with Triplet 'Ground' state
TDMX:0.000   TDMY:0.000   TDMZ:0.000   Oscillator Strength:0.00000   <S**2>: 0.000
--------------------------------------------------------------------
TDMs with Singlet 'Ground' state
TDMX:-0.898   TDMY:0.000   TDMZ:-0.000   Oscillator Strength:0.14763   <S**2>: 0.000
--------------------------------------------------------------------


State 57 7.974 eV 
Excitation    CI Coef
|3^CS(2->0)>   -0.09019
|3^CS(3->0')>    0.06896
|3^SV(0->2')>    0.09019
|3^SV(0'->3')>   -0.06896
|3T^CV(3->2')>    0.07332
|3T^CV(2->1')>    0.20223
|3T^CV(2->3')>   -0.07332
|3T^CV(1->2')>   -0.20223
|3S^CV(3->1')>   -0.07585
|3S^CV(3->2')>    0.11473
|3S^CV(2->1')>    0.22663
|3S^CV(2->3')>    0.11473
|3S^CV(1->2')>    0.22663
|3S^CV(1->3')>    0.07585
|3X^CV(2->1')>   -0.48794
|3X^CV(1->2')>   -0.48794
|3^ZCV0(3->1')>    0.07675
|3^ZCV0(3->2')>   -0.07964
|3^ZCV0(2->1')>   -0.15733
|3^ZCV0(2->2')>    0.15642
|3^ZCV0(2->3')>   -0.07964
|3^ZCV0(1->2')>   -0.15733
|3^ZCV0(1->3')>    0.18601
|3^ZCV0'(6->1')>    0.18601
|3^ZCV0'(6->2')>    0.07964
|3^ZCV0'(5->1')>    0.15733
|3^ZCV0'(5->2')>    0.15642
|3^ZCV0'(5->3')>    0.07964
|3^ZCV0'(4->2')>    0.15733
|3^ZCV0'(4->3')>    0.07675
TDMs with Triplet 'Ground' state
TDMX:-0.346   TDMY:0.000   TDMZ:-0.000   Oscillator Strength:0.02334   <S**2>: 2.000
--------------------------------------------------------------------
TDMs with Singlet 'Ground' state
TDMX:0.000   TDMY:0.000   TDMZ:0.000   Oscillator Strength:0.00000   <S**2>: 2.000
--------------------------------------------------------------------


State 58 8.099 eV 
Excitation    CI Coef
|1^CS(3->0)>   -0.07436
|1^CS(2->0)>   -0.08978
|1^CS(3->0')>    0.18189
|1^SV(0->2')>   -0.08978
|1^SV(0->3')>    0.07436
|1^SV(0'->3')>   -0.18189
|1S^CV(3->1')>   -0.05576
|1S^CV(3->2')>   -0.10775
|1S^CV(2->2')>    0.32529
|1S^CV(2->3')>    0.10775
|1S^CV(1->1')>   -0.11795
|1S^CV(1->3')>   -0.05576
|1T^CV(2->1')>    0.30937
|1T^CV(1->2')>    0.30937
|1^ZCV0(3->1')>   -0.10825
|1^ZCV0(3->2')>    0.07480
|1^ZCV0(2->2')>    0.23429
|1^ZCV0(2->3')>   -0.07480
|1^ZCV0(1->1')>   -0.08495
|1^ZCV0'(3->2')>   -0.07480
|1^ZCV0'(2->2')>   -0.23429
|1^ZCV0'(2->3')>    0.07480
|1^ZCV0'(1->1')>    0.08495
|1^ZCV0'(1->3')>    0.10825
|1^CSD_(3,1)>   -0.15842
|1^CSD_(2,2)>    0.22401
|1^CSD_(1,1)>   -0.33377
|1^SVD_(1',1')>   -0.33377
|1^SVD_(1',3')>   -0.15842
|1^SVD_(2',2')>    0.22401
TDMs with Triplet 'Ground' state
TDMX:0.000   TDMY:0.000   TDMZ:0.000   Oscillator Strength:0.00000   <S**2>: 0.000
--------------------------------------------------------------------
TDMs with Singlet 'Ground' state
TDMX:-0.000   TDMY:0.000   TDMZ:0.110   Oscillator Strength:0.00227   <S**2>: 0.000
--------------------------------------------------------------------


State 59 8.101 eV 
Excitation    CI Coef
|3^CS(1->0)>    0.08505
|3^SV(0->1')>    0.08505
|3T^CV(2->2')>    0.64923
|3T^CV(1->1')>    0.06956
|3S^CV(2->1')>    0.19698
|3S^CV(1->2')>    0.19698
|3X^CV(3->1')>    0.10026
|3X^CV(1->3')>   -0.10026
|3^ZCV0(3->2')>    0.10575
|3^ZCV0(2->1')>    0.10199
|3^ZCV0(2->3')>   -0.12345
|3^ZCV0(1->2')>    0.18176
|3^ZCV0'(6->2')>    0.12345
|3^ZCV0'(5->1')>   -0.18176
|3^ZCV0'(5->3')>   -0.10575
|3^ZCV0'(4->2')>   -0.10199
|3^CSD(3,2)>    0.17281
|3^CSD(2,1)>   -0.34989
|3^SVD(1,2)>    0.34989
|3^SVD(2,3)>   -0.17281
TDMs with Triplet 'Ground' state
TDMX:0.000   TDMY:0.000   TDMZ:-0.237   Oscillator Strength:0.01116   <S**2>: 2.000
--------------------------------------------------------------------
TDMs with Singlet 'Ground' state
TDMX:0.000   TDMY:0.000   TDMZ:0.000   Oscillator Strength:0.00000   <S**2>: 2.000
--------------------------------------------------------------------


State 60 8.168 eV 
Excitation    CI Coef
|3^CS(3->0)>   -0.13038
|3^CS(1->0)>   -0.05728
|3^CS(3->0')>   -0.05330
|3^CS(2->0')>    0.05671
|3^SV(0->1')>   -0.05728
|3^SV(0->3')>   -0.13038
|3^SV(0'->2')>    0.05671
|3^SV(0'->3')>    0.05330
|3T^CV(3->1')>   -0.06262
|3T^CV(1->1')>    0.09150
|3T^CV(1->3')>   -0.06262
|3S^CV(3->1')>   -0.16263
|3S^CV(3->2')>    0.17450
|3S^CV(2->3')>    0.17450
|3S^CV(1->3')>    0.16263
|3^ZCV0(3->1')>    0.11289
|3^ZCV0(3->2')>    0.17392
|3^ZCV0(2->1')>   -0.42817
|3^ZCV0(2->3')>    0.07745
|3^ZCV0(1->2')>    0.39156
|3^ZCV0(1->3')>   -0.11289
|3^ZCV0'(6->1')>   -0.11289
|3^ZCV0'(6->2')>   -0.07745
|3^ZCV0'(5->1')>   -0.39156
|3^ZCV0'(5->3')>   -0.17392
|3^ZCV0'(4->2')>    0.42817
|3^ZCV0'(4->3')>    0.11289
|3^CSD(2,1)>    0.06397
|3^SVD(1,2)>   -0.06397
TDMs with Triplet 'Ground' state
TDMX:0.000   TDMY:0.000   TDMZ:-0.137   Oscillator Strength:0.00377   <S**2>: 2.000
--------------------------------------------------------------------
TDMs with Singlet 'Ground' state
TDMX:0.000   TDMY:0.000   TDMZ:0.000   Oscillator Strength:0.00000   <S**2>: 2.000
--------------------------------------------------------------------


State 61 8.171 eV 
Excitation    CI Coef
|5^CV(3->2')>   -0.70677
|5^CV(2->3')>   -0.70677
TDMs with Triplet 'Ground' state
TDMX:0.000   TDMY:0.000   TDMZ:0.000   Oscillator Strength:0.00000   <S**2>: 6.000
--------------------------------------------------------------------
TDMs with Singlet 'Ground' state
TDMX:0.000   TDMY:0.000   TDMZ:0.000   Oscillator Strength:0.00000   <S**2>: 6.000
--------------------------------------------------------------------


State 62 8.172 eV 
Excitation    CI Coef
|3^OS>   -0.17387
|3^CS(2->0')>   -0.08597
|3^SV(0'->2')>    0.08597
|3T^CV(3->1')>    0.23567
|3T^CV(1->3')>   -0.23567
|3S^CV(3->1')>    0.05098
|3S^CV(3->2')>   -0.25177
|3S^CV(3->3')>   -0.05098
|3S^CV(2->1')>    0.14575
|3S^CV(2->2')>    0.27193
|3S^CV(2->3')>    0.25177
|3S^CV(1->1')>    0.05857
|3S^CV(1->2')>   -0.14575
|3S^CV(1->3')>    0.05098
|3X^CV(3->1')>   -0.14735
|3X^CV(3->3')>   -0.12659
|3X^CV(2->2')>    0.49274
|3X^CV(1->1')>   -0.10556
|3X^CV(1->3')>   -0.14735
|3^ZCV0(3->2')>   -0.14194
|3^ZCV0(2->1')>    0.06385
|3^ZCV0(2->2')>   -0.18877
|3^ZCV0(2->3')>    0.22074
|3^ZCV0(1->2')>   -0.14611
|3^ZCV0'(6->2')>    0.22074
|3^ZCV0'(5->1')>   -0.14611
|3^ZCV0'(5->2')>    0.18877
|3^ZCV0'(5->3')>   -0.14194
|3^ZCV0'(4->2')>    0.06385
TDMs with Triplet 'Ground' state
TDMX:0.000   TDMY:0.000   TDMZ:-0.000   Oscillator Strength:0.00000   <S**2>: 2.000
--------------------------------------------------------------------
TDMs with Singlet 'Ground' state
TDMX:0.000   TDMY:0.000   TDMZ:0.000   Oscillator Strength:0.00000   <S**2>: 2.000
--------------------------------------------------------------------


State 63 8.228 eV 
Excitation    CI Coef
|1^ZW+>    0.13388
|1^CS(1->0)>    0.06333
|1^CS(1->0')>   -0.15491
|1^SV(0->1')>   -0.06333
|1^SV(0'->1')>    0.15491
|1S^CV(3->1')>    0.12761
|1S^CV(2->1')>    0.17226
|1S^CV(2->2')>    0.24949
|1S^CV(1->1')>   -0.26291
|1S^CV(1->2')>   -0.17226
|1S^CV(1->3')>    0.12761
|1T^CV(3->2')>    0.12988
|1T^CV(2->1')>    0.09111
|1T^CV(2->3')>    0.12988
|1T^CV(1->2')>    0.09111
|1^ZCV0(3->1')>    0.10767
|1^ZCV0(2->1')>   -0.11958
|1^ZCV0(2->2')>    0.17970
|1^ZCV0(1->1')>   -0.18936
|1^ZCV0(1->2')>    0.11958
|1^ZCV0(1->3')>    0.07616
|1^ZCV0'(3->1')>   -0.07616
|1^ZCV0'(2->1')>    0.11958
|1^ZCV0'(2->2')>   -0.17970
|1^ZCV0'(1->1')>    0.18936
|1^ZCV0'(1->2')>   -0.11958
|1^ZCV0'(1->3')>   -0.10767
|1^CSD_(3,3)>   -0.11692
|1^CSD_(2,2)>    0.15781
|1^CSD_(1,1)>    0.41055
|1^SVD_(1',1')>    0.41055
|1^SVD_(2',2')>    0.15781
|1^SVD_(3',3')>   -0.11692
TDMs with Triplet 'Ground' state
TDMX:0.000   TDMY:0.000   TDMZ:0.000   Oscillator Strength:0.00000   <S**2>: 0.000
--------------------------------------------------------------------
TDMs with Singlet 'Ground' state
TDMX:0.000   TDMY:0.000   TDMZ:0.292   Oscillator Strength:0.01618   <S**2>: 0.000
--------------------------------------------------------------------


State 64 8.342 eV 
Excitation    CI Coef
|1^CS(3->0)>    0.10517
|1^CS(2->0')>    0.07722
|1^SV(0->3')>   -0.08536
|1^SV(0'->2')>    0.09520
|1S^CV(3->1')>    0.08960
|1S^CV(3->2')>    0.19435
|1S^CV(2->1')>    0.08065
|1S^CV(2->2')>    0.27114
|1S^CV(2->3')>   -0.20262
|1S^CV(1->1')>    0.13800
|1S^CV(1->2')>   -0.08596
|1S^CV(1->3')>    0.09302
|1T^CV(2->2')>    0.05609
|1T^CV(1->3')>   -0.06471
|1^ZCV0(3->1')>   -0.06220
|1^ZCV0(3->2')>    0.19085
|1^ZCV0(2->1')>    0.40182
|1^ZCV0(2->2')>   -0.18823
|1^ZCV0(2->3')>   -0.08194
|1^ZCV0(1->1')>   -0.09580
|1^ZCV0(1->2')>    0.25753
|1^ZCV0(1->3')>   -0.06457
|1^ZCV0'(3->1')>    0.06220
|1^ZCV0'(3->2')>   -0.08911
|1^ZCV0'(2->1')>    0.28565
|1^ZCV0'(2->2')>    0.18823
|1^ZCV0'(2->3')>    0.20994
|1^ZCV0'(1->1')>    0.09580
|1^ZCV0'(1->2')>    0.38136
|1^ZCV0'(1->3')>    0.06457
|1^CSD_(2,1)>   -0.22242
|1^SVD_(1',2')>    0.19894
TDMs with Triplet 'Ground' state
TDMX:0.000   TDMY:0.000   TDMZ:0.000   Oscillator Strength:0.00000   <S**2>: 0.000
--------------------------------------------------------------------
TDMs with Singlet 'Ground' state
TDMX:-0.682   TDMY:0.000   TDMZ:0.000   Oscillator Strength:0.08957   <S**2>: 0.000
--------------------------------------------------------------------


State 65 8.381 eV 
Excitation    CI Coef
|1^OS>    0.11877
|1^ZW->   -0.11660
|1S^CV(3->2')>   -0.06425
|1S^CV(2->1')>   -0.12731
|1S^CV(1->2')>   -0.11016
|1T^CV(3->1')>   -0.49077
|1T^CV(3->3')>   -0.17564
|1T^CV(2->2')>    0.59697
|1T^CV(1->3')>   -0.48965
|1^ZCV0(3->2')>   -0.06822
|1^ZCV0(2->1')>   -0.06646
|1^ZCV0(1->2')>   -0.17645
|1^ZCV0'(2->1')>    0.11694
TDMs with Triplet 'Ground' state
TDMX:0.000   TDMY:0.000   TDMZ:0.000   Oscillator Strength:0.00000   <S**2>: 0.000
--------------------------------------------------------------------
TDMs with Singlet 'Ground' state
TDMX:0.050   TDMY:0.000   TDMZ:-0.000   Oscillator Strength:0.00048   <S**2>: 0.000
--------------------------------------------------------------------


State 66 8.407 eV 
Excitation    CI Coef
|3^OS>   -0.06408
|3^CS(1->0)>   -0.06421
|3^SV(0->1')>    0.06421
|3T^CV(3->1')>   -0.48316
|3T^CV(1->3')>    0.48316
|3S^CV(3->1')>   -0.05498
|3S^CV(3->3')>    0.15415
|3S^CV(2->1')>    0.13785
|3S^CV(2->2')>    0.15357
|3S^CV(1->1')>    0.07522
|3S^CV(1->2')>   -0.13785
|3S^CV(1->3')>   -0.05498
|3X^CV(3->1')>   -0.25286
|3X^CV(3->3')>    0.06100
|3X^CV(2->2')>   -0.06712
|3X^CV(1->1')>   -0.26852
|3X^CV(1->3')>   -0.25286
|3^ZCV0(3->2')>    0.08710
|3^ZCV0(3->3')>   -0.10701
|3^ZCV0(2->2')>   -0.10661
|3^ZCV0(2->3')>    0.05941
|3^ZCV0(1->1')>   -0.05221
|3^ZCV0(1->2')>   -0.15325
|3^ZCV0'(6->2')>    0.05941
|3^ZCV0'(6->3')>    0.10701
|3^ZCV0'(5->1')>   -0.15325
|3^ZCV0'(5->2')>    0.10661
|3^ZCV0'(5->3')>    0.08710
|3^ZCV0'(4->1')>    0.05221
|3^CSD(3,2)>   -0.15936
|3^CSD(2,1)>   -0.12280
|3^SVD(1,2)>   -0.12280
|3^SVD(2,3)>   -0.15936
TDMs with Triplet 'Ground' state
TDMX:-0.000   TDMY:0.000   TDMZ:-0.000   Oscillator Strength:0.00000   <S**2>: 2.000
--------------------------------------------------------------------
TDMs with Singlet 'Ground' state
TDMX:0.000   TDMY:0.000   TDMZ:0.000   Oscillator Strength:0.00000   <S**2>: 2.000
--------------------------------------------------------------------


State 67 8.416 eV 
Excitation    CI Coef
|3^CS(2->0)>    0.06067
|3^SV(0->2')>    0.06067
|3T^CV(3->2')>    0.23862
|3T^CV(2->3')>    0.23862
|3S^CV(3->2')>    0.20988
|3S^CV(3->3')>   -0.22424
|3S^CV(2->1')>   -0.11162
|3S^CV(2->2')>   -0.07526
|3S^CV(2->3')>   -0.20988
|3S^CV(1->1')>   -0.07683
|3S^CV(1->2')>    0.11162
|3X^CV(3->2')>   -0.10600
|3X^CV(2->1')>   -0.11021
|3X^CV(2->3')>    0.10600
|3X^CV(1->2')>    0.11021
|3^ZCV0(3->1')>    0.17842
|3^ZCV0(3->2')>   -0.14569
|3^ZCV0(3->3')>   -0.16152
|3^ZCV0(2->1')>    0.07749
|3^ZCV0(2->2')>   -0.05420
|3^ZCV0(2->3')>    0.14569
|3^ZCV0(1->1')>   -0.05534
|3^ZCV0(1->2')>   -0.07749
|3^ZCV0(1->3')>   -0.14230
|3^ZCV0'(6->1')>    0.14230
|3^ZCV0'(6->2')>    0.14569
|3^ZCV0'(6->3')>    0.16152
|3^ZCV0'(5->1')>   -0.07749
|3^ZCV0'(5->2')>    0.05420
|3^ZCV0'(5->3')>   -0.14569
|3^ZCV0'(4->1')>    0.05534
|3^ZCV0'(4->2')>    0.07749
|3^ZCV0'(4->3')>   -0.17842
|3^CSD(3,1)>    0.42840
|3^SVD(1,3)>   -0.42840
TDMs with Triplet 'Ground' state
TDMX:-0.000   TDMY:0.000   TDMZ:0.000   Oscillator Strength:0.00000   <S**2>: 2.000
--------------------------------------------------------------------
TDMs with Singlet 'Ground' state
TDMX:0.000   TDMY:0.000   TDMZ:0.000   Oscillator Strength:0.00000   <S**2>: 2.000
--------------------------------------------------------------------


State 68 8.474 eV 
Excitation    CI Coef
|1^CS(3->0)>    0.29535
|1^CS(1->0)>   -0.21045
|1^CS(3->0')>    0.12075
|1^CS(2->0')>   -0.09163
|1^CS(1->0')>   -0.08604
|1^SV(0->1')>    0.17883
|1^SV(0->3')>   -0.23683
|1^SV(0'->1')>    0.07311
|1^SV(0'->2')>   -0.07425
|1^SV(0'->3')>   -0.09682
|1S^CV(3->1')>   -0.10579
|1S^CV(3->2')>    0.07708
|1S^CV(2->2')>    0.25625
|1S^CV(2->3')>   -0.06328
|1S^CV(1->1')>   -0.40963
|1S^CV(1->2')>    0.08122
|1S^CV(1->3')>   -0.09665
|1T^CV(3->1')>    0.10391
|1^ZCV0(3->1')>    0.07344
|1^ZCV0(3->2')>    0.09468
|1^ZCV0(2->1')>   -0.13353
|1^ZCV0(2->2')>   -0.17789
|1^ZCV0(1->1')>    0.28436
|1^ZCV0(1->2')>   -0.06551
|1^ZCV0(1->3')>    0.06709
|1^ZCV0'(3->1')>   -0.07344
|1^ZCV0'(2->1')>   -0.07724
|1^ZCV0'(2->2')>    0.17789
|1^ZCV0'(2->3')>    0.09901
|1^ZCV0'(1->1')>   -0.28436
|1^ZCV0'(1->2')>   -0.18251
|1^ZCV0'(1->3')>   -0.06709
|1^CSD_(3,2)>   -0.16575
|1^CSD_(2,1)>   -0.21629
|1^SVD_(1',2')>    0.16656
|1^SVD_(2',3')>    0.12012
TDMs with Triplet 'Ground' state
TDMX:0.000   TDMY:0.000   TDMZ:0.000   Oscillator Strength:0.00000   <S**2>: 0.000
--------------------------------------------------------------------
TDMs with Singlet 'Ground' state
TDMX:-0.165   TDMY:0.000   TDMZ:-0.000   Oscillator Strength:0.00532   <S**2>: 0.000
--------------------------------------------------------------------


State 69 8.489 eV 
Excitation    CI Coef
|1^CS(3->0)>    0.07110
|1^CS(3->0')>   -0.17391
|1^SV(0->3')>    0.07110
|1^SV(0'->3')>   -0.17391
|1S^CV(3->1')>    0.17910
|1S^CV(3->2')>    0.10218
|1S^CV(2->1')>   -0.31633
|1S^CV(2->3')>    0.10218
|1S^CV(1->2')>   -0.31633
|1S^CV(1->3')>   -0.17910
|1T^CV(3->2')>    0.08327
|1T^CV(2->1')>    0.39493
|1T^CV(2->3')>   -0.08327
|1T^CV(1->2')>   -0.39493
|1^ZCV0(3->1')>    0.07430
|1^ZCV0(3->2')>   -0.07093
|1^ZCV0(2->1')>    0.21960
|1^ZCV0(2->3')>   -0.07093
|1^ZCV0(1->2')>    0.21960
|1^ZCV0(1->3')>   -0.18371
|1^ZCV0'(3->1')>   -0.18371
|1^ZCV0'(3->2')>    0.07093
|1^ZCV0'(2->1')>   -0.21960
|1^ZCV0'(2->3')>    0.07093
|1^ZCV0'(1->2')>   -0.21960
|1^ZCV0'(1->3')>    0.07430
|1^CSD_(2,2)>    0.10049
|1^SVD_(2',2')>   -0.10049
TDMs with Triplet 'Ground' state
TDMX:0.000   TDMY:0.000   TDMZ:0.000   Oscillator Strength:0.00000   <S**2>: 0.000
--------------------------------------------------------------------
TDMs with Singlet 'Ground' state
TDMX:-0.000   TDMY:0.000   TDMZ:0.000   Oscillator Strength:0.00000   <S**2>: 0.000
--------------------------------------------------------------------


State 70 8.516 eV 
Excitation    CI Coef
|3^CS(2->0)>   -0.07649
|3^SV(0->2')>    0.07649
|3T^CV(3->2')>   -0.09852
|3T^CV(2->3')>    0.09852
|3S^CV(3->1')>    0.08125
|3S^CV(3->2')>    0.11619
|3S^CV(2->1')>   -0.12932
|3S^CV(2->3')>    0.11619
|3S^CV(1->2')>   -0.12932
|3S^CV(1->3')>   -0.08125
|3X^CV(3->2')>    0.07863
|3X^CV(2->3')>    0.07863
|3^ZCV0(3->1')>   -0.16585
|3^ZCV0(3->2')>   -0.08066
|3^ZCV0(3->3')>   -0.09760
|3^ZCV0(2->1')>    0.08977
|3^ZCV0(2->2')>    0.52868
|3^ZCV0(2->3')>   -0.08066
|3^ZCV0(1->1')>    0.09851
|3^ZCV0(1->2')>    0.08977
|3^ZCV0(1->3')>   -0.28289
|3^ZCV0'(6->1')>   -0.28289
|3^ZCV0'(6->2')>    0.08066
|3^ZCV0'(6->3')>   -0.09760
|3^ZCV0'(5->1')>   -0.08977
|3^ZCV0'(5->2')>    0.52868
|3^ZCV0'(5->3')>    0.08066
|3^ZCV0'(4->1')>    0.09851
|3^ZCV0'(4->2')>   -0.08977
|3^ZCV0'(4->3')>   -0.16585
TDMs with Triplet 'Ground' state
TDMX:0.030   TDMY:0.000   TDMZ:0.000   Oscillator Strength:0.00018   <S**2>: 2.000
--------------------------------------------------------------------
TDMs with Singlet 'Ground' state
TDMX:0.000   TDMY:0.000   TDMZ:0.000   Oscillator Strength:0.00000   <S**2>: 2.000
--------------------------------------------------------------------


State 71 8.571 eV 
Excitation    CI Coef
|1^OS>    0.06701
|1^ZW->    0.06826
|1^CS(3->0)>    0.06462
|1^CS(3->0')>   -0.15806
|1^CS(1->0')>   -0.06278
|1^SV(0->3')>    0.06462
|1^SV(0'->1')>   -0.06278
|1^SV(0'->3')>   -0.15806
|1S^CV(3->1')>   -0.07889
|1S^CV(2->1')>    0.11961
|1S^CV(1->2')>    0.11961
|1S^CV(1->3')>    0.07889
|1T^CV(3->2')>   -0.42364
|1T^CV(2->1')>    0.34338
|1T^CV(2->3')>    0.42364
|1T^CV(1->2')>   -0.34338
|1^ZCV0(2->1')>   -0.08303
|1^ZCV0(2->2')>   -0.20715
|1^ZCV0(1->1')>   -0.05857
|1^ZCV0(1->2')>   -0.08303
|1^ZCV0(1->3')>    0.08391
|1^ZCV0'(3->1')>    0.08391
|1^ZCV0'(2->1')>    0.08303
|1^ZCV0'(2->2')>   -0.20715
|1^ZCV0'(1->1')>   -0.05857
|1^ZCV0'(1->2')>    0.08303
|1^CSD_(2,2)>   -0.27053
|1^SVD_(2',2')>    0.27053
TDMs with Triplet 'Ground' state
TDMX:0.000   TDMY:0.000   TDMZ:0.000   Oscillator Strength:0.00000   <S**2>: 0.000
--------------------------------------------------------------------
TDMs with Singlet 'Ground' state
TDMX:-0.000   TDMY:0.000   TDMZ:0.000   Oscillator Strength:0.00000   <S**2>: 0.000
--------------------------------------------------------------------


State 72 8.641 eV 
Excitation    CI Coef
|3^OS>   -0.08097
|3^CS(3->0)>    0.15794
|3^CS(3->0')>    0.06457
|3^CS(2->0')>   -0.08684
|3^SV(0->3')>   -0.15794
|3^SV(0'->2')>    0.08684
|3^SV(0'->3')>    0.06457
|3T^CV(3->1')>   -0.23103
|3T^CV(1->3')>    0.23103
|3S^CV(3->1')>   -0.26179
|3S^CV(3->3')>   -0.13359
|3S^CV(2->2')>    0.08922
|3S^CV(1->3')>   -0.26179
|3X^CV(3->1')>    0.09132
|3X^CV(2->2')>    0.25797
|3X^CV(1->3')>    0.09132
|3^ZCV0(3->1')>    0.18173
|3^ZCV0(3->2')>   -0.14149
|3^ZCV0(3->3')>    0.09273
|3^ZCV0(2->2')>   -0.06193
|3^ZCV0(2->3')>   -0.11393
|3^ZCV0(1->3')>    0.18173
|3^ZCV0'(6->1')>   -0.18173
|3^ZCV0'(6->2')>   -0.11393
|3^ZCV0'(6->3')>   -0.09273
|3^ZCV0'(5->2')>    0.06193
|3^ZCV0'(5->3')>   -0.14149
|3^ZCV0'(4->3')>   -0.18173
|3^CSD(3,2)>    0.32524
|3^CSD(2,1)>    0.24739
|3^SVD(1,2)>    0.24739
|3^SVD(2,3)>    0.32524
TDMs with Triplet 'Ground' state
TDMX:0.000   TDMY:0.000   TDMZ:-0.000   Oscillator Strength:0.00000   <S**2>: 2.000
--------------------------------------------------------------------
TDMs with Singlet 'Ground' state
TDMX:0.000   TDMY:0.000   TDMZ:0.000   Oscillator Strength:0.00000   <S**2>: 2.000
--------------------------------------------------------------------


State 73 8.738 eV 
Excitation    CI Coef
|1^CS(3->0)>   -0.08116
|1^CS(2->0)>    0.05215
|1^CS(3->0')>    0.19851
|1^SV(0->2')>    0.05215
|1^SV(0->3')>    0.08116
|1^SV(0'->3')>   -0.19851
|1S^CV(3->1')>   -0.18738
|1S^CV(3->3')>   -0.05855
|1S^CV(2->1')>    0.26400
|1S^CV(2->2')>   -0.12570
|1S^CV(1->1')>    0.05726
|1S^CV(1->2')>   -0.26400
|1S^CV(1->3')>   -0.18738
|1T^CV(2->1')>   -0.25936
|1T^CV(1->2')>   -0.25936
|1^ZCV0(2->1')>   -0.18326
|1^ZCV0(2->2')>   -0.09053
|1^ZCV0(1->2')>    0.18326
|1^ZCV0(1->3')>   -0.23010
|1^ZCV0'(3->1')>    0.23010
|1^ZCV0'(2->1')>    0.18326
|1^ZCV0'(2->2')>    0.09053
|1^ZCV0'(1->2')>   -0.18326
|1^CSD_(3,3)>   -0.11223
|1^CSD_(2,2)>    0.33218
|1^CSD_(1,1)>   -0.08785
|1^SVD_(1',1')>   -0.08785
|1^SVD_(2',2')>    0.33218
|1^SVD_(3',3')>   -0.11223
TDMs with Triplet 'Ground' state
TDMX:0.000   TDMY:0.000   TDMZ:0.000   Oscillator Strength:0.00000   <S**2>: 0.000
--------------------------------------------------------------------
TDMs with Singlet 'Ground' state
TDMX:-0.000   TDMY:0.000   TDMZ:0.366   Oscillator Strength:0.02715   <S**2>: 0.000
--------------------------------------------------------------------


State 74 8.766 eV 
Excitation    CI Coef
|3^CS(2->0)>    0.06695
|3^CS(1->0)>    0.05911
|3^CS(1->0')>   -0.14458
|3^SV(0->1')>   -0.05911
|3^SV(0->2')>    0.06695
|3^SV(0'->1')>   -0.14458
|3T^CV(2->1')>    0.23747
|3T^CV(1->2')>    0.23747
|3S^CV(3->1')>    0.16560
|3S^CV(3->2')>   -0.17795
|3S^CV(2->1')>   -0.06751
|3S^CV(2->2')>    0.27055
|3S^CV(2->3')>    0.17795
|3S^CV(1->1')>    0.17334
|3S^CV(1->2')>    0.06751
|3S^CV(1->3')>    0.16560
|3X^CV(3->2')>   -0.38478
|3X^CV(2->1')>   -0.16902
|3X^CV(2->3')>    0.38478
|3X^CV(1->2')>    0.16902
|3^ZCV0(3->1')>    0.14047
|3^ZCV0(3->2')>    0.12353
|3^ZCV0(2->2')>    0.19487
|3^ZCV0(2->3')>   -0.12353
|3^ZCV0(1->1')>    0.12485
|3^ZCV0(1->3')>    0.09808
|3^ZCV0'(6->1')>   -0.09808
|3^ZCV0'(6->2')>   -0.12353
|3^ZCV0'(5->2')>   -0.19487
|3^ZCV0'(5->3')>    0.12353
|3^ZCV0'(4->1')>   -0.12485
|3^ZCV0'(4->3')>   -0.14047
TDMs with Triplet 'Ground' state
TDMX:0.000   TDMY:0.000   TDMZ:-0.000   Oscillator Strength:0.00000   <S**2>: 2.000
--------------------------------------------------------------------
TDMs with Singlet 'Ground' state
TDMX:0.000   TDMY:0.000   TDMZ:0.000   Oscillator Strength:0.00000   <S**2>: 2.000
--------------------------------------------------------------------


State 75 8.908 eV 
Excitation    CI Coef
|3^CS(1->0)>   -0.12189
|3^CS(2->0')>    0.06149
|3^SV(0->1')>    0.12189
|3^SV(0'->2')>   -0.06149
|3T^CV(3->1')>    0.23360
|3T^CV(1->3')>   -0.23360
|3S^CV(3->2')>    0.12269
|3S^CV(3->3')>   -0.10958
|3S^CV(2->1')>    0.05209
|3S^CV(2->2')>    0.11232
|3S^CV(2->3')>   -0.12269
|3S^CV(1->1')>   -0.09210
|3S^CV(1->2')>   -0.05209
|3X^CV(3->1')>   -0.38794
|3X^CV(2->2')>   -0.36442
|3X^CV(1->1')>   -0.28302
|3X^CV(1->3')>   -0.38794
|3^ZCV0(3->3')>    0.07607
|3^ZCV0(2->1')>    0.10105
|3^ZCV0(2->2')>   -0.07797
|3^ZCV0(2->3')>   -0.20058
|3^ZCV0(1->1')>    0.06393
|3^ZCV0'(6->2')>   -0.20058
|3^ZCV0'(6->3')>   -0.07607
|3^ZCV0'(5->2')>    0.07797
|3^ZCV0'(4->1')>   -0.06393
|3^ZCV0'(4->2')>    0.10105
|3^CSD(3,2)>    0.24729
|3^SVD(2,3)>    0.24729
TDMs with Triplet 'Ground' state
TDMX:-0.000   TDMY:0.000   TDMZ:-0.000   Oscillator Strength:0.00000   <S**2>: 2.000
--------------------------------------------------------------------
TDMs with Singlet 'Ground' state
TDMX:0.000   TDMY:0.000   TDMZ:0.000   Oscillator Strength:0.00000   <S**2>: 2.000
--------------------------------------------------------------------


State 76 8.923 eV 
Excitation    CI Coef
|3^CS(2->0')>   -0.05260
|3^SV(0'->2')>   -0.05260
|3T^CV(3->1')>   -0.67146
|3T^CV(2->2')>    0.07540
|3T^CV(1->3')>   -0.67146
|3S^CV(3->2')>    0.06276
|3S^CV(2->3')>    0.06276
|3^ZCV0(2->3')>    0.05930
|3^ZCV0(1->2')>   -0.06569
|3^ZCV0'(6->2')>   -0.05930
|3^ZCV0'(5->1')>    0.06569
|3^CSD(3,2)>   -0.14697
|3^SVD(2,3)>    0.14697
TDMs with Triplet 'Ground' state
TDMX:0.000   TDMY:0.000   TDMZ:0.259   Oscillator Strength:0.01471   <S**2>: 2.000
--------------------------------------------------------------------
TDMs with Singlet 'Ground' state
TDMX:0.000   TDMY:0.000   TDMZ:0.000   Oscillator Strength:0.00000   <S**2>: 2.000
--------------------------------------------------------------------


State 77 8.929 eV 
Excitation    CI Coef
|1^OS>   -0.05910
|1^ZW->    0.05802
|1^CS(3->0)>   -0.34548
|1^CS(1->0)>    0.19766
|1^CS(3->0')>   -0.14124
|1^CS(2->0')>    0.07300
|1^CS(1->0')>    0.08081
|1^SV(0->1')>    0.23876
|1^SV(0->3')>   -0.35890
|1^SV(0'->1')>    0.09761
|1^SV(0'->2')>   -0.05948
|1^SV(0'->3')>   -0.14673
|1S^CV(2->1')>   -0.15739
|1S^CV(1->1')>   -0.07034
|1S^CV(1->2')>   -0.12037
|1T^CV(3->3')>    0.08809
|1T^CV(1->1')>    0.05928
|1T^CV(1->3')>   -0.07832
|1^ZCV0(3->2')>    0.09315
|1^ZCV0(2->1')>   -0.31886
|1^ZCV0(2->3')>   -0.05514
|1^ZCV0(1->2')>    0.15111
|1^ZCV0'(3->2')>    0.07522
|1^ZCV0'(2->1')>   -0.09213
|1^ZCV0'(1->2')>    0.32450
|1^CSD_(3,2)>    0.17757
|1^CSD_(2,1)>    0.33877
|1^SVD_(1',2')>    0.29513
|1^SVD_(2',3')>    0.13866
TDMs with Triplet 'Ground' state
TDMX:0.000   TDMY:0.000   TDMZ:0.000   Oscillator Strength:0.00000   <S**2>: 0.000
--------------------------------------------------------------------
TDMs with Singlet 'Ground' state
TDMX:-0.020   TDMY:0.000   TDMZ:0.000   Oscillator Strength:0.00008   <S**2>: 0.000
--------------------------------------------------------------------


State 78 9.118 eV 
Excitation    CI Coef
|3^CS(2->0)>   -0.05149
|3^CS(1->0')>   -0.05228
|3^SV(0->2')>    0.05149
|3^SV(0'->1')>    0.05228
|3T^CV(3->2')>    0.50359
|3T^CV(2->1')>   -0.05981
|3T^CV(2->3')>   -0.50359
|3T^CV(1->2')>    0.05981
|3S^CV(3->1')>   -0.25844
|3S^CV(3->2')>    0.06937
|3S^CV(2->3')>    0.06937
|3S^CV(1->3')>    0.25844
|3X^CV(3->2')>    0.06367
|3X^CV(2->1')>    0.10864
|3X^CV(2->3')>    0.06367
|3X^CV(1->2')>    0.10864
|3^ZCV0(3->1')>   -0.31546
|3^ZCV0(3->3')>    0.15003
|3^ZCV0(1->1')>    0.10699
|3^ZCV0(1->3')>    0.05682
|3^ZCV0'(6->1')>    0.05682
|3^ZCV0'(6->3')>    0.15003
|3^ZCV0'(4->1')>    0.10699
|3^ZCV0'(4->3')>   -0.31546
|3^CSD(3,1)>    0.08145
|3^SVD(1,3)>    0.08145
TDMs with Triplet 'Ground' state
TDMX:-0.439   TDMY:0.000   TDMZ:0.000   Oscillator Strength:0.04304   <S**2>: 2.000
--------------------------------------------------------------------
TDMs with Singlet 'Ground' state
TDMX:0.000   TDMY:0.000   TDMZ:0.000   Oscillator Strength:0.00000   <S**2>: 2.000
--------------------------------------------------------------------


State 79 9.137 eV 
Excitation    CI Coef
|3^CS(3->0)>   -0.07037
|3^CS(2->0)>   -0.10621
|3^CS(3->0')>    0.17213
|3^CS(1->0')>    0.07537
|3^SV(0->2')>   -0.10621
|3^SV(0->3')>    0.07037
|3^SV(0'->1')>    0.07537
|3^SV(0'->3')>    0.17213
|3T^CV(3->2')>    0.46962
|3T^CV(2->3')>    0.46962
|3S^CV(3->1')>   -0.12829
|3S^CV(3->2')>   -0.12620
|3S^CV(2->1')>    0.23574
|3S^CV(2->2')>   -0.06566
|3S^CV(2->3')>    0.12620
|3S^CV(1->1')>   -0.08367
|3S^CV(1->2')>   -0.23574
|3S^CV(1->3')>   -0.12829
|3X^CV(3->2')>   -0.18513
|3X^CV(2->3')>    0.18513
|3^ZCV0(3->1')>   -0.07172
|3^ZCV0(3->2')>    0.08761
|3^ZCV0(2->1')>   -0.16364
|3^ZCV0(2->3')>   -0.08761
|3^ZCV0(1->1')>   -0.06027
|3^ZCV0(1->2')>    0.16364
|3^ZCV0(1->3')>   -0.11309
|3^ZCV0'(6->1')>    0.11309
|3^ZCV0'(6->2')>   -0.08761
|3^ZCV0'(5->1')>    0.16364
|3^ZCV0'(5->3')>    0.08761
|3^ZCV0'(4->1')>    0.06027
|3^ZCV0'(4->2')>   -0.16364
|3^ZCV0'(4->3')>    0.07172
|3^CSD(3,1)>   -0.05288
|3^SVD(1,3)>    0.05288
TDMs with Triplet 'Ground' state
TDMX:-0.000   TDMY:0.000   TDMZ:-0.000   Oscillator Strength:0.00000   <S**2>: 2.000
--------------------------------------------------------------------
TDMs with Singlet 'Ground' state
TDMX:0.000   TDMY:0.000   TDMZ:0.000   Oscillator Strength:0.00000   <S**2>: 2.000
--------------------------------------------------------------------


State 80 9.248 eV 
Excitation    CI Coef
|1^CS(3->0)>    0.05556
|1^CS(1->0)>    0.06085
|1^SV(0->3')>   -0.16819
|1^SV(0'->3')>   -0.06876
|1S^CV(3->1')>   -0.18233
|1S^CV(3->3')>   -0.12105
|1S^CV(2->1')>    0.06745
|1S^CV(1->1')>    0.33920
|1S^CV(1->2')>   -0.09485
|1S^CV(1->3')>   -0.14963
|1T^CV(3->1')>   -0.28246
|1T^CV(1->3')>    0.29860
|1^ZCV0(3->1')>    0.12657
|1^ZCV0(3->2')>   -0.08748
|1^ZCV0(3->3')>    0.08403
|1^ZCV0(2->1')>   -0.13188
|1^ZCV0(2->3')>   -0.05654
|1^ZCV0(1->1')>   -0.23547
|1^ZCV0(1->2')>   -0.17765
|1^ZCV0(1->3')>    0.10387
|1^ZCV0'(3->1')>   -0.12657
|1^ZCV0'(3->2')>   -0.06589
|1^ZCV0'(3->3')>   -0.08403
|1^ZCV0'(2->1')>   -0.22905
|1^ZCV0'(2->3')>   -0.07603
|1^ZCV0'(1->1')>    0.23547
|1^ZCV0'(1->3')>   -0.10387
|1^CSD_(3,2)>   -0.08935
|1^CSD_(2,1)>   -0.32748
|1^SVD_(1',2')>    0.40812
|1^SVD_(2',3')>    0.06105
TDMs with Triplet 'Ground' state
TDMX:0.000   TDMY:0.000   TDMZ:0.000   Oscillator Strength:0.00000   <S**2>: 0.000
--------------------------------------------------------------------
TDMs with Singlet 'Ground' state
TDMX:0.026   TDMY:0.000   TDMZ:0.000   Oscillator Strength:0.00015   <S**2>: 0.000
--------------------------------------------------------------------


State 81 9.258 eV 
Excitation    CI Coef
|3^CS(3->0)>   -0.05867
|3^SV(0->3')>   -0.05867
|3T^CV(3->1')>    0.13965
|3T^CV(3->3')>   -0.11034
|3T^CV(2->2')>    0.06692
|3T^CV(1->1')>   -0.05484
|3T^CV(1->3')>    0.13965
|3S^CV(3->1')>    0.17104
|3S^CV(3->2')>    0.10478
|3S^CV(2->3')>    0.10478
|3S^CV(1->3')>   -0.17104
|3X^CV(3->1')>   -0.11513
|3X^CV(1->3')>    0.11513
|3^ZCV0(3->1')>   -0.11873
|3^ZCV0(3->2')>    0.34255
|3^ZCV0(2->3')>   -0.19161
|3^ZCV0(1->3')>    0.11873
|3^ZCV0'(6->1')>    0.11873
|3^ZCV0'(6->2')>    0.19161
|3^ZCV0'(5->3')>   -0.34255
|3^ZCV0'(4->3')>   -0.11873
|3^CSD(3,2)>   -0.47842
|3^SVD(2,3)>    0.47842
TDMs with Triplet 'Ground' state
TDMX:0.000   TDMY:0.000   TDMZ:0.079   Oscillator Strength:0.00140   <S**2>: 2.000
--------------------------------------------------------------------
TDMs with Singlet 'Ground' state
TDMX:0.000   TDMY:0.000   TDMZ:0.000   Oscillator Strength:0.00000   <S**2>: 2.000
--------------------------------------------------------------------


State 82 9.392 eV 
Excitation    CI Coef
|3^CS(3->0')>    0.06678
|3^SV(0'->3')>   -0.06678
|3T^CV(3->2')>    0.10810
|3T^CV(2->3')>   -0.10810
|3S^CV(3->2')>   -0.15863
|3S^CV(2->3')>   -0.15863
|3X^CV(3->2')>   -0.07003
|3X^CV(2->1')>   -0.07796
|3X^CV(2->3')>   -0.07003
|3X^CV(1->2')>   -0.07796
|3^ZCV0(3->1')>   -0.18375
|3^ZCV0(3->2')>    0.11012
|3^ZCV0(3->3')>   -0.14216
|3^ZCV0(2->3')>    0.11012
|3^ZCV0(1->1')>   -0.08976
|3^ZCV0(1->3')>   -0.15656
|3^ZCV0'(6->1')>   -0.15656
|3^ZCV0'(6->2')>   -0.11012
|3^ZCV0'(6->3')>   -0.14216
|3^ZCV0'(5->3')>   -0.11012
|3^ZCV0'(4->1')>   -0.08976
|3^ZCV0'(4->3')>   -0.18375
|3^CSD(3,1)>   -0.57537
|3^SVD(1,3)>   -0.57537
TDMs with Triplet 'Ground' state
TDMX:-0.042   TDMY:0.000   TDMZ:0.000   Oscillator Strength:0.00040   <S**2>: 2.000
--------------------------------------------------------------------
TDMs with Singlet 'Ground' state
TDMX:0.000   TDMY:0.000   TDMZ:0.000   Oscillator Strength:0.00000   <S**2>: 2.000
--------------------------------------------------------------------


State 83 9.415 eV 
Excitation    CI Coef
|1^ZW+>    0.06092
|1^CS(2->0)>    0.11160
|1^SV(0->2')>    0.11160
|1S^CV(3->1')>   -0.05947
|1S^CV(3->2')>   -0.09553
|1S^CV(2->1')>   -0.15242
|1S^CV(2->2')>   -0.33816
|1S^CV(2->3')>    0.09553
|1S^CV(1->2')>    0.15242
|1S^CV(1->3')>   -0.05947
|1T^CV(3->2')>   -0.22336
|1T^CV(2->1')>    0.27614
|1T^CV(2->3')>   -0.22336
|1T^CV(1->2')>    0.27614
|1^ZCV0(3->1')>   -0.12065
|1^ZCV0(3->2')>    0.06631
|1^ZCV0(2->1')>    0.10581
|1^ZCV0(2->2')>   -0.24357
|1^ZCV0(2->3')>   -0.06631
|1^ZCV0(1->2')>   -0.10581
|1^ZCV0'(3->2')>   -0.06631
|1^ZCV0'(2->1')>   -0.10581
|1^ZCV0'(2->2')>    0.24357
|1^ZCV0'(2->3')>    0.06631
|1^ZCV0'(1->2')>    0.10581
|1^ZCV0'(1->3')>    0.12065
|1^CSD_(3,3)>   -0.15625
|1^CSD_(2,2)>    0.29982
|1^CSD_(1,1)>    0.19940
|1^SVD_(1',1')>    0.19940
|1^SVD_(2',2')>    0.29982
|1^SVD_(3',3')>   -0.15625
TDMs with Triplet 'Ground' state
TDMX:0.000   TDMY:0.000   TDMZ:0.000   Oscillator Strength:0.00000   <S**2>: 0.000
--------------------------------------------------------------------
TDMs with Singlet 'Ground' state
TDMX:0.000   TDMY:0.000   TDMZ:0.285   Oscillator Strength:0.01773   <S**2>: 0.000
--------------------------------------------------------------------


State 84 9.443 eV 
Excitation    CI Coef
|5^CV(3->3')>    0.96406
|5^CV(2->2')>    0.20534
|5^CV(1->1')>   -0.15901
TDMs with Triplet 'Ground' state
TDMX:0.000   TDMY:0.000   TDMZ:0.000   Oscillator Strength:0.00000   <S**2>: 6.000
--------------------------------------------------------------------
TDMs with Singlet 'Ground' state
TDMX:0.000   TDMY:0.000   TDMZ:0.000   Oscillator Strength:0.00000   <S**2>: 6.000
--------------------------------------------------------------------


State 85 9.595 eV 
Excitation    CI Coef
|3T^CV(3->2')>   -0.40110
|3T^CV(2->3')>    0.40110
|3S^CV(3->1')>   -0.27002
|3S^CV(3->2')>    0.06438
|3S^CV(2->1')>    0.08247
|3S^CV(2->3')>    0.06438
|3S^CV(1->2')>    0.08247
|3S^CV(1->3')>    0.27002
|3X^CV(3->2')>    0.26011
|3X^CV(2->1')>    0.16291
|3X^CV(2->3')>    0.26011
|3X^CV(1->2')>    0.16291
|3^ZCV0(3->1')>   -0.18116
|3^ZCV0(3->3')>    0.15582
|3^ZCV0(2->1')>   -0.05725
|3^ZCV0(1->1')>    0.09246
|3^ZCV0(1->2')>   -0.05725
|3^ZCV0(1->3')>    0.20781
|3^ZCV0'(6->1')>    0.20781
|3^ZCV0'(6->3')>    0.15582
|3^ZCV0'(5->1')>    0.05725
|3^ZCV0'(4->1')>    0.09246
|3^ZCV0'(4->2')>    0.05725
|3^ZCV0'(4->3')>   -0.18116
|3^CSD(3,1)>   -0.18824
|3^SVD(1,3)>   -0.18824
TDMs with Triplet 'Ground' state
TDMX:0.224   TDMY:0.000   TDMZ:-0.000   Oscillator Strength:0.01184   <S**2>: 2.000
--------------------------------------------------------------------
TDMs with Singlet 'Ground' state
TDMX:0.000   TDMY:0.000   TDMZ:0.000   Oscillator Strength:0.00000   <S**2>: 2.000
--------------------------------------------------------------------


State 86 9.603 eV 
Excitation    CI Coef
|3^CS(3->0)>    0.22964
|3^CS(3->0')>    0.09388
|3^CS(2->0')>   -0.09790
|3^SV(0->3')>   -0.22964
|3^SV(0'->2')>    0.09790
|3^SV(0'->3')>    0.09388
|3S^CV(3->2')>    0.22718
|3S^CV(3->3')>   -0.07624
|3S^CV(2->1')>    0.08936
|3S^CV(2->2')>    0.23378
|3S^CV(2->3')>   -0.22718
|3S^CV(1->1')>    0.20722
|3S^CV(1->2')>   -0.08936
|3X^CV(3->1')>    0.24376
|3X^CV(3->3')>   -0.26338
|3X^CV(1->1')>    0.10935
|3X^CV(1->3')>    0.24376
|3^ZCV0(3->2')>    0.19111
|3^ZCV0(3->3')>    0.05293
|3^ZCV0(2->1')>    0.11209
|3^ZCV0(2->2')>   -0.16229
|3^ZCV0(2->3')>   -0.13614
|3^ZCV0(1->1')>   -0.14385
|3^ZCV0'(6->2')>   -0.13614
|3^ZCV0'(6->3')>   -0.05293
|3^ZCV0'(5->2')>    0.16229
|3^ZCV0'(5->3')>    0.19111
|3^ZCV0'(4->1')>    0.14385
|3^ZCV0'(4->2')>    0.11209
|3^CSD(2,1)>   -0.30440
|3^SVD(1,2)>   -0.30440
TDMs with Triplet 'Ground' state
TDMX:0.000   TDMY:0.000   TDMZ:-0.000   Oscillator Strength:0.00000   <S**2>: 2.000
--------------------------------------------------------------------
TDMs with Singlet 'Ground' state
TDMX:0.000   TDMY:0.000   TDMZ:0.000   Oscillator Strength:0.00000   <S**2>: 2.000
--------------------------------------------------------------------


State 87 9.621 eV 
Excitation    CI Coef
|3^CS(1->0)>   -0.05161
|3^SV(0->1')>   -0.05161
|3T^CV(3->3')>   -0.08558
|3T^CV(2->2')>   -0.09162
|3T^CV(1->1')>   -0.11688
|3S^CV(3->2')>   -0.11132
|3S^CV(2->1')>   -0.10776
|3S^CV(2->3')>   -0.11132
|3S^CV(1->2')>   -0.10776
|3X^CV(3->1')>    0.63128
|3X^CV(1->3')>   -0.63128
|3^ZCV0(2->1')>   -0.15216
|3^ZCV0(2->3')>   -0.15092
|3^ZCV0'(6->2')>    0.15092
|3^ZCV0'(4->2')>    0.15216
|3^CSD(3,2)>   -0.10171
|3^SVD(2,3)>    0.10171
TDMs with Triplet 'Ground' state
TDMX:0.000   TDMY:0.000   TDMZ:0.033   Oscillator Strength:0.00025   <S**2>: 2.000
--------------------------------------------------------------------
TDMs with Singlet 'Ground' state
TDMX:0.000   TDMY:0.000   TDMZ:0.000   Oscillator Strength:0.00000   <S**2>: 2.000
--------------------------------------------------------------------


State 88 9.629 eV 
Excitation    CI Coef
|1^CS(3->0')>    0.09337
|1^SV(0'->3')>    0.09337
|1S^CV(3->1')>   -0.28748
|1S^CV(3->2')>    0.08468
|1S^CV(2->1')>   -0.20118
|1S^CV(2->3')>    0.08468
|1S^CV(1->2')>   -0.20118
|1S^CV(1->3')>    0.28748
|1^ZCV0(3->1')>   -0.18372
|1^ZCV0(3->2')>   -0.05878
|1^ZCV0(3->3')>    0.16087
|1^ZCV0(2->1')>    0.13966
|1^ZCV0(2->2')>   -0.05948
|1^ZCV0(2->3')>   -0.05878
|1^ZCV0(1->2')>    0.13966
|1^ZCV0(1->3')>    0.23040
|1^ZCV0'(3->1')>    0.23040
|1^ZCV0'(3->2')>    0.05878
|1^ZCV0'(3->3')>    0.16087
|1^ZCV0'(2->1')>   -0.13966
|1^ZCV0'(2->2')>   -0.05948
|1^ZCV0'(2->3')>    0.05878
|1^ZCV0'(1->2')>   -0.13966
|1^ZCV0'(1->3')>   -0.18372
|1^CSD_(3,3)>   -0.08180
|1^CSD_(3,1)>   -0.22054
|1^CSD_(1,1)>   -0.36598
|1^SVD_(1',1')>    0.36598
|1^SVD_(1',3')>    0.22054
|1^SVD_(3',3')>    0.08180
TDMs with Triplet 'Ground' state
TDMX:0.000   TDMY:0.000   TDMZ:0.000   Oscillator Strength:0.00000   <S**2>: 0.000
--------------------------------------------------------------------
TDMs with Singlet 'Ground' state
TDMX:-0.000   TDMY:0.000   TDMZ:-0.000   Oscillator Strength:0.00000   <S**2>: 0.000
--------------------------------------------------------------------


State 89 9.695 eV 
Excitation    CI Coef
|3^CS(3->0)>   -0.05209
|3^CS(2->0)>   -0.05292
|3^CS(3->0')>    0.12741
|3^CS(1->0')>   -0.05451
|3^SV(0->2')>   -0.05292
|3^SV(0->3')>    0.05209
|3^SV(0'->1')>   -0.05451
|3^SV(0'->3')>    0.12741
|3T^CV(3->2')>   -0.29494
|3T^CV(2->3')>   -0.29494
|3S^CV(3->1')>   -0.10125
|3S^CV(3->2')>    0.25166
|3S^CV(3->3')>    0.21800
|3S^CV(2->1')>    0.14937
|3S^CV(2->3')>   -0.25166
|3S^CV(1->1')>   -0.05903
|3S^CV(1->2')>   -0.14937
|3S^CV(1->3')>   -0.10125
|3X^CV(3->2')>   -0.31889
|3X^CV(2->1')>   -0.19927
|3X^CV(2->3')>    0.31889
|3X^CV(1->2')>    0.19927
|3^ZCV0(3->2')>   -0.17470
|3^ZCV0(3->3')>    0.15702
|3^ZCV0(2->1')>   -0.10369
|3^ZCV0(2->3')>    0.17470
|3^ZCV0(1->2')>    0.10369
|3^ZCV0(1->3')>   -0.10581
|3^ZCV0'(6->1')>    0.10581
|3^ZCV0'(6->2')>    0.17470
|3^ZCV0'(6->3')>   -0.15702
|3^ZCV0'(5->1')>    0.10369
|3^ZCV0'(5->3')>   -0.17470
|3^ZCV0'(4->2')>   -0.10369
TDMs with Triplet 'Ground' state
TDMX:-0.000   TDMY:0.000   TDMZ:-0.000   Oscillator Strength:0.00000   <S**2>: 2.000
--------------------------------------------------------------------
TDMs with Singlet 'Ground' state
TDMX:0.000   TDMY:0.000   TDMZ:0.000   Oscillator Strength:0.00000   <S**2>: 2.000
--------------------------------------------------------------------


State 90 9.772 eV 
Excitation    CI Coef
|1^CS(3->0)>   -0.06481
|1^CS(1->0)>    0.08027
|1^CS(2->0')>   -0.08766
|1^SV(0->1')>    0.08568
|1^SV(0->3')>   -0.05473
|1^SV(0'->2')>    0.07225
|1S^CV(3->1')>   -0.33551
|1S^CV(3->2')>   -0.21238
|1S^CV(2->3')>   -0.22296
|1S^CV(1->3')>    0.35908
|1T^CV(3->1')>    0.12496
|1T^CV(3->3')>   -0.38748
|1T^CV(1->3')>    0.09605
|1^ZCV0(3->1')>    0.23290
|1^ZCV0(3->2')>   -0.27556
|1^ZCV0(2->1')>   -0.05355
|1^ZCV0(1->2')>    0.08747
|1^ZCV0(1->3')>   -0.24927
|1^ZCV0'(3->1')>   -0.23290
|1^ZCV0'(2->1')>   -0.05122
|1^ZCV0'(2->3')>    0.27244
|1^ZCV0'(1->2')>    0.06014
|1^ZCV0'(1->3')>    0.24927
|1^CSD_(3,2)>   -0.13119
|1^SVD_(1',2')>   -0.06586
|1^SVD_(2',3')>   -0.13591
TDMs with Triplet 'Ground' state
TDMX:0.000   TDMY:0.000   TDMZ:0.000   Oscillator Strength:0.00000   <S**2>: 0.000
--------------------------------------------------------------------
TDMs with Singlet 'Ground' state
TDMX:0.006   TDMY:0.000   TDMZ:0.000   Oscillator Strength:0.00001   <S**2>: 0.000
--------------------------------------------------------------------


State 91 9.847 eV 
Excitation    CI Coef
|1^CS(1->0)>    0.16885
|1^CS(2->0')>   -0.09314
|1^CS(1->0')>    0.06903
|1^SV(0->1')>    0.16259
|1^SV(0'->1')>    0.06647
|1^SV(0'->2')>    0.08871
|1S^CV(3->1')>   -0.08317
|1S^CV(3->2')>    0.31318
|1S^CV(2->1')>   -0.14956
|1S^CV(2->3')>    0.32147
|1S^CV(1->2')>   -0.14631
|1S^CV(1->3')>    0.09553
|1T^CV(3->1')>    0.24278
|1T^CV(2->2')>    0.31491
|1T^CV(1->1')>    0.25549
|1T^CV(1->3')>    0.23136
|1^ZCV0(3->1')>    0.05773
|1^ZCV0(3->2')>    0.11663
|1^ZCV0(2->1')>   -0.07225
|1^ZCV0(2->3')>    0.32969
|1^ZCV0(1->2')>   -0.12153
|1^ZCV0(1->3')>   -0.06632
|1^ZCV0'(3->1')>   -0.05773
|1^ZCV0'(3->2')>   -0.33452
|1^ZCV0'(2->1')>    0.14319
|1^ZCV0'(2->3')>   -0.13340
|1^ZCV0'(1->2')>    0.08923
|1^ZCV0'(1->3')>    0.06632
|1^CSD_(3,2)>   -0.06782
|1^CSD_(2,1)>   -0.14817
|1^SVD_(1',2')>   -0.17280
TDMs with Triplet 'Ground' state
TDMX:0.000   TDMY:0.000   TDMZ:0.000   Oscillator Strength:0.00000   <S**2>: 0.000
--------------------------------------------------------------------
TDMs with Singlet 'Ground' state
TDMX:0.001   TDMY:0.000   TDMZ:0.000   Oscillator Strength:0.00000   <S**2>: 0.000
--------------------------------------------------------------------


State 92 9.905 eV 
Excitation    CI Coef
|3^OS>    0.06347
|3^CS(3->0)>   -0.10948
|3^CS(1->0)>    0.08461
|3^CS(2->0')>    0.05255
|3^SV(0->1')>   -0.08461
|3^SV(0->3')>    0.10948
|3^SV(0'->2')>   -0.05255
|3T^CV(3->1')>   -0.24312
|3T^CV(1->3')>    0.24312
|3S^CV(3->1')>    0.22636
|3S^CV(3->2')>   -0.14583
|3S^CV(3->3')>   -0.06865
|3S^CV(2->1')>   -0.15751
|3S^CV(2->2')>    0.13388
|3S^CV(2->3')>    0.14583
|3S^CV(1->1')>    0.10992
|3S^CV(1->2')>    0.15751
|3S^CV(1->3')>    0.22636
|3X^CV(2->2')>   -0.05300
|3X^CV(1->1')>    0.12719
|3^ZCV0(3->1')>   -0.15713
|3^ZCV0(3->2')>   -0.16282
|3^ZCV0(2->2')>   -0.09293
|3^ZCV0(1->1')>   -0.07630
|3^ZCV0(1->2')>    0.25171
|3^ZCV0(1->3')>   -0.15713
|3^ZCV0'(6->1')>    0.15713
|3^ZCV0'(5->1')>    0.25171
|3^ZCV0'(5->2')>    0.09293
|3^ZCV0'(5->3')>   -0.16282
|3^ZCV0'(4->1')>    0.07630
|3^ZCV0'(4->3')>    0.15713
|3^CSD(3,2)>    0.30809
|3^CSD(2,1)>   -0.18452
|3^SVD(1,2)>   -0.18452
|3^SVD(2,3)>    0.30809
TDMs with Triplet 'Ground' state
TDMX:0.000   TDMY:0.000   TDMZ:0.000   Oscillator Strength:0.00000   <S**2>: 2.000
--------------------------------------------------------------------
TDMs with Singlet 'Ground' state
TDMX:0.000   TDMY:0.000   TDMZ:0.000   Oscillator Strength:0.00000   <S**2>: 2.000
--------------------------------------------------------------------


State 93 9.915 eV 
Excitation    CI Coef
|1^CS(2->0)>    0.14794
|1^CS(3->0')>    0.06147
|1^CS(2->0')>    0.06048
|1^SV(0->2')>    0.14794
|1^SV(0'->2')>    0.06048
|1^SV(0'->3')>   -0.06147
|1S^CV(3->1')>    0.38467
|1S^CV(3->3')>   -0.07593
|1S^CV(2->1')>    0.06968
|1S^CV(2->2')>   -0.23250
|1S^CV(1->2')>   -0.06968
|1S^CV(1->3')>    0.38467
|1T^CV(3->2')>    0.05417
|1T^CV(2->3')>    0.05417
|1^ZCV0(3->1')>    0.33891
|1^ZCV0(3->3')>   -0.05469
|1^ZCV0(2->2')>   -0.16746
|1^ZCV0(1->3')>    0.21523
|1^ZCV0'(3->1')>   -0.21523
|1^ZCV0'(3->3')>    0.05469
|1^ZCV0'(2->2')>    0.16746
|1^ZCV0'(1->3')>   -0.33891
|1^CSD_(3,3)>    0.13407
|1^CSD_(3,1)>   -0.08890
|1^CSD_(2,2)>    0.12579
|1^CSD_(1,1)>   -0.19541
|1^SVD_(1',1')>   -0.19541
|1^SVD_(1',3')>   -0.08890
|1^SVD_(2',2')>    0.12579
|1^SVD_(3',3')>    0.13407
TDMs with Triplet 'Ground' state
TDMX:0.000   TDMY:0.000   TDMZ:0.000   Oscillator Strength:0.00000   <S**2>: 0.000
--------------------------------------------------------------------
TDMs with Singlet 'Ground' state
TDMX:0.000   TDMY:0.000   TDMZ:0.029   Oscillator Strength:0.00020   <S**2>: 0.000
--------------------------------------------------------------------


State 94 10.002 eV 
Excitation    CI Coef
|1^CS(2->0)>    0.06570
|1^CS(1->0)>   -0.08435
|1^CS(2->0')>   -0.16071
|1^SV(0->1')>    0.08639
|1^SV(0->2')>    0.06864
|1^SV(0'->2')>   -0.16789
|1S^CV(3->2')>    0.29086
|1S^CV(2->1')>   -0.15873
|1S^CV(2->2')>   -0.40674
|1S^CV(2->3')>   -0.28033
|1S^CV(1->2')>    0.16495
|1T^CV(3->1')>    0.06216
|1T^CV(1->3')>   -0.07340
|1^ZCV0(3->2')>    0.06959
|1^ZCV0(2->1')>   -0.06646
|1^ZCV0(2->2')>    0.28236
|1^ZCV0(2->3')>   -0.34089
|1^ZCV0(1->2')>    0.15807
|1^ZCV0'(3->2')>   -0.34940
|1^ZCV0'(2->1')>    0.16219
|1^ZCV0'(2->2')>   -0.28236
|1^ZCV0'(2->3')>    0.06294
|1^ZCV0'(1->2')>   -0.07954
|1^CSD_(2,1)>   -0.14105
|1^SVD_(1',2')>    0.16598
|1^SVD_(2',3')>   -0.05190
TDMs with Triplet 'Ground' state
TDMX:0.000   TDMY:0.000   TDMZ:0.000   Oscillator Strength:0.00000   <S**2>: 0.000
--------------------------------------------------------------------
TDMs with Singlet 'Ground' state
TDMX:0.066   TDMY:0.000   TDMZ:-0.000   Oscillator Strength:0.00100   <S**2>: 0.000
--------------------------------------------------------------------


State 95 10.134 eV 
Excitation    CI Coef
|1^CS(2->0)>    0.07069
|1^CS(3->0')>   -0.05830
|1^CS(1->0')>    0.06899
|1^SV(0->2')>   -0.07069
|1^SV(0'->1')>    0.06899
|1^SV(0'->3')>   -0.05830
|1S^CV(3->2')>    0.15246
|1S^CV(2->1')>    0.11006
|1S^CV(2->3')>    0.15246
|1S^CV(1->2')>    0.11006
|1T^CV(3->2')>    0.37802
|1T^CV(2->1')>    0.08475
|1T^CV(2->3')>   -0.37802
|1T^CV(1->2')>   -0.08475
|1^ZCV0(3->1')>    0.26635
|1^ZCV0(3->2')>   -0.10584
|1^ZCV0(3->3')>    0.10318
|1^ZCV0(2->1')>   -0.07640
|1^ZCV0(2->2')>   -0.09731
|1^ZCV0(2->3')>   -0.10584
|1^ZCV0(1->1')>   -0.16339
|1^ZCV0(1->2')>   -0.07640
|1^ZCV0(1->3')>    0.21157
|1^ZCV0'(3->1')>    0.21157
|1^ZCV0'(3->2')>    0.10584
|1^ZCV0'(3->3')>    0.10318
|1^ZCV0'(2->1')>    0.07640
|1^ZCV0'(2->2')>   -0.09731
|1^ZCV0'(2->3')>    0.10584
|1^ZCV0'(1->1')>   -0.16339
|1^ZCV0'(1->2')>    0.07640
|1^ZCV0'(1->3')>    0.26635
|1^CSD_(3,3)>   -0.10368
|1^CSD_(3,1)>   -0.22378
|1^CSD_(2,2)>   -0.18769
|1^CSD_(1,1)>    0.06849
|1^SVD_(1',1')>   -0.06849
|1^SVD_(1',3')>    0.22378
|1^SVD_(2',2')>    0.18769
|1^SVD_(3',3')>    0.10368
TDMs with Triplet 'Ground' state
TDMX:0.000   TDMY:0.000   TDMZ:0.000   Oscillator Strength:0.00000   <S**2>: 0.000
--------------------------------------------------------------------
TDMs with Singlet 'Ground' state
TDMX:0.000   TDMY:0.000   TDMZ:-0.000   Oscillator Strength:0.00000   <S**2>: 0.000
--------------------------------------------------------------------


State 96 10.163 eV 
Excitation    CI Coef
|3^CS(3->0)>    0.05338
|3^CS(2->0)>    0.12046
|3^CS(3->0')>   -0.13058
|3^CS(1->0')>   -0.06522
|3^SV(0->2')>    0.12046
|3^SV(0->3')>   -0.05338
|3^SV(0'->1')>   -0.06522
|3^SV(0'->3')>   -0.13058
|3T^CV(3->2')>    0.31382
|3T^CV(2->3')>    0.31382
|3S^CV(3->1')>    0.15557
|3S^CV(3->2')>    0.27458
|3S^CV(3->3')>    0.08667
|3S^CV(2->1')>    0.07015
|3S^CV(2->2')>    0.16058
|3S^CV(2->3')>   -0.27458
|3S^CV(1->1')>    0.12353
|3S^CV(1->2')>   -0.07015
|3S^CV(1->3')>    0.15557
|3X^CV(3->2')>    0.08541
|3X^CV(2->3')>   -0.08541
|3^ZCV0(3->2')>   -0.19061
|3^ZCV0(3->3')>    0.06243
|3^ZCV0(2->2')>    0.11566
|3^ZCV0(2->3')>    0.19061
|3^ZCV0(1->1')>    0.08897
|3^ZCV0(1->3')>    0.19402
|3^ZCV0'(6->1')>   -0.19402
|3^ZCV0'(6->2')>    0.19061
|3^ZCV0'(6->3')>   -0.06243
|3^ZCV0'(5->2')>   -0.11566
|3^ZCV0'(5->3')>   -0.19061
|3^ZCV0'(4->1')>   -0.08897
|3^CSD(3,1)>   -0.28338
|3^SVD(1,3)>    0.28338
TDMs with Triplet 'Ground' state
TDMX:0.000   TDMY:0.000   TDMZ:0.000   Oscillator Strength:0.00000   <S**2>: 2.000
--------------------------------------------------------------------
TDMs with Singlet 'Ground' state
TDMX:0.000   TDMY:0.000   TDMZ:0.000   Oscillator Strength:0.00000   <S**2>: 2.000
--------------------------------------------------------------------


State 97 10.303 eV 
Excitation    CI Coef
|1^ZW+>   -0.06374
|1^CS(3->0')>    0.06098
|1^SV(0'->3')>   -0.06098
|1S^CV(3->2')>    0.15303
|1S^CV(3->3')>   -0.39972
|1S^CV(2->3')>   -0.15303
|1S^CV(1->1')>   -0.08103
|1T^CV(3->2')>   -0.21089
|1T^CV(2->1')>    0.12555
|1T^CV(2->3')>   -0.21089
|1T^CV(1->2')>    0.12555
|1^ZCV0(3->1')>    0.20949
|1^ZCV0(3->2')>   -0.10623
|1^ZCV0(3->3')>   -0.28790
|1^ZCV0(2->3')>    0.10623
|1^ZCV0(1->1')>   -0.05837
|1^ZCV0(1->3')>   -0.24765
|1^ZCV0'(3->1')>    0.24765
|1^ZCV0'(3->2')>    0.10623
|1^ZCV0'(3->3')>    0.28790
|1^ZCV0'(2->3')>   -0.10623
|1^ZCV0'(1->1')>    0.05837
|1^ZCV0'(1->3')>   -0.20949
|1^CSD_(3,3)>   -0.08449
|1^CSD_(3,1)>   -0.28997
|1^CSD_(2,2)>   -0.11008
|1^CSD_(1,1)>    0.08563
|1^SVD_(1',1')>    0.08563
|1^SVD_(1',3')>   -0.28997
|1^SVD_(2',2')>   -0.11008
|1^SVD_(3',3')>   -0.08449
TDMs with Triplet 'Ground' state
TDMX:0.000   TDMY:0.000   TDMZ:0.000   Oscillator Strength:0.00000   <S**2>: 0.000
--------------------------------------------------------------------
TDMs with Singlet 'Ground' state
TDMX:0.000   TDMY:0.000   TDMZ:0.123   Oscillator Strength:0.00361   <S**2>: 0.000
--------------------------------------------------------------------


State 98 10.363 eV 
Excitation    CI Coef
|3^CS(3->0)>   -0.05586
|3^SV(0->3')>   -0.05586
|3T^CV(3->1')>   -0.06988
|3T^CV(3->3')>    0.60879
|3T^CV(1->1')>    0.06219
|3T^CV(1->3')>   -0.06988
|3S^CV(3->1')>   -0.19466
|3S^CV(3->2')>   -0.25717
|3S^CV(2->3')>   -0.25717
|3S^CV(1->3')>    0.19466
|3X^CV(3->1')>   -0.10903
|3X^CV(1->3')>    0.10903
|3^ZCV0(3->1')>    0.13513
|3^ZCV0(2->3')>   -0.32650
|3^ZCV0(1->3')>   -0.13513
|3^ZCV0'(6->1')>   -0.13513
|3^ZCV0'(6->2')>    0.32650
|3^ZCV0'(4->3')>    0.13513
|3^CSD(3,2)>   -0.15844
|3^CSD(2,1)>   -0.12107
|3^SVD(1,2)>    0.12107
|3^SVD(2,3)>    0.15844
TDMs with Triplet 'Ground' state
TDMX:-0.000   TDMY:0.000   TDMZ:-0.168   Oscillator Strength:0.00713   <S**2>: 2.000
--------------------------------------------------------------------
TDMs with Singlet 'Ground' state
TDMX:0.000   TDMY:0.000   TDMZ:0.000   Oscillator Strength:0.00000   <S**2>: 2.000
--------------------------------------------------------------------


State 99 10.400 eV 
Excitation    CI Coef
|1S^CV(3->1')>   -0.11174
|1S^CV(3->2')>    0.17174
|1S^CV(3->3')>    0.23223
|1S^CV(2->2')>    0.10358
|1S^CV(2->3')>   -0.17683
|1S^CV(1->1')>    0.29938
|1S^CV(1->3')>   -0.10532
|1T^CV(3->1')>    0.37466
|1T^CV(1->3')>   -0.33753
|1^ZCV0(3->1')>    0.07757
|1^ZCV0(3->2')>    0.25140
|1^ZCV0(3->3')>   -0.16121
|1^ZCV0(2->1')>   -0.17423
|1^ZCV0(2->2')>   -0.07190
|1^ZCV0(1->1')>   -0.20783
|1^ZCV0(1->2')>   -0.22235
|1^ZCV0(1->3')>    0.07311
|1^ZCV0'(3->1')>   -0.07757
|1^ZCV0'(3->3')>    0.16121
|1^ZCV0'(2->1')>   -0.17312
|1^ZCV0'(2->2')>    0.07190
|1^ZCV0'(2->3')>    0.26438
|1^ZCV0'(1->1')>    0.20783
|1^ZCV0'(1->2')>   -0.20317
|1^ZCV0'(1->3')>   -0.07311
|1^CSD_(3,2)>    0.13791
|1^CSD_(2,1)>    0.07726
|1^SVD_(1',2')>   -0.07227
|1^SVD_(2',3')>   -0.13887
TDMs with Triplet 'Ground' state
TDMX:0.000   TDMY:0.000   TDMZ:0.000   Oscillator Strength:0.00000   <S**2>: 0.000
--------------------------------------------------------------------
TDMs with Singlet 'Ground' state
TDMX:-0.161   TDMY:0.000   TDMZ:-0.000   Oscillator Strength:0.00633   <S**2>: 0.000
--------------------------------------------------------------------


State 100 10.546 eV 
Excitation    CI Coef
|3^CS(2->0)>    0.06751
|3^SV(0->2')>   -0.06751
|3T^CV(3->2')>    0.11121
|3T^CV(2->3')>   -0.11121
|3S^CV(3->2')>    0.19944
|3S^CV(2->1')>   -0.24498
|3S^CV(2->3')>    0.19944
|3S^CV(1->2')>   -0.24498
|3X^CV(3->2')>   -0.10179
|3X^CV(2->1')>    0.06083
|3X^CV(2->3')>   -0.10179
|3X^CV(1->2')>    0.06083
|3^ZCV0(3->1')>    0.28136
|3^ZCV0(3->2')>   -0.13845
|3^ZCV0(3->3')>    0.12411
|3^ZCV0(2->1')>    0.17006
|3^ZCV0(2->2')>    0.07757
|3^ZCV0(2->3')>   -0.13845
|3^ZCV0(1->1')>    0.08672
|3^ZCV0(1->2')>    0.17006
|3^ZCV0(1->3')>    0.23258
|3^ZCV0'(6->1')>    0.23258
|3^ZCV0'(6->2')>    0.13845
|3^ZCV0'(6->3')>    0.12411
|3^ZCV0'(5->1')>   -0.17006
|3^ZCV0'(5->2')>    0.07757
|3^ZCV0'(5->3')>    0.13845
|3^ZCV0'(4->1')>    0.08672
|3^ZCV0'(4->2')>   -0.17006
|3^ZCV0'(4->3')>    0.28136
|3^CSD(3,1)>   -0.32342
|3^SVD(1,3)>   -0.32342
TDMs with Triplet 'Ground' state
TDMX:0.050   TDMY:0.000   TDMZ:-0.000   Oscillator Strength:0.00063   <S**2>: 2.000
--------------------------------------------------------------------
TDMs with Singlet 'Ground' state
TDMX:0.000   TDMY:0.000   TDMZ:0.000   Oscillator Strength:0.00000   <S**2>: 2.000
--------------------------------------------------------------------


State 101 10.576 eV 
Excitation    CI Coef
|1S^CV(3->2')>   -0.19383
|1S^CV(2->3')>   -0.19383
|1^ZCV0(3->1')>    0.05507
|1^ZCV0(3->2')>    0.13455
|1^ZCV0(3->3')>   -0.16345
|1^ZCV0(2->2')>   -0.06685
|1^ZCV0(2->3')>    0.13455
|1^ZCV0(1->1')>   -0.52343
|1^ZCV0'(3->2')>   -0.13455
|1^ZCV0'(3->3')>   -0.16345
|1^ZCV0'(2->2')>   -0.06685
|1^ZCV0'(2->3')>   -0.13455
|1^ZCV0'(1->1')>   -0.52343
|1^ZCV0'(1->3')>    0.05507
|1^CSD_(3,3)>    0.14801
|1^CSD_(3,1)>   -0.12142
|1^CSD_(2,2)>    0.15089
|1^CSD_(1,1)>   -0.23004
|1^SVD_(1',1')>    0.23004
|1^SVD_(1',3')>    0.12142
|1^SVD_(2',2')>   -0.15089
|1^SVD_(3',3')>   -0.14801
TDMs with Triplet 'Ground' state
TDMX:0.000   TDMY:0.000   TDMZ:0.000   Oscillator Strength:0.00000   <S**2>: 0.000
--------------------------------------------------------------------
TDMs with Singlet 'Ground' state
TDMX:-0.000   TDMY:0.000   TDMZ:-0.000   Oscillator Strength:0.00000   <S**2>: 0.000
--------------------------------------------------------------------


State 102 10.719 eV 
Excitation    CI Coef
|3^CS(1->0)>    0.08219
|3^CS(2->0')>   -0.09659
|3^SV(0->1')>    0.08219
|3^SV(0'->2')>   -0.09659
|3T^CV(3->1')>    0.09022
|3T^CV(3->3')>    0.11887
|3T^CV(2->2')>    0.08160
|3T^CV(1->3')>    0.09022
|3S^CV(3->1')>   -0.13357
|3S^CV(3->2')>    0.08827
|3S^CV(2->1')>    0.14900
|3S^CV(2->3')>    0.08827
|3S^CV(1->2')>    0.14900
|3S^CV(1->3')>    0.13357
|3X^CV(3->1')>    0.12114
|3X^CV(1->3')>   -0.12114
|3^ZCV0(3->1')>    0.09272
|3^ZCV0(3->2')>   -0.23857
|3^ZCV0(2->1')>    0.09343
|3^ZCV0(2->3')>    0.36574
|3^ZCV0(1->2')>    0.12120
|3^ZCV0(1->3')>   -0.09272
|3^ZCV0'(6->1')>   -0.09272
|3^ZCV0'(6->2')>   -0.36574
|3^ZCV0'(5->1')>   -0.12120
|3^ZCV0'(5->3')>    0.23857
|3^ZCV0'(4->2')>   -0.09343
|3^ZCV0'(4->3')>    0.09272
|3^CSD(3,2)>   -0.39304
|3^CSD(2,1)>   -0.10852
|3^SVD(1,2)>    0.10852
|3^SVD(2,3)>    0.39304
TDMs with Triplet 'Ground' state
TDMX:-0.000   TDMY:0.000   TDMZ:-0.042   Oscillator Strength:0.00047   <S**2>: 2.000
--------------------------------------------------------------------
TDMs with Singlet 'Ground' state
TDMX:0.000   TDMY:0.000   TDMZ:0.000   Oscillator Strength:0.00000   <S**2>: 2.000
--------------------------------------------------------------------


State 103 10.821 eV 
Excitation    CI Coef
|3^CS(2->0)>   -0.07822
|3^CS(3->0')>    0.06535
|3^SV(0->2')>    0.07822
|3^SV(0'->3')>   -0.06535
|3T^CV(3->2')>   -0.18055
|3T^CV(2->3')>    0.18055
|3S^CV(3->1')>   -0.10731
|3S^CV(3->2')>    0.08974
|3S^CV(2->3')>    0.08974
|3S^CV(1->3')>    0.10731
|3X^CV(3->2')>   -0.60524
|3X^CV(2->3')>   -0.60524
|3^ZCV0(3->1')>   -0.18855
|3^ZCV0(3->2')>   -0.06230
|3^ZCV0(3->3')>    0.13829
|3^ZCV0(2->3')>   -0.06230
|3^ZCV0'(6->2')>    0.06230
|3^ZCV0'(6->3')>    0.13829
|3^ZCV0'(5->3')>    0.06230
|3^ZCV0'(4->3')>   -0.18855
TDMs with Triplet 'Ground' state
TDMX:0.063   TDMY:0.000   TDMZ:-0.000   Oscillator Strength:0.00106   <S**2>: 2.000
--------------------------------------------------------------------
TDMs with Singlet 'Ground' state
TDMX:0.000   TDMY:0.000   TDMZ:0.000   Oscillator Strength:0.00000   <S**2>: 2.000
--------------------------------------------------------------------


State 104 10.878 eV 
Excitation    CI Coef
|1^CS(3->0)>    0.05833
|1^CS(1->0)>    0.05039
|1^SV(0->1')>    0.08314
|1^SV(0'->2')>    0.05567
|1S^CV(3->1')>    0.21437
|1S^CV(3->2')>   -0.14526
|1S^CV(2->1')>   -0.05883
|1S^CV(2->3')>   -0.14082
|1S^CV(1->2')>   -0.07136
|1T^CV(3->1')>    0.13662
|1T^CV(2->2')>    0.16943
|1T^CV(1->1')>    0.16351
|1T^CV(1->3')>    0.31844
|1^ZCV0(3->1')>   -0.14882
|1^ZCV0(3->2')>   -0.13842
|1^ZCV0(2->1')>    0.17770
|1^ZCV0(1->2')>   -0.33004
|1^ZCV0'(3->1')>    0.14882
|1^ZCV0'(3->2')>    0.07082
|1^ZCV0'(2->1')>    0.26245
|1^ZCV0'(2->3')>    0.22679
|1^ZCV0'(1->2')>   -0.22724
|1^CSD_(2,1)>    0.32642
|1^SVD_(1',2')>    0.37397
|1^SVD_(2',3')>   -0.25405
TDMs with Triplet 'Ground' state
TDMX:0.000   TDMY:0.000   TDMZ:0.000   Oscillator Strength:0.00000   <S**2>: 0.000
--------------------------------------------------------------------
TDMs with Singlet 'Ground' state
TDMX:0.030   TDMY:0.000   TDMZ:-0.000   Oscillator Strength:0.00023   <S**2>: 0.000
--------------------------------------------------------------------


State 105 10.918 eV 
Excitation    CI Coef
|1^ZW+>    0.15852
|1^CS(2->0)>   -0.13061
|1^CS(1->0)>   -0.08202
|1^CS(3->0')>    0.11459
|1^CS(2->0')>   -0.05340
|1^CS(1->0')>    0.20062
|1^SV(0->1')>    0.08202
|1^SV(0->2')>   -0.13061
|1^SV(0'->1')>   -0.20062
|1^SV(0'->2')>   -0.05340
|1^SV(0'->3')>   -0.11459
|1S^CV(3->1')>    0.12364
|1S^CV(3->3')>   -0.06948
|1S^CV(2->1')>   -0.24767
|1S^CV(2->2')>    0.14233
|1S^CV(1->1')>    0.15676
|1S^CV(1->2')>    0.24767
|1S^CV(1->3')>    0.12364
|1T^CV(3->2')>    0.07437
|1T^CV(2->1')>   -0.31088
|1T^CV(2->3')>    0.07437
|1T^CV(1->2')>   -0.31088
|1^ZCV0(3->1')>    0.06801
|1^ZCV0(3->3')>   -0.05005
|1^ZCV0(2->1')>    0.17193
|1^ZCV0(2->2')>    0.10252
|1^ZCV0(1->1')>    0.11291
|1^ZCV0(1->2')>   -0.17193
|1^ZCV0(1->3')>    0.11009
|1^ZCV0'(3->1')>   -0.11009
|1^ZCV0'(3->3')>    0.05005
|1^ZCV0'(2->1')>   -0.17193
|1^ZCV0'(2->2')>   -0.10252
|1^ZCV0'(1->1')>   -0.11291
|1^ZCV0'(1->2')>    0.17193
|1^ZCV0'(1->3')>   -0.06801
|1^CSD_(3,3)>   -0.14928
|1^CSD_(3,1)>   -0.11110
|1^CSD_(2,2)>    0.20646
|1^CSD_(1,1)>    0.14196
|1^SVD_(1',1')>    0.14196
|1^SVD_(1',3')>   -0.11110
|1^SVD_(2',2')>    0.20646
|1^SVD_(3',3')>   -0.14928
TDMs with Triplet 'Ground' state
TDMX:0.000   TDMY:0.000   TDMZ:0.000   Oscillator Strength:0.00000   <S**2>: 0.000
--------------------------------------------------------------------
TDMs with Singlet 'Ground' state
TDMX:-0.000   TDMY:0.000   TDMZ:-0.162   Oscillator Strength:0.00667   <S**2>: 0.000
--------------------------------------------------------------------


State 106 10.972 eV 
Excitation    CI Coef
|1^CS(3->0')>   -0.10947
|1^CS(1->0')>    0.05605
|1^SV(0'->1')>    0.05605
|1^SV(0'->3')>   -0.10947
|1S^CV(3->1')>   -0.11614
|1S^CV(3->2')>   -0.21984
|1S^CV(2->1')>    0.05868
|1S^CV(2->3')>   -0.21984
|1S^CV(1->2')>    0.05868
|1S^CV(1->3')>    0.11614
|1T^CV(3->2')>    0.20710
|1T^CV(2->1')>    0.17142
|1T^CV(2->3')>   -0.20710
|1T^CV(1->2')>   -0.17142
|1^ZCV0(3->1')>   -0.11773
|1^ZCV0(3->2')>    0.15261
|1^ZCV0(2->2')>   -0.36289
|1^ZCV0(2->3')>    0.15261
|1^ZCV0(1->1')>    0.17533
|1^ZCV0'(3->2')>   -0.15261
|1^ZCV0'(2->2')>   -0.36289
|1^ZCV0'(2->3')>   -0.15261
|1^ZCV0'(1->1')>    0.17533
|1^ZCV0'(1->3')>   -0.11773
|1^CSD_(3,3)>   -0.19479
|1^CSD_(2,2)>    0.27183
|1^CSD_(1,1)>    0.05162
|1^SVD_(1',1')>   -0.05162
|1^SVD_(2',2')>   -0.27183
|1^SVD_(3',3')>    0.19479
TDMs with Triplet 'Ground' state
TDMX:0.000   TDMY:0.000   TDMZ:0.000   Oscillator Strength:0.00000   <S**2>: 0.000
--------------------------------------------------------------------
TDMs with Singlet 'Ground' state
TDMX:0.000   TDMY:0.000   TDMZ:0.000   Oscillator Strength:0.00000   <S**2>: 0.000
--------------------------------------------------------------------


State 107 11.000 eV 
Excitation    CI Coef
|3T^CV(3->1')>   -0.05537
|3T^CV(1->3')>    0.05537
|3S^CV(3->1')>    0.15506
|3S^CV(2->2')>    0.10511
|3S^CV(1->1')>    0.09892
|3S^CV(1->3')>    0.15506
|3X^CV(3->3')>   -0.30660
|3X^CV(2->2')>   -0.18005
|3X^CV(1->1')>    0.12131
|3^ZCV0(3->1')>   -0.10764
|3^ZCV0(2->1')>   -0.36992
|3^ZCV0(2->2')>   -0.07296
|3^ZCV0(1->1')>   -0.06867
|3^ZCV0(1->2')>   -0.36403
|3^ZCV0(1->3')>   -0.10764
|3^ZCV0'(6->1')>    0.10764
|3^ZCV0'(5->1')>   -0.36403
|3^ZCV0'(5->2')>    0.07296
|3^ZCV0'(4->1')>    0.06867
|3^ZCV0'(4->2')>   -0.36992
|3^ZCV0'(4->3')>    0.10764
|3^CSD(3,2)>    0.13139
|3^CSD(2,1)>    0.25401
|3^SVD(1,2)>    0.25401
|3^SVD(2,3)>    0.13139
TDMs with Triplet 'Ground' state
TDMX:-0.000   TDMY:0.000   TDMZ:-0.000   Oscillator Strength:0.00000   <S**2>: 2.000
--------------------------------------------------------------------
TDMs with Singlet 'Ground' state
TDMX:0.000   TDMY:0.000   TDMZ:0.000   Oscillator Strength:0.00000   <S**2>: 2.000
--------------------------------------------------------------------


State 108 11.034 eV 
Excitation    CI Coef
|1^CS(3->0)>    0.07064
|1^SV(0->3')>    0.20002
|1^SV(0'->3')>    0.08177
|1S^CV(3->1')>   -0.15791
|1S^CV(3->2')>   -0.06347
|1S^CV(2->1')>   -0.13432
|1S^CV(2->3')>   -0.06623
|1S^CV(1->2')>   -0.11130
|1S^CV(1->3')>   -0.07693
|1T^CV(3->1')>    0.21331
|1T^CV(3->3')>   -0.31196
|1T^CV(2->2')>    0.09652
|1T^CV(1->1')>    0.16003
|1T^CV(1->3')>    0.09935
|1^ZCV0(3->1')>    0.10962
|1^ZCV0(3->2')>    0.12574
|1^ZCV0(2->1')>    0.05137
|1^ZCV0(2->3')>   -0.35426
|1^ZCV0(1->2')>   -0.12738
|1^ZCV0(1->3')>    0.05340
|1^ZCV0'(3->1')>   -0.10962
|1^ZCV0'(3->2')>    0.21718
|1^ZCV0'(2->1')>    0.24486
|1^ZCV0'(2->3')>   -0.25885
|1^ZCV0'(1->3')>   -0.05340
|1^CSD_(3,2)>    0.26491
|1^SVD_(2',3')>    0.48664
TDMs with Triplet 'Ground' state
TDMX:0.000   TDMY:0.000   TDMZ:0.000   Oscillator Strength:0.00000   <S**2>: 0.000
--------------------------------------------------------------------
TDMs with Singlet 'Ground' state
TDMX:-0.016   TDMY:0.000   TDMZ:0.000   Oscillator Strength:0.00007   <S**2>: 0.000
--------------------------------------------------------------------


State 109 11.095 eV 
Excitation    CI Coef
|1^CS(3->0)>   -0.15157
|1^CS(1->0)>    0.05314
|1^CS(3->0')>   -0.06196
|1^SV(0->3')>    0.05248
|1S^CV(3->1')>   -0.20692
|1S^CV(3->2')>   -0.11877
|1S^CV(2->3')>    0.05789
|1S^CV(1->2')>    0.06265
|1S^CV(1->3')>   -0.33734
|1T^CV(3->1')>    0.26868
|1T^CV(3->3')>    0.11316
|1T^CV(1->3')>   -0.24346
|1^ZCV0(3->1')>    0.14364
|1^ZCV0(3->2')>   -0.34938
|1^ZCV0(2->1')>    0.17240
|1^ZCV0(1->2')>    0.16392
|1^ZCV0(1->3')>    0.23418
|1^ZCV0'(3->1')>   -0.14364
|1^ZCV0'(3->2')>   -0.17830
|1^ZCV0'(2->1')>    0.18550
|1^ZCV0'(2->3')>   -0.06669
|1^ZCV0'(1->2')>    0.07368
|1^ZCV0'(1->3')>   -0.23418
|1^CSD_(3,2)>   -0.42781
|1^CSD_(2,1)>    0.18741
|1^SVD_(1',2')>    0.05782
|1^SVD_(2',3')>    0.05812
TDMs with Triplet 'Ground' state
TDMX:0.000   TDMY:0.000   TDMZ:0.000   Oscillator Strength:0.00000   <S**2>: 0.000
--------------------------------------------------------------------
TDMs with Singlet 'Ground' state
TDMX:-0.014   TDMY:0.000   TDMZ:0.000   Oscillator Strength:0.00005   <S**2>: 0.000
--------------------------------------------------------------------


State 110 11.194 eV 
Excitation    CI Coef
|1^OS>   -0.06490
|1^ZW->   -0.06610
|1^CS(3->0)>    0.06669
|1^CS(3->0')>   -0.16313
|1^SV(0->3')>    0.06669
|1^SV(0'->3')>   -0.16313
|1S^CV(3->1')>   -0.16222
|1S^CV(3->2')>    0.06094
|1S^CV(2->1')>    0.12156
|1S^CV(2->3')>    0.06094
|1S^CV(1->2')>    0.12156
|1S^CV(1->3')>    0.16222
|1T^CV(3->2')>    0.28400
|1T^CV(2->1')>    0.10741
|1T^CV(2->3')>   -0.28400
|1T^CV(1->2')>   -0.10741
|1^ZCV0(3->1')>   -0.30192
|1^ZCV0(2->1')>   -0.08438
|1^ZCV0(2->2')>    0.14303
|1^ZCV0(1->1')>   -0.07890
|1^ZCV0(1->2')>   -0.08438
|1^ZCV0(1->3')>   -0.06824
|1^ZCV0'(3->1')>   -0.06824
|1^ZCV0'(2->1')>    0.08438
|1^ZCV0'(2->2')>    0.14303
|1^ZCV0'(1->1')>   -0.07890
|1^ZCV0'(1->2')>    0.08438
|1^ZCV0'(1->3')>   -0.30192
|1^CSD_(3,3)>    0.16649
|1^CSD_(3,1)>    0.30726
|1^CSD_(2,2)>   -0.14848
|1^CSD_(1,1)>   -0.20622
|1^SVD_(1',1')>    0.20622
|1^SVD_(1',3')>   -0.30726
|1^SVD_(2',2')>    0.14848
|1^SVD_(3',3')>   -0.16649
TDMs with Triplet 'Ground' state
TDMX:0.000   TDMY:0.000   TDMZ:0.000   Oscillator Strength:0.00000   <S**2>: 0.000
--------------------------------------------------------------------
TDMs with Singlet 'Ground' state
TDMX:-0.000   TDMY:0.000   TDMZ:0.000   Oscillator Strength:0.00000   <S**2>: 0.000
--------------------------------------------------------------------


State 111 11.547 eV 
Excitation    CI Coef
|3^CS(3->0)>    0.09164
|3^SV(0->3')>    0.09164
|3T^CV(3->3')>    0.74565
|3T^CV(2->2')>    0.05121
|3S^CV(3->1')>    0.13637
|3S^CV(3->2')>    0.24011
|3S^CV(2->3')>    0.24011
|3S^CV(1->3')>   -0.13637
|3X^CV(3->1')>    0.15138
|3X^CV(1->3')>   -0.15138
|3^ZCV0(3->1')>   -0.09467
|3^ZCV0(3->2')>    0.20092
|3^ZCV0(2->3')>    0.14496
|3^ZCV0(1->2')>   -0.07412
|3^ZCV0(1->3')>    0.09467
|3^ZCV0'(6->1')>    0.09467
|3^ZCV0'(6->2')>   -0.14496
|3^ZCV0'(5->1')>    0.07412
|3^ZCV0'(5->3')>   -0.20092
|3^ZCV0'(4->3')>   -0.09467
|3^CSD(3,2)>    0.11126
|3^CSD(2,1)>    0.08708
|3^SVD(1,2)>   -0.08708
|3^SVD(2,3)>   -0.11126
TDMs with Triplet 'Ground' state
TDMX:-0.000   TDMY:0.000   TDMZ:-0.073   Oscillator Strength:0.00149   <S**2>: 2.000
--------------------------------------------------------------------
TDMs with Singlet 'Ground' state
TDMX:0.000   TDMY:0.000   TDMZ:0.000   Oscillator Strength:0.00000   <S**2>: 2.000
--------------------------------------------------------------------


State 112 11.564 eV 
Excitation    CI Coef
|3^CS(3->0')>   -0.06891
|3^SV(0'->3')>   -0.06891
|3T^CV(3->2')>    0.08733
|3T^CV(2->3')>    0.08733
|3S^CV(3->3')>    0.46714
|3S^CV(2->2')>    0.11679
|3S^CV(1->1')>   -0.08009
|3X^CV(3->2')>    0.06533
|3X^CV(2->1')>    0.06022
|3X^CV(2->3')>   -0.06533
|3X^CV(1->2')>   -0.06022
|3^ZCV0(3->1')>   -0.18455
|3^ZCV0(3->3')>    0.33646
|3^ZCV0(2->2')>    0.08412
|3^ZCV0(1->1')>   -0.05769
|3^ZCV0(1->3')>    0.19811
|3^ZCV0'(6->1')>   -0.19811
|3^ZCV0'(6->3')>   -0.33646
|3^ZCV0'(5->2')>   -0.08412
|3^ZCV0'(4->1')>    0.05769
|3^ZCV0'(4->3')>    0.18455
|3^CSD(3,1)>    0.40204
|3^SVD(1,3)>   -0.40204
TDMs with Triplet 'Ground' state
TDMX:-0.000   TDMY:0.000   TDMZ:-0.000   Oscillator Strength:0.00000   <S**2>: 2.000
--------------------------------------------------------------------
TDMs with Singlet 'Ground' state
TDMX:0.000   TDMY:0.000   TDMZ:0.000   Oscillator Strength:0.00000   <S**2>: 2.000
--------------------------------------------------------------------


State 113 11.600 eV 
Excitation    CI Coef
|1^ZW+>   -0.05692
|1^CS(3->0')>    0.11198
|1^SV(0'->3')>   -0.11198
|1S^CV(3->2')>    0.35020
|1S^CV(3->3')>    0.26021
|1S^CV(2->2')>   -0.11744
|1S^CV(2->3')>   -0.35020
|1T^CV(3->2')>    0.26964
|1T^CV(2->1')>    0.18137
|1T^CV(2->3')>    0.26964
|1T^CV(1->2')>    0.18137
|1^ZCV0(3->2')>   -0.24310
|1^ZCV0(3->3')>    0.18742
|1^ZCV0(2->2')>   -0.08459
|1^ZCV0(2->3')>    0.24310
|1^ZCV0(1->3')>    0.05179
|1^ZCV0'(3->1')>   -0.05179
|1^ZCV0'(3->2')>    0.24310
|1^ZCV0'(3->3')>   -0.18742
|1^ZCV0'(2->2')>    0.08459
|1^ZCV0'(2->3')>   -0.24310
|1^CSD_(3,3)>   -0.16576
|1^CSD_(3,1)>   -0.13392
|1^SVD_(1',3')>   -0.13392
|1^SVD_(3',3')>   -0.16576
TDMs with Triplet 'Ground' state
TDMX:0.000   TDMY:0.000   TDMZ:0.000   Oscillator Strength:0.00000   <S**2>: 0.000
--------------------------------------------------------------------
TDMs with Singlet 'Ground' state
TDMX:0.000   TDMY:0.000   TDMZ:-0.121   Oscillator Strength:0.00400   <S**2>: 0.000
--------------------------------------------------------------------


State 114 11.660 eV 
Excitation    CI Coef
|1^CS(3->0)>    0.24727
|1^CS(1->0)>   -0.05314
|1^CS(3->0')>    0.10109
|1^CS(2->0')>   -0.08682
|1^SV(0->3')>   -0.23054
|1^SV(0'->2')>   -0.08420
|1^SV(0'->3')>   -0.09425
|1S^CV(3->1')>    0.05586
|1S^CV(3->2')>   -0.26177
|1S^CV(3->3')>    0.19835
|1S^CV(2->2')>   -0.21793
|1S^CV(2->3')>    0.27222
|1S^CV(1->1')>    0.08824
|1S^CV(1->3')>    0.07313
|1T^CV(3->1')>    0.26383
|1T^CV(1->3')>   -0.25973
|1^ZCV0(3->2')>   -0.09467
|1^ZCV0(3->3')>   -0.13769
|1^ZCV0(2->1')>    0.06441
|1^ZCV0(2->2')>    0.15128
|1^ZCV0(2->3')>    0.20911
|1^ZCV0(1->1')>   -0.06125
|1^ZCV0(1->2')>    0.11829
|1^ZCV0(1->3')>   -0.05076
|1^ZCV0'(3->2')>    0.28241
|1^ZCV0'(3->3')>    0.13769
|1^ZCV0'(2->1')>    0.12816
|1^ZCV0'(2->2')>   -0.15128
|1^ZCV0'(2->3')>   -0.18303
|1^ZCV0'(1->1')>    0.06125
|1^ZCV0'(1->2')>    0.07940
|1^ZCV0'(1->3')>    0.05076
|1^CSD_(3,2)>    0.08845
|1^CSD_(2,1)>   -0.28282
|1^SVD_(1',2')>    0.25108
TDMs with Triplet 'Ground' state
TDMX:0.000   TDMY:0.000   TDMZ:0.000   Oscillator Strength:0.00000   <S**2>: 0.000
--------------------------------------------------------------------
TDMs with Singlet 'Ground' state
TDMX:0.168   TDMY:0.000   TDMZ:-0.000   Oscillator Strength:0.00773   <S**2>: 0.000
--------------------------------------------------------------------


State 115 11.740 eV 
Excitation    CI Coef
|3^OS>   -0.06881
|3^CS(3->0)>   -0.10294
|3^SV(0->3')>    0.10294
|3T^CV(3->1')>   -0.05341
|3T^CV(1->3')>    0.05341
|3S^CV(3->1')>   -0.14348
|3S^CV(3->2')>   -0.09904
|3S^CV(2->2')>   -0.05432
|3S^CV(2->3')>    0.09904
|3S^CV(1->1')>   -0.06262
|3S^CV(1->3')>   -0.14348
|3X^CV(3->3')>   -0.84982
|3X^CV(2->2')>   -0.18934
|3X^CV(1->1')>    0.07760
|3^ZCV0(3->1')>    0.09960
|3^ZCV0(3->2')>   -0.07813
|3^ZCV0(2->1')>    0.08011
|3^ZCV0(2->3')>    0.06454
|3^ZCV0(1->2')>    0.13743
|3^ZCV0(1->3')>    0.09960
|3^ZCV0'(6->1')>   -0.09960
|3^ZCV0'(6->2')>    0.06454
|3^ZCV0'(5->1')>    0.13743
|3^ZCV0'(5->3')>   -0.07813
|3^ZCV0'(4->2')>    0.08011
|3^ZCV0'(4->3')>   -0.09960
|3^CSD(3,2)>   -0.05903
|3^SVD(2,3)>   -0.05903
TDMs with Triplet 'Ground' state
TDMX:-0.000   TDMY:0.000   TDMZ:-0.000   Oscillator Strength:0.00000   <S**2>: 2.000
--------------------------------------------------------------------
TDMs with Singlet 'Ground' state
TDMX:0.000   TDMY:0.000   TDMZ:0.000   Oscillator Strength:0.00000   <S**2>: 2.000
--------------------------------------------------------------------


State 116 11.812 eV 
Excitation    CI Coef
|3^CS(3->0)>    0.13587
|3^CS(1->0)>   -0.05383
|3^CS(3->0')>    0.05555
|3^SV(0->1')>   -0.05383
|3^SV(0->3')>    0.13587
|3^SV(0'->3')>   -0.05555
|3T^CV(3->3')>   -0.18810
|3T^CV(1->1')>    0.05573
|3S^CV(3->1')>   -0.33737
|3S^CV(3->2')>    0.18460
|3S^CV(2->3')>    0.18460
|3S^CV(1->3')>    0.33737
|3X^CV(3->1')>    0.08611
|3X^CV(1->3')>   -0.08611
|3^ZCV0(3->1')>    0.23420
|3^ZCV0(3->2')>    0.30793
|3^ZCV0(2->1')>    0.17775
|3^ZCV0(1->2')>   -0.23770
|3^ZCV0(1->3')>   -0.23420
|3^ZCV0'(6->1')>   -0.23420
|3^ZCV0'(5->1')>    0.23770
|3^ZCV0'(5->3')>   -0.30793
|3^ZCV0'(4->2')>   -0.17775
|3^ZCV0'(4->3')>    0.23420
TDMs with Triplet 'Ground' state
TDMX:-0.000   TDMY:0.000   TDMZ:-0.035   Oscillator Strength:0.00035   <S**2>: 2.000
--------------------------------------------------------------------
TDMs with Singlet 'Ground' state
TDMX:0.000   TDMY:0.000   TDMZ:0.000   Oscillator Strength:0.00000   <S**2>: 2.000
--------------------------------------------------------------------


State 117 11.844 eV 
Excitation    CI Coef
|3^CS(3->0')>    0.10327
|3^SV(0'->3')>   -0.10327
|3T^CV(2->1')>   -0.05250
|3T^CV(1->2')>    0.05250
|3S^CV(3->1')>   -0.18666
|3S^CV(3->2')>   -0.27887
|3S^CV(2->1')>   -0.11116
|3S^CV(2->3')>   -0.27887
|3S^CV(1->2')>   -0.11116
|3S^CV(1->3')>    0.18666
|3X^CV(3->2')>   -0.12654
|3X^CV(2->3')>   -0.12654
|3^ZCV0(3->2')>    0.19359
|3^ZCV0(3->3')>   -0.23950
|3^ZCV0(2->1')>    0.07717
|3^ZCV0(2->2')>    0.20220
|3^ZCV0(2->3')>    0.19359
|3^ZCV0(1->1')>    0.21432
|3^ZCV0(1->2')>    0.07717
|3^ZCV0(1->3')>    0.31556
|3^ZCV0'(6->1')>    0.31556
|3^ZCV0'(6->2')>   -0.19359
|3^ZCV0'(6->3')>   -0.23950
|3^ZCV0'(5->1')>   -0.07717
|3^ZCV0'(5->2')>    0.20220
|3^ZCV0'(5->3')>   -0.19359
|3^ZCV0'(4->1')>    0.21432
|3^ZCV0'(4->2')>   -0.07717
|3^CSD(3,1)>    0.09969
|3^SVD(1,3)>    0.09969
TDMs with Triplet 'Ground' state
TDMX:0.050   TDMY:0.000   TDMZ:-0.000   Oscillator Strength:0.00074   <S**2>: 2.000
--------------------------------------------------------------------
TDMs with Singlet 'Ground' state
TDMX:0.000   TDMY:0.000   TDMZ:0.000   Oscillator Strength:0.00000   <S**2>: 2.000
--------------------------------------------------------------------


State 118 11.850 eV 
Excitation    CI Coef
|3T^CV(3->1')>   -0.08266
|3T^CV(1->3')>    0.08266
|3S^CV(3->3')>   -0.49012
|3S^CV(1->1')>    0.10537
|3X^CV(3->1')>   -0.05501
|3X^CV(1->3')>   -0.05501
|3^ZCV0(3->2')>   -0.25230
|3^ZCV0(3->3')>    0.34024
|3^ZCV0(2->3')>   -0.22916
|3^ZCV0(1->1')>   -0.07314
|3^ZCV0'(6->2')>   -0.22916
|3^ZCV0'(6->3')>   -0.34024
|3^ZCV0'(5->3')>   -0.25230
|3^ZCV0'(4->1')>    0.07314
|3^CSD(3,2)>   -0.34762
|3^SVD(2,3)>   -0.34762
TDMs with Triplet 'Ground' state
TDMX:0.000   TDMY:0.000   TDMZ:-0.000   Oscillator Strength:0.00000   <S**2>: 2.000
--------------------------------------------------------------------
TDMs with Singlet 'Ground' state
TDMX:0.000   TDMY:0.000   TDMZ:0.000   Oscillator Strength:0.00000   <S**2>: 2.000
--------------------------------------------------------------------


State 119 11.976 eV 
Excitation    CI Coef
|1^CS(1->0)>   -0.06066
|1S^CV(3->1')>   -0.31790
|1S^CV(3->3')>    0.22365
|1S^CV(2->2')>   -0.13016
|1S^CV(1->1')>   -0.12351
|1S^CV(1->3')>   -0.27749
|1T^CV(3->1')>   -0.27404
|1T^CV(1->3')>    0.24123
|1^ZCV0(3->1')>    0.22068
|1^ZCV0(3->2')>    0.19353
|1^ZCV0(3->3')>   -0.15526
|1^ZCV0(2->1')>    0.17227
|1^ZCV0(2->2')>    0.09036
|1^ZCV0(2->3')>    0.17211
|1^ZCV0(1->1')>    0.08574
|1^ZCV0(1->2')>    0.13979
|1^ZCV0(1->3')>    0.19263
|1^ZCV0'(3->1')>   -0.22068
|1^ZCV0'(3->2')>    0.15119
|1^ZCV0'(3->3')>    0.15526
|1^ZCV0'(2->1')>    0.15323
|1^ZCV0'(2->2')>   -0.09036
|1^ZCV0'(2->3')>    0.16365
|1^ZCV0'(1->1')>   -0.08574
|1^ZCV0'(1->2')>    0.14529
|1^ZCV0'(1->3')>   -0.19263
|1^CSD_(3,2)>    0.26099
|1^SVD_(2',3')>   -0.25313
TDMs with Triplet 'Ground' state
TDMX:0.000   TDMY:0.000   TDMZ:0.000   Oscillator Strength:0.00000   <S**2>: 0.000
--------------------------------------------------------------------
TDMs with Singlet 'Ground' state
TDMX:0.040   TDMY:0.000   TDMZ:0.000   Oscillator Strength:0.00046   <S**2>: 0.000
--------------------------------------------------------------------


State 120 12.212 eV 
Excitation    CI Coef
|1^CS(3->0')>    0.09737
|1^SV(0'->3')>   -0.09737
|1S^CV(3->1')>    0.08705
|1S^CV(3->2')>    0.15714
|1S^CV(2->1')>    0.15022
|1S^CV(2->2')>    0.09766
|1S^CV(2->3')>   -0.15714
|1S^CV(1->1')>    0.08496
|1S^CV(1->2')>   -0.15022
|1S^CV(1->3')>    0.08705
|1T^CV(3->2')>   -0.46245
|1T^CV(2->1')>   -0.05856
|1T^CV(2->3')>   -0.46245
|1T^CV(1->2')>   -0.05856
|1^ZCV0(3->1')>   -0.19476
|1^ZCV0(3->2')>   -0.10909
|1^ZCV0(2->1')>   -0.10428
|1^ZCV0(2->2')>    0.07034
|1^ZCV0(2->3')>    0.10909
|1^ZCV0(1->1')>    0.06119
|1^ZCV0(1->2')>    0.10428
|1^ZCV0(1->3')>    0.32016
|1^ZCV0'(3->1')>   -0.32016
|1^ZCV0'(3->2')>    0.10909
|1^ZCV0'(2->1')>    0.10428
|1^ZCV0'(2->2')>   -0.07034
|1^ZCV0'(2->3')>   -0.10909
|1^ZCV0'(1->1')>   -0.06119
|1^ZCV0'(1->2')>   -0.10428
|1^ZCV0'(1->3')>    0.19476
|1^CSD_(3,3)>    0.06939
|1^CSD_(3,1)>   -0.05083
|1^SVD_(1',3')>   -0.05083
|1^SVD_(3',3')>    0.06939
TDMs with Triplet 'Ground' state
TDMX:0.000   TDMY:0.000   TDMZ:0.000   Oscillator Strength:0.00000   <S**2>: 0.000
--------------------------------------------------------------------
TDMs with Singlet 'Ground' state
TDMX:-0.000   TDMY:0.000   TDMZ:-0.152   Oscillator Strength:0.00668   <S**2>: 0.000
--------------------------------------------------------------------


State 121 12.411 eV 
Excitation    CI Coef
|1^CS(3->0)>   -0.14234
|1^CS(3->0')>   -0.05819
|1^CS(2->0')>    0.12185
|1^SV(0->3')>   -0.15216
|1^SV(0'->2')>   -0.10246
|1^SV(0'->3')>   -0.06221
|1S^CV(3->1')>   -0.23636
|1S^CV(3->2')>    0.16186
|1S^CV(3->3')>   -0.05005
|1S^CV(2->3')>    0.18007
|1S^CV(1->3')>    0.24352
|1T^CV(3->1')>   -0.12236
|1T^CV(2->2')>   -0.21666
|1T^CV(1->1')>   -0.19535
|1T^CV(1->3')>   -0.17723
|1^ZCV0(3->1')>    0.16408
|1^ZCV0(3->2')>    0.15545
|1^ZCV0(2->1')>    0.29253
|1^ZCV0(1->2')>   -0.25001
|1^ZCV0(1->3')>   -0.16905
|1^ZCV0'(3->1')>   -0.16408
|1^ZCV0'(3->2')>   -0.07772
|1^ZCV0'(2->1')>    0.26140
|1^ZCV0'(2->3')>   -0.24973
|1^ZCV0'(1->2')>   -0.31441
|1^ZCV0'(1->3')>    0.16905
|1^CSD_(2,1)>    0.18736
|1^SVD_(1',2')>    0.19054
|1^SVD_(2',3')>   -0.06268
TDMs with Triplet 'Ground' state
TDMX:0.000   TDMY:0.000   TDMZ:0.000   Oscillator Strength:0.00000   <S**2>: 0.000
--------------------------------------------------------------------
TDMs with Singlet 'Ground' state
TDMX:0.021   TDMY:0.000   TDMZ:-0.000   Oscillator Strength:0.00013   <S**2>: 0.000
--------------------------------------------------------------------


State 122 12.415 eV 
Excitation    CI Coef
|1^CS(2->0)>    0.05240
|1^CS(3->0')>   -0.08716
|1^SV(0->2')>   -0.05240
|1^SV(0'->3')>   -0.08716
|1S^CV(3->1')>   -0.16210
|1S^CV(3->2')>   -0.16812
|1S^CV(2->1')>   -0.08071
|1S^CV(2->3')>   -0.16812
|1S^CV(1->2')>   -0.08071
|1S^CV(1->3')>    0.16210
|1T^CV(2->1')>    0.12978
|1T^CV(1->2')>   -0.12978
|1^ZCV0(3->1')>    0.11991
|1^ZCV0(3->2')>    0.11671
|1^ZCV0(3->3')>   -0.23903
|1^ZCV0(2->1')>    0.05603
|1^ZCV0(2->2')>    0.29456
|1^ZCV0(2->3')>    0.11671
|1^ZCV0(1->1')>    0.17517
|1^ZCV0(1->2')>    0.05603
|1^ZCV0(1->3')>    0.35343
|1^ZCV0'(3->1')>    0.35343
|1^ZCV0'(3->2')>   -0.11671
|1^ZCV0'(3->3')>   -0.23903
|1^ZCV0'(2->1')>   -0.05603
|1^ZCV0'(2->2')>    0.29456
|1^ZCV0'(2->3')>   -0.11671
|1^ZCV0'(1->1')>    0.17517
|1^ZCV0'(1->2')>   -0.05603
|1^ZCV0'(1->3')>    0.11991
|1^CSD_(3,3)>    0.20123
|1^CSD_(2,2)>   -0.06094
|1^CSD_(1,1)>    0.10916
|1^SVD_(1',1')>   -0.10916
|1^SVD_(2',2')>    0.06094
|1^SVD_(3',3')>   -0.20123
TDMs with Triplet 'Ground' state
TDMX:0.000   TDMY:0.000   TDMZ:0.000   Oscillator Strength:0.00000   <S**2>: 0.000
--------------------------------------------------------------------
TDMs with Singlet 'Ground' state
TDMX:0.000   TDMY:0.000   TDMZ:-0.000   Oscillator Strength:0.00000   <S**2>: 0.000
--------------------------------------------------------------------


State 123 12.646 eV 
Excitation    CI Coef
|1^ZW+>   -0.06914
|1^CS(2->0)>    0.11916
|1^CS(3->0')>   -0.06610
|1^SV(0->2')>    0.11916
|1^SV(0'->3')>    0.06610
|1S^CV(3->2')>   -0.19166
|1S^CV(2->1')>    0.09011
|1S^CV(2->3')>    0.19166
|1S^CV(1->1')>    0.12189
|1S^CV(1->2')>   -0.09011
|1T^CV(3->2')>    0.12428
|1T^CV(2->3')>    0.12428
|1^ZCV0(3->1')>   -0.19331
|1^ZCV0(3->2')>    0.13305
|1^ZCV0(2->1')>   -0.06255
|1^ZCV0(2->3')>   -0.13305
|1^ZCV0(1->1')>    0.08779
|1^ZCV0(1->2')>    0.06255
|1^ZCV0(1->3')>    0.16273
|1^ZCV0'(3->1')>   -0.16273
|1^ZCV0'(3->2')>   -0.13305
|1^ZCV0'(2->1')>    0.06255
|1^ZCV0'(2->3')>    0.13305
|1^ZCV0'(1->1')>   -0.08779
|1^ZCV0'(1->2')>   -0.06255
|1^ZCV0'(1->3')>    0.19331
|1^CSD_(3,3)>   -0.15076
|1^CSD_(3,1)>   -0.47940
|1^CSD_(2,2)>   -0.16354
|1^CSD_(1,1)>    0.10308
|1^SVD_(1',1')>    0.10308
|1^SVD_(1',3')>   -0.47940
|1^SVD_(2',2')>   -0.16354
|1^SVD_(3',3')>   -0.15076
TDMs with Triplet 'Ground' state
TDMX:0.000   TDMY:0.000   TDMZ:0.000   Oscillator Strength:0.00000   <S**2>: 0.000
--------------------------------------------------------------------
TDMs with Singlet 'Ground' state
TDMX:0.000   TDMY:0.000   TDMZ:-0.264   Oscillator Strength:0.02085   <S**2>: 0.000
--------------------------------------------------------------------


State 124 12.790 eV 
Excitation    CI Coef
|1^CS(3->0)>   -0.07177
|1^CS(1->0)>    0.07707
|1^SV(0->1')>   -0.07704
|1^SV(0'->2')>   -0.07552
|1S^CV(3->2')>    0.06744
|1S^CV(3->3')>    0.23190
|1S^CV(2->1')>    0.07521
|1S^CV(2->2')>   -0.19792
|1S^CV(1->2')>   -0.07208
|1S^CV(1->3')>    0.07533
|1T^CV(3->1')>   -0.10056
|1T^CV(1->3')>    0.08024
|1^ZCV0(3->2')>    0.25251
|1^ZCV0(3->3')>   -0.16098
|1^ZCV0(2->1')>    0.07716
|1^ZCV0(2->2')>    0.13740
|1^ZCV0(2->3')>    0.14709
|1^ZCV0(1->2')>   -0.11613
|1^ZCV0(1->3')>   -0.05229
|1^ZCV0'(3->2')>    0.15536
|1^ZCV0'(3->3')>    0.16098
|1^ZCV0'(2->2')>   -0.13740
|1^ZCV0'(2->3')>    0.21630
|1^ZCV0'(1->3')>    0.05229
|1^CSD_(3,2)>   -0.53429
|1^CSD_(2,1)>    0.08313
|1^SVD_(2',3')>    0.51722
TDMs with Triplet 'Ground' state
TDMX:0.000   TDMY:0.000   TDMZ:0.000   Oscillator Strength:0.00000   <S**2>: 0.000
--------------------------------------------------------------------
TDMs with Singlet 'Ground' state
TDMX:-0.180   TDMY:0.000   TDMZ:-0.000   Oscillator Strength:0.00974   <S**2>: 0.000
--------------------------------------------------------------------


State 125 12.914 eV 
Excitation    CI Coef
|3^CS(3->0')>    0.07374
|3^SV(0'->3')>    0.07374
|3T^CV(3->2')>   -0.05726
|3T^CV(2->3')>   -0.05726
|3S^CV(3->3')>   -0.34440
|3S^CV(2->1')>    0.08467
|3S^CV(2->2')>   -0.07077
|3S^CV(1->1')>    0.10685
|3S^CV(1->2')>   -0.08467
|3X^CV(3->2')>   -0.08131
|3X^CV(2->3')>    0.08131
|3^ZCV0(3->1')>   -0.38821
|3^ZCV0(3->3')>   -0.24806
|3^ZCV0(2->1')>   -0.05878
|3^ZCV0(2->2')>   -0.05098
|3^ZCV0(1->1')>    0.07696
|3^ZCV0(1->2')>    0.05878
|3^ZCV0(1->3')>    0.39767
|3^ZCV0'(6->1')>   -0.39767
|3^ZCV0'(6->3')>    0.24806
|3^ZCV0'(5->1')>    0.05878
|3^ZCV0'(5->2')>    0.05098
|3^ZCV0'(4->1')>   -0.07696
|3^ZCV0'(4->2')>   -0.05878
|3^ZCV0'(4->3')>    0.38821
|3^CSD(3,1)>    0.12505
|3^SVD(1,3)>   -0.12505
TDMs with Triplet 'Ground' state
TDMX:-0.000   TDMY:0.000   TDMZ:-0.000   Oscillator Strength:0.00000   <S**2>: 2.000
--------------------------------------------------------------------
TDMs with Singlet 'Ground' state
TDMX:0.000   TDMY:0.000   TDMZ:0.000   Oscillator Strength:0.00000   <S**2>: 2.000
--------------------------------------------------------------------


State 126 13.039 eV 
Excitation    CI Coef
|1^CS(3->0)>   -0.11515
|1^SV(0->3')>   -0.10897
|1S^CV(3->1')>    0.16979
|1S^CV(3->2')>    0.13934
|1S^CV(2->3')>    0.13418
|1S^CV(1->3')>   -0.16692
|1T^CV(3->1')>   -0.08759
|1T^CV(3->3')>   -0.79819
|1T^CV(2->2')>   -0.29350
|1T^CV(1->1')>    0.11920
|1T^CV(1->3')>   -0.08213
|1^ZCV0(3->1')>   -0.11786
|1^ZCV0(2->3')>    0.16685
|1^ZCV0(1->3')>    0.11588
|1^ZCV0'(3->1')>    0.11786
|1^ZCV0'(3->2')>   -0.15914
|1^ZCV0'(1->3')>   -0.11588
|1^CSD_(3,2)>   -0.06876
TDMs with Triplet 'Ground' state
TDMX:0.000   TDMY:0.000   TDMZ:0.000   Oscillator Strength:0.00000   <S**2>: 0.000
--------------------------------------------------------------------
TDMs with Singlet 'Ground' state
TDMX:-0.008   TDMY:0.000   TDMZ:0.000   Oscillator Strength:0.00002   <S**2>: 0.000
--------------------------------------------------------------------


State 127 13.211 eV 
Excitation    CI Coef
|1^CS(3->0')>   -0.06974
|1^SV(0'->3')>    0.06974
|1S^CV(3->2')>    0.09891
|1S^CV(3->3')>   -0.48829
|1S^CV(2->2')>   -0.05414
|1S^CV(2->3')>   -0.09891
|1T^CV(3->2')>    0.25129
|1T^CV(2->3')>    0.25129
|1^ZCV0(3->1')>   -0.26794
|1^ZCV0(3->2')>   -0.06866
|1^ZCV0(3->3')>   -0.35170
|1^ZCV0(2->3')>    0.06866
|1^ZCV0(1->3')>    0.21620
|1^ZCV0'(3->1')>   -0.21620
|1^ZCV0'(3->2')>    0.06866
|1^ZCV0'(3->3')>    0.35170
|1^ZCV0'(2->3')>   -0.06866
|1^ZCV0'(1->3')>    0.26794
|1^CSD_(3,3)>    0.08566
|1^CSD_(3,1)>    0.17673
|1^SVD_(1',3')>    0.17673
|1^SVD_(3',3')>    0.08566
TDMs with Triplet 'Ground' state
TDMX:0.000   TDMY:0.000   TDMZ:0.000   Oscillator Strength:0.00000   <S**2>: 0.000
--------------------------------------------------------------------
TDMs with Singlet 'Ground' state
TDMX:-0.000   TDMY:0.000   TDMZ:0.043   Oscillator Strength:0.00058   <S**2>: 0.000
--------------------------------------------------------------------


State 128 13.313 eV 
Excitation    CI Coef
|1S^CV(3->2')>   -0.17660
|1S^CV(2->3')>   -0.17660
|1T^CV(2->1')>    0.07079
|1T^CV(1->2')>   -0.07079
|1^ZCV0(3->1')>   -0.21360
|1^ZCV0(3->2')>    0.12259
|1^ZCV0(2->2')>    0.26893
|1^ZCV0(2->3')>    0.12259
|1^ZCV0(1->3')>   -0.26152
|1^ZCV0'(3->1')>   -0.26152
|1^ZCV0'(3->2')>   -0.12259
|1^ZCV0'(2->2')>    0.26893
|1^ZCV0'(2->3')>   -0.12259
|1^ZCV0'(1->3')>   -0.21360
|1^CSD_(3,3)>   -0.24051
|1^CSD_(3,1)>   -0.36638
|1^CSD_(2,2)>   -0.20147
|1^SVD_(1',3')>    0.36638
|1^SVD_(2',2')>    0.20147
|1^SVD_(3',3')>    0.24051
TDMs with Triplet 'Ground' state
TDMX:0.000   TDMY:0.000   TDMZ:0.000   Oscillator Strength:0.00000   <S**2>: 0.000
--------------------------------------------------------------------
TDMs with Singlet 'Ground' state
TDMX:0.000   TDMY:0.000   TDMZ:0.000   Oscillator Strength:0.00000   <S**2>: 0.000
--------------------------------------------------------------------


State 129 13.712 eV 
Excitation    CI Coef
|1^CS(2->0)>   -0.05474
|1^SV(0->2')>    0.05474
|1S^CV(3->1')>    0.06590
|1S^CV(3->2')>   -0.15406
|1S^CV(2->3')>   -0.15406
|1S^CV(1->3')>   -0.06590
|1^ZCV0(3->1')>    0.22629
|1^ZCV0(3->2')>    0.10695
|1^ZCV0(3->3')>    0.18336
|1^ZCV0(2->2')>    0.16077
|1^ZCV0(2->3')>    0.10695
|1^ZCV0(1->1')>   -0.07551
|1^ZCV0(1->3')>    0.13135
|1^ZCV0'(3->1')>    0.13135
|1^ZCV0'(3->2')>   -0.10695
|1^ZCV0'(3->3')>    0.18336
|1^ZCV0'(2->2')>    0.16077
|1^ZCV0'(2->3')>   -0.10695
|1^ZCV0'(1->1')>   -0.07551
|1^ZCV0'(1->3')>    0.22629
|1^CSD_(3,3)>   -0.37967
|1^CSD_(3,1)>    0.34050
|1^CSD_(2,2)>   -0.11349
|1^CSD_(1,1)>   -0.18131
|1^SVD_(1',1')>    0.18131
|1^SVD_(1',3')>   -0.34050
|1^SVD_(2',2')>    0.11349
|1^SVD_(3',3')>    0.37967
TDMs with Triplet 'Ground' state
TDMX:0.000   TDMY:0.000   TDMZ:0.000   Oscillator Strength:0.00000   <S**2>: 0.000
--------------------------------------------------------------------
TDMs with Singlet 'Ground' state
TDMX:0.000   TDMY:0.000   TDMZ:-0.000   Oscillator Strength:0.00000   <S**2>: 0.000
--------------------------------------------------------------------


State 130 13.783 eV 
Excitation    CI Coef
|1^CS(1->0)>    0.06391
|1^CS(2->0')>   -0.05249
|1^SV(0->1')>    0.06060
|1^SV(0'->2')>    0.05789
|1T^CV(3->3')>   -0.05193
|1^ZCV0(3->2')>    0.36202
|1^ZCV0(2->1')>   -0.06654
|1^ZCV0(2->3')>   -0.35226
|1^ZCV0'(3->2')>    0.34725
|1^ZCV0'(2->3')>   -0.35556
|1^ZCV0'(1->2')>    0.06576
|1^CSD_(3,2)>   -0.47246
|1^SVD_(1',2')>   -0.06032
|1^SVD_(2',3')>   -0.47951
TDMs with Triplet 'Ground' state
TDMX:0.000   TDMY:0.000   TDMZ:0.000   Oscillator Strength:0.00000   <S**2>: 0.000
--------------------------------------------------------------------
TDMs with Singlet 'Ground' state
TDMX:-0.009   TDMY:0.000   TDMZ:-0.000   Oscillator Strength:0.00003   <S**2>: 0.000
--------------------------------------------------------------------


State 131 14.040 eV 
Excitation    CI Coef
|1^ZW+>    0.11155
|1S^CV(3->1')>   -0.09779
|1S^CV(3->3')>    0.08130
|1S^CV(1->3')>   -0.09779
|1T^CV(3->2')>    0.06626
|1T^CV(2->3')>    0.06626
|1^ZCV0(3->3')>    0.05855
|1^ZCV0(1->3')>   -0.10283
|1^ZCV0'(3->1')>    0.10283
|1^ZCV0'(3->3')>   -0.05855
|1^CSD_(3,3)>    0.57266
|1^CSD_(3,1)>   -0.22361
|1^CSD_(2,2)>    0.15706
|1^CSD_(1,1)>    0.21739
|1^SVD_(1',1')>    0.21739
|1^SVD_(1',3')>   -0.22361
|1^SVD_(2',2')>    0.15706
|1^SVD_(3',3')>    0.57266
TDMs with Triplet 'Ground' state
TDMX:0.000   TDMY:0.000   TDMZ:0.000   Oscillator Strength:0.00000   <S**2>: 0.000
--------------------------------------------------------------------
TDMs with Singlet 'Ground' state
TDMX:-0.000   TDMY:0.000   TDMZ:0.068   Oscillator Strength:0.00156   <S**2>: 0.000
--------------------------------------------------------------------


State 132 14.150 eV 
Excitation    CI Coef
|3S^CV(3->3')>   -0.41642
|3S^CV(2->2')>   -0.18836
|3X^CV(3->1')>   -0.06521
|3X^CV(1->3')>   -0.06521
|3^ZCV0(3->2')>    0.36386
|3^ZCV0(3->3')>    0.28908
|3^ZCV0(2->2')>    0.13076
|3^ZCV0(2->3')>    0.36284
|3^ZCV0'(6->2')>    0.36284
|3^ZCV0'(6->3')>   -0.28908
|3^ZCV0'(5->2')>   -0.13076
|3^ZCV0'(5->3')>    0.36386
|3^CSD(3,2)>    0.12363
|3^SVD(2,3)>    0.12363
TDMs with Triplet 'Ground' state
TDMX:0.000   TDMY:0.000   TDMZ:-0.000   Oscillator Strength:0.00000   <S**2>: 2.000
--------------------------------------------------------------------
TDMs with Singlet 'Ground' state
TDMX:0.000   TDMY:0.000   TDMZ:0.000   Oscillator Strength:0.00000   <S**2>: 2.000
--------------------------------------------------------------------


State 133 14.304 eV 
Excitation    CI Coef
|1S^CV(3->3')>    0.53170
|1S^CV(2->2')>    0.13549
|1T^CV(3->1')>   -0.14137
|1T^CV(1->3')>    0.14140
|1^ZCV0(3->2')>   -0.28930
|1^ZCV0(3->3')>   -0.36910
|1^ZCV0(2->2')>   -0.09406
|1^ZCV0(2->3')>   -0.30467
|1^ZCV0'(3->2')>   -0.30393
|1^ZCV0'(3->3')>    0.36910
|1^ZCV0'(2->2')>    0.09406
|1^ZCV0'(2->3')>   -0.29013
TDMs with Triplet 'Ground' state
TDMX:0.000   TDMY:0.000   TDMZ:0.000   Oscillator Strength:0.00000   <S**2>: 0.000
--------------------------------------------------------------------
TDMs with Singlet 'Ground' state
TDMX:0.070   TDMY:0.000   TDMZ:-0.000   Oscillator Strength:0.00167   <S**2>: 0.000
--------------------------------------------------------------------


State 134 14.335 eV 
Excitation    CI Coef
|3S^CV(3->1')>    0.08736
|3S^CV(3->2')>   -0.24158
|3S^CV(2->3')>   -0.24158
|3S^CV(1->3')>   -0.08736
|3^ZCV0(3->1')>    0.08151
|3^ZCV0(3->2')>    0.16770
|3^ZCV0(3->3')>    0.56275
|3^ZCV0(2->2')>    0.19915
|3^ZCV0(2->3')>    0.16770
|3^ZCV0(1->1')>   -0.08558
|3^ZCV0'(6->2')>   -0.16770
|3^ZCV0'(6->3')>    0.56275
|3^ZCV0'(5->2')>    0.19915
|3^ZCV0'(5->3')>   -0.16770
|3^ZCV0'(4->1')>   -0.08558
|3^ZCV0'(4->3')>    0.08151
TDMs with Triplet 'Ground' state
TDMX:0.028   TDMY:0.000   TDMZ:0.000   Oscillator Strength:0.00027   <S**2>: 2.000
--------------------------------------------------------------------
TDMs with Singlet 'Ground' state
TDMX:0.000   TDMY:0.000   TDMZ:0.000   Oscillator Strength:0.00000   <S**2>: 2.000
--------------------------------------------------------------------


State 135 15.153 eV 
Excitation    CI Coef
|1S^CV(3->2')>    0.13107
|1S^CV(2->3')>    0.13107
|1^ZCV0(3->1')>   -0.05414
|1^ZCV0(3->2')>   -0.09099
|1^ZCV0(3->3')>   -0.57578
|1^ZCV0(2->3')>   -0.09099
|1^ZCV0'(3->2')>    0.09099
|1^ZCV0'(3->3')>   -0.57578
|1^ZCV0'(2->3')>    0.09099
|1^ZCV0'(1->3')>   -0.05414
|1^CSD_(3,3)>   -0.34026
|1^CSD_(2,2)>   -0.06276
|1^CSD_(1,1)>   -0.07702
|1^SVD_(1',1')>    0.07702
|1^SVD_(2',2')>    0.06276
|1^SVD_(3',3')>    0.34026
TDMs with Triplet 'Ground' state
TDMX:0.000   TDMY:0.000   TDMZ:0.000   Oscillator Strength:0.00000   <S**2>: 0.000
--------------------------------------------------------------------
TDMs with Singlet 'Ground' state
TDMX:0.000   TDMY:0.000   TDMZ:0.000   Oscillator Strength:0.00000   <S**2>: 0.000
--------------------------------------------------------------------


============================================================================
  TRANSITION INTENSITY SUMMARY
  General threshold  : f >= 0.1000
  Low-energy window  : E  < 2.80 eV  (> 443 nm)  ->  f >= 0.0020
============================================================================


  Transitions from Singlet ground state (state 1):
  State   Energy/eV   Wavelen./nm   Osc. Str.    <S²>
  ------------------------------------------------------------
      3      2.2720        545.70     0.09610   0.000  *
     23      4.7873        258.99     0.88723   0.000   
     27      5.4196        228.77     0.21670   0.000   
     42      6.5080        190.51     0.26133   0.000   
     46      6.8550        180.87     0.18239   0.000   
     56      7.4693        165.99     0.14763   0.000   
  (* below general threshold but within low-energy window)

  Transitions from Triplet ground state (state 0):
  State   Energy/eV   Wavelen./nm   Osc. Str.    <S²>
  ------------------------------------------------------------
     19      4.9311        251.43     0.16827   2.000   
     20      5.0713        244.48     0.77399   2.000   
     35      6.4844        191.20     0.30566   2.000   
     39      6.7145        184.65     0.18838   2.000   
     47      7.3952        167.65     0.13895   2.000   
  (* below general threshold but within low-energy window)

============================================================================

Wall clock time: 0.1536 seconds
