  FCIDUMP file : FCIDUMP/FCIDUMP_TTM-TTM
  NORB         : 54
  NELEC        : 70  (nalpha=35, nbeta=35)
  Scalar pot.  :  7295.6255042778
===============================================
 Testing CSF optimisation method
===============================================

************************************************
 Testing 'gwh' initial guess method
************************************************

  Initializing L-BFGS optimisation...
    > Num. MOs       =     54
    > Num. params    =    716
    > Max subspace   =     20
    > Max step size   =  0.500
    > Backtracking   =  0.100
    > Parallel tr.   = True
    > Pseudo-canon.  = True
    > Canon interval = 10
    > Hybrid prec.   = True
  ================================================================
           Energy / Eh     Step Len    Max(|G_i|)
  ================================================================
     0    21.8135721930                 5.89e+00
     1    18.9640991169    5.00e-01     4.72e+00    rescaled  
     2    17.6141521949    5.00e-01     3.32e+00    rescaled  
     3    14.7413427241    5.00e-01     2.63e+00    rescaled  
     4    13.4052762330    5.00e-01     2.62e+00    rescaled  
     5    10.1747962749    3.43e-01     3.04e+00              
     6     8.2168774203    5.00e-01     3.69e+00    understep 
  Step has positive overlap with gradient - reversing direction
     7     4.7499690400    5.00e-01     3.16e+00    reset L-BFGS
     8    -2.2282806234    4.23e-01     2.75e+00              
     9    -3.9000790518    5.00e-01     2.37e+00    rescaled  
  Step has positive overlap with gradient - reversing direction
    10    -3.6215191449    5.00e-01     2.62e+00    reset L-BFGS
    11    -6.1290089310    5.00e-01     3.49e+00    rescaled  
  Step has positive overlap with gradient - reversing direction
    12    -8.0731907885    5.00e-01     3.16e+00    reset L-BFGS
    13   -10.8430304265    5.00e-01     2.12e+00    rescaled  
    14   -12.0100508124    5.00e-01     1.90e+00    rescaled  
    15   -13.0828888528    2.36e-01     1.23e+00              
    16   -14.0970789336    5.00e-01     1.61e+00    rescaled  
    17   -14.5591941410    5.00e-01     1.80e+00    rescaled  
    18   -15.1438404953    1.06e-01     6.53e-01              
    19   -15.3413076454    7.35e-02     3.34e-01              
    20   -15.3906083217    5.16e-02     3.36e-01              
    21   -15.4122695346    5.31e-02     8.75e-02              
    22   -15.4175770001    1.91e-02     3.93e-02              
    23   -15.4187988673    4.82e-03     1.55e-02              
    24   -15.4190564935    3.34e-03     8.86e-03              
    25   -15.4191633907    3.80e-03     3.05e-03              
    26   -15.4191704573    9.54e-04     2.35e-03              
    27   -15.4191736270    1.92e-04     6.35e-04              
    28   -15.4191740002    1.49e-04     3.05e-04              
    29   -15.4191741198    1.24e-04     9.35e-05              
    30   -15.4191741277    4.30e-05     1.26e-04              
    31   -15.4191741354    2.45e-05     1.41e-05              
    32   -15.4191741355    1.72e-06     6.43e-06              
    33   -15.4191741356    1.33e-06     2.95e-06              
    34   -15.4191741356    1.31e-06     1.30e-06              
    35   -15.4191741356    1.23e-07     9.52e-07              
  ================================================================
  L-BFGS converged in     35 iterations (  1.22 seconds)

  Initializing Davidson diagonalisation...
    > Max iterations =   1000
    > Target states  =      5
    > Convergence    =  1.000e-04
    > Basis per root =      4
    > Max basis size =     20
  Davidson diagonalisation converged in     21 iterations (  3.23 seconds)

   --------------------------
    Converged eigenvalues:   
   --------------------------
       0        1.96352804   
       1        2.08146536   
       2        2.39100674   
       3        2.47989972   
       4        2.70424624   
   --------------------------

 ---------------------------------------------
         Total Energy =   -15.41917414 Eh
              Nuclear =  7295.62550428 Eh
         One Electron = -14203.75309043 Eh
              Coulomb =  7166.53667887 Eh
        ROHF Exchange =  -273.82826685 Eh
 ---------------------------------------------
           <Sz> =  1.00
           <S2> =  2.00
  Spin Coupling = ++

 -----------------------------------------------------------------------------------------------
  Open-Shell Exchange Matrix <Ψ|Êpq Êqp|Ψ> - Np
 -----------------------------------------------------------------------------------------------
           1              2        
   1   0.00000000    -1.00000000   
   2  -1.00000000     0.00000000   

 -----------------------------------------------------------------------------------------------
  Open-Shell Exchange Integrals <pq|qp>
 -----------------------------------------------------------------------------------------------
           1              2        
   1   2.66005557     0.85308429   
   2   0.85308429     2.63204010   

 -----------------------------------------------------------------------------------------------
  Occupied Orbital Coefficients
 -----------------------------------------------------------------------------------------------
           1              2              3              4              5              6        
   1  -0.99998351     0.00551896    -0.00114074    -0.00033015     0.00000900     0.00018793   
   2   0.00551946     0.99998414    -0.00008311     0.00039650     0.00002047    -0.00033787   
   3  -0.00114042     0.00008839     0.99999574     0.00253718    -0.00015630     0.00039319   
   4   0.00032943     0.00039508     0.00253733    -0.99999615    -0.00020611     0.00086370   
   5   0.00000874    -0.00002039     0.00015686    -0.00020575     0.99999996    -0.00002562   
   6   0.00019020     0.00033557    -0.00039505     0.00086310     0.00002589     0.99999892   
   7   0.00031675    -0.00021801    -0.00042082    -0.00012057     0.00000376    -0.00006390   
   8  -0.00006763     0.00026530    -0.00014113    -0.00012312    -0.00000652     0.00053286   
   9  -0.00004621    -0.00006034     0.00001667     0.00005640    -0.00001088    -0.00005423   
  10   0.00002317    -0.00000721    -0.00010378     0.00016764    -0.00001887    -0.00004451   
  11  -0.00009771    -0.00007739    -0.00003036     0.00013191     0.00000792    -0.00001914   
  12   0.00001589    -0.00003981     0.00001847    -0.00018298    -0.00001534    -0.00014122   
  13  -0.00004166    -0.00004939    -0.00007540     0.00001553    -0.00000805     0.00012434   
  14  -0.00001831    -0.00002633    -0.00010088    -0.00001632    -0.00000131     0.00009540   
  15   0.00000047    -0.00000478    -0.00001081    -0.00004368     0.00002165    -0.00000913   
  16  -0.00001054    -0.00000236     0.00001824    -0.00007976    -0.00000863    -0.00001546   
  17  -0.00004382     0.00002243     0.00017274     0.00006639    -0.00000908     0.00010110   
  18  -0.00004900     0.00020178    -0.00002033    -0.00005571    -0.00000698     0.00023061   
  19   0.00013465    -0.00007302     0.00000761    -0.00005635     0.00000794    -0.00001757   
  20   0.00002315    -0.00005872     0.00000130     0.00004899     0.00000678    -0.00000982   
  21  -0.00000204    -0.00000439    -0.00002117    -0.00002167    -0.00002429     0.00003314   
  22  -0.00000216    -0.00000235    -0.00001899    -0.00001338     0.00003538     0.00001279   
  23  -0.00010430     0.00005293    -0.00006737    -0.00000980     0.00000140    -0.00001981   
  24  -0.00001267     0.00004867    -0.00001967     0.00002722     0.00000053    -0.00009955   
  25  -0.00000980    -0.00000759     0.00000385     0.00001519     0.00003552    -0.00002159   
  26  -0.00002988    -0.00005436    -0.00000740     0.00000162     0.00000139    -0.00000795   
  27  -0.00009736     0.00010912    -0.00001191     0.00000105     0.00000108     0.00003289   
  28   0.00001885     0.00000937    -0.00000419    -0.00002664     0.00004255     0.00000257   
  29  -0.00000534    -0.00000679    -0.00001268     0.00001826     0.00001268     0.00002522   
  30  -0.00003136     0.00000666    -0.00000718     0.00003067    -0.00000316    -0.00000264   
  31   0.00000259    -0.00000140    -0.00002495    -0.00000391     0.00002919     0.00002343   
  32  -0.00000178     0.00000636     0.00001413     0.00001944     0.00004010     0.00000330   
  33   0.00000755    -0.00003546    -0.00000059    -0.00000216     0.00000737    -0.00012790   
  34   0.00000222     0.00000231    -0.00000067     0.00001689    -0.00002449    -0.00000277   
  35   0.00093083    -0.00035575    -0.00055328    -0.00016625     0.00002580    -0.00001743   
  36  -0.00018268     0.00080371    -0.00012309    -0.00018926    -0.00003026     0.00081415   
  37  -0.00003624     0.00003321    -0.00001253    -0.00001914     0.00000043     0.00000697   
  38  -0.00002662    -0.00001770     0.00000641     0.00000195     0.00000625    -0.00002387   
  39  -0.00000261    -0.00000519    -0.00000105    -0.00002889    -0.00000372     0.00000525   
  40  -0.00002067    -0.00001185    -0.00000899    -0.00000645     0.00000456     0.00000173   
  41  -0.00001327    -0.00001338    -0.00001462    -0.00000927    -0.00000689     0.00001577   
  42  -0.00005274     0.00006378     0.00000743    -0.00000116    -0.00000448     0.00003541   
  43   0.00003347     0.00002620    -0.00003185    -0.00003548     0.00000085     0.00004408   
  44   0.00000556     0.00000141    -0.00002309    -0.00000749     0.00001092     0.00000610   
  45  -0.00002787     0.00000674    -0.00000333    -0.00000100    -0.00000336    -0.00001142   
  46  -0.00001605    -0.00001728    -0.00000125    -0.00003023    -0.00000683     0.00000949   
  47  -0.00000485    -0.00000178     0.00000075    -0.00000268     0.00002166    -0.00000008   
  48  -0.00000337     0.00003324    -0.00000610    -0.00003965    -0.00000310     0.00001588   
  49   0.00006176    -0.00004565    -0.00001043    -0.00002555     0.00000609    -0.00000442   
  50   0.00000385    -0.00005913     0.00001184     0.00001279     0.00000174    -0.00012820   
  51  -0.00000170    -0.00000043     0.00000183     0.00000172     0.00004964     0.00000166   
  52  -0.00000700    -0.00000455    -0.00000801     0.00001012    -0.00000395     0.00001249   
  53  -0.00000253    -0.00000891    -0.00001203    -0.00000095    -0.00000127    -0.00003554   
  54   0.00000145     0.00000115     0.00000729     0.00000205    -0.00000101    -0.00001501   
           7              8              9              10             11             12       
   1  -0.00031410     0.00006871    -0.00004655     0.00002247    -0.00009724    -0.00001594   
   2  -0.00021453     0.00026173     0.00006098     0.00000851     0.00007685    -0.00003923   
   3  -0.00042005    -0.00014054    -0.00001685     0.00010507     0.00002755     0.00001920   
   4   0.00011894     0.00012246     0.00005845     0.00017019     0.00012981     0.00018189   
   5   0.00000362    -0.00000642     0.00001077     0.00001868    -0.00000842    -0.00001516   
   6  -0.00006320     0.00052990     0.00005526     0.00004373     0.00001761    -0.00014388   
   7  -0.99999303     0.00069621    -0.00010314    -0.00061874    -0.00027948    -0.00005460   
   8  -0.00069815    -0.99999239    -0.00017308     0.00003602    -0.00036737    -0.00003135   
   9  -0.00009845    -0.00017116     0.99993123    -0.00383184    -0.00914986    -0.00141932   
  10  -0.00061721     0.00004299     0.00368124     0.99982653    -0.01780385    -0.00183801   
  11  -0.00029213    -0.00036854     0.00919306     0.01776917     0.99976343    -0.00692063   
  12   0.00005887     0.00003017    -0.00158603    -0.00190958    -0.00691633    -0.99983541   
  13   0.00000356    -0.00015063    -0.00569319     0.00235829    -0.00143886     0.01605973   
  14   0.00008911     0.00005799    -0.00072891     0.00186286    -0.00417596     0.00403920   
  15   0.00011186     0.00024036     0.00180809     0.00008992    -0.00006020    -0.00062092   
  16   0.00017087     0.00041125     0.00069675    -0.00043218     0.00208299    -0.00101446   
  17   0.00089751     0.00011796     0.00035804    -0.00119140     0.00060529     0.00008627   
  18  -0.00019088    -0.00003129    -0.00008709     0.00002789    -0.00013113     0.00009375   
  19   0.00020503    -0.00012648    -0.00003535    -0.00007770    -0.00007951     0.00003748   
  20   0.00005749    -0.00001645     0.00003199    -0.00000316     0.00003221    -0.00002007   
  21   0.00000866    -0.00002054    -0.00013973    -0.00011214    -0.00007732    -0.00011915   
  22   0.00001077    -0.00000886     0.00006420    -0.00005694    -0.00016339    -0.00006788   
  23  -0.00025582     0.00010020     0.00001160     0.00012071     0.00005430     0.00002273   
  24  -0.00002786     0.00001247    -0.00000585    -0.00006631    -0.00002139    -0.00010584   
  25   0.00001526     0.00005003     0.00003515     0.00001302    -0.00003408    -0.00001145   
  26   0.00001598    -0.00001197     0.00005542     0.00000146     0.00010293     0.00002143   
  27  -0.00010840     0.00007824    -0.00000030     0.00003128     0.00002559    -0.00004007   
  28  -0.00002870    -0.00003958     0.00003051    -0.00003168    -0.00000289    -0.00001362   
  29   0.00001857     0.00001808    -0.00003583     0.00001716    -0.00002412     0.00002503   
  30  -0.00015968     0.00002411    -0.00000404     0.00000240    -0.00000550    -0.00003901   
  31   0.00002762     0.00001572     0.00001003     0.00000555    -0.00004170     0.00000173   
  32  -0.00002803    -0.00000755     0.00000846     0.00000262     0.00000118     0.00002193   
  33   0.00000795    -0.00016998     0.00000689    -0.00000612     0.00001666    -0.00001969   
  34  -0.00004155    -0.00003558     0.00000401    -0.00001805    -0.00001029     0.00001387   
  35   0.00337666    -0.00022860    -0.00010687     0.00130329     0.00008801     0.00016576   
  36  -0.00037147     0.00370916    -0.00006482     0.00005404    -0.00006156    -0.00026828   
  37  -0.00005867     0.00003544    -0.00000067    -0.00005803    -0.00000655    -0.00001676   
  38  -0.00002191    -0.00000818     0.00000959    -0.00000307     0.00000282     0.00001604   
  39  -0.00000347     0.00005378    -0.00001127    -0.00000822    -0.00001385    -0.00001905   
  40  -0.00001216    -0.00000152    -0.00000756     0.00001615     0.00000878     0.00001701   
  41  -0.00000688    -0.00000319     0.00000201     0.00001985     0.00000225     0.00002499   
  42  -0.00003407     0.00000247     0.00000253     0.00001264     0.00000016    -0.00000304   
  43   0.00000895    -0.00000534    -0.00000469    -0.00001696    -0.00001220     0.00000157   
  44  -0.00001289     0.00002983    -0.00000354     0.00001841    -0.00002195    -0.00001163   
  45  -0.00007642     0.00004360    -0.00000800     0.00000675     0.00000875    -0.00000313   
  46   0.00005779     0.00003514    -0.00001275    -0.00003440    -0.00001759    -0.00003727   
  47   0.00001563    -0.00000187     0.00001373    -0.00001025    -0.00001074    -0.00000123   
  48   0.00002122     0.00010610    -0.00001364     0.00000320    -0.00000790    -0.00002641   
  49   0.00013409    -0.00004412     0.00000243    -0.00003365    -0.00000879     0.00001514   
  50   0.00000537     0.00011461    -0.00001701     0.00001398    -0.00000067    -0.00007877   
  51   0.00000762    -0.00000970     0.00009376     0.00000421    -0.00004954     0.00001164   
  52  -0.00002514    -0.00003257     0.00002883     0.00001738     0.00006235     0.00003507   
  53  -0.00001163    -0.00001418     0.00001677    -0.00001407     0.00001168     0.00005062   
  54   0.00009797     0.00002245     0.00000034    -0.00012170    -0.00001848     0.00001291   
           13             14             15             16             17             18       
   1  -0.00004188    -0.00001848    -0.00000064    -0.00001005     0.00004391    -0.00004761   
   2   0.00005094     0.00002666    -0.00000463     0.00000228     0.00002236    -0.00019451   
   3   0.00007508     0.00010021    -0.00001133    -0.00001670     0.00017305     0.00001976   
   4   0.00001297    -0.00001637     0.00004351    -0.00008039    -0.00006560    -0.00005447   
   5   0.00000835     0.00000122     0.00002170     0.00000853    -0.00000911     0.00000670   
   6  -0.00012236    -0.00009417    -0.00000870     0.00001481     0.00010091    -0.00022442   
   7   0.00000571     0.00008905    -0.00011074     0.00016958    -0.00089545    -0.00018386   
   8  -0.00015228     0.00005596    -0.00023947     0.00041327    -0.00012097    -0.00006153   
   9   0.00571972     0.00066946     0.00179822    -0.00067729     0.00036547     0.00008643   
  10  -0.00234437    -0.00191357     0.00010300     0.00045118    -0.00120683    -0.00003102   
  11   0.00158709     0.00417474    -0.00004253    -0.00206879     0.00059682     0.00013196   
  12   0.01607121     0.00391821     0.00059376    -0.00097315    -0.00006991     0.00009749   
  13   0.99983022    -0.00612811    -0.00162906     0.00084583     0.00075397     0.00010659   
  14   0.00604732     0.99995466     0.00103288     0.00384058     0.00069122     0.00005713   
  15  -0.00160470     0.00103557    -0.99999173     0.00287937    -0.00090829    -0.00003966   
  16  -0.00083796    -0.00382234     0.00288147     0.99998012    -0.00311840    -0.00012446   
  17   0.00076681     0.00070220     0.00089934    -0.00311967    -0.99999232     0.00012516   
  18  -0.00010976    -0.00005815    -0.00004021     0.00012632     0.00012269     0.99996429   
  19  -0.00000814     0.00002062    -0.00002704     0.00000903    -0.00039623     0.00039038   
  20  -0.00001943    -0.00003166     0.00001627    -0.00002620     0.00006420     0.00187861   
  21  -0.00001228     0.00001158    -0.00008162     0.00008908    -0.00000036    -0.00007081   
  22   0.00000551     0.00004297     0.00001069     0.00008104    -0.00000678    -0.00008703   
  23   0.00003202     0.00002723    -0.00000307     0.00003611     0.00018284    -0.00038223   
  24  -0.00000175    -0.00000967     0.00003006    -0.00003290    -0.00005842    -0.00124922   
  25  -0.00004880     0.00001609    -0.00007297     0.00003984     0.00000857    -0.00026053   
  26   0.00007778     0.00005512    -0.00001987     0.00003430    -0.00003209    -0.00014193   
  27   0.00000946     0.00000734     0.00000213     0.00000630     0.00000818    -0.00025127   
  28   0.00002296     0.00001564     0.00001473    -0.00009573    -0.00002660     0.00008768   
  29   0.00002141    -0.00002828    -0.00000027     0.00001870    -0.00000788     0.00007399   
  30   0.00000425     0.00000508    -0.00001470     0.00004661     0.00009922    -0.00010839   
  31  -0.00002259     0.00001602     0.00002160    -0.00003389    -0.00003116    -0.00000357   
  32   0.00004749     0.00001294     0.00000658     0.00005396     0.00001033     0.00025816   
  33   0.00001827    -0.00001024     0.00004782    -0.00005645    -0.00005616    -0.00069163   
  34  -0.00000098     0.00006071    -0.00002854    -0.00001821    -0.00003766     0.00004748   
  35  -0.00006689    -0.00005595    -0.00008429     0.00026460     0.00068930     0.00105487   
  36  -0.00004548    -0.00003108    -0.00009945     0.00018177    -0.00011752    -0.00790421   
  37   0.00000490     0.00000581     0.00000440    -0.00003524     0.00006049    -0.00009363   
  38   0.00000128    -0.00000467     0.00003015     0.00000037    -0.00002289    -0.00007574   
  39  -0.00000776    -0.00000833     0.00000961    -0.00000686    -0.00001274    -0.00067072   
  40   0.00000682    -0.00000882    -0.00000457     0.00001319    -0.00001394    -0.00003974   
  41  -0.00000793     0.00001162    -0.00002324     0.00001511     0.00000283     0.00002797   
  42  -0.00000021     0.00000528    -0.00001580    -0.00000162     0.00003936     0.00002869   
  43   0.00000974     0.00001966    -0.00003103     0.00006860    -0.00003597    -0.00006321   
  44   0.00001391     0.00001949     0.00002053     0.00001074     0.00012867    -0.00003629   
  45   0.00002720     0.00003664    -0.00000559    -0.00001431     0.00028588    -0.00011629   
  46  -0.00000559    -0.00001429     0.00001801    -0.00003397    -0.00010659    -0.00013272   
  47  -0.00000805     0.00000166    -0.00000860    -0.00001281    -0.00003319     0.00001355   
  48   0.00001961     0.00001832    -0.00003180     0.00005294    -0.00009016    -0.00047315   
  49  -0.00000393    -0.00000096    -0.00000532     0.00003639    -0.00019892     0.00015123   
  50   0.00003065     0.00001111     0.00001989    -0.00002123     0.00001400    -0.00075869   
  51  -0.00002115     0.00004184     0.00002046    -0.00000000    -0.00001289     0.00004943   
  52  -0.00000308    -0.00002690     0.00000764    -0.00000881    -0.00002300     0.00008199   
  53  -0.00002950    -0.00002235     0.00000618    -0.00001256     0.00000689     0.00038614   
  54   0.00001233     0.00002623    -0.00000752     0.00000067    -0.00025142    -0.00001683   
           19             20             21             22             23             24       
   1   0.00013090     0.00002411     0.00000169     0.00000186    -0.00009906     0.00001511   
   2   0.00006957     0.00006059    -0.00000436    -0.00000229    -0.00004895     0.00005944   
   3  -0.00000917    -0.00000172    -0.00002155    -0.00001854     0.00007015    -0.00002179   
   4  -0.00005614     0.00004903     0.00002237     0.00001307    -0.00001013    -0.00002429   
   5  -0.00000780    -0.00000678    -0.00002355     0.00003582    -0.00000157    -0.00000001   
   6   0.00001679     0.00001123     0.00003324     0.00001204     0.00002102    -0.00008777   
   7   0.00018994     0.00005818    -0.00000943    -0.00001096    -0.00023557     0.00003200   
   8  -0.00012037    -0.00002332     0.00002194     0.00000910     0.00009228    -0.00006558   
   9   0.00003408    -0.00003085    -0.00013770     0.00006864    -0.00001021    -0.00000598   
  10   0.00008062     0.00000602    -0.00011236    -0.00005159    -0.00012714    -0.00006426   
  11   0.00008168    -0.00003106    -0.00008394    -0.00016193    -0.00005716    -0.00002203   
  12   0.00003623    -0.00002033     0.00012096     0.00006658     0.00002413     0.00010946   
  13   0.00000739     0.00001960    -0.00001323     0.00000421    -0.00003214    -0.00000376   
  14  -0.00002092     0.00003149     0.00001269     0.00004343    -0.00002746    -0.00001057   
  15  -0.00002697     0.00001575     0.00008165    -0.00001186    -0.00000343    -0.00002884   
  16  -0.00000878     0.00002556     0.00009054     0.00007894    -0.00003695    -0.00002989   
  17  -0.00039928     0.00006164     0.00000200     0.00000754     0.00018884     0.00006006   
  18  -0.00036702    -0.00189296    -0.00008698    -0.00009095     0.00035915    -0.00136532   
  19   0.99997270     0.00466232    -0.00280085    -0.00166702    -0.00181705     0.00006910   
  20  -0.00462837     0.99993648     0.00912673     0.00369499     0.00092069    -0.00033889   
  21  -0.00280477     0.00903406    -0.99973816     0.02075830     0.00135122     0.00062392   
  22  -0.00174073     0.00387474    -0.02071748    -0.99977543     0.00098787     0.00036704   
  23   0.00185301    -0.00092729     0.00135808     0.00095343     0.99997420    -0.00143910   
  24   0.00005170    -0.00030455    -0.00064208    -0.00035965    -0.00141493    -0.99983561   
  25  -0.00040896     0.00023946     0.00000177     0.00023065     0.00042211     0.00421762   
  26  -0.00051294     0.00059405     0.00043880     0.00032844    -0.00076187    -0.00703957   
  27   0.00028336     0.00011804     0.00005515     0.00003790    -0.00153632     0.00569920   
  28   0.00056497    -0.00045557    -0.00019380     0.00042859    -0.00032277    -0.00142344   
  29  -0.00025773     0.00045948    -0.00059352     0.00011735    -0.00037572    -0.00019774   
  30   0.00021467    -0.00013182    -0.00025083    -0.00020358     0.00044381    -0.00010348   
  31  -0.00004442     0.00015536    -0.00024645    -0.00015836    -0.00071749    -0.00120173   
  32  -0.00004169     0.00006651    -0.00019738     0.00021113     0.00046287     0.00194602   
  33  -0.00017246     0.00000608     0.00006969     0.00013490    -0.00004794    -0.00155461   
  34  -0.00004452     0.00011603    -0.00004041    -0.00020438    -0.00002661     0.00064473   
  35  -0.00396460    -0.00050740    -0.00008534    -0.00003997     0.00585797    -0.00037322   
  36   0.00128589    -0.00168547     0.00020497     0.00009716    -0.00175616    -0.01451163   
  37   0.00009946     0.00001722     0.00011741     0.00005876    -0.00004670     0.00015871   
  38   0.00009496    -0.00008581    -0.00015967     0.00008482    -0.00011422    -0.00034761   
  39   0.00005937    -0.00011096     0.00010703     0.00008922     0.00002856    -0.00115828   
  40  -0.00001104     0.00003393     0.00000563    -0.00014412    -0.00009845    -0.00013435   
  41  -0.00006415     0.00010805    -0.00006189    -0.00001091    -0.00006848     0.00003387   
  42   0.00002069     0.00009022    -0.00000040    -0.00002496     0.00012128     0.00004637   
  43  -0.00001650     0.00009111     0.00012600     0.00009170    -0.00018124    -0.00015809   
  44  -0.00015160     0.00006096    -0.00007043     0.00004388     0.00026646     0.00012420   
  45  -0.00011434    -0.00001759    -0.00008398    -0.00007552     0.00038306    -0.00002209   
  46   0.00008465    -0.00006533     0.00002052     0.00000386    -0.00009273    -0.00006163   
  47   0.00002702    -0.00000730    -0.00001704     0.00004867    -0.00003216     0.00000725   
  48   0.00009834    -0.00004434     0.00005903     0.00003773    -0.00022603    -0.00075340   
  49   0.00006828    -0.00001974     0.00006539     0.00006201    -0.00032025    -0.00000034   
  50  -0.00002950    -0.00021132    -0.00008711    -0.00001924     0.00008277    -0.00091564   
  51  -0.00000279    -0.00001726    -0.00013351     0.00021386    -0.00001347    -0.00001538   
  52   0.00015793    -0.00006076    -0.00005260    -0.00006809    -0.00017277    -0.00021292   
  53   0.00002942    -0.00010326     0.00006125     0.00001471    -0.00011191     0.00065430   
  54  -0.00004716    -0.00003152    -0.00003033    -0.00002924    -0.00041309     0.00011905   
           25             26             27             28             29             30       
   1   0.00000910    -0.00003550     0.00010223     0.00001668     0.00000399     0.00001618   
   2  -0.00000537     0.00005494     0.00011441    -0.00000825    -0.00000586    -0.00000033   
   3   0.00000283     0.00000401    -0.00000972     0.00000235    -0.00001400    -0.00001588   
   4  -0.00001449     0.00000327    -0.00000127    -0.00002558    -0.00001760    -0.00002827   
   5   0.00003528    -0.00000159     0.00000088    -0.00004263     0.00001280    -0.00000257   
   6  -0.00001938     0.00001136     0.00003541    -0.00000032     0.00002693    -0.00000393   
   7  -0.00001803    -0.00000182     0.00012540    -0.00003716    -0.00002428     0.00010452   
   8  -0.00006097    -0.00003024    -0.00009168    -0.00004881    -0.00002566    -0.00001468   
   9   0.00003452    -0.00005589    -0.00000154    -0.00003144    -0.00003585    -0.00000552   
  10   0.00001514     0.00000637     0.00002516     0.00003521     0.00002028     0.00002342   
  11  -0.00003394    -0.00010400     0.00002321     0.00000311    -0.00002445    -0.00000342   
  12   0.00001190     0.00002112     0.00004261    -0.00001383    -0.00002450     0.00003593   
  13  -0.00004961    -0.00007819     0.00000702    -0.00002242     0.00002202     0.00000273   
  14   0.00001569    -0.00005609     0.00000605    -0.00001547    -0.00002785     0.00000445   
  15   0.00007367    -0.00001921    -0.00000267     0.00001544     0.00000076     0.00001570   
  16   0.00004046    -0.00003216     0.00000493     0.00009705     0.00001995     0.00004961   
  17  -0.00000894    -0.00003489    -0.00000562    -0.00002824     0.00000659    -0.00011121   
  18  -0.00028772     0.00010411    -0.00028477    -0.00010699     0.00005871    -0.00007867   
  19  -0.00040900     0.00049082     0.00032049    -0.00057023    -0.00025998     0.00014887   
  20   0.00023357    -0.00061696     0.00009589     0.00045213     0.00045234    -0.00014078   
  21   0.00000759     0.00043112    -0.00004345    -0.00019712     0.00060034     0.00024774   
  22  -0.00022518     0.00033972    -0.00003136     0.00042782    -0.00010338     0.00021015   
  23   0.00042093     0.00080919    -0.00155678     0.00032892    -0.00036812     0.00053477   
  24  -0.00418231    -0.00681980    -0.00582347    -0.00136940     0.00021656     0.00010731   
  25  -0.99997722     0.00160627    -0.00088061     0.00169804    -0.00251466     0.00077985   
  26   0.00152686     0.99965894     0.02363397    -0.00180508    -0.00028167    -0.00069748   
  27   0.00094595     0.02366878    -0.99968537    -0.00058611    -0.00017447    -0.00027810   
  28   0.00167789     0.00177200    -0.00054720     0.99998438     0.00103998    -0.00126970   
  29   0.00252251    -0.00026480     0.00016777     0.00104918    -0.99998891     0.00097228   
  30  -0.00076464    -0.00062410     0.00018356    -0.00122319    -0.00094203    -0.99983967   
  31   0.00026434    -0.00047377     0.00004472     0.00019825    -0.00116606    -0.00642287   
  32   0.00137761     0.00030956    -0.00013347     0.00018842    -0.00118387     0.00260787   
  33   0.00107760     0.00291466     0.00156211     0.00139976     0.00094918     0.00050491   
  34   0.00048768     0.00069986    -0.00010718     0.00140479    -0.00001801     0.00192037   
  35  -0.00114420    -0.00515364     0.00441285    -0.00280346    -0.00197321    -0.01610451   
  36  -0.00298901    -0.00559072    -0.00318110    -0.00262667    -0.00203878     0.00158007   
  37   0.00008772     0.00010376     0.00004685     0.00031790    -0.00001804    -0.00045961   
  38   0.00078754    -0.00004779     0.00001176    -0.00005976    -0.00081426    -0.00014989   
  39   0.00013773     0.00014103     0.00008581     0.00003816    -0.00026279     0.00019080   
  40  -0.00012079    -0.00009912     0.00002775     0.00003996    -0.00023067     0.00001842   
  41  -0.00028983    -0.00014814     0.00000730    -0.00016914     0.00016388     0.00006098   
  42  -0.00004225     0.00008048     0.00076322     0.00003481    -0.00001141    -0.00032534   
  43  -0.00014335     0.00035899    -0.00005071    -0.00033257    -0.00016231     0.00034819   
  44   0.00013935    -0.00018729     0.00007736    -0.00023066    -0.00006000    -0.00019687   
  45   0.00005341    -0.00018052     0.00011412     0.00010938    -0.00028290    -0.00104877   
  46  -0.00008130    -0.00021332     0.00000557    -0.00003277    -0.00009843     0.00068257   
  47   0.00005880    -0.00003038     0.00001479    -0.00007433     0.00010381     0.00018193   
  48  -0.00021891     0.00011603     0.00010163    -0.00038216    -0.00046226     0.00013549   
  49  -0.00012773     0.00006227    -0.00036433    -0.00033114    -0.00009719     0.00062243   
  50   0.00016055    -0.00008911    -0.00015255     0.00010086    -0.00016582    -0.00004503   
  51   0.00017491     0.00000412     0.00000653    -0.00021083     0.00009273     0.00001724   
  52  -0.00005635     0.00014205    -0.00001617    -0.00004676    -0.00007089    -0.00000978   
  53   0.00000383    -0.00006379    -0.00008285     0.00002673     0.00013300     0.00005890   
  54   0.00000022     0.00006593    -0.00015141    -0.00002274    -0.00006148     0.00013231   
           31             32             33             34             35             36       
   1   0.00000087     0.00000252     0.00000330     0.00001006    -0.00093597    -0.00019296   
   2   0.00000218    -0.00000662     0.00001077    -0.00000452    -0.00035198    -0.00080662   
   3   0.00002344    -0.00001117     0.00000495     0.00000693    -0.00055461     0.00012134   
   4  -0.00000337     0.00001847    -0.00000783     0.00001400     0.00016650    -0.00019157   
   5  -0.00002911    -0.00004004    -0.00000742     0.00002457     0.00002598     0.00003070   
   6  -0.00002191    -0.00000724     0.00010236    -0.00000260    -0.00001490    -0.00082341   
   7   0.00002129    -0.00001163     0.00000088    -0.00001095    -0.00338230    -0.00038846   
   8   0.00000913     0.00000094    -0.00005589    -0.00001170     0.00021739     0.00371057   
   9  -0.00001081    -0.00000792    -0.00000470    -0.00000245    -0.00011306     0.00006553   
  10  -0.00000339    -0.00000920     0.00000225     0.00000467     0.00129615    -0.00005401   
  11   0.00004136    -0.00000110    -0.00001474     0.00000970     0.00010783     0.00006193   
  12   0.00000222     0.00002180    -0.00002737     0.00001322    -0.00017073    -0.00026562   
  13   0.00002250    -0.00004683    -0.00001705     0.00000214    -0.00006060     0.00004957   
  14  -0.00001628    -0.00001352     0.00001144    -0.00005983    -0.00005387     0.00003095   
  15   0.00002198     0.00000471     0.00004473    -0.00003024     0.00008470    -0.00010333   
  16   0.00003518    -0.00005686     0.00004829     0.00001435     0.00026397    -0.00018695   
  17  -0.00003310     0.00001509    -0.00005837    -0.00003153    -0.00066562    -0.00011624   
  18  -0.00000905    -0.00026606     0.00092657    -0.00000051     0.00104111     0.00788187   
  19   0.00003641     0.00005580     0.00014012     0.00007403    -0.00396317    -0.00129850   
  20  -0.00015758    -0.00006025     0.00004512    -0.00009788    -0.00048750     0.00169870   
  21  -0.00024047    -0.00020621     0.00006815    -0.00003689     0.00009006     0.00023543   
  22  -0.00016224     0.00020140     0.00014418    -0.00020639     0.00004528     0.00011706   
  23   0.00072961    -0.00049011     0.00007720    -0.00002112     0.00578677     0.00175149   
  24  -0.00117737     0.00196700    -0.00192398     0.00054713     0.00045294    -0.01459235   
  25   0.00028102     0.00132691     0.00102093     0.00044764     0.00115397    -0.00295266   
  26   0.00043408    -0.00018609    -0.00278705    -0.00060266    -0.00505526     0.00562101   
  27   0.00005633    -0.00016973     0.00141279    -0.00010193    -0.00449543    -0.00300515   
  28  -0.00022167    -0.00013127    -0.00132538    -0.00135734    -0.00284490     0.00266958   
  29  -0.00115235    -0.00122656     0.00084857    -0.00005361     0.00194738    -0.00207480   
  30  -0.00638901     0.00251091     0.00060082     0.00178639     0.01605955     0.00157848   
  31   0.99997051     0.00072471    -0.00071315    -0.00192709    -0.00222794     0.00186230   
  32  -0.00067363     0.99967807     0.02442768    -0.00008622     0.00514267    -0.00217424   
  33   0.00079457    -0.02448979     0.99921570     0.00035388     0.00153521    -0.03070669   
  34   0.00197348     0.00002864    -0.00058899     0.99991993     0.00988837    -0.00696967   
  35  -0.00227789     0.00511869     0.00157376     0.00992798    -0.99800956    -0.00355431   
  36  -0.00185501     0.00147123     0.03069731     0.00702584    -0.00354353     0.99841776   
  37   0.00056148    -0.00058451    -0.00005171    -0.00003185     0.04068293    -0.00373017   
  38   0.00012229     0.00054426     0.00039151    -0.00006375    -0.00068586     0.01001402   
  39   0.00021821    -0.00040805     0.00188214     0.00010467     0.00353621     0.02243436   
  40   0.00016905    -0.00008645     0.00019907     0.00017298    -0.00467751     0.00672092   
  41   0.00016874    -0.00035222    -0.00002147     0.00011967    -0.00297056     0.00528876   
  42   0.00004430     0.00001953     0.00014399     0.00006262     0.02023554     0.02201518   
  43  -0.00023600     0.00034012     0.00073817     0.00019659    -0.00463495     0.01220218   
  44  -0.00035893     0.00003738     0.00004793    -0.00117297     0.01302538    -0.00676778   
  45   0.00043619    -0.00000927    -0.00014297     0.00076551     0.03031228    -0.00454075   
  46  -0.00002805     0.00014896     0.00079164     0.00029626    -0.00084793    -0.00430766   
  47   0.00001337    -0.00009120    -0.00001136     0.00018852    -0.00012262    -0.00004292   
  48   0.00007062     0.00014379     0.00106878     0.00036520    -0.00163204     0.01622994   
  49  -0.00007348     0.00013745    -0.00008368     0.00005089    -0.01437891    -0.00661124   
  50   0.00011090    -0.00007632     0.00086123     0.00019639     0.00056185     0.00437947   
  51  -0.00012112    -0.00021893    -0.00009236     0.00008786     0.00015834     0.00102391   
  52   0.00008525    -0.00007122     0.00007535     0.00001822    -0.00357629     0.00509068   
  53  -0.00007301     0.00009984    -0.00068174    -0.00010342    -0.00233828    -0.00436619   
  54   0.00009238     0.00000255    -0.00012994     0.00010249    -0.00176599    -0.00257831   

 -----------------------------------------------------------------------------------------------
  Virtual Orbital Coefficients
 -----------------------------------------------------------------------------------------------
           37             38             39             40             41             42       
   1   0.00000911     0.00001733    -0.00001175    -0.00000952    -0.00002674     0.00001830   
   2  -0.00002902    -0.00000887    -0.00001387     0.00000115     0.00003105    -0.00002084   
   3   0.00003715    -0.00000703     0.00000179     0.00000254     0.00001251     0.00004074   
   4  -0.00002330     0.00000808     0.00002241    -0.00000155    -0.00001444    -0.00002083   
   5   0.00000196     0.00000669    -0.00000288    -0.00000726     0.00000258    -0.00000798   
   6  -0.00002231    -0.00002712    -0.00001034     0.00000252     0.00000186    -0.00002578   
   7   0.00007323    -0.00002186    -0.00002443    -0.00001060    -0.00002283     0.00004073   
   8   0.00005719     0.00001322     0.00002206    -0.00000347    -0.00004775     0.00001737   
   9   0.00000691     0.00000255    -0.00000982     0.00000724     0.00000199     0.00000785   
  10  -0.00000541    -0.00000711    -0.00000779    -0.00000289    -0.00001640    -0.00004011   
  11   0.00000185     0.00000091    -0.00001279    -0.00000462    -0.00000283     0.00001905   
  12  -0.00001329    -0.00000302     0.00001853     0.00000139     0.00003101    -0.00000696   
  13  -0.00000069     0.00000565    -0.00000778    -0.00001029     0.00000264    -0.00002011   
  14  -0.00000831    -0.00000417    -0.00000967     0.00001006    -0.00000502    -0.00003374   
  15  -0.00001460    -0.00003226    -0.00001150     0.00000287    -0.00001152    -0.00000069   
  16   0.00002155    -0.00001589    -0.00001347    -0.00000511    -0.00001514    -0.00003428   
  17   0.00011531    -0.00003867     0.00000345    -0.00000574    -0.00000492     0.00018587   
  18   0.00005086    -0.00008502    -0.00045876     0.00001305     0.00005861     0.00001456   
  19   0.00011203     0.00004594     0.00001756    -0.00000457     0.00003788     0.00025336   
  20  -0.00003431    -0.00009662    -0.00008968    -0.00000310    -0.00009109    -0.00010334   
  21   0.00014568     0.00006773    -0.00013274     0.00005608    -0.00005745    -0.00004041   
  22   0.00001227    -0.00009664    -0.00009235    -0.00012788    -0.00003566     0.00004588   
  23  -0.00024495     0.00005699     0.00012663     0.00004135     0.00009883    -0.00041561   
  24   0.00020510     0.00020319     0.00075541    -0.00002649    -0.00016066     0.00012052   
  25  -0.00034899    -0.00078911    -0.00016094    -0.00007945    -0.00003590     0.00005438   
  26   0.00016838    -0.00002263     0.00027919    -0.00000083     0.00003310     0.00012953   
  27   0.00018500    -0.00015219    -0.00018219     0.00001700     0.00009378     0.00038120   
  28  -0.00017516     0.00010908     0.00011949    -0.00011987     0.00008061     0.00033152   
  29   0.00027517     0.00080042     0.00013023    -0.00015091    -0.00018233    -0.00018468   
  30  -0.00103408     0.00073303    -0.00006703     0.00001301     0.00006706    -0.00072407   
  31  -0.00038561     0.00031755     0.00017354    -0.00005152    -0.00032996     0.00034370   
  32   0.00059976     0.00037466    -0.00035471     0.00000361     0.00034268    -0.00027449   
  33  -0.00000196     0.00023471     0.00114776    -0.00004108    -0.00014925    -0.00020989   
  34  -0.00045587     0.00009171    -0.00000784    -0.00004432    -0.00003954     0.00058549   
  35   0.03808061    -0.02017607    -0.00511722    -0.00151778    -0.00273757     0.02143168   
  36   0.00865958     0.00646398     0.01955386    -0.00139179    -0.01557282    -0.00276417   
  37   0.88998144    -0.44588643    -0.00358495     0.02311133     0.00725387    -0.01481453   
  38  -0.42734308    -0.85610591     0.11990318    -0.14293222     0.21814170    -0.01125335   
  39  -0.03099691    -0.05211411    -0.96511578    -0.02602573     0.24686210    -0.00278308   
  40  -0.02715683    -0.00163372     0.09560764     0.87959942     0.46257222    -0.04039643   
  41   0.13016030     0.24890052     0.20512988    -0.45058367     0.82195873    -0.00807561   
  42  -0.00884518     0.00200397    -0.03639780    -0.00061912     0.01351111     0.26342753   
  43  -0.02755767    -0.00428918    -0.00331983     0.01407493     0.01965193     0.36460110   
  44   0.00906881    -0.00231133     0.01657938     0.02977235     0.01759647     0.86398618   
  45   0.05302290    -0.04838524     0.00442553    -0.00078140     0.00984520     0.21676416   
  46  -0.02308147     0.00425798     0.00718785    -0.00268146    -0.01831647    -0.01500021   
  47  -0.00541680     0.00127645    -0.00112200    -0.01437970    -0.00160665    -0.00339844   
  48  -0.01197204     0.00250694     0.00611865    -0.00052259     0.00110199    -0.01375482   
  49  -0.01720835     0.01065100     0.00208034     0.00012946    -0.00236459    -0.02086885   
  50   0.00143274    -0.00004653     0.00450808    -0.00009432    -0.00044860    -0.00651322   
  51   0.01306886     0.01980141    -0.00123405     0.01755691    -0.00226736    -0.00490318   
  52   0.01313673     0.01517545    -0.00208450    -0.00505202    -0.01521206    -0.00798913   
  53   0.00253970     0.00246744    -0.02786942    -0.00025008     0.00351866    -0.00351574   
  54  -0.00766909     0.00316372    -0.00198335     0.00048273     0.00343172     0.02626072   
           43             44             45             46             47             48       
   1  -0.00002960    -0.00001973    -0.00002202    -0.00002107    -0.00000538     0.00000070   
   2  -0.00002083     0.00001525    -0.00002941     0.00001547     0.00000144     0.00001754   
   3  -0.00000129    -0.00001578    -0.00001168    -0.00000010    -0.00000125    -0.00000314   
   4   0.00001087     0.00003404     0.00000150    -0.00002712    -0.00000181     0.00003647   
   5   0.00000739    -0.00000466     0.00000157     0.00000738    -0.00002897    -0.00000182   
   6   0.00000659     0.00003104    -0.00002060    -0.00000704     0.00000059     0.00000280   
   7   0.00002609    -0.00000660     0.00001927     0.00006096     0.00001793    -0.00003051   
   8  -0.00002170     0.00004767    -0.00010147     0.00006929    -0.00000322    -0.00004644   
   9   0.00000375    -0.00000547    -0.00000874     0.00001935    -0.00002646    -0.00001179   
  10  -0.00005003    -0.00004007     0.00000318     0.00002315     0.00000673     0.00000362   
  11  -0.00002150    -0.00000781     0.00000314     0.00002186     0.00001896    -0.00000560   
  12   0.00001110     0.00000035     0.00000535    -0.00004372    -0.00000008     0.00002640   
  13  -0.00001292     0.00000599     0.00001805     0.00000480     0.00001083     0.00002266   
  14  -0.00002020     0.00001302     0.00002172     0.00001272    -0.00000864     0.00002040   
  15  -0.00001568     0.00003428    -0.00000729     0.00002129    -0.00000567     0.00002875   
  16   0.00002047     0.00004809    -0.00000324     0.00004266     0.00001299     0.00004841   
  17   0.00022648     0.00008794    -0.00016450    -0.00005944    -0.00002584     0.00008779   
  18  -0.00009902     0.00001424    -0.00027223     0.00019587    -0.00002346    -0.00037926   
  19   0.00017450     0.00006187    -0.00010484    -0.00004094    -0.00001537     0.00008453   
  20  -0.00001711     0.00007420    -0.00011432     0.00007878     0.00000621    -0.00001887   
  21  -0.00008046    -0.00014354     0.00006300     0.00000033    -0.00003960    -0.00004303   
  22  -0.00011692    -0.00006429     0.00003148    -0.00001385     0.00007671    -0.00003399   
  23  -0.00050500    -0.00027660     0.00017608    -0.00002950     0.00000906    -0.00018583   
  24   0.00018706     0.00001068     0.00036741    -0.00011706     0.00001781     0.00058983   
  25  -0.00000635     0.00017935    -0.00001881    -0.00006956     0.00008986     0.00016547   
  26   0.00017474     0.00043992    -0.00032792     0.00037837     0.00004299     0.00020866   
  27   0.00069100     0.00006092     0.00052012     0.00005172     0.00003624    -0.00015872   
  28  -0.00018436    -0.00017104    -0.00002937    -0.00000518     0.00009562    -0.00034576   
  29  -0.00016052     0.00012511     0.00021497    -0.00010181     0.00011542     0.00045032   
  30  -0.00150533    -0.00050942     0.00049852     0.00044597     0.00013146    -0.00009091   
  31  -0.00041506     0.00000577     0.00016818    -0.00000116    -0.00000046     0.00012901   
  32  -0.00006319     0.00026910     0.00003117    -0.00012928     0.00012529     0.00010320   
  33   0.00054684     0.00038157     0.00041942    -0.00086538     0.00005163     0.00061953   
  34  -0.00107467     0.00064077     0.00053117    -0.00031224    -0.00020366     0.00025821   
  35   0.02946429     0.00589893    -0.00381783     0.00432167     0.00094212     0.00016550   
  36  -0.00899203     0.01220496    -0.01903485     0.00723955    -0.00000501     0.01638425   
  37  -0.04981179    -0.02342933     0.05402288     0.01318152     0.00393165    -0.01039902   
  38  -0.01239099     0.01920674     0.01292975    -0.00487879     0.00041672     0.00310856   
  39  -0.02596278     0.01097982    -0.03090008     0.01252115    -0.00159330    -0.00735922   
  40   0.00978022     0.00398177     0.00254355     0.00986243     0.01085814     0.00050090   
  41  -0.00372716     0.00004452     0.00114275     0.01332616    -0.00441742     0.00133291   
  42   0.59808339    -0.00844621     0.75408181     0.02197600     0.01897358    -0.02740492   
  43  -0.18845566    -0.89017255     0.01800042    -0.18507895    -0.01891423     0.03892708   
  44  -0.28746104     0.39755726    -0.07170181     0.07081010     0.00419294    -0.01916627   
  45   0.71293750    -0.09350816    -0.64528139     0.06826766     0.01156868    -0.02765955   
  46  -0.07708122    -0.18895120     0.03645673     0.96946756    -0.01643673    -0.00888041   
  47  -0.02326082    -0.02013438    -0.00584789     0.01178512     0.98813901    -0.00367499   
  48  -0.03419007    -0.03664838    -0.00435366    -0.01563820    -0.00596393    -0.99083998   
  49  -0.04630712    -0.03123701     0.04543646     0.00806904     0.00823529    -0.06324471   
  50  -0.00097584     0.01680465    -0.01029854    -0.00083328    -0.00001002    -0.01997787   
  51   0.00168989     0.00317603    -0.00404591    -0.03322083     0.14513372    -0.00970797   
  52   0.00209613     0.02564037     0.00397477    -0.11437541    -0.03244824    -0.05176134   
  53  -0.00305587     0.00842936     0.00417395    -0.01642910    -0.00546470     0.08429631   
  54   0.04100418    -0.00623433    -0.03845002    -0.01071670    -0.00595309     0.00476823   
           49             50             51             52             53             54       
   1   0.00004665    -0.00000674     0.00000049    -0.00001336     0.00000648    -0.00000147   
   2   0.00003558    -0.00006165    -0.00000054     0.00000429    -0.00001534    -0.00000707   
   3   0.00000509     0.00001340     0.00000212     0.00000630    -0.00000712    -0.00001111   
   4  -0.00002159    -0.00001468    -0.00000073     0.00000842     0.00000008     0.00000228   
   5  -0.00000536     0.00000273     0.00004604     0.00000112     0.00000009     0.00000017   
   6   0.00000093    -0.00011798     0.00000353    -0.00002010    -0.00006262     0.00000726   
   7   0.00008576    -0.00001048    -0.00000821    -0.00002515     0.00000637     0.00009086   
   8  -0.00001349    -0.00008472     0.00001252    -0.00005482    -0.00003512     0.00003207   
   9  -0.00000460    -0.00001500     0.00008907    -0.00003557     0.00001366     0.00000134   
  10   0.00005334     0.00001906     0.00000771     0.00000221    -0.00002768     0.00012168   
  11   0.00001015     0.00000299    -0.00005055    -0.00005529     0.00000509     0.00002747   
  12   0.00001601     0.00008228    -0.00000903     0.00004318    -0.00002804     0.00000216   
  13   0.00000369     0.00003338    -0.00002054     0.00000758    -0.00001792    -0.00001338   
  14  -0.00000065     0.00001280     0.00004215     0.00002570    -0.00001243    -0.00002834   
  15  -0.00000297    -0.00002044    -0.00002190     0.00001097    -0.00000779    -0.00000829   
  16  -0.00002932    -0.00002008     0.00000179     0.00001477    -0.00001402    -0.00000188   
  17  -0.00018892    -0.00001155     0.00000462    -0.00004932     0.00002735    -0.00026085   
  18  -0.00011621    -0.00075110     0.00005098    -0.00018971     0.00013823     0.00008220   
  19  -0.00011016    -0.00003116    -0.00001477    -0.00016985     0.00003034     0.00004077   
  20   0.00003070    -0.00017691    -0.00000772     0.00004477    -0.00015637     0.00001397   
  21   0.00005716     0.00010194     0.00013395    -0.00005608    -0.00003250    -0.00002901   
  22   0.00005523     0.00002474    -0.00021052    -0.00005503    -0.00001455    -0.00002068   
  23   0.00037802     0.00010934     0.00001275     0.00022213    -0.00016763     0.00041163   
  24  -0.00003095     0.00095834    -0.00000183    -0.00002769    -0.00035699     0.00002933   
  25  -0.00011472    -0.00017595    -0.00018609    -0.00002685    -0.00002647     0.00000172   
  26  -0.00004005    -0.00002571    -0.00000168    -0.00015338    -0.00008134    -0.00007023   
  27  -0.00044928     0.00010726    -0.00001618    -0.00001968     0.00012941    -0.00014838   
  28   0.00027939     0.00010248    -0.00019877     0.00003795     0.00001695     0.00001098   
  29  -0.00007405     0.00017446    -0.00006639    -0.00004415    -0.00004986    -0.00004609   
  30   0.00072221     0.00005667     0.00000149     0.00012132    -0.00009974     0.00020366   
  31   0.00003441     0.00013177    -0.00013274    -0.00008445    -0.00003524    -0.00007955   
  32  -0.00006803    -0.00009368    -0.00018193     0.00008103     0.00008159     0.00003012   
  33  -0.00001160     0.00082470    -0.00008292     0.00009073    -0.00033850    -0.00001301   
  34   0.00001594     0.00017435     0.00004916     0.00002544    -0.00000779    -0.00006764   
  35  -0.01164150    -0.00058819    -0.00038095    -0.00349985     0.00201983    -0.00218980   
  36   0.00858093     0.00561823     0.00074206    -0.00353168    -0.00241221     0.00197090   
  37   0.01463017     0.00082008     0.00315308    -0.00243936    -0.00056024     0.01234015   
  38   0.00187229    -0.00120057    -0.02427561     0.02212100    -0.00546480    -0.00151818   
  39   0.00171086    -0.01035391    -0.00217734     0.00252525     0.02535257     0.00062774   
  40  -0.00008888    -0.00033694     0.01631445     0.01209298    -0.00046246    -0.00235171   
  41   0.00083314     0.00043139    -0.00409825     0.00679535    -0.00140736    -0.00211786   
  42  -0.00318176    -0.00905363    -0.00094172    -0.00099174    -0.00366979    -0.00227904   
  43  -0.02656147    -0.01733913    -0.00149891     0.00509016    -0.00569960    -0.00896829   
  44   0.01865810     0.00179990    -0.00419498     0.00487442     0.00042435    -0.01155236   
  45   0.06150639     0.00261775     0.00127004     0.00773676     0.00167834    -0.06306015   
  46  -0.01826104    -0.01130962    -0.02781572     0.11803977    -0.02075704     0.00450425   
  47  -0.00920701     0.00068465     0.14645205     0.02554030    -0.00227811     0.00201200   
  48  -0.06272547     0.04532781     0.00816791    -0.04797574    -0.08012303     0.00116410   
  49   0.99315613    -0.01783003    -0.00309697    -0.01240740     0.03604434    -0.03790092   
  50  -0.01079638    -0.96619721     0.01852541    -0.09683610    -0.23580518    -0.01207253   
  51  -0.00226339    -0.01709948    -0.98572505     0.06085797    -0.03139031     0.01286162   
  52   0.00610003    -0.09724951     0.06114515     0.98152134     0.01036284    -0.07082890   
  53   0.03962636     0.23136764     0.02515916     0.02362354    -0.95789600    -0.13341587   
  54   0.04775819     0.01202402     0.02056182     0.07145653    -0.12980428     0.98541384   

 -----------------------------------------------------------------------------------------------
  Generalised Fock Matrix (MO basis)
 -----------------------------------------------------------------------------------------------
           1              2              3              4              5              6        
   1  -60.23341728    0.00000000     0.00000000     0.00000000    -0.00000000    -0.00000000   
   2   0.00000000    -59.12634789   -0.00000000     0.00000000     0.00000000    -0.00000000   
   3   0.00000000    -0.00000000    -48.62675730    0.00000000    -0.00000000    -0.00000000   
   4   0.00000000     0.00000000     0.00000000    -46.73007474    0.00000000     0.00000000   
   5  -0.00000000     0.00000000    -0.00000000     0.00000000    -46.46971984   -0.00000000   
   6  -0.00000000    -0.00000000    -0.00000000     0.00000000    -0.00000000    -42.71627629  
   7   0.00000000     0.00000000    -0.00000000    -0.00000000     0.00000000     0.00000000   
   8   0.00000000     0.00000000     0.00000000    -0.00000000     0.00000000     0.00000000   
   9  -0.00000000     0.00000000    -0.00000000    -0.00000000    -0.00000000     0.00000000   
  10   0.00000000     0.00000000     0.00000000    -0.00000000     0.00000000    -0.00000000   
  11   0.00000000     0.00000000     0.00000000    -0.00000000     0.00000000     0.00000000   
  12   0.00000000    -0.00000000    -0.00000000     0.00000000     0.00000000     0.00000000   
  13  -0.00000000    -0.00000000     0.00000000     0.00000000     0.00000000     0.00000000   
  14  -0.00000000    -0.00000000     0.00000000     0.00000000    -0.00000000     0.00000000   
  15  -0.00000000     0.00000000     0.00000000    -0.00000000     0.00000000    -0.00000000   
  16  -0.00000000    -0.00000000    -0.00000000    -0.00000000    -0.00000000    -0.00000000   
  17   0.00000000     0.00000000    -0.00000000    -0.00000000     0.00000000    -0.00000000   
  18   0.00000000    -0.00000000     0.00000000     0.00000000    -0.00000000    -0.00000000   
  19   0.00000000    -0.00000000     0.00000000     0.00000000    -0.00000000     0.00000000   
  20  -0.00000000    -0.00000000     0.00000000     0.00000000    -0.00000000     0.00000000   
  21   0.00000000     0.00000000    -0.00000000    -0.00000000    -0.00000000    -0.00000000   
  22  -0.00000000    -0.00000000    -0.00000000    -0.00000000    -0.00000000     0.00000000   
  23   0.00000000     0.00000000    -0.00000000    -0.00000000    -0.00000000    -0.00000000   
  24   0.00000000    -0.00000000     0.00000000     0.00000000     0.00000000    -0.00000000   
  25   0.00000000    -0.00000000     0.00000000     0.00000000     0.00000000     0.00000000   
  26  -0.00000000    -0.00000000    -0.00000000     0.00000000     0.00000000     0.00000000   
  27  -0.00000000     0.00000000    -0.00000000     0.00000000    -0.00000000     0.00000000   
  28   0.00000000     0.00000000     0.00000000    -0.00000000     0.00000000     0.00000000   
  29  -0.00000000     0.00000000     0.00000000    -0.00000000    -0.00000000     0.00000000   
  30  -0.00000000     0.00000000     0.00000000    -0.00000000    -0.00000000     0.00000000   
  31   0.00000000     0.00000000    -0.00000000    -0.00000000    -0.00000000     0.00000000   
  32   0.00000000    -0.00000000     0.00000000     0.00000000     0.00000000    -0.00000000   
  33   0.00000000    -0.00000000     0.00000000     0.00000000     0.00000000    -0.00000000   
  34  -0.00000000     0.00000000    -0.00000000    -0.00000000     0.00000000    -0.00000000   
  35  -0.06146871     0.02278417     0.03375404     0.00837019    -0.00143379     0.00029948   
  36  -0.01243979     0.05304019    -0.00736286    -0.01034403    -0.00166130     0.04934711   
  37   0.00000016    -0.00000003    -0.00000020    -0.00000008    -0.00000005    -0.00000003   
  38  -0.00000002    -0.00000007     0.00000003    -0.00000003    -0.00000012    -0.00000014   
  39   0.00000014    -0.00000002    -0.00000015    -0.00000002    -0.00000001    -0.00000010   
  40  -0.00000007     0.00000002     0.00000005     0.00000002    -0.00000013     0.00000003   
  41  -0.00000004    -0.00000004    -0.00000000    -0.00000013    -0.00000002     0.00000004   
  42   0.00000006     0.00000013     0.00000017     0.00000002     0.00000009     0.00000031   
  43   0.00000019     0.00000007    -0.00000011    -0.00000008    -0.00000002     0.00000013   
  44  -0.00000001    -0.00000007     0.00000004     0.00000002     0.00000004     0.00000013   
  45  -0.00000014    -0.00000014     0.00000005     0.00000005    -0.00000002    -0.00000013   
  46   0.00000008     0.00000011    -0.00000012    -0.00000010     0.00000006     0.00000001   
  47  -0.00000005     0.00000000     0.00000001    -0.00000002    -0.00000019    -0.00000003   
  48  -0.00000008     0.00000003    -0.00000003    -0.00000004     0.00000001    -0.00000003   
  49  -0.00000010     0.00000023     0.00000013     0.00000006     0.00000002     0.00000005   
  50   0.00000009    -0.00000001     0.00000005    -0.00000002     0.00000001    -0.00000003   
  51   0.00000004     0.00000004    -0.00000006     0.00000001     0.00000019     0.00000001   
  52  -0.00000005    -0.00000009     0.00000004     0.00000018    -0.00000002     0.00000002   
  53   0.00000026    -0.00000013    -0.00000026    -0.00000003     0.00000002    -0.00000006   
  54   0.00000004     0.00000021     0.00000014    -0.00000003     0.00000001     0.00000027   
           7              8              9              10             11             12       
   1   0.00000000     0.00000000    -0.00000000     0.00000000     0.00000000     0.00000000   
   2   0.00000000     0.00000000     0.00000000     0.00000000     0.00000000    -0.00000000   
   3  -0.00000000     0.00000000    -0.00000000     0.00000000     0.00000000    -0.00000000   
   4  -0.00000000    -0.00000000    -0.00000000    -0.00000000    -0.00000000     0.00000000   
   5   0.00000000     0.00000000    -0.00000000     0.00000000     0.00000000     0.00000000   
   6   0.00000000     0.00000000     0.00000000    -0.00000000     0.00000000     0.00000000   
   7  -28.70846665    0.00000000     0.00000000    -0.00000000    -0.00000000     0.00000000   
   8   0.00000000    -25.42677185   -0.00000000     0.00000000     0.00000000     0.00000000   
   9   0.00000000    -0.00000000    -21.06264771   -0.00000000     0.00000000     0.00000000   
  10  -0.00000000     0.00000000    -0.00000000    -20.83386772   -0.00000000     0.00000000   
  11  -0.00000000     0.00000000     0.00000000    -0.00000000    -20.69408913   -0.00000000   
  12   0.00000000     0.00000000     0.00000000     0.00000000    -0.00000000    -20.14029823  
  13   0.00000000     0.00000000    -0.00000000    -0.00000000    -0.00000000    -0.00000000   
  14   0.00000000     0.00000000    -0.00000000    -0.00000000     0.00000000     0.00000000   
  15   0.00000000     0.00000000     0.00000000    -0.00000000     0.00000000     0.00000000   
  16  -0.00000000    -0.00000000     0.00000000    -0.00000000    -0.00000000     0.00000000   
  17   0.00000000     0.00000000     0.00000000    -0.00000000    -0.00000000    -0.00000000   
  18  -0.00000000     0.00000000     0.00000000     0.00000000    -0.00000000     0.00000000   
  19  -0.00000000    -0.00000000     0.00000000    -0.00000000    -0.00000000    -0.00000000   
  20  -0.00000000     0.00000000    -0.00000000     0.00000000    -0.00000000     0.00000000   
  21   0.00000000     0.00000000     0.00000000    -0.00000000    -0.00000000     0.00000000   
  22  -0.00000000    -0.00000000     0.00000000    -0.00000000     0.00000000     0.00000000   
  23   0.00000000     0.00000000    -0.00000000    -0.00000000    -0.00000000    -0.00000000   
  24  -0.00000000     0.00000000    -0.00000000     0.00000000     0.00000000    -0.00000000   
  25  -0.00000000     0.00000000    -0.00000000     0.00000000    -0.00000000    -0.00000000   
  26  -0.00000000    -0.00000000     0.00000000     0.00000000     0.00000000     0.00000000   
  27  -0.00000000     0.00000000     0.00000000    -0.00000000    -0.00000000    -0.00000000   
  28   0.00000000     0.00000000     0.00000000     0.00000000    -0.00000000    -0.00000000   
  29  -0.00000000     0.00000000    -0.00000000    -0.00000000    -0.00000000    -0.00000000   
  30   0.00000000     0.00000000     0.00000000    -0.00000000    -0.00000000    -0.00000000   
  31   0.00000000     0.00000000     0.00000000     0.00000000     0.00000000    -0.00000000   
  32  -0.00000000     0.00000000    -0.00000000     0.00000000    -0.00000000    -0.00000000   
  33  -0.00000000    -0.00000000    -0.00000000    -0.00000000    -0.00000000     0.00000000   
  34   0.00000000    -0.00000000     0.00000000     0.00000000    -0.00000000    -0.00000000   
  35  -0.14359903     0.00667926     0.00289501    -0.05350552    -0.00599520    -0.00518022   
  36  -0.01438205     0.14960507    -0.00045841     0.00153154    -0.00087734    -0.01425673   
  37   0.00000010    -0.00000027     0.00000007     0.00000007     0.00000010     0.00000008   
  38  -0.00000022     0.00000024    -0.00000006     0.00000001     0.00000017    -0.00000008   
  39   0.00000004    -0.00000001     0.00000004    -0.00000021    -0.00000005     0.00000007   
  40   0.00000003     0.00000002    -0.00000018    -0.00000002     0.00000013     0.00000000   
  41  -0.00000002    -0.00000008     0.00000000     0.00000007    -0.00000008    -0.00000001   
  42   0.00000016    -0.00000012     0.00000009     0.00000008     0.00000002    -0.00000007   
  43   0.00000019    -0.00000045     0.00000004     0.00000014    -0.00000008    -0.00000008   
  44  -0.00000009    -0.00000017    -0.00000000    -0.00000002    -0.00000004     0.00000003   
  45   0.00000009     0.00000006    -0.00000001    -0.00000014     0.00000008     0.00000014   
  46   0.00000004     0.00000004    -0.00000010    -0.00000013    -0.00000016     0.00000001   
  47   0.00000000     0.00000003    -0.00000037    -0.00000010     0.00000023     0.00000004   
  48  -0.00000021    -0.00000006    -0.00000014     0.00000004    -0.00000015    -0.00000006   
  49  -0.00000010     0.00000030    -0.00000015     0.00000003    -0.00000011     0.00000001   
  50   0.00000012     0.00000009    -0.00000012     0.00000004     0.00000003    -0.00000004   
  51  -0.00000001     0.00000000     0.00000025    -0.00000002    -0.00000014    -0.00000002   
  52  -0.00000007    -0.00000017     0.00000013     0.00000001     0.00000014     0.00000006   
  53   0.00000008    -0.00000001     0.00000012    -0.00000011     0.00000001    -0.00000000   
  54   0.00000016    -0.00000006    -0.00000006     0.00000007    -0.00000017    -0.00000013   
           13             14             15             16             17             18       
   1  -0.00000000    -0.00000000    -0.00000000    -0.00000000     0.00000000     0.00000000   
   2  -0.00000000    -0.00000000     0.00000000    -0.00000000     0.00000000    -0.00000000   
   3   0.00000000     0.00000000     0.00000000    -0.00000000    -0.00000000     0.00000000   
   4   0.00000000     0.00000000    -0.00000000    -0.00000000    -0.00000000     0.00000000   
   5   0.00000000    -0.00000000     0.00000000    -0.00000000     0.00000000    -0.00000000   
   6   0.00000000     0.00000000    -0.00000000    -0.00000000    -0.00000000    -0.00000000   
   7   0.00000000     0.00000000     0.00000000    -0.00000000     0.00000000    -0.00000000   
   8   0.00000000     0.00000000     0.00000000    -0.00000000     0.00000000     0.00000000   
   9  -0.00000000    -0.00000000     0.00000000     0.00000000     0.00000000     0.00000000   
  10  -0.00000000    -0.00000000    -0.00000000    -0.00000000    -0.00000000     0.00000000   
  11  -0.00000000     0.00000000     0.00000000    -0.00000000    -0.00000000    -0.00000000   
  12  -0.00000000     0.00000000     0.00000000     0.00000000    -0.00000000     0.00000000   
  13  -19.88766132   -0.00000000    -0.00000000     0.00000000    -0.00000000     0.00000000   
  14  -0.00000000    -19.50163181    0.00000000    -0.00000000     0.00000000     0.00000000   
  15  -0.00000000     0.00000000    -17.87747594   -0.00000000     0.00000000     0.00000000   
  16   0.00000000    -0.00000000    -0.00000000    -17.58981962    0.00000000    -0.00000000   
  17  -0.00000000     0.00000000     0.00000000     0.00000000    -16.21216105    0.00000000   
  18   0.00000000     0.00000000     0.00000000    -0.00000000     0.00000000    -4.28322952   
  19   0.00000000     0.00000000     0.00000000    -0.00000000     0.00000000     0.00000000   
  20   0.00000000     0.00000000    -0.00000000    -0.00000000    -0.00000000    -0.00000000   
  21  -0.00000000    -0.00000000    -0.00000000     0.00000000    -0.00000000    -0.00000000   
  22  -0.00000000    -0.00000000    -0.00000000     0.00000000    -0.00000000     0.00000000   
  23   0.00000000    -0.00000000    -0.00000000    -0.00000000     0.00000000     0.00000000   
  24   0.00000000    -0.00000000     0.00000000     0.00000000    -0.00000000    -0.00000000   
  25  -0.00000000    -0.00000000     0.00000000    -0.00000000     0.00000000    -0.00000000   
  26  -0.00000000    -0.00000000    -0.00000000     0.00000000     0.00000000    -0.00000000   
  27   0.00000000    -0.00000000    -0.00000000    -0.00000000     0.00000000     0.00000000   
  28   0.00000000    -0.00000000    -0.00000000     0.00000000    -0.00000000    -0.00000000   
  29   0.00000000    -0.00000000    -0.00000000    -0.00000000     0.00000000    -0.00000000   
  30  -0.00000000    -0.00000000     0.00000000    -0.00000000    -0.00000000    -0.00000000   
  31   0.00000000     0.00000000     0.00000000    -0.00000000     0.00000000    -0.00000000   
  32  -0.00000000    -0.00000000    -0.00000000     0.00000000    -0.00000000    -0.00000000   
  33  -0.00000000     0.00000000     0.00000000    -0.00000000    -0.00000000    -0.00000000   
  34  -0.00000000     0.00000000    -0.00000000     0.00000000    -0.00000000     0.00000000   
  35   0.00165198     0.00144539     0.00178743    -0.00582880    -0.03362628    -0.01640109   
  36  -0.00060266    -0.00024603    -0.00242544     0.00401527    -0.00323531    -0.15798663   
  37  -0.00000010    -0.00000029    -0.00000003     0.00000020     0.00000015    -0.00000013   
  38  -0.00000004    -0.00000039     0.00000012     0.00000017    -0.00000001    -0.00000012   
  39  -0.00000004    -0.00000001     0.00000005    -0.00000002     0.00000002    -0.00000002   
  40  -0.00000018     0.00000016     0.00000005     0.00000000    -0.00000002    -0.00000001   
  41  -0.00000005    -0.00000011     0.00000001    -0.00000002    -0.00000001     0.00000003   
  42  -0.00000020    -0.00000008    -0.00000019     0.00000012     0.00000010    -0.00000017   
  43   0.00000000    -0.00000009     0.00000009     0.00000007     0.00000009    -0.00000000   
  44  -0.00000005    -0.00000000    -0.00000006     0.00000000    -0.00000010    -0.00000002   
  45   0.00000001     0.00000006     0.00000004    -0.00000006    -0.00000006     0.00000004   
  46  -0.00000001     0.00000013    -0.00000001     0.00000008    -0.00000015    -0.00000016   
  47   0.00000009    -0.00000020    -0.00000041    -0.00000016    -0.00000001    -0.00000002   
  48   0.00000006     0.00000009    -0.00000006     0.00000008     0.00000010    -0.00000005   
  49  -0.00000002     0.00000002     0.00000002     0.00000008     0.00000007    -0.00000048   
  50   0.00000008     0.00000008    -0.00000002    -0.00000008    -0.00000001    -0.00000006   
  51  -0.00000016     0.00000028     0.00000011    -0.00000001    -0.00000005     0.00000007   
  52  -0.00000008    -0.00000013     0.00000008    -0.00000001    -0.00000009     0.00000006   
  53  -0.00000002     0.00000005     0.00000004    -0.00000012    -0.00000005     0.00000020   
  54   0.00000004    -0.00000003     0.00000004    -0.00000001    -0.00000002     0.00000004   
           19             20             21             22             23             24       
   1   0.00000000    -0.00000000     0.00000000    -0.00000000     0.00000000     0.00000000   
   2  -0.00000000    -0.00000000     0.00000000    -0.00000000     0.00000000    -0.00000000   
   3   0.00000000     0.00000000    -0.00000000    -0.00000000    -0.00000000     0.00000000   
   4   0.00000000     0.00000000    -0.00000000    -0.00000000    -0.00000000     0.00000000   
   5  -0.00000000    -0.00000000    -0.00000000    -0.00000000    -0.00000000     0.00000000   
   6   0.00000000     0.00000000    -0.00000000     0.00000000    -0.00000000    -0.00000000   
   7  -0.00000000    -0.00000000     0.00000000    -0.00000000     0.00000000    -0.00000000   
   8  -0.00000000     0.00000000     0.00000000    -0.00000000     0.00000000     0.00000000   
   9   0.00000000    -0.00000000     0.00000000     0.00000000    -0.00000000    -0.00000000   
  10  -0.00000000     0.00000000    -0.00000000    -0.00000000    -0.00000000     0.00000000   
  11  -0.00000000    -0.00000000    -0.00000000     0.00000000    -0.00000000     0.00000000   
  12  -0.00000000     0.00000000     0.00000000     0.00000000    -0.00000000    -0.00000000   
  13   0.00000000     0.00000000    -0.00000000    -0.00000000     0.00000000     0.00000000   
  14   0.00000000     0.00000000    -0.00000000    -0.00000000    -0.00000000    -0.00000000   
  15   0.00000000    -0.00000000    -0.00000000    -0.00000000    -0.00000000     0.00000000   
  16  -0.00000000    -0.00000000     0.00000000     0.00000000    -0.00000000     0.00000000   
  17   0.00000000    -0.00000000    -0.00000000    -0.00000000     0.00000000    -0.00000000   
  18   0.00000000    -0.00000000    -0.00000000     0.00000000     0.00000000    -0.00000000   
  19   0.91744430    -0.00000000     0.00000000    -0.00000000    -0.00000000    -0.00000000   
  20  -0.00000000     1.43191280    -0.00000000     0.00000000     0.00000000    -0.00000000   
  21   0.00000000    -0.00000000     1.78539313     0.00000000    -0.00000000     0.00000000   
  22  -0.00000000     0.00000000     0.00000000     1.90114802     0.00000000     0.00000000   
  23  -0.00000000     0.00000000    -0.00000000     0.00000000     3.53135072     0.00000000   
  24  -0.00000000    -0.00000000     0.00000000     0.00000000     0.00000000     5.80574396   
  25  -0.00000000     0.00000000     0.00000000    -0.00000000     0.00000000    -0.00000000   
  26  -0.00000000    -0.00000000     0.00000000     0.00000000     0.00000000     0.00000000   
  27  -0.00000000    -0.00000000     0.00000000    -0.00000000     0.00000000    -0.00000000   
  28  -0.00000000    -0.00000000     0.00000000    -0.00000000    -0.00000000    -0.00000000   
  29   0.00000000     0.00000000    -0.00000000    -0.00000000    -0.00000000     0.00000000   
  30   0.00000000    -0.00000000    -0.00000000    -0.00000000    -0.00000000     0.00000000   
  31   0.00000000    -0.00000000     0.00000000     0.00000000     0.00000000     0.00000000   
  32   0.00000000    -0.00000000    -0.00000000     0.00000000    -0.00000000    -0.00000000   
  33  -0.00000000    -0.00000000    -0.00000000     0.00000000    -0.00000000    -0.00000000   
  34   0.00000000    -0.00000000     0.00000000    -0.00000000     0.00000000    -0.00000000   
  35   0.05963219     0.00514809     0.00143325     0.00103269    -0.07657085     0.00362232   
  36   0.01851247    -0.02672797     0.00287669     0.00123119    -0.02202618    -0.16390114   
  37  -0.00000022    -0.00000004     0.00000003    -0.00000002     0.00000014    -0.00000028   
  38  -0.00000003    -0.00000001    -0.00000001     0.00000006    -0.00000011     0.00000020   
  39   0.00000008     0.00000009    -0.00000001     0.00000006     0.00000005    -0.00000007   
  40  -0.00000003    -0.00000002     0.00000004    -0.00000005     0.00000002    -0.00000002   
  41  -0.00000006    -0.00000003     0.00000003    -0.00000000     0.00000000     0.00000003   
  42  -0.00000014    -0.00000006     0.00000006    -0.00000003     0.00000014    -0.00000019   
  43  -0.00000012     0.00000001     0.00000001    -0.00000005     0.00000011    -0.00000012   
  44   0.00000003     0.00000000     0.00000002    -0.00000001    -0.00000007    -0.00000009   
  45   0.00000009     0.00000007    -0.00000003     0.00000007    -0.00000001     0.00000013   
  46   0.00000001    -0.00000002    -0.00000002     0.00000005     0.00000005    -0.00000001   
  47  -0.00000002    -0.00000001     0.00000005    -0.00000005    -0.00000001    -0.00000002   
  48   0.00000019     0.00000006    -0.00000003    -0.00000002    -0.00000012     0.00000002   
  49   0.00000019     0.00000008    -0.00000002    -0.00000000    -0.00000021     0.00000007   
  50   0.00000006    -0.00000007    -0.00000001     0.00000002     0.00000009    -0.00000011   
  51   0.00000012     0.00000005    -0.00000011     0.00000016     0.00000001     0.00000007   
  52   0.00000001    -0.00000002    -0.00000003    -0.00000000    -0.00000007    -0.00000003   
  53  -0.00000009    -0.00000004     0.00000004     0.00000003    -0.00000010     0.00000019   
  54  -0.00000002     0.00000008     0.00000002    -0.00000006    -0.00000001    -0.00000010   
           25             26             27             28             29             30       
   1   0.00000000    -0.00000000    -0.00000000     0.00000000    -0.00000000    -0.00000000   
   2  -0.00000000    -0.00000000     0.00000000     0.00000000     0.00000000     0.00000000   
   3   0.00000000    -0.00000000    -0.00000000     0.00000000     0.00000000     0.00000000   
   4   0.00000000     0.00000000     0.00000000    -0.00000000    -0.00000000    -0.00000000   
   5   0.00000000     0.00000000    -0.00000000     0.00000000    -0.00000000    -0.00000000   
   6   0.00000000     0.00000000     0.00000000     0.00000000     0.00000000     0.00000000   
   7  -0.00000000    -0.00000000    -0.00000000     0.00000000    -0.00000000     0.00000000   
   8   0.00000000    -0.00000000     0.00000000     0.00000000     0.00000000     0.00000000   
   9  -0.00000000     0.00000000     0.00000000     0.00000000    -0.00000000     0.00000000   
  10   0.00000000     0.00000000    -0.00000000     0.00000000    -0.00000000    -0.00000000   
  11  -0.00000000     0.00000000    -0.00000000    -0.00000000    -0.00000000    -0.00000000   
  12  -0.00000000     0.00000000    -0.00000000    -0.00000000    -0.00000000    -0.00000000   
  13  -0.00000000    -0.00000000     0.00000000     0.00000000     0.00000000    -0.00000000   
  14  -0.00000000    -0.00000000    -0.00000000    -0.00000000    -0.00000000    -0.00000000   
  15   0.00000000    -0.00000000    -0.00000000    -0.00000000    -0.00000000     0.00000000   
  16  -0.00000000     0.00000000    -0.00000000     0.00000000    -0.00000000    -0.00000000   
  17   0.00000000     0.00000000     0.00000000    -0.00000000     0.00000000    -0.00000000   
  18  -0.00000000    -0.00000000     0.00000000    -0.00000000    -0.00000000    -0.00000000   
  19  -0.00000000    -0.00000000    -0.00000000    -0.00000000     0.00000000     0.00000000   
  20   0.00000000    -0.00000000    -0.00000000    -0.00000000     0.00000000    -0.00000000   
  21   0.00000000     0.00000000     0.00000000     0.00000000    -0.00000000    -0.00000000   
  22  -0.00000000     0.00000000    -0.00000000    -0.00000000    -0.00000000    -0.00000000   
  23   0.00000000     0.00000000     0.00000000    -0.00000000    -0.00000000    -0.00000000   
  24  -0.00000000     0.00000000    -0.00000000    -0.00000000     0.00000000     0.00000000   
  25   6.16649185     0.00000000    -0.00000000     0.00000000     0.00000000     0.00000000   
  26   0.00000000     6.63257702    -0.00000000    -0.00000000    -0.00000000    -0.00000000   
  27  -0.00000000    -0.00000000     6.69104105     0.00000000    -0.00000000     0.00000000   
  28   0.00000000    -0.00000000     0.00000000     7.12992057     0.00000000    -0.00000000   
  29   0.00000000    -0.00000000    -0.00000000     0.00000000     8.35330860    -0.00000000   
  30   0.00000000    -0.00000000     0.00000000    -0.00000000    -0.00000000     9.21434347   
  31   0.00000000    -0.00000000     0.00000000     0.00000000    -0.00000000    -0.00000000   
  32  -0.00000000    -0.00000000    -0.00000000    -0.00000000     0.00000000     0.00000000   
  33  -0.00000000    -0.00000000    -0.00000000    -0.00000000    -0.00000000     0.00000000   
  34   0.00000000     0.00000000     0.00000000    -0.00000000    -0.00000000     0.00000000   
  35   0.01010526     0.04120969    -0.03653724     0.02115163     0.01189376     0.11287755   
  36  -0.03326332    -0.06160042    -0.03742561    -0.02550248    -0.01689953     0.01271655   
  37  -0.00000002     0.00000007     0.00000005    -0.00000022     0.00000003     0.00000008   
  38   0.00000009     0.00000002    -0.00000004    -0.00000012    -0.00000006     0.00000000   
  39   0.00000001     0.00000003     0.00000001     0.00000006     0.00000000     0.00000020   
  40   0.00000012    -0.00000005     0.00000003    -0.00000012     0.00000018    -0.00000002   
  41  -0.00000010     0.00000001    -0.00000001     0.00000008    -0.00000000    -0.00000008   
  42  -0.00000006     0.00000005     0.00000009     0.00000015    -0.00000003    -0.00000003   
  43  -0.00000008     0.00000006     0.00000005    -0.00000025     0.00000006    -0.00000007   
  44  -0.00000002     0.00000000     0.00000005     0.00000010    -0.00000001     0.00000004   
  45   0.00000006    -0.00000001    -0.00000005    -0.00000000    -0.00000003     0.00000001   
  46   0.00000008     0.00000003    -0.00000006    -0.00000008    -0.00000005    -0.00000009   
  47  -0.00000014     0.00000004    -0.00000002     0.00000007    -0.00000006     0.00000005   
  48  -0.00000001    -0.00000006     0.00000009    -0.00000011     0.00000007     0.00000004   
  49  -0.00000005    -0.00000000     0.00000013     0.00000007     0.00000011     0.00000003   
  50  -0.00000002    -0.00000005    -0.00000005    -0.00000013     0.00000007     0.00000000   
  51   0.00000029    -0.00000003     0.00000003    -0.00000019     0.00000007    -0.00000009   
  52   0.00000010     0.00000003    -0.00000002     0.00000010    -0.00000001     0.00000003   
  53   0.00000008     0.00000003    -0.00000012     0.00000003    -0.00000009    -0.00000004   
  54  -0.00000003     0.00000000     0.00000013    -0.00000002     0.00000001     0.00000009   
           31             32             33             34             35             36       
   1   0.00000000     0.00000000     0.00000000    -0.00000000    -0.06146865    -0.01243964   
   2   0.00000000    -0.00000000    -0.00000000     0.00000000     0.02278418     0.05303986   
   3  -0.00000000     0.00000000     0.00000000    -0.00000000     0.03375401    -0.00736293   
   4  -0.00000000     0.00000000     0.00000000    -0.00000000     0.00837013    -0.01034398   
   5  -0.00000000     0.00000000     0.00000000     0.00000000    -0.00143386    -0.00166120   
   6   0.00000000    -0.00000000    -0.00000000    -0.00000000     0.00029967     0.04934689   
   7   0.00000000    -0.00000000    -0.00000000     0.00000000    -0.14359931    -0.01438225   
   8   0.00000000     0.00000000    -0.00000000    -0.00000000     0.00667949     0.14960519   
   9   0.00000000    -0.00000000    -0.00000000     0.00000000     0.00289491    -0.00045838   
  10   0.00000000     0.00000000    -0.00000000     0.00000000    -0.05350555     0.00153138   
  11   0.00000000    -0.00000000    -0.00000000    -0.00000000    -0.00599532    -0.00087727   
  12  -0.00000000    -0.00000000     0.00000000    -0.00000000    -0.00518017    -0.01425680   
  13   0.00000000    -0.00000000    -0.00000000    -0.00000000     0.00165211    -0.00060270   
  14   0.00000000    -0.00000000     0.00000000     0.00000000     0.00144563    -0.00024618   
  15   0.00000000    -0.00000000     0.00000000    -0.00000000     0.00178743    -0.00242553   
  16  -0.00000000     0.00000000    -0.00000000     0.00000000    -0.00582905     0.00401527   
  17   0.00000000    -0.00000000    -0.00000000    -0.00000000    -0.03362626    -0.00323557   
  18  -0.00000000    -0.00000000    -0.00000000     0.00000000    -0.01640136    -0.15798670   
  19   0.00000000     0.00000000    -0.00000000     0.00000000     0.05963233     0.01851272   
  20  -0.00000000    -0.00000000    -0.00000000    -0.00000000     0.00514816    -0.02672791   
  21   0.00000000    -0.00000000    -0.00000000     0.00000000     0.00143317     0.00287667   
  22   0.00000000     0.00000000     0.00000000    -0.00000000     0.00103270     0.00123114   
  23   0.00000000    -0.00000000    -0.00000000     0.00000000    -0.07657093    -0.02202629   
  24   0.00000000    -0.00000000    -0.00000000    -0.00000000     0.00362234    -0.16390122   
  25   0.00000000    -0.00000000    -0.00000000     0.00000000     0.01010535    -0.03326314   
  26  -0.00000000    -0.00000000    -0.00000000     0.00000000     0.04120970    -0.06160042   
  27   0.00000000    -0.00000000    -0.00000000     0.00000000    -0.03653730    -0.03742561   
  28   0.00000000    -0.00000000    -0.00000000    -0.00000000     0.02115175    -0.02550243   
  29  -0.00000000     0.00000000    -0.00000000    -0.00000000     0.01189368    -0.01689945   
  30  -0.00000000     0.00000000     0.00000000     0.00000000     0.11287757     0.01271668   
  31   9.35397207    -0.00000000     0.00000000     0.00000000     0.01324789    -0.01309043   
  32  -0.00000000    10.33049394    -0.00000000     0.00000000    -0.02198779     0.00355299   
  33   0.00000000    -0.00000000    10.56864159    -0.00000000    -0.00611833     0.22106310   
  34   0.00000000     0.00000000    -0.00000000    11.99981112    -0.02985346     0.03698676   
  35   0.01324793    -0.02198778    -0.00611830    -0.02985333     7.42940051    -0.00000000   
  36  -0.01309047     0.00355296     0.22106320     0.03698680    -0.00000000     8.54145277   
  37  -0.00000015     0.00000009     0.00000007     0.00000002     0.00000009     0.00000006   
  38  -0.00000011     0.00000011    -0.00000005    -0.00000007     0.00000004    -0.00000008   
  39  -0.00000003     0.00000009    -0.00000008    -0.00000002     0.00000003     0.00000004   
  40   0.00000021     0.00000001     0.00000007    -0.00000005    -0.00000000    -0.00000004   
  41  -0.00000009     0.00000000     0.00000004     0.00000005    -0.00000005     0.00000004   
  42   0.00000011    -0.00000003     0.00000025     0.00000002     0.00000003    -0.00000004   
  43  -0.00000014     0.00000014     0.00000018    -0.00000003    -0.00000001    -0.00000001   
  44   0.00000011     0.00000003     0.00000006    -0.00000004     0.00000001    -0.00000003   
  45  -0.00000000     0.00000002    -0.00000020     0.00000001    -0.00000002     0.00000001   
  46  -0.00000009    -0.00000010     0.00000006     0.00000010     0.00000006    -0.00000009   
  47  -0.00000003     0.00000006     0.00000002    -0.00000012     0.00000006    -0.00000005   
  48  -0.00000000    -0.00000016     0.00000005    -0.00000010    -0.00000002     0.00000004   
  49   0.00000013    -0.00000035     0.00000009    -0.00000021    -0.00000011    -0.00000017   
  50  -0.00000015    -0.00000014     0.00000006    -0.00000009     0.00000009     0.00000006   
  51  -0.00000011    -0.00000009    -0.00000014     0.00000021    -0.00000016     0.00000010   
  52  -0.00000002     0.00000000    -0.00000000    -0.00000013    -0.00000005    -0.00000002   
  53  -0.00000006     0.00000027    -0.00000026     0.00000003     0.00000010     0.00000004   
  54   0.00000004    -0.00000007    -0.00000000    -0.00000015    -0.00000002    -0.00000002   

[[-0.999984  0.005519 -0.001141 ... -0.000013  0.000006 -0.000001]
 [ 0.005519  0.999984 -0.000083 ...  0.000004 -0.000015 -0.000007]
 [-0.00114   0.000088  0.999996 ...  0.000006 -0.000007 -0.000011]
 ...
 [-0.000007 -0.000005 -0.000008 ...  0.981521  0.010363 -0.070829]
 [-0.000003 -0.000009 -0.000012 ...  0.023624 -0.957896 -0.133416]
 [ 0.000001  0.000001  0.000007 ...  0.071457 -0.129804  0.985414]]
 Saved MO coefficients to FCIDUMP/FCIDUMP_TTM-TTM_gwh_mo_coeff.npy

************************************************
 Testing 'core' initial guess method
************************************************

  Initializing L-BFGS optimisation...
    > Num. MOs       =     54
    > Num. params    =    716
    > Max subspace   =     20
    > Max step size   =  0.500
    > Backtracking   =  0.100
    > Parallel tr.   = True
    > Pseudo-canon.  = True
    > Canon interval = 10
    > Hybrid prec.   = True
  ================================================================
           Energy / Eh     Step Len    Max(|G_i|)
  ================================================================
     0   334.0371670034                 3.05e+01
     1   316.8036863249    5.00e-01     3.88e+01    rescaled  
  Step has positive overlap with gradient - reversing direction
     2   304.5715028181    5.00e-01     3.61e+01    reset L-BFGS
     3   272.5809763182    5.00e-01     3.36e+01    rescaled  
     4   272.5809763182    5.00e-01     3.36e+01    understep 
     5   246.7303892466    5.00e-01     3.05e+01    rescaled  
     6   237.7755603781    5.00e-01     2.96e+01    rescaled  
     7   237.7755603781    5.00e-01     2.96e+01    understep 
     8   230.8764747397    5.00e-01     2.81e+01    rescaled  
     9   219.8538954903    5.00e-01     2.47e+01    rescaled  
    10   210.8939946996    5.00e-01     1.91e+01    rescaled  
  Step has positive overlap with gradient - reversing direction
    11   201.5549987943    5.00e-01     1.66e+01    reset L-BFGS
    12   180.6884820523    5.00e-01     1.40e+01    rescaled  
  Step has positive overlap with gradient - reversing direction
    13   168.3552754534    5.00e-01     1.11e+01    reset L-BFGS
    14   146.2816934725    5.00e-01     1.04e+01    rescaled  
  Step has positive overlap with gradient - reversing direction
    15   127.8488211185    5.00e-01     1.18e+01    reset L-BFGS
    16   122.1618578310    5.00e-01     1.17e+01    rescaled  
  Step has positive overlap with gradient - reversing direction
    17   116.2393450752    5.00e-01     1.17e+01    reset L-BFGS
    18   108.2673662134    5.00e-01     1.15e+01    rescaled  
  Step has positive overlap with gradient - reversing direction
    19    98.7272261995    5.00e-01     1.11e+01    reset L-BFGS
    20    81.1022373679    5.00e-01     9.90e+00    rescaled  
  Step has positive overlap with gradient - reversing direction
    21    66.4626144614    5.00e-01     8.27e+00    reset L-BFGS
    22    62.5596707759    5.00e-01     8.22e+00    rescaled  
  Step has positive overlap with gradient - reversing direction
    23    55.6364726876    5.00e-01     7.40e+00    reset L-BFGS
    24    49.3208202153    5.00e-01     8.09e+00    rescaled  
    25    49.3208202153    5.00e-01     8.09e+00    understep 
  Step has positive overlap with gradient - reversing direction
    26    42.2492879651    5.00e-01     7.90e+00    reset L-BFGS
    27    32.3596590013    5.00e-01     5.52e+00    rescaled  
  Step has positive overlap with gradient - reversing direction
    28    24.4899996600    5.00e-01     5.64e+00    reset L-BFGS
    29    20.1928494179    5.00e-01     5.93e+00    rescaled  
  Step has positive overlap with gradient - reversing direction
    30    17.8830295824    5.00e-01     6.36e+00    reset L-BFGS
    31    14.5941395410    5.00e-01     5.92e+00    rescaled  
  Step has positive overlap with gradient - reversing direction
    32     9.9732806883    5.00e-01     5.97e+00    reset L-BFGS
    33    -8.2792402095    5.00e-01     2.98e+00    rescaled  
    34   -13.8870987887    5.00e-01     1.82e+00    rescaled  
    35   -15.1685254023    2.67e-01     6.81e-01              
    36   -15.3840207190    4.93e-02     2.35e-01              
    37   -15.4091690164    4.12e-02     8.58e-02              
    38   -15.4175808905    2.10e-02     2.66e-02              
    39   -15.4188542367    1.27e-02     1.70e-02              
    40   -15.4191275383    3.60e-03     5.92e-03              
    41   -15.4191596935    9.74e-04     3.19e-03              
    42   -15.4191723331    1.39e-03     1.35e-03              
    43   -15.4191736831    5.12e-04     1.26e-03              
    44   -15.4191740909    6.21e-05     2.52e-04              
    45   -15.4191741291    4.14e-05     8.56e-05              
    46   -15.4191741335    1.48e-05     4.79e-05              
    47   -15.4191741355    2.31e-05     1.47e-05              
    48   -15.4191741354    2.48e-06     2.69e-05              
    49   -15.4191741355    1.65e-06     1.53e-05    overstep  
    50   -15.4191741356    5.96e-07     1.67e-06              
    51   -15.4191741356    3.01e-07     1.03e-06              
    52   -15.4191741356    4.30e-07     2.52e-07              
  ================================================================
  L-BFGS converged in     52 iterations (  1.43 seconds)

  Initializing Davidson diagonalisation...
    > Max iterations =   1000
    > Target states  =      5
    > Convergence    =  1.000e-04
    > Basis per root =      4
    > Max basis size =     20
  Davidson diagonalisation converged in     22 iterations (  3.29 seconds)

   --------------------------
    Converged eigenvalues:   
   --------------------------
       0        1.96352804   
       1        2.08146522   
       2        2.39100670   
       3        2.47989976   
       4        2.70424621   
   --------------------------

 ---------------------------------------------
         Total Energy =   -15.41917414 Eh
              Nuclear =  7295.62550428 Eh
         One Electron = -14203.75308659 Eh
              Coulomb =  7166.53667500 Eh
        ROHF Exchange =  -273.82826683 Eh
 ---------------------------------------------
           <Sz> =  1.00
           <S2> =  2.00
  Spin Coupling = ++

 -----------------------------------------------------------------------------------------------
  Open-Shell Exchange Matrix <Ψ|Êpq Êqp|Ψ> - Np
 -----------------------------------------------------------------------------------------------
           1              2        
   1   0.00000000    -1.00000000   
   2  -1.00000000     0.00000000   

 -----------------------------------------------------------------------------------------------
  Open-Shell Exchange Integrals <pq|qp>
 -----------------------------------------------------------------------------------------------
           1              2        
   1   2.66005560     0.85308425   
   2   0.85308425     2.63204012   

 -----------------------------------------------------------------------------------------------
  Occupied Orbital Coefficients
 -----------------------------------------------------------------------------------------------
           1              2              3              4              5              6        
   1   0.99998351     0.00551864    -0.00114074     0.00033015    -0.00000900     0.00018792   
   2  -0.00551914     0.99998414    -0.00008311    -0.00039650    -0.00002046    -0.00033788   
   3   0.00114042     0.00008838     0.99999574    -0.00253716     0.00015629     0.00039316   
   4  -0.00032943     0.00039507     0.00253731     0.99999615     0.00020610     0.00086369   
   5  -0.00000873    -0.00002039     0.00015684     0.00020573    -0.99999996    -0.00002561   
   6  -0.00019019     0.00033558    -0.00039501    -0.00086308    -0.00002589     0.99999892   
   7  -0.00031675    -0.00021800    -0.00042083     0.00012057    -0.00000376    -0.00006390   
   8   0.00006763     0.00026530    -0.00014113     0.00012312     0.00000652     0.00053286   
   9   0.00004621    -0.00006034     0.00001667    -0.00005640     0.00001088    -0.00005423   
  10  -0.00002317    -0.00000721    -0.00010378    -0.00016764     0.00001887    -0.00004450   
  11   0.00009771    -0.00007739    -0.00003036    -0.00013191    -0.00000792    -0.00001914   
  12  -0.00001590    -0.00003981     0.00001848     0.00018298     0.00001534    -0.00014122   
  13   0.00004166    -0.00004939    -0.00007540    -0.00001553     0.00000805     0.00012433   
  14   0.00001831    -0.00002633    -0.00010088     0.00001632     0.00000131     0.00009540   
  15  -0.00000047    -0.00000478    -0.00001081     0.00004368    -0.00002164    -0.00000913   
  16   0.00001054    -0.00000236     0.00001824     0.00007976     0.00000862    -0.00001546   
  17   0.00004382     0.00002242     0.00017273    -0.00006639     0.00000908     0.00010110   
  18   0.00004900     0.00020178    -0.00002033     0.00005571     0.00000698     0.00023061   
  19  -0.00013465    -0.00007302     0.00000761     0.00005635    -0.00000794    -0.00001757   
  20  -0.00002315    -0.00005872     0.00000130    -0.00004899    -0.00000678    -0.00000982   
  21   0.00000203    -0.00000439    -0.00002117     0.00002168     0.00002429     0.00003314   
  22   0.00000215    -0.00000235    -0.00001899     0.00001338    -0.00003538     0.00001279   
  23   0.00010430     0.00005292    -0.00006737     0.00000980    -0.00000140    -0.00001981   
  24   0.00001267     0.00004867    -0.00001967    -0.00002722    -0.00000053    -0.00009955   
  25   0.00000980    -0.00000759     0.00000385    -0.00001520    -0.00003552    -0.00002159   
  26   0.00002988    -0.00005436    -0.00000740    -0.00000162    -0.00000139    -0.00000795   
  27   0.00009735     0.00010912    -0.00001191    -0.00000105    -0.00000108     0.00003289   
  28  -0.00001885     0.00000937    -0.00000419     0.00002664    -0.00004255     0.00000257   
  29   0.00000534    -0.00000679    -0.00001268    -0.00001826    -0.00001268     0.00002522   
  30   0.00003136     0.00000666    -0.00000718    -0.00003067     0.00000316    -0.00000264   
  31  -0.00000259    -0.00000140    -0.00002495     0.00000391    -0.00002919     0.00002343   
  32   0.00000178     0.00000636     0.00001413    -0.00001944    -0.00004010     0.00000330   
  33  -0.00000755    -0.00003546    -0.00000059     0.00000216    -0.00000737    -0.00012790   
  34  -0.00000222     0.00000231    -0.00000067    -0.00001689     0.00002449    -0.00000277   
  35  -0.00093082    -0.00035575    -0.00055328     0.00016625    -0.00002580    -0.00001744   
  36   0.00018268     0.00080370    -0.00012309     0.00018925     0.00003026     0.00081414   
  37   0.00003624     0.00003321    -0.00001253     0.00001913    -0.00000043     0.00000697   
  38   0.00002662    -0.00001770     0.00000641    -0.00000195    -0.00000625    -0.00002387   
  39   0.00000261    -0.00000519    -0.00000105     0.00002889     0.00000372     0.00000525   
  40   0.00002067    -0.00001186    -0.00000899     0.00000645    -0.00000456     0.00000173   
  41   0.00001327    -0.00001338    -0.00001462     0.00000927     0.00000689     0.00001578   
  42   0.00005274     0.00006378     0.00000743     0.00000116     0.00000448     0.00003541   
  43  -0.00003347     0.00002620    -0.00003185     0.00003548    -0.00000085     0.00004408   
  44  -0.00000556     0.00000141    -0.00002309     0.00000749    -0.00001092     0.00000609   
  45   0.00002787     0.00000674    -0.00000333     0.00000100     0.00000336    -0.00001142   
  46   0.00001605    -0.00001728    -0.00000124     0.00003023     0.00000683     0.00000949   
  47   0.00000484    -0.00000178     0.00000075     0.00000268    -0.00002166    -0.00000008   
  48   0.00000337     0.00003324    -0.00000610     0.00003965     0.00000310     0.00001588   
  49  -0.00006176    -0.00004566    -0.00001043     0.00002555    -0.00000609    -0.00000442   
  50  -0.00000385    -0.00005913     0.00001184    -0.00001279    -0.00000174    -0.00012820   
  51   0.00000170    -0.00000043     0.00000183    -0.00000172    -0.00004964     0.00000166   
  52   0.00000700    -0.00000455    -0.00000801    -0.00001011     0.00000395     0.00001249   
  53   0.00000253    -0.00000892    -0.00001204     0.00000095     0.00000127    -0.00003554   
  54  -0.00000145     0.00000114     0.00000729    -0.00000205     0.00000101    -0.00001502   
           7              8              9              10             11             12       
   1  -0.00031410     0.00006870     0.00004655    -0.00002247     0.00009724    -0.00001594   
   2  -0.00021452     0.00026173    -0.00006098    -0.00000851    -0.00007685    -0.00003922   
   3  -0.00042005    -0.00014053     0.00001685    -0.00010507    -0.00002755     0.00001920   
   4   0.00011894     0.00012246    -0.00005845    -0.00017019    -0.00012981     0.00018189   
   5   0.00000361    -0.00000642    -0.00001077    -0.00001868     0.00000842    -0.00001516   
   6  -0.00006320     0.00052990    -0.00005526    -0.00004372    -0.00001761    -0.00014388   
   7  -0.99999303     0.00069616     0.00010314     0.00061874     0.00027948    -0.00005459   
   8  -0.00069810    -0.99999239     0.00017308    -0.00003600     0.00036736    -0.00003135   
   9  -0.00009845    -0.00017115    -0.99993124     0.00383195     0.00914927    -0.00141931   
  10  -0.00061721     0.00004297    -0.00368136    -0.99982653     0.01780354    -0.00183763   
  11  -0.00029212    -0.00036853    -0.00919247    -0.01776886    -0.99976344    -0.00692049   
  12   0.00005886     0.00003016     0.00158601     0.00190919     0.00691620    -0.99983541   
  13   0.00000356    -0.00015063     0.00569319    -0.00235829     0.00143898     0.01605949   
  14   0.00008911     0.00005799     0.00072887    -0.00186283     0.00417595     0.00403916   
  15   0.00011186     0.00024035    -0.00180811    -0.00008993     0.00006022    -0.00062091   
  16   0.00017086     0.00041124    -0.00069673     0.00043219    -0.00208300    -0.00101445   
  17   0.00089751     0.00011797    -0.00035803     0.00119140    -0.00060528     0.00008624   
  18  -0.00019087    -0.00003129     0.00008709    -0.00002788     0.00013113     0.00009375   
  19   0.00020503    -0.00012648     0.00003535     0.00007771     0.00007951     0.00003748   
  20   0.00005749    -0.00001645    -0.00003199     0.00000316    -0.00003221    -0.00002007   
  21   0.00000866    -0.00002054     0.00013973     0.00011214     0.00007732    -0.00011915   
  22   0.00001077    -0.00000886    -0.00006420     0.00005694     0.00016339    -0.00006788   
  23  -0.00025582     0.00010020    -0.00001160    -0.00012072    -0.00005430     0.00002273   
  24  -0.00002786     0.00001247     0.00000585     0.00006630     0.00002139    -0.00010584   
  25   0.00001526     0.00005003    -0.00003515    -0.00001302     0.00003408    -0.00001145   
  26   0.00001598    -0.00001197    -0.00005542    -0.00000146    -0.00010293     0.00002143   
  27  -0.00010840     0.00007824     0.00000030    -0.00003128    -0.00002559    -0.00004007   
  28  -0.00002870    -0.00003958    -0.00003051     0.00003168     0.00000289    -0.00001362   
  29   0.00001857     0.00001808     0.00003583    -0.00001716     0.00002412     0.00002503   
  30  -0.00015968     0.00002411     0.00000404    -0.00000240     0.00000550    -0.00003900   
  31   0.00002762     0.00001572    -0.00001003    -0.00000555     0.00004170     0.00000173   
  32  -0.00002803    -0.00000755    -0.00000846    -0.00000262    -0.00000118     0.00002193   
  33   0.00000795    -0.00016999    -0.00000689     0.00000612    -0.00001666    -0.00001969   
  34  -0.00004155    -0.00003558    -0.00000401     0.00001805     0.00001029     0.00001387   
  35   0.00337667    -0.00022861     0.00010686    -0.00130329    -0.00008802     0.00016575   
  36  -0.00037148     0.00370916     0.00006482    -0.00005403     0.00006156    -0.00026828   
  37  -0.00005867     0.00003544     0.00000068     0.00005803     0.00000655    -0.00001676   
  38  -0.00002191    -0.00000817    -0.00000959     0.00000307    -0.00000283     0.00001604   
  39  -0.00000347     0.00005378     0.00001126     0.00000822     0.00001385    -0.00001905   
  40  -0.00001216    -0.00000151     0.00000756    -0.00001615    -0.00000878     0.00001701   
  41  -0.00000688    -0.00000318    -0.00000201    -0.00001985    -0.00000225     0.00002499   
  42  -0.00003408     0.00000248    -0.00000252    -0.00001264    -0.00000016    -0.00000304   
  43   0.00000894    -0.00000535     0.00000469     0.00001696     0.00001220     0.00000158   
  44  -0.00001289     0.00002984     0.00000354    -0.00001841     0.00002195    -0.00001163   
  45  -0.00007642     0.00004360     0.00000800    -0.00000674    -0.00000875    -0.00000312   
  46   0.00005779     0.00003514     0.00001275     0.00003440     0.00001759    -0.00003727   
  47   0.00001563    -0.00000187    -0.00001373     0.00001025     0.00001074    -0.00000123   
  48   0.00002122     0.00010610     0.00001365    -0.00000320     0.00000791    -0.00002642   
  49   0.00013409    -0.00004413    -0.00000243     0.00003365     0.00000879     0.00001514   
  50   0.00000537     0.00011462     0.00001701    -0.00001398     0.00000067    -0.00007877   
  51   0.00000762    -0.00000970    -0.00009377    -0.00000421     0.00004954     0.00001164   
  52  -0.00002514    -0.00003257    -0.00002883    -0.00001738    -0.00006235     0.00003507   
  53  -0.00001163    -0.00001418    -0.00001678     0.00001407    -0.00001168     0.00005062   
  54   0.00009797     0.00002245    -0.00000034     0.00012170     0.00001848     0.00001292   
           13             14             15             16             17             18       
   1   0.00004188     0.00001848    -0.00000064     0.00001005     0.00004391    -0.00004761   
   2  -0.00005094    -0.00002666    -0.00000463    -0.00000228     0.00002236    -0.00019451   
   3  -0.00007508    -0.00010021    -0.00001133     0.00001670     0.00017305     0.00001976   
   4  -0.00001298     0.00001637     0.00004351     0.00008039    -0.00006560    -0.00005447   
   5  -0.00000835    -0.00000122     0.00002170    -0.00000853    -0.00000911     0.00000670   
   6   0.00012236     0.00009417    -0.00000870    -0.00001482     0.00010091    -0.00022442   
   7  -0.00000571    -0.00008905    -0.00011074    -0.00016957    -0.00089545    -0.00018385   
   8   0.00015228    -0.00005596    -0.00023946    -0.00041327    -0.00012097    -0.00006153   
   9  -0.00571972    -0.00066942     0.00179824     0.00067727     0.00036547     0.00008643   
  10   0.00234437     0.00191354     0.00010300    -0.00045119    -0.00120683    -0.00003101   
  11  -0.00158720    -0.00417473    -0.00004255     0.00206879     0.00059681     0.00013196   
  12  -0.01607097    -0.00391818     0.00059376     0.00097314    -0.00006989     0.00009749   
  13  -0.99983023     0.00612740    -0.00162907    -0.00084583     0.00075397     0.00010659   
  14  -0.00604661    -0.99995466     0.00103286    -0.00384060     0.00069121     0.00005713   
  15   0.00160471    -0.00103555    -0.99999173    -0.00287997    -0.00090829    -0.00003965   
  16   0.00083795     0.00382236     0.00288207    -0.99998012    -0.00311837    -0.00012446   
  17  -0.00076681    -0.00070219     0.00089934     0.00311963    -0.99999232     0.00012515   
  18   0.00010975     0.00005815    -0.00004020    -0.00012632     0.00012268     0.99996429   
  19   0.00000814    -0.00002062    -0.00002704    -0.00000903    -0.00039623     0.00039037   
  20   0.00001942     0.00003166     0.00001627     0.00002620     0.00006420     0.00187861   
  21   0.00001229    -0.00001158    -0.00008162    -0.00008908    -0.00000036    -0.00007081   
  22  -0.00000551    -0.00004297     0.00001069    -0.00008104    -0.00000678    -0.00008703   
  23  -0.00003202    -0.00002723    -0.00000307    -0.00003611     0.00018284    -0.00038222   
  24   0.00000176     0.00000967     0.00003006     0.00003290    -0.00005842    -0.00124922   
  25   0.00004880    -0.00001609    -0.00007297    -0.00003984     0.00000857    -0.00026053   
  26  -0.00007777    -0.00005512    -0.00001987    -0.00003430    -0.00003209    -0.00014193   
  27  -0.00000945    -0.00000734     0.00000213    -0.00000630     0.00000818    -0.00025127   
  28  -0.00002296    -0.00001564     0.00001473     0.00009574    -0.00002660     0.00008768   
  29  -0.00002141     0.00002828    -0.00000027    -0.00001870    -0.00000788     0.00007399   
  30  -0.00000425    -0.00000508    -0.00001470    -0.00004660     0.00009922    -0.00010839   
  31   0.00002259    -0.00001602     0.00002160     0.00003389    -0.00003116    -0.00000357   
  32  -0.00004749    -0.00001294     0.00000658    -0.00005396     0.00001033     0.00025816   
  33  -0.00001828     0.00001024     0.00004782     0.00005645    -0.00005616    -0.00069163   
  34   0.00000098    -0.00006071    -0.00002854     0.00001821    -0.00003766     0.00004748   
  35   0.00006689     0.00005597    -0.00008429    -0.00026462     0.00068930     0.00105489   
  36   0.00004548     0.00003109    -0.00009945    -0.00018177    -0.00011754    -0.00790421   
  37  -0.00000490    -0.00000581     0.00000441     0.00003525     0.00006049    -0.00009363   
  38  -0.00000128     0.00000468     0.00003015    -0.00000038    -0.00002289    -0.00007575   
  39   0.00000776     0.00000833     0.00000961     0.00000686    -0.00001274    -0.00067072   
  40  -0.00000682     0.00000882    -0.00000457    -0.00001319    -0.00001394    -0.00003974   
  41   0.00000793    -0.00001163    -0.00002324    -0.00001511     0.00000283     0.00002798   
  42   0.00000021    -0.00000528    -0.00001580     0.00000162     0.00003936     0.00002869   
  43  -0.00000974    -0.00001966    -0.00003103    -0.00006860    -0.00003597    -0.00006321   
  44  -0.00001391    -0.00001949     0.00002054    -0.00001073     0.00012867    -0.00003628   
  45  -0.00002720    -0.00003664    -0.00000559     0.00001431     0.00028588    -0.00011628   
  46   0.00000559     0.00001429     0.00001801     0.00003397    -0.00010659    -0.00013272   
  47   0.00000805    -0.00000166    -0.00000859     0.00001281    -0.00003319     0.00001355   
  48  -0.00001961    -0.00001832    -0.00003180    -0.00005295    -0.00009016    -0.00047315   
  49   0.00000393     0.00000096    -0.00000533    -0.00003639    -0.00019892     0.00015124   
  50  -0.00003065    -0.00001112     0.00001989     0.00002123     0.00001400    -0.00075869   
  51   0.00002116    -0.00004185     0.00002047     0.00000001    -0.00001289     0.00004943   
  52   0.00000308     0.00002689     0.00000764     0.00000881    -0.00002299     0.00008199   
  53   0.00002950     0.00002235     0.00000618     0.00001256     0.00000689     0.00038614   
  54  -0.00001233    -0.00002623    -0.00000752    -0.00000067    -0.00025142    -0.00001683   
           19             20             21             22             23             24       
   1  -0.00013090     0.00002411    -0.00000169    -0.00000186    -0.00009906     0.00001511   
   2  -0.00006957     0.00006059     0.00000436     0.00000229    -0.00004895     0.00005944   
   3   0.00000917    -0.00000172     0.00002155     0.00001854     0.00007015    -0.00002178   
   4   0.00005614     0.00004903    -0.00002237    -0.00001307    -0.00001013    -0.00002429   
   5   0.00000780    -0.00000678     0.00002355    -0.00003582    -0.00000157    -0.00000001   
   6  -0.00001679     0.00001123    -0.00003324    -0.00001204     0.00002102    -0.00008777   
   7  -0.00018994     0.00005818     0.00000943     0.00001096    -0.00023557     0.00003200   
   8   0.00012037    -0.00002332    -0.00002194    -0.00000910     0.00009228    -0.00006558   
   9  -0.00003408    -0.00003085     0.00013771    -0.00006864    -0.00001021    -0.00000598   
  10  -0.00008062     0.00000602     0.00011235     0.00005159    -0.00012714    -0.00006425   
  11  -0.00008168    -0.00003106     0.00008394     0.00016193    -0.00005716    -0.00002203   
  12  -0.00003623    -0.00002033    -0.00012096    -0.00006658     0.00002413     0.00010946   
  13  -0.00000739     0.00001960     0.00001323    -0.00000420    -0.00003214    -0.00000376   
  14   0.00002092     0.00003149    -0.00001269    -0.00004343    -0.00002746    -0.00001057   
  15   0.00002697     0.00001575    -0.00008165     0.00001186    -0.00000343    -0.00002884   
  16   0.00000878     0.00002556    -0.00009054    -0.00007894    -0.00003695    -0.00002989   
  17   0.00039928     0.00006164    -0.00000200    -0.00000754     0.00018884     0.00006006   
  18   0.00036701    -0.00189297     0.00008697     0.00009095     0.00035914    -0.00136532   
  19  -0.99997270     0.00466192     0.00280081     0.00166700    -0.00181707     0.00006910   
  20   0.00462797     0.99993648    -0.00912662    -0.00369502     0.00092062    -0.00033888   
  21   0.00280474     0.00903397     0.99973821    -0.02075586     0.00135121     0.00062392   
  22   0.00174069     0.00387475     0.02071504     0.99977548     0.00098786     0.00036704   
  23  -0.00185302    -0.00092721    -0.00135806    -0.00095342     0.99997420    -0.00143900   
  24  -0.00005170    -0.00030454     0.00064208     0.00035965    -0.00141483    -0.99983561   
  25   0.00040896     0.00023946    -0.00000177    -0.00023064     0.00042211     0.00421757   
  26   0.00051294     0.00059405    -0.00043879    -0.00032844    -0.00076188    -0.00703957   
  27  -0.00028334     0.00011803    -0.00005515    -0.00003790    -0.00153630     0.00569915   
  28  -0.00056496    -0.00045557     0.00019378    -0.00042858    -0.00032277    -0.00142343   
  29   0.00025773     0.00045948     0.00059352    -0.00011734    -0.00037572    -0.00019773   
  30  -0.00021467    -0.00013181     0.00025083     0.00020358     0.00044381    -0.00010347   
  31   0.00004442     0.00015536     0.00024644     0.00015837    -0.00071748    -0.00120172   
  32   0.00004169     0.00006651     0.00019738    -0.00021112     0.00046286     0.00194600   
  33   0.00017245     0.00000608    -0.00006969    -0.00013489    -0.00004792    -0.00155462   
  34   0.00004452     0.00011603     0.00004041     0.00020438    -0.00002662     0.00064473   
  35   0.00396462    -0.00050741     0.00008533     0.00003997     0.00585798    -0.00037323   
  36  -0.00128592    -0.00168546    -0.00020497    -0.00009715    -0.00175618    -0.01451164   
  37  -0.00009947     0.00001722    -0.00011741    -0.00005876    -0.00004671     0.00015872   
  38  -0.00009495    -0.00008581     0.00015967    -0.00008482    -0.00011422    -0.00034760   
  39  -0.00005938    -0.00011096    -0.00010702    -0.00008922     0.00002856    -0.00115829   
  40   0.00001104     0.00003393    -0.00000562     0.00014412    -0.00009845    -0.00013435   
  41   0.00006415     0.00010805     0.00006189     0.00001091    -0.00006848     0.00003386   
  42  -0.00002069     0.00009022     0.00000040     0.00002496     0.00012127     0.00004637   
  43   0.00001649     0.00009111    -0.00012600    -0.00009170    -0.00018124    -0.00015810   
  44   0.00015159     0.00006096     0.00007044    -0.00004388     0.00026646     0.00012421   
  45   0.00011433    -0.00001759     0.00008398     0.00007551     0.00038305    -0.00002209   
  46  -0.00008465    -0.00006533    -0.00002052    -0.00000386    -0.00009273    -0.00006164   
  47  -0.00002702    -0.00000730     0.00001704    -0.00004867    -0.00003216     0.00000725   
  48  -0.00009834    -0.00004434    -0.00005903    -0.00003773    -0.00022604    -0.00075340   
  49  -0.00006827    -0.00001974    -0.00006539    -0.00006200    -0.00032024    -0.00000035   
  50   0.00002950    -0.00021132     0.00008711     0.00001924     0.00008278    -0.00091565   
  51   0.00000278    -0.00001726     0.00013351    -0.00021387    -0.00001348    -0.00001537   
  52  -0.00015793    -0.00006076     0.00005260     0.00006809    -0.00017276    -0.00021292   
  53  -0.00002942    -0.00010326    -0.00006125    -0.00001471    -0.00011191     0.00065430   
  54   0.00004716    -0.00003152     0.00003033     0.00002923    -0.00041309     0.00011905   
           25             26             27             28             29             30       
   1   0.00000910    -0.00003550     0.00010223     0.00001668     0.00000399     0.00001618   
   2  -0.00000537     0.00005494     0.00011441    -0.00000825    -0.00000586    -0.00000033   
   3   0.00000283     0.00000401    -0.00000972     0.00000235    -0.00001400    -0.00001588   
   4  -0.00001449     0.00000327    -0.00000127    -0.00002558    -0.00001761    -0.00002827   
   5   0.00003527    -0.00000159     0.00000088    -0.00004263     0.00001279    -0.00000257   
   6  -0.00001938     0.00001136     0.00003541    -0.00000032     0.00002693    -0.00000393   
   7  -0.00001803    -0.00000182     0.00012540    -0.00003716    -0.00002428     0.00010452   
   8  -0.00006097    -0.00003024    -0.00009168    -0.00004881    -0.00002566    -0.00001468   
   9   0.00003452    -0.00005589    -0.00000154    -0.00003143    -0.00003585    -0.00000552   
  10   0.00001514     0.00000637     0.00002516     0.00003521     0.00002028     0.00002342   
  11  -0.00003394    -0.00010399     0.00002321     0.00000311    -0.00002445    -0.00000342   
  12   0.00001190     0.00002112     0.00004261    -0.00001383    -0.00002450     0.00003593   
  13  -0.00004961    -0.00007819     0.00000702    -0.00002242     0.00002202     0.00000273   
  14   0.00001569    -0.00005609     0.00000605    -0.00001547    -0.00002784     0.00000445   
  15   0.00007367    -0.00001921    -0.00000267     0.00001544     0.00000076     0.00001570   
  16   0.00004046    -0.00003216     0.00000493     0.00009705     0.00001995     0.00004961   
  17  -0.00000894    -0.00003489    -0.00000562    -0.00002824     0.00000659    -0.00011121   
  18  -0.00028772     0.00010411    -0.00028476    -0.00010699     0.00005871    -0.00007867   
  19  -0.00040900     0.00049082     0.00032047    -0.00057022    -0.00025997     0.00014888   
  20   0.00023356    -0.00061696     0.00009588     0.00045213     0.00045233    -0.00014078   
  21   0.00000758     0.00043111    -0.00004345    -0.00019710     0.00060034     0.00024774   
  22  -0.00022516     0.00033972    -0.00003136     0.00042781    -0.00010337     0.00021014   
  23   0.00042094     0.00080920    -0.00155676     0.00032892    -0.00036812     0.00053477   
  24  -0.00418226    -0.00681980    -0.00582341    -0.00136939     0.00021655     0.00010729   
  25  -0.99997722     0.00160622    -0.00088061     0.00169787    -0.00251466     0.00077984   
  26   0.00152681     0.99965897     0.02363265    -0.00180506    -0.00028167    -0.00069749   
  27   0.00094595     0.02366746    -0.99968540    -0.00058608    -0.00017447    -0.00027811   
  28   0.00167772     0.00177198    -0.00054717     0.99998438     0.00104007    -0.00126967   
  29   0.00252251    -0.00026480     0.00016777     0.00104927    -0.99998891     0.00097225   
  30  -0.00076463    -0.00062411     0.00018356    -0.00122316    -0.00094200    -0.99983968   
  31   0.00026432    -0.00047376     0.00004472     0.00019825    -0.00116593    -0.00642251   
  32   0.00137761     0.00030956    -0.00013347     0.00018844    -0.00118388     0.00260789   
  33   0.00107759     0.00291467     0.00156210     0.00139975     0.00094915     0.00050475   
  34   0.00048766     0.00069986    -0.00010718     0.00140479    -0.00001797     0.00192037   
  35  -0.00114422    -0.00515364     0.00441286    -0.00280347    -0.00197319    -0.01610452   
  36  -0.00298898    -0.00559072    -0.00318110    -0.00262667    -0.00203877     0.00158011   
  37   0.00008773     0.00010376     0.00004685     0.00031791    -0.00001804    -0.00045961   
  38   0.00078755    -0.00004779     0.00001176    -0.00005978    -0.00081426    -0.00014989   
  39   0.00013773     0.00014104     0.00008580     0.00003816    -0.00026279     0.00019081   
  40  -0.00012080    -0.00009911     0.00002775     0.00003996    -0.00023069     0.00001842   
  41  -0.00028982    -0.00014814     0.00000730    -0.00016915     0.00016389     0.00006098   
  42  -0.00004225     0.00008047     0.00076322     0.00003481    -0.00001141    -0.00032534   
  43  -0.00014335     0.00035899    -0.00005071    -0.00033257    -0.00016230     0.00034819   
  44   0.00013935    -0.00018729     0.00007735    -0.00023068    -0.00005999    -0.00019687   
  45   0.00005342    -0.00018053     0.00011411     0.00010939    -0.00028290    -0.00104876   
  46  -0.00008130    -0.00021332     0.00000558    -0.00003276    -0.00009842     0.00068257   
  47   0.00005881    -0.00003038     0.00001479    -0.00007433     0.00010381     0.00018192   
  48  -0.00021891     0.00011603     0.00010164    -0.00038217    -0.00046225     0.00013549   
  49  -0.00012773     0.00006227    -0.00036433    -0.00033114    -0.00009719     0.00062242   
  50   0.00016055    -0.00008911    -0.00015255     0.00010086    -0.00016582    -0.00004503   
  51   0.00017492     0.00000412     0.00000653    -0.00021084     0.00009274     0.00001723   
  52  -0.00005635     0.00014205    -0.00001617    -0.00004677    -0.00007089    -0.00000979   
  53   0.00000383    -0.00006379    -0.00008286     0.00002673     0.00013300     0.00005890   
  54   0.00000022     0.00006593    -0.00015142    -0.00002273    -0.00006148     0.00013230   
           31             32             33             34             35             36       
   1   0.00000087     0.00000252     0.00000330    -0.00001006    -0.00093597    -0.00019295   
   2   0.00000218    -0.00000662     0.00001077     0.00000452    -0.00035198    -0.00080661   
   3   0.00002344    -0.00001117     0.00000495    -0.00000693    -0.00055461     0.00012134   
   4  -0.00000337     0.00001847    -0.00000783    -0.00001400     0.00016650    -0.00019157   
   5  -0.00002911    -0.00004004    -0.00000742    -0.00002457     0.00002598     0.00003070   
   6  -0.00002191    -0.00000724     0.00010236     0.00000260    -0.00001490    -0.00082340   
   7   0.00002129    -0.00001163     0.00000088     0.00001095    -0.00338231    -0.00038847   
   8   0.00000913     0.00000094    -0.00005589     0.00001170     0.00021740     0.00371058   
   9  -0.00001081    -0.00000793    -0.00000470     0.00000245    -0.00011305     0.00006553   
  10  -0.00000339    -0.00000920     0.00000225    -0.00000467     0.00129616    -0.00005400   
  11   0.00004136    -0.00000110    -0.00001474    -0.00000970     0.00010784     0.00006192   
  12   0.00000222     0.00002180    -0.00002737    -0.00001322    -0.00017073    -0.00026562   
  13   0.00002250    -0.00004683    -0.00001705    -0.00000214    -0.00006061     0.00004957   
  14  -0.00001628    -0.00001352     0.00001144     0.00005983    -0.00005388     0.00003095   
  15   0.00002198     0.00000471     0.00004473     0.00003024     0.00008470    -0.00010334   
  16   0.00003518    -0.00005686     0.00004829    -0.00001435     0.00026399    -0.00018695   
  17  -0.00003310     0.00001509    -0.00005836     0.00003153    -0.00066562    -0.00011626   
  18  -0.00000905    -0.00026606     0.00092657     0.00000051     0.00104113     0.00788188   
  19   0.00003641     0.00005580     0.00014011    -0.00007403    -0.00396318    -0.00129853   
  20  -0.00015758    -0.00006024     0.00004512     0.00009788    -0.00048751     0.00169869   
  21  -0.00024047    -0.00020621     0.00006815     0.00003689     0.00009005     0.00023543   
  22  -0.00016224     0.00020139     0.00014418     0.00020639     0.00004528     0.00011705   
  23   0.00072961    -0.00049010     0.00007719     0.00002112     0.00578679     0.00175151   
  24  -0.00117737     0.00196699    -0.00192399    -0.00054713     0.00045294    -0.01459236   
  25   0.00028100     0.00132691     0.00102093    -0.00044763     0.00115399    -0.00295262   
  26   0.00043407    -0.00018609    -0.00278706     0.00060266    -0.00505526     0.00562102   
  27   0.00005634    -0.00016973     0.00141278     0.00010193    -0.00449544    -0.00300515   
  28  -0.00022167    -0.00013129    -0.00132537     0.00135734    -0.00284491     0.00266958   
  29  -0.00115221    -0.00122657     0.00084855     0.00005357     0.00194737    -0.00207479   
  30  -0.00638864     0.00251094     0.00060067    -0.00178639     0.01605956     0.00157853   
  31   0.99997051     0.00072463    -0.00071317     0.00192709    -0.00222792     0.00186230   
  32  -0.00067355     0.99967807     0.02442770     0.00008613     0.00514267    -0.00217424   
  33   0.00079458    -0.02448982     0.99921570    -0.00035390     0.00153527    -0.03070666   
  34   0.00197348     0.00002855    -0.00058901    -0.99991993     0.00988840    -0.00696967   
  35  -0.00227786     0.00511869     0.00157382    -0.00992801    -0.99800956    -0.00355423   
  36  -0.00185501     0.00147122     0.03069728    -0.00702584    -0.00354345     0.99841776   
  37   0.00056148    -0.00058451    -0.00005172     0.00003185     0.04068291    -0.00373037   
  38   0.00012229     0.00054427     0.00039151     0.00006374    -0.00068584     0.01001396   
  39   0.00021821    -0.00040804     0.00188213    -0.00010466     0.00353632     0.02243436   
  40   0.00016905    -0.00008645     0.00019906    -0.00017298    -0.00467747     0.00672094   
  41   0.00016876    -0.00035222    -0.00002147    -0.00011966    -0.00297056     0.00528870   
  42   0.00004431     0.00001952     0.00014398    -0.00006262     0.02023554     0.02201518   
  43  -0.00023600     0.00034013     0.00073817    -0.00019659    -0.00463494     0.01220218   
  44  -0.00035894     0.00003738     0.00004791     0.00117297     0.01302538    -0.00676777   
  45   0.00043620    -0.00000927    -0.00014300    -0.00076550     0.03031227    -0.00454076   
  46  -0.00002805     0.00014897     0.00079164    -0.00029626    -0.00084794    -0.00430762   
  47   0.00001338    -0.00009120    -0.00001136    -0.00018853    -0.00012265    -0.00004293   
  48   0.00007062     0.00014378     0.00106879    -0.00036519    -0.00163202     0.01622995   
  49  -0.00007349     0.00013748    -0.00008368    -0.00005090    -0.01437890    -0.00661121   
  50   0.00011089    -0.00007633     0.00086123    -0.00019639     0.00056188     0.00437948   
  51  -0.00012112    -0.00021893    -0.00009237    -0.00008787     0.00015831     0.00102392   
  52   0.00008525    -0.00007123     0.00007535    -0.00001823    -0.00357628     0.00509068   
  53  -0.00007301     0.00009985    -0.00068175     0.00010342    -0.00233828    -0.00436619   
  54   0.00009238     0.00000255    -0.00012994    -0.00010250    -0.00176598    -0.00257832   

 -----------------------------------------------------------------------------------------------
  Virtual Orbital Coefficients
 -----------------------------------------------------------------------------------------------
           37             38             39             40             41             42       
   1  -0.00000910     0.00001733    -0.00001175     0.00000951    -0.00002674     0.00001830   
   2   0.00002902    -0.00000887    -0.00001388    -0.00000115     0.00003105    -0.00002084   
   3  -0.00003715    -0.00000703     0.00000178    -0.00000255     0.00001251     0.00004075   
   4   0.00002329     0.00000808     0.00002241     0.00000155    -0.00001444    -0.00002083   
   5  -0.00000195     0.00000669    -0.00000288     0.00000726     0.00000258    -0.00000798   
   6   0.00002231    -0.00002713    -0.00001034    -0.00000252     0.00000186    -0.00002577   
   7  -0.00007323    -0.00002185    -0.00002443     0.00001060    -0.00002283     0.00004073   
   8  -0.00005720     0.00001322     0.00002206     0.00000347    -0.00004775     0.00001738   
   9  -0.00000691     0.00000255    -0.00000982    -0.00000724     0.00000199     0.00000785   
  10   0.00000541    -0.00000711    -0.00000779     0.00000289    -0.00001640    -0.00004011   
  11  -0.00000185     0.00000091    -0.00001279     0.00000461    -0.00000283     0.00001905   
  12   0.00001329    -0.00000302     0.00001853    -0.00000139     0.00003101    -0.00000696   
  13   0.00000069     0.00000565    -0.00000778     0.00001030     0.00000263    -0.00002011   
  14   0.00000831    -0.00000418    -0.00000967    -0.00001006    -0.00000502    -0.00003374   
  15   0.00001460    -0.00003226    -0.00001150    -0.00000287    -0.00001152    -0.00000069   
  16  -0.00002155    -0.00001589    -0.00001347     0.00000511    -0.00001514    -0.00003428   
  17  -0.00011531    -0.00003867     0.00000345     0.00000574    -0.00000492     0.00018586   
  18  -0.00005085    -0.00008503    -0.00045876    -0.00001305     0.00005861     0.00001455   
  19  -0.00011202     0.00004594     0.00001757     0.00000458     0.00003788     0.00025335   
  20   0.00003431    -0.00009662    -0.00008967     0.00000310    -0.00009109    -0.00010334   
  21  -0.00014568     0.00006773    -0.00013274    -0.00005608    -0.00005745    -0.00004041   
  22  -0.00001227    -0.00009665    -0.00009236     0.00012787    -0.00003567     0.00004588   
  23   0.00024494     0.00005698     0.00012663    -0.00004135     0.00009883    -0.00041560   
  24  -0.00020511     0.00020318     0.00075541     0.00002649    -0.00016066     0.00012053   
  25   0.00034899    -0.00078912    -0.00016094     0.00007946    -0.00003590     0.00005438   
  26  -0.00016838    -0.00002263     0.00027919     0.00000083     0.00003310     0.00012954   
  27  -0.00018499    -0.00015219    -0.00018218    -0.00001700     0.00009378     0.00038119   
  28   0.00017517     0.00010908     0.00011950     0.00011988     0.00008062     0.00033153   
  29  -0.00027517     0.00080042     0.00013023     0.00015092    -0.00018233    -0.00018467   
  30   0.00103409     0.00073303    -0.00006704    -0.00001301     0.00006707    -0.00072408   
  31   0.00038561     0.00031755     0.00017353     0.00005151    -0.00032997     0.00034371   
  32  -0.00059977     0.00037467    -0.00035470    -0.00000361     0.00034268    -0.00027449   
  33   0.00000196     0.00023471     0.00114776     0.00004107    -0.00014925    -0.00020987   
  34   0.00045587     0.00009171    -0.00000784     0.00004432    -0.00003953     0.00058549   
  35  -0.03808057    -0.02017609    -0.00511735     0.00151774    -0.00273752     0.02143170   
  36  -0.00865975     0.00646385     0.01955390     0.00139180    -0.01557275    -0.00276419   
  37  -0.88998143    -0.44588645    -0.00358554    -0.02311124     0.00725393    -0.01481456   
  38   0.42734304    -0.85610593     0.11990292     0.14293260     0.21814158    -0.01125340   
  39   0.03099738    -0.05211375    -0.96511596     0.02602613     0.24686134    -0.00278319   
  40   0.02715672    -0.00163374     0.09560734    -0.87959859     0.46257386    -0.04039643   
  41  -0.13016038     0.24890049     0.20512928     0.45058514     0.82195807    -0.00807558   
  42   0.00884520     0.00200398    -0.03639787     0.00061912     0.01351110     0.26342802   
  43   0.02755767    -0.00428920    -0.00331984    -0.01407490     0.01965195     0.36460079   
  44  -0.00906878    -0.00231139     0.01657931    -0.02977233     0.01759653     0.86398608   
  45  -0.05302291    -0.04838523     0.00442535     0.00078142     0.00984525     0.21676445   
  46   0.02308146     0.00425797     0.00718789     0.00268142    -0.01831645    -0.01500032   
  47   0.00541679     0.00127645    -0.00112199     0.01437971    -0.00160668    -0.00339846   
  48   0.01197203     0.00250694     0.00611865     0.00052259     0.00110199    -0.01375485   
  49   0.01720835     0.01065100     0.00208035    -0.00012947    -0.00236459    -0.02086888   
  50  -0.00143274    -0.00004652     0.00450808     0.00009432    -0.00044860    -0.00651322   
  51  -0.01306886     0.01980141    -0.00123405    -0.01755692    -0.00226733    -0.00490317   
  52  -0.01313674     0.01517546    -0.00208449     0.00505199    -0.01521206    -0.00798912   
  53  -0.00253969     0.00246744    -0.02786942     0.00025009     0.00351865    -0.00351573   
  54   0.00766909     0.00316372    -0.00198336    -0.00048272     0.00343172     0.02626074   
           43             44             45             46             47             48       
   1  -0.00002960    -0.00001973     0.00002202     0.00002107     0.00000537     0.00000070   
   2  -0.00002083     0.00001525     0.00002942    -0.00001547    -0.00000144     0.00001754   
   3  -0.00000129    -0.00001578     0.00001168     0.00000010     0.00000125    -0.00000314   
   4   0.00001087     0.00003404    -0.00000150     0.00002712     0.00000180     0.00003647   
   5   0.00000739    -0.00000466    -0.00000157    -0.00000738     0.00002897    -0.00000182   
   6   0.00000659     0.00003104     0.00002060     0.00000704    -0.00000059     0.00000280   
   7   0.00002609    -0.00000660    -0.00001927    -0.00006096    -0.00001793    -0.00003050   
   8  -0.00002169     0.00004767     0.00010147    -0.00006929     0.00000322    -0.00004644   
   9   0.00000375    -0.00000547     0.00000874    -0.00001934     0.00002647    -0.00001179   
  10  -0.00005002    -0.00004007    -0.00000318    -0.00002315    -0.00000673     0.00000362   
  11  -0.00002151    -0.00000781    -0.00000314    -0.00002185    -0.00001897    -0.00000560   
  12   0.00001110     0.00000035    -0.00000534     0.00004372     0.00000008     0.00002640   
  13  -0.00001292     0.00000599    -0.00001805    -0.00000480    -0.00001083     0.00002266   
  14  -0.00002020     0.00001302    -0.00002172    -0.00001273     0.00000864     0.00002041   
  15  -0.00001568     0.00003428     0.00000729    -0.00002129     0.00000566     0.00002875   
  16   0.00002047     0.00004809     0.00000324    -0.00004267    -0.00001298     0.00004841   
  17   0.00022648     0.00008795     0.00016450     0.00005943     0.00002584     0.00008779   
  18  -0.00009902     0.00001424     0.00027223    -0.00019586     0.00002346    -0.00037926   
  19   0.00017450     0.00006187     0.00010484     0.00004094     0.00001537     0.00008454   
  20  -0.00001711     0.00007420     0.00011431    -0.00007878    -0.00000622    -0.00001887   
  21  -0.00008046    -0.00014354    -0.00006300    -0.00000033     0.00003960    -0.00004303   
  22  -0.00011692    -0.00006429    -0.00003147     0.00001385    -0.00007671    -0.00003399   
  23  -0.00050499    -0.00027661    -0.00017608     0.00002950    -0.00000906    -0.00018584   
  24   0.00018706     0.00001069    -0.00036741     0.00011706    -0.00001781     0.00058983   
  25  -0.00000635     0.00017935     0.00001881     0.00006957    -0.00008987     0.00016547   
  26   0.00017475     0.00043992     0.00032792    -0.00037837    -0.00004300     0.00020866   
  27   0.00069100     0.00006092    -0.00052012    -0.00005172    -0.00003624    -0.00015872   
  28  -0.00018438    -0.00017103     0.00002937     0.00000518    -0.00009563    -0.00034577   
  29  -0.00016052     0.00012511    -0.00021498     0.00010180    -0.00011543     0.00045031   
  30  -0.00150533    -0.00050943    -0.00049852    -0.00044598    -0.00013146    -0.00009091   
  31  -0.00041507     0.00000578    -0.00016818     0.00000116     0.00000047     0.00012902   
  32  -0.00006318     0.00026911    -0.00003117     0.00012929    -0.00012528     0.00010319   
  33   0.00054686     0.00038157    -0.00041940     0.00086538    -0.00005163     0.00061953   
  34  -0.00107467     0.00064077    -0.00053117     0.00031224     0.00020366     0.00025820   
  35   0.02946427     0.00589893     0.00381785    -0.00432166    -0.00094209     0.00016547   
  36  -0.00899203     0.01220496     0.01903486    -0.00723952     0.00000500     0.01638427   
  37  -0.04981174    -0.02342931    -0.05402293    -0.01318150    -0.00393165    -0.01039901   
  38  -0.01239094     0.01920674    -0.01292975     0.00487880    -0.00041671     0.00310856   
  39  -0.02596293     0.01097980     0.03090002    -0.01252115     0.00159329    -0.00735922   
  40   0.00978023     0.00398178    -0.00254354    -0.00986241    -0.01085815     0.00050090   
  41  -0.00372717     0.00004453    -0.00114276    -0.01332615     0.00441742     0.00133291   
  42   0.59808367    -0.00844600    -0.75408141    -0.02197597    -0.01897356    -0.02740487   
  43  -0.18845572    -0.89017266    -0.01800066     0.18507898     0.01891428     0.03892707   
  44  -0.28746166     0.39755699     0.07170188    -0.07081015    -0.00419296    -0.01916626   
  45   0.71293700    -0.09350825     0.64528183    -0.06826769    -0.01156871    -0.02765959   
  46  -0.07708115    -0.18895124    -0.03645686    -0.96946756     0.01643646    -0.00888028   
  47  -0.02326081    -0.02013437     0.00584784    -0.01178485    -0.98813901    -0.00367499   
  48  -0.03419007    -0.03664841     0.00435355     0.01563807     0.00596394    -0.99084001   
  49  -0.04630710    -0.03123701    -0.04543646    -0.00806906    -0.00823535    -0.06324435   
  50  -0.00097586     0.01680465     0.01029853     0.00083328     0.00001001    -0.01997790   
  51   0.00168988     0.00317604     0.00404591     0.03322087    -0.14513373    -0.00970797   
  52   0.00209612     0.02564039    -0.00397476     0.11437537     0.03244828    -0.05176138   
  53  -0.00305586     0.00842936    -0.00417394     0.01642911     0.00546470     0.08429634   
  54   0.04100414    -0.00623433     0.03845005     0.01071669     0.00595310     0.00476826   
           49             50             51             52             53             54       
   1  -0.00004665    -0.00000674     0.00000049     0.00001336     0.00000647    -0.00000147   
   2  -0.00003559    -0.00006165    -0.00000054    -0.00000429    -0.00001534    -0.00000707   
   3  -0.00000510     0.00001340     0.00000212    -0.00000630    -0.00000712    -0.00001111   
   4   0.00002159    -0.00001468    -0.00000073    -0.00000842     0.00000008     0.00000228   
   5   0.00000536     0.00000273     0.00004604    -0.00000112     0.00000009     0.00000017   
   6  -0.00000093    -0.00011799     0.00000353     0.00002010    -0.00006262     0.00000726   
   7  -0.00008576    -0.00001048    -0.00000821     0.00002515     0.00000637     0.00009086   
   8   0.00001350    -0.00008473     0.00001252     0.00005481    -0.00003512     0.00003208   
   9   0.00000461    -0.00001500     0.00008908     0.00003557     0.00001366     0.00000133   
  10  -0.00005334     0.00001906     0.00000771    -0.00000221    -0.00002768     0.00012168   
  11  -0.00001015     0.00000299    -0.00005055     0.00005528     0.00000509     0.00002746   
  12  -0.00001601     0.00008228    -0.00000903    -0.00004317    -0.00002804     0.00000216   
  13  -0.00000369     0.00003338    -0.00002054    -0.00000758    -0.00001792    -0.00001338   
  14   0.00000065     0.00001281     0.00004216    -0.00002570    -0.00001243    -0.00002834   
  15   0.00000297    -0.00002044    -0.00002190    -0.00001097    -0.00000779    -0.00000829   
  16   0.00002932    -0.00002008     0.00000178    -0.00001477    -0.00001402    -0.00000188   
  17   0.00018892    -0.00001155     0.00000462     0.00004932     0.00002735    -0.00026085   
  18   0.00011622    -0.00075110     0.00005098     0.00018970     0.00013823     0.00008220   
  19   0.00011016    -0.00003116    -0.00001477     0.00016985     0.00003034     0.00004077   
  20  -0.00003070    -0.00017691    -0.00000772    -0.00004476    -0.00015637     0.00001397   
  21  -0.00005716     0.00010194     0.00013396     0.00005608    -0.00003250    -0.00002901   
  22  -0.00005523     0.00002474    -0.00021053     0.00005503    -0.00001455    -0.00002068   
  23  -0.00037800     0.00010935     0.00001274    -0.00022213    -0.00016763     0.00041163   
  24   0.00003096     0.00095834    -0.00000183     0.00002769    -0.00035700     0.00002933   
  25   0.00011472    -0.00017595    -0.00018610     0.00002685    -0.00002647     0.00000172   
  26   0.00004006    -0.00002572    -0.00000168     0.00015337    -0.00008134    -0.00007023   
  27   0.00044928     0.00010727    -0.00001618     0.00001968     0.00012942    -0.00014839   
  28  -0.00027939     0.00010248    -0.00019878    -0.00003795     0.00001696     0.00001097   
  29   0.00007405     0.00017446    -0.00006639     0.00004415    -0.00004985    -0.00004609   
  30  -0.00072221     0.00005668     0.00000150    -0.00012132    -0.00009974     0.00020366   
  31  -0.00003442     0.00013176    -0.00013274     0.00008445    -0.00003525    -0.00007955   
  32   0.00006805    -0.00009369    -0.00018193    -0.00008103     0.00008161     0.00003012   
  33   0.00001159     0.00082471    -0.00008293    -0.00009073    -0.00033851    -0.00001301   
  34  -0.00001592     0.00017434     0.00004917    -0.00002543    -0.00000778    -0.00006765   
  35   0.01164149    -0.00058823    -0.00038092     0.00349984     0.00201983    -0.00218979   
  36  -0.00858090     0.00561824     0.00074207     0.00353169    -0.00241221     0.00197089   
  37  -0.01463017     0.00082007     0.00315308     0.00243937    -0.00056027     0.01234015   
  38  -0.00187228    -0.00120058    -0.02427560    -0.02212101    -0.00546479    -0.00151820   
  39  -0.00171085    -0.01035391    -0.00217734    -0.00252525     0.02535257     0.00062783   
  40   0.00008889    -0.00033694     0.01631446    -0.01209297    -0.00046245    -0.00235171   
  41  -0.00083314     0.00043139    -0.00409826    -0.00679533    -0.00140735    -0.00211785   
  42   0.00318170    -0.00905363    -0.00094172     0.00099174    -0.00366978    -0.00227905   
  43   0.02656149    -0.01733914    -0.00149891    -0.00509017    -0.00569956    -0.00896830   
  44  -0.01865810     0.00179990    -0.00419497    -0.00487441     0.00042440    -0.01155236   
  45  -0.06150638     0.00261773     0.00127004    -0.00773676     0.00167857    -0.06306015   
  46   0.01826105    -0.01130961    -0.02781571    -0.11803976    -0.02075705     0.00450419   
  47   0.00920706     0.00068466     0.14645207    -0.02554029    -0.00227812     0.00201200   
  48   0.06272511     0.04532782     0.00816791     0.04797576    -0.08012304     0.00116383   
  49  -0.99315616    -0.01782996    -0.00309697     0.01240741     0.03604447    -0.03790079   
  50   0.01079631    -0.96619720     0.01852540     0.09683598    -0.23580523    -0.01207326   
  51   0.00226340    -0.01709946    -0.98572504    -0.06085809    -0.03139034     0.01286150   
  52  -0.00610007    -0.09724939     0.06114526    -0.98152135     0.01036312    -0.07082880   
  53  -0.03962631     0.23136772     0.02515915    -0.02362355    -0.95789551    -0.13341923   
  54  -0.04775819     0.01202415     0.02056181    -0.07145648    -0.12980772     0.98541339   

 -----------------------------------------------------------------------------------------------
  Generalised Fock Matrix (MO basis)
 -----------------------------------------------------------------------------------------------
           1              2              3              4              5              6        
   1  -60.23341740   -0.00000000     0.00000000    -0.00000000    -0.00000000     0.00000000   
   2  -0.00000000    -59.12634814    0.00000000     0.00000000    -0.00000000     0.00000000   
   3   0.00000000     0.00000000    -48.62675739   -0.00000000     0.00000000    -0.00000000   
   4  -0.00000000     0.00000000    -0.00000000    -46.73007460   -0.00000000     0.00000000   
   5  -0.00000000    -0.00000000     0.00000000    -0.00000000    -46.46972014    0.00000000   
   6   0.00000000     0.00000000    -0.00000000     0.00000000     0.00000000    -42.71627642  
   7  -0.00000000     0.00000000    -0.00000000     0.00000000     0.00000000     0.00000000   
   8  -0.00000000    -0.00000000    -0.00000000     0.00000000     0.00000000     0.00000000   
   9  -0.00000000     0.00000000     0.00000000     0.00000000    -0.00000000     0.00000000   
  10  -0.00000000     0.00000000     0.00000000     0.00000000    -0.00000000     0.00000000   
  11  -0.00000000    -0.00000000     0.00000000     0.00000000     0.00000000    -0.00000000   
  12   0.00000000     0.00000000    -0.00000000    -0.00000000    -0.00000000    -0.00000000   
  13  -0.00000000     0.00000000    -0.00000000    -0.00000000    -0.00000000     0.00000000   
  14  -0.00000000     0.00000000    -0.00000000     0.00000000     0.00000000    -0.00000000   
  15  -0.00000000    -0.00000000     0.00000000    -0.00000000     0.00000000    -0.00000000   
  16   0.00000000     0.00000000     0.00000000     0.00000000     0.00000000    -0.00000000   
  17  -0.00000000     0.00000000    -0.00000000    -0.00000000     0.00000000    -0.00000000   
  18   0.00000000    -0.00000000    -0.00000000    -0.00000000    -0.00000000     0.00000000   
  19  -0.00000000    -0.00000000     0.00000000     0.00000000     0.00000000    -0.00000000   
  20  -0.00000000    -0.00000000    -0.00000000    -0.00000000     0.00000000    -0.00000000   
  21   0.00000000     0.00000000    -0.00000000     0.00000000     0.00000000     0.00000000   
  22   0.00000000     0.00000000    -0.00000000     0.00000000     0.00000000     0.00000000   
  23   0.00000000     0.00000000    -0.00000000     0.00000000    -0.00000000    -0.00000000   
  24  -0.00000000    -0.00000000     0.00000000     0.00000000    -0.00000000    -0.00000000   
  25   0.00000000     0.00000000     0.00000000     0.00000000     0.00000000     0.00000000   
  26   0.00000000    -0.00000000    -0.00000000     0.00000000     0.00000000     0.00000000   
  27  -0.00000000    -0.00000000     0.00000000     0.00000000    -0.00000000    -0.00000000   
  28  -0.00000000     0.00000000     0.00000000    -0.00000000    -0.00000000    -0.00000000   
  29   0.00000000    -0.00000000     0.00000000    -0.00000000    -0.00000000    -0.00000000   
  30   0.00000000     0.00000000     0.00000000    -0.00000000    -0.00000000    -0.00000000   
  31  -0.00000000    -0.00000000     0.00000000    -0.00000000    -0.00000000     0.00000000   
  32   0.00000000    -0.00000000    -0.00000000     0.00000000    -0.00000000     0.00000000   
  33  -0.00000000     0.00000000     0.00000000    -0.00000000    -0.00000000    -0.00000000   
  34   0.00000000     0.00000000    -0.00000000     0.00000000    -0.00000000     0.00000000   
  35   0.06146857     0.02278435     0.03375403    -0.00837008     0.00143392     0.00029980   
  36   0.01243940     0.05303959    -0.00736296     0.01034392     0.00166112     0.04934661   
  37   0.00000004    -0.00000005    -0.00000003     0.00000002     0.00000000     0.00000001   
  38  -0.00000001     0.00000001     0.00000000     0.00000002     0.00000001     0.00000000   
  39   0.00000001     0.00000004     0.00000003    -0.00000001    -0.00000001     0.00000002   
  40  -0.00000002     0.00000003     0.00000001     0.00000001    -0.00000000    -0.00000001   
  41   0.00000002     0.00000002    -0.00000000    -0.00000001    -0.00000002     0.00000001   
  42   0.00000009     0.00000005     0.00000005     0.00000000    -0.00000000     0.00000003   
  43  -0.00000002     0.00000013     0.00000009    -0.00000002    -0.00000001     0.00000000   
  44  -0.00000007    -0.00000009    -0.00000007    -0.00000003    -0.00000000    -0.00000007   
  45   0.00000011    -0.00000001     0.00000002     0.00000006    -0.00000000     0.00000005   
  46  -0.00000003    -0.00000003    -0.00000002    -0.00000001    -0.00000002    -0.00000003   
  47   0.00000005    -0.00000001     0.00000002     0.00000001    -0.00000002     0.00000002   
  48  -0.00000005    -0.00000009    -0.00000006     0.00000000     0.00000002    -0.00000008   
  49  -0.00000006    -0.00000000    -0.00000004    -0.00000002    -0.00000000    -0.00000007   
  50  -0.00000006    -0.00000005    -0.00000003     0.00000000     0.00000000    -0.00000000   
  51   0.00000000     0.00000003     0.00000003     0.00000003    -0.00000001     0.00000001   
  52   0.00000002    -0.00000002    -0.00000003     0.00000001    -0.00000004    -0.00000002   
  53   0.00000008     0.00000010     0.00000005     0.00000002    -0.00000002     0.00000003   
  54   0.00000011     0.00000008     0.00000005    -0.00000002    -0.00000002     0.00000005   
           7              8              9              10             11             12       
   1  -0.00000000    -0.00000000    -0.00000000    -0.00000000    -0.00000000     0.00000000   
   2   0.00000000    -0.00000000     0.00000000     0.00000000    -0.00000000     0.00000000   
   3  -0.00000000    -0.00000000     0.00000000     0.00000000     0.00000000    -0.00000000   
   4   0.00000000     0.00000000     0.00000000     0.00000000     0.00000000    -0.00000000   
   5   0.00000000     0.00000000    -0.00000000    -0.00000000     0.00000000    -0.00000000   
   6   0.00000000     0.00000000     0.00000000     0.00000000    -0.00000000    -0.00000000   
   7  -28.70846670   -0.00000000     0.00000000     0.00000000     0.00000000    -0.00000000   
   8  -0.00000000    -25.42677189    0.00000000    -0.00000000     0.00000000    -0.00000000   
   9   0.00000000     0.00000000    -21.06264794    0.00000000    -0.00000000    -0.00000000   
  10   0.00000000    -0.00000000     0.00000000    -20.83386787   -0.00000000     0.00000000   
  11   0.00000000     0.00000000    -0.00000000    -0.00000000    -20.69408916    0.00000000   
  12  -0.00000000    -0.00000000    -0.00000000     0.00000000     0.00000000    -20.14029836  
  13  -0.00000000    -0.00000000     0.00000000     0.00000000     0.00000000    -0.00000000   
  14  -0.00000000    -0.00000000    -0.00000000     0.00000000    -0.00000000     0.00000000   
  15  -0.00000000     0.00000000     0.00000000     0.00000000    -0.00000000    -0.00000000   
  16  -0.00000000    -0.00000000    -0.00000000     0.00000000     0.00000000    -0.00000000   
  17   0.00000000    -0.00000000     0.00000000    -0.00000000    -0.00000000     0.00000000   
  18   0.00000000     0.00000000     0.00000000     0.00000000    -0.00000000    -0.00000000   
  19  -0.00000000    -0.00000000    -0.00000000     0.00000000    -0.00000000    -0.00000000   
  20   0.00000000    -0.00000000     0.00000000     0.00000000     0.00000000     0.00000000   
  21   0.00000000     0.00000000    -0.00000000     0.00000000     0.00000000    -0.00000000   
  22  -0.00000000    -0.00000000     0.00000000    -0.00000000     0.00000000     0.00000000   
  23  -0.00000000    -0.00000000    -0.00000000    -0.00000000     0.00000000     0.00000000   
  24   0.00000000    -0.00000000    -0.00000000     0.00000000    -0.00000000     0.00000000   
  25  -0.00000000     0.00000000    -0.00000000    -0.00000000     0.00000000    -0.00000000   
  26  -0.00000000    -0.00000000    -0.00000000     0.00000000    -0.00000000    -0.00000000   
  27   0.00000000    -0.00000000     0.00000000    -0.00000000     0.00000000     0.00000000   
  28   0.00000000     0.00000000     0.00000000     0.00000000    -0.00000000     0.00000000   
  29   0.00000000    -0.00000000     0.00000000    -0.00000000     0.00000000    -0.00000000   
  30  -0.00000000     0.00000000    -0.00000000     0.00000000     0.00000000     0.00000000   
  31   0.00000000     0.00000000    -0.00000000    -0.00000000     0.00000000     0.00000000   
  32   0.00000000    -0.00000000    -0.00000000    -0.00000000     0.00000000    -0.00000000   
  33  -0.00000000     0.00000000    -0.00000000    -0.00000000    -0.00000000     0.00000000   
  34  -0.00000000    -0.00000000     0.00000000    -0.00000000     0.00000000     0.00000000   
  35  -0.14359962     0.00667972    -0.00289485     0.05350558     0.00599545    -0.00518012   
  36  -0.01438245     0.14960528     0.00045837    -0.00153120     0.00087720    -0.01425686   
  37   0.00000001     0.00000002     0.00000001     0.00000001     0.00000000    -0.00000001   
  38   0.00000000     0.00000003    -0.00000001     0.00000001    -0.00000001     0.00000002   
  39  -0.00000003    -0.00000000     0.00000000     0.00000003    -0.00000001     0.00000002   
  40   0.00000001     0.00000000    -0.00000001    -0.00000000    -0.00000001    -0.00000001   
  41  -0.00000000     0.00000000     0.00000000    -0.00000001    -0.00000000     0.00000002   
  42  -0.00000005     0.00000003    -0.00000000     0.00000003    -0.00000001    -0.00000001   
  43  -0.00000003    -0.00000001     0.00000000     0.00000002    -0.00000001     0.00000001   
  44   0.00000006    -0.00000004     0.00000001    -0.00000001    -0.00000001    -0.00000001   
  45  -0.00000002     0.00000002     0.00000000    -0.00000000    -0.00000000     0.00000001   
  46   0.00000003    -0.00000004    -0.00000000    -0.00000001    -0.00000001     0.00000001   
  47   0.00000001    -0.00000003     0.00000000     0.00000004     0.00000002    -0.00000002   
  48   0.00000004    -0.00000004     0.00000000    -0.00000000    -0.00000000    -0.00000001   
  49  -0.00000001    -0.00000002     0.00000000     0.00000000    -0.00000000    -0.00000000   
  50   0.00000001    -0.00000001     0.00000000    -0.00000000    -0.00000001     0.00000000   
  51   0.00000000    -0.00000002    -0.00000001     0.00000003    -0.00000001    -0.00000002   
  52  -0.00000001    -0.00000002     0.00000001     0.00000001     0.00000000     0.00000001   
  53  -0.00000004     0.00000001     0.00000001     0.00000003     0.00000000    -0.00000001   
  54  -0.00000004     0.00000003     0.00000001     0.00000000     0.00000000     0.00000001   
           13             14             15             16             17             18       
   1  -0.00000000    -0.00000000    -0.00000000     0.00000000    -0.00000000     0.00000000   
   2   0.00000000     0.00000000    -0.00000000     0.00000000     0.00000000    -0.00000000   
   3  -0.00000000    -0.00000000     0.00000000     0.00000000    -0.00000000    -0.00000000   
   4  -0.00000000     0.00000000    -0.00000000     0.00000000    -0.00000000    -0.00000000   
   5  -0.00000000     0.00000000     0.00000000     0.00000000     0.00000000    -0.00000000   
   6   0.00000000    -0.00000000    -0.00000000    -0.00000000    -0.00000000     0.00000000   
   7  -0.00000000    -0.00000000    -0.00000000    -0.00000000     0.00000000     0.00000000   
   8  -0.00000000    -0.00000000     0.00000000    -0.00000000    -0.00000000     0.00000000   
   9   0.00000000    -0.00000000     0.00000000    -0.00000000     0.00000000     0.00000000   
  10   0.00000000     0.00000000     0.00000000     0.00000000    -0.00000000     0.00000000   
  11   0.00000000    -0.00000000    -0.00000000     0.00000000    -0.00000000    -0.00000000   
  12  -0.00000000     0.00000000    -0.00000000    -0.00000000     0.00000000    -0.00000000   
  13  -19.88766147   -0.00000000     0.00000000     0.00000000     0.00000000    -0.00000000   
  14  -0.00000000    -19.50163194   -0.00000000     0.00000000     0.00000000    -0.00000000   
  15   0.00000000    -0.00000000    -17.87747614    0.00000000    -0.00000000     0.00000000   
  16   0.00000000     0.00000000     0.00000000    -17.58981957    0.00000000    -0.00000000   
  17   0.00000000     0.00000000    -0.00000000     0.00000000    -16.21216115   -0.00000000   
  18  -0.00000000    -0.00000000     0.00000000    -0.00000000    -0.00000000    -4.28322960   
  19   0.00000000    -0.00000000    -0.00000000     0.00000000    -0.00000000     0.00000000   
  20  -0.00000000     0.00000000     0.00000000    -0.00000000    -0.00000000     0.00000000   
  21   0.00000000    -0.00000000     0.00000000    -0.00000000     0.00000000    -0.00000000   
  22   0.00000000    -0.00000000    -0.00000000     0.00000000     0.00000000    -0.00000000   
  23  -0.00000000     0.00000000     0.00000000     0.00000000     0.00000000    -0.00000000   
  24   0.00000000    -0.00000000     0.00000000     0.00000000     0.00000000    -0.00000000   
  25   0.00000000    -0.00000000     0.00000000    -0.00000000     0.00000000     0.00000000   
  26  -0.00000000    -0.00000000    -0.00000000     0.00000000    -0.00000000     0.00000000   
  27   0.00000000     0.00000000     0.00000000    -0.00000000     0.00000000     0.00000000   
  28  -0.00000000    -0.00000000     0.00000000    -0.00000000     0.00000000     0.00000000   
  29   0.00000000    -0.00000000    -0.00000000    -0.00000000     0.00000000    -0.00000000   
  30   0.00000000    -0.00000000     0.00000000    -0.00000000    -0.00000000     0.00000000   
  31  -0.00000000     0.00000000     0.00000000    -0.00000000     0.00000000     0.00000000   
  32  -0.00000000     0.00000000    -0.00000000     0.00000000     0.00000000    -0.00000000   
  33  -0.00000000     0.00000000    -0.00000000    -0.00000000     0.00000000     0.00000000   
  34  -0.00000000     0.00000000    -0.00000000     0.00000000     0.00000000    -0.00000000   
  35  -0.00165222    -0.00144588     0.00178744     0.00582933    -0.03362626    -0.01640161   
  36   0.00060272     0.00024632    -0.00242560    -0.00401528    -0.00323590    -0.15798682   
  37   0.00000001     0.00000000    -0.00000000    -0.00000001     0.00000003    -0.00000000   
  38   0.00000002     0.00000001    -0.00000000    -0.00000001     0.00000000     0.00000001   
  39  -0.00000000    -0.00000000     0.00000001    -0.00000000    -0.00000001     0.00000002   
  40  -0.00000001     0.00000001     0.00000000    -0.00000000     0.00000000     0.00000001   
  41   0.00000001     0.00000001     0.00000000    -0.00000001    -0.00000002    -0.00000001   
  42   0.00000001    -0.00000000     0.00000000    -0.00000000    -0.00000001    -0.00000001   
  43  -0.00000002    -0.00000002     0.00000002     0.00000002    -0.00000002     0.00000001   
  44  -0.00000002     0.00000002     0.00000001     0.00000001     0.00000001     0.00000001   
  45   0.00000001    -0.00000001    -0.00000000     0.00000002    -0.00000002     0.00000000   
  46  -0.00000002     0.00000002     0.00000000    -0.00000001     0.00000000    -0.00000002   
  47  -0.00000002    -0.00000003    -0.00000000     0.00000002     0.00000000     0.00000000   
  48  -0.00000003     0.00000002     0.00000002    -0.00000000     0.00000002    -0.00000001   
  49  -0.00000002     0.00000000     0.00000000    -0.00000000     0.00000000    -0.00000001   
  50   0.00000000     0.00000001     0.00000000    -0.00000000    -0.00000001    -0.00000001   
  51  -0.00000001    -0.00000000     0.00000000    -0.00000002     0.00000000     0.00000002   
  52  -0.00000001     0.00000001     0.00000000     0.00000001    -0.00000001    -0.00000000   
  53  -0.00000000    -0.00000002    -0.00000000    -0.00000000     0.00000000    -0.00000001   
  54   0.00000000    -0.00000001     0.00000001     0.00000001     0.00000002     0.00000000   
           19             20             21             22             23             24       
   1  -0.00000000    -0.00000000     0.00000000     0.00000000     0.00000000    -0.00000000   
   2  -0.00000000    -0.00000000     0.00000000     0.00000000     0.00000000    -0.00000000   
   3   0.00000000    -0.00000000    -0.00000000    -0.00000000    -0.00000000     0.00000000   
   4   0.00000000    -0.00000000     0.00000000     0.00000000     0.00000000     0.00000000   
   5   0.00000000     0.00000000     0.00000000     0.00000000    -0.00000000    -0.00000000   
   6  -0.00000000    -0.00000000     0.00000000     0.00000000    -0.00000000    -0.00000000   
   7  -0.00000000     0.00000000     0.00000000    -0.00000000    -0.00000000     0.00000000   
   8  -0.00000000    -0.00000000     0.00000000    -0.00000000    -0.00000000    -0.00000000   
   9  -0.00000000     0.00000000    -0.00000000     0.00000000    -0.00000000    -0.00000000   
  10   0.00000000     0.00000000     0.00000000    -0.00000000    -0.00000000     0.00000000   
  11  -0.00000000     0.00000000     0.00000000     0.00000000     0.00000000    -0.00000000   
  12  -0.00000000     0.00000000    -0.00000000     0.00000000     0.00000000     0.00000000   
  13   0.00000000    -0.00000000     0.00000000     0.00000000    -0.00000000     0.00000000   
  14  -0.00000000     0.00000000    -0.00000000    -0.00000000     0.00000000    -0.00000000   
  15  -0.00000000     0.00000000     0.00000000    -0.00000000     0.00000000     0.00000000   
  16   0.00000000    -0.00000000    -0.00000000     0.00000000     0.00000000     0.00000000   
  17  -0.00000000    -0.00000000     0.00000000     0.00000000     0.00000000     0.00000000   
  18   0.00000000     0.00000000    -0.00000000    -0.00000000    -0.00000000    -0.00000000   
  19   0.91744421     0.00000000     0.00000000     0.00000000    -0.00000000     0.00000000   
  20   0.00000000     1.43191268    -0.00000000     0.00000000    -0.00000000     0.00000000   
  21   0.00000000    -0.00000000     1.78539313     0.00000000     0.00000000     0.00000000   
  22   0.00000000     0.00000000     0.00000000     1.90114774     0.00000000    -0.00000000   
  23  -0.00000000    -0.00000000     0.00000000     0.00000000     3.53135056     0.00000000   
  24   0.00000000     0.00000000     0.00000000    -0.00000000     0.00000000     5.80574387   
  25  -0.00000000     0.00000000    -0.00000000     0.00000000    -0.00000000    -0.00000000   
  26  -0.00000000    -0.00000000    -0.00000000     0.00000000    -0.00000000     0.00000000   
  27  -0.00000000    -0.00000000     0.00000000    -0.00000000     0.00000000    -0.00000000   
  28   0.00000000     0.00000000     0.00000000    -0.00000000    -0.00000000     0.00000000   
  29  -0.00000000     0.00000000    -0.00000000     0.00000000    -0.00000000    -0.00000000   
  30  -0.00000000    -0.00000000    -0.00000000     0.00000000    -0.00000000     0.00000000   
  31  -0.00000000     0.00000000    -0.00000000     0.00000000     0.00000000    -0.00000000   
  32  -0.00000000     0.00000000    -0.00000000    -0.00000000     0.00000000     0.00000000   
  33  -0.00000000    -0.00000000     0.00000000    -0.00000000     0.00000000     0.00000000   
  34   0.00000000     0.00000000     0.00000000    -0.00000000     0.00000000    -0.00000000   
  35  -0.05963248     0.00514822    -0.00143311    -0.00103272    -0.07657106     0.00362234   
  36  -0.01851300    -0.02672786    -0.00287665    -0.00123110    -0.02202644    -0.16390128   
  37   0.00000001     0.00000000    -0.00000000     0.00000000     0.00000001     0.00000003   
  38   0.00000000     0.00000002    -0.00000001    -0.00000000    -0.00000001     0.00000001   
  39   0.00000001     0.00000002    -0.00000000    -0.00000000     0.00000000    -0.00000001   
  40  -0.00000000     0.00000001    -0.00000001     0.00000001     0.00000000    -0.00000001   
  41  -0.00000000     0.00000000     0.00000000     0.00000000    -0.00000001    -0.00000001   
  42   0.00000002     0.00000000    -0.00000001    -0.00000001    -0.00000002    -0.00000001   
  43   0.00000001     0.00000001     0.00000000     0.00000001    -0.00000002    -0.00000002   
  44  -0.00000000    -0.00000000     0.00000001     0.00000000     0.00000000     0.00000002   
  45  -0.00000000     0.00000002     0.00000001     0.00000001    -0.00000001    -0.00000000   
  46   0.00000001     0.00000002    -0.00000001    -0.00000001     0.00000000     0.00000001   
  47  -0.00000001     0.00000001     0.00000000    -0.00000001     0.00000001     0.00000000   
  48  -0.00000003     0.00000000    -0.00000000     0.00000000     0.00000001     0.00000002   
  49   0.00000001    -0.00000001     0.00000001    -0.00000001    -0.00000001     0.00000000   
  50  -0.00000001    -0.00000002    -0.00000001    -0.00000001    -0.00000001    -0.00000002   
  51  -0.00000000     0.00000000    -0.00000000     0.00000000     0.00000002    -0.00000000   
  52  -0.00000002    -0.00000002     0.00000000    -0.00000000    -0.00000001    -0.00000003   
  53   0.00000002     0.00000001    -0.00000000    -0.00000001    -0.00000001     0.00000001   
  54   0.00000002     0.00000002    -0.00000001     0.00000001     0.00000001    -0.00000000   
           25             26             27             28             29             30       
   1   0.00000000     0.00000000    -0.00000000    -0.00000000     0.00000000     0.00000000   
   2   0.00000000    -0.00000000    -0.00000000     0.00000000    -0.00000000     0.00000000   
   3   0.00000000    -0.00000000     0.00000000     0.00000000     0.00000000     0.00000000   
   4   0.00000000     0.00000000     0.00000000    -0.00000000    -0.00000000    -0.00000000   
   5   0.00000000     0.00000000    -0.00000000    -0.00000000    -0.00000000    -0.00000000   
   6   0.00000000     0.00000000    -0.00000000    -0.00000000    -0.00000000    -0.00000000   
   7  -0.00000000    -0.00000000     0.00000000     0.00000000     0.00000000    -0.00000000   
   8   0.00000000    -0.00000000    -0.00000000     0.00000000    -0.00000000     0.00000000   
   9  -0.00000000    -0.00000000     0.00000000     0.00000000     0.00000000    -0.00000000   
  10  -0.00000000     0.00000000    -0.00000000     0.00000000    -0.00000000     0.00000000   
  11   0.00000000    -0.00000000     0.00000000    -0.00000000     0.00000000     0.00000000   
  12  -0.00000000    -0.00000000     0.00000000     0.00000000    -0.00000000     0.00000000   
  13   0.00000000    -0.00000000     0.00000000    -0.00000000     0.00000000     0.00000000   
  14  -0.00000000    -0.00000000     0.00000000    -0.00000000    -0.00000000    -0.00000000   
  15   0.00000000    -0.00000000     0.00000000     0.00000000    -0.00000000     0.00000000   
  16  -0.00000000     0.00000000    -0.00000000    -0.00000000    -0.00000000    -0.00000000   
  17   0.00000000    -0.00000000     0.00000000     0.00000000     0.00000000    -0.00000000   
  18   0.00000000     0.00000000     0.00000000     0.00000000    -0.00000000     0.00000000   
  19  -0.00000000    -0.00000000    -0.00000000     0.00000000    -0.00000000    -0.00000000   
  20   0.00000000    -0.00000000    -0.00000000     0.00000000     0.00000000    -0.00000000   
  21  -0.00000000    -0.00000000     0.00000000     0.00000000    -0.00000000    -0.00000000   
  22   0.00000000     0.00000000    -0.00000000    -0.00000000     0.00000000     0.00000000   
  23  -0.00000000    -0.00000000     0.00000000    -0.00000000    -0.00000000    -0.00000000   
  24  -0.00000000     0.00000000    -0.00000000     0.00000000    -0.00000000     0.00000000   
  25   6.16649174    -0.00000000    -0.00000000    -0.00000000    -0.00000000     0.00000000   
  26  -0.00000000     6.63257718    -0.00000000    -0.00000000     0.00000000    -0.00000000   
  27  -0.00000000    -0.00000000     6.69104057     0.00000000     0.00000000     0.00000000   
  28  -0.00000000    -0.00000000     0.00000000     7.12992051     0.00000000    -0.00000000   
  29  -0.00000000     0.00000000     0.00000000     0.00000000     8.35330853     0.00000000   
  30   0.00000000    -0.00000000     0.00000000    -0.00000000     0.00000000     9.21434338   
  31   0.00000000     0.00000000    -0.00000000     0.00000000    -0.00000000     0.00000000   
  32   0.00000000    -0.00000000    -0.00000000    -0.00000000     0.00000000     0.00000000   
  33  -0.00000000     0.00000000     0.00000000     0.00000000     0.00000000    -0.00000000   
  34   0.00000000    -0.00000000    -0.00000000    -0.00000000     0.00000000     0.00000000   
  35   0.01010547     0.04120966    -0.03653740     0.02115180     0.01189364     0.11287760   
  36  -0.03326296    -0.06160048    -0.03742556    -0.02550244    -0.01689938     0.01271693   
  37  -0.00000001    -0.00000001    -0.00000001     0.00000000     0.00000000    -0.00000001   
  38  -0.00000001     0.00000001    -0.00000001    -0.00000001     0.00000001     0.00000002   
  39   0.00000000    -0.00000001     0.00000000    -0.00000001     0.00000001     0.00000000   
  40  -0.00000000    -0.00000000     0.00000001     0.00000000     0.00000001    -0.00000000   
  41   0.00000000     0.00000000    -0.00000001    -0.00000000    -0.00000001     0.00000002   
  42  -0.00000001    -0.00000001     0.00000002    -0.00000001     0.00000001    -0.00000002   
  43   0.00000001    -0.00000001     0.00000000     0.00000001    -0.00000002    -0.00000001   
  44   0.00000001    -0.00000000     0.00000003     0.00000002     0.00000000    -0.00000000   
  45   0.00000001     0.00000000    -0.00000001    -0.00000001    -0.00000001     0.00000002   
  46   0.00000000     0.00000001     0.00000002    -0.00000000    -0.00000001    -0.00000001   
  47   0.00000000     0.00000000     0.00000001    -0.00000000    -0.00000002     0.00000000   
  48  -0.00000000    -0.00000002     0.00000003     0.00000001    -0.00000000     0.00000001   
  49   0.00000002    -0.00000002    -0.00000002    -0.00000001     0.00000001     0.00000000   
  50  -0.00000001    -0.00000000     0.00000001    -0.00000001     0.00000000     0.00000000   
  51  -0.00000000     0.00000000     0.00000001     0.00000000     0.00000000     0.00000000   
  52   0.00000000     0.00000000    -0.00000001    -0.00000001    -0.00000001     0.00000000   
  53  -0.00000002     0.00000000    -0.00000002    -0.00000002     0.00000001    -0.00000001   
  54  -0.00000000     0.00000001     0.00000001    -0.00000000    -0.00000000    -0.00000000   
           31             32             33             34             35             36       
   1  -0.00000000     0.00000000    -0.00000000     0.00000000     0.06146858     0.01243946   
   2  -0.00000000    -0.00000000     0.00000000     0.00000000     0.02278426     0.05303956   
   3   0.00000000    -0.00000000     0.00000000    -0.00000000     0.03375400    -0.00736299   
   4  -0.00000000     0.00000000    -0.00000000     0.00000000    -0.00837008     0.01034392   
   5  -0.00000000    -0.00000000    -0.00000000    -0.00000000     0.00143392     0.00166111   
   6   0.00000000     0.00000000    -0.00000000     0.00000000     0.00029982     0.04934664   
   7   0.00000000     0.00000000    -0.00000000    -0.00000000    -0.14359960    -0.01438244   
   8   0.00000000    -0.00000000     0.00000000    -0.00000000     0.00667974     0.14960529   
   9  -0.00000000    -0.00000000    -0.00000000     0.00000000    -0.00289483     0.00045836   
  10  -0.00000000    -0.00000000    -0.00000000    -0.00000000     0.05350557    -0.00153120   
  11   0.00000000     0.00000000    -0.00000000     0.00000000     0.00599547     0.00087720   
  12   0.00000000    -0.00000000     0.00000000     0.00000000    -0.00518013    -0.01425687   
  13  -0.00000000    -0.00000000    -0.00000000    -0.00000000    -0.00165223     0.00060273   
  14   0.00000000     0.00000000     0.00000000     0.00000000    -0.00144588     0.00024633   
  15   0.00000000    -0.00000000    -0.00000000    -0.00000000     0.00178743    -0.00242562   
  16  -0.00000000     0.00000000    -0.00000000     0.00000000     0.00582931    -0.00401529   
  17   0.00000000     0.00000000     0.00000000     0.00000000    -0.03362625    -0.00323588   
  18   0.00000000    -0.00000000     0.00000000    -0.00000000    -0.01640163    -0.15798680   
  19  -0.00000000    -0.00000000    -0.00000000     0.00000000    -0.05963248    -0.01851299   
  20   0.00000000     0.00000000    -0.00000000     0.00000000     0.00514822    -0.02672785   
  21  -0.00000000    -0.00000000     0.00000000     0.00000000    -0.00143311    -0.00287666   
  22   0.00000000    -0.00000000    -0.00000000    -0.00000000    -0.00103272    -0.00123110   
  23   0.00000000     0.00000000     0.00000000     0.00000000    -0.07657104    -0.02202642   
  24  -0.00000000     0.00000000     0.00000000    -0.00000000     0.00362234    -0.16390128   
  25   0.00000000     0.00000000    -0.00000000     0.00000000     0.01010546    -0.03326295   
  26   0.00000000    -0.00000000     0.00000000    -0.00000000     0.04120966    -0.06160048   
  27  -0.00000000    -0.00000000     0.00000000    -0.00000000    -0.03653742    -0.03742554   
  28   0.00000000    -0.00000000     0.00000000    -0.00000000     0.02115181    -0.02550242   
  29  -0.00000000     0.00000000     0.00000000     0.00000000     0.01189363    -0.01689940   
  30   0.00000000     0.00000000    -0.00000000     0.00000000     0.11287761     0.01271689   
  31   9.35397198    -0.00000000    -0.00000000     0.00000000     0.01324776    -0.01309042   
  32  -0.00000000    10.33049386     0.00000000     0.00000000    -0.02198779     0.00355296   
  33  -0.00000000    -0.00000000    10.56864149     0.00000000    -0.00611846     0.22106300   
  34   0.00000000     0.00000000     0.00000000    11.99981104     0.02985352    -0.03698675   
  35   0.01324774    -0.02198782    -0.00611852     0.02985349     7.42940043    -0.00000000   
  36  -0.01309043     0.00355294     0.22106300    -0.03698679    -0.00000000     8.54145272   
  37   0.00000002     0.00000001    -0.00000001    -0.00000001    -0.00000003     0.00000008   
  38  -0.00000002    -0.00000001     0.00000002     0.00000001    -0.00000000     0.00000004   
  39  -0.00000001     0.00000002    -0.00000001     0.00000001    -0.00000005     0.00000002   
  40   0.00000000     0.00000000    -0.00000001     0.00000000    -0.00000003    -0.00000002   
  41   0.00000001    -0.00000001     0.00000002     0.00000000     0.00000003    -0.00000002   
  42  -0.00000000     0.00000002    -0.00000000     0.00000000    -0.00000001    -0.00000002   
  43  -0.00000000     0.00000003    -0.00000002    -0.00000001    -0.00000002    -0.00000002   
  44   0.00000000    -0.00000002    -0.00000001     0.00000001     0.00000002    -0.00000004   
  45   0.00000001     0.00000000    -0.00000001     0.00000001     0.00000001    -0.00000001   
  46  -0.00000000    -0.00000001     0.00000000     0.00000002    -0.00000001     0.00000000   
  47  -0.00000001    -0.00000002    -0.00000000    -0.00000000     0.00000004     0.00000004   
  48  -0.00000002     0.00000000     0.00000000     0.00000001    -0.00000004     0.00000002   
  49  -0.00000001     0.00000000    -0.00000001     0.00000000     0.00000000     0.00000002   
  50  -0.00000002    -0.00000001     0.00000000     0.00000001    -0.00000002     0.00000001   
  51  -0.00000000    -0.00000001     0.00000000    -0.00000000     0.00000001     0.00000001   
  52   0.00000001    -0.00000000     0.00000002    -0.00000001    -0.00000000     0.00000000   
  53   0.00000001    -0.00000001    -0.00000002     0.00000001     0.00000001     0.00000000   
  54   0.00000000     0.00000000    -0.00000003     0.00000001     0.00000000    -0.00000001   

[[ 0.999984  0.005519 -0.001141 ...  0.000013  0.000006 -0.000001]
 [-0.005519  0.999984 -0.000083 ... -0.000004 -0.000015 -0.000007]
 [ 0.00114   0.000088  0.999996 ... -0.000006 -0.000007 -0.000011]
 ...
 [ 0.000007 -0.000005 -0.000008 ... -0.981521  0.010363 -0.070829]
 [ 0.000003 -0.000009 -0.000012 ... -0.023624 -0.957896 -0.133419]
 [-0.000001  0.000001  0.000007 ... -0.071456 -0.129808  0.985413]]
 Saved MO coefficients to FCIDUMP/FCIDUMP_TTM-TTM_core_mo_coeff.npy
