                    ---------------------------------
                    | Radical ExROPPP Calculation |
                    ---------------------------------

Molecule: TTMmTTM.xyz radical

--------------------------------
Cartesian Coordinates / Angstrom
--------------------------------

 C -0.02478664975019 2.50707398092152 2.13236835692158
 C -0.72196760794356 2.63090442336164 0.92066061830123
 H -1.27531439065113 1.78717568280108 0.50907611549575
 C -0.72893616453847 3.83486829515007 0.22475123958177
 Cl -1.56078807985569 3.84921390455135 -1.31255805083551
 Cl 1.44894064886770 6.19156948171904 2.65827498680938
 C 0.65686219792956 3.63353051561963 2.61819484915086
 H 1.21556842208828 3.58460860501587 3.55241120875291
 C 0.02480261114182 -2.50707404862354 2.13237094906433
 C 0.72198448054657 -2.63090779158601 0.92066402985338
 H 1.27533520357922 -1.78718144991946 0.50907986582183
 C 0.72894835913578 -3.83487175081895 0.22475471646211
 Cl 1.56080137323673 -3.84922107013235 -1.31255394578380
 C 0.04745676993844 -4.99020229333360 0.68418198052053
 C 0.04748448859871 -6.25269541171415 -0.05943391878449
 C -0.64074853168881 -4.83218320488809 1.91359130532303
 Cl -1.44894485289461 -6.19156192238688 2.65827448908948
 C -0.65685194292084 -3.63352743720109 2.61819672886408
 H -1.21555957271240 -3.58460275608285 3.55241209876267
 C 1.30400295783947 -6.80012830002895 -0.57937308825300
 C 1.43401902780667 -7.26696580781166 -1.91230126551392
 Cl 0.10502830051179 -7.12735277100759 -3.03574318919014
 C 2.62386316134381 -7.78399811940065 -2.41913134713510
 H 2.67933133170422 -8.11339987983731 -3.45568952996411
 C 3.74279155931500 -7.84752657447467 -1.58836038802652
 Cl 5.23922631191652 -8.48654389108623 -2.20841142420231
 C 3.67726469003203 -7.40499830578257 -0.26693491044110
 H 4.54515704729954 -7.47203742555814 0.38752551689056
 C 2.47440481176565 -6.89592031432260 0.21643211469556
 Cl 2.43912523518012 -6.45219162336014 1.90462482989286
 C -1.21474043467918 -6.96623551752101 -0.28317845023119
 C -2.38073689532196 -6.31018310654425 -0.75315351966083
 Cl -2.33215301582408 -4.62137023710437 -1.19297171738402
 C -3.58917336972759 -6.97192684631161 -0.95727991955798
 H -4.45416528604469 -6.42779560636831 -1.33375887324869
 C -3.66426425171617 -8.34027293536267 -0.69589420700416
 Cl -5.16851811649124 -9.18154190427473 -0.94492495612311
 C -2.54893439085076 -9.04234204276716 -0.23792628684775
 H -2.61136741282858 -10.10724421803592 -0.01854835876523
 C -1.35385228420392 -8.35554552443775 -0.03767875898931
 Cl -0.02771659636145 -9.27408676245292 0.62964910244861
 C -1.30400687255803 6.80012025997645 -0.57937664220192
 C -2.47441128257747 6.89590252016062 0.21642603105752
 Cl -2.43913181858222 6.45217422279933 1.90461886418196
 C -3.67727448235560 7.40496994301060 -0.26694380821096
 H -4.54516897037302 7.47200141901380 0.38751457590297
 C -3.74280224281524 7.84749729010921 -1.58836952011977
 Cl -5.23924138680223 8.48650086324947 -2.20842408949271
 C -2.62387130529725 7.78397887876051 -2.41913783495839
 H -2.67934001276275 8.11338005023123 -3.45569618258868
 C -1.43402375495738 7.26695710827978 -1.91230499360122
 Cl -0.10502918694180 7.12735595978260 -3.03574389010795
 C 1.21473483628093 6.96624500867848 -0.28317569836392
 C 1.35383700303282 8.35555523484125 -0.03767205673578
 Cl 0.02769385062114 9.27408605843051 0.62965530396574
 C 2.54891514667787 9.04236005656370 -0.23791472763449
 H 2.61134073991028 10.10726201436690 -0.01853362753391
 C 3.66425077580205 8.34029943276617 -0.69588150067157
 Cl 5.16850005856336 9.18157866520159 -0.94490518962155
 C 3.58916943611882 6.97195360458720 -0.95727117084459
 H 4.45416587904789 6.42782903121081 -1.33374937868074
 C 2.38073676752866 6.31020144030583 -0.75314949788212
 Cl 2.33216493336375 4.62138948978039 -1.19297238327472
 C 0.00766041447724 -1.22649877893443 2.87911241254806
 C 0.00000964966150 -0.00000004589838 2.19595286212576
 H 0.00000892554697 -0.00000070507614 1.10475455948821
 C -0.00764142326277 1.22649947788191 2.87911103627404
 C -0.00597546602659 1.21110371607307 4.28565562577613
 H -0.03618079030316 2.15186018185002 4.83877377777419
 C 0.00001003070117 0.00000154953345 4.97777796632015
 H 0.00001007972327 0.00000218585537 6.07045674394579
 C 0.00599492021514 -1.21110143044730 4.28565700588587
 H 0.03619969437820 -2.15185728174934 4.83877622241333
 C -0.04745108989794 4.99020222182910 0.68417964028568
 C -0.04748567033720 6.25269589835472 -0.05943517516396
 C 0.64075347142730 4.83218642001947 1.91358976294991

There are 60 heavy atoms.
There are 76 electrons in 60 orbitals.


Carbon 1e params: A = -22.717075 b = 1.705616

Nitrogen 1e params: alphan2 = -17.681338 Acn2 = -24.737202 bcn2 = 1.433639

Chlorine 1e params: alphacl = -10.335674 Accl = -26.021937 bccl=1.451861
C-Cl bond
C-Cl bond
C-Cl bond
C-Cl bond
C-Cl bond
C-Cl bond
C-Cl bond
C-Cl bond
C-Cl bond
C-Cl bond
C-Cl bond
C-Cl bond
C-Cl bond
C-Cl bond
C-Cl bond
C-Cl bond
Cl atom 45
Cl atom 46
Cl atom 47
Cl atom 48
Cl atom 49
Cl atom 50
Cl atom 51
Cl atom 52
Cl atom 53
Cl atom 54
Cl atom 55
Cl atom 56
Cl atom 57
Cl atom 58
Cl atom 59
Cl atom 60

Carbon 2e params: U = 8.420838 r0 = 1.173157

Nitrogen 2e params: Un2n2 = 17.979843 r0n2n2 = 1.111791

Chlorine 2e params: Uclcl= 9.642991 r0clcl = 2.253316

Mixed 2e params: Ucn2 = 13.200341 Uccl = 9.031915 Un2cl = 13.811417 r0cn2 =1.142474 r0ccl = 1.713237 r0n2cl = 1.682554
[8.42083845 3.83412028 2.74285447 3.83414894 1.59658743 1.51875572
 1.26030614 1.12141672 0.96821642 1.156589   1.34128647 0.90152956
 0.83358773 0.77583498 0.77160558 0.82169764 0.89084271 0.89631684
 0.91939851 0.83997723 0.76231538 0.74668323 0.80122279 1.5412792
 1.50774945 1.27681282 1.13957385 1.14728825 1.30390879 1.54507675
 1.30643504 1.15057268 1.14445685 1.28372319 1.51544377 1.98340407
 2.68365559 3.71997814 2.67981931 1.98949336 1.8060431  2.44056403
 1.79194129 2.74299744 2.7067466  2.70699505 1.69764563 1.46763529
 1.22351055 1.05608769 1.40569737 1.56134117 1.04206888 1.13862976
 2.43909229 1.43851004 1.78971264 1.78985412 1.44444687 2.45424798]

-------------------------------------
Restricted Open-shell PPP Calculation
-------------------------------------

Starting SCF cycle...

Iter   Energy        Dens Change      Energy Change
-----------------------------------------------------
0 -255.74112472268507 0.12358340106335242 -255.74112472268507
1 -268.61817434905396 0.04187157370350275 -12.877049626368887
2 -274.39565972928233 0.013593400262682631 -5.77748538022837
3 -276.3840810944593 0.0043995823746962315 -1.9884213651769755
4 -277.0250236061453 0.001433501897632472 -0.6409425116859779
5 -277.22979252171655 0.00047030620185722904 -0.20476891557126464
6 -277.29556225529245 0.0001553166025772268 -0.06576973357590532
7 -277.31678851856407 5.158467904309294e-05 -0.021226263271614698
8 -277.32368859767337 1.7218838727073305e-05 -0.00690007910930035
9 -277.3259399116423 8.353002070304871e-06 -0.002251313968940849
10 -277.32667793613456 4.232908606294217e-06 -0.0007380244922501333
11 -277.3269203585772 2.1060055768185038e-06 -0.0002424224426249566
12 -277.32700019048065 1.0349269147780227e-06 -7.983190346294577e-05
13 -277.3270264911828 5.042096873908442e-07 -2.6300702131720755e-05
14 -277.3270351595745 2.4417403726717524e-07 -8.668391728861025e-06
15 -277.32703801201 1.1774170988188004e-07 -2.85243550024461e-06
16 -277.3270389482859 5.660369811755217e-08 -9.362759101350093e-07
17 -277.32703925399187 2.7152917081441075e-08 -3.057059529965045e-07
18 -277.32703935300856 1.3005143961741794e-08 -9.90166881820187e-08
19 -277.32703938465266 6.222010906498099e-09 -3.164410600220435e-08
20 -277.32703939455075 2.9744106622153765e-09 -9.898087682813639e-09
21 -277.32703939753617 1.4210957410831782e-09 -2.985416358569637e-09
22 -277.3270393983786 6.786875506037404e-10 -8.424194675171748e-10
23 -277.3270393985879 3.240336332588356e-10 -2.092974682454951e-10
24 -277.3270393986203 1.5467616076847435e-10 -3.240074875066057e-11
25 -277.3270393986153 7.382433553360102e-11 5.002220859751105e-12
26 -277.32703939860204 3.5231206840791174e-11 1.3244516594568267e-11
27 -277.3270393985974 1.6811496639235202e-11 4.661160346586257e-12
28 -277.32703939859186 8.023359754361081e-12 5.5138116294983774e-12
29 -277.32703939859107 3.827937966605077e-12 7.958078640513122e-13
30 -277.3270393985882 1.827038520474389e-12 2.8421709430404007e-12
31 -277.3270393985881 8.715805854819791e-13 1.1368683772161603e-13
32 -277.3270393985869 4.159450561758149e-13 1.1937117960769683e-12
33 -277.3270393985863 1.9872992140790302e-13 6.252776074688882e-13
34 -277.32703939858607 9.531264666406969e-14 2.2737367544323206e-13
35 -277.3270393985878 4.5574655160862676e-14 -1.7053025658242404e-12
36 -277.3270393985887 2.1538326677728037e-14 -9.094947017729282e-13
37 -277.3270393985854 1.0658141036401503e-14 3.296918293926865e-12
38 -277.32703939858607 5.162537064506978e-15 -6.821210263296962e-13
39 -277.3270393985871 3.2751579226442118e-15 -1.0231815394945443e-12

--------------------------
Converged ROPPP Orbitals
--------------------------

orbital number 1 energy -8.149976375358898
[-0.04 -0.05 -0.08 -0.04 -0.04 -0.04 -0.08 -0.08 -0.08 -0.08 -0.04 -0.15
 -0.18 -0.13 -0.17 -0.13 -0.18 -0.14 -0.17 -0.13 -0.17 -0.13 -0.17 -0.15
 -0.18 -0.13 -0.17 -0.13 -0.18 -0.14 -0.17 -0.13 -0.17 -0.13 -0.17 -0.02
 -0.02 -0.02 -0.01 -0.01 -0.01 -0.08 -0.08 -0.08 -0.07 -0.07 -0.07 -0.07
 -0.17 -0.17 -0.17 -0.17 -0.16 -0.16 -0.17 -0.17 -0.17 -0.16 -0.16 -0.17]
orbital number 2 energy -8.148900877512403
[ 0.03  0.04  0.07  0.04 -0.03 -0.04 -0.07 -0.07 -0.08 -0.07 -0.04 -0.15
 -0.18 -0.14 -0.18 -0.13 -0.18 -0.14 -0.17 -0.13 -0.17 -0.13 -0.17  0.15
  0.18  0.13  0.18  0.14  0.18  0.14  0.17  0.13  0.17  0.13  0.17 -0.01
 -0.    0.01  0.   -0.   -0.    0.07  0.08  0.07  0.07  0.07 -0.07 -0.07
 -0.17 -0.17 -0.17 -0.17 -0.16 -0.16  0.17  0.17  0.17  0.16  0.16  0.17]
orbital number 3 energy -8.083651040163335
[-0.   -0.   -0.   -0.   -0.   -0.   -0.   -0.   -0.   -0.   -0.    0.11
  0.15  0.12  0.16  0.12  0.15 -0.11 -0.16 -0.13 -0.17 -0.12 -0.16  0.14
  0.19  0.15  0.21  0.15  0.19 -0.14 -0.2  -0.16 -0.21 -0.16 -0.2  -0.
 -0.   -0.   -0.   -0.   -0.   -0.   -0.   -0.   -0.   -0.   -0.   -0.
  0.15  0.16  0.15 -0.16 -0.17 -0.15  0.19  0.21  0.19 -0.19 -0.21 -0.2 ]
orbital number 4 energy -8.083649905063185
[-0.   -0.   -0.   -0.    0.    0.    0.    0.    0.    0.    0.   -0.14
 -0.19 -0.15 -0.21 -0.15 -0.19  0.14  0.2   0.16  0.21  0.16  0.2   0.11
  0.15  0.12  0.16  0.12  0.15 -0.11 -0.16 -0.12 -0.17 -0.13 -0.16  0.
  0.   -0.   -0.    0.    0.   -0.   -0.   -0.   -0.   -0.    0.    0.
 -0.19 -0.21 -0.19  0.2   0.21  0.19  0.15  0.16  0.15 -0.15 -0.17 -0.16]
orbital number 5 energy -7.97170151183539
[ 0.17  0.18  0.28  0.17  0.17  0.18  0.28  0.21  0.04  0.27  0.17 -0.02
 -0.04 -0.04 -0.06 -0.04 -0.04 -0.02 -0.04 -0.04 -0.06 -0.04 -0.04 -0.02
 -0.04 -0.04 -0.06 -0.04 -0.04 -0.02 -0.04 -0.04 -0.06 -0.04 -0.04  0.11
  0.09  0.11  0.06  0.05  0.06  0.21  0.04  0.27  0.29  0.28  0.29  0.28
 -0.05 -0.06 -0.04 -0.05 -0.06 -0.05 -0.04 -0.06 -0.05 -0.05 -0.06 -0.05]
orbital number 6 energy -7.946697339658329
[-0.15 -0.17 -0.29 -0.17  0.15  0.17  0.29  0.22  0.04  0.28  0.17 -0.02
 -0.04 -0.04 -0.05 -0.04 -0.04 -0.02 -0.04 -0.04 -0.05 -0.04 -0.04  0.02
  0.04  0.04  0.05  0.04  0.04  0.02  0.04  0.04  0.05  0.04  0.04  0.05
  0.   -0.05 -0.02  0.    0.02 -0.22 -0.04 -0.28 -0.3  -0.29  0.3   0.29
 -0.04 -0.06 -0.04 -0.04 -0.06 -0.04  0.04  0.06  0.04  0.04  0.06  0.04]
orbital number 7 energy -7.201634842599642
[ 0.03  0.02  0.01  0.01  0.03  0.02  0.01 -0.01 -0.05 -0.    0.01 -0.1
 -0.15  0.03  0.21  0.07 -0.06 -0.09 -0.11  0.03  0.18  0.05 -0.06 -0.1
 -0.06  0.07  0.21  0.03 -0.15 -0.09 -0.06  0.05  0.18  0.03 -0.11  0.05
  0.05  0.05  0.04  0.04  0.04 -0.01 -0.05 -0.    0.01 -0.    0.01 -0.
 -0.25  0.36 -0.1  -0.19  0.31 -0.1  -0.1   0.36 -0.25 -0.1   0.31 -0.19]
orbital number 8 energy -7.200293952678313
[ 0.01  0.02  0.03  0.   -0.01 -0.02 -0.03  0.01  0.05  0.   -0.    0.1
  0.15 -0.02 -0.21 -0.07  0.05  0.09  0.12 -0.03 -0.18 -0.05  0.06 -0.1
 -0.05  0.07  0.21  0.02 -0.15 -0.09 -0.06  0.05  0.18  0.03 -0.12 -0.
 -0.    0.    0.   -0.   -0.   -0.01 -0.05 -0.    0.04 -0.   -0.04  0.
  0.26 -0.36  0.09  0.2  -0.31  0.1  -0.09  0.36 -0.26 -0.1   0.31 -0.2 ]
orbital number 9 energy -7.182268876683214
[-0.01  0.09  0.23 -0.11 -0.01  0.09  0.23 -0.    0.   -0.23 -0.11  0.02
  0.04 -0.   -0.04 -0.01  0.01 -0.01 -0.09 -0.02  0.03  0.04  0.05  0.02
  0.01 -0.01 -0.04 -0.    0.04 -0.01  0.05  0.04  0.03 -0.02 -0.09 -0.03
 -0.03 -0.03 -0.02 -0.02 -0.02 -0.    0.   -0.23  0.4  -0.39  0.4  -0.39
  0.06 -0.07  0.01 -0.15  0.06  0.09  0.01 -0.07  0.06  0.09  0.06 -0.15]
orbital number 10 energy -7.181903824686648
[-0.    0.09  0.21 -0.1   0.   -0.09 -0.21  0.   -0.    0.23  0.1  -0.02
 -0.07 -0.01  0.06  0.03  0.01  0.02  0.11  0.03 -0.04 -0.05 -0.07  0.02
 -0.01 -0.03 -0.06  0.01  0.07 -0.02  0.07  0.05  0.04 -0.03 -0.11  0.
  0.   -0.   -0.    0.    0.   -0.    0.   -0.23  0.37 -0.38 -0.37  0.38
 -0.12  0.1   0.01  0.18 -0.07 -0.11 -0.01 -0.1   0.12  0.11  0.07 -0.18]
orbital number 11 energy -7.18050020919717
[-0.01  0.03  0.08 -0.04 -0.01  0.03  0.08  0.    0.   -0.08 -0.04 -0.03
 -0.17 -0.04  0.07  0.07  0.1   0.04  0.21  0.05 -0.09 -0.09 -0.11 -0.03
  0.1   0.07  0.07 -0.04 -0.17  0.04 -0.11 -0.09 -0.09  0.05  0.21 -0.01
 -0.01 -0.01 -0.01 -0.01 -0.01  0.    0.   -0.08  0.13 -0.13  0.13 -0.13
 -0.29  0.12  0.16  0.36 -0.16 -0.19  0.16  0.12 -0.29 -0.19 -0.16  0.36]
orbital number 12 energy -7.1803614958598985
[-0.    0.04  0.1  -0.05  0.   -0.04 -0.1   0.   -0.    0.11  0.05  0.02
  0.16  0.04 -0.06 -0.07 -0.1  -0.04 -0.2  -0.05  0.09  0.09  0.11 -0.02
  0.1   0.07  0.06 -0.04 -0.16  0.04 -0.11 -0.09 -0.09  0.05  0.2   0.
  0.   -0.   -0.    0.    0.   -0.    0.   -0.11  0.18 -0.19 -0.18  0.19
  0.27 -0.1  -0.16 -0.35  0.16  0.18  0.16  0.1  -0.27 -0.18 -0.16  0.35]
orbital number 13 energy -7.174578678327709
[-0.01 -0.02 -0.03  0.01 -0.01 -0.02 -0.03  0.    0.01  0.03  0.01  0.02
 -0.17 -0.09 -0.04  0.07  0.21  0.02 -0.12 -0.07 -0.04  0.05  0.16  0.02
  0.21  0.07 -0.04 -0.09 -0.17  0.02  0.17  0.06 -0.04 -0.07 -0.12 -0.01
 -0.01 -0.01 -0.01 -0.01 -0.01  0.    0.01  0.03 -0.06  0.06 -0.06  0.06
 -0.29 -0.08  0.36 -0.21 -0.07  0.28  0.36 -0.08 -0.29  0.28 -0.07 -0.21]
orbital number 14 energy -7.174511107541921
[-0.   -0.01 -0.03  0.01  0.    0.01  0.03 -0.   -0.01 -0.03 -0.01 -0.02
  0.17  0.09  0.05 -0.07 -0.22 -0.02  0.12  0.07  0.04 -0.05 -0.17  0.02
  0.22  0.07 -0.05 -0.09 -0.17  0.02  0.16  0.05 -0.04 -0.07 -0.12  0.
  0.   -0.   -0.    0.    0.    0.    0.01  0.03 -0.05  0.04  0.05 -0.04
  0.29  0.08 -0.37  0.21  0.07 -0.28  0.37 -0.08 -0.29  0.28 -0.07 -0.21]
orbital number 15 energy -7.1652678066776865
[-0.    0.    0.01 -0.01 -0.    0.    0.01  0.    0.   -0.01 -0.01 -0.07
 -0.02  0.06  0.16  0.   -0.15  0.08  0.01 -0.07 -0.18  0.    0.19 -0.07
 -0.16  0.    0.16  0.06 -0.02  0.08  0.19  0.   -0.19 -0.08  0.01 -0.
 -0.   -0.   -0.   -0.   -0.    0.    0.   -0.01  0.02 -0.02  0.02 -0.02
 -0.04  0.28 -0.26  0.02 -0.32  0.32 -0.27  0.28 -0.04  0.33 -0.33  0.02]
orbital number 16 energy -7.165259682224542
[-0.    0.    0.01 -0.01  0.   -0.   -0.01  0.   -0.    0.01  0.01  0.07
  0.02 -0.06 -0.16 -0.    0.16 -0.08 -0.01  0.08  0.19 -0.   -0.19 -0.07
 -0.15  0.    0.15  0.06 -0.02  0.08  0.19  0.   -0.18 -0.07  0.01  0.
  0.   -0.   -0.    0.    0.   -0.    0.   -0.01  0.02 -0.02 -0.02  0.02
  0.04 -0.28  0.27 -0.02  0.33 -0.33 -0.26  0.27 -0.04  0.32 -0.32  0.02]
orbital number 17 energy -7.102055610277276
[ 0.16  0.05 -0.06  0.03  0.16  0.05 -0.06 -0.07 -0.01 -0.09  0.03  0.01
  0.01 -0.   -0.02 -0.    0.02  0.01  0.01 -0.   -0.02 -0.    0.02  0.01
  0.02 -0.   -0.02 -0.    0.01  0.01  0.02 -0.   -0.02 -0.    0.01  0.39
  0.38  0.39  0.35  0.34  0.35 -0.07 -0.01 -0.09 -0.11 -0.16 -0.11 -0.16
  0.02 -0.04  0.03  0.03 -0.04  0.03  0.03 -0.04  0.02  0.03 -0.04  0.03]
orbital number 18 energy -5.902857869787299
[ 0.39  0.24  0.    0.24 -0.39 -0.24 -0.   -0.01 -0.01  0.   -0.24  0.
  0.   -0.   -0.   -0.    0.    0.    0.   -0.   -0.   -0.    0.   -0.
 -0.    0.    0.    0.   -0.   -0.   -0.    0.    0.    0.   -0.   -0.25
 -0.    0.25  0.16 -0.   -0.16  0.01  0.01 -0.   -0.27 -0.27  0.27  0.27
  0.    0.    0.    0.    0.    0.   -0.   -0.   -0.   -0.   -0.   -0.  ]
orbital number 19 energy -5.550160807627787
[-0.32 -0.25 -0.05 -0.24 -0.32 -0.25 -0.05 -0.1  -0.06 -0.04 -0.24 -0.03
 -0.   -0.   -0.   -0.   -0.   -0.03 -0.   -0.   -0.   -0.   -0.   -0.03
 -0.   -0.   -0.   -0.   -0.   -0.03 -0.   -0.   -0.   -0.   -0.    0.01
  0.01  0.01  0.21  0.29  0.21 -0.1  -0.06 -0.04  0.29  0.29  0.29  0.29
  0.02  0.01  0.03  0.02  0.01  0.02  0.03  0.01  0.02  0.02  0.01  0.02]
orbital number 20 energy -5.1774728054049675
[ 0.06  0.02 -0.03  0.02 -0.06 -0.02  0.03  0.16  0.25  0.03 -0.02  0.21
  0.07  0.1   0.04  0.09  0.07  0.21  0.07  0.09  0.04  0.09  0.07 -0.21
 -0.07 -0.09 -0.04 -0.1  -0.07 -0.21 -0.07 -0.09 -0.04 -0.09 -0.07 -0.07
  0.    0.07  0.05 -0.   -0.05 -0.16 -0.25 -0.03  0.1   0.1  -0.1  -0.1
 -0.22 -0.14 -0.22 -0.22 -0.13 -0.22  0.22  0.14  0.22  0.22  0.13  0.22]
orbital number 21 energy -5.158218129672504
[-0.1  -0.06  0.01 -0.06 -0.1  -0.06  0.01  0.12  0.24  0.01 -0.06  0.21
  0.07  0.1   0.05  0.1   0.07  0.21  0.07  0.1   0.05  0.1   0.07  0.21
  0.07  0.1   0.05  0.1   0.07  0.21  0.07  0.1   0.05  0.1   0.07 -0.02
 -0.03 -0.02  0.07  0.11  0.07  0.12  0.24  0.01 -0.04 -0.04 -0.04 -0.04
 -0.22 -0.14 -0.22 -0.22 -0.14 -0.22 -0.22 -0.14 -0.22 -0.22 -0.14 -0.22]
orbital number 22 energy -4.9158254240833354
[-0.    0.    0.   -0.    0.   -0.   -0.   -0.   -0.    0.    0.    0.13
  0.08  0.15  0.09  0.14  0.08 -0.13 -0.08 -0.15 -0.09 -0.15 -0.08 -0.17
 -0.1  -0.18 -0.11 -0.19 -0.1   0.17  0.1   0.19  0.11  0.19  0.11  0.
 -0.   -0.   -0.    0.    0.    0.    0.   -0.   -0.   -0.    0.    0.
 -0.19 -0.2  -0.19  0.19  0.2   0.19  0.24  0.25  0.24 -0.24 -0.25 -0.24]
orbital number 23 energy -4.915824415396432
[-0.    0.    0.   -0.   -0.    0.    0.    0.    0.   -0.   -0.   -0.17
 -0.1  -0.19 -0.11 -0.18 -0.1   0.17  0.11  0.19  0.11  0.19  0.1  -0.13
 -0.08 -0.14 -0.09 -0.15 -0.08  0.13  0.08  0.15  0.09  0.15  0.08 -0.
 -0.   -0.    0.    0.    0.    0.    0.   -0.   -0.   -0.   -0.   -0.
  0.24  0.25  0.24 -0.24 -0.25 -0.24  0.19  0.2   0.19 -0.19 -0.2  -0.19]
orbital number 24 energy -4.619455078679738
[-0.08  0.03  0.12  0.03  0.08 -0.03 -0.12 -0.3  -0.16 -0.11 -0.03 -0.01
  0.04  0.12  0.09  0.12  0.04 -0.01  0.04  0.12  0.09  0.12  0.04  0.01
 -0.04 -0.12 -0.09 -0.12 -0.04  0.01 -0.04 -0.12 -0.09 -0.12 -0.04  0.25
 -0.   -0.25 -0.23  0.    0.23  0.3   0.16  0.11 -0.21 -0.21  0.21  0.21
 -0.07 -0.16 -0.07 -0.07 -0.16 -0.07  0.07  0.16  0.07  0.07  0.16  0.07]
orbital number 25 energy -4.557869112831103
[ 0.11  0.   -0.1   0.01  0.11  0.   -0.1  -0.27 -0.17 -0.09  0.01 -0.03
  0.03  0.11  0.09  0.11  0.03 -0.03  0.03  0.12  0.09  0.11  0.03 -0.03
  0.03  0.11  0.09  0.11  0.03 -0.03  0.03  0.11  0.09  0.12  0.03  0.17
  0.32  0.17 -0.2  -0.38 -0.2  -0.27 -0.17 -0.09  0.16  0.16  0.16  0.16
 -0.05 -0.15 -0.06 -0.06 -0.15 -0.06 -0.06 -0.15 -0.05 -0.06 -0.15 -0.06]
orbital number 26 energy -4.197987819700683
[-0.12 -0.13 -0.01 -0.12 -0.12 -0.13 -0.01  0.11  0.21 -0.   -0.12  0.13
 -0.   -0.12 -0.11 -0.12 -0.    0.13 -0.   -0.12 -0.11 -0.12 -0.    0.13
 -0.   -0.12 -0.11 -0.12 -0.    0.13 -0.   -0.12 -0.11 -0.12 -0.    0.21
  0.44  0.21 -0.16 -0.35 -0.16  0.11  0.21 -0.    0.01  0.01  0.01  0.01
  0.    0.15 -0.    0.    0.15  0.   -0.    0.15  0.    0.    0.15  0.  ]
orbital number 27 energy -4.083630515276047
[ 0.08  0.13  0.05  0.13 -0.08 -0.13 -0.05  0.04  0.22 -0.05 -0.13  0.16
  0.01 -0.13 -0.13 -0.13  0.01  0.16  0.01 -0.13 -0.13 -0.13  0.01 -0.16
 -0.01  0.13  0.13  0.13 -0.01 -0.16 -0.01  0.13  0.13  0.13 -0.01  0.29
 -0.   -0.29 -0.32  0.    0.32 -0.04 -0.22  0.05 -0.06 -0.06  0.06  0.06
 -0.02  0.16 -0.02 -0.01  0.16 -0.01  0.02 -0.16  0.02  0.01 -0.16  0.01]
orbital number 28 energy -3.5097009946929383
[ 0.01 -0.36 -0.25  0.37 -0.01  0.36  0.25  0.01 -0.   -0.24 -0.37 -0.02
 -0.01  0.01  0.01  0.01 -0.    0.   -0.   -0.01 -0.    0.01  0.01  0.02
  0.   -0.01 -0.01 -0.01  0.01 -0.   -0.01 -0.01  0.    0.01  0.    0.01
  0.   -0.01 -0.01  0.    0.01 -0.01  0.    0.24  0.24 -0.23 -0.24  0.23
  0.01 -0.01  0.    0.    0.   -0.01 -0.    0.01 -0.01  0.01 -0.   -0.  ]
orbital number 29 energy -3.509132571242617
[ 0.01  0.37  0.24 -0.37  0.01  0.37  0.24 -0.01  0.   -0.25 -0.37 -0.
 -0.01 -0.01  0.    0.01  0.    0.02  0.   -0.01 -0.01 -0.01  0.01 -0.
  0.    0.01  0.   -0.01 -0.01  0.02  0.01 -0.01 -0.01 -0.01  0.    0.
  0.    0.   -0.   -0.01 -0.   -0.01  0.   -0.25 -0.23  0.24 -0.23  0.24
  0.01 -0.   -0.   -0.    0.01 -0.01 -0.   -0.    0.01 -0.01  0.01 -0.  ]
orbital number 30 energy -3.4927501986468057
[ 0.18  0.08 -0.12  0.1   0.18  0.08 -0.12 -0.27  0.04 -0.1   0.1   0.17
 -0.05 -0.24 -0.1   0.07  0.15  0.17  0.14  0.05 -0.1  -0.22 -0.04  0.17
  0.15  0.07 -0.1  -0.24 -0.05  0.17 -0.04 -0.22 -0.1   0.05  0.14 -0.07
 -0.19 -0.07  0.03  0.09  0.03 -0.27  0.04 -0.1   0.12  0.1   0.12  0.1
  0.05  0.1  -0.15 -0.13  0.1   0.04 -0.15  0.1   0.05  0.04  0.1  -0.13]
orbital number 31 energy -3.484433026927667
[-0.01 -0.01  0.01 -0.01  0.01  0.01 -0.01 -0.02  0.   -0.01  0.01  0.
 -0.24 -0.36 -0.    0.36  0.24  0.02  0.04  0.05 -0.01 -0.07 -0.03 -0.
 -0.24 -0.36  0.    0.36  0.24 -0.02  0.03  0.07  0.01 -0.05 -0.04 -0.01
 -0.    0.01  0.02  0.   -0.02  0.02 -0.    0.01 -0.01 -0.01  0.01  0.01
  0.23  0.   -0.23 -0.04  0.01  0.03  0.23 -0.   -0.23 -0.03 -0.01  0.04]
orbital number 32 energy -3.482903837402551
[-0.05 -0.03  0.03 -0.02 -0.05 -0.03  0.03  0.07 -0.01  0.03 -0.02 -0.06
 -0.22 -0.29  0.04  0.35  0.19 -0.03 -0.12 -0.15  0.02  0.19  0.1  -0.06
  0.19  0.35  0.04 -0.29 -0.22 -0.03  0.1   0.19  0.02 -0.15 -0.12  0.02
  0.05  0.02 -0.01 -0.02 -0.01  0.07 -0.01  0.03 -0.03 -0.03 -0.03 -0.03
  0.22 -0.03 -0.19  0.12 -0.02 -0.1  -0.19 -0.03  0.22 -0.1  -0.02  0.12]
orbital number 33 energy -3.4810979668920607
[-0.01 -0.02  0.    0.    0.01  0.02 -0.   -0.02  0.   -0.01 -0.    0.02
  0.04  0.05 -0.01 -0.07 -0.03  0.    0.24  0.36 -0.   -0.37 -0.24 -0.02
  0.03  0.07  0.01 -0.05 -0.04 -0.    0.24  0.37  0.   -0.36 -0.24 -0.01
  0.    0.01  0.01 -0.   -0.01  0.02 -0.    0.01  0.   -0.01 -0.    0.01
 -0.04  0.01  0.03 -0.23  0.    0.23 -0.03 -0.01  0.04 -0.23 -0.    0.23]
orbital number 34 energy -3.4777201600654823
[-0.11 -0.05  0.07 -0.06 -0.11 -0.05  0.07  0.17 -0.02  0.06 -0.06 -0.1
 -0.1  -0.06  0.06  0.16  0.04 -0.1   0.17  0.35  0.06 -0.25 -0.22 -0.1
  0.04  0.16  0.06 -0.06 -0.1  -0.1  -0.22 -0.25  0.06  0.35  0.17  0.04
  0.12  0.04 -0.02 -0.05 -0.02  0.17 -0.02  0.06 -0.07 -0.06 -0.07 -0.06
  0.1  -0.06 -0.04 -0.16 -0.06  0.22 -0.04 -0.06  0.1   0.22 -0.06 -0.16]
orbital number 35 energy -3.399564928615246
[ 0.22  0.15 -0.11  0.12 -0.22 -0.15  0.11  0.32 -0.02  0.13 -0.12 -0.18
 -0.07  0.07  0.11  0.1  -0.04 -0.17 -0.04  0.11  0.11  0.06 -0.07  0.18
  0.04 -0.1  -0.11 -0.07  0.07  0.17  0.07 -0.06 -0.11 -0.11  0.04  0.18
 -0.   -0.18 -0.26  0.    0.26 -0.32  0.02 -0.13  0.1   0.12 -0.1  -0.12
  0.06 -0.11  0.04  0.04 -0.1   0.07 -0.04  0.11 -0.06 -0.07  0.1  -0.04]
orbital number 36 energy -3.3326910991863112
[ 0.   -0.01 -0.01  0.01 -0.    0.01  0.01  0.   -0.   -0.01 -0.01  0.3
  0.09 -0.15 -0.19 -0.13  0.11 -0.31 -0.11  0.14  0.19  0.15 -0.1  -0.32
 -0.11  0.13  0.2   0.16 -0.1   0.32  0.1  -0.15 -0.2  -0.14  0.11  0.
 -0.   -0.   -0.    0.    0.   -0.    0.    0.01  0.01 -0.01 -0.01  0.01
 -0.09  0.17 -0.1   0.1  -0.18  0.09  0.11 -0.18  0.09 -0.1   0.19 -0.1 ]
orbital number 37 energy -3.3326854616875217
[ 0.   -0.01 -0.01  0.01  0.   -0.01 -0.01 -0.    0.    0.01  0.01 -0.32
 -0.1   0.16  0.2   0.13 -0.11  0.32  0.11 -0.14 -0.2  -0.15  0.1  -0.3
 -0.11  0.13  0.19  0.15 -0.09  0.31  0.1  -0.15 -0.19 -0.14  0.11 -0.
 -0.   -0.    0.    0.    0.   -0.    0.    0.01  0.01 -0.01  0.01 -0.01
  0.09 -0.18  0.11 -0.1   0.19 -0.1   0.1  -0.17  0.09 -0.09  0.18 -0.1 ]
orbital number 38 energy 0.0
[-0.16  0.02  0.15  0.02  0.16 -0.02 -0.15 -0.01  0.49 -0.15 -0.02 -0.05
 -0.15  0.02  0.14  0.02 -0.14 -0.05 -0.14  0.02  0.14  0.02 -0.14  0.05
  0.14 -0.02 -0.14 -0.02  0.15  0.05  0.14 -0.02 -0.14 -0.02  0.14  0.02
  0.   -0.02  0.1   0.   -0.1   0.01 -0.49  0.15 -0.08 -0.08  0.08  0.08
  0.08 -0.07  0.08  0.08 -0.07  0.08 -0.08  0.07 -0.08 -0.08  0.07 -0.08]
orbital number 39 energy 0.005831131847280346
[ 0.16 -0.02 -0.15 -0.02  0.16 -0.02 -0.15 -0.02  0.5  -0.15 -0.02 -0.05
 -0.15  0.02  0.14  0.02 -0.15 -0.05 -0.14  0.02  0.14  0.02 -0.14 -0.05
 -0.15  0.02  0.14  0.02 -0.15 -0.05 -0.14  0.02  0.14  0.02 -0.14  0.01
 -0.1   0.01 -0.   -0.01 -0.   -0.02  0.5  -0.15  0.08  0.08  0.08  0.08
  0.08 -0.07  0.08  0.08 -0.07  0.08  0.08 -0.07  0.08  0.08 -0.07  0.08]
orbital number 40 energy 2.626394984663821
[-0.22  0.19  0.06  0.19  0.22 -0.19 -0.06  0.23 -0.11 -0.06 -0.19 -0.04
  0.05  0.01 -0.06  0.02  0.05 -0.04  0.05  0.02 -0.06  0.01  0.05  0.04
 -0.05 -0.02  0.06 -0.01 -0.05  0.04 -0.05 -0.01  0.06 -0.02 -0.05  0.34
  0.   -0.34  0.41  0.   -0.41 -0.23  0.11  0.06 -0.02 -0.03  0.02  0.03
 -0.02  0.03 -0.02 -0.02  0.03 -0.02  0.02 -0.03  0.02  0.02 -0.03  0.02]
orbital number 41 energy 2.864097179186813
[ 0.24 -0.17 -0.08 -0.18  0.24 -0.17 -0.08  0.23 -0.09 -0.08 -0.18 -0.05
  0.05  0.02 -0.07  0.02  0.05 -0.05  0.05  0.02 -0.07  0.02  0.05 -0.05
  0.05  0.02 -0.07  0.02  0.05 -0.05  0.05  0.02 -0.07  0.02  0.05  0.23
 -0.51  0.23  0.16 -0.36  0.16  0.23 -0.09 -0.08  0.03  0.03  0.03  0.03
 -0.02  0.03 -0.02 -0.02  0.03 -0.02 -0.02  0.03 -0.02 -0.02  0.03 -0.02]
orbital number 42 energy 3.554095810339623
[-0.01  0.02 -0.01 -0.01 -0.01  0.02 -0.01 -0.01 -0.    0.02 -0.01  0.27
 -0.15 -0.13  0.3  -0.12 -0.16 -0.26  0.16  0.11 -0.28  0.13  0.14  0.27
 -0.16 -0.12  0.3  -0.13 -0.15 -0.26  0.14  0.13 -0.28  0.11  0.16  0.01
 -0.01  0.01  0.01 -0.02  0.01 -0.01 -0.    0.02  0.   -0.01  0.   -0.01
  0.05 -0.11  0.06 -0.06  0.1  -0.05  0.06 -0.11  0.05 -0.05  0.1  -0.06]
orbital number 43 energy 3.5541472989382354
[-0.    0.01 -0.01 -0.01  0.   -0.01  0.01  0.    0.   -0.02  0.01 -0.27
  0.15  0.13 -0.29  0.12  0.16  0.27 -0.16 -0.11  0.29 -0.13 -0.14  0.27
 -0.16 -0.12  0.29 -0.13 -0.15 -0.27  0.14  0.13 -0.29  0.11  0.16 -0.
  0.    0.   -0.    0.    0.   -0.   -0.    0.02  0.   -0.01 -0.    0.01
 -0.05  0.11 -0.06  0.06 -0.11  0.05  0.06 -0.11  0.05 -0.05  0.11 -0.06]
orbital number 44 energy 3.5993193396194716
[-0.24  0.11  0.11  0.07 -0.24  0.11  0.11 -0.23 -0.01  0.16  0.07  0.11
 -0.08 -0.04  0.12 -0.07 -0.05  0.14 -0.07 -0.07  0.15 -0.06 -0.09  0.11
 -0.05 -0.07  0.12 -0.04 -0.08  0.14 -0.09 -0.06  0.15 -0.07 -0.07  0.15
 -0.26  0.15  0.25 -0.43  0.25 -0.23 -0.01  0.16 -0.04 -0.06 -0.04 -0.06
  0.03 -0.05  0.02  0.02 -0.05  0.03  0.02 -0.05  0.03  0.03 -0.05  0.02]
orbital number 45 energy 3.6628132262009974
[ 0.01  0.32 -0.37 -0.32 -0.01 -0.32  0.37 -0.01 -0.   -0.35  0.32  0.02
 -0.02 -0.    0.02 -0.01 -0.   -0.01  0.    0.   -0.01  0.    0.   -0.02
  0.    0.01 -0.02  0.    0.02  0.01 -0.   -0.    0.01 -0.   -0.    0.01
 -0.   -0.01  0.   -0.   -0.    0.01  0.    0.35  0.13 -0.13 -0.13  0.13
  0.01 -0.01  0.   -0.    0.   -0.   -0.    0.01 -0.01  0.   -0.    0.  ]
orbital number 46 energy 3.6631596982819614
[ 0.01  0.32 -0.37 -0.32  0.01  0.32 -0.37  0.01  0.    0.35 -0.32 -0.02
  0.02  0.   -0.02  0.02  0.    0.   -0.   -0.    0.   -0.   -0.   -0.02
  0.    0.02 -0.02  0.    0.02  0.   -0.   -0.    0.   -0.   -0.   -0.01
  0.02 -0.01 -0.02  0.03 -0.02  0.01  0.    0.35  0.13 -0.13  0.13 -0.13
 -0.01  0.01 -0.    0.   -0.    0.   -0.    0.01 -0.01  0.   -0.    0.  ]
orbital number 47 energy 3.678441184893323
[ 0.   -0.01  0.    0.01 -0.    0.01 -0.   -0.   -0.    0.01 -0.01  0.01
 -0.36  0.31  0.01 -0.32  0.36  0.    0.04 -0.04  0.    0.04 -0.04 -0.01
 -0.36  0.32 -0.01 -0.31  0.36 -0.    0.04 -0.04 -0.    0.04 -0.04  0.01
 -0.   -0.01  0.01 -0.   -0.01  0.    0.   -0.01 -0.    0.    0.   -0.
  0.13 -0.   -0.13 -0.01 -0.    0.02  0.13  0.   -0.13 -0.02  0.    0.01]
orbital number 48 energy 3.6786578595616373
[ 0.01  0.   -0.01 -0.01  0.01  0.   -0.01  0.01  0.    0.   -0.01 -0.
 -0.36  0.32 -0.   -0.32  0.36 -0.01  0.03 -0.02 -0.01  0.03 -0.02 -0.
  0.36 -0.32 -0.    0.32 -0.36 -0.01 -0.02  0.03 -0.01 -0.02  0.03 -0.01
  0.01 -0.01 -0.01  0.02 -0.01  0.01  0.    0.    0.   -0.    0.   -0.
  0.13  0.   -0.13 -0.01  0.    0.01 -0.13  0.    0.13  0.01  0.   -0.01]
orbital number 49 energy 3.6817549250422577
[ 0.    0.   -0.   -0.   -0.   -0.    0.   -0.   -0.    0.    0.   -0.01
  0.05 -0.03 -0.01  0.04 -0.04  0.01  0.35 -0.32  0.01  0.31 -0.36  0.01
  0.04 -0.04  0.01  0.03 -0.05 -0.01  0.36 -0.31 -0.01  0.32 -0.35  0.
  0.   -0.    0.    0.   -0.    0.    0.   -0.    0.    0.   -0.   -0.
 -0.02  0.    0.01 -0.13 -0.    0.13 -0.01 -0.    0.02 -0.13  0.    0.13]
orbital number 50 energy 3.681833217917439
[ 0.01 -0.   -0.   -0.    0.01 -0.   -0.    0.01  0.   -0.   -0.   -0.01
  0.03 -0.02 -0.01  0.03 -0.02  0.    0.36 -0.32  0.01  0.32 -0.36 -0.01
 -0.02  0.03 -0.01 -0.02  0.03  0.   -0.36  0.32  0.01 -0.32  0.36 -0.
  0.01 -0.   -0.01  0.01 -0.01  0.01  0.   -0.    0.    0.    0.    0.
 -0.01  0.    0.01 -0.13 -0.    0.13  0.01  0.   -0.01  0.13 -0.   -0.13]
orbital number 51 energy 3.8143757949940413
[-0.18  0.04  0.13  0.02  0.18 -0.04 -0.13  0.18  0.1  -0.16 -0.02 -0.2
  0.08  0.11 -0.21  0.09  0.1  -0.2   0.1   0.1  -0.22  0.11  0.09  0.2
 -0.1  -0.09  0.21 -0.11 -0.08  0.2  -0.09 -0.11  0.22 -0.1  -0.1  -0.26
 -0.    0.26 -0.22 -0.    0.22 -0.18 -0.1   0.16 -0.05 -0.06  0.05  0.06
 -0.03  0.07 -0.03 -0.03  0.08 -0.03  0.03 -0.07  0.03  0.03 -0.08  0.03]
orbital number 52 energy 4.15448625826084
[ 0.18 -0.12 -0.02 -0.12  0.18 -0.12 -0.02  0.15 -0.26 -0.02 -0.12  0.21
 -0.07 -0.13  0.24 -0.13 -0.07  0.21 -0.07 -0.13  0.24 -0.13 -0.07  0.21
 -0.07 -0.13  0.24 -0.13 -0.07  0.21 -0.07 -0.13  0.24 -0.13 -0.07 -0.01
  0.02 -0.01 -0.13  0.18 -0.13  0.15 -0.26 -0.02  0.01  0.01  0.01  0.01
  0.02 -0.08  0.02  0.02 -0.08  0.02  0.02 -0.08  0.02  0.02 -0.08  0.02]
orbital number 53 energy 4.314718032089185
[-0.27  0.11  0.11  0.11  0.27 -0.11 -0.11  0.25 -0.24 -0.11 -0.11  0.16
 -0.04 -0.11  0.18 -0.11 -0.04  0.16 -0.04 -0.11  0.18 -0.11 -0.04 -0.16
  0.04  0.11 -0.18  0.11  0.04 -0.16  0.04  0.11 -0.18  0.11  0.04 -0.23
  0.    0.23 -0.16 -0.    0.16 -0.25  0.24  0.11 -0.03 -0.03  0.03  0.03
  0.01 -0.06  0.01  0.01 -0.06  0.01 -0.01  0.06 -0.01 -0.01  0.06 -0.01]
orbital number 54 energy 5.6009580777080705
[ 0.06 -0.15  0.22 -0.15  0.06 -0.15  0.22 -0.24  0.07  0.22 -0.15  0.01
 -0.03  0.05 -0.06  0.05 -0.03  0.01 -0.03  0.05 -0.05  0.05 -0.03  0.01
 -0.03  0.05 -0.06  0.05 -0.03  0.01 -0.03  0.05 -0.05  0.05 -0.03  0.28
 -0.28  0.28 -0.3   0.31 -0.3  -0.24  0.07  0.22 -0.06 -0.06 -0.06 -0.06
  0.01  0.02  0.01  0.01  0.02  0.01  0.01  0.02  0.01  0.01  0.02  0.01]
orbital number 55 energy 6.018479830745368
[-0.21  0.2  -0.19  0.2   0.21 -0.2   0.19 -0.18  0.    0.19 -0.2   0.19
 -0.2   0.2  -0.21  0.2  -0.2  -0.01  0.01 -0.01  0.01 -0.01  0.01 -0.19
  0.2  -0.2   0.21 -0.2   0.2   0.01 -0.01  0.01 -0.01  0.01 -0.01 -0.08
 -0.    0.08 -0.04  0.    0.04  0.18 -0.   -0.19  0.05  0.05 -0.05 -0.05
  0.06  0.06  0.06 -0.   -0.   -0.   -0.06 -0.06 -0.06  0.    0.    0.  ]
orbital number 56 energy 6.020903065681057
[ 0.   -0.    0.   -0.    0.   -0.    0.    0.   -0.   -0.   -0.    0.19
 -0.2   0.2  -0.21  0.2  -0.2  -0.18  0.2  -0.2   0.21 -0.2   0.2   0.19
 -0.2   0.2  -0.21  0.2  -0.2  -0.18  0.2  -0.2   0.21 -0.2   0.2  -0.
  0.   -0.    0.   -0.    0.    0.   -0.   -0.   -0.    0.   -0.    0.
  0.06  0.06  0.06 -0.05 -0.06 -0.06  0.06  0.06  0.06 -0.06 -0.06 -0.05]
orbital number 57 energy 6.021897708217435
[ 0.14 -0.13  0.12 -0.13 -0.14  0.13 -0.12  0.11 -0.   -0.12  0.13  0.1
 -0.11  0.11 -0.12  0.11 -0.11 -0.21  0.23 -0.23  0.24 -0.23  0.23 -0.1
  0.11 -0.11  0.12 -0.11  0.11  0.21 -0.23  0.23 -0.24  0.23 -0.23  0.05
 -0.   -0.05  0.03  0.   -0.03 -0.11  0.    0.12 -0.03 -0.03  0.03  0.03
  0.03  0.03  0.03 -0.06 -0.07 -0.06 -0.03 -0.03 -0.03  0.06  0.07  0.06]
orbital number 58 energy 6.159025524802918
[-0.12  0.07 -0.04  0.07 -0.12  0.07 -0.04  0.    0.11 -0.04  0.07 -0.19
  0.18 -0.17  0.17 -0.17  0.18 -0.2   0.19 -0.17  0.18 -0.17  0.19 -0.19
  0.18 -0.17  0.17 -0.17  0.18 -0.2   0.19 -0.17  0.18 -0.17  0.19  0.16
 -0.15  0.16 -0.13  0.12 -0.13  0.    0.11 -0.04  0.01  0.01  0.01  0.01
 -0.05 -0.05 -0.05 -0.05 -0.05 -0.05 -0.05 -0.05 -0.05 -0.05 -0.05 -0.05]
orbital number 59 energy 6.242151558985905
[ 0.14 -0.14  0.16 -0.14 -0.14  0.14 -0.16  0.18 -0.16 -0.16  0.14  0.19
 -0.16  0.14 -0.15  0.15 -0.16  0.19 -0.17  0.15 -0.15  0.15 -0.17 -0.19
  0.16 -0.15  0.15 -0.14  0.16 -0.19  0.17 -0.15  0.15 -0.15  0.17  0.05
 -0.   -0.05  0.02  0.   -0.02 -0.18  0.16  0.16 -0.04 -0.04  0.04  0.04
  0.04  0.04  0.04  0.04  0.04  0.05 -0.04 -0.04 -0.04 -0.05 -0.04 -0.04]
orbital number 60 energy 6.3478920613381815
[-0.26  0.21 -0.19  0.21 -0.26  0.21 -0.19  0.19 -0.11 -0.19  0.21  0.1
 -0.08  0.06 -0.06  0.06 -0.08  0.1  -0.08  0.06 -0.06  0.06 -0.08  0.1
 -0.08  0.06 -0.06  0.06 -0.08  0.1  -0.08  0.06 -0.06  0.06 -0.08  0.26
 -0.23  0.26 -0.19  0.17 -0.19  0.19 -0.11 -0.19  0.05  0.05  0.05  0.05
  0.02  0.02  0.02  0.02  0.02  0.02  0.02  0.02  0.02  0.02  0.02  0.02]
ENERGY0: -277.3270393985871
FCIDUMP file written to FCIDUMP/FCIDUMP_TTMmTTM

########## Rotating MO coefficients ###########

--------------------------
Rotated Orbitals
--------------------------

orbital number 1 energy -8.149976375358898
[0.05 0.06 0.1  0.06 0.05 0.06 0.1  0.09 0.06 0.1  0.06 0.14 0.18 0.13
 0.17 0.13 0.18 0.14 0.17 0.13 0.16 0.12 0.17 0.14 0.18 0.13 0.17 0.13
 0.18 0.14 0.17 0.12 0.16 0.13 0.17 0.03 0.03 0.03 0.02 0.02 0.02 0.09
 0.06 0.1  0.09 0.09 0.09 0.09 0.17 0.17 0.17 0.16 0.16 0.16 0.17 0.17
 0.17 0.16 0.16 0.16]
orbital number 2 energy -8.148900877512403
[-0.04 -0.05 -0.09 -0.05  0.04  0.05  0.09  0.08  0.06  0.08  0.05  0.14
  0.18  0.13  0.17  0.13  0.18  0.14  0.17  0.13  0.16  0.13  0.17 -0.14
 -0.18 -0.13 -0.17 -0.13 -0.18 -0.14 -0.17 -0.13 -0.16 -0.13 -0.17  0.01
  0.   -0.01 -0.01  0.    0.01 -0.08 -0.06 -0.08 -0.08 -0.08  0.08  0.08
  0.17  0.17  0.17  0.17  0.16  0.16 -0.17 -0.17 -0.17 -0.16 -0.16 -0.17]
orbital number 3 energy -8.083651040163335
[ 0.    0.    0.    0.    0.    0.    0.    0.    0.    0.    0.   -0.12
 -0.17 -0.13 -0.18 -0.13 -0.17  0.13  0.18  0.14  0.19  0.14  0.17 -0.13
 -0.18 -0.14 -0.19 -0.14 -0.18  0.13  0.18  0.14  0.2   0.15  0.19  0.
  0.    0.    0.    0.    0.    0.    0.    0.    0.    0.    0.    0.
 -0.17 -0.18 -0.17  0.18  0.19  0.17 -0.17 -0.19 -0.18  0.18  0.2   0.19]
orbital number 4 energy -8.083649905063185
[ 0.    0.    0.    0.   -0.   -0.   -0.   -0.   -0.   -0.   -0.    0.13
  0.18  0.14  0.19  0.14  0.18 -0.13 -0.19 -0.15 -0.2  -0.14 -0.18 -0.12
 -0.17 -0.13 -0.18 -0.13 -0.17  0.13  0.17  0.14  0.19  0.14  0.18 -0.
 -0.    0.    0.   -0.   -0.    0.    0.    0.    0.    0.   -0.   -0.
  0.17  0.19  0.17 -0.19 -0.2  -0.18 -0.17 -0.18 -0.17  0.17  0.19  0.18]
orbital number 5 energy -7.97170151183539
[-0.17 -0.17 -0.27 -0.17 -0.17 -0.17 -0.27 -0.21 -0.02 -0.26 -0.17  0.03
  0.05  0.05  0.07  0.05  0.05  0.04  0.06  0.05  0.07  0.05  0.06  0.03
  0.05  0.05  0.07  0.05  0.05  0.04  0.06  0.05  0.07  0.05  0.06 -0.11
 -0.09 -0.11 -0.07 -0.06 -0.07 -0.21 -0.02 -0.26 -0.28 -0.27 -0.28 -0.27
  0.06  0.07  0.06  0.06  0.07  0.06  0.06  0.07  0.06  0.06  0.07  0.06]
orbital number 6 energy -7.946697339658329
[ 0.15  0.17  0.28  0.17 -0.15 -0.17 -0.28 -0.22 -0.03 -0.28 -0.17  0.03
  0.05  0.04  0.06  0.04  0.05  0.03  0.05  0.04  0.06  0.04  0.05 -0.03
 -0.05 -0.04 -0.06 -0.04 -0.05 -0.03 -0.05 -0.04 -0.06 -0.04 -0.05 -0.05
 -0.    0.05  0.02 -0.   -0.02  0.22  0.03  0.28  0.3   0.28 -0.3  -0.28
  0.05  0.06  0.05  0.05  0.06  0.05 -0.05 -0.06 -0.05 -0.05 -0.06 -0.05]
orbital number 7 energy -7.201634842599642
[ 0.02 -0.1  -0.25  0.12  0.02 -0.1  -0.25 -0.   -0.    0.24  0.12 -0.
 -0.    0.    0.    0.   -0.   -0.    0.    0.    0.   -0.   -0.   -0.
 -0.    0.    0.    0.   -0.   -0.   -0.   -0.    0.    0.    0.    0.05
  0.05  0.05  0.04  0.04  0.04 -0.   -0.    0.24 -0.43  0.4  -0.43  0.4
 -0.    0.01 -0.01  0.    0.   -0.   -0.01  0.01 -0.   -0.    0.    0.  ]
orbital number 8 energy -7.200293952678313
[-0.    0.1   0.24 -0.11  0.   -0.1  -0.24  0.01  0.    0.25  0.11  0.
  0.   -0.   -0.   -0.   -0.    0.    0.01 -0.   -0.01 -0.    0.   -0.
  0.    0.    0.    0.   -0.   -0.   -0.    0.    0.01  0.   -0.01  0.
 -0.   -0.   -0.   -0.    0.   -0.01 -0.   -0.25  0.42 -0.42 -0.42  0.42
  0.   -0.01 -0.    0.01 -0.01 -0.    0.    0.01 -0.    0.    0.01 -0.01]
orbital number 9 energy -7.182268876683214
[ 0.07  0.03 -0.01  0.01  0.07  0.03 -0.01 -0.03 -0.04 -0.04  0.01 -0.08
 -0.09  0.03  0.17  0.04 -0.08 -0.08 -0.16  0.01  0.18  0.07 -0.01 -0.08
 -0.08  0.04  0.17  0.03 -0.09 -0.08 -0.01  0.07  0.18  0.01 -0.16  0.16
  0.15  0.16  0.14  0.14  0.14 -0.03 -0.04 -0.04 -0.02 -0.07 -0.02 -0.07
 -0.15  0.29 -0.13 -0.27  0.31 -0.02 -0.13  0.29 -0.15 -0.02  0.31 -0.27]
orbital number 10 energy -7.181903824686648
[-0.01 -0.   -0.   -0.01  0.01  0.    0.   -0.   -0.03  0.01  0.01 -0.08
 -0.1   0.03  0.17  0.04 -0.08 -0.09 -0.19  0.    0.2   0.09  0.    0.08
  0.08 -0.04 -0.17 -0.03  0.1   0.09 -0.   -0.09 -0.2  -0.    0.19  0.
  0.   -0.   -0.    0.    0.    0.    0.03 -0.01 -0.   -0.03  0.    0.03
 -0.16  0.3  -0.13 -0.33  0.33  0.01  0.13 -0.3   0.16 -0.01 -0.33  0.33]
orbital number 11 energy -7.18050020919717
[-0.05 -0.02  0.01 -0.01 -0.05 -0.02  0.01  0.02  0.01  0.04 -0.01  0.06
  0.1  -0.01 -0.12 -0.04  0.03 -0.03 -0.23 -0.07  0.07  0.1   0.15  0.06
  0.03 -0.04 -0.12 -0.01  0.1  -0.03  0.15  0.1   0.07 -0.07 -0.23 -0.13
 -0.13 -0.13 -0.12 -0.12 -0.12  0.02  0.01  0.04  0.02  0.06  0.02  0.06
  0.17 -0.21  0.05 -0.4   0.13  0.26  0.05 -0.21  0.17  0.26  0.13 -0.4 ]
orbital number 12 energy -7.1803614958598985
[-0.   -0.   -0.   -0.    0.    0.    0.   -0.   -0.01  0.    0.   -0.08
 -0.16  0.01  0.17  0.06 -0.03  0.01  0.2   0.07 -0.04 -0.09 -0.16  0.08
  0.03 -0.06 -0.17 -0.01  0.16 -0.01  0.16  0.09  0.04 -0.07 -0.2   0.
  0.   -0.   -0.    0.    0.    0.    0.01 -0.   -0.01 -0.    0.01  0.
 -0.27  0.3  -0.04  0.35 -0.07 -0.26  0.04 -0.3   0.27  0.26  0.07 -0.35]
orbital number 13 energy -7.174578678327709
[ 0.04  0.01 -0.01  0.01  0.04  0.01 -0.01 -0.02 -0.   -0.03  0.01  0.01
  0.24  0.1  -0.01 -0.11 -0.23  0.    0.02  0.01 -0.01 -0.01 -0.01  0.01
 -0.23 -0.11 -0.01  0.1   0.24  0.   -0.01 -0.01 -0.01  0.01  0.02  0.1
  0.1   0.1   0.09  0.09  0.09 -0.02 -0.   -0.03 -0.02 -0.05 -0.02 -0.05
  0.42 -0.03 -0.39  0.04 -0.01 -0.02 -0.39 -0.03  0.42 -0.02 -0.01  0.04]
orbital number 14 energy -7.174511107541921
[-0.   -0.   -0.   -0.    0.    0.    0.   -0.   -0.01 -0.    0.   -0.03
  0.21  0.11  0.05 -0.09 -0.27 -0.    0.05  0.02 -0.   -0.02 -0.05  0.03
  0.27  0.09 -0.05 -0.11 -0.21  0.    0.05  0.02  0.   -0.02 -0.05  0.
  0.   -0.   -0.    0.    0.    0.    0.01  0.   -0.01  0.    0.01 -0.
  0.36  0.09 -0.45  0.08 -0.   -0.08  0.45 -0.09 -0.36  0.08  0.   -0.08]
orbital number 15 energy -7.1652678066776865
[ 0.12  0.04 -0.04  0.02  0.12  0.04 -0.04 -0.05  0.   -0.09  0.02  0.07
  0.02 -0.05 -0.15 -0.    0.14  0.01 -0.02 -0.02 -0.02  0.01  0.04  0.07
  0.14 -0.   -0.15 -0.05  0.02  0.01  0.04  0.01 -0.02 -0.02 -0.02  0.31
  0.3   0.31  0.28  0.27  0.28 -0.05  0.   -0.09 -0.08 -0.15 -0.08 -0.15
  0.04 -0.26  0.24 -0.03 -0.03  0.06  0.24 -0.26  0.04  0.06 -0.03 -0.03]
orbital number 16 energy -7.165259682224542
[ 0.    0.    0.    0.   -0.   -0.   -0.    0.    0.01 -0.   -0.   -0.05
 -0.06  0.02  0.12  0.02 -0.07  0.09 -0.02 -0.1  -0.2   0.02  0.24  0.05
  0.07 -0.02 -0.12 -0.02  0.06 -0.09 -0.24 -0.02  0.2   0.1   0.02 -0.
 -0.    0.    0.   -0.   -0.   -0.   -0.01  0.    0.    0.01 -0.   -0.01
 -0.11  0.21 -0.12 -0.04 -0.34  0.41  0.12 -0.21  0.11 -0.41  0.34  0.04]
orbital number 17 energy -7.102055610277276
[-0.02 -0.01  0.01 -0.   -0.02 -0.01  0.01  0.01 -0.01  0.02 -0.    0.05
  0.06 -0.02 -0.11 -0.02  0.06 -0.09  0.02  0.1   0.2  -0.02 -0.24  0.05
  0.06 -0.02 -0.11 -0.02  0.06 -0.09 -0.24 -0.02  0.2   0.1   0.02 -0.05
 -0.05 -0.05 -0.05 -0.05 -0.05  0.01 -0.01  0.02  0.01  0.03  0.01  0.03
  0.1  -0.19  0.11  0.04  0.35 -0.41  0.11 -0.19  0.1  -0.41  0.35  0.04]
orbital number 18 energy -5.902857869787299
[-0.39 -0.24  0.   -0.24  0.39  0.24 -0.    0.01  0.01 -0.01  0.24  0.
 -0.   -0.    0.    0.   -0.    0.   -0.    0.    0.   -0.   -0.   -0.
  0.   -0.   -0.    0.    0.   -0.    0.    0.   -0.   -0.    0.    0.25
  0.   -0.25 -0.16  0.    0.16 -0.01 -0.01  0.01  0.27  0.27 -0.27 -0.27
 -0.    0.   -0.   -0.    0.   -0.    0.   -0.    0.    0.   -0.    0.  ]
orbital number 19 energy -5.550160807627787
[-0.32 -0.25 -0.05 -0.25 -0.32 -0.25 -0.05 -0.08 -0.04 -0.04 -0.25 -0.02
 -0.   -0.    0.   -0.   -0.   -0.02 -0.   -0.    0.   -0.   -0.   -0.02
 -0.   -0.    0.   -0.   -0.   -0.02 -0.   -0.    0.   -0.   -0.    0.01
  0.01  0.01  0.22  0.3   0.22 -0.08 -0.04 -0.04  0.29  0.29  0.29  0.29
  0.02  0.    0.02  0.02  0.    0.02  0.02  0.    0.02  0.02  0.    0.02]
orbital number 20 energy -5.1774728054049675
[-0.06 -0.01  0.04 -0.01  0.06  0.01 -0.04 -0.14 -0.16 -0.04  0.01 -0.21
 -0.09 -0.11 -0.05 -0.11 -0.09 -0.2  -0.09 -0.11 -0.05 -0.11 -0.08  0.21
  0.09  0.11  0.05  0.11  0.09  0.2   0.08  0.11  0.05  0.11  0.09  0.07
 -0.   -0.07 -0.05  0.    0.05  0.14  0.16  0.04 -0.09 -0.09  0.09  0.09
  0.23  0.16  0.23  0.23  0.16  0.23 -0.23 -0.16 -0.23 -0.23 -0.16 -0.23]
orbital number 21 energy -5.158218129672504
[-0.08 -0.04  0.03 -0.04 -0.08 -0.04  0.03  0.11  0.15  0.02 -0.04  0.21
  0.09  0.12  0.05  0.12  0.09  0.2   0.09  0.12  0.05  0.11  0.09  0.21
  0.09  0.12  0.05  0.12  0.09  0.2   0.09  0.11  0.05  0.12  0.09 -0.02
 -0.03 -0.02  0.06  0.09  0.06  0.11  0.15  0.02 -0.05 -0.05 -0.05 -0.05
 -0.23 -0.17 -0.23 -0.23 -0.16 -0.23 -0.23 -0.17 -0.23 -0.23 -0.16 -0.23]
orbital number 22 energy -4.9158254240833354
[-0.    0.    0.   -0.    0.   -0.   -0.   -0.   -0.   -0.    0.    0.14
  0.08  0.15  0.09  0.15  0.08 -0.14 -0.09 -0.15 -0.09 -0.15 -0.08 -0.16
 -0.1  -0.18 -0.11 -0.18 -0.1   0.17  0.1   0.18  0.11  0.18  0.1   0.
 -0.   -0.   -0.    0.    0.    0.    0.    0.   -0.   -0.    0.    0.
 -0.19 -0.21 -0.19  0.2   0.21  0.2   0.23  0.24  0.23 -0.23 -0.25 -0.23]
orbital number 23 energy -4.915824415396432
[-0.    0.    0.   -0.   -0.    0.    0.    0.    0.   -0.   -0.   -0.16
 -0.1  -0.18 -0.11 -0.18 -0.1   0.17  0.1   0.18  0.11  0.18  0.1  -0.14
 -0.08 -0.15 -0.09 -0.15 -0.08  0.14  0.08  0.15  0.09  0.15  0.09 -0.
 -0.   -0.    0.    0.    0.    0.    0.   -0.   -0.   -0.   -0.   -0.
  0.23  0.24  0.23 -0.23 -0.25 -0.23  0.19  0.21  0.19 -0.2  -0.21 -0.2 ]
orbital number 24 energy -4.619455078679738
[ 0.08 -0.05 -0.14 -0.05 -0.08  0.05  0.14  0.3   0.09  0.13  0.05  0.
 -0.03 -0.09 -0.07 -0.09 -0.03  0.   -0.03 -0.09 -0.07 -0.09 -0.02 -0.
  0.03  0.09  0.07  0.09  0.03 -0.    0.02  0.09  0.07  0.09  0.03 -0.29
  0.    0.29  0.27 -0.   -0.27 -0.3  -0.09 -0.13  0.23  0.23 -0.23 -0.23
  0.05  0.12  0.05  0.06  0.12  0.06 -0.05 -0.12 -0.05 -0.06 -0.12 -0.06]
orbital number 25 energy -4.557869112831103
[-0.09  0.03  0.11  0.02 -0.09  0.03  0.11  0.25  0.08  0.1   0.02  0.01
 -0.02 -0.08 -0.06 -0.08 -0.02  0.01 -0.02 -0.08 -0.06 -0.08 -0.02  0.01
 -0.02 -0.08 -0.06 -0.08 -0.02  0.01 -0.02 -0.08 -0.06 -0.08 -0.02 -0.21
 -0.4  -0.21  0.23  0.45  0.23  0.25  0.08  0.1  -0.18 -0.17 -0.18 -0.17
  0.04  0.1   0.04  0.04  0.1   0.04  0.04  0.1   0.04  0.04  0.1   0.04]
orbital number 26 energy -4.197987819700683
[ 0.18  0.14 -0.05  0.13  0.18  0.14 -0.05 -0.22 -0.16 -0.06  0.13 -0.14
 -0.02  0.13  0.13  0.13 -0.02 -0.14 -0.02  0.13  0.13  0.13 -0.02 -0.14
 -0.02  0.13  0.13  0.13 -0.02 -0.14 -0.02  0.13  0.13  0.13 -0.02 -0.17
 -0.38 -0.17  0.11  0.27  0.11 -0.22 -0.16 -0.06  0.05  0.06  0.05  0.06
  0.01 -0.16  0.01  0.01 -0.16  0.01  0.01 -0.16  0.01  0.01 -0.16  0.01]
orbital number 27 energy -4.083630515276047
[ 0.13  0.13 -0.01  0.13 -0.13 -0.13  0.01  0.12  0.16  0.01 -0.13  0.18
  0.03 -0.14 -0.15 -0.14  0.03  0.18  0.03 -0.14 -0.15 -0.14  0.03 -0.18
 -0.03  0.14  0.15  0.14 -0.03 -0.18 -0.03  0.14  0.15  0.14 -0.03  0.25
 -0.   -0.25 -0.3   0.    0.3  -0.12 -0.16 -0.01 -0.   -0.    0.    0.
 -0.03  0.17 -0.03 -0.03  0.17 -0.03  0.03 -0.17  0.03  0.03 -0.17  0.03]
orbital number 28 energy -3.5097009946929383
[ 0.01 -0.36 -0.25  0.38 -0.01  0.36  0.25  0.02 -0.   -0.23 -0.38 -0.02
 -0.01  0.01  0.01  0.01 -0.   -0.01 -0.    0.    0.    0.01 -0.    0.02
  0.   -0.01 -0.01 -0.01  0.01  0.01  0.   -0.01 -0.   -0.    0.    0.01
  0.   -0.01 -0.01 -0.    0.01 -0.02  0.    0.23  0.24 -0.23 -0.24  0.23
  0.   -0.01  0.    0.   -0.    0.   -0.    0.01 -0.   -0.    0.   -0.  ]
orbital number 29 energy -3.509132571242617
[ 0.    0.37  0.24 -0.37  0.    0.37  0.24 -0.01  0.   -0.25 -0.37  0.01
  0.   -0.   -0.   -0.    0.    0.01  0.   -0.01 -0.01 -0.01  0.    0.01
  0.   -0.   -0.   -0.    0.    0.01  0.   -0.01 -0.01 -0.01  0.    0.
  0.    0.   -0.   -0.01 -0.   -0.01  0.   -0.25 -0.23  0.24 -0.23  0.24
 -0.    0.   -0.   -0.    0.01 -0.   -0.    0.   -0.   -0.    0.01 -0.  ]
orbital number 30 energy -3.4927501986468057
[-0.2  -0.08  0.13 -0.11 -0.2  -0.08  0.13  0.3  -0.05  0.11 -0.11 -0.22
 -0.06  0.12  0.14  0.1  -0.07 -0.21 -0.08  0.09  0.14  0.13 -0.05 -0.22
 -0.07  0.1   0.14  0.12 -0.06 -0.21 -0.05  0.13  0.14  0.09 -0.08  0.07
  0.2   0.07 -0.03 -0.09 -0.03  0.3  -0.05  0.11 -0.13 -0.11 -0.13 -0.11
  0.06 -0.14  0.07  0.07 -0.14  0.05  0.07 -0.14  0.06  0.05 -0.14  0.07]
orbital number 31 energy -3.484433026927667
[ 0.08  0.05 -0.04  0.04 -0.08 -0.05  0.04  0.11 -0.01  0.05 -0.04 -0.06
  0.19  0.35  0.04 -0.29 -0.23 -0.07 -0.1  -0.09  0.05  0.16  0.06  0.06
  0.23  0.29 -0.04 -0.35 -0.19  0.07 -0.06 -0.16 -0.05  0.09  0.1   0.06
  0.   -0.06 -0.09 -0.    0.09 -0.11  0.01 -0.05  0.03  0.04 -0.03 -0.04
 -0.18 -0.04  0.22  0.1  -0.04 -0.06 -0.22  0.04  0.18  0.06  0.04 -0.1 ]
orbital number 32 energy -3.482903837402551
[-0.01 -0.    0.   -0.   -0.01 -0.    0.    0.01 -0.    0.   -0.   -0.01
 -0.24 -0.36  0.01  0.37  0.24 -0.    0.01  0.02  0.   -0.02 -0.01 -0.01
  0.24  0.37  0.01 -0.36 -0.24 -0.   -0.01 -0.02  0.    0.02  0.01  0.
  0.01  0.   -0.   -0.   -0.    0.01 -0.    0.   -0.   -0.   -0.   -0.
  0.24 -0.01 -0.23 -0.01 -0.    0.01 -0.23 -0.01  0.24  0.01 -0.   -0.01]
orbital number 33 energy -3.4810979668920607
[ 0.07  0.05 -0.03  0.03 -0.07 -0.05  0.03  0.1  -0.01  0.04 -0.03 -0.06
 -0.13 -0.14  0.04  0.2   0.09 -0.06 -0.22 -0.27  0.04  0.34  0.18  0.06
 -0.09 -0.2  -0.04  0.13  0.13  0.06 -0.18 -0.34 -0.04  0.27  0.22  0.06
 -0.   -0.06 -0.08  0.    0.08 -0.1   0.01 -0.04  0.03  0.04 -0.03 -0.04
  0.12 -0.04 -0.09  0.21 -0.04 -0.18  0.09  0.04 -0.12  0.18  0.04 -0.21]
orbital number 34 energy -3.4777201600654823
[ 0.01  0.   -0.01  0.01  0.01  0.   -0.01 -0.01  0.   -0.    0.01  0.01
 -0.01 -0.03 -0.01  0.02  0.02  0.01 -0.24 -0.37 -0.    0.37  0.24  0.01
  0.02  0.02 -0.01 -0.03 -0.01  0.01  0.24  0.37 -0.   -0.37 -0.24 -0.
 -0.01 -0.    0.    0.    0.   -0.01  0.   -0.    0.01  0.    0.01  0.
  0.01  0.01 -0.02  0.23  0.   -0.24 -0.02  0.01  0.01 -0.24  0.    0.23]
orbital number 35 energy -3.399564928615246
[-0.18 -0.13  0.09 -0.09  0.18  0.13 -0.09 -0.27  0.02 -0.11  0.09  0.17
  0.1  -0.01 -0.11 -0.15  0.01  0.16 -0.06 -0.25 -0.1   0.09  0.16 -0.17
 -0.01  0.15  0.11  0.01 -0.1  -0.16 -0.16 -0.09  0.1   0.25  0.06 -0.14
  0.    0.14  0.21 -0.   -0.21  0.27 -0.02  0.11 -0.08 -0.11  0.08  0.11
 -0.09  0.1  -0.01  0.06  0.1  -0.16  0.01 -0.1   0.09  0.16 -0.1  -0.06]
orbital number 36 energy -3.3326910991863112
[-0.    0.01  0.   -0.01 -0.    0.    0.    0.   -0.   -0.   -0.    0.23
  0.07 -0.11 -0.14 -0.1   0.08 -0.23 -0.08  0.11  0.14  0.11 -0.08  0.37
  0.13 -0.17 -0.23 -0.18  0.12 -0.38 -0.13  0.17  0.24  0.18 -0.13  0.
  0.    0.    0.   -0.   -0.    0.   -0.   -0.   -0.    0.   -0.    0.
 -0.07  0.13 -0.07  0.07 -0.14  0.07 -0.12  0.22 -0.11  0.12 -0.22  0.12]
orbital number 37 energy -3.3326854616875217
[-0.    0.    0.   -0.    0.   -0.01 -0.   -0.    0.    0.    0.01 -0.37
 -0.12  0.18  0.23  0.17 -0.13  0.38  0.13 -0.18 -0.24 -0.17  0.13  0.23
  0.08 -0.1  -0.14 -0.11  0.07 -0.23 -0.08  0.11  0.14  0.11 -0.08 -0.
 -0.    0.    0.    0.   -0.    0.   -0.   -0.   -0.    0.    0.   -0.
  0.11 -0.22  0.12 -0.12  0.22 -0.12 -0.07  0.13 -0.07  0.07 -0.14  0.07]
orbital number 38 energy 0.0
[-0.08  0.    0.1   0.01 -0.08  0.    0.1   0.02 -0.63  0.1   0.01  0.04
  0.1  -0.01 -0.08 -0.01  0.1   0.04  0.1  -0.01 -0.08 -0.01  0.1   0.04
  0.1  -0.01 -0.08 -0.01  0.1   0.04  0.1  -0.01 -0.08 -0.01  0.1  -0.
  0.04 -0.    0.    0.    0.    0.02 -0.63  0.1  -0.05 -0.05 -0.05 -0.05
 -0.05  0.04 -0.05 -0.05  0.04 -0.05 -0.05  0.04 -0.05 -0.05  0.04 -0.05]
orbital number 39 energy 0.005831131847280346
[ 0.08 -0.   -0.1  -0.01 -0.08  0.    0.1   0.02 -0.63  0.1   0.01  0.04
  0.1  -0.01 -0.08 -0.01  0.1   0.04  0.1  -0.01 -0.08 -0.01  0.1  -0.04
 -0.1   0.01  0.08  0.01 -0.1  -0.04 -0.1   0.01  0.08  0.01 -0.1  -0.
 -0.    0.   -0.04 -0.    0.04 -0.02  0.63 -0.1   0.05  0.05 -0.05 -0.05
 -0.05  0.04 -0.05 -0.05  0.04 -0.05  0.05 -0.04  0.05  0.05 -0.04  0.05]
orbital number 40 energy 2.626394984663821
[ 0.24 -0.2  -0.08 -0.19 -0.24  0.2   0.08 -0.24  0.05  0.09  0.19  0.05
 -0.04 -0.02  0.05 -0.02 -0.04  0.05 -0.04 -0.02  0.05 -0.02 -0.04 -0.05
  0.04  0.02 -0.05  0.02  0.04 -0.05  0.04  0.02 -0.05  0.02  0.04 -0.33
 -0.    0.33 -0.41 -0.    0.41  0.24 -0.05 -0.09  0.03  0.04 -0.03 -0.04
  0.01 -0.02  0.01  0.01 -0.02  0.01 -0.01  0.02 -0.01 -0.01  0.02 -0.01]
orbital number 41 energy 2.864097179186813
[ 0.26 -0.18 -0.11 -0.19  0.26 -0.18 -0.11  0.25 -0.04 -0.09 -0.19 -0.06
  0.04  0.02 -0.06  0.02  0.04 -0.06  0.04  0.02 -0.06  0.02  0.04 -0.06
  0.04  0.02 -0.06  0.02  0.04 -0.06  0.04  0.02 -0.06  0.02  0.04  0.22
 -0.5   0.22  0.14 -0.34  0.14  0.25 -0.04 -0.09  0.04  0.04  0.04  0.04
 -0.02  0.02 -0.02 -0.02  0.02 -0.01 -0.02  0.02 -0.02 -0.01  0.02 -0.02]
orbital number 42 energy 3.554095810339623
[-0.   -0.    0.    0.   -0.   -0.    0.   -0.   -0.   -0.    0.    0.26
 -0.15 -0.13  0.29 -0.12 -0.15 -0.26  0.15  0.12 -0.29  0.13  0.14  0.27
 -0.15 -0.13  0.3  -0.13 -0.15 -0.27  0.15  0.13 -0.29  0.12  0.16  0.
 -0.    0.    0.   -0.    0.   -0.   -0.   -0.   -0.    0.   -0.    0.
  0.05 -0.11  0.05 -0.06  0.1  -0.05  0.06 -0.11  0.06 -0.05  0.11 -0.06]
orbital number 43 energy 3.5541472989382354
[-0.   -0.    0.    0.    0.    0.   -0.    0.    0.    0.   -0.   -0.27
  0.15  0.13 -0.3   0.13  0.15  0.27 -0.16 -0.12  0.29 -0.13 -0.15  0.26
 -0.15 -0.12  0.29 -0.12 -0.15 -0.26  0.15  0.13 -0.29  0.12  0.15 -0.
  0.    0.   -0.    0.    0.   -0.   -0.   -0.   -0.    0.    0.   -0.
 -0.05  0.11 -0.06  0.06 -0.11  0.05  0.05 -0.11  0.05 -0.05  0.1  -0.06]
orbital number 44 energy 3.5993193396194716
[-0.04  0.33 -0.34 -0.3  -0.04  0.33 -0.34 -0.03 -0.    0.38 -0.3   0.02
  0.   -0.02  0.02  0.   -0.03  0.02 -0.   -0.02  0.02 -0.   -0.02  0.02
 -0.03  0.    0.02 -0.02  0.    0.02 -0.02 -0.    0.02 -0.02 -0.    0.02
 -0.03  0.02  0.03 -0.06  0.03 -0.03 -0.    0.38  0.12 -0.14  0.12 -0.14
 -0.   -0.01  0.01  0.   -0.01  0.01  0.01 -0.01 -0.    0.01 -0.01  0.  ]
orbital number 45 energy 3.6628132262009974
[ 0.01  0.32 -0.37 -0.32 -0.01 -0.32  0.37 -0.01 -0.   -0.36  0.32  0.
 -0.01  0.01  0.   -0.01  0.01  0.01 -0.02  0.01  0.01 -0.01  0.01 -0.
 -0.01  0.01 -0.   -0.01  0.01 -0.01 -0.01  0.01 -0.01 -0.01  0.02  0.
 -0.   -0.    0.   -0.   -0.    0.01  0.    0.36  0.13 -0.13 -0.13  0.13
  0.   -0.   -0.    0.01 -0.   -0.    0.    0.   -0.    0.    0.   -0.01]
orbital number 46 energy 3.6631596982819614
[ 0.01  0.01 -0.02 -0.01  0.01  0.01 -0.01  0.01  0.    0.01 -0.01 -0.01
 -0.32  0.29 -0.01 -0.29  0.33 -0.    0.15 -0.13 -0.    0.13 -0.15 -0.01
  0.33 -0.29 -0.01  0.29 -0.33 -0.   -0.15  0.14 -0.   -0.13  0.15 -0.01
  0.01 -0.01 -0.01  0.01 -0.01  0.01  0.    0.01  0.01 -0.    0.01 -0.
  0.12  0.   -0.12 -0.05  0.    0.05 -0.12  0.    0.12  0.05  0.   -0.05]
orbital number 47 energy 3.678441184893323
[ 0.    0.   -0.01 -0.   -0.   -0.    0.01 -0.   -0.   -0.    0.    0.
  0.33 -0.29  0.    0.29 -0.33  0.   -0.15  0.13  0.   -0.13  0.15 -0.
  0.33 -0.29 -0.    0.29 -0.33 -0.   -0.14  0.13 -0.   -0.13  0.15  0.
 -0.   -0.    0.   -0.   -0.    0.    0.    0.    0.   -0.   -0.    0.
 -0.12 -0.    0.12  0.05 -0.   -0.05 -0.12  0.    0.12  0.05  0.   -0.05]
orbital number 48 energy 3.6786578595616373
[ 0.01 -0.01  0.01  0.01  0.01 -0.01  0.01  0.01  0.   -0.02  0.01 -0.01
  0.15 -0.13 -0.01  0.14 -0.15 -0.    0.33 -0.29  0.    0.29 -0.33 -0.01
 -0.15  0.14 -0.01 -0.13  0.15 -0.   -0.33  0.29  0.   -0.29  0.33 -0.01
  0.01 -0.01 -0.01  0.01 -0.01  0.01  0.   -0.02 -0.    0.01 -0.    0.01
 -0.06  0.    0.05 -0.12  0.    0.12  0.05  0.   -0.06  0.12  0.   -0.12]
orbital number 49 energy 3.6817549250422577
[-0.    0.01 -0.02 -0.01  0.   -0.01  0.02  0.    0.   -0.02  0.01 -0.
  0.15 -0.13 -0.    0.13 -0.14  0.    0.33 -0.29  0.    0.29 -0.33  0.
  0.14 -0.13  0.    0.13 -0.15 -0.    0.33 -0.29 -0.    0.29 -0.33 -0.
  0.    0.   -0.    0.    0.   -0.   -0.    0.02  0.01 -0.01 -0.01  0.01
 -0.05  0.    0.05 -0.12 -0.    0.12 -0.05 -0.    0.05 -0.12  0.    0.12]
orbital number 50 energy 3.681833217917439
[ 0.2  -0.02 -0.18 -0.11  0.2  -0.02 -0.18  0.2   0.02 -0.07 -0.11 -0.14
  0.08  0.06 -0.16  0.08  0.07 -0.14  0.06  0.08 -0.16  0.06  0.09 -0.14
  0.07  0.08 -0.16  0.06  0.08 -0.14  0.09  0.06 -0.16  0.08  0.06 -0.16
  0.3  -0.16 -0.24  0.43 -0.24  0.2   0.02 -0.07  0.06  0.03  0.06  0.03
 -0.03  0.06 -0.02 -0.02  0.06 -0.03 -0.02  0.06 -0.03 -0.03  0.06 -0.02]
orbital number 51 energy 3.8143757949940413
[-0.13  0.02  0.11  0.    0.13 -0.02 -0.11  0.15  0.07 -0.13 -0.   -0.21
  0.11  0.11 -0.24  0.11  0.1  -0.21  0.1   0.11 -0.25  0.11  0.11  0.21
 -0.1  -0.11  0.24 -0.11 -0.11  0.21 -0.11 -0.11  0.25 -0.11 -0.1  -0.24
  0.    0.24 -0.21  0.    0.21 -0.15 -0.07  0.13 -0.04 -0.04  0.04  0.04
 -0.04  0.09 -0.04 -0.04  0.09 -0.04  0.04 -0.09  0.04  0.04 -0.09  0.04]
orbital number 52 energy 4.15448625826084
[-0.22  0.12  0.07  0.13 -0.22  0.12  0.07 -0.17  0.15  0.06  0.13 -0.19
  0.08  0.12 -0.25  0.12  0.08 -0.19  0.08  0.12 -0.25  0.12  0.08 -0.19
  0.08  0.12 -0.25  0.12  0.08 -0.19  0.08  0.12 -0.25  0.12  0.08  0.04
 -0.06  0.04  0.14 -0.22  0.14 -0.17  0.15  0.06 -0.03 -0.02 -0.03 -0.02
 -0.03  0.09 -0.03 -0.03  0.09 -0.03 -0.03  0.09 -0.03 -0.03  0.09 -0.03]
orbital number 53 energy 4.314718032089185
[ 0.3  -0.11 -0.14 -0.11 -0.3   0.11  0.14 -0.26  0.14  0.15  0.11 -0.12
  0.05  0.09 -0.18  0.09  0.05 -0.12  0.05  0.09 -0.18  0.09  0.05  0.12
 -0.05 -0.09  0.18 -0.09 -0.05  0.12 -0.05 -0.09  0.18 -0.09 -0.05  0.27
  0.   -0.27  0.19  0.   -0.19  0.26 -0.14 -0.15  0.05  0.05 -0.05 -0.05
 -0.02  0.06 -0.02 -0.02  0.06 -0.02  0.02 -0.06  0.02  0.02 -0.06  0.02]
orbital number 54 energy 5.6009580777080705
[-0.08  0.17 -0.23  0.17 -0.08  0.17 -0.23  0.25 -0.05 -0.23  0.17 -0.02
  0.04 -0.05  0.06 -0.05  0.04 -0.02  0.03 -0.05  0.06 -0.05  0.04 -0.02
  0.04 -0.05  0.06 -0.05  0.04 -0.02  0.04 -0.05  0.06 -0.05  0.03 -0.26
  0.26 -0.26  0.29 -0.31  0.29  0.25 -0.05 -0.23  0.07  0.07  0.07  0.07
 -0.01 -0.02 -0.01 -0.01 -0.02 -0.01 -0.01 -0.02 -0.01 -0.01 -0.02 -0.01]
orbital number 55 energy 6.018479830745368
[ 0.09 -0.08  0.08 -0.08 -0.09  0.08 -0.08  0.07  0.   -0.08  0.08 -0.22
  0.23 -0.23  0.24 -0.23  0.23  0.14 -0.15  0.14 -0.15  0.15 -0.15  0.22
 -0.23  0.23 -0.24  0.23 -0.23 -0.14  0.15 -0.15  0.15 -0.14  0.15  0.04
  0.   -0.04  0.02 -0.   -0.02 -0.07 -0.    0.08 -0.02 -0.02  0.02  0.02
 -0.06 -0.07 -0.06  0.04  0.04  0.04  0.06  0.07  0.06 -0.04 -0.04 -0.04]
orbital number 56 energy 6.020903065681057
[-0.   -0.    0.    0.   -0.   -0.    0.   -0.    0.    0.    0.   -0.19
  0.2  -0.2   0.21 -0.2   0.2   0.19 -0.2   0.2  -0.21  0.2  -0.2  -0.19
  0.2  -0.2   0.21 -0.2   0.2   0.19 -0.2   0.2  -0.21  0.2  -0.2   0.
 -0.    0.   -0.    0.   -0.   -0.    0.    0.   -0.   -0.   -0.   -0.
 -0.06 -0.06 -0.06  0.05  0.06  0.06 -0.06 -0.06 -0.06  0.06  0.06  0.05]
orbital number 57 energy 6.021897708217435
[-0.24  0.22 -0.21  0.22  0.24 -0.22  0.21 -0.19  0.    0.21 -0.22  0.03
 -0.03  0.03 -0.03  0.03 -0.03  0.17 -0.18  0.18 -0.19  0.18 -0.18 -0.03
  0.03 -0.03  0.03 -0.03  0.03 -0.17  0.18 -0.18  0.19 -0.18  0.18 -0.09
  0.    0.09 -0.04 -0.    0.04  0.19 -0.   -0.21  0.06  0.06 -0.06 -0.06
  0.01  0.01  0.01  0.05  0.05  0.05 -0.01 -0.01 -0.01 -0.05 -0.05 -0.05]
orbital number 58 energy 6.159025524802918
[ 0.1  -0.05  0.01 -0.05  0.1  -0.05  0.01  0.02 -0.09  0.01 -0.05  0.2
 -0.19  0.17 -0.16  0.17 -0.19  0.2  -0.19  0.17 -0.17  0.17 -0.2   0.2
 -0.19  0.17 -0.16  0.17 -0.19  0.2  -0.2   0.17 -0.17  0.17 -0.19 -0.16
  0.14 -0.16  0.13 -0.13  0.13  0.02 -0.09  0.01 -0.   -0.   -0.   -0.
  0.05  0.04  0.05  0.05  0.04  0.05  0.05  0.04  0.05  0.05  0.04  0.05]
orbital number 59 energy 6.242151558985905
[-0.14  0.14 -0.17  0.14  0.14 -0.14  0.17 -0.18  0.11  0.17 -0.14 -0.19
  0.17 -0.15  0.14 -0.15  0.17 -0.19  0.18 -0.15  0.14 -0.15  0.18  0.19
 -0.17  0.15 -0.14  0.15 -0.17  0.19 -0.18  0.15 -0.14  0.15 -0.18 -0.05
  0.    0.05 -0.03 -0.    0.03  0.18 -0.11 -0.17  0.05  0.05 -0.05 -0.05
 -0.05 -0.04 -0.05 -0.05 -0.04 -0.05  0.05  0.04  0.05  0.05  0.04  0.05]
orbital number 60 energy 6.3478920613381815
[-0.26  0.2  -0.19  0.2  -0.26  0.2  -0.19  0.18 -0.07 -0.19  0.2   0.08
 -0.07  0.06 -0.05  0.06 -0.07  0.08 -0.07  0.06 -0.05  0.06 -0.07  0.08
 -0.07  0.06 -0.05  0.06 -0.07  0.08 -0.07  0.06 -0.05  0.06 -0.07  0.29
 -0.26  0.29 -0.22  0.2  -0.22  0.18 -0.07 -0.19  0.05  0.05  0.05  0.05
  0.02  0.01  0.02  0.02  0.01  0.02  0.02  0.01  0.02  0.02  0.01  0.02]

Orbital occupation numbers:
1: 2.000000
2: 2.000000
3: 2.000000
4: 2.000000
5: 2.000000
6: 2.000000
7: 2.000000
8: 2.000000
9: 2.000000
10: 2.000000
11: 2.000000
12: 2.000000
13: 2.000000
14: 2.000000
15: 2.000000
16: 2.000000
17: 2.000000
18: 2.000000
19: 2.000000
20: 2.000000
21: 2.000000
22: 2.000000
23: 2.000000
24: 2.000000
25: 2.000000
26: 2.000000
27: 2.000000
28: 2.000000
29: 2.000000
30: 2.000000
31: 2.000000
32: 2.000000
33: 2.000000
34: 2.000000
35: 2.000000
36: 2.000000
37: 2.000000
38: 1.000000
39: 1.000000
40: 0.000000
41: -0.000000
42: 0.000000
43: 0.000000
44: 0.000000
45: 0.000000
46: -0.000000
47: -0.000000
48: 0.000000
49: 0.000000
50: -0.000000
51: -0.000000
52: -0.000000
53: 0.000000
54: -0.000000
55: 0.000000
56: 0.000000
57: 0.000000
58: 0.000000
59: 0.000000
60: 0.000000

------------------------
Starting ExROPPP calculation for diradical in rotated basis
------------------------

Fock matrix in rotated MO basis: [[-3.94655536e+00 -2.52753407e-14 -4.66173472e-16 ...  2.05066355e-08
  -3.63953166e-09 -3.92859856e-09]
 [-2.54508809e-14 -3.94459083e+00 -7.57432893e-15 ...  5.81269290e-09
  -4.08819005e-08  1.01907594e-08]
 [-5.99661805e-16 -7.30953448e-15 -3.88714573e+00 ... -1.35177130e-08
  -2.93668934e-09 -1.05577971e-08]
 ...
 [ 2.05066346e-08  5.81269344e-09 -1.35177139e-08 ...  1.03277880e+01
  -7.15666832e-08  2.01876291e-02]
 [-3.63953156e-09 -4.08818992e-08 -2.93668944e-09 ... -7.15666841e-08
   1.03850418e+01  1.33588862e-08]
 [-3.92859900e-09  1.01907595e-08 -1.05577973e-08 ...  2.01876291e-02
   1.33588868e-08  1.04658739e+01]]
Dimensions of CI matrix: (9816, 9816)
Checking that the Hamiltonian is symmetric (a value of zero means matrix is symmetric) ... 
Frobenius norm of matrix - matrix transpose = 0.000000.

Lowest 200 states. WARNING - Some states may not be included in the spectrum.

Using sparse solver (eigsh) — requesting 95 singlets, 110 triplets, 26 quintets (targeting 200 states total)

Diagonalisation complete. Returning 200 states.

Checking that the Dipole matrix is symmetric (a value of zero means matrix is symmetric) ... 
Frobenius norm of matrix - matrix transpose = 0.00000             0.00000, 0.00000.

Energy of the lowest CI state: -280.3330589746141

State 0 0.000 eV 
Excitation    CI Coef
|3^OS>   -0.89510
|3^CS(18->0)>    0.07967
|3^CS(14->0)>   -0.05667
|3^CS(13->0)>    0.06058
|3^CS(12->0)>   -0.10613
|3^CS(11->0)>    0.10263
|3^CS(18->0')>   -0.07482
|3^CS(17->0')>    0.07942
|3^CS(14->0')>    0.06876
|3^CS(13->0')>   -0.06125
|3^CS(12->0')>    0.09068
|3^CS(11->0')>    0.05645
|3^SV(0->1')>    0.06749
|3^SV(0->13')>   -0.11960
|3^SV(0->14')>    0.09029
|3^SV(0'->1')>    0.05953
|3^SV(0'->2')>   -0.05255
|3^SV(0'->13')>   -0.10144
|3^SV(0'->14')>    0.10916
|3^SV(0'->20')>    0.05513
|3X^CV(12->13')>   -0.06637
Ground state is triplet
TDMs with Triplet 'Ground' state
TDMX:-0.030   TDMY:-0.116   TDMZ:-11.042   Oscillator Strength:0.00000   <S**2>: 2.000
--------------------------------------------------------------------
TDMs with Singlet 'Ground' state
TDMX:0.000   TDMY:0.000   TDMZ:0.000   Oscillator Strength:-0.00000   <S**2>: 2.000
--------------------------------------------------------------------


State 1 0.000 eV 
Excitation    CI Coef
|1^ZW->    0.89388
|1^CS(18->0)>    0.07641
|1^CS(17->0)>   -0.08055
|1^CS(14->0)>   -0.07072
|1^CS(13->0)>    0.06327
|1^CS(12->0)>   -0.09364
|1^CS(11->0)>   -0.05492
|1^CS(18->0')>   -0.07946
|1^CS(14->0')>    0.05733
|1^CS(13->0')>   -0.06112
|1^CS(12->0')>    0.10502
|1^CS(11->0')>   -0.10893
|1^SV(0->1')>   -0.05690
|1^SV(0->2')>    0.05329
|1^SV(0->13')>    0.10455
|1^SV(0->14')>   -0.11015
|1^SV(0->20')>   -0.05368
|1^SV(0'->1')>    0.06636
|1^SV(0'->12')>   -0.05086
|1^SV(0'->13')>   -0.11682
|1^SV(0'->14')>    0.08979
|1T^CV(18->13')>    0.06568
|1T^CV(14->13')>   -0.05545
|1T^CV(13->14')>   -0.05581
|1T^CV(12->14')>    0.07262
|1T^CV(11->13')>    0.05401
TDMs with Triplet 'Ground' state
TDMX:0.000   TDMY:0.000   TDMZ:0.000   Oscillator Strength:0.00000   <S**2>: 0.000
--------------------------------------------------------------------
TDMs with Singlet 'Ground' state
TDMX:-0.029   TDMY:-0.110   TDMZ:-11.036   Oscillator Strength:0.00000   <S**2>: 0.000
--------------------------------------------------------------------


State 2 2.161 eV 
Excitation    CI Coef
|1^OS>   -0.24749
|1^ZW+>    0.11676
|1^CS(17->0)>   -0.05191
|1^CS(8->0)>    0.18287
|1^CS(4->0)>   -0.11694
|1^CS(3->0)>   -0.19116
|1^CS(18->0')>   -0.07346
|1^CS(14->0')>    0.10755
|1^CS(13->0')>    0.08512
|1^CS(12->0')>   -0.07549
|1^CS(11->0')>    0.06236
|1^CS(8->0')>    0.16289
|1^CS(4->0')>   -0.11825
|1^CS(3->0')>   -0.21385
|1^SV(0->1')>    0.23405
|1^SV(0->2')>    0.28646
|1^SV(0->5')>   -0.16808
|1^SV(0->12')>    0.16601
|1^SV(0->14')>    0.05252
|1^SV(0'->1')>    0.26900
|1^SV(0'->2')>    0.27539
|1^SV(0'->5')>   -0.14419
|1^SV(0'->12')>    0.19619
|1^SV(0'->14')>    0.09342
|1T^CV(18->1')>   -0.05047
|1T^CV(18->2')>   -0.05578
|1T^CV(14->1')>    0.05261
|1T^CV(14->2')>    0.07201
|1T^CV(14->5')>   -0.05521
|1T^CV(14->12')>    0.06480
|1T^CV(13->1')>    0.06165
|1T^CV(13->5')>   -0.06597
|1T^CV(13->12')>    0.06058
|1T^CV(12->1')>   -0.07966
|1T^CV(12->2')>   -0.12287
|1T^CV(12->12')>   -0.06231
|1T^CV(10->6')>    0.07440
|1T^CV(10->7')>   -0.08070
|1T^CV(9->6')>    0.08201
|1T^CV(9->7')>   -0.07315
|1T^CV(8->1')>    0.05984
|1T^CV(8->2')>    0.06082
|1T^CV(8->13')>    0.07080
|1T^CV(8->14')>    0.08419
|1T^CV(4->14')>   -0.05744
|1T^CV(3->1')>   -0.09713
|1T^CV(3->2')>   -0.05593
|1T^CV(3->13')>   -0.08906
|1T^CV(3->14')>   -0.08839
|1T^CV(2->3')>    0.07227
|1T^CV(2->4')>   -0.05232
|1T^CV(1->3')>   -0.05659
|1T^CV(1->4')>    0.07515
|1^SVD_(1',14')>    0.05252
|1^SVD_(2',13')>   -0.06394
|1^SVD_(2',14')>    0.05471
TDMs with Triplet 'Ground' state
TDMX:0.000   TDMY:0.000   TDMZ:0.000   Oscillator Strength:0.00000   <S**2>: 0.000
--------------------------------------------------------------------
TDMs with Singlet 'Ground' state
TDMX:0.140   TDMY:-0.679   TDMZ:-0.473   Oscillator Strength:0.03726   <S**2>: 0.000
--------------------------------------------------------------------


State 3 2.260 eV 
Excitation    CI Coef
|3^CS(14->0)>    0.09367
|3^CS(13->0)>    0.07486
|3^CS(8->0)>    0.16867
|3^CS(4->0)>   -0.11650
|3^CS(3->0)>   -0.21727
|3^CS(14->0')>    0.09011
|3^CS(13->0')>    0.09191
|3^CS(12->0')>   -0.06357
|3^CS(8->0')>    0.17311
|3^CS(4->0')>   -0.12085
|3^CS(3->0')>   -0.20958
|3^SV(0->1')>   -0.32053
|3^SV(0->2')>   -0.25287
|3^SV(0->5')>    0.16458
|3^SV(0->12')>   -0.14377
|3^SV(0->14')>   -0.09893
|3^SV(0'->1')>    0.29644
|3^SV(0'->2')>    0.27558
|3^SV(0'->5')>   -0.17210
|3^SV(0'->12')>    0.15200
|3^SV(0'->13')>    0.05745
|3^SV(0'->14')>    0.08444
|3^SV(0'->15')>   -0.05049
|3X^CV(14->1')>    0.05174
|3X^CV(14->2')>    0.05340
|3X^CV(14->12')>    0.05469
|3X^CV(13->1')>    0.05331
|3X^CV(13->5')>   -0.05999
|3X^CV(12->1')>   -0.08657
|3X^CV(12->2')>   -0.09216
|3X^CV(10->6')>    0.07394
|3X^CV(10->7')>   -0.06819
|3X^CV(9->6')>    0.06939
|3X^CV(9->7')>   -0.07250
|3X^CV(8->1')>    0.05973
|3X^CV(8->2')>    0.05872
|3X^CV(8->13')>    0.06034
|3X^CV(8->14')>    0.06770
|3X^CV(3->1')>   -0.10198
|3X^CV(3->2')>   -0.05455
|3X^CV(3->13')>   -0.07318
|3X^CV(3->14')>   -0.08037
|3^ZCV0(12->1')>    0.07514
|3^ZCV0(12->2')>    0.06907
|3^ZCV0(3->1')>    0.06541
|3^ZCV0(3->14')>    0.06145
|3^ZCV0'(40->13')>   -0.05767
|3^SVD(1,13)>    0.07519
|3^SVD(2,13)>    0.05672
|3^SVD(2,14)>   -0.05557
TDMs with Triplet 'Ground' state
TDMX:-0.139   TDMY:0.724   TDMZ:0.427   Oscillator Strength:0.04020   <S**2>: 2.000
--------------------------------------------------------------------
TDMs with Singlet 'Ground' state
TDMX:0.000   TDMY:0.000   TDMZ:0.000   Oscillator Strength:0.00000   <S**2>: 2.000
--------------------------------------------------------------------


State 4 2.305 eV 
Excitation    CI Coef
|1^OS>    0.42127
|1^ZW+>    0.42310
|1^CS(17->0)>    0.07067
|1^CS(12->0)>   -0.10370
|1^CS(11->0)>   -0.24058
|1^CS(8->0)>   -0.10400
|1^CS(3->0)>   -0.10913
|1^CS(17->0')>    0.05593
|1^CS(13->0')>    0.06225
|1^CS(12->0')>   -0.12130
|1^CS(11->0')>   -0.20793
|1^SV(0->1')>    0.31950
|1^SV(0->2')>   -0.07755
|1^SV(0->5')>    0.08956
|1^SV(0->12')>    0.07411
|1^SV(0->13')>    0.17120
|1^SV(0->14')>    0.15005
|1^SV(0'->1')>   -0.21251
|1^SV(0'->2')>    0.18504
|1^SV(0'->5')>   -0.08511
|1^SV(0'->12')>   -0.12207
|1T^CV(17->1')>    0.05214
|1T^CV(14->1')>   -0.05582
|1T^CV(12->2')>   -0.06553
|1T^CV(11->1')>   -0.17471
|1T^CV(11->2')>    0.05042
|1T^CV(11->13')>   -0.06735
|1T^CV(8->2')>    0.07626
|1T^CV(3->1')>   -0.16236
|1T^CV(2->3')>   -0.07199
|1T^CV(1->4')>   -0.07245
|1^ZCV0'(11->1')>    0.05001
TDMs with Triplet 'Ground' state
TDMX:0.000   TDMY:0.000   TDMZ:0.000   Oscillator Strength:0.00000   <S**2>: 0.000
--------------------------------------------------------------------
TDMs with Singlet 'Ground' state
TDMX:-0.063   TDMY:0.388   TDMZ:0.231   Oscillator Strength:0.01176   <S**2>: 0.000
--------------------------------------------------------------------


State 5 2.438 eV 
Excitation    CI Coef
|1^CS(2->0)>    0.32975
|1^CS(1->0)>   -0.34895
|1^CS(15->0')>   -0.05687
|1^CS(2->0')>    0.30948
|1^CS(1->0')>   -0.32649
|1^SV(0->3')>   -0.24981
|1^SV(0->4')>    0.25047
|1^SV(0'->3')>   -0.22476
|1^SV(0'->4')>    0.22475
|1S^CV(1->13')>    0.05204
|1T^CV(12->3')>    0.09259
|1T^CV(12->4')>   -0.09280
|1T^CV(11->3')>    0.05642
|1T^CV(11->4')>   -0.05654
|1T^CV(8->3')>    0.08800
|1T^CV(8->4')>   -0.08818
|1T^CV(7->8')>   -0.07631
|1T^CV(7->9')>   -0.07635
|1T^CV(6->8')>   -0.07138
|1T^CV(6->9')>   -0.07075
|1T^CV(5->10')>    0.07761
|1T^CV(5->11')>    0.08095
|1T^CV(4->10')>    0.06970
|1T^CV(4->11')>    0.06982
|1T^CV(3->3')>   -0.08716
|1T^CV(3->4')>    0.08728
|1T^CV(2->2')>   -0.06132
|1T^CV(2->5')>    0.06712
|1T^CV(2->12')>   -0.08253
|1T^CV(2->13')>    0.14152
|1T^CV(2->14')>    0.10655
|1T^CV(1->2')>    0.06480
|1T^CV(1->5')>   -0.07082
|1T^CV(1->12')>    0.08720
|1T^CV(1->13')>   -0.14962
|1T^CV(1->14')>   -0.11247
|1^ZCV0'(2->13')>   -0.05324
|1^ZCV0'(1->13')>    0.05647
|1^CSD_(12,2)>   -0.05922
|1^CSD_(12,1)>    0.06237
TDMs with Triplet 'Ground' state
TDMX:0.000   TDMY:0.000   TDMZ:0.000   Oscillator Strength:0.00000   <S**2>: 0.000
--------------------------------------------------------------------
TDMs with Singlet 'Ground' state
TDMX:-0.532   TDMY:0.052   TDMZ:0.048   Oscillator Strength:0.01721   <S**2>: 0.000
--------------------------------------------------------------------


State 6 2.493 eV 
Excitation    CI Coef
|3^CS(2->0)>   -0.30924
|3^CS(1->0)>    0.32630
|3^CS(15->0')>    0.05163
|3^CS(2->0')>   -0.29557
|3^CS(1->0')>    0.31265
|3^SV(0->3')>   -0.26129
|3^SV(0->4')>    0.26149
|3^SV(0'->3')>    0.25092
|3^SV(0'->4')>   -0.25144
|3S^CV(1->13')>    0.05282
|3X^CV(12->3')>   -0.07963
|3X^CV(12->4')>    0.07972
|3X^CV(8->3')>   -0.07536
|3X^CV(8->4')>    0.07550
|3X^CV(7->8')>    0.06624
|3X^CV(7->9')>    0.06687
|3X^CV(6->8')>    0.06248
|3X^CV(6->9')>    0.06147
|3X^CV(5->10')>   -0.06763
|3X^CV(5->11')>   -0.06992
|3X^CV(4->10')>   -0.06019
|3X^CV(4->11')>   -0.06083
|3X^CV(3->3')>    0.07491
|3X^CV(3->4')>   -0.07500
|3X^CV(2->2')>    0.05095
|3X^CV(2->5')>   -0.05754
|3X^CV(2->12')>    0.07197
|3X^CV(2->13')>   -0.11832
|3X^CV(2->14')>   -0.08843
|3X^CV(1->2')>   -0.05382
|3X^CV(1->5')>    0.06076
|3X^CV(1->12')>   -0.07599
|3X^CV(1->13')>    0.12489
|3X^CV(1->14')>    0.09347
|3^ZCV0(12->3')>    0.06171
|3^ZCV0(12->4')>   -0.06190
|3^ZCV0(2->14')>    0.07399
|3^ZCV0(1->14')>   -0.07817
|3^ZCV0'(39->13')>   -0.09219
|3^ZCV0'(38->13')>    0.09732
|3^SVD(3,13)>    0.05168
|3^SVD(4,13)>   -0.05163
TDMs with Triplet 'Ground' state
TDMX:-0.394   TDMY:0.063   TDMZ:0.037   Oscillator Strength:0.00982   <S**2>: 2.000
--------------------------------------------------------------------
TDMs with Singlet 'Ground' state
TDMX:0.000   TDMY:0.000   TDMZ:0.000   Oscillator Strength:0.00000   <S**2>: 2.000
--------------------------------------------------------------------


State 7 2.588 eV 
Excitation    CI Coef
|1^OS>    0.18192
|1^ZW->   -0.07112
|1^ZW+>   -0.23764
|1^CS(18->0)>   -0.12803
|1^CS(17->0)>   -0.11006
|1^CS(14->0)>    0.11194
|1^CS(13->0)>    0.15619
|1^CS(12->0)>   -0.26298
|1^CS(3->0)>    0.09027
|1^CS(18->0')>   -0.09631
|1^CS(17->0')>   -0.09766
|1^CS(14->0')>    0.11018
|1^CS(13->0')>    0.05928
|1^CS(11->0')>   -0.20347
|1^SV(0->2')>    0.10124
|1^SV(0->12')>   -0.15705
|1^SV(0->13')>    0.29364
|1^SV(0->14')>    0.14563
|1^SV(0->15')>   -0.05176
|1^SV(0'->1')>    0.31557
|1^SV(0'->2')>   -0.09442
|1^SV(0'->12')>   -0.11869
|1^SV(0'->13')>    0.19926
|1^SV(0'->14')>    0.23549
|1^SV(0'->19')>   -0.05024
|1^SV(0'->20')>    0.05861
|1S^CV(12->14')>   -0.05218
|1T^CV(14->1')>    0.08291
|1T^CV(12->1')>   -0.05879
|1T^CV(12->2')>    0.07689
|1T^CV(12->13')>   -0.08580
|1T^CV(11->1')>    0.13534
|1T^CV(10->7')>   -0.06907
|1T^CV(9->6')>    0.07033
|1T^CV(8->1')>    0.10241
|1T^CV(8->12')>    0.07525
|1T^CV(5->10')>    0.05159
|1T^CV(4->1')>   -0.06868
|1T^CV(3->2')>   -0.12093
|1T^CV(3->5')>    0.08626
|1T^CV(3->12')>   -0.07246
|1T^CV(2->3')>   -0.10620
|1T^CV(2->4')>    0.09127
|1T^CV(1->3')>    0.09730
|1T^CV(1->4')>   -0.11119
|1^SVD_(1',14')>    0.06505
|1^SVD_(13',13')>   -0.06530
|1^SVD_(14',14')>    0.06427
TDMs with Triplet 'Ground' state
TDMX:0.000   TDMY:0.000   TDMZ:0.000   Oscillator Strength:0.00000   <S**2>: 0.000
--------------------------------------------------------------------
TDMs with Singlet 'Ground' state
TDMX:0.041   TDMY:0.591   TDMZ:0.137   Oscillator Strength:0.02342   <S**2>: 0.000
--------------------------------------------------------------------


State 8 2.638 eV 
Excitation    CI Coef
|3^OS>    0.08361
|3^CS(18->0)>    0.10003
|3^CS(14->0)>   -0.07958
|3^CS(12->0)>    0.07053
|3^CS(11->0)>    0.18916
|3^CS(8->0)>    0.15915
|3^CS(4->0)>   -0.09826
|3^CS(18->0')>    0.05272
|3^CS(17->0')>    0.09970
|3^CS(13->0')>   -0.08796
|3^CS(12->0')>    0.16319
|3^CS(11->0')>    0.05755
|3^CS(3->0')>   -0.17564
|3^SV(0->1')>    0.32352
|3^SV(0->2')>   -0.16492
|3^SV(0->5')>    0.16575
|3^SV(0->12')>   -0.06538
|3^SV(0->13')>    0.14312
|3^SV(0->14')>    0.20483
|3^SV(0->20')>    0.05354
|3^SV(0'->1')>    0.26248
|3^SV(0'->2')>   -0.19802
|3^SV(0'->12')>    0.16384
|3^SV(0'->13')>   -0.21200
|3^SV(0'->14')>   -0.08855
|3X^CV(14->1')>    0.06331
|3X^CV(14->14')>   -0.05503
|3X^CV(13->5')>    0.05865
|3X^CV(12->2')>    0.08640
|3X^CV(12->5')>    0.06650
|3X^CV(11->1')>    0.17791
|3X^CV(11->2')>   -0.07149
|3X^CV(11->12')>   -0.05436
|3X^CV(10->6')>   -0.07254
|3X^CV(9->7')>    0.07100
|3X^CV(8->2')>   -0.11576
|3X^CV(7->9')>   -0.05100
|3X^CV(5->11')>   -0.05405
|3X^CV(4->2')>    0.07228
|3X^CV(3->1')>    0.19742
|3X^CV(3->13')>   -0.05143
|3X^CV(2->3')>    0.09542
|3X^CV(2->4')>   -0.06388
|3X^CV(1->3')>   -0.06901
|3X^CV(1->4')>    0.09918
|3^ZCV0(11->1')>    0.06634
|3^ZCV0(3->1')>    0.07653
|3^ZCV0'(48->1')>   -0.13196
|3^ZCV0'(40->1')>   -0.06837
|3^SVD(13,14)>    0.06807
TDMs with Triplet 'Ground' state
TDMX:0.052   TDMY:0.765   TDMZ:0.111   Oscillator Strength:0.03881   <S**2>: 2.000
--------------------------------------------------------------------
TDMs with Singlet 'Ground' state
TDMX:0.000   TDMY:0.000   TDMZ:0.000   Oscillator Strength:0.00000   <S**2>: 2.000
--------------------------------------------------------------------


State 9 2.685 eV 
Excitation    CI Coef
|3^CS(18->0)>   -0.10169
|3^CS(17->0)>   -0.08692
|3^CS(14->0)>    0.05698
|3^CS(13->0)>    0.08539
|3^CS(12->0)>   -0.14964
|3^CS(11->0)>   -0.12951
|3^CS(3->0)>    0.21684
|3^CS(18->0')>   -0.08931
|3^CS(17->0')>   -0.09019
|3^CS(14->0')>    0.07092
|3^CS(13->0')>    0.05945
|3^CS(12->0')>   -0.13004
|3^CS(11->0')>   -0.15025
|3^CS(8->0')>   -0.18313
|3^CS(4->0')>    0.10806
|3^SV(0->1')>    0.15802
|3^SV(0->2')>   -0.18630
|3^SV(0->12')>    0.20766
|3^SV(0->13')>   -0.19760
|3^SV(0->14')>   -0.17472
|3^SV(0'->1')>    0.34218
|3^SV(0'->2')>   -0.10435
|3^SV(0'->5')>    0.14264
|3^SV(0'->13')>    0.23629
|3^SV(0'->14')>    0.18305
|3^SV(0'->19')>   -0.05380
|3S^CV(12->13')>   -0.05239
|3X^CV(14->1')>    0.06308
|3X^CV(14->12')>   -0.05329
|3X^CV(13->5')>    0.05690
|3X^CV(12->2')>    0.07653
|3X^CV(12->13')>   -0.06214
|3X^CV(11->1')>    0.18058
|3X^CV(8->1')>    0.05753
|3X^CV(8->13')>   -0.05893
|3X^CV(7->8')>    0.06280
|3X^CV(6->9')>    0.05152
|3X^CV(5->10')>    0.06467
|3X^CV(4->11')>    0.05057
|3X^CV(3->1')>    0.10580
|3X^CV(3->2')>   -0.08193
|3X^CV(3->12')>   -0.06586
|3X^CV(2->4')>    0.12160
|3X^CV(1->3')>    0.12413
|3X^CV(1->4')>   -0.05245
|3^ZCV0(12->14')>    0.05272
|3^ZCV0(11->1')>    0.06622
|3^ZCV0(8->2')>   -0.05094
|3^ZCV0(3->1')>    0.08579
|3^ZCV0(2->3')>    0.05889
|3^ZCV0(1->4')>    0.06065
|3^ZCV0'(48->1')>   -0.09230
|3^ZCV0'(45->2')>    0.05604
|3^ZCV0'(40->1')>   -0.08972
|3^ZCV0'(39->3')>   -0.06037
|3^ZCV0'(38->4')>   -0.06152
|3^SVD(13,14)>   -0.08419
TDMs with Triplet 'Ground' state
TDMX:0.096   TDMY:-0.706   TDMZ:-0.291   Oscillator Strength:0.03895   <S**2>: 2.000
--------------------------------------------------------------------
TDMs with Singlet 'Ground' state
TDMX:0.000   TDMY:0.000   TDMZ:0.000   Oscillator Strength:0.00000   <S**2>: 2.000
--------------------------------------------------------------------


State 10 2.701 eV 
Excitation    CI Coef
|1^CS(10->0)>    0.35713
|1^CS(9->0)>    0.35754
|1^CS(10->0')>    0.38987
|1^CS(9->0')>    0.39131
|1^SV(0->6')>    0.18644
|1^SV(0->7')>   -0.17903
|1^SV(0'->6')>    0.20563
|1^SV(0'->7')>   -0.19733
|1S^CV(10->13')>   -0.05559
|1S^CV(10->14')>    0.05139
|1S^CV(9->13')>   -0.05577
|1S^CV(9->14')>    0.05166
|1T^CV(14->6')>    0.07058
|1T^CV(14->7')>   -0.06845
|1T^CV(13->6')>    0.05787
|1T^CV(13->7')>   -0.05687
|1T^CV(10->1')>    0.12927
|1T^CV(10->2')>    0.08107
|1T^CV(10->5')>   -0.09048
|1T^CV(10->12')>    0.09570
|1T^CV(10->13')>    0.09514
|1T^CV(10->14')>    0.12209
|1T^CV(10->15')>   -0.05560
|1T^CV(10->20')>    0.05112
|1T^CV(9->1')>    0.12906
|1T^CV(9->2')>    0.08086
|1T^CV(9->5')>   -0.09037
|1T^CV(9->12')>    0.09610
|1T^CV(9->13')>    0.09527
|1T^CV(9->14')>    0.12247
|1T^CV(9->15')>   -0.05573
|1T^CV(9->20')>    0.05114
|1T^CV(3->6')>   -0.05801
|1T^CV(3->7')>    0.05730
|1^ZCV0(10->1')>    0.05368
|1^ZCV0(10->14')>    0.06928
|1^ZCV0(9->1')>    0.05377
|1^ZCV0(9->14')>    0.06951
|1^ZCV0'(10->13')>   -0.07090
|1^ZCV0'(9->13')>   -0.07099
|1^CSD_(18,10)>    0.05221
|1^CSD_(18,9)>    0.05230
|1^CSD_(12,10)>   -0.07163
|1^CSD_(12,9)>   -0.07174
TDMs with Triplet 'Ground' state
TDMX:0.000   TDMY:0.000   TDMZ:0.000   Oscillator Strength:0.00000   <S**2>: 0.000
--------------------------------------------------------------------
TDMs with Singlet 'Ground' state
TDMX:-0.181   TDMY:-0.273   TDMZ:0.172   Oscillator Strength:0.00907   <S**2>: 0.000
--------------------------------------------------------------------


State 11 2.748 eV 
Excitation    CI Coef
|1^OS>    0.41301
|1^ZW+>   -0.35943
|1^CS(17->0)>    0.08273
|1^CS(14->0)>    0.06484
|1^CS(12->0)>   -0.08255
|1^CS(11->0)>    0.18331
|1^CS(8->0)>    0.14048
|1^CS(6->0)>   -0.08468
|1^CS(5->0)>    0.08199
|1^CS(3->0)>   -0.26309
|1^CS(18->0')>    0.12612
|1^CS(12->0')>    0.21591
|1^CS(8->0')>    0.27445
|1^CS(6->0')>   -0.10248
|1^CS(5->0')>    0.08717
|1^CS(4->0')>   -0.08556
|1^CS(3->0')>   -0.15797
|1^SV(0->1')>    0.10889
|1^SV(0->2')>   -0.18104
|1^SV(0->10')>    0.05596
|1^SV(0->11')>    0.08541
|1^SV(0->12')>    0.06520
|1^SV(0->14')>   -0.10855
|1^SV(0'->2')>   -0.14046
|1^SV(0'->5')>   -0.12263
|1^SV(0'->10')>    0.05807
|1^SV(0'->11')>    0.08965
|1^SV(0'->12')>   -0.06648
|1^SV(0'->13')>   -0.11137
|1^SV(0'->14')>   -0.07857
|1T^CV(12->1')>   -0.05085
|1T^CV(12->2')>    0.08356
|1T^CV(12->5')>    0.07500
|1T^CV(11->2')>   -0.05082
|1T^CV(11->12')>   -0.05485
|1T^CV(10->6')>    0.05186
|1T^CV(9->7')>   -0.05045
|1T^CV(8->13')>    0.07676
|1T^CV(3->13')>   -0.05178
|1T^CV(3->14')>   -0.07519
|1T^CV(2->4')>   -0.10941
|1T^CV(1->3')>   -0.11010
TDMs with Triplet 'Ground' state
TDMX:0.000   TDMY:0.000   TDMZ:0.000   Oscillator Strength:0.00000   <S**2>: 0.000
--------------------------------------------------------------------
TDMs with Singlet 'Ground' state
TDMX:-0.010   TDMY:-1.263   TDMZ:-0.302   Oscillator Strength:0.11347   <S**2>: 0.000
--------------------------------------------------------------------


State 12 2.772 eV 
Excitation    CI Coef
|3^CS(10->0)>   -0.35433
|3^CS(9->0)>   -0.35486
|3^CS(10->0')>   -0.36748
|3^CS(9->0')>   -0.36754
|3^SV(0->6')>    0.21752
|3^SV(0->7')>   -0.20784
|3^SV(0'->6')>   -0.22912
|3^SV(0'->7')>    0.21937
|3S^CV(10->13')>   -0.05387
|3S^CV(9->13')>   -0.05395
|3X^CV(14->6')>   -0.06353
|3X^CV(14->7')>    0.06157
|3X^CV(13->6')>   -0.05221
|3X^CV(13->7')>    0.05082
|3X^CV(10->1')>   -0.10539
|3X^CV(10->2')>   -0.06553
|3X^CV(10->5')>    0.07490
|3X^CV(10->12')>   -0.07835
|3X^CV(10->13')>   -0.07642
|3X^CV(10->14')>   -0.09900
|3X^CV(9->1')>   -0.10561
|3X^CV(9->2')>   -0.06520
|3X^CV(9->5')>    0.07520
|3X^CV(9->12')>   -0.07847
|3X^CV(9->13')>   -0.07637
|3X^CV(9->14')>   -0.09909
|3X^CV(3->6')>    0.05195
|3X^CV(3->7')>   -0.05090
|3^ZCV0(10->1')>    0.07508
|3^ZCV0(10->14')>    0.08490
|3^ZCV0(9->1')>    0.07533
|3^ZCV0(9->14')>    0.08502
|3^ZCV0'(47->13')>   -0.07605
|3^ZCV0'(46->13')>   -0.07598
TDMs with Triplet 'Ground' state
TDMX:-0.173   TDMY:-0.222   TDMZ:0.143   Oscillator Strength:0.00678   <S**2>: 2.000
--------------------------------------------------------------------
TDMs with Singlet 'Ground' state
TDMX:0.000   TDMY:0.000   TDMZ:0.000   Oscillator Strength:0.00000   <S**2>: 2.000
--------------------------------------------------------------------


State 13 2.829 eV 
Excitation    CI Coef
|1^OS>   -0.09793
|1^ZW+>    0.07730
|1^CS(7->0)>   -0.12848
|1^CS(6->0)>   -0.30119
|1^CS(5->0)>    0.35914
|1^CS(4->0)>    0.23708
|1^CS(3->0)>    0.06332
|1^CS(12->0')>   -0.05239
|1^CS(7->0')>   -0.12535
|1^CS(6->0')>   -0.29173
|1^CS(5->0')>    0.35144
|1^CS(4->0')>    0.24109
|1^SV(0->8')>   -0.06505
|1^SV(0->9')>   -0.07209
|1^SV(0->10')>    0.16918
|1^SV(0->11')>    0.16829
|1^SV(0'->8')>   -0.06804
|1^SV(0'->9')>   -0.07597
|1^SV(0'->10')>    0.17566
|1^SV(0'->11')>    0.17358
|1S^CV(5->13')>   -0.05615
|1S^CV(5->14')>    0.05057
|1T^CV(18->10')>   -0.05313
|1T^CV(18->11')>   -0.05313
|1T^CV(7->3')>   -0.05407
|1T^CV(7->4')>    0.05369
|1T^CV(6->13')>   -0.08666
|1T^CV(6->14')>   -0.06917
|1T^CV(5->3')>   -0.06942
|1T^CV(5->4')>    0.07076
|1T^CV(5->13')>    0.10479
|1T^CV(5->14')>    0.08135
|1T^CV(5->19')>   -0.05009
|1T^CV(5->20')>    0.05390
|1T^CV(4->3')>   -0.07381
|1T^CV(4->4')>    0.07581
|1T^CV(4->13')>    0.07126
|1T^CV(4->14')>    0.05283
|1T^CV(1->11')>   -0.05190
|1^ZCV0(6->14')>   -0.05472
|1^ZCV0(5->14')>    0.06551
|1^ZCV0'(6->13')>    0.06352
|1^ZCV0'(5->13')>   -0.07602
|1^ZCV0'(4->13')>   -0.05151
|1^CSD_(12,6)>    0.05641
|1^CSD_(12,5)>   -0.06706
TDMs with Triplet 'Ground' state
TDMX:0.000   TDMY:0.000   TDMZ:0.000   Oscillator Strength:0.00000   <S**2>: 0.000
--------------------------------------------------------------------
TDMs with Singlet 'Ground' state
TDMX:-0.107   TDMY:0.096   TDMZ:-0.132   Oscillator Strength:0.00265   <S**2>: 0.000
--------------------------------------------------------------------


State 14 2.837 eV 
Excitation    CI Coef
|1^OS>   -0.05242
|1^CS(8->0)>    0.17798
|1^CS(7->0)>    0.37015
|1^CS(6->0)>    0.22575
|1^CS(5->0)>    0.11862
|1^CS(4->0)>    0.26335
|1^CS(8->0')>    0.19495
|1^CS(7->0')>    0.36217
|1^CS(6->0')>    0.21477
|1^CS(5->0')>    0.11427
|1^CS(4->0')>    0.24253
|1^CS(3->0')>    0.05411
|1^SV(0->8')>    0.17100
|1^SV(0->9')>    0.16841
|1^SV(0->10')>    0.06472
|1^SV(0->11')>    0.07255
|1^SV(0'->8')>    0.17851
|1^SV(0'->9')>    0.17478
|1^SV(0'->10')>    0.06709
|1^SV(0'->11')>    0.07535
|1S^CV(7->13')>   -0.05761
|1S^CV(7->14')>    0.05221
|1T^CV(18->8')>   -0.05361
|1T^CV(18->9')>   -0.05279
|1T^CV(8->13')>    0.05627
|1T^CV(7->3')>    0.07417
|1T^CV(7->4')>   -0.07275
|1T^CV(7->13')>    0.10736
|1T^CV(7->14')>    0.08353
|1T^CV(7->19')>   -0.05050
|1T^CV(7->20')>    0.05490
|1T^CV(6->3')>    0.08930
|1T^CV(6->4')>   -0.08903
|1T^CV(6->13')>    0.06406
|1T^CV(6->14')>    0.05072
|1T^CV(5->3')>   -0.05320
|1T^CV(5->4')>    0.05364
|1T^CV(4->13')>    0.07320
|1T^CV(4->14')>    0.05902
|1T^CV(1->9')>    0.05049
|1^ZCV0(7->14')>    0.06754
|1^ZCV0'(7->13')>   -0.07867
|1^ZCV0'(4->13')>   -0.05419
|1^CSD_(18,7)>    0.05057
|1^CSD_(12,7)>   -0.06960
TDMs with Triplet 'Ground' state
TDMX:0.000   TDMY:0.000   TDMZ:0.000   Oscillator Strength:0.00000   <S**2>: 0.000
--------------------------------------------------------------------
TDMs with Singlet 'Ground' state
TDMX:-0.239   TDMY:-0.208   TDMZ:-0.647   Oscillator Strength:0.03610   <S**2>: 0.000
--------------------------------------------------------------------


State 15 2.895 eV 
Excitation    CI Coef
|3^CS(8->0)>   -0.08827
|3^CS(7->0)>    0.05100
|3^CS(6->0)>    0.25550
|3^CS(5->0)>   -0.36354
|3^CS(4->0)>   -0.24813
|3^CS(8->0')>   -0.08403
|3^CS(6->0')>    0.24914
|3^CS(5->0')>   -0.35639
|3^CS(4->0')>   -0.24422
|3^SV(0->10')>    0.22243
|3^SV(0->11')>    0.23343
|3^SV(0'->10')>   -0.22123
|3^SV(0'->11')>   -0.23123
|3T^CV(5->13')>   -0.05485
|3S^CV(5->13')>   -0.05800
|3X^CV(18->10')>    0.05133
|3X^CV(18->11')>    0.05372
|3X^CV(6->13')>    0.06321
|3X^CV(5->3')>    0.06656
|3X^CV(5->4')>   -0.06789
|3X^CV(5->13')>   -0.09000
|3X^CV(5->14')>   -0.06997
|3X^CV(4->3')>    0.06316
|3X^CV(4->4')>   -0.06435
|3X^CV(4->13')>   -0.06116
|3X^CV(2->10')>   -0.05223
|3X^CV(2->11')>   -0.05365
|3X^CV(1->10')>    0.05453
|3X^CV(1->11')>    0.05714
|3^ZCV0(5->14')>    0.07078
|3^ZCV0'(43->13')>    0.05998
|3^ZCV0'(42->13')>   -0.08544
|3^ZCV0'(41->13')>   -0.05837
TDMs with Triplet 'Ground' state
TDMX:-0.159   TDMY:-0.165   TDMZ:-0.282   Oscillator Strength:0.00935   <S**2>: 2.000
--------------------------------------------------------------------
TDMs with Singlet 'Ground' state
TDMX:0.000   TDMY:0.000   TDMZ:0.000   Oscillator Strength:0.00000   <S**2>: 2.000
--------------------------------------------------------------------


State 16 2.903 eV 
Excitation    CI Coef
|1^CS(16->0)>    0.06734
|1^CS(15->0)>    0.05286
|1^CS(2->0)>    0.28278
|1^CS(1->0)>    0.26840
|1^CS(16->0')>   -0.05965
|1^CS(2->0')>   -0.32517
|1^CS(1->0')>   -0.30699
|1^SV(0->3')>    0.24752
|1^SV(0->4')>    0.24832
|1^SV(0'->3')>   -0.28089
|1^SV(0'->4')>   -0.28000
|1T^CV(11->3')>   -0.12063
|1T^CV(11->4')>   -0.12058
|1T^CV(8->3')>    0.07992
|1T^CV(8->4')>    0.08052
|1T^CV(7->8')>   -0.11067
|1T^CV(7->9')>    0.11555
|1T^CV(6->8')>    0.10864
|1T^CV(6->9')>   -0.10300
|1T^CV(5->10')>    0.11704
|1T^CV(5->11')>   -0.11614
|1T^CV(4->3')>   -0.05353
|1T^CV(4->4')>   -0.05301
|1T^CV(4->10')>   -0.09884
|1T^CV(4->11')>    0.10417
|1T^CV(3->3')>    0.09084
|1T^CV(3->4')>    0.09110
|1T^CV(2->1')>   -0.08135
|1T^CV(2->5')>   -0.08634
|1T^CV(2->12')>   -0.14380
|1T^CV(2->13')>   -0.08647
|1T^CV(1->1')>   -0.07687
|1T^CV(1->5')>   -0.08206
|1T^CV(1->12')>   -0.13588
|1T^CV(1->13')>   -0.08197
|1^CSD_(11,2)>   -0.05409
|1^CSD_(11,1)>   -0.05141
TDMs with Triplet 'Ground' state
TDMX:0.000   TDMY:0.000   TDMZ:0.000   Oscillator Strength:0.00000   <S**2>: 0.000
--------------------------------------------------------------------
TDMs with Singlet 'Ground' state
TDMX:-2.045   TDMY:-0.012   TDMZ:-0.218   Oscillator Strength:0.30071   <S**2>: 0.000
--------------------------------------------------------------------


State 17 2.910 eV 
Excitation    CI Coef
|3^CS(8->0)>   -0.17958
|3^CS(7->0)>   -0.37361
|3^CS(6->0)>   -0.26314
|3^CS(4->0)>   -0.19543
|3^CS(8->0')>   -0.17810
|3^CS(7->0')>   -0.36541
|3^CS(6->0')>   -0.25729
|3^CS(4->0')>   -0.19018
|3^SV(0->8')>    0.21712
|3^SV(0->9')>    0.21517
|3^SV(0->11')>    0.05199
|3^SV(0'->8')>   -0.21508
|3^SV(0'->9')>   -0.21377
|3^SV(0'->11')>   -0.05178
|3T^CV(7->13')>   -0.05589
|3S^CV(7->13')>   -0.05960
|3S^CV(7->14')>    0.05137
|3X^CV(18->8')>    0.05107
|3X^CV(18->9')>    0.05056
|3X^CV(7->3')>   -0.06974
|3X^CV(7->4')>    0.06880
|3X^CV(7->13')>   -0.09197
|3X^CV(7->14')>   -0.07123
|3X^CV(6->3')>   -0.07437
|3X^CV(6->4')>    0.07379
|3X^CV(6->13')>   -0.06458
|3X^CV(1->8')>   -0.05185
|3X^CV(1->9')>   -0.05269
|3^ZCV0(7->14')>    0.07247
|3^ZCV0(6->14')>    0.05094
|3^ZCV0'(44->13')>   -0.08756
|3^ZCV0'(43->13')>   -0.06151
TDMs with Triplet 'Ground' state
TDMX:-0.208   TDMY:-0.217   TDMZ:-0.616   Oscillator Strength:0.03349   <S**2>: 2.000
--------------------------------------------------------------------
TDMs with Singlet 'Ground' state
TDMX:0.000   TDMY:0.000   TDMZ:0.000   Oscillator Strength:0.00000   <S**2>: 2.000
--------------------------------------------------------------------


State 18 2.924 eV 
Excitation    CI Coef
|3^CS(16->0)>   -0.06427
|3^CS(15->0)>   -0.05009
|3^CS(2->0)>   -0.28216
|3^CS(1->0)>   -0.26657
|3^CS(16->0')>    0.05979
|3^CS(2->0')>    0.30624
|3^CS(1->0')>    0.29044
|3^SV(0->3')>    0.26849
|3^SV(0->4')>    0.26777
|3^SV(0'->3')>    0.27742
|3^SV(0'->4')>    0.27829
|3X^CV(11->3')>    0.10046
|3X^CV(11->4')>    0.10046
|3X^CV(8->3')>   -0.06643
|3X^CV(8->4')>   -0.06680
|3X^CV(7->8')>    0.09530
|3X^CV(7->9')>   -0.09588
|3X^CV(6->8')>   -0.09052
|3X^CV(6->9')>    0.08849
|3X^CV(5->10')>   -0.09694
|3X^CV(5->11')>    0.10043
|3X^CV(4->10')>    0.08516
|3X^CV(4->11')>   -0.08648
|3X^CV(3->3')>   -0.07622
|3X^CV(3->4')>   -0.07615
|3X^CV(2->1')>    0.06618
|3X^CV(2->5')>    0.07233
|3X^CV(2->12')>    0.11892
|3X^CV(2->13')>    0.07302
|3X^CV(1->1')>    0.06272
|3X^CV(1->5')>    0.06844
|3X^CV(1->12')>    0.11276
|3X^CV(1->13')>    0.06910
|3^ZCV0(2->12')>    0.07175
|3^ZCV0(1->12')>    0.06806
|3^ZCV0'(48->3')>   -0.07193
|3^ZCV0'(48->4')>   -0.07178
TDMs with Triplet 'Ground' state
TDMX:2.034   TDMY:0.024   TDMZ:0.228   Oscillator Strength:0.30024   <S**2>: 2.000
--------------------------------------------------------------------
TDMs with Singlet 'Ground' state
TDMX:0.000   TDMY:0.000   TDMZ:0.000   Oscillator Strength:0.00000   <S**2>: 2.000
--------------------------------------------------------------------


State 19 2.926 eV 
Excitation    CI Coef
|1^OS>   -0.25046
|1^ZW->    0.06154
|1^ZW+>   -0.43361
|1^CS(18->0)>   -0.12896
|1^CS(17->0)>   -0.10604
|1^CS(14->0)>    0.07567
|1^CS(8->0)>   -0.15707
|1^CS(4->0)>    0.05740
|1^CS(3->0)>   -0.15658
|1^CS(18->0')>   -0.06465
|1^CS(17->0')>   -0.16855
|1^CS(11->0')>    0.10376
|1^CS(8->0')>    0.11355
|1^CS(7->0')>   -0.05275
|1^CS(4->0')>   -0.09962
|1^CS(3->0')>    0.17233
|1^SV(0->1')>    0.17330
|1^SV(0->2')>   -0.17837
|1^SV(0->5')>    0.13696
|1^SV(0->12')>   -0.06448
|1^SV(0->14')>    0.05004
|1^SV(0'->1')>   -0.16945
|1^SV(0'->2')>    0.20993
|1^SV(0'->12')>   -0.11521
|1^SV(0'->13')>    0.21687
|1^SV(0'->14')>    0.10043
|1T^CV(14->1')>   -0.05446
|1T^CV(14->12')>    0.05688
|1T^CV(13->2')>   -0.05260
|1T^CV(13->5')>   -0.08220
|1T^CV(12->2')>   -0.11707
|1T^CV(12->5')>   -0.06528
|1T^CV(11->1')>   -0.15607
|1T^CV(11->2')>    0.10519
|1T^CV(11->14')>    0.07223
|1T^CV(10->6')>    0.09499
|1T^CV(10->7')>    0.07970
|1T^CV(9->6')>   -0.08039
|1T^CV(9->7')>   -0.09339
|1T^CV(8->1')>   -0.05494
|1T^CV(8->2')>    0.13149
|1T^CV(5->11')>    0.06124
|1T^CV(4->2')>   -0.07661
|1T^CV(3->1')>   -0.18293
|1T^CV(3->2')>    0.10826
|1T^CV(2->3')>   -0.05857
|1T^CV(1->4')>   -0.05862
TDMs with Triplet 'Ground' state
TDMX:0.000   TDMY:0.000   TDMZ:0.000   Oscillator Strength:0.00000   <S**2>: 0.000
--------------------------------------------------------------------
TDMs with Singlet 'Ground' state
TDMX:0.071   TDMY:-0.000   TDMZ:-0.130   Oscillator Strength:0.00158   <S**2>: 0.000
--------------------------------------------------------------------


State 20 3.026 eV 
Excitation    CI Coef
|3^OS>   -0.09724
|3^CS(18->0)>   -0.06181
|3^CS(17->0)>    0.11696
|3^CS(12->0)>    0.12357
|3^CS(11->0)>   -0.15400
|3^CS(8->0)>    0.20936
|3^CS(6->0)>   -0.07315
|3^CS(4->0)>   -0.12694
|3^CS(18->0')>    0.09754
|3^CS(17->0')>   -0.07198
|3^CS(12->0')>   -0.10656
|3^CS(11->0')>    0.19280
|3^CS(3->0')>   -0.25810
|3^SV(0->1')>    0.13495
|3^SV(0->5')>    0.08930
|3^SV(0->12')>    0.22819
|3^SV(0->13')>    0.20235
|3^SV(0->14')>   -0.09066
|3^SV(0'->1')>   -0.18890
|3^SV(0'->2')>   -0.10315
|3^SV(0'->5')>    0.17144
|3^SV(0'->12')>    0.20986
|3^SV(0'->13')>    0.17083
|3^SV(0'->14')>   -0.14106
|3T^CV(12->1')>   -0.05067
|3X^CV(14->1')>   -0.10173
|3X^CV(13->2')>   -0.07526
|3X^CV(13->5')>   -0.05490
|3X^CV(12->2')>   -0.10454
|3X^CV(12->5')>   -0.07328
|3X^CV(11->1')>   -0.14581
|3X^CV(11->5')>    0.05161
|3X^CV(11->12')>    0.12961
|3X^CV(8->2')>    0.07006
|3X^CV(7->8')>    0.08990
|3X^CV(7->9')>   -0.07372
|3X^CV(6->8')>   -0.05994
|3X^CV(6->9')>    0.07354
|3X^CV(6->11')>   -0.05268
|3X^CV(5->10')>    0.09531
|3X^CV(5->11')>   -0.08127
|3X^CV(4->10')>   -0.06044
|3X^CV(4->11')>    0.07347
|3X^CV(3->1')>   -0.18838
|3X^CV(3->13')>   -0.05111
|3X^CV(2->3')>    0.11896
|3X^CV(2->4')>    0.13196
|3X^CV(1->3')>    0.12563
|3X^CV(1->4')>    0.11211
|3^ZCV0(12->1')>   -0.05698
|3^ZCV0(2->3')>    0.05901
|3^ZCV0(2->4')>    0.05874
|3^ZCV0(1->3')>    0.05556
|3^ZCV0(1->4')>    0.05622
|3^ZCV0'(48->12')>   -0.05720
|3^ZCV0'(39->3')>   -0.05928
|3^ZCV0'(39->4')>   -0.06206
|3^ZCV0'(38->3')>   -0.05897
|3^ZCV0'(38->4')>   -0.05566
TDMs with Triplet 'Ground' state
TDMX:0.121   TDMY:0.632   TDMZ:0.620   Oscillator Strength:0.05922   <S**2>: 2.000
--------------------------------------------------------------------
TDMs with Singlet 'Ground' state
TDMX:0.000   TDMY:0.000   TDMZ:0.000   Oscillator Strength:0.00000   <S**2>: 2.000
--------------------------------------------------------------------


State 21 3.048 eV 
Excitation    CI Coef
|1^OS>   -0.06935
|1^ZW->   -0.09156
|1^CS(18->0)>    0.06642
|1^CS(17->0)>   -0.07616
|1^CS(13->0)>   -0.07414
|1^CS(11->0)>    0.19313
|1^CS(8->0)>   -0.22861
|1^CS(6->0)>    0.07608
|1^CS(4->0)>    0.14588
|1^CS(3->0)>    0.10456
|1^CS(18->0')>   -0.06516
|1^CS(17->0')>    0.07481
|1^CS(14->0')>   -0.06596
|1^CS(13->0')>   -0.06463
|1^CS(12->0')>    0.11683
|1^CS(11->0')>   -0.08106
|1^CS(3->0')>    0.31604
|1^SV(0->1')>    0.16135
|1^SV(0->12')>    0.28652
|1^SV(0->13')>    0.06387
|1^SV(0->14')>   -0.10266
|1^SV(0'->1')>    0.20701
|1^SV(0'->2')>    0.20281
|1^SV(0'->5')>   -0.21081
|1^SV(0'->12')>   -0.10144
|1^SV(0'->13')>   -0.18871
|1T^CV(18->1')>   -0.06960
|1T^CV(14->1')>    0.13183
|1T^CV(13->2')>    0.09404
|1T^CV(12->2')>    0.06531
|1T^CV(12->5')>    0.08184
|1T^CV(11->1')>    0.16496
|1T^CV(11->2')>    0.05412
|1T^CV(11->5')>   -0.05739
|1T^CV(11->12')>   -0.12708
|1T^CV(10->7')>    0.05764
|1T^CV(9->6')>   -0.05892
|1T^CV(8->2')>   -0.05141
|1T^CV(7->8')>   -0.09819
|1T^CV(7->9')>    0.07333
|1T^CV(6->8')>    0.05986
|1T^CV(6->9')>   -0.08055
|1T^CV(6->11')>    0.05688
|1T^CV(5->10')>   -0.10241
|1T^CV(5->11')>    0.07989
|1T^CV(4->10')>    0.05935
|1T^CV(4->11')>   -0.07797
|1T^CV(3->1')>    0.19805
|1T^CV(3->13')>    0.06337
|1T^CV(2->3')>   -0.09292
|1T^CV(2->4')>   -0.15438
|1T^CV(1->3')>   -0.14956
|1T^CV(1->4')>   -0.08479
|1^ZCV0(12->1')>    0.05217
|1^ZCV0'(3->13')>   -0.05113
|1^SVD_(1',13')>   -0.05133
TDMs with Triplet 'Ground' state
TDMX:0.000   TDMY:0.000   TDMZ:0.000   Oscillator Strength:0.00000   <S**2>: 0.000
--------------------------------------------------------------------
TDMs with Singlet 'Ground' state
TDMX:-0.167   TDMY:0.515   TDMZ:-0.134   Oscillator Strength:0.02328   <S**2>: 0.000
--------------------------------------------------------------------


State 22 3.078 eV 
Excitation    CI Coef
|1^OS>    0.19739
|1^ZW->    0.10972
|1^ZW+>   -0.15506
|1^CS(18->0)>   -0.12775
|1^CS(17->0)>    0.12376
|1^CS(13->0)>   -0.08248
|1^CS(11->0)>   -0.11615
|1^CS(8->0)>   -0.05924
|1^CS(5->0)>   -0.05504
|1^CS(3->0)>    0.21058
|1^CS(18->0')>    0.12744
|1^CS(17->0')>   -0.11665
|1^CS(14->0')>   -0.11684
|1^CS(11->0')>    0.08924
|1^CS(8->0')>   -0.22262
|1^CS(6->0')>    0.09477
|1^CS(4->0')>    0.12505
|1^CS(3->0')>    0.05276
|1^SV(0->1')>    0.36432
|1^SV(0->5')>   -0.12609
|1^SV(0->11')>    0.06291
|1^SV(0->13')>   -0.18266
|1^SV(0->14')>    0.12217
|1^SV(0'->1')>    0.23596
|1^SV(0'->2')>    0.11597
|1^SV(0'->5')>   -0.05993
|1^SV(0'->12')>    0.13571
|1^SV(0'->13')>    0.16493
|1^SV(0'->14')>   -0.19437
|1^SV(0'->20')>   -0.06401
|1T^CV(14->1')>    0.06087
|1T^CV(12->1')>   -0.10635
|1T^CV(12->2')>    0.07261
|1T^CV(11->1')>    0.07980
|1T^CV(11->13')>    0.06094
|1T^CV(10->7')>    0.08011
|1T^CV(9->6')>   -0.08141
|1T^CV(8->1')>   -0.08043
|1T^CV(8->12')>   -0.09921
|1T^CV(7->9')>   -0.11194
|1T^CV(6->8')>   -0.09082
|1T^CV(6->10')>    0.06665
|1T^CV(5->11')>   -0.12172
|1T^CV(4->10')>   -0.08720
|1T^CV(4->12')>    0.06085
|1T^CV(3->2')>    0.07768
|1T^CV(3->5')>   -0.07969
|1T^CV(2->3')>    0.14696
|1T^CV(2->4')>    0.06783
|1T^CV(1->3')>    0.06008
|1T^CV(1->4')>    0.14367
|1^ZCV0(12->1')>    0.07658
|1^SVD_(1',1')>    0.06722
|1^SVD_(1',13')>   -0.07579
|1^SVD_(1',14')>    0.05937
TDMs with Triplet 'Ground' state
TDMX:0.000   TDMY:0.000   TDMZ:0.000   Oscillator Strength:0.00000   <S**2>: 0.000
--------------------------------------------------------------------
TDMs with Singlet 'Ground' state
TDMX:0.060   TDMY:0.967   TDMZ:0.576   Oscillator Strength:0.09575   <S**2>: 0.000
--------------------------------------------------------------------


State 23 3.085 eV 
Excitation    CI Coef
|3^CS(14->0)>   -0.05583
|3^CS(12->0)>    0.06035
|3^CS(8->0)>   -0.09174
|3^CS(3->0)>    0.23250
|3^CS(11->0')>    0.11614
|3^CS(8->0')>   -0.15784
|3^CS(6->0')>    0.05288
|3^CS(4->0')>    0.07726
|3^CS(3->0')>    0.17129
|3^SV(0->1')>   -0.29795
|3^SV(0->5')>    0.14091
|3^SV(0->13')>    0.10819
|3^SV(0'->1')>    0.25013
|3^SV(0'->12')>    0.15430
|3^SV(0'->14')>   -0.05952
|3T^CV(12->1')>    0.06429
|3X^CV(14->1')>    0.05670
|3X^CV(12->1')>   -0.11248
|3X^CV(12->2')>    0.08200
|3X^CV(11->1')>    0.10398
|3X^CV(10->6')>   -0.06915
|3X^CV(10->7')>   -0.05683
|3X^CV(9->6')>    0.05807
|3X^CV(9->7')>    0.06756
|3X^CV(8->2')>   -0.05315
|3X^CV(3->1')>    0.09555
|3X^CV(2->3')>    0.05840
|3X^CV(1->4')>    0.05734
|3^ZCV0(21->15')>   -0.05555
|3^ZCV0(14->1')>   -0.06013
|3^ZCV0(14->12')>    0.06058
|3^ZCV0(14->14')>    0.06397
|3^ZCV0(13->2')>   -0.07423
|3^ZCV0(13->5')>   -0.08275
|3^ZCV0(12->1')>    0.06966
|3^ZCV0(12->2')>   -0.16177
|3^ZCV0(12->5')>   -0.08287
|3^ZCV0(11->1')>   -0.19528
|3^ZCV0(11->12')>    0.06732
|3^ZCV0(10->6')>    0.09916
|3^ZCV0(9->7')>   -0.09683
|3^ZCV0(8->2')>    0.11166
|3^ZCV0(4->2')>   -0.07129
|3^ZCV0(3->1')>   -0.22762
|3^ZCV0'(58->15')>    0.05985
|3^ZCV0'(51->1')>    0.11193
|3^ZCV0'(51->12')>   -0.05609
|3^ZCV0'(51->14')>   -0.05663
|3^ZCV0'(50->2')>    0.07290
|3^ZCV0'(50->5')>    0.09740
|3^ZCV0'(49->2')>    0.17011
|3^ZCV0'(49->5')>    0.06732
|3^ZCV0'(48->1')>    0.19696
|3^ZCV0'(48->12')>   -0.08256
|3^ZCV0'(47->6')>   -0.09889
|3^ZCV0'(46->7')>    0.09655
|3^ZCV0'(45->2')>   -0.11324
|3^ZCV0'(41->2')>    0.07145
|3^ZCV0'(40->1')>    0.22653
|3^SVD(1,13)>    0.05817
|3^SVD(1,14)>   -0.05809
TDMs with Triplet 'Ground' state
TDMX:0.078   TDMY:-0.810   TDMZ:-0.212   Oscillator Strength:0.05342   <S**2>: 2.000
--------------------------------------------------------------------
TDMs with Singlet 'Ground' state
TDMX:0.000   TDMY:0.000   TDMZ:0.000   Oscillator Strength:0.00000   <S**2>: 2.000
--------------------------------------------------------------------


State 24 3.144 eV 
Excitation    CI Coef
|5^CV(33->21')>   -0.05150
|5^CV(21->15')>   -0.11046
|5^CV(21->19')>   -0.05221
|5^CV(21->21')>   -0.07771
|5^CV(20->12')>   -0.06636
|5^CV(20->14')>   -0.08147
|5^CV(20->16')>   -0.05841
|5^CV(19->5')>    0.08679
|5^CV(19->13')>   -0.06111
|5^CV(19->15')>   -0.09935
|5^CV(18->14')>   -0.05428
|5^CV(17->5')>    0.05787
|5^CV(14->1')>   -0.09439
|5^CV(14->12')>    0.12537
|5^CV(14->14')>    0.13299
|5^CV(13->2')>   -0.11752
|5^CV(13->5')>   -0.20517
|5^CV(13->13')>    0.09525
|5^CV(12->2')>   -0.34877
|5^CV(12->5')>   -0.12907
|5^CV(11->1')>   -0.35999
|5^CV(11->12')>    0.13075
|5^CV(10->6')>    0.27534
|5^CV(9->7')>   -0.26871
|5^CV(8->2')>    0.27415
|5^CV(8->5')>   -0.05763
|5^CV(6->2')>   -0.07533
|5^CV(4->2')>   -0.17279
|5^CV(3->1')>   -0.48212
|5^CV(2->4')>    0.05112
|5^CV(1->3')>    0.05107
TDMs with Triplet 'Ground' state
TDMX:0.000   TDMY:0.000   TDMZ:0.000   Oscillator Strength:0.00000   <S**2>: 6.000
--------------------------------------------------------------------
TDMs with Singlet 'Ground' state
TDMX:0.000   TDMY:0.000   TDMZ:0.000   Oscillator Strength:0.00000   <S**2>: 6.000
--------------------------------------------------------------------


State 25 3.148 eV 
Excitation    CI Coef
|3^CS(14->0)>    0.13782
|3^CS(13->0)>    0.07246
|3^CS(8->0)>    0.19971
|3^CS(4->0)>   -0.13730
|3^CS(3->0)>   -0.16127
|3^CS(14->0')>    0.08332
|3^CS(13->0')>    0.12855
|3^CS(8->0')>    0.18495
|3^CS(4->0')>   -0.13876
|3^CS(3->0')>   -0.18226
|3^SV(0->1')>    0.09100
|3^SV(0->2')>    0.35227
|3^SV(0->14')>   -0.09089
|3^SV(0'->1')>   -0.09699
|3^SV(0'->2')>   -0.20578
|3^SV(0'->12')>   -0.12589
|3^SV(0'->13')>    0.07660
|3X^CV(21->15')>    0.06745
|3X^CV(14->1')>    0.07422
|3X^CV(13->2')>    0.09911
|3X^CV(13->5')>    0.09909
|3X^CV(12->2')>    0.26227
|3X^CV(12->5')>    0.11348
|3X^CV(11->1')>    0.15735
|3X^CV(11->12')>   -0.07738
|3X^CV(10->7')>   -0.08533
|3X^CV(9->6')>    0.08689
|3X^CV(8->1')>    0.07377
|3X^CV(8->2')>   -0.09530
|3X^CV(8->12')>    0.05383
|3X^CV(4->2')>    0.07356
|3X^CV(3->1')>    0.14724
|3X^CV(3->5')>    0.05791
|3X^CV(3->12')>   -0.06766
|3^ZCV0(12->2')>   -0.13647
|3^ZCV0(11->1')>   -0.05530
|3^ZCV0(11->2')>    0.05011
|3^ZCV0(10->7')>    0.10410
|3^ZCV0(9->6')>   -0.10623
|3^ZCV0(8->1')>   -0.09275
|3^ZCV0(8->2')>    0.05487
|3^ZCV0(8->14')>   -0.06306
|3^ZCV0(4->1')>    0.05557
|3^ZCV0(3->1')>   -0.06088
|3^ZCV0(3->2')>    0.06983
|3^ZCV0(3->5')>   -0.05839
|3^ZCV0'(49->2')>    0.09161
|3^ZCV0'(48->1')>    0.05075
|3^ZCV0'(48->2')>   -0.05598
|3^ZCV0'(47->7')>   -0.10422
|3^ZCV0'(46->6')>    0.10645
|3^ZCV0'(45->1')>    0.06376
|3^ZCV0'(45->2')>   -0.06777
|3^ZCV0'(40->1')>    0.08267
|3^ZCV0'(40->2')>   -0.08688
|3^ZCV0'(40->5')>    0.05412
|3^ZCV0'(40->13')>   -0.05588
|3^SVD(2,13)>   -0.06177
|3^SVD(2,14)>    0.05256
TDMs with Triplet 'Ground' state
TDMX:-0.109   TDMY:0.418   TDMZ:-0.001   Oscillator Strength:0.01437   <S**2>: 2.000
--------------------------------------------------------------------
TDMs with Singlet 'Ground' state
TDMX:0.000   TDMY:0.000   TDMZ:0.000   Oscillator Strength:0.00000   <S**2>: 2.000
--------------------------------------------------------------------


State 26 3.185 eV 
Excitation    CI Coef
|3^OS>    0.11957
|3^CS(18->0)>    0.06252
|3^CS(17->0)>   -0.10034
|3^CS(14->0)>   -0.05393
|3^CS(13->0)>    0.11780
|3^CS(12->0)>   -0.07668
|3^CS(18->0')>   -0.09037
|3^CS(17->0')>    0.05988
|3^CS(14->0')>    0.11779
|3^CS(11->0')>   -0.11840
|3^CS(8->0')>    0.08295
|3^CS(3->0')>   -0.08002
|3^SV(0->1')>    0.06871
|3^SV(0->2')>   -0.20565
|3^SV(0->11')>    0.06946
|3^SV(0->12')>    0.06277
|3^SV(0->13')>   -0.19364
|3^SV(0->14')>    0.12133
|3^SV(0'->1')>   -0.09449
|3^SV(0'->2')>   -0.23398
|3^SV(0'->5')>    0.05388
|3^SV(0'->11')>    0.05110
|3^SV(0'->13')>   -0.09872
|3^SV(0'->14')>    0.20088
|3X^CV(14->1')>   -0.08360
|3X^CV(13->2')>   -0.07779
|3X^CV(13->5')>   -0.06376
|3X^CV(12->2')>   -0.12633
|3X^CV(12->5')>   -0.05175
|3X^CV(11->1')>   -0.17256
|3X^CV(11->2')>   -0.10522
|3X^CV(11->13')>   -0.05197
|3X^CV(11->14')>    0.05129
|3X^CV(10->7')>   -0.17543
|3X^CV(9->6')>    0.17907
|3X^CV(8->1')>    0.13207
|3X^CV(8->12')>    0.09537
|3X^CV(8->14')>    0.05832
|3X^CV(7->9')>    0.05867
|3X^CV(5->11')>    0.06558
|3X^CV(4->1')>   -0.07620
|3X^CV(4->12')>   -0.05121
|3X^CV(3->1')>   -0.11984
|3X^CV(3->2')>   -0.18775
|3X^CV(3->5')>    0.10075
|3X^CV(3->12')>    0.05505
|3X^CV(2->3')>   -0.08964
|3X^CV(1->4')>   -0.08765
|3^ZCV0(13->5')>   -0.06030
|3^ZCV0(12->1')>   -0.05451
|3^ZCV0(12->2')>   -0.11747
|3^ZCV0(11->1')>   -0.11167
|3^ZCV0(10->7')>   -0.10102
|3^ZCV0(9->6')>    0.10327
|3^ZCV0(8->1')>    0.06014
|3^ZCV0(8->2')>    0.05571
|3^ZCV0(3->1')>   -0.11656
|3^ZCV0(3->2')>   -0.10661
|3^ZCV0'(50->5')>    0.05571
|3^ZCV0'(49->2')>    0.10357
|3^ZCV0'(48->1')>    0.11238
|3^ZCV0'(48->2')>    0.08696
|3^ZCV0'(47->7')>    0.10132
|3^ZCV0'(46->6')>   -0.10357
|3^ZCV0'(45->1')>   -0.07186
|3^ZCV0'(40->1')>    0.11268
|3^ZCV0'(40->2')>    0.10204
TDMs with Triplet 'Ground' state
TDMX:-0.017   TDMY:-0.570   TDMZ:0.091   Oscillator Strength:0.02602   <S**2>: 2.000
--------------------------------------------------------------------
TDMs with Singlet 'Ground' state
TDMX:0.000   TDMY:0.000   TDMZ:0.000   Oscillator Strength:0.00000   <S**2>: 2.000
--------------------------------------------------------------------


State 27 3.253 eV 
Excitation    CI Coef
|1^CS(16->0)>   -0.06615
|1^CS(15->0)>    0.08591
|1^CS(10->0)>    0.05725
|1^CS(9->0)>    0.05692
|1^CS(2->0)>   -0.26068
|1^CS(1->0)>    0.28172
|1^CS(16->0')>   -0.07327
|1^CS(15->0')>    0.09187
|1^CS(10->0')>    0.05602
|1^CS(9->0')>    0.05739
|1^CS(2->0')>   -0.28615
|1^CS(1->0')>    0.29680
|1^SV(0->3')>   -0.30801
|1^SV(0->4')>    0.30259
|1^SV(0->6')>   -0.11390
|1^SV(0->7')>    0.10607
|1^SV(0'->3')>   -0.28817
|1^SV(0'->4')>    0.29422
|1^SV(0'->6')>   -0.11663
|1^SV(0'->7')>    0.11281
|1S^CV(2->13')>    0.05107
|1S^CV(1->13')>   -0.05440
|1T^CV(12->3')>    0.07170
|1T^CV(12->4')>   -0.07153
|1T^CV(8->3')>    0.05246
|1T^CV(8->4')>   -0.05278
|1T^CV(7->9')>   -0.05179
|1T^CV(6->8')>   -0.05024
|1T^CV(5->10')>    0.05543
|1T^CV(5->11')>    0.05879
|1T^CV(3->3')>   -0.05190
|1T^CV(3->4')>    0.05094
|1T^CV(2->12')>   -0.07900
|1T^CV(1->12')>    0.08425
|1^ZCV0(12->3')>   -0.05625
|1^ZCV0(12->4')>    0.05630
|1^ZCV0(2->14')>   -0.06522
|1^ZCV0(1->14')>    0.06873
|1^ZCV0'(2->13')>    0.07480
|1^ZCV0'(1->13')>   -0.07932
|1^CSD_(12,2)>    0.05916
|1^CSD_(12,1)>   -0.06221
|1^SVD_(3',13')>    0.06336
|1^SVD_(3',14')>   -0.06133
|1^SVD_(4',13')>   -0.06374
|1^SVD_(4',14')>    0.06106
TDMs with Triplet 'Ground' state
TDMX:0.000   TDMY:0.000   TDMZ:0.000   Oscillator Strength:0.00000   <S**2>: 0.000
--------------------------------------------------------------------
TDMs with Singlet 'Ground' state
TDMX:1.654   TDMY:0.163   TDMZ:-0.075   Oscillator Strength:0.22055   <S**2>: 0.000
--------------------------------------------------------------------


State 28 3.278 eV 
Excitation    CI Coef
|1^OS>    0.12134
|1^ZW->   -0.09625
|1^ZW+>   -0.16734
|1^CS(14->0)>   -0.17212
|1^CS(8->0)>   -0.12357
|1^CS(6->0)>    0.07669
|1^CS(5->0)>    0.09989
|1^CS(4->0)>   -0.09280
|1^CS(3->0)>    0.08004
|1^CS(14->0')>   -0.05566
|1^CS(13->0')>   -0.17484
|1^CS(12->0')>    0.06881
|1^CS(11->0')>   -0.05394
|1^CS(5->0')>   -0.15780
|1^CS(4->0')>    0.15327
|1^CS(3->0')>    0.06159
|1^SV(0->1')>    0.17271
|1^SV(0->2')>    0.26964
|1^SV(0->5')>   -0.05905
|1^SV(0->10')>    0.14753
|1^SV(0->11')>   -0.10008
|1^SV(0->12')>   -0.06869
|1^SV(0->14')>   -0.18737
|1^SV(0'->1')>    0.07052
|1^SV(0'->2')>   -0.08573
|1^SV(0'->5')>    0.05045
|1^SV(0'->10')>   -0.09162
|1^SV(0'->11')>    0.16136
|1^SV(0'->12')>    0.09404
|1^SV(0'->13')>   -0.10989
|1^SV(0'->14')>    0.07497
|1^SV(0'->15')>    0.05634
|1T^CV(21->15')>   -0.09049
|1T^CV(21->21')>   -0.05826
|1T^CV(20->1')>    0.09999
|1T^CV(19->2')>    0.05379
|1T^CV(19->5')>    0.05490
|1T^CV(17->2')>    0.07283
|1T^CV(14->1')>   -0.15275
|1T^CV(13->2')>   -0.17474
|1T^CV(13->5')>   -0.10709
|1T^CV(12->1')>   -0.06428
|1T^CV(12->2')>   -0.23928
|1T^CV(12->5')>   -0.13926
|1T^CV(12->13')>    0.05745
|1T^CV(11->1')>   -0.24889
|1T^CV(11->2')>   -0.07490
|1T^CV(11->12')>    0.09979
|1T^CV(11->14')>    0.09926
|1T^CV(10->6')>   -0.10814
|1T^CV(10->7')>   -0.06046
|1T^CV(9->6')>    0.06232
|1T^CV(9->7')>    0.10516
|1T^CV(8->5')>    0.11320
|1T^CV(3->1')>   -0.14773
|1T^CV(3->2')>   -0.08965
|1T^CV(3->12')>    0.15540
|1T^CV(3->14')>    0.10855
|1T^CV(2->4')>   -0.05047
TDMs with Triplet 'Ground' state
TDMX:0.000   TDMY:0.000   TDMZ:0.000   Oscillator Strength:0.00000   <S**2>: 0.000
--------------------------------------------------------------------
TDMs with Singlet 'Ground' state
TDMX:0.116   TDMY:-0.547   TDMZ:-0.016   Oscillator Strength:0.02511   <S**2>: 0.000
--------------------------------------------------------------------


State 29 3.300 eV 
Excitation    CI Coef
|5^CV(20->2')>   -0.07193
|5^CV(20->13')>   -0.05133
|5^CV(20->21')>    0.06547
|5^CV(19->1')>   -0.06976
|5^CV(19->16')>   -0.07062
|5^CV(19->20')>    0.05610
|5^CV(18->13')>   -0.05329
|5^CV(18->19')>    0.05088
|5^CV(17->1')>   -0.05750
|5^CV(17->14')>   -0.06006
|5^CV(16->17')>   -0.06293
|5^CV(15->18')>    0.05637
|5^CV(14->2')>    0.08284
|5^CV(14->5')>   -0.07768
|5^CV(14->13')>    0.09122
|5^CV(14->15')>   -0.07946
|5^CV(13->1')>    0.09143
|5^CV(13->14')>    0.12460
|5^CV(12->1')>   -0.12815
|5^CV(12->14')>   -0.11678
|5^CV(11->2')>   -0.07252
|5^CV(11->13')>   -0.13038
|5^CV(10->7')>   -0.36863
|5^CV(9->6')>    0.37721
|5^CV(8->1')>    0.26009
|5^CV(8->8')>    0.07049
|5^CV(8->10')>    0.07021
|5^CV(8->12')>    0.16897
|5^CV(8->14')>    0.07601
|5^CV(7->9')>    0.15869
|5^CV(6->1')>   -0.07284
|5^CV(6->8')>    0.12442
|5^CV(6->10')>   -0.11669
|5^CV(5->11')>    0.22722
|5^CV(4->1')>   -0.16570
|5^CV(4->8')>    0.06968
|5^CV(4->10')>    0.17563
|5^CV(4->12')>   -0.09976
|5^CV(3->2')>   -0.30046
|5^CV(3->5')>    0.21315
|5^CV(2->3')>   -0.19519
|5^CV(1->4')>   -0.19576
TDMs with Triplet 'Ground' state
TDMX:0.000   TDMY:0.000   TDMZ:0.000   Oscillator Strength:0.00000   <S**2>: 6.000
--------------------------------------------------------------------
TDMs with Singlet 'Ground' state
TDMX:0.000   TDMY:0.000   TDMZ:0.000   Oscillator Strength:0.00000   <S**2>: 6.000
--------------------------------------------------------------------


State 30 3.302 eV 
Excitation    CI Coef
|3^CS(16->0)>    0.06527
|3^CS(15->0)>   -0.08209
|3^CS(10->0)>   -0.11535
|3^CS(9->0)>   -0.11934
|3^CS(2->0)>    0.26087
|3^CS(1->0)>   -0.27092
|3^CS(16->0')>    0.06057
|3^CS(15->0')>   -0.07838
|3^CS(10->0')>   -0.11633
|3^CS(9->0')>   -0.11351
|3^CS(2->0')>    0.26128
|3^CS(1->0')>   -0.28135
|3^SV(0->3')>   -0.25065
|3^SV(0->4')>    0.25496
|3^SV(0->6')>   -0.19843
|3^SV(0->7')>    0.18762
|3^SV(0'->3')>    0.25597
|3^SV(0'->4')>   -0.25206
|3^SV(0'->6')>    0.20791
|3^SV(0'->7')>   -0.19548
|3T^CV(2->13')>    0.05087
|3T^CV(1->13')>   -0.05433
|3S^CV(1->13')>   -0.05044
|3X^CV(2->12')>    0.05286
|3X^CV(1->12')>   -0.05562
|3^SVD(3,13)>    0.05691
|3^SVD(3,14)>   -0.05075
|3^SVD(4,13)>   -0.05663
|3^SVD(4,14)>    0.05104
TDMs with Triplet 'Ground' state
TDMX:1.425   TDMY:0.106   TDMZ:0.053   Oscillator Strength:0.16533   <S**2>: 2.000
--------------------------------------------------------------------
TDMs with Singlet 'Ground' state
TDMX:0.000   TDMY:0.000   TDMZ:0.000   Oscillator Strength:0.00000   <S**2>: 2.000
--------------------------------------------------------------------


State 31 3.310 eV 
Excitation    CI Coef
|1^CS(10->0)>    0.17326
|1^CS(9->0)>    0.17866
|1^CS(2->0)>    0.07209
|1^CS(1->0)>   -0.08787
|1^CS(10->0')>    0.19133
|1^CS(9->0')>    0.18606
|1^CS(2->0')>    0.08479
|1^CS(1->0')>   -0.08078
|1^SV(0->3')>    0.09800
|1^SV(0->4')>   -0.09071
|1^SV(0->6')>   -0.36447
|1^SV(0->7')>    0.33991
|1^SV(0'->3')>    0.08628
|1^SV(0'->4')>   -0.09346
|1^SV(0'->6')>   -0.38888
|1^SV(0'->7')>    0.37265
|1S^CV(12->6')>    0.05064
|1T^CV(18->6')>    0.07187
|1T^CV(18->7')>   -0.06745
|1T^CV(14->6')>   -0.09616
|1T^CV(14->7')>    0.09120
|1T^CV(13->6')>   -0.07623
|1T^CV(13->7')>    0.07432
|1T^CV(12->6')>    0.06780
|1T^CV(12->7')>   -0.06105
|1T^CV(11->6')>   -0.06278
|1T^CV(11->7')>    0.06005
|1T^CV(10->1')>    0.10484
|1T^CV(10->2')>    0.06433
|1T^CV(10->13')>    0.06963
|1T^CV(10->14')>    0.06321
|1T^CV(9->1')>    0.10503
|1T^CV(9->2')>    0.06328
|1T^CV(9->13')>    0.06983
|1T^CV(9->14')>    0.06361
|1T^CV(3->6')>    0.05866
|1T^CV(3->7')>   -0.05650
|1^ZCV0(12->6')>   -0.06464
|1^ZCV0(12->7')>    0.06012
|1^ZCV0'(18->6')>    0.05000
|1^SVD_(6',13')>    0.08684
|1^SVD_(6',14')>   -0.07476
|1^SVD_(7',13')>   -0.08216
|1^SVD_(7',14')>    0.07034
TDMs with Triplet 'Ground' state
TDMX:0.000   TDMY:0.000   TDMZ:0.000   Oscillator Strength:0.00000   <S**2>: 0.000
--------------------------------------------------------------------
TDMs with Singlet 'Ground' state
TDMX:-0.716   TDMY:-0.089   TDMZ:0.420   Oscillator Strength:0.05645   <S**2>: 0.000
--------------------------------------------------------------------


State 32 3.313 eV 
Excitation    CI Coef
|3^CS(5->0)>    0.06479
|3^CS(4->0')>    0.05908
|3^CS(3->0')>    0.06345
|3^SV(0->2')>   -0.17366
|3^SV(0->11')>    0.07466
|3^SV(0'->1')>   -0.09455
|3^SV(0'->2')>    0.06644
|3^SV(0'->10')>   -0.06425
|3X^CV(20->1')>    0.06119
|3X^CV(14->1')>   -0.10413
|3X^CV(13->2')>   -0.09817
|3X^CV(12->2')>   -0.10308
|3X^CV(12->13')>    0.09346
|3X^CV(11->1')>   -0.08919
|3X^CV(11->14')>    0.09095
|3X^CV(10->6')>   -0.15268
|3X^CV(9->7')>    0.14894
|3X^CV(8->2')>   -0.06747
|3X^CV(8->5')>    0.11961
|3X^CV(8->9')>   -0.05630
|3X^CV(8->11')>   -0.06311
|3X^CV(7->8')>   -0.11261
|3X^CV(6->9')>   -0.08819
|3X^CV(6->11')>    0.09258
|3X^CV(5->10')>   -0.17705
|3X^CV(4->5')>   -0.07530
|3X^CV(4->11')>   -0.14454
|3X^CV(3->1')>    0.06866
|3X^CV(3->12')>    0.14489
|3X^CV(3->14')>    0.05265
|3X^CV(2->4')>   -0.15078
|3X^CV(1->3')>   -0.14877
|3^ZCV0(14->13')>   -0.05267
|3^ZCV0(13->14')>   -0.05657
|3^ZCV0(12->14')>    0.06708
|3^ZCV0(11->13')>    0.08236
|3^ZCV0(10->7')>    0.11975
|3^ZCV0(9->6')>   -0.12244
|3^ZCV0(8->1')>   -0.10322
|3^ZCV0(8->8')>   -0.05211
|3^ZCV0(8->10')>   -0.06025
|3^ZCV0(8->12')>   -0.09102
|3^ZCV0(7->9')>   -0.11386
|3^ZCV0(6->8')>   -0.08760
|3^ZCV0(6->10')>    0.09416
|3^ZCV0(5->11')>   -0.18689
|3^ZCV0(4->1')>    0.06582
|3^ZCV0(4->8')>   -0.05232
|3^ZCV0(4->10')>   -0.14554
|3^ZCV0(4->12')>    0.06016
|3^ZCV0(3->2')>    0.11776
|3^ZCV0(3->5')>   -0.09681
|3^ZCV0(2->3')>    0.14818
|3^ZCV0(1->4')>    0.14764
|3^ZCV0'(50->14')>    0.05957
|3^ZCV0'(49->14')>   -0.06655
|3^ZCV0'(48->13')>   -0.08573
|3^ZCV0'(47->7')>   -0.11996
|3^ZCV0'(46->6')>    0.12260
|3^ZCV0'(45->1')>    0.09865
|3^ZCV0'(45->8')>    0.05222
|3^ZCV0'(45->10')>    0.05858
|3^ZCV0'(45->12')>    0.09101
|3^ZCV0'(44->9')>    0.11429
|3^ZCV0'(43->8')>    0.08797
|3^ZCV0'(43->10')>   -0.09463
|3^ZCV0'(42->11')>    0.18744
|3^ZCV0'(41->1')>   -0.06820
|3^ZCV0'(41->8')>    0.05236
|3^ZCV0'(41->10')>    0.14605
|3^ZCV0'(41->12')>   -0.05542
|3^ZCV0'(40->2')>   -0.10988
|3^ZCV0'(40->5')>    0.09914
|3^ZCV0'(39->3')>   -0.14948
|3^ZCV0'(38->4')>   -0.14879
TDMs with Triplet 'Ground' state
TDMX:0.078   TDMY:0.052   TDMZ:0.079   Oscillator Strength:0.00123   <S**2>: 2.000
--------------------------------------------------------------------
TDMs with Singlet 'Ground' state
TDMX:0.000   TDMY:0.000   TDMZ:0.000   Oscillator Strength:0.00000   <S**2>: 2.000
--------------------------------------------------------------------


State 33 3.322 eV 
Excitation    CI Coef
|1^ZW->    0.05497
|1^ZW+>    0.07212
|1^CS(14->0)>    0.07847
|1^CS(7->0)>   -0.09302
|1^CS(6->0)>    0.23738
|1^CS(5->0)>    0.31327
|1^CS(4->0)>   -0.18028
|1^CS(13->0')>    0.08111
|1^CS(8->0')>    0.06573
|1^CS(7->0')>    0.10840
|1^CS(6->0')>   -0.27593
|1^CS(5->0')>   -0.29518
|1^CS(4->0')>    0.19131
|1^SV(0->2')>   -0.09552
|1^SV(0->8')>   -0.08353
|1^SV(0->9')>    0.09000
|1^SV(0->10')>    0.21455
|1^SV(0->11')>   -0.27040
|1^SV(0->14')>    0.09226
|1^SV(0'->8')>    0.07758
|1^SV(0'->9')>   -0.08518
|1^SV(0'->10')>   -0.24783
|1^SV(0'->11')>    0.20368
|1^SV(0'->13')>    0.05888
|1^SV(0'->14')>   -0.05440
|1T^CV(17->10')>    0.07314
|1T^CV(17->11')>   -0.07479
|1T^CV(14->1')>    0.06202
|1T^CV(13->2')>    0.07828
|1T^CV(12->2')>    0.10715
|1T^CV(12->5')>    0.06153
|1T^CV(11->1')>    0.09499
|1T^CV(11->10')>   -0.05106
|1T^CV(11->11')>    0.05446
|1T^CV(10->6')>    0.05131
|1T^CV(9->7')>   -0.05102
|1T^CV(7->3')>    0.05290
|1T^CV(7->4')>    0.05207
|1T^CV(6->12')>   -0.06443
|1T^CV(5->1')>   -0.05364
|1T^CV(5->3')>    0.06856
|1T^CV(5->4')>    0.07274
|1T^CV(5->12')>   -0.07841
|1T^CV(4->1')>    0.05172
|1T^CV(4->3')>   -0.07613
|1T^CV(4->4')>   -0.07500
|1T^CV(4->5')>    0.06340
|1T^CV(4->12')>    0.06183
|1T^CV(3->12')>   -0.07262
|1T^CV(2->10')>    0.06358
|1T^CV(2->11')>   -0.08087
|1T^CV(1->10')>    0.07323
|1T^CV(1->11')>   -0.06284
|1^CSD_(11,5)>   -0.05653
TDMs with Triplet 'Ground' state
TDMX:0.000   TDMY:0.000   TDMZ:0.000   Oscillator Strength:0.00000   <S**2>: 0.000
--------------------------------------------------------------------
TDMs with Singlet 'Ground' state
TDMX:0.239   TDMY:0.235   TDMZ:-0.574   Oscillator Strength:0.03592   <S**2>: 0.000
--------------------------------------------------------------------


State 34 3.327 eV 
Excitation    CI Coef
|3^CS(6->0)>    0.08214
|3^CS(5->0)>    0.10264
|3^CS(4->0)>   -0.14111
|3^CS(6->0')>   -0.05990
|3^CS(5->0')>   -0.16227
|3^CS(4->0')>    0.12199
|3^SV(0->1')>   -0.11576
|3^SV(0->10')>   -0.15215
|3^SV(0->11')>    0.09895
|3^SV(0'->2')>   -0.16292
|3^SV(0'->10')>   -0.09479
|3^SV(0'->11')>    0.16290
|3X^CV(12->14')>    0.05822
|3X^CV(11->13')>    0.07796
|3X^CV(10->7')>    0.05085
|3X^CV(9->6')>   -0.05199
|3X^CV(8->1')>   -0.05589
|3X^CV(8->8')>   -0.05084
|3X^CV(8->10')>   -0.05761
|3X^CV(8->12')>   -0.06938
|3X^CV(7->9')>   -0.10673
|3X^CV(6->8')>   -0.07948
|3X^CV(6->10')>    0.09731
|3X^CV(5->11')>   -0.20136
|3X^CV(4->1')>    0.05379
|3X^CV(4->8')>   -0.05192
|3X^CV(4->10')>   -0.16747
|3X^CV(4->12')>    0.07010
|3X^CV(3->2')>    0.05730
|3X^CV(3->5')>   -0.07523
|3X^CV(2->3')>    0.14745
|3X^CV(1->4')>    0.14906
|3^ZCV0(15->17')>   -0.05052
|3^ZCV0(14->1')>   -0.05485
|3^ZCV0(12->2')>   -0.06793
|3^ZCV0(12->13')>    0.07973
|3^ZCV0(11->1')>   -0.06473
|3^ZCV0(11->14')>    0.07284
|3^ZCV0(10->6')>   -0.08304
|3^ZCV0(9->7')>    0.08091
|3^ZCV0(8->2')>   -0.05123
|3^ZCV0(8->5')>    0.08324
|3^ZCV0(8->9')>   -0.05341
|3^ZCV0(8->11')>   -0.07362
|3^ZCV0(7->8')>   -0.10993
|3^ZCV0(6->9')>   -0.08538
|3^ZCV0(6->11')>    0.10351
|3^ZCV0(5->10')>   -0.19706
|3^ZCV0(4->5')>   -0.05195
|3^ZCV0(4->11')>   -0.15708
|3^ZCV0(3->12')>    0.10807
|3^ZCV0(2->4')>   -0.15271
|3^ZCV0(1->3')>   -0.15268
|3^ZCV0'(52->17')>    0.05051
|3^ZCV0'(51->1')>    0.06227
|3^ZCV0'(50->2')>    0.05729
|3^ZCV0'(49->2')>    0.05192
|3^ZCV0'(49->13')>   -0.07857
|3^ZCV0'(48->1')>    0.07215
|3^ZCV0'(48->14')>   -0.07977
|3^ZCV0'(47->6')>    0.08280
|3^ZCV0'(46->7')>   -0.08063
|3^ZCV0'(45->5')>   -0.08364
|3^ZCV0'(45->9')>    0.05336
|3^ZCV0'(45->11')>    0.07721
|3^ZCV0'(44->8')>    0.11006
|3^ZCV0'(43->9')>    0.08534
|3^ZCV0'(43->11')>   -0.10442
|3^ZCV0'(42->10')>    0.19648
|3^ZCV0'(41->5')>    0.05007
|3^ZCV0'(41->11')>    0.16100
|3^ZCV0'(40->12')>   -0.11072
|3^ZCV0'(39->4')>    0.15314
|3^ZCV0'(38->3')>    0.15286
TDMs with Triplet 'Ground' state
TDMX:0.094   TDMY:-0.447   TDMZ:-0.246   Oscillator Strength:0.02195   <S**2>: 2.000
--------------------------------------------------------------------
TDMs with Singlet 'Ground' state
TDMX:0.000   TDMY:0.000   TDMZ:0.000   Oscillator Strength:0.00000   <S**2>: 2.000
--------------------------------------------------------------------


State 35 3.333 eV 
Excitation    CI Coef
|1^CS(8->0)>    0.16521
|1^CS(7->0)>   -0.33603
|1^CS(6->0)>    0.22179
|1^CS(5->0)>   -0.09772
|1^CS(4->0)>    0.17557
|1^CS(8->0')>   -0.21021
|1^CS(7->0')>    0.34496
|1^CS(6->0')>   -0.20744
|1^CS(5->0')>    0.05680
|1^CS(4->0')>   -0.20829
|1^SV(0->8')>   -0.25219
|1^SV(0->9')>    0.25345
|1^SV(0->11')>    0.12682
|1^SV(0'->8')>    0.24338
|1^SV(0'->9')>   -0.23754
|1^SV(0'->10')>    0.10310
|1T^CV(17->8')>   -0.07940
|1T^CV(17->9')>    0.07826
|1T^CV(16->8')>    0.05077
|1T^CV(16->9')>   -0.05152
|1T^CV(11->8')>    0.05587
|1T^CV(11->9')>   -0.05602
|1T^CV(7->1')>    0.06015
|1T^CV(7->3')>    0.08487
|1T^CV(7->4')>    0.08316
|1T^CV(7->12')>    0.08906
|1T^CV(6->3')>   -0.09593
|1T^CV(6->4')>   -0.09224
|1T^CV(6->12')>   -0.05799
|1T^CV(5->4')>   -0.05199
|1T^CV(4->12')>   -0.05392
|1T^CV(2->8')>    0.07588
|1T^CV(2->9')>   -0.07443
|1T^CV(2->11')>    0.05005
|1T^CV(1->8')>    0.06850
|1T^CV(1->9')>   -0.07338
|1T^CV(1->10')>   -0.05090
|1^CSD_(11,7)>    0.06377
TDMs with Triplet 'Ground' state
TDMX:0.000   TDMY:0.000   TDMZ:0.000   Oscillator Strength:0.00000   <S**2>: 0.000
--------------------------------------------------------------------
TDMs with Singlet 'Ground' state
TDMX:-0.141   TDMY:-0.183   TDMZ:0.557   Oscillator Strength:0.02972   <S**2>: 0.000
--------------------------------------------------------------------


State 36 3.335 eV 
Excitation    CI Coef
|3^CS(10->0)>    0.18503
|3^CS(9->0)>    0.18630
|3^CS(2->0)>    0.16224
|3^CS(1->0)>   -0.16003
|3^CS(10->0')>    0.17826
|3^CS(9->0')>    0.17635
|3^CS(2->0')>    0.15450
|3^CS(1->0')>   -0.17494
|3^SV(0->3')>   -0.15485
|3^SV(0->4')>    0.16339
|3^SV(0->6')>    0.31758
|3^SV(0->7')>   -0.29753
|3^SV(0'->3')>    0.16531
|3^SV(0'->4')>   -0.15710
|3^SV(0'->6')>   -0.32920
|3^SV(0'->7')>    0.31054
|3X^CV(14->6')>   -0.06646
|3X^CV(14->7')>    0.06295
|3X^CV(13->6')>   -0.05274
|3X^CV(13->7')>    0.05079
|3X^CV(10->1')>    0.08880
|3X^CV(10->2')>    0.05190
|3X^CV(10->13')>    0.05618
|3X^CV(10->14')>    0.05357
|3X^CV(9->1')>    0.08819
|3X^CV(9->2')>    0.05215
|3X^CV(9->13')>    0.05681
|3X^CV(9->14')>    0.05343
|3^ZCV0(12->6')>   -0.05616
|3^ZCV0(12->7')>    0.05154
|3^ZCV0(10->1')>   -0.05701
|3^ZCV0(9->1')>   -0.05592
|3^ZCV0'(51->6')>   -0.05350
|3^ZCV0'(51->7')>    0.05114
|3^SVD(6,13)>   -0.07436
|3^SVD(6,14)>    0.06461
|3^SVD(7,13)>    0.07019
|3^SVD(7,14)>   -0.06079
TDMs with Triplet 'Ground' state
TDMX:1.143   TDMY:0.129   TDMZ:-0.457   Oscillator Strength:0.12522   <S**2>: 2.000
--------------------------------------------------------------------
TDMs with Singlet 'Ground' state
TDMX:0.000   TDMY:0.000   TDMZ:0.000   Oscillator Strength:0.00000   <S**2>: 2.000
--------------------------------------------------------------------


State 37 3.340 eV 
Excitation    CI Coef
|3^CS(8->0)>   -0.09428
|3^CS(6->0)>    0.18527
|3^CS(5->0)>    0.29111
|3^CS(4->0)>   -0.18397
|3^CS(8->0')>    0.09163
|3^CS(6->0')>   -0.19397
|3^CS(5->0')>   -0.29259
|3^CS(4->0')>    0.19974
|3^SV(0->10')>   -0.24442
|3^SV(0->11')>    0.26662
|3^SV(0'->10')>   -0.25113
|3^SV(0'->11')>    0.25189
|3^SV(0'->14')>   -0.06052
|3X^CV(17->10')>    0.06185
|3X^CV(17->11')>   -0.06452
|3X^CV(11->11')>    0.05083
|3X^CV(8->10')>    0.05521
|3X^CV(6->10')>   -0.05495
|3X^CV(5->3')>    0.06384
|3X^CV(5->4')>    0.06235
|3X^CV(5->10')>    0.06178
|3X^CV(5->11')>    0.09652
|3X^CV(5->12')>   -0.06346
|3X^CV(4->3')>   -0.06013
|3X^CV(4->4')>   -0.05483
|3X^CV(4->11')>    0.06745
|3X^CV(2->3')>   -0.05629
|3X^CV(2->10')>    0.06427
|3X^CV(2->11')>   -0.06938
|3X^CV(1->4')>   -0.05911
|3X^CV(1->10')>    0.06298
|3X^CV(1->11')>   -0.06341
|3^ZCV0(7->8')>    0.05073
|3^ZCV0(5->10')>    0.10678
|3^ZCV0(4->11')>    0.10030
|3^ZCV0(3->12')>   -0.05257
|3^ZCV0(2->4')>    0.07812
|3^ZCV0(1->3')>    0.07923
|3^ZCV0'(44->8')>   -0.05026
|3^ZCV0'(42->10')>   -0.10771
|3^ZCV0'(42->11')>   -0.05125
|3^ZCV0'(41->11')>   -0.09263
|3^ZCV0'(40->12')>    0.05225
|3^ZCV0'(39->4')>   -0.07710
|3^ZCV0'(38->3')>   -0.07812
TDMs with Triplet 'Ground' state
TDMX:0.280   TDMY:0.193   TDMZ:-0.654   Oscillator Strength:0.04442   <S**2>: 2.000
--------------------------------------------------------------------
TDMs with Singlet 'Ground' state
TDMX:0.000   TDMY:0.000   TDMZ:0.000   Oscillator Strength:0.00000   <S**2>: 2.000
--------------------------------------------------------------------


State 38 3.354 eV 
Excitation    CI Coef
|3^CS(8->0)>    0.16337
|3^CS(7->0)>   -0.33639
|3^CS(6->0)>    0.25216
|3^CS(4->0)>    0.14642
|3^CS(8->0')>   -0.17115
|3^CS(7->0')>    0.34983
|3^CS(6->0')>   -0.26216
|3^CS(4->0')>   -0.14864
|3^SV(0->8')>    0.27790
|3^SV(0->9')>   -0.27629
|3^SV(0'->8')>    0.27399
|3^SV(0'->9')>   -0.27259
|3X^CV(17->8')>   -0.07061
|3X^CV(17->9')>    0.07003
|3X^CV(11->8')>    0.05243
|3X^CV(11->9')>   -0.05237
|3X^CV(7->1')>    0.05002
|3X^CV(7->3')>    0.07680
|3X^CV(7->4')>    0.07621
|3X^CV(7->12')>    0.07623
|3X^CV(6->3')>   -0.07526
|3X^CV(6->4')>   -0.07537
|3X^CV(6->12')>   -0.05610
|3X^CV(2->8')>    0.07060
|3X^CV(2->9')>   -0.07133
|3X^CV(1->8')>    0.06696
|3X^CV(1->9')>   -0.06804
|3^ZCV0(17->8')>   -0.05166
|3^ZCV0(17->9')>    0.05132
|3^ZCV0(7->12')>    0.05499
|3^ZCV0'(48->8')>   -0.05124
|3^ZCV0'(48->9')>    0.05111
TDMs with Triplet 'Ground' state
TDMX:-0.102   TDMY:-0.073   TDMZ:0.373   Oscillator Strength:0.01270   <S**2>: 2.000
--------------------------------------------------------------------
TDMs with Singlet 'Ground' state
TDMX:0.000   TDMY:0.000   TDMZ:0.000   Oscillator Strength:0.00000   <S**2>: 2.000
--------------------------------------------------------------------


State 39 3.356 eV 
Excitation    CI Coef
|5^CV(35->17')>    0.05325
|5^CV(34->18')>   -0.05188
|5^CV(18->20')>    0.07040
|5^CV(17->19')>   -0.07872
|5^CV(16->18')>    0.10087
|5^CV(15->17')>   -0.10390
|5^CV(14->1')>   -0.05208
|5^CV(14->12')>    0.06672
|5^CV(13->2')>   -0.05784
|5^CV(13->5')>   -0.07199
|5^CV(13->13')>   -0.05690
|5^CV(12->2')>   -0.11196
|5^CV(12->13')>    0.13363
|5^CV(11->1')>   -0.12414
|5^CV(11->4')>    0.05989
|5^CV(11->12')>   -0.09026
|5^CV(11->14')>    0.12906
|5^CV(8->3')>   -0.05875
|5^CV(8->5')>    0.09933
|5^CV(8->9')>   -0.09719
|5^CV(8->11')>   -0.17187
|5^CV(8->13')>    0.11881
|5^CV(7->8')>   -0.19911
|5^CV(7->10')>   -0.05035
|5^CV(6->9')>   -0.14921
|5^CV(6->11')>    0.23387
|5^CV(5->10')>   -0.46239
|5^CV(4->5')>   -0.07872
|5^CV(4->9')>   -0.08343
|5^CV(4->11')>   -0.38169
|5^CV(4->13')>   -0.06232
|5^CV(3->4')>   -0.05834
|5^CV(3->12')>    0.15962
|5^CV(3->14')>   -0.06232
|5^CV(2->4')>   -0.30937
|5^CV(2->12')>    0.08827
|5^CV(2->14')>   -0.06384
|5^CV(1->3')>   -0.30722
|5^CV(1->5')>    0.07046
|5^CV(1->13')>    0.09040
TDMs with Triplet 'Ground' state
TDMX:0.000   TDMY:0.000   TDMZ:0.000   Oscillator Strength:0.00000   <S**2>: 6.000
--------------------------------------------------------------------
TDMs with Singlet 'Ground' state
TDMX:0.000   TDMY:0.000   TDMZ:0.000   Oscillator Strength:0.00000   <S**2>: 6.000
--------------------------------------------------------------------


State 40 3.367 eV 
Excitation    CI Coef
|1^OS>    0.07461
|1^CS(8->0)>    0.11030
|1^CS(6->0)>   -0.08825
|1^CS(5->0)>    0.18720
|1^CS(4->0)>    0.17484
|1^CS(7->0')>    0.06570
|1^CS(6->0')>   -0.09142
|1^CS(5->0')>    0.22068
|1^CS(4->0')>    0.15997
|1^SV(0->1')>    0.06759
|1^SV(0->8')>   -0.07190
|1^SV(0->10')>   -0.38221
|1^SV(0->11')>   -0.37467
|1^SV(0'->9')>   -0.05472
|1^SV(0'->10')>   -0.33723
|1^SV(0'->11')>   -0.38674
|1S^CV(12->11')>    0.05247
|1T^CV(18->10')>    0.05821
|1T^CV(18->11')>    0.05932
|1T^CV(14->11')>   -0.05556
|1T^CV(12->10')>    0.09369
|1T^CV(12->11')>    0.09987
|1T^CV(8->10')>    0.06867
|1T^CV(8->11')>    0.08154
|1T^CV(5->13')>    0.05226
|1T^CV(3->10')>   -0.06550
|1T^CV(3->11')>   -0.06070
|1T^CV(2->10')>   -0.10703
|1T^CV(2->11')>   -0.09575
|1T^CV(1->10')>    0.09905
|1T^CV(1->11')>    0.11458
|1^ZCV0(12->10')>   -0.06158
|1^ZCV0(12->11')>   -0.06701
|1^SVD_(10',13')>    0.08015
|1^SVD_(10',14')>   -0.07515
|1^SVD_(11',13')>    0.08512
|1^SVD_(11',14')>   -0.07926
TDMs with Triplet 'Ground' state
TDMX:0.000   TDMY:0.000   TDMZ:0.000   Oscillator Strength:0.00000   <S**2>: 0.000
--------------------------------------------------------------------
TDMs with Singlet 'Ground' state
TDMX:-0.106   TDMY:-0.117   TDMZ:0.229   Oscillator Strength:0.00640   <S**2>: 0.000
--------------------------------------------------------------------


State 41 3.373 eV 
Excitation    CI Coef
|3^CS(8->0)>   -0.05767
|3^CS(6->0)>    0.06493
|3^CS(5->0)>   -0.10255
|3^CS(4->0)>   -0.10754
|3^CS(8->0')>   -0.05717
|3^CS(6->0')>    0.05610
|3^CS(5->0')>   -0.11463
|3^CS(4->0')>   -0.07704
|3^SV(0->1')>   -0.07039
|3^SV(0->2')>    0.08988
|3^SV(0->10')>   -0.16634
|3^SV(0->11')>   -0.16870
|3^SV(0'->1')>    0.05045
|3^SV(0'->2')>   -0.08624
|3^SV(0'->10')>    0.14631
|3^SV(0'->11')>    0.18210
|3X^CV(12->3')>   -0.05684
|3X^CV(11->4')>    0.06937
|3X^CV(10->6')>    0.08497
|3X^CV(9->7')>   -0.08306
|3X^CV(8->3')>   -0.06428
|3X^CV(8->4')>   -0.05035
|3X^CV(8->11')>   -0.09797
|3X^CV(7->8')>    0.08878
|3X^CV(7->9')>   -0.07491
|3X^CV(6->8')>   -0.07006
|3X^CV(6->9')>    0.08810
|3X^CV(6->11')>    0.08715
|3X^CV(5->10')>   -0.18283
|3X^CV(5->11')>    0.08643
|3X^CV(4->10')>    0.08678
|3X^CV(4->11')>   -0.14634
|3X^CV(3->1')>   -0.05369
|3X^CV(3->4')>   -0.06670
|3X^CV(3->14')>   -0.05128
|3X^CV(2->12')>    0.09557
|3X^CV(2->13')>    0.07186
|3X^CV(2->14')>   -0.06451
|3X^CV(1->5')>    0.06072
|3X^CV(1->12')>    0.05901
|3X^CV(1->13')>    0.10136
|3^ZCV0(12->4')>    0.06210
|3^ZCV0(11->3')>   -0.06858
|3^ZCV0(10->7')>   -0.07740
|3^ZCV0(9->6')>    0.07886
|3^ZCV0(8->1')>    0.05008
|3^ZCV0(8->4')>    0.07061
|3^ZCV0(8->10')>   -0.05118
|3^ZCV0(8->11')>    0.05731
|3^ZCV0(7->8')>   -0.07057
|3^ZCV0(7->9')>    0.09602
|3^ZCV0(6->8')>    0.09456
|3^ZCV0(6->9')>   -0.06742
|3^ZCV0(6->10')>    0.06617
|3^ZCV0(5->10')>    0.10327
|3^ZCV0(5->11')>   -0.17444
|3^ZCV0(4->10')>   -0.15158
|3^ZCV0(4->11')>    0.08407
|3^ZCV0(3->2')>   -0.05292
|3^ZCV0(3->3')>    0.06951
|3^ZCV0(2->5')>   -0.06587
|3^ZCV0(2->12')>   -0.06205
|3^ZCV0(2->13')>   -0.09963
|3^ZCV0(1->12')>   -0.09351
|3^ZCV0(1->13')>   -0.05703
|3^ZCV0(1->14')>    0.06117
|3^ZCV0'(49->4')>   -0.05644
|3^ZCV0'(48->3')>    0.06906
|3^ZCV0'(47->7')>    0.07760
|3^ZCV0'(46->6')>   -0.07906
|3^ZCV0'(45->4')>   -0.07028
|3^ZCV0'(45->10')>    0.05823
|3^ZCV0'(45->11')>   -0.05070
|3^ZCV0'(44->8')>    0.07107
|3^ZCV0'(44->9')>   -0.09666
|3^ZCV0'(43->8')>   -0.09513
|3^ZCV0'(43->9')>    0.06804
|3^ZCV0'(43->10')>   -0.06644
|3^ZCV0'(42->10')>   -0.10427
|3^ZCV0'(42->11')>    0.17097
|3^ZCV0'(41->10')>    0.14988
|3^ZCV0'(41->11')>   -0.08638
|3^ZCV0'(40->3')>   -0.06993
|3^ZCV0'(39->5')>    0.06620
|3^ZCV0'(39->12')>    0.06436
|3^ZCV0'(39->13')>    0.10546
|3^ZCV0'(38->12')>    0.09460
|3^ZCV0'(38->13')>    0.06836
|3^ZCV0'(38->14')>   -0.06985
TDMs with Triplet 'Ground' state
TDMX:-0.105   TDMY:-0.247   TDMZ:-0.065   Oscillator Strength:0.00631   <S**2>: 2.000
--------------------------------------------------------------------
TDMs with Singlet 'Ground' state
TDMX:0.000   TDMY:0.000   TDMZ:0.000   Oscillator Strength:0.00000   <S**2>: 2.000
--------------------------------------------------------------------


State 42 3.378 eV 
Excitation    CI Coef
|5^CV(18->17')>   -0.05048
|5^CV(17->18')>   -0.05979
|5^CV(16->17')>    0.07215
|5^CV(16->19')>    0.06172
|5^CV(15->18')>   -0.08258
|5^CV(15->20')>    0.05413
|5^CV(14->2')>    0.05513
|5^CV(14->5')>   -0.07498
|5^CV(13->1')>    0.06126
|5^CV(13->12')>    0.07863
|5^CV(12->1')>   -0.10739
|5^CV(12->4')>    0.08565
|5^CV(12->12')>   -0.08375
|5^CV(11->2')>   -0.08578
|5^CV(11->3')>   -0.10187
|5^CV(11->5')>    0.07130
|5^CV(11->13')>    0.07012
|5^CV(10->7')>   -0.23365
|5^CV(9->6')>    0.23913
|5^CV(8->1')>    0.10746
|5^CV(8->4')>    0.10537
|5^CV(8->10')>   -0.16608
|5^CV(8->14')>    0.13524
|5^CV(7->11')>   -0.07432
|5^CV(6->10')>    0.21282
|5^CV(5->11')>   -0.47137
|5^CV(4->1')>   -0.06412
|5^CV(4->10')>   -0.37558
|5^CV(4->14')>   -0.08072
|5^CV(3->2')>   -0.12433
|5^CV(3->3')>    0.10614
|5^CV(3->13')>   -0.15359
|5^CV(2->2')>    0.05504
|5^CV(2->3')>    0.20576
|5^CV(2->5')>   -0.10598
|5^CV(2->13')>   -0.15335
|5^CV(1->1')>   -0.05608
|5^CV(1->4')>    0.20885
|5^CV(1->12')>   -0.14716
|5^CV(1->14')>    0.10836
TDMs with Triplet 'Ground' state
TDMX:0.000   TDMY:0.000   TDMZ:0.000   Oscillator Strength:0.00000   <S**2>: 6.000
--------------------------------------------------------------------
TDMs with Singlet 'Ground' state
TDMX:0.000   TDMY:0.000   TDMZ:0.000   Oscillator Strength:0.00000   <S**2>: 6.000
--------------------------------------------------------------------


State 43 3.382 eV 
Excitation    CI Coef
|3^CS(5->0)>    0.12847
|3^CS(4->0)>    0.08281
|3^CS(8->0')>    0.08677
|3^CS(6->0')>   -0.06779
|3^CS(5->0')>    0.09046
|3^CS(4->0')>    0.09320
|3^SV(0->1')>    0.06194
|3^SV(0->10')>    0.13499
|3^SV(0->11')>    0.18605
|3^SV(0'->2')>    0.07119
|3^SV(0'->10')>   -0.17033
|3^SV(0'->11')>   -0.14731
|3X^CV(14->1')>    0.05219
|3X^CV(12->3')>   -0.05630
|3X^CV(11->1')>    0.05993
|3X^CV(11->3')>   -0.06062
|3X^CV(11->4')>    0.07081
|3X^CV(10->6')>    0.07322
|3X^CV(9->7')>   -0.07108
|3X^CV(8->3')>   -0.07342
|3X^CV(8->4')>    0.05895
|3X^CV(8->9')>    0.05823
|3X^CV(7->8')>    0.13942
|3X^CV(7->9')>    0.10438
|3X^CV(6->8')>    0.09645
|3X^CV(6->9')>    0.12688
|3X^CV(5->10')>   -0.10914
|3X^CV(5->11')>   -0.10710
|3X^CV(4->10')>   -0.10757
|3X^CV(4->11')>   -0.10955
|3X^CV(3->3')>    0.05667
|3X^CV(3->4')>   -0.06645
|3X^CV(3->12')>   -0.05102
|3X^CV(2->5')>   -0.05059
|3X^CV(2->12')>    0.09184
|3X^CV(2->13')>   -0.07718
|3X^CV(2->14')>   -0.06500
|3X^CV(1->5')>    0.06207
|3X^CV(1->12')>   -0.08253
|3X^CV(1->13')>    0.09764
|3X^CV(1->14')>    0.05921
|3^ZCV0(12->4')>    0.05449
|3^ZCV0(11->3')>   -0.06741
|3^ZCV0(11->4')>    0.05624
|3^ZCV0(10->6')>    0.06112
|3^ZCV0(9->7')>   -0.05961
|3^ZCV0(8->3')>   -0.05490
|3^ZCV0(8->4')>    0.06327
|3^ZCV0(8->10')>   -0.06911
|3^ZCV0(8->11')>   -0.06394
|3^ZCV0(7->8')>    0.10571
|3^ZCV0(7->9')>    0.13117
|3^ZCV0(6->8')>    0.12394
|3^ZCV0(6->9')>    0.09949
|3^ZCV0(6->10')>    0.05133
|3^ZCV0(6->11')>    0.05159
|3^ZCV0(5->10')>   -0.11587
|3^ZCV0(5->11')>   -0.13889
|3^ZCV0(4->10')>   -0.11186
|3^ZCV0(4->11')>   -0.09503
|3^ZCV0(3->3')>    0.06760
|3^ZCV0(3->4')>   -0.05572
|3^ZCV0(2->5')>   -0.05884
|3^ZCV0(2->12')>    0.07616
|3^ZCV0(2->13')>   -0.09329
|3^ZCV0(2->14')>   -0.05624
|3^ZCV0(1->5')>    0.05165
|3^ZCV0(1->12')>   -0.09588
|3^ZCV0(1->13')>    0.08257
|3^ZCV0(1->14')>    0.06966
|3^ZCV0'(49->4')>   -0.05577
|3^ZCV0'(48->3')>    0.07040
|3^ZCV0'(48->4')>   -0.05876
|3^ZCV0'(47->6')>   -0.06079
|3^ZCV0'(46->7')>    0.05923
|3^ZCV0'(45->3')>    0.05398
|3^ZCV0'(45->4')>   -0.06249
|3^ZCV0'(45->10')>    0.06206
|3^ZCV0'(45->11')>    0.05865
|3^ZCV0'(44->8')>   -0.10531
|3^ZCV0'(44->9')>   -0.13039
|3^ZCV0'(43->8')>   -0.12334
|3^ZCV0'(43->9')>   -0.09928
|3^ZCV0'(43->10')>   -0.05139
|3^ZCV0'(43->11')>   -0.05245
|3^ZCV0'(42->10')>    0.11668
|3^ZCV0'(42->11')>    0.14181
|3^ZCV0'(41->10')>    0.11345
|3^ZCV0'(41->11')>    0.09792
|3^ZCV0'(40->3')>   -0.06704
|3^ZCV0'(40->4')>    0.05505
|3^ZCV0'(39->5')>    0.05823
|3^ZCV0'(39->12')>   -0.07305
|3^ZCV0'(39->13')>    0.09372
|3^ZCV0'(39->14')>    0.05207
|3^ZCV0'(38->5')>   -0.05086
|3^ZCV0'(38->12')>    0.09336
|3^ZCV0'(38->13')>   -0.08133
|3^ZCV0'(38->14')>   -0.06684
TDMs with Triplet 'Ground' state
TDMX:0.052   TDMY:0.318   TDMZ:-0.110   Oscillator Strength:0.00962   <S**2>: 2.000
--------------------------------------------------------------------
TDMs with Singlet 'Ground' state
TDMX:0.000   TDMY:0.000   TDMZ:0.000   Oscillator Strength:0.00000   <S**2>: 2.000
--------------------------------------------------------------------


State 44 3.384 eV 
Excitation    CI Coef
|3^CS(8->0)>    0.07052
|3^CS(6->0)>   -0.07689
|3^CS(5->0)>    0.15813
|3^CS(4->0)>    0.13213
|3^CS(8->0')>    0.06035
|3^CS(6->0')>   -0.06129
|3^CS(5->0')>    0.16147
|3^CS(4->0')>    0.11624
|3^SV(0->10')>    0.22874
|3^SV(0->11')>    0.23966
|3^SV(0'->10')>   -0.21520
|3^SV(0'->11')>   -0.24210
|3X^CV(12->4')>   -0.06022
|3X^CV(12->11')>    0.05318
|3X^CV(11->3')>    0.07411
|3X^CV(8->4')>   -0.06228
|3X^CV(8->8')>   -0.06462
|3X^CV(8->10')>    0.07709
|3X^CV(7->8')>    0.06221
|3X^CV(7->9')>   -0.18167
|3X^CV(6->8')>   -0.16764
|3X^CV(6->9')>    0.05123
|3X^CV(5->11')>    0.10725
|3X^CV(4->4')>    0.05014
|3X^CV(4->10')>    0.07462
|3X^CV(3->3')>   -0.07027
|3X^CV(2->3')>    0.05218
|3X^CV(2->5')>    0.06052
|3X^CV(2->10')>   -0.05165
|3X^CV(2->11')>   -0.05365
|3X^CV(2->13')>    0.10553
|3X^CV(1->10')>    0.05199
|3X^CV(1->11')>    0.05484
|3X^CV(1->12')>    0.09637
|3X^CV(1->14')>   -0.06588
|3^ZCV0(12->3')>    0.06446
|3^ZCV0(12->11')>   -0.05287
|3^ZCV0(11->4')>   -0.07207
|3^ZCV0(8->3')>    0.07515
|3^ZCV0(8->9')>   -0.07922
|3^ZCV0(7->8')>   -0.18918
|3^ZCV0(7->9')>    0.05772
|3^ZCV0(6->8')>    0.05171
|3^ZCV0(6->9')>   -0.16891
|3^ZCV0(5->10')>    0.07942
|3^ZCV0(4->9')>   -0.05162
|3^ZCV0(4->11')>    0.08652
|3^ZCV0(3->4')>    0.07235
|3^ZCV0(2->4')>   -0.05369
|3^ZCV0(2->12')>   -0.09911
|3^ZCV0(2->14')>    0.06643
|3^ZCV0(1->3')>   -0.05418
|3^ZCV0(1->5')>   -0.06337
|3^ZCV0(1->13')>   -0.10178
|3^ZCV0'(49->3')>   -0.05879
|3^ZCV0'(48->4')>    0.07358
|3^ZCV0'(45->3')>   -0.07440
|3^ZCV0'(45->9')>    0.07821
|3^ZCV0'(44->8')>    0.18934
|3^ZCV0'(44->9')>   -0.05817
|3^ZCV0'(43->8')>   -0.05217
|3^ZCV0'(43->9')>    0.16884
|3^ZCV0'(42->10')>   -0.07816
|3^ZCV0'(41->9')>    0.05192
|3^ZCV0'(41->11')>   -0.08317
|3^ZCV0'(40->4')>   -0.07236
|3^ZCV0'(39->4')>    0.05396
|3^ZCV0'(39->12')>    0.09932
|3^ZCV0'(39->14')>   -0.07375
|3^ZCV0'(38->3')>    0.05420
|3^ZCV0'(38->5')>    0.06333
|3^ZCV0'(38->13')>    0.10382
|3^SVD(11,13)>   -0.05432
|3^SVD(11,14)>    0.05022
TDMs with Triplet 'Ground' state
TDMX:0.055   TDMY:0.055   TDMZ:0.019   Oscillator Strength:0.00053   <S**2>: 2.000
--------------------------------------------------------------------
TDMs with Singlet 'Ground' state
TDMX:0.000   TDMY:0.000   TDMZ:0.000   Oscillator Strength:0.00000   <S**2>: 2.000
--------------------------------------------------------------------


State 45 3.396 eV 
Excitation    CI Coef
|1^CS(10->0)>   -0.38852
|1^CS(9->0)>    0.38550
|1^CS(10->0')>    0.30355
|1^CS(9->0')>   -0.30735
|1^SV(0->6')>   -0.29523
|1^SV(0->7')>   -0.28959
|1^SV(0'->6')>    0.26297
|1^SV(0'->7')>    0.24301
|1T^CV(17->6')>   -0.05424
|1T^CV(17->7')>   -0.05159
|1T^CV(14->6')>   -0.05521
|1T^CV(14->7')>   -0.05679
|1T^CV(13->6')>    0.05100
|1T^CV(10->1')>   -0.09765
|1T^CV(10->2')>    0.13416
|1T^CV(10->5')>   -0.07820
|1T^CV(10->21')>    0.05477
|1T^CV(9->1')>    0.09515
|1T^CV(9->2')>   -0.13589
|1T^CV(9->5')>    0.07929
|1T^CV(9->21')>   -0.05368
|1T^CV(8->6')>    0.08994
|1T^CV(8->7')>    0.08684
|1T^CV(4->6')>   -0.05427
|1T^CV(4->7')>   -0.05209
|1T^CV(3->6')>    0.10062
|1T^CV(3->7')>    0.09861
|1^ZCV0'(11->6')>   -0.05290
|1^ZCV0'(10->2')>    0.05167
|1^ZCV0'(9->2')>   -0.05200
|1^CSD_(11,10)>    0.06611
|1^CSD_(11,9)>   -0.06653
TDMs with Triplet 'Ground' state
TDMX:0.000   TDMY:0.000   TDMZ:0.000   Oscillator Strength:0.00000   <S**2>: 0.000
--------------------------------------------------------------------
TDMs with Singlet 'Ground' state
TDMX:-0.117   TDMY:-0.246   TDMZ:-0.146   Oscillator Strength:0.00794   <S**2>: 0.000
--------------------------------------------------------------------


State 46 3.402 eV 
Excitation    CI Coef
|1^CS(8->0)>    0.09309
|1^CS(7->0)>    0.20059
|1^CS(6->0)>    0.17219
|1^CS(8->0')>    0.06071
|1^CS(7->0')>    0.19728
|1^CS(6->0')>    0.18173
|1^CS(4->0')>    0.07136
|1^SV(0->8')>   -0.38956
|1^SV(0->9')>   -0.39494
|1^SV(0->10')>    0.06055
|1^SV(0'->8')>   -0.37369
|1^SV(0'->9')>   -0.37257
|1^SV(0'->10')>    0.05321
|1S^CV(12->8')>    0.05235
|1S^CV(12->9')>    0.05259
|1T^CV(18->8')>    0.06106
|1T^CV(18->9')>    0.06214
|1T^CV(14->8')>   -0.05274
|1T^CV(14->9')>   -0.05299
|1T^CV(13->8')>   -0.05006
|1T^CV(13->9')>   -0.05041
|1T^CV(12->8')>    0.09870
|1T^CV(12->9')>    0.09930
|1T^CV(8->8')>    0.07705
|1T^CV(8->9')>    0.07503
|1T^CV(3->8')>   -0.06744
|1T^CV(3->9')>   -0.06757
|1T^CV(2->8')>    0.10328
|1T^CV(2->9')>    0.10422
|1T^CV(1->8')>   -0.10949
|1T^CV(1->9')>   -0.10947
|1^ZCV0(12->8')>   -0.06639
|1^ZCV0(12->9')>   -0.06663
|1^SVD_(8',13')>    0.08489
|1^SVD_(8',14')>   -0.07943
|1^SVD_(9',13')>    0.08538
|1^SVD_(9',14')>   -0.07981
TDMs with Triplet 'Ground' state
TDMX:0.000   TDMY:0.000   TDMZ:0.000   Oscillator Strength:0.00000   <S**2>: 0.000
--------------------------------------------------------------------
TDMs with Singlet 'Ground' state
TDMX:0.168   TDMY:-0.191   TDMZ:0.174   Oscillator Strength:0.00793   <S**2>: 0.000
--------------------------------------------------------------------


State 47 3.402 eV 
Excitation    CI Coef
|5^CV(37->17')>    0.05445
|5^CV(18->16')>   -0.05660
|5^CV(18->18')>   -0.06009
|5^CV(17->17')>   -0.08406
|5^CV(16->16')>   -0.07282
|5^CV(16->20')>   -0.08324
|5^CV(15->19')>   -0.09352
|5^CV(14->4')>   -0.06185
|5^CV(13->3')>    0.06952
|5^CV(13->17')>   -0.05210
|5^CV(12->3')>   -0.13838
|5^CV(12->13')>   -0.05785
|5^CV(11->1')>    0.05380
|5^CV(11->4')>    0.16808
|5^CV(11->14')>   -0.05616
|5^CV(8->3')>   -0.16679
|5^CV(8->9')>    0.18458
|5^CV(8->11')>   -0.09296
|5^CV(7->8')>    0.45827
|5^CV(7->10')>   -0.08938
|5^CV(6->9')>    0.41267
|5^CV(6->11')>    0.07202
|5^CV(5->8')>   -0.10191
|5^CV(5->10')>   -0.21195
|5^CV(4->3')>    0.09196
|5^CV(4->9')>    0.12611
|5^CV(4->11')>   -0.20200
|5^CV(3->4')>   -0.17071
|5^CV(3->12')>   -0.07164
|5^CV(2->1')>    0.09060
|5^CV(2->4')>    0.12394
|5^CV(2->12')>    0.22880
|5^CV(2->14')>   -0.16990
|5^CV(1->2')>   -0.08931
|5^CV(1->3')>    0.12884
|5^CV(1->5')>    0.14738
|5^CV(1->13')>    0.24005
TDMs with Triplet 'Ground' state
TDMX:0.000   TDMY:0.000   TDMZ:0.000   Oscillator Strength:0.00000   <S**2>: 6.000
--------------------------------------------------------------------
TDMs with Singlet 'Ground' state
TDMX:0.000   TDMY:0.000   TDMZ:0.000   Oscillator Strength:0.00000   <S**2>: 6.000
--------------------------------------------------------------------


State 48 3.407 eV 
Excitation    CI Coef
|5^CV(18->17')>   -0.06959
|5^CV(17->16')>   -0.05997
|5^CV(16->17')>   -0.06349
|5^CV(16->19')>    0.07932
|5^CV(15->16')>    0.07704
|5^CV(15->20')>    0.07080
|5^CV(14->3')>    0.05482
|5^CV(14->17')>   -0.05056
|5^CV(13->4')>   -0.05895
|5^CV(13->12')>   -0.05659
|5^CV(12->1')>    0.06951
|5^CV(12->4')>    0.11947
|5^CV(12->12')>    0.07053
|5^CV(11->2')>    0.05946
|5^CV(11->3')>   -0.14631
|5^CV(11->5')>   -0.05066
|5^CV(11->13')>   -0.07183
|5^CV(10->7')>    0.13875
|5^CV(9->6')>   -0.14306
|5^CV(8->1')>   -0.05225
|5^CV(8->4')>    0.14146
|5^CV(8->8')>    0.19302
|5^CV(8->10')>   -0.05539
|5^CV(8->14')>   -0.09554
|5^CV(7->9')>    0.48484
|5^CV(7->11')>   -0.05384
|5^CV(6->8')>    0.42972
|5^CV(5->9')>   -0.08688
|5^CV(5->11')>   -0.09235
|5^CV(4->4')>   -0.08016
|5^CV(4->8')>    0.13885
|5^CV(4->10')>   -0.09833
|5^CV(4->14')>    0.06013
|5^CV(3->2')>    0.06096
|5^CV(3->3')>    0.14626
|5^CV(3->13')>    0.11920
|5^CV(2->2')>    0.07701
|5^CV(2->3')>   -0.18993
|5^CV(2->5')>   -0.12255
|5^CV(2->13')>   -0.20479
|5^CV(1->1')>   -0.07795
|5^CV(1->4')>   -0.18619
|5^CV(1->12')>   -0.19527
|5^CV(1->14')>    0.14503
TDMs with Triplet 'Ground' state
TDMX:0.000   TDMY:0.000   TDMZ:0.000   Oscillator Strength:0.00000   <S**2>: 6.000
--------------------------------------------------------------------
TDMs with Singlet 'Ground' state
TDMX:0.000   TDMY:0.000   TDMZ:0.000   Oscillator Strength:0.00000   <S**2>: 6.000
--------------------------------------------------------------------


State 49 3.408 eV 
Excitation    CI Coef
|3^CS(14->0)>   -0.05316
|3^CS(5->0)>   -0.07338
|3^CS(8->0')>   -0.05388
|3^SV(0->2')>   -0.08045
|3^SV(0->10')>   -0.06394
|3^SV(0->11')>   -0.09478
|3^SV(0'->1')>   -0.06617
|3^SV(0'->10')>    0.09277
|3^SV(0'->11')>    0.06645
|3X^CV(20->1')>    0.07653
|3X^CV(18->1')>    0.05140
|3X^CV(17->2')>    0.05181
|3X^CV(14->1')>   -0.12255
|3X^CV(13->2')>   -0.12425
|3X^CV(12->5')>   -0.11265
|3X^CV(11->1')>   -0.05930
|3X^CV(11->12')>    0.09315
|3X^CV(10->6')>   -0.21169
|3X^CV(9->7')>    0.20670
|3X^CV(8->5')>    0.06710
|3X^CV(8->9')>    0.07272
|3X^CV(8->13')>   -0.09462
|3X^CV(7->8')>    0.18696
|3X^CV(6->9')>    0.16316
|3X^CV(4->9')>    0.06209
|3X^CV(3->12')>    0.05462
|3X^CV(3->14')>    0.13737
|3X^CV(2->4')>    0.10301
|3X^CV(2->12')>    0.05065
|3X^CV(1->3')>    0.10508
|3X^CV(1->13')>    0.05441
|3^ZCV0(13->12')>   -0.05166
|3^ZCV0(12->1')>    0.06054
|3^ZCV0(12->12')>    0.05465
|3^ZCV0(10->7')>    0.15256
|3^ZCV0(9->6')>   -0.15664
|3^ZCV0(8->1')>   -0.07488
|3^ZCV0(8->8')>    0.08718
|3^ZCV0(8->14')>   -0.08146
|3^ZCV0(7->9')>    0.20260
|3^ZCV0(6->8')>    0.17213
|3^ZCV0(6->10')>   -0.05090
|3^ZCV0(5->11')>    0.06731
|3^ZCV0(4->8')>    0.06670
|3^ZCV0(4->14')>    0.06209
|3^ZCV0(3->2')>    0.08576
|3^ZCV0(3->13')>    0.09752
|3^ZCV0(2->3')>   -0.12019
|3^ZCV0(2->13')>   -0.05201
|3^ZCV0(1->4')>   -0.11960
|3^ZCV0(1->12')>   -0.05125
|3^ZCV0'(49->1')>   -0.06459
|3^ZCV0'(49->12')>   -0.05202
|3^ZCV0'(47->7')>   -0.15260
|3^ZCV0'(46->6')>    0.15659
|3^ZCV0'(45->1')>    0.07780
|3^ZCV0'(45->8')>   -0.08613
|3^ZCV0'(45->14')>    0.08553
|3^ZCV0'(44->9')>   -0.20276
|3^ZCV0'(43->8')>   -0.17225
|3^ZCV0'(43->10')>    0.05100
|3^ZCV0'(42->11')>   -0.06841
|3^ZCV0'(41->8')>   -0.06686
|3^ZCV0'(41->14')>   -0.05160
|3^ZCV0'(40->2')>   -0.08069
|3^ZCV0'(40->13')>   -0.09533
|3^ZCV0'(39->3')>    0.12036
|3^ZCV0'(39->13')>    0.05269
|3^ZCV0'(38->4')>    0.11972
|3^ZCV0'(38->12')>    0.05038
TDMs with Triplet 'Ground' state
TDMX:-0.028   TDMY:-0.164   TDMZ:0.189   Oscillator Strength:0.00530   <S**2>: 2.000
--------------------------------------------------------------------
TDMs with Singlet 'Ground' state
TDMX:0.000   TDMY:0.000   TDMZ:0.000   Oscillator Strength:0.00000   <S**2>: 2.000
--------------------------------------------------------------------


State 50 3.425 eV 
Excitation    CI Coef
|3^CS(10->0)>   -0.20347
|3^CS(9->0)>    0.21071
|3^CS(8->0)>   -0.08941
|3^CS(7->0)>   -0.18403
|3^CS(6->0)>   -0.15795
|3^CS(4->0)>   -0.06548
|3^CS(10->0')>    0.18869
|3^CS(9->0')>   -0.18189
|3^CS(8->0')>   -0.06089
|3^CS(7->0')>   -0.18344
|3^CS(6->0')>   -0.15291
|3^CS(4->0')>   -0.06006
|3^SV(0->6')>    0.18985
|3^SV(0->7')>    0.17428
|3^SV(0->8')>   -0.29731
|3^SV(0->9')>   -0.29032
|3^SV(0'->6')>    0.16711
|3^SV(0'->7')>    0.16391
|3^SV(0'->8')>    0.28451
|3^SV(0'->9')>    0.29038
|3X^CV(12->8')>   -0.06215
|3X^CV(12->9')>   -0.06169
|3X^CV(10->2')>    0.06480
|3X^CV(9->2')>   -0.06184
|3X^CV(8->8')>   -0.05973
|3X^CV(3->6')>    0.05363
|3X^CV(2->8')>   -0.06195
|3X^CV(2->9')>   -0.06365
|3X^CV(1->8')>    0.06656
|3X^CV(1->9')>    0.06620
|3^ZCV0(12->8')>    0.06080
|3^ZCV0(12->9')>    0.06029
|3^SVD(8,13)>    0.06512
|3^SVD(8,14)>   -0.06041
|3^SVD(9,13)>    0.06508
|3^SVD(9,14)>   -0.06050
TDMs with Triplet 'Ground' state
TDMX:0.053   TDMY:-0.128   TDMZ:0.044   Oscillator Strength:0.00176   <S**2>: 2.000
--------------------------------------------------------------------
TDMs with Singlet 'Ground' state
TDMX:0.000   TDMY:0.000   TDMZ:0.000   Oscillator Strength:0.00000   <S**2>: 2.000
--------------------------------------------------------------------


State 51 3.425 eV 
Excitation    CI Coef
|3^CS(10->0)>    0.28455
|3^CS(9->0)>   -0.27561
|3^CS(7->0)>   -0.14444
|3^CS(6->0)>   -0.12608
|3^CS(10->0')>   -0.24270
|3^CS(9->0')>    0.24904
|3^CS(8->0')>   -0.07361
|3^CS(7->0')>   -0.13315
|3^CS(6->0')>   -0.12481
|3^SV(0->6')>   -0.24402
|3^SV(0->7')>   -0.24139
|3^SV(0->8')>   -0.21778
|3^SV(0->9')>   -0.22987
|3^SV(0'->6')>   -0.23705
|3^SV(0'->7')>   -0.21345
|3^SV(0'->8')>    0.22335
|3^SV(0'->9')>    0.21548
|3X^CV(10->1')>    0.06349
|3X^CV(10->2')>   -0.08344
|3X^CV(9->1')>   -0.05600
|3X^CV(9->2')>    0.08854
|3X^CV(9->5')>   -0.05319
|3X^CV(8->6')>   -0.06272
|3X^CV(8->7')>   -0.05737
|3X^CV(3->6')>   -0.06820
|3X^CV(3->7')>   -0.06955
|3X^CV(1->8')>    0.05119
|3X^CV(1->9')>    0.05147
|3^ZCV0'(47->2')>    0.05411
|3^ZCV0'(46->2')>   -0.05176
TDMs with Triplet 'Ground' state
TDMX:0.145   TDMY:0.070   TDMZ:0.143   Oscillator Strength:0.00390   <S**2>: 2.000
--------------------------------------------------------------------
TDMs with Singlet 'Ground' state
TDMX:0.000   TDMY:0.000   TDMZ:0.000   Oscillator Strength:0.00000   <S**2>: 2.000
--------------------------------------------------------------------


State 52 3.432 eV 
Excitation    CI Coef
|3^CS(9->0)>    0.05380
|3^CS(8->0)>    0.07417
|3^CS(6->0)>   -0.07748
|3^CS(14->0')>    0.06679
|3^CS(8->0')>   -0.06475
|3^CS(5->0')>    0.08522
|3^CS(4->0')>    0.06339
|3^CS(3->0')>   -0.06171
|3^SV(0->1')>   -0.17958
|3^SV(0->2')>    0.07936
|3^SV(0->10')>    0.11422
|3^SV(0->11')>    0.09081
|3^SV(0'->2')>   -0.17445
|3^SV(0'->10')>   -0.08941
|3^SV(0'->11')>   -0.10521
|3^SV(0'->14')>    0.05486
|3X^CV(18->2')>    0.05070
|3X^CV(17->1')>    0.05031
|3X^CV(14->2')>   -0.06763
|3X^CV(12->2')>    0.08255
|3X^CV(12->12')>    0.05127
|3X^CV(10->7')>    0.15012
|3X^CV(9->6')>   -0.15306
|3X^CV(8->1')>   -0.08544
|3X^CV(8->8')>    0.05045
|3X^CV(8->14')>   -0.08198
|3X^CV(7->9')>    0.12805
|3X^CV(6->8')>    0.10781
|3X^CV(6->10')>   -0.05226
|3X^CV(5->11')>    0.08331
|3X^CV(4->10')>    0.05162
|3X^CV(4->14')>    0.05866
|3X^CV(3->2')>    0.07851
|3X^CV(3->13')>    0.08649
|3X^CV(2->3')>   -0.08962
|3X^CV(1->4')>   -0.08849
|3^ZCV0(20->1')>    0.07287
|3^ZCV0(14->1')>   -0.11217
|3^ZCV0(13->2')>   -0.10970
|3^ZCV0(12->2')>   -0.05595
|3^ZCV0(12->5')>   -0.10897
|3^ZCV0(11->1')>   -0.05024
|3^ZCV0(11->12')>    0.07542
|3^ZCV0(10->6')>   -0.21615
|3^ZCV0(9->7')>    0.21099
|3^ZCV0(8->2')>   -0.05970
|3^ZCV0(8->5')>    0.07510
|3^ZCV0(8->9')>    0.05232
|3^ZCV0(8->13')>   -0.07847
|3^ZCV0(7->8')>    0.12233
|3^ZCV0(6->9')>    0.10403
|3^ZCV0(5->10')>    0.06390
|3^ZCV0(4->11')>    0.05205
|3^ZCV0(3->1')>    0.05695
|3^ZCV0(3->12')>    0.05961
|3^ZCV0(3->14')>    0.13106
|3^ZCV0(2->4')>    0.07573
|3^ZCV0(1->3')>    0.07606
|3^ZCV0'(57->1')>   -0.07524
|3^ZCV0'(55->1')>   -0.05896
|3^ZCV0'(51->1')>    0.12575
|3^ZCV0'(50->2')>    0.12563
|3^ZCV0'(49->5')>    0.10242
|3^ZCV0'(48->1')>    0.06228
|3^ZCV0'(48->12')>   -0.07904
|3^ZCV0'(47->6')>    0.21618
|3^ZCV0'(46->7')>   -0.21119
|3^ZCV0'(45->2')>    0.05895
|3^ZCV0'(45->5')>   -0.07603
|3^ZCV0'(45->9')>   -0.05045
|3^ZCV0'(45->13')>    0.08187
|3^ZCV0'(44->8')>   -0.12226
|3^ZCV0'(43->9')>   -0.10383
|3^ZCV0'(42->10')>   -0.06296
|3^ZCV0'(41->11')>   -0.05013
|3^ZCV0'(40->12')>   -0.06725
|3^ZCV0'(40->14')>   -0.12649
|3^ZCV0'(39->4')>   -0.07481
|3^ZCV0'(38->3')>   -0.07544
TDMs with Triplet 'Ground' state
TDMX:0.010   TDMY:-0.829   TDMZ:0.069   Oscillator Strength:0.05824   <S**2>: 2.000
--------------------------------------------------------------------
TDMs with Singlet 'Ground' state
TDMX:0.000   TDMY:0.000   TDMZ:0.000   Oscillator Strength:0.00000   <S**2>: 2.000
--------------------------------------------------------------------


State 53 3.497 eV 
Excitation    CI Coef
|1^OS>   -0.12841
|1^ZW+>   -0.05786
|1^CS(19->0)>    0.07325
|1^CS(14->0)>   -0.13549
|1^CS(13->0)>    0.09482
|1^CS(8->0)>    0.28642
|1^CS(6->0)>   -0.07769
|1^CS(4->0)>   -0.21675
|1^CS(3->0)>    0.30219
|1^CS(18->0')>   -0.05970
|1^CS(17->0')>   -0.06451
|1^CS(14->0')>    0.13073
|1^CS(13->0')>   -0.07665
|1^CS(11->0')>    0.10648
|1^CS(8->0')>   -0.25459
|1^CS(6->0')>    0.05384
|1^CS(4->0')>    0.16610
|1^CS(3->0')>   -0.29800
|1^SV(0->1')>    0.24746
|1^SV(0->2')>   -0.25917
|1^SV(0->5')>    0.08131
|1^SV(0->12')>    0.08297
|1^SV(0->13')>    0.07301
|1^SV(0->14')>   -0.07093
|1^SV(0'->1')>   -0.19691
|1^SV(0'->2')>    0.08858
|1^SV(0'->5')>   -0.11221
|1^SV(0'->12')>   -0.11427
|1^SV(0'->14')>    0.09801
|1^SV(0'->20')>    0.05012
|1T^CV(12->1')>   -0.05374
|1T^CV(12->2')>    0.13967
|1T^CV(11->1')>   -0.06507
|1T^CV(11->14')>    0.05839
|1T^CV(10->6')>   -0.09832
|1T^CV(10->7')>   -0.11434
|1T^CV(9->6')>    0.11686
|1T^CV(9->7')>    0.09606
|1T^CV(8->2')>   -0.08111
|1T^CV(8->13')>    0.05179
|1T^CV(7->9')>    0.06007
|1T^CV(5->11')>    0.08033
|1T^CV(4->2')>    0.05721
|1T^CV(4->10')>    0.06580
|1T^CV(3->13')>    0.05620
|1T^CV(2->3')>   -0.05926
|1T^CV(2->4')>   -0.05493
|1T^CV(1->3')>   -0.05190
|1T^CV(1->4')>   -0.05652
|1^ZCV0'(11->1')>    0.06992
|1^ZCV0'(11->2')>   -0.05674
|1^CSD_(11,8)>   -0.05673
|1^CSD_(11,3)>   -0.05748
TDMs with Triplet 'Ground' state
TDMX:0.000   TDMY:0.000   TDMZ:0.000   Oscillator Strength:0.00000   <S**2>: 0.000
--------------------------------------------------------------------
TDMs with Singlet 'Ground' state
TDMX:-0.077   TDMY:-0.716   TDMZ:0.586   Oscillator Strength:0.07382   <S**2>: 0.000
--------------------------------------------------------------------


State 54 3.505 eV 
Excitation    CI Coef
|3^CS(14->0)>    0.13806
|3^CS(13->0)>   -0.05328
|3^CS(11->0)>    0.05734
|3^CS(8->0)>   -0.27534
|3^CS(6->0)>    0.05500
|3^CS(4->0)>    0.18002
|3^CS(3->0)>   -0.36048
|3^CS(14->0')>   -0.08749
|3^CS(13->0')>    0.09003
|3^CS(11->0')>   -0.05963
|3^CS(8->0')>    0.27824
|3^CS(6->0')>   -0.06670
|3^CS(4->0')>   -0.21528
|3^CS(3->0')>    0.29679
|3^SV(0->1')>    0.27547
|3^SV(0->2')>   -0.15676
|3^SV(0->5')>    0.09584
|3^SV(0->12')>    0.11977
|3^SV(0'->1')>    0.17783
|3^SV(0'->2')>   -0.13481
|3^SV(0'->5')>    0.09453
|3^SV(0'->12')>    0.09589
|3^SV(0'->13')>    0.07327
|3T^CV(11->1')>   -0.06499
|3T^CV(11->2')>    0.05202
|3T^CV(3->2')>    0.06300
|3X^CV(13->2')>   -0.05028
|3X^CV(12->1')>    0.08607
|3X^CV(12->2')>   -0.10496
|3X^CV(10->6')>    0.06327
|3X^CV(10->7')>    0.12652
|3X^CV(9->6')>   -0.12958
|3X^CV(9->7')>   -0.06169
|3X^CV(8->2')>    0.06328
|3X^CV(3->2')>    0.07275
|3^ZCV0(14->1')>   -0.05030
|3^ZCV0(13->2')>   -0.08900
|3^ZCV0(12->2')>   -0.10668
|3^ZCV0(12->5')>   -0.06050
|3^ZCV0(10->7')>    0.05614
|3^ZCV0(9->6')>   -0.05753
|3^ZCV0(3->14')>    0.05257
|3^ZCV0'(50->2')>    0.07378
|3^ZCV0'(49->2')>    0.10083
|3^ZCV0'(49->5')>    0.06407
|3^ZCV0'(47->7')>   -0.05690
|3^ZCV0'(46->6')>    0.05838
|3^ZCV0'(45->2')>   -0.05098
TDMs with Triplet 'Ground' state
TDMX:0.027   TDMY:0.999   TDMZ:-0.515   Oscillator Strength:0.10844   <S**2>: 2.000
--------------------------------------------------------------------
TDMs with Singlet 'Ground' state
TDMX:0.000   TDMY:0.000   TDMZ:0.000   Oscillator Strength:0.00000   <S**2>: 2.000
--------------------------------------------------------------------


State 55 3.508 eV 
Excitation    CI Coef
|5^CV(33->15')>    0.06206
|5^CV(21->2')>    0.05544
|5^CV(21->15')>    0.10085
|5^CV(21->21')>    0.06267
|5^CV(20->1')>   -0.16723
|5^CV(19->2')>   -0.10477
|5^CV(19->5')>   -0.05256
|5^CV(19->21')>    0.09543
|5^CV(18->1')>   -0.08665
|5^CV(17->2')>   -0.08691
|5^CV(14->1')>    0.26289
|5^CV(14->20')>    0.05830
|5^CV(13->2')>    0.30904
|5^CV(13->5')>    0.06986
|5^CV(13->15')>   -0.06492
|5^CV(12->2')>    0.18856
|5^CV(12->5')>    0.24408
|5^CV(12->13')>   -0.07210
|5^CV(11->1')>    0.19620
|5^CV(11->12')>   -0.14264
|5^CV(11->14')>   -0.09485
|5^CV(11->16')>   -0.05265
|5^CV(10->6')>    0.41439
|5^CV(9->7')>   -0.40375
|5^CV(8->5')>   -0.17522
|5^CV(8->13')>    0.11601
|5^CV(8->15')>   -0.05980
|5^CV(7->8')>   -0.08944
|5^CV(6->9')>   -0.07665
|5^CV(5->10')>   -0.06719
|5^CV(4->5')>    0.10554
|5^CV(4->11')>   -0.05410
|5^CV(4->13')>   -0.06986
|5^CV(3->12')>   -0.17632
|5^CV(3->14')>   -0.22620
|5^CV(2->4')>   -0.05433
|5^CV(1->3')>   -0.05449
TDMs with Triplet 'Ground' state
TDMX:0.000   TDMY:0.000   TDMZ:0.000   Oscillator Strength:0.00000   <S**2>: 6.000
--------------------------------------------------------------------
TDMs with Singlet 'Ground' state
TDMX:0.000   TDMY:0.000   TDMZ:0.000   Oscillator Strength:0.00000   <S**2>: 6.000
--------------------------------------------------------------------


State 56 3.527 eV 
Excitation    CI Coef
|1^CS(16->0)>   -0.10796
|1^CS(15->0)>   -0.08270
|1^CS(6->0)>   -0.05908
|1^CS(5->0)>   -0.05219
|1^CS(2->0)>   -0.38106
|1^CS(1->0)>   -0.35491
|1^CS(16->0')>    0.09402
|1^CS(15->0')>    0.07585
|1^CS(6->0')>    0.05420
|1^CS(2->0')>    0.33404
|1^CS(1->0')>    0.32233
|1^SV(0->3')>    0.24789
|1^SV(0->4')>    0.25360
|1^SV(0'->3')>   -0.26092
|1^SV(0'->4')>   -0.25557
|1T^CV(17->3')>    0.05369
|1T^CV(17->4')>    0.05385
|1T^CV(11->3')>   -0.07270
|1T^CV(11->4')>   -0.07320
|1T^CV(7->8')>   -0.06467
|1T^CV(7->9')>    0.06930
|1T^CV(6->8')>    0.06507
|1T^CV(6->9')>   -0.06091
|1T^CV(5->10')>    0.06941
|1T^CV(5->11')>   -0.06593
|1T^CV(4->10')>   -0.05875
|1T^CV(4->11')>    0.06543
|1T^CV(2->13')>   -0.11713
|1T^CV(2->14')>    0.08400
|1T^CV(1->13')>   -0.11123
|1T^CV(1->14')>    0.07958
|1^ZCV0(2->12')>   -0.05247
|1^ZCV0'(11->3')>    0.05079
|1^ZCV0'(11->4')>    0.05082
|1^CSD_(11,2)>    0.07050
|1^CSD_(11,1)>    0.06781
TDMs with Triplet 'Ground' state
TDMX:0.000   TDMY:0.000   TDMZ:0.000   Oscillator Strength:0.00000   <S**2>: 0.000
--------------------------------------------------------------------
TDMs with Singlet 'Ground' state
TDMX:0.671   TDMY:0.106   TDMZ:0.173   Oscillator Strength:0.04248   <S**2>: 0.000
--------------------------------------------------------------------


State 57 3.551 eV 
Excitation    CI Coef
|3^CS(16->0)>    0.09783
|3^CS(15->0)>    0.07915
|3^CS(6->0)>    0.05052
|3^CS(5->0)>    0.05154
|3^CS(2->0)>    0.36793
|3^CS(1->0)>    0.35506
|3^CS(16->0')>   -0.10501
|3^CS(15->0')>   -0.08007
|3^CS(6->0')>   -0.05512
|3^CS(5->0')>   -0.05585
|3^CS(2->0')>   -0.36492
|3^CS(1->0')>   -0.33781
|3^SV(0->3')>    0.25899
|3^SV(0->4')>    0.25254
|3^SV(0'->3')>    0.24119
|3^SV(0'->4')>    0.24803
|3X^CV(11->3')>    0.05554
|3X^CV(11->4')>    0.05539
|3X^CV(5->10')>   -0.05429
|3X^CV(5->11')>    0.05784
|3X^CV(4->10')>    0.05076
|3X^CV(4->11')>   -0.05135
|3X^CV(2->13')>    0.09049
|3X^CV(2->14')>   -0.06913
|3X^CV(1->13')>    0.08568
|3X^CV(1->14')>   -0.06534
|3^ZCV0'(48->3')>   -0.05271
|3^ZCV0'(48->4')>   -0.05322
TDMs with Triplet 'Ground' state
TDMX:-0.695   TDMY:-0.046   TDMZ:-0.111   Oscillator Strength:0.04324   <S**2>: 2.000
--------------------------------------------------------------------
TDMs with Singlet 'Ground' state
TDMX:0.000   TDMY:0.000   TDMZ:0.000   Oscillator Strength:0.00000   <S**2>: 2.000
--------------------------------------------------------------------


State 58 3.573 eV 
Excitation    CI Coef
|3^CS(13->0)>    0.07682
|3^CS(4->0)>   -0.05552
|3^CS(3->0)>    0.15820
|3^CS(14->0')>    0.09610
|3^CS(11->0')>    0.08237
|3^CS(8->0')>   -0.06738
|3^SV(0->1')>    0.34107
|3^SV(0->2')>   -0.18613
|3^SV(0->5')>    0.06149
|3^SV(0->10')>   -0.05806
|3^SV(0->11')>   -0.05207
|3^SV(0->12')>   -0.12547
|3^SV(0->13')>   -0.07411
|3^SV(0'->1')>   -0.28178
|3^SV(0'->2')>    0.41230
|3^SV(0'->5')>   -0.05292
|3^SV(0'->10')>    0.05834
|3^SV(0'->12')>    0.06599
|3^SV(0'->14')>    0.06407
|3T^CV(12->1')>   -0.06659
|3X^CV(18->2')>   -0.05921
|3X^CV(14->1')>    0.06836
|3X^CV(14->2')>    0.07903
|3X^CV(13->2')>    0.08536
|3X^CV(12->1')>    0.16830
|3X^CV(12->5')>    0.06171
|3X^CV(11->1')>    0.15695
|3X^CV(11->2')>    0.12699
|3X^CV(11->12')>   -0.05725
|3X^CV(10->6')>    0.05143
|3X^CV(9->7')>   -0.05030
|3X^CV(3->1')>    0.16762
|3X^CV(3->12')>   -0.06084
|3^ZCV0(20->1')>    0.05360
|3^ZCV0(14->1')>   -0.09794
|3^ZCV0(13->2')>   -0.12716
|3^ZCV0(12->1')>   -0.10361
|3^ZCV0(12->5')>   -0.08943
|3^ZCV0(11->1')>   -0.10851
|3^ZCV0(10->6')>   -0.09083
|3^ZCV0(9->7')>    0.08861
|3^ZCV0(3->1')>   -0.11992
|3^ZCV0(3->12')>    0.05892
|3^ZCV0'(57->1')>   -0.05304
|3^ZCV0'(50->2')>    0.09719
|3^ZCV0'(50->5')>    0.05334
|3^ZCV0'(49->2')>    0.08098
|3^ZCV0'(49->5')>    0.07658
|3^ZCV0'(48->1')>    0.10447
|3^ZCV0'(47->6')>    0.09306
|3^ZCV0'(46->7')>   -0.09068
|3^ZCV0'(40->1')>    0.08763
|3^ZCV0'(40->12')>   -0.05737
|3^SVD(1,13)>   -0.06093
|3^SVD(1,14)>    0.06920
|3^SVD(2,13)>    0.06783
|3^SVD(2,14)>   -0.06786
TDMs with Triplet 'Ground' state
TDMX:0.028   TDMY:0.957   TDMZ:0.548   Oscillator Strength:0.10653   <S**2>: 2.000
--------------------------------------------------------------------
TDMs with Singlet 'Ground' state
TDMX:0.000   TDMY:0.000   TDMZ:0.000   Oscillator Strength:0.00000   <S**2>: 2.000
--------------------------------------------------------------------


State 59 3.668 eV 
Excitation    CI Coef
|3^CS(14->0)>    0.06218
|3^CS(13->0)>   -0.06476
|3^CS(12->0)>   -0.09217
|3^CS(5->0)>   -0.07699
|3^CS(4->0)>    0.09576
|3^CS(13->0')>    0.08593
|3^CS(12->0')>    0.06281
|3^CS(11->0')>   -0.07392
|3^CS(8->0')>   -0.06701
|3^CS(5->0')>    0.07017
|3^CS(3->0')>    0.07898
|3^SV(0->1')>   -0.09438
|3^SV(0->2')>   -0.38414
|3^SV(0->11')>    0.05639
|3^SV(0->12')>   -0.11225
|3^SV(0->14')>   -0.07836
|3^SV(0'->1')>   -0.32757
|3^SV(0'->2')>   -0.28476
|3^SV(0'->5')>   -0.22648
|3^SV(0'->11')>    0.06407
|3^SV(0'->12')>    0.06449
|3^SV(0'->15')>   -0.05132
|3T^CV(11->1')>    0.06311
|3T^CV(11->2')>    0.09279
|3T^CV(3->2')>    0.06169
|3X^CV(14->2')>   -0.09094
|3X^CV(14->5')>   -0.05700
|3X^CV(13->1')>   -0.06727
|3X^CV(13->2')>    0.15306
|3X^CV(13->5')>    0.06726
|3X^CV(12->2')>    0.15796
|3X^CV(12->5')>    0.12119
|3X^CV(11->2')>   -0.21444
|3X^CV(11->5')>   -0.11141
|3X^CV(10->6')>    0.11395
|3X^CV(9->7')>   -0.11113
|3X^CV(8->2')>   -0.09902
|3X^CV(8->5')>   -0.07179
|3X^CV(4->2')>    0.05197
|3X^CV(3->2')>   -0.12152
|3X^CV(3->5')>   -0.10488
|3^ZCV0(14->2')>   -0.05547
|3^ZCV0(12->1')>   -0.07550
|3^ZCV0(12->2')>    0.06858
|3^ZCV0(11->2')>   -0.10210
|3^ZCV0(10->7')>    0.06327
|3^ZCV0(9->6')>   -0.06458
|3^ZCV0(3->2')>   -0.05420
|3^ZCV0(3->5')>   -0.07196
|3^ZCV0'(51->2')>    0.07414
|3^ZCV0'(50->2')>   -0.06562
|3^ZCV0'(49->1')>    0.06347
|3^ZCV0'(49->2')>   -0.07311
|3^ZCV0'(48->2')>    0.15333
|3^ZCV0'(48->5')>    0.06766
|3^ZCV0'(47->7')>   -0.06389
|3^ZCV0'(46->6')>    0.06531
|3^ZCV0'(45->2')>    0.05875
|3^ZCV0'(40->5')>    0.07093
TDMs with Triplet 'Ground' state
TDMX:-0.054   TDMY:-0.861   TDMZ:0.398   Oscillator Strength:0.08112   <S**2>: 2.000
--------------------------------------------------------------------
TDMs with Singlet 'Ground' state
TDMX:0.000   TDMY:0.000   TDMZ:0.000   Oscillator Strength:0.00000   <S**2>: 2.000
--------------------------------------------------------------------


State 60 3.672 eV 
Excitation    CI Coef
|1^OS>    0.17174
|1^ZW+>   -0.10747
|1^CS(17->0)>    0.14397
|1^CS(13->0)>    0.09394
|1^CS(12->0)>    0.05388
|1^CS(11->0)>    0.05706
|1^CS(8->0)>    0.07676
|1^CS(5->0)>    0.05650
|1^CS(4->0)>   -0.12860
|1^CS(3->0)>    0.09494
|1^CS(18->0')>    0.15196
|1^CS(13->0')>   -0.09740
|1^CS(11->0')>    0.07293
|1^CS(8->0')>    0.06942
|1^CS(5->0')>   -0.06555
|1^CS(3->0')>   -0.10583
|1^SV(0->1')>   -0.20517
|1^SV(0->11')>    0.07390
|1^SV(0->12')>   -0.05851
|1^SV(0->13')>    0.05175
|1^SV(0'->1')>    0.10035
|1^SV(0'->2')>    0.50189
|1^SV(0'->5')>    0.22891
|1^SV(0'->10')>    0.07058
|1^SV(0'->11')>   -0.05077
|1^SV(0'->12')>   -0.13507
|1^SV(0'->13')>   -0.05908
|1^SV(0'->15')>    0.05196
|1T^CV(21->2')>   -0.05341
|1T^CV(18->2')>   -0.08527
|1T^CV(17->1')>   -0.05718
|1T^CV(14->1')>    0.05145
|1T^CV(14->2')>    0.12435
|1T^CV(14->5')>    0.07744
|1T^CV(13->1')>    0.05490
|1T^CV(13->2')>   -0.11311
|1T^CV(13->12')>   -0.05354
|1T^CV(12->1')>    0.09154
|1T^CV(12->2')>   -0.23759
|1T^CV(12->5')>   -0.13062
|1T^CV(11->1')>    0.14821
|1T^CV(11->2')>    0.22150
|1T^CV(11->5')>    0.10244
|1T^CV(11->13')>   -0.05461
|1T^CV(10->6')>   -0.10388
|1T^CV(9->7')>    0.10136
|1T^CV(8->2')>    0.08949
|1T^CV(8->5')>    0.07664
|1T^CV(4->2')>   -0.05859
|1T^CV(3->1')>    0.12506
|1T^CV(3->2')>    0.09671
|1T^CV(3->5')>    0.08946
|1^ZCV0(12->2')>    0.06581
|1^ZCV0'(11->2')>   -0.06545
|1^SVD_(1',2')>    0.06183
|1^SVD_(2',13')>   -0.05432
TDMs with Triplet 'Ground' state
TDMX:0.000   TDMY:0.000   TDMZ:0.000   Oscillator Strength:0.00000   <S**2>: 0.000
--------------------------------------------------------------------
TDMs with Singlet 'Ground' state
TDMX:-0.022   TDMY:-0.813   TDMZ:-0.278   Oscillator Strength:0.06651   <S**2>: 0.000
--------------------------------------------------------------------


State 61 3.771 eV 
Excitation    CI Coef
|1^CS(11->0)>    0.07054
|1^CS(8->0)>    0.17214
|1^CS(7->0)>   -0.07490
|1^CS(6->0)>   -0.11455
|1^CS(5->0)>   -0.26650
|1^CS(4->0)>    0.18074
|1^CS(13->0')>   -0.05495
|1^CS(8->0')>   -0.10722
|1^CS(7->0')>    0.07972
|1^CS(6->0')>    0.09889
|1^CS(5->0')>    0.26562
|1^CS(4->0')>   -0.24362
|1^CS(3->0')>   -0.07548
|1^SV(0->2')>    0.08272
|1^SV(0->5')>    0.14530
|1^SV(0->8')>    0.07283
|1^SV(0->9')>   -0.05937
|1^SV(0->10')>    0.29573
|1^SV(0->11')>   -0.29486
|1^SV(0'->2')>    0.07175
|1^SV(0'->3')>    0.05251
|1^SV(0'->8')>   -0.06299
|1^SV(0'->9')>    0.06302
|1^SV(0'->10')>   -0.27701
|1^SV(0'->11')>    0.32835
|1^SV(0'->12')>   -0.13881
|1T^CV(17->11')>   -0.05311
|1T^CV(12->2')>   -0.06219
|1T^CV(11->1')>    0.05382
|1T^CV(11->10')>   -0.08925
|1T^CV(11->11')>    0.10238
|1T^CV(10->7')>    0.08792
|1T^CV(9->6')>   -0.09000
|1T^CV(5->10')>    0.09090
|1T^CV(5->12')>    0.05671
|1T^CV(4->10')>   -0.05651
|1T^CV(4->11')>    0.11438
|1T^CV(3->10')>    0.05118
|1T^CV(2->10')>    0.09759
|1T^CV(2->11')>   -0.09147
|1T^CV(1->10')>    0.08418
|1T^CV(1->11')>   -0.09522
|1^ZCV0'(11->11')>   -0.05462
|1^CSD_(11,5)>    0.05405
TDMs with Triplet 'Ground' state
TDMX:0.000   TDMY:0.000   TDMZ:0.000   Oscillator Strength:0.00000   <S**2>: 0.000
--------------------------------------------------------------------
TDMs with Singlet 'Ground' state
TDMX:0.163   TDMY:-0.758   TDMZ:-0.247   Oscillator Strength:0.06115   <S**2>: 0.000
--------------------------------------------------------------------


State 62 3.781 eV 
Excitation    CI Coef
|3^CS(17->0)>    0.05652
|3^CS(12->0)>    0.08803
|3^CS(11->0)>    0.20040
|3^CS(8->0)>    0.19869
|3^CS(6->0)>   -0.09022
|3^CS(5->0)>   -0.16355
|3^CS(18->0')>    0.05619
|3^CS(13->0')>   -0.06429
|3^CS(12->0')>    0.08839
|3^CS(11->0')>    0.15047
|3^CS(7->0')>    0.05131
|3^CS(5->0')>    0.15286
|3^CS(4->0')>   -0.22347
|3^CS(3->0')>   -0.10325
|3^SV(0->1')>   -0.12517
|3^SV(0->2')>   -0.19327
|3^SV(0->5')>   -0.25396
|3^SV(0->8')>   -0.05796
|3^SV(0->10')>   -0.19640
|3^SV(0->11')>    0.15073
|3^SV(0->12')>    0.13365
|3^SV(0->13')>   -0.05808
|3^SV(0->15')>   -0.06426
|3^SV(0'->1')>    0.06675
|3^SV(0'->2')>    0.12662
|3^SV(0'->5')>    0.16210
|3^SV(0'->10')>   -0.10674
|3^SV(0'->11')>    0.18919
|3^SV(0'->12')>   -0.22026
|3^SV(0'->15')>    0.05136
|3X^CV(14->1')>    0.07718
|3X^CV(12->2')>   -0.08910
|3X^CV(12->5')>   -0.06971
|3X^CV(11->1')>    0.11401
|3X^CV(10->6')>   -0.07176
|3X^CV(10->7')>    0.15403
|3X^CV(9->6')>   -0.15786
|3X^CV(9->7')>    0.06982
|3X^CV(7->8')>    0.06674
|3X^CV(6->9')>    0.05595
|3X^CV(5->10')>    0.09624
|3X^CV(4->11')>    0.09660
|3X^CV(3->1')>    0.08541
|3^ZCV0(12->2')>    0.05650
|3^ZCV0(11->1')>   -0.08022
|3^ZCV0(10->7')>   -0.05203
|3^ZCV0(9->6')>    0.05360
|3^ZCV0'(51->1')>    0.05360
|3^ZCV0'(48->1')>    0.07362
|3^ZCV0'(47->7')>    0.05421
|3^ZCV0'(46->6')>   -0.05571
|3^ZCV0'(42->11')>    0.05147
|3^ZCV0'(40->1')>    0.07080
TDMs with Triplet 'Ground' state
TDMX:0.084   TDMY:1.477   TDMZ:0.004   Oscillator Strength:0.20281   <S**2>: 2.000
--------------------------------------------------------------------
TDMs with Singlet 'Ground' state
TDMX:0.000   TDMY:0.000   TDMZ:0.000   Oscillator Strength:0.00000   <S**2>: 2.000
--------------------------------------------------------------------


State 63 3.796 eV 
Excitation    CI Coef
|1^OS>   -0.08203
|1^ZW+>    0.14799
|1^CS(18->0)>    0.08956
|1^CS(13->0)>   -0.15405
|1^CS(12->0)>    0.09905
|1^CS(11->0)>    0.07371
|1^CS(8->0)>    0.07851
|1^CS(5->0)>    0.08736
|1^CS(4->0)>   -0.14262
|1^CS(3->0)>   -0.12429
|1^CS(17->0')>    0.09086
|1^CS(14->0')>   -0.11404
|1^CS(11->0')>    0.10485
|1^CS(8->0')>    0.09862
|1^CS(6->0')>   -0.05979
|1^CS(5->0')>   -0.09340
|1^CS(3->0')>   -0.12817
|1^SV(0->1')>    0.24188
|1^SV(0->2')>    0.14108
|1^SV(0->5')>    0.26897
|1^SV(0->7')>   -0.06132
|1^SV(0->10')>   -0.06064
|1^SV(0->11')>    0.11304
|1^SV(0->12')>   -0.13911
|1^SV(0->15')>    0.06419
|1^SV(0'->1')>    0.18692
|1^SV(0'->2')>   -0.13747
|1^SV(0'->5')>    0.09379
|1^SV(0'->6')>    0.05490
|1^SV(0'->10')>    0.14466
|1^SV(0'->11')>   -0.08880
|1^SV(0'->12')>   -0.19735
|1^SV(0'->13')>    0.09973
|1^SV(0'->14')>   -0.05836
|1^SV(0'->15')>    0.05764
|1^SV(0'->16')>    0.06478
|1T^CV(14->2')>   -0.06072
|1T^CV(14->12')>   -0.05311
|1T^CV(13->1')>   -0.05658
|1T^CV(12->1')>   -0.15179
|1T^CV(12->5')>   -0.05794
|1T^CV(12->12')>    0.06785
|1T^CV(11->1')>    0.05343
|1T^CV(11->2')>   -0.12968
|1T^CV(11->5')>   -0.06183
|1T^CV(10->6')>   -0.10801
|1T^CV(10->7')>    0.20187
|1T^CV(9->6')>   -0.20663
|1T^CV(9->7')>    0.10551
|1T^CV(7->8')>    0.05188
|1T^CV(7->9')>    0.10615
|1T^CV(6->8')>    0.08362
|1T^CV(6->10')>   -0.07182
|1T^CV(5->10')>    0.05599
|1T^CV(5->11')>    0.15435
|1T^CV(4->10')>    0.12925
|1T^CV(3->2')>   -0.05069
|1T^CV(3->5')>   -0.09530
|1T^CV(2->4')>    0.05014
|1T^CV(1->3')>    0.05084
|1^ZCV0(12->1')>    0.07736
|1^ZCV0'(11->2')>    0.05337
|1^SVD_(1',1')>    0.05544
TDMs with Triplet 'Ground' state
TDMX:0.000   TDMY:0.000   TDMZ:0.000   Oscillator Strength:0.00000   <S**2>: 0.000
--------------------------------------------------------------------
TDMs with Singlet 'Ground' state
TDMX:-0.055   TDMY:-0.962   TDMZ:0.291   Oscillator Strength:0.09425   <S**2>: 0.000
--------------------------------------------------------------------


State 64 3.798 eV 
Excitation    CI Coef
|3^CS(13->0)>   -0.08072
|3^CS(12->0)>    0.05155
|3^CS(11->0)>    0.11843
|3^CS(7->0)>    0.05984
|3^CS(6->0)>    0.07928
|3^CS(5->0)>    0.23615
|3^CS(4->0)>   -0.25577
|3^CS(14->0')>   -0.05845
|3^CS(12->0')>    0.06131
|3^CS(11->0')>    0.10602
|3^CS(8->0')>    0.16897
|3^CS(7->0')>   -0.06281
|3^CS(6->0')>   -0.11704
|3^CS(5->0')>   -0.25928
|3^CS(4->0')>    0.16237
|3^SV(0->1')>   -0.09403
|3^SV(0->2')>   -0.22441
|3^SV(0->3')>   -0.05464
|3^SV(0->5')>   -0.15578
|3^SV(0->10')>    0.22973
|3^SV(0->11')>   -0.28085
|3^SV(0->12')>    0.10598
|3^SV(0'->5')>    0.05894
|3^SV(0'->8')>    0.06089
|3^SV(0'->10')>    0.27956
|3^SV(0'->11')>   -0.25907
|3^SV(0'->12')>   -0.07307
|3^SV(0'->13')>    0.06750
|3X^CV(12->1')>   -0.05090
|3X^CV(11->2')>   -0.07617
|3X^CV(11->10')>    0.06696
|3X^CV(11->11')>   -0.06816
|3X^CV(10->7')>    0.08994
|3X^CV(9->6')>   -0.09217
|3X^CV(7->9')>    0.05272
|3X^CV(5->11')>    0.10434
|3X^CV(4->10')>    0.09997
|3X^CV(3->5')>   -0.05443
|3X^CV(2->10')>   -0.06164
|3X^CV(2->11')>    0.07601
|3X^CV(1->10')>   -0.07074
|3X^CV(1->11')>    0.05937
|3^ZCV0(12->2')>    0.05449
|3^ZCV0(11->1')>   -0.05506
|3^ZCV0'(48->1')>    0.05473
|3^ZCV0'(48->2')>    0.07226
|3^ZCV0'(48->10')>   -0.05726
|3^ZCV0'(48->11')>    0.06216
|3^ZCV0'(41->11')>    0.05065
TDMs with Triplet 'Ground' state
TDMX:-0.206   TDMY:0.820   TDMZ:0.327   Oscillator Strength:0.07647   <S**2>: 2.000
--------------------------------------------------------------------
TDMs with Singlet 'Ground' state
TDMX:0.000   TDMY:0.000   TDMZ:0.000   Oscillator Strength:0.00000   <S**2>: 2.000
--------------------------------------------------------------------


State 65 3.806 eV 
Excitation    CI Coef
|1^CS(10->0)>    0.29174
|1^CS(9->0)>   -0.29335
|1^CS(7->0)>    0.11011
|1^CS(6->0)>   -0.10514
|1^CS(10->0')>   -0.19608
|1^CS(9->0')>    0.19798
|1^CS(7->0')>   -0.11416
|1^CS(6->0')>    0.11241
|1^SV(0->6')>   -0.34721
|1^SV(0->7')>   -0.32678
|1^SV(0->8')>   -0.13188
|1^SV(0->9')>    0.13141
|1^SV(0'->6')>    0.31046
|1^SV(0'->7')>    0.29396
|1^SV(0'->8')>    0.13760
|1^SV(0'->9')>   -0.14145
|1T^CV(17->6')>   -0.06318
|1T^CV(17->7')>   -0.05925
|1T^CV(11->6')>    0.06429
|1T^CV(11->7')>    0.05660
|1T^CV(10->1')>    0.11189
|1T^CV(10->2')>   -0.12721
|1T^CV(9->1')>   -0.11301
|1T^CV(9->2')>    0.12619
|1T^CV(8->6')>    0.06002
|1T^CV(8->7')>    0.05829
|1T^CV(3->6')>    0.07325
|1T^CV(3->7')>    0.06970
|1^ZCV0'(11->6')>   -0.06382
|1^ZCV0'(11->7')>   -0.05890
|1^CSD_(11,9)>    0.05039
TDMs with Triplet 'Ground' state
TDMX:0.000   TDMY:0.000   TDMZ:0.000   Oscillator Strength:0.00000   <S**2>: 0.000
--------------------------------------------------------------------
TDMs with Singlet 'Ground' state
TDMX:0.264   TDMY:0.281   TDMZ:0.602   Oscillator Strength:0.04761   <S**2>: 0.000
--------------------------------------------------------------------


State 66 3.813 eV 
Excitation    CI Coef
|1^CS(10->0)>    0.12950
|1^CS(9->0)>   -0.12799
|1^CS(8->0)>    0.08503
|1^CS(7->0)>   -0.25089
|1^CS(6->0)>    0.23366
|1^CS(5->0)>    0.05990
|1^CS(4->0)>    0.07184
|1^CS(10->0')>   -0.08303
|1^CS(9->0')>    0.07992
|1^CS(8->0')>   -0.10336
|1^CS(7->0')>    0.26029
|1^CS(6->0')>   -0.23896
|1^CS(5->0')>   -0.06269
|1^CS(4->0')>   -0.06045
|1^SV(0->5')>   -0.05261
|1^SV(0->6')>   -0.15167
|1^SV(0->7')>   -0.14086
|1^SV(0->8')>    0.30464
|1^SV(0->9')>   -0.30717
|1^SV(0->10')>   -0.05893
|1^SV(0'->6')>    0.13468
|1^SV(0'->7')>    0.12522
|1^SV(0'->8')>   -0.32758
|1^SV(0'->9')>    0.32580
|1^SV(0'->10')>    0.05400
|1T^CV(17->8')>    0.05528
|1T^CV(17->9')>   -0.05528
|1T^CV(11->8')>   -0.10085
|1T^CV(11->9')>    0.10060
|1T^CV(10->1')>    0.05214
|1T^CV(10->2')>   -0.05912
|1T^CV(9->1')>   -0.05395
|1T^CV(9->2')>    0.05713
|1T^CV(3->8')>    0.05052
|1T^CV(3->9')>   -0.05239
|1T^CV(2->8')>   -0.09868
|1T^CV(2->9')>    0.09940
|1T^CV(1->8')>   -0.09426
|1T^CV(1->9')>    0.09360
|1^ZCV0'(11->8')>    0.05357
|1^ZCV0'(11->9')>   -0.05363
|1^CSD_(11,7)>    0.05206
TDMs with Triplet 'Ground' state
TDMX:0.000   TDMY:0.000   TDMZ:0.000   Oscillator Strength:0.00000   <S**2>: 0.000
--------------------------------------------------------------------
TDMs with Singlet 'Ground' state
TDMX:0.180   TDMY:-0.026   TDMZ:0.070   Oscillator Strength:0.00354   <S**2>: 0.000
--------------------------------------------------------------------


State 67 3.825 eV 
Excitation    CI Coef
|3^CS(10->0)>    0.15701
|3^CS(9->0)>   -0.15986
|3^CS(8->0)>   -0.07759
|3^CS(7->0)>    0.24394
|3^CS(6->0)>   -0.22617
|3^CS(5->0)>   -0.05797
|3^CS(4->0)>   -0.06553
|3^CS(10->0')>   -0.15817
|3^CS(9->0')>    0.16041
|3^CS(8->0')>    0.09078
|3^CS(7->0')>   -0.25834
|3^CS(6->0')>    0.23739
|3^CS(5->0')>    0.06112
|3^CS(4->0')>    0.06362
|3^SV(0->6')>    0.18978
|3^SV(0->7')>    0.17878
|3^SV(0->8')>    0.28112
|3^SV(0->9')>   -0.28268
|3^SV(0->10')>   -0.05702
|3^SV(0'->6')>    0.18013
|3^SV(0'->7')>    0.16728
|3^SV(0'->8')>    0.28158
|3^SV(0'->9')>   -0.28158
|3^SV(0'->10')>   -0.05586
|3X^CV(11->8')>    0.07285
|3X^CV(11->9')>   -0.07300
|3X^CV(10->2')>   -0.06570
|3X^CV(9->1')>   -0.05157
|3X^CV(9->2')>    0.06263
|3X^CV(2->8')>    0.07235
|3X^CV(2->9')>   -0.07252
|3X^CV(1->8')>    0.06889
|3X^CV(1->9')>   -0.06862
|3^ZCV0'(48->8')>   -0.06449
|3^ZCV0'(48->9')>    0.06472
TDMs with Triplet 'Ground' state
TDMX:0.127   TDMY:0.345   TDMZ:0.496   Oscillator Strength:0.03573   <S**2>: 2.000
--------------------------------------------------------------------
TDMs with Singlet 'Ground' state
TDMX:0.000   TDMY:0.000   TDMZ:0.000   Oscillator Strength:0.00000   <S**2>: 2.000
--------------------------------------------------------------------


State 68 3.831 eV 
Excitation    CI Coef
|3^CS(10->0)>    0.25036
|3^CS(9->0)>   -0.24653
|3^CS(8->0)>    0.06394
|3^CS(7->0)>   -0.14994
|3^CS(6->0)>    0.14131
|3^CS(10->0')>   -0.25491
|3^CS(9->0')>    0.25330
|3^CS(8->0')>   -0.06521
|3^CS(7->0')>    0.15772
|3^CS(6->0')>   -0.15136
|3^SV(0->6')>    0.30446
|3^SV(0->7')>    0.28042
|3^SV(0->8')>   -0.17955
|3^SV(0->9')>    0.17907
|3^SV(0'->6')>    0.28680
|3^SV(0'->7')>    0.26636
|3^SV(0'->8')>   -0.17753
|3^SV(0'->9')>    0.17982
|3X^CV(10->1')>    0.07857
|3X^CV(10->2')>   -0.10657
|3X^CV(9->1')>   -0.08355
|3X^CV(9->2')>    0.10193
|3X^CV(3->6')>    0.05462
|3X^CV(3->7')>    0.05068
|3^ZCV0'(48->6')>   -0.05554
|3^ZCV0'(47->2')>    0.06878
|3^ZCV0'(46->2')>   -0.06327
TDMs with Triplet 'Ground' state
TDMX:0.286   TDMY:0.035   TDMZ:0.432   Oscillator Strength:0.02530   <S**2>: 2.000
--------------------------------------------------------------------
TDMs with Singlet 'Ground' state
TDMX:0.000   TDMY:0.000   TDMZ:0.000   Oscillator Strength:0.00000   <S**2>: 2.000
--------------------------------------------------------------------


State 69 3.883 eV 
Excitation    CI Coef
|3^CS(10->0)>   -0.12885
|3^CS(9->0)>    0.12925
|3^CS(10->0')>   -0.14783
|3^CS(9->0')>    0.14841
|3X^CV(10->1')>   -0.27068
|3X^CV(10->2')>    0.19873
|3X^CV(10->5')>   -0.10291
|3X^CV(10->12')>   -0.06589
|3X^CV(10->13')>    0.05911
|3X^CV(10->14')>   -0.12045
|3X^CV(9->1')>    0.27223
|3X^CV(9->2')>   -0.19755
|3X^CV(9->5')>    0.10237
|3X^CV(9->12')>    0.06610
|3X^CV(9->13')>   -0.05839
|3X^CV(9->14')>    0.12083
|3^ZCV0(10->1')>    0.26227
|3^ZCV0(10->2')>   -0.20103
|3^ZCV0(10->5')>    0.09959
|3^ZCV0(10->12')>    0.05599
|3^ZCV0(10->13')>   -0.08460
|3^ZCV0(10->14')>    0.12134
|3^ZCV0(9->1')>   -0.26178
|3^ZCV0(9->2')>    0.20145
|3^ZCV0(9->5')>   -0.09979
|3^ZCV0(9->12')>   -0.05583
|3^ZCV0(9->13')>    0.08475
|3^ZCV0(9->14')>   -0.12101
|3^ZCV0'(47->1')>   -0.25180
|3^ZCV0'(47->2')>    0.19823
|3^ZCV0'(47->5')>   -0.10491
|3^ZCV0'(47->12')>   -0.06706
|3^ZCV0'(47->13')>    0.05657
|3^ZCV0'(47->14')>   -0.09849
|3^ZCV0'(46->1')>    0.25122
|3^ZCV0'(46->2')>   -0.19861
|3^ZCV0'(46->5')>    0.10512
|3^ZCV0'(46->12')>    0.06694
|3^ZCV0'(46->13')>   -0.05664
|3^ZCV0'(46->14')>    0.09806
|3^ZCV0'(40->6')>    0.05181
|3^ZCV0'(40->7')>    0.05001
TDMs with Triplet 'Ground' state
TDMX:-0.002   TDMY:0.037   TDMZ:-0.008   Oscillator Strength:0.00013   <S**2>: 2.000
--------------------------------------------------------------------
TDMs with Singlet 'Ground' state
TDMX:0.000   TDMY:0.000   TDMZ:0.000   Oscillator Strength:0.00000   <S**2>: 2.000
--------------------------------------------------------------------


State 70 3.886 eV 
Excitation    CI Coef
|1^OS>   -0.08578
|1^ZW+>    0.10748
|1^CS(18->0)>    0.10974
|1^CS(17->0)>   -0.05781
|1^CS(11->0)>   -0.06316
|1^CS(4->0)>    0.05619
|1^CS(3->0)>   -0.23147
|1^CS(18->0')>   -0.06333
|1^CS(17->0')>    0.09298
|1^CS(13->0')>    0.06321
|1^CS(8->0')>    0.08851
|1^CS(4->0')>   -0.10340
|1^CS(3->0')>    0.13699
|1^SV(0->1')>    0.17468
|1^SV(0->2')>   -0.39528
|1^SV(0->5')>   -0.23284
|1^SV(0->10')>    0.05814
|1^SV(0->12')>   -0.14573
|1^SV(0->13')>    0.08216
|1^SV(0->14')>   -0.06898
|1^SV(0'->1')>    0.21581
|1^SV(0'->5')>    0.21053
|1^SV(0'->10')>   -0.06165
|1^SV(0'->12')>    0.07628
|1T^CV(14->2')>    0.07383
|1T^CV(14->5')>    0.05490
|1T^CV(13->1')>    0.08842
|1T^CV(12->2')>    0.15479
|1T^CV(11->2')>    0.19646
|1T^CV(11->5')>    0.16763
|1T^CV(11->12')>    0.06422
|1T^CV(10->6')>   -0.25116
|1T^CV(10->7')>   -0.08159
|1T^CV(9->6')>    0.08304
|1T^CV(9->7')>    0.24477
|1T^CV(5->11')>    0.05230
|1T^CV(3->2')>    0.17820
|1T^CV(3->5')>    0.14177
|1T^CV(3->12')>    0.07593
|1T^CV(3->13')>   -0.08061
|1T^CV(3->14')>    0.08487
|1^ZCV0'(11->2')>   -0.05411
TDMs with Triplet 'Ground' state
TDMX:0.000   TDMY:0.000   TDMZ:0.000   Oscillator Strength:0.00000   <S**2>: 0.000
--------------------------------------------------------------------
TDMs with Singlet 'Ground' state
TDMX:0.110   TDMY:0.195   TDMZ:-0.001   Oscillator Strength:0.00479   <S**2>: 0.000
--------------------------------------------------------------------


State 71 3.915 eV 
Excitation    CI Coef
|1^OS>   -0.07744
|1^CS(16->0)>   -0.19639
|1^CS(15->0)>    0.24698
|1^CS(14->0)>    0.12875
|1^CS(11->0)>   -0.06858
|1^CS(2->0)>    0.06345
|1^CS(1->0)>   -0.06640
|1^CS(16->0')>   -0.18912
|1^CS(15->0')>    0.24451
|1^CS(14->0')>    0.06606
|1^CS(13->0')>    0.10804
|1^CS(12->0')>   -0.12508
|1^CS(1->0')>   -0.05008
|1^SV(0->3')>   -0.07112
|1^SV(0->4')>    0.08251
|1^SV(0->5')>    0.10958
|1^SV(0->12')>   -0.06806
|1^SV(0->17')>    0.05369
|1^SV(0'->2')>   -0.07279
|1^SV(0'->12')>   -0.05429
|1^SV(0'->13')>    0.05996
|1^SV(0'->17')>    0.05912
|1T^CV(16->13')>   -0.05285
|1T^CV(15->13')>    0.06721
|1T^CV(15->14')>    0.05188
|1T^CV(13->2')>   -0.05021
|1T^CV(10->6')>   -0.07497
|1T^CV(10->7')>    0.05875
|1T^CV(9->6')>   -0.06020
|1T^CV(9->7')>    0.07295
|1T^CV(8->10')>   -0.10045
|1T^CV(8->11')>   -0.14705
|1T^CV(7->9')>    0.10987
|1T^CV(7->10')>   -0.06254
|1T^CV(7->11')>   -0.05329
|1T^CV(6->8')>    0.11204
|1T^CV(6->10')>    0.10965
|1T^CV(6->11')>    0.18444
|1T^CV(5->10')>   -0.38567
|1T^CV(5->11')>   -0.27119
|1T^CV(4->10')>   -0.22262
|1T^CV(4->11')>   -0.32626
TDMs with Triplet 'Ground' state
TDMX:0.000   TDMY:0.000   TDMZ:0.000   Oscillator Strength:0.00000   <S**2>: 0.000
--------------------------------------------------------------------
TDMs with Singlet 'Ground' state
TDMX:-0.257   TDMY:0.093   TDMZ:0.080   Oscillator Strength:0.00779   <S**2>: 0.000
--------------------------------------------------------------------


State 72 3.916 eV 
Excitation    CI Coef
|3^CS(18->0)>    0.12376
|3^CS(17->0)>    0.12250
|3^CS(16->0)>   -0.05713
|3^CS(15->0)>    0.07315
|3^CS(14->0)>    0.11827
|3^CS(13->0)>    0.14842
|3^CS(12->0)>   -0.16930
|3^CS(11->0)>   -0.08315
|3^CS(18->0')>    0.10246
|3^CS(17->0')>    0.12824
|3^CS(16->0')>   -0.05589
|3^CS(15->0')>    0.07144
|3^CS(14->0')>    0.16543
|3^CS(13->0')>    0.08712
|3^CS(12->0')>   -0.12386
|3^CS(11->0')>   -0.13112
|3^CS(3->0')>   -0.05464
|3^SV(0->2')>   -0.05115
|3^SV(0->5')>   -0.16421
|3^SV(0->13')>   -0.05429
|3^SV(0->20')>    0.05276
|3^SV(0'->5')>    0.05433
|3^SV(0'->12')>   -0.12050
|3^SV(0'->20')>   -0.05504
|3X^CV(10->7')>    0.15865
|3X^CV(9->6')>   -0.16286
|3X^CV(8->8')>   -0.07742
|3X^CV(8->10')>   -0.09794
|3X^CV(8->11')>   -0.07648
|3X^CV(7->8')>   -0.10209
|3X^CV(7->9')>   -0.15850
|3X^CV(6->8')>   -0.11921
|3X^CV(6->9')>   -0.07905
|3X^CV(6->10')>    0.14569
|3X^CV(6->11')>    0.11063
|3X^CV(5->10')>   -0.22092
|3X^CV(5->11')>   -0.28797
|3X^CV(4->8')>   -0.07174
|3X^CV(4->10')>   -0.21957
|3X^CV(4->11')>   -0.18629
|3^ZCV0(10->6')>    0.05762
|3^ZCV0(9->7')>   -0.05597
|3^ZCV0(8->11')>    0.05056
|3^ZCV0(7->8')>    0.08140
|3^ZCV0(6->9')>    0.06358
|3^ZCV0(6->10')>   -0.05283
|3^ZCV0(6->11')>   -0.07236
|3^ZCV0(5->10')>    0.13961
|3^ZCV0(5->11')>    0.10906
|3^ZCV0(4->10')>    0.08565
|3^ZCV0(4->11')>    0.11417
|3^ZCV0'(47->6')>   -0.05845
|3^ZCV0'(46->7')>    0.05692
|3^ZCV0'(45->11')>   -0.05164
|3^ZCV0'(44->8')>   -0.08081
|3^ZCV0'(43->9')>   -0.06319
|3^ZCV0'(43->10')>    0.05326
|3^ZCV0'(43->11')>    0.07173
|3^ZCV0'(42->10')>   -0.13882
|3^ZCV0'(42->11')>   -0.10927
|3^ZCV0'(41->10')>   -0.08508
|3^ZCV0'(41->11')>   -0.11241
TDMs with Triplet 'Ground' state
TDMX:0.229   TDMY:0.120   TDMZ:-0.020   Oscillator Strength:0.00644   <S**2>: 2.000
--------------------------------------------------------------------
TDMs with Singlet 'Ground' state
TDMX:0.000   TDMY:0.000   TDMZ:0.000   Oscillator Strength:0.00000   <S**2>: 2.000
--------------------------------------------------------------------


State 73 3.929 eV 
Excitation    CI Coef
|3^CS(10->0)>   -0.05244
|3^CS(9->0)>   -0.05942
|3^CS(10->0')>    0.05139
|3^CS(9->0')>    0.05839
|3X^CV(10->1')>    0.25289
|3X^CV(10->2')>    0.22820
|3X^CV(10->5')>   -0.10561
|3X^CV(10->12')>    0.06879
|3X^CV(10->13')>    0.08992
|3X^CV(10->14')>    0.10641
|3X^CV(9->1')>    0.24976
|3X^CV(9->2')>    0.23170
|3X^CV(9->5')>   -0.10634
|3X^CV(9->12')>    0.06946
|3X^CV(9->13')>    0.09070
|3X^CV(9->14')>    0.10578
|3X^CV(3->6')>   -0.05255
|3X^CV(3->7')>    0.05344
|3^ZCV0(10->1')>    0.25560
|3^ZCV0(10->2')>    0.22081
|3^ZCV0(10->5')>   -0.10870
|3^ZCV0(10->12')>    0.06814
|3^ZCV0(10->13')>    0.08952
|3^ZCV0(10->14')>    0.10647
|3^ZCV0(9->1')>    0.25513
|3^ZCV0(9->2')>    0.22146
|3^ZCV0(9->5')>   -0.10884
|3^ZCV0(9->12')>    0.06920
|3^ZCV0(9->13')>    0.08947
|3^ZCV0(9->14')>    0.10654
|3^ZCV0(3->6')>   -0.05423
|3^ZCV0(3->7')>    0.05400
|3^ZCV0'(47->1')>   -0.25635
|3^ZCV0'(47->2')>   -0.22067
|3^ZCV0'(47->5')>    0.10313
|3^ZCV0'(47->12')>   -0.05946
|3^ZCV0'(47->13')>   -0.09058
|3^ZCV0'(47->14')>   -0.10430
|3^ZCV0'(46->1')>   -0.25598
|3^ZCV0'(46->2')>   -0.22197
|3^ZCV0'(46->5')>    0.10299
|3^ZCV0'(46->12')>   -0.05975
|3^ZCV0'(46->13')>   -0.09065
|3^ZCV0'(46->14')>   -0.10442
|3^ZCV0'(40->6')>    0.05155
|3^ZCV0'(40->7')>   -0.05146
TDMs with Triplet 'Ground' state
TDMX:0.000   TDMY:-0.057   TDMZ:0.034   Oscillator Strength:0.00042   <S**2>: 2.000
--------------------------------------------------------------------
TDMs with Singlet 'Ground' state
TDMX:0.000   TDMY:0.000   TDMZ:0.000   Oscillator Strength:0.00000   <S**2>: 2.000
--------------------------------------------------------------------


State 74 3.938 eV 
Excitation    CI Coef
|5^CV(20->6')>    0.07695
|5^CV(19->7')>   -0.07698
|5^CV(12->7')>   -0.06984
|5^CV(11->6')>    0.06824
|5^CV(10->1')>   -0.59445
|5^CV(10->2')>    0.21590
|5^CV(10->5')>   -0.10638
|5^CV(10->12')>   -0.13091
|5^CV(10->13')>    0.09160
|5^CV(10->14')>   -0.23763
|5^CV(10->16')>   -0.07701
|5^CV(10->18')>    0.05151
|5^CV(9->1')>    0.26508
|5^CV(9->2')>   -0.48394
|5^CV(9->5')>    0.23863
|5^CV(9->12')>    0.05848
|5^CV(9->13')>   -0.20528
|5^CV(9->14')>    0.10590
|5^CV(9->21')>    0.06844
|5^CV(8->7')>    0.08549
|5^CV(4->7')>   -0.05307
|5^CV(3->6')>    0.12013
|5^CV(3->7')>    0.05195
TDMs with Triplet 'Ground' state
TDMX:0.000   TDMY:0.000   TDMZ:0.000   Oscillator Strength:0.00000   <S**2>: 6.000
--------------------------------------------------------------------
TDMs with Singlet 'Ground' state
TDMX:0.000   TDMY:0.000   TDMZ:0.000   Oscillator Strength:0.00000   <S**2>: 6.000
--------------------------------------------------------------------


State 75 3.938 eV 
Excitation    CI Coef
|5^CV(20->7')>   -0.07577
|5^CV(19->6')>    0.07821
|5^CV(12->6')>    0.07150
|5^CV(11->7')>   -0.06630
|5^CV(10->1')>   -0.26497
|5^CV(10->2')>   -0.48398
|5^CV(10->5')>    0.23846
|5^CV(10->12')>   -0.05835
|5^CV(10->13')>   -0.20534
|5^CV(10->14')>   -0.10592
|5^CV(10->21')>    0.06841
|5^CV(9->1')>   -0.59470
|5^CV(9->2')>   -0.21589
|5^CV(9->5')>    0.10646
|5^CV(9->12')>   -0.13120
|5^CV(9->13')>   -0.09157
|5^CV(9->14')>   -0.23757
|5^CV(9->16')>   -0.07697
|5^CV(9->18')>    0.05144
|5^CV(8->6')>   -0.08750
|5^CV(4->6')>    0.05442
|5^CV(3->6')>    0.05357
|5^CV(3->7')>   -0.11650
TDMs with Triplet 'Ground' state
TDMX:0.000   TDMY:0.000   TDMZ:0.000   Oscillator Strength:0.00000   <S**2>: 6.000
--------------------------------------------------------------------
TDMs with Singlet 'Ground' state
TDMX:0.000   TDMY:0.000   TDMZ:0.000   Oscillator Strength:0.00000   <S**2>: 6.000
--------------------------------------------------------------------


State 76 3.944 eV 
Excitation    CI Coef
|1^OS>    0.08313
|1^ZW+>    0.05755
|1^CS(17->0)>   -0.05433
|1^CS(16->0)>   -0.14987
|1^CS(15->0)>    0.19971
|1^CS(14->0)>   -0.18914
|1^CS(13->0)>   -0.07149
|1^CS(12->0)>    0.05930
|1^CS(11->0)>    0.10763
|1^CS(1->0)>   -0.05086
|1^CS(19->0')>   -0.05171
|1^CS(16->0')>   -0.15348
|1^CS(15->0')>    0.18900
|1^CS(14->0')>   -0.09807
|1^CS(13->0')>   -0.15129
|1^CS(12->0')>    0.18294
|1^SV(0->3')>   -0.06291
|1^SV(0->5')>   -0.12599
|1^SV(0->12')>    0.06259
|1^SV(0'->2')>    0.09037
|1^SV(0'->13')>   -0.05872
|1T^CV(15->13')>    0.05439
|1T^CV(15->17')>    0.05535
|1T^CV(13->2')>    0.07660
|1T^CV(12->5')>    0.06136
|1T^CV(10->6')>    0.07011
|1T^CV(10->7')>   -0.06986
|1T^CV(9->6')>    0.07157
|1T^CV(9->7')>   -0.06831
|1T^CV(8->8')>    0.09323
|1T^CV(8->9')>    0.17034
|1T^CV(7->8')>    0.39636
|1T^CV(7->9')>    0.24371
|1T^CV(6->8')>    0.21639
|1T^CV(6->9')>    0.33890
|1T^CV(6->11')>   -0.09025
|1T^CV(5->10')>    0.13603
|1T^CV(4->8')>    0.07221
|1T^CV(4->9')>    0.12494
|1T^CV(4->11')>    0.09664
|1T^CV(3->5')>    0.05529
TDMs with Triplet 'Ground' state
TDMX:0.000   TDMY:0.000   TDMZ:0.000   Oscillator Strength:0.00000   <S**2>: 0.000
--------------------------------------------------------------------
TDMs with Singlet 'Ground' state
TDMX:0.231   TDMY:-0.904   TDMZ:-0.117   Oscillator Strength:0.08553   <S**2>: 0.000
--------------------------------------------------------------------


State 77 3.947 eV 
Excitation    CI Coef
|3^CS(18->0)>    0.05568
|3^CS(12->0)>   -0.12762
|3^CS(8->0)>   -0.05398
|3^CS(3->0)>   -0.21110
|3^CS(17->0')>    0.05403
|3^CS(13->0')>    0.05359
|3^CS(12->0')>    0.14409
|3^CS(8->0')>    0.10651
|3^CS(4->0')>   -0.05303
|3^CS(3->0')>    0.19765
|3^SV(0->1')>   -0.16288
|3^SV(0->5')>    0.16152
|3^SV(0->12')>    0.15744
|3^SV(0'->1')>   -0.17900
|3^SV(0'->2')>    0.11736
|3^SV(0'->5')>    0.20356
|3^SV(0'->12')>    0.08843
|3X^CV(17->5')>   -0.05294
|3X^CV(14->2')>    0.06480
|3X^CV(13->2')>    0.15302
|3X^CV(13->5')>    0.12067
|3X^CV(12->2')>    0.23906
|3X^CV(12->5')>    0.12265
|3X^CV(11->1')>   -0.06342
|3X^CV(11->2')>    0.12114
|3X^CV(11->5')>    0.11072
|3X^CV(10->6')>   -0.12638
|3X^CV(10->7')>   -0.13579
|3X^CV(9->6')>    0.13931
|3X^CV(9->7')>    0.12289
|3X^CV(8->2')>   -0.14102
|3X^CV(7->8')>    0.05697
|3X^CV(5->11')>   -0.09117
|3X^CV(4->2')>    0.08374
|3X^CV(4->10')>   -0.07124
|3X^CV(3->2')>    0.11090
|3X^CV(3->5')>    0.08252
|3X^CV(3->12')>    0.05814
|3X^CV(3->13')>   -0.05646
|3X^CV(3->14')>    0.06701
|3^ZCV0(13->2')>    0.09049
|3^ZCV0(13->5')>    0.06247
|3^ZCV0(12->2')>    0.16884
|3^ZCV0(12->5')>    0.08330
|3^ZCV0(11->1')>   -0.05626
|3^ZCV0(10->7')>   -0.14787
|3^ZCV0(9->6')>    0.15205
|3^ZCV0(8->2')>   -0.08265
|3^ZCV0(5->10')>    0.05109
|3^ZCV0(4->2')>    0.05120
|3^ZCV0'(50->2')>   -0.08981
|3^ZCV0'(50->5')>   -0.06151
|3^ZCV0'(49->2')>   -0.15507
|3^ZCV0'(49->5')>   -0.07935
|3^ZCV0'(48->1')>    0.09836
|3^ZCV0'(48->5')>   -0.07164
|3^ZCV0'(47->7')>    0.14727
|3^ZCV0'(46->6')>   -0.15115
|3^ZCV0'(45->2')>    0.07026
|3^ZCV0'(42->10')>   -0.05298
|3^ZCV0'(40->2')>   -0.05964
TDMs with Triplet 'Ground' state
TDMX:0.157   TDMY:-0.672   TDMZ:0.156   Oscillator Strength:0.04844   <S**2>: 2.000
--------------------------------------------------------------------
TDMs with Singlet 'Ground' state
TDMX:0.000   TDMY:0.000   TDMZ:0.000   Oscillator Strength:0.00000   <S**2>: 2.000
--------------------------------------------------------------------


State 78 3.970 eV 
Excitation    CI Coef
|3^CS(16->0)>    0.21497
|3^CS(15->0)>   -0.27292
|3^CS(13->0)>    0.05222
|3^CS(12->0)>   -0.07342
|3^CS(2->0)>   -0.07383
|3^CS(1->0)>    0.07715
|3^CS(16->0')>    0.20849
|3^CS(15->0')>   -0.26743
|3^CS(14->0')>    0.05881
|3^CS(11->0')>   -0.06188
|3^CS(2->0')>   -0.06139
|3^CS(1->0')>    0.06610
|3^SV(0->3')>   -0.08650
|3^SV(0->4')>    0.08838
|3^SV(0->17')>    0.06752
|3^SV(0->18')>    0.05813
|3^SV(0'->3')>    0.07030
|3^SV(0'->4')>   -0.06684
|3^SV(0'->17')>   -0.06931
|3^SV(0'->18')>   -0.05761
|3X^CV(15->13')>   -0.06004
|3X^CV(8->8')>   -0.10677
|3X^CV(8->9')>   -0.09217
|3X^CV(8->10')>    0.05838
|3X^CV(8->11')>    0.07146
|3X^CV(7->8')>   -0.23676
|3X^CV(7->9')>   -0.27406
|3X^CV(7->10')>    0.05528
|3X^CV(6->8')>   -0.24665
|3X^CV(6->9')>   -0.21686
|3X^CV(6->11')>   -0.06311
|3X^CV(5->8')>    0.05852
|3X^CV(5->9')>    0.05439
|3X^CV(5->10')>    0.16253
|3X^CV(5->11')>    0.12861
|3X^CV(4->8')>   -0.07151
|3X^CV(4->9')>   -0.06409
|3X^CV(4->10')>    0.11641
|3X^CV(4->11')>    0.14755
|3^ZCV0(8->9')>    0.05261
|3^ZCV0(7->8')>    0.13253
|3^ZCV0(7->9')>    0.11615
|3^ZCV0(6->8')>    0.10645
|3^ZCV0(6->9')>    0.11923
|3^ZCV0(5->10')>   -0.05691
|3^ZCV0(5->11')>   -0.07998
|3^ZCV0(4->10')>   -0.06909
|3^ZCV0(4->11')>   -0.05489
|3^ZCV0'(52->13')>   -0.05693
|3^ZCV0'(45->9')>   -0.05342
|3^ZCV0'(44->8')>   -0.13233
|3^ZCV0'(44->9')>   -0.11579
|3^ZCV0'(43->8')>   -0.10611
|3^ZCV0'(43->9')>   -0.11900
|3^ZCV0'(42->10')>    0.05667
|3^ZCV0'(42->11')>    0.07930
|3^ZCV0'(41->10')>    0.06882
|3^ZCV0'(41->11')>    0.05436
TDMs with Triplet 'Ground' state
TDMX:0.080   TDMY:-0.462   TDMZ:-0.018   Oscillator Strength:0.02139   <S**2>: 2.000
--------------------------------------------------------------------
TDMs with Singlet 'Ground' state
TDMX:0.000   TDMY:0.000   TDMZ:0.000   Oscillator Strength:0.00000   <S**2>: 2.000
--------------------------------------------------------------------


State 79 4.051 eV 
Excitation    CI Coef
|3^OS>   -0.05227
|3^CS(18->0)>    0.06335
|3^CS(17->0)>    0.14355
|3^CS(14->0)>    0.15375
|3^CS(13->0)>   -0.05972
|3^CS(12->0)>    0.06096
|3^CS(8->0)>    0.07375
|3^CS(3->0)>    0.15208
|3^CS(19->0')>    0.06802
|3^CS(18->0')>    0.13131
|3^CS(17->0')>    0.07598
|3^CS(13->0')>    0.13743
|3^CS(12->0')>   -0.11518
|3^CS(11->0')>    0.23770
|3^CS(4->0')>   -0.07010
|3^CS(3->0')>    0.22095
|3^SV(0->12')>    0.08906
|3^SV(0->13')>    0.05337
|3^SV(0'->2')>   -0.08517
|3^SV(0'->5')>    0.09059
|3X^CV(14->13')>    0.05119
|3X^CV(13->2')>   -0.08855
|3X^CV(13->14')>    0.05997
|3X^CV(12->1')>   -0.08193
|3X^CV(12->5')>   -0.07342
|3X^CV(11->12')>    0.05067
|3X^CV(10->6')>    0.22324
|3X^CV(10->7')>   -0.08285
|3X^CV(9->6')>    0.08537
|3X^CV(9->7')>   -0.21725
|3X^CV(8->1')>    0.08914
|3X^CV(8->9')>   -0.05912
|3X^CV(8->11')>   -0.05084
|3X^CV(7->8')>   -0.12448
|3X^CV(6->9')>   -0.09974
|3X^CV(6->11')>    0.07677
|3X^CV(5->10')>   -0.14265
|3X^CV(5->11')>    0.07807
|3X^CV(4->1')>   -0.06004
|3X^CV(4->10')>    0.05750
|3X^CV(4->11')>   -0.11363
|3X^CV(3->1')>    0.11489
|3X^CV(3->2')>   -0.07543
|3X^CV(3->14')>    0.08320
|3X^CV(1->4')>   -0.05038
|3^ZCV0(13->2')>    0.08799
|3^ZCV0(12->2')>    0.07751
|3^ZCV0(12->5')>    0.07739
|3^ZCV0(10->6')>   -0.17120
|3^ZCV0(10->7')>   -0.06886
|3^ZCV0(9->6')>    0.07096
|3^ZCV0(9->7')>    0.16633
|3^ZCV0(8->1')>   -0.06685
|3^ZCV0(7->9')>    0.08430
|3^ZCV0(6->8')>    0.06646
|3^ZCV0(6->10')>   -0.05343
|3^ZCV0(5->10')>   -0.06504
|3^ZCV0(5->11')>    0.09865
|3^ZCV0(4->10')>    0.07123
|3^ZCV0(4->11')>   -0.05116
|3^ZCV0(3->1')>   -0.06671
|3^ZCV0(3->2')>    0.06779
|3^ZCV0(3->14')>   -0.05245
|3^ZCV0'(50->2')>   -0.08328
|3^ZCV0'(49->2')>   -0.07666
|3^ZCV0'(49->5')>   -0.06256
|3^ZCV0'(47->6')>    0.16721
|3^ZCV0'(47->7')>    0.06567
|3^ZCV0'(46->6')>   -0.06759
|3^ZCV0'(46->7')>   -0.16241
|3^ZCV0'(45->1')>    0.06813
|3^ZCV0'(44->9')>   -0.08610
|3^ZCV0'(43->8')>   -0.06808
|3^ZCV0'(43->10')>    0.05426
|3^ZCV0'(42->10')>    0.06771
|3^ZCV0'(42->11')>   -0.09936
|3^ZCV0'(41->10')>   -0.07279
|3^ZCV0'(41->11')>    0.05249
|3^ZCV0'(40->1')>    0.06013
|3^ZCV0'(40->2')>   -0.06715
TDMs with Triplet 'Ground' state
TDMX:-0.048   TDMY:0.853   TDMZ:-0.358   Oscillator Strength:0.08507   <S**2>: 2.000
--------------------------------------------------------------------
TDMs with Singlet 'Ground' state
TDMX:0.000   TDMY:0.000   TDMZ:0.000   Oscillator Strength:0.00000   <S**2>: 2.000
--------------------------------------------------------------------


State 80 4.056 eV 
Excitation    CI Coef
|1^OS>    0.06053
|1^CS(19->0)>   -0.08791
|1^CS(18->0)>   -0.24026
|1^CS(17->0)>   -0.13724
|1^CS(13->0)>   -0.10093
|1^CS(11->0)>   -0.27192
|1^CS(8->0)>    0.07646
|1^CS(20->0')>   -0.06785
|1^CS(18->0')>   -0.09642
|1^CS(17->0')>   -0.25427
|1^CS(14->0')>   -0.17253
|1^CS(12->0')>   -0.22939
|1^CS(11->0')>   -0.05560
|1^CS(8->0')>   -0.07205
|1^CS(5->0')>    0.05416
|1^CS(3->0')>   -0.13504
|1^SV(0->1')>   -0.18225
|1^SV(0->2')>   -0.08968
|1^SV(0->5')>   -0.11216
|1^SV(0->12')>    0.09347
|1^SV(0->13')>   -0.06812
|1^SV(0->14')>   -0.06153
|1^SV(0->15')>    0.07570
|1^SV(0->19')>   -0.05087
|1^SV(0'->1')>    0.15622
|1^SV(0'->2')>   -0.07010
|1^SV(0'->13')>   -0.12708
|1^SV(0'->14')>   -0.12125
|1^SV(0'->16')>    0.06248
|1T^CV(17->1')>   -0.05618
|1T^CV(14->14')>   -0.05779
|1T^CV(13->2')>   -0.06611
|1T^CV(13->5')>   -0.05029
|1T^CV(12->2')>   -0.08998
|1T^CV(12->12')>   -0.06683
|1T^CV(11->5')>    0.08037
|1T^CV(11->12')>   -0.05797
|1T^CV(11->13')>   -0.06635
|1T^CV(10->7')>    0.18770
|1T^CV(9->6')>   -0.19306
|1T^CV(8->8')>    0.08375
|1T^CV(8->10')>    0.08028
|1T^CV(8->13')>    0.05583
|1T^CV(7->9')>    0.17521
|1T^CV(6->8')>    0.13708
|1T^CV(6->10')>   -0.12277
|1T^CV(6->11')>    0.05206
|1T^CV(5->10')>   -0.10128
|1T^CV(5->11')>    0.23080
|1T^CV(4->8')>    0.07141
|1T^CV(4->10')>    0.17130
|1T^CV(4->11')>   -0.08012
|1T^CV(3->13')>   -0.05471
|1T^CV(3->14')>   -0.08145
|1T^CV(2->4')>   -0.08144
|1T^CV(1->3')>   -0.08288
|1^ZCV0'(18->13')>    0.05058
TDMs with Triplet 'Ground' state
TDMX:0.000   TDMY:0.000   TDMZ:0.000   Oscillator Strength:0.00000   <S**2>: 0.000
--------------------------------------------------------------------
TDMs with Singlet 'Ground' state
TDMX:-0.035   TDMY:2.609   TDMZ:-0.176   Oscillator Strength:0.67962   <S**2>: 0.000
--------------------------------------------------------------------


State 81 4.071 eV 
Excitation    CI Coef
|3^CS(18->0)>   -0.06271
|3^CS(17->0)>   -0.10440
|3^CS(14->0)>   -0.14425
|3^CS(12->0)>   -0.16156
|3^CS(8->0)>    0.07035
|3^CS(4->0)>   -0.07210
|3^CS(3->0)>    0.09760
|3^CS(19->0')>   -0.05147
|3^CS(18->0')>   -0.07728
|3^CS(17->0')>   -0.08859
|3^CS(13->0')>   -0.11564
|3^CS(11->0')>   -0.20563
|3^CS(8->0')>    0.14442
|3^CS(4->0')>   -0.05125
|3^CS(3->0')>    0.06812
|3^SV(0->2')>    0.06181
|3^SV(0->12')>   -0.06880
|3^SV(0->14')>    0.05549
|3^SV(0'->5')>   -0.06218
|3^SV(0'->12')>   -0.05089
|3^SV(0'->13')>   -0.06310
|3X^CV(13->2')>   -0.06246
|3X^CV(12->1')>   -0.09360
|3X^CV(11->12')>   -0.05348
|3X^CV(10->6')>    0.10671
|3X^CV(10->7')>    0.19422
|3X^CV(9->6')>   -0.19969
|3X^CV(9->7')>   -0.10400
|3X^CV(8->1')>    0.14067
|3X^CV(8->5')>    0.05132
|3X^CV(8->9')>    0.06369
|3X^CV(8->10')>   -0.05311
|3X^CV(8->11')>    0.07053
|3X^CV(8->14')>    0.06062
|3X^CV(7->8')>    0.14331
|3X^CV(7->9')>   -0.08039
|3X^CV(6->8')>   -0.05942
|3X^CV(6->9')>    0.11516
|3X^CV(6->10')>    0.07313
|3X^CV(6->11')>   -0.09987
|3X^CV(5->10')>    0.18670
|3X^CV(5->11')>   -0.14129
|3X^CV(4->1')>   -0.08352
|3X^CV(4->9')>    0.05308
|3X^CV(4->10')>   -0.10350
|3X^CV(4->11')>    0.14823
|3X^CV(3->1')>    0.08126
|3X^CV(3->2')>   -0.12889
|3^ZCV0(14->1')>    0.07795
|3^ZCV0(14->14')>    0.05246
|3^ZCV0(12->1')>    0.06779
|3^ZCV0(10->6')>   -0.13859
|3^ZCV0(10->7')>   -0.14703
|3^ZCV0(9->6')>    0.15117
|3^ZCV0(9->7')>    0.13481
|3^ZCV0(8->1')>   -0.10709
|3^ZCV0(8->2')>    0.07723
|3^ZCV0(4->1')>    0.06738
|3^ZCV0(3->1')>   -0.08061
|3^ZCV0(3->2')>    0.09710
|3^ZCV0(3->12')>   -0.06020
|3^ZCV0(3->14')>   -0.05309
|3^ZCV0'(51->1')>   -0.07540
|3^ZCV0'(49->1')>   -0.06893
|3^ZCV0'(47->6')>    0.13611
|3^ZCV0'(47->7')>    0.14265
|3^ZCV0'(46->6')>   -0.14694
|3^ZCV0'(46->7')>   -0.13242
|3^ZCV0'(45->1')>    0.09432
|3^ZCV0'(45->2')>   -0.08123
|3^ZCV0'(41->1')>   -0.06162
|3^ZCV0'(40->1')>    0.06311
|3^ZCV0'(40->2')>   -0.09180
|3^ZCV0'(40->12')>    0.06292
TDMs with Triplet 'Ground' state
TDMX:0.067   TDMY:-0.868   TDMZ:-0.091   Oscillator Strength:0.07650   <S**2>: 2.000
--------------------------------------------------------------------
TDMs with Singlet 'Ground' state
TDMX:0.000   TDMY:0.000   TDMZ:0.000   Oscillator Strength:0.00000   <S**2>: 2.000
--------------------------------------------------------------------


State 82 4.077 eV 
Excitation    CI Coef
|1^CS(18->0)>   -0.18634
|1^CS(17->0)>   -0.07209
|1^CS(13->0)>   -0.06987
|1^CS(12->0)>   -0.13093
|1^CS(3->0)>   -0.12354
|1^CS(18->0')>   -0.07059
|1^CS(17->0')>   -0.19499
|1^CS(14->0')>   -0.05292
|1^CS(11->0')>   -0.11383
|1^CS(8->0')>    0.10106
|1^CS(4->0')>   -0.05057
|1^SV(0->2')>    0.25976
|1^SV(0->13')>   -0.07988
|1^SV(0->14')>    0.05973
|1^SV(0->16')>    0.07303
|1^SV(0->18')>   -0.05109
|1^SV(0'->1')>   -0.31885
|1^SV(0'->2')>    0.17698
|1^SV(0'->13')>    0.06834
|1^SV(0'->15')>    0.05309
|1^SV(0'->19')>   -0.06676
|1T^CV(19->15')>    0.06234
|1T^CV(18->1')>    0.05024
|1T^CV(14->14')>   -0.06304
|1T^CV(13->2')>    0.16843
|1T^CV(13->5')>    0.10374
|1T^CV(13->13')>   -0.08261
|1T^CV(12->2')>    0.12851
|1T^CV(12->5')>    0.14147
|1T^CV(11->12')>   -0.08707
|1T^CV(10->6')>   -0.37987
|1T^CV(10->7')>    0.08119
|1T^CV(9->6')>   -0.08324
|1T^CV(9->7')>    0.36965
|1T^CV(8->2')>   -0.14511
|1T^CV(7->9')>   -0.05074
|1T^CV(5->11')>   -0.08099
|1T^CV(4->2')>    0.06777
|1T^CV(4->10')>   -0.06016
|1T^CV(3->1')>    0.10093
|1T^CV(2->4')>   -0.08233
|1T^CV(1->3')>   -0.08415
|1^ZCV0(12->1')>   -0.07652
|1^ZCV0(12->2')>    0.05292
|1^SVD_(2',13')>   -0.05540
TDMs with Triplet 'Ground' state
TDMX:0.000   TDMY:0.000   TDMZ:0.000   Oscillator Strength:0.00000   <S**2>: 0.000
--------------------------------------------------------------------
TDMs with Singlet 'Ground' state
TDMX:0.075   TDMY:-0.723   TDMZ:-0.230   Oscillator Strength:0.05806   <S**2>: 0.000
--------------------------------------------------------------------


State 83 4.104 eV 
Excitation    CI Coef
|3^CS(20->0)>    0.05220
|3^CS(19->0)>    0.07674
|3^CS(13->0)>    0.06632
|3^CS(11->0)>    0.21341
|3^CS(8->0)>   -0.12577
|3^CS(4->0)>    0.05040
|3^CS(3->0)>    0.08959
|3^CS(20->0')>    0.06183
|3^CS(19->0')>    0.07292
|3^CS(14->0')>    0.09739
|3^CS(12->0')>    0.10735
|3^CS(8->0')>    0.10153
|3^CS(3->0')>    0.05750
|3^SV(0->1')>   -0.09773
|3^SV(0->2')>    0.10065
|3^SV(0->5')>   -0.12150
|3^SV(0->15')>    0.05493
|3^SV(0'->16')>   -0.05620
|3T^CV(12->1')>    0.05343
|3X^CV(14->1')>    0.09018
|3X^CV(13->5')>   -0.05577
|3X^CV(12->2')>   -0.07568
|3X^CV(12->5')>   -0.07950
|3X^CV(11->1')>    0.06746
|3X^CV(10->6')>   -0.08618
|3X^CV(10->7')>   -0.14776
|3X^CV(9->6')>    0.15200
|3X^CV(9->7')>    0.08404
|3X^CV(8->1')>    0.05613
|3X^CV(8->2')>    0.10789
|3X^CV(8->10')>   -0.06414
|3X^CV(7->9')>   -0.08403
|3X^CV(6->8')>   -0.06098
|3X^CV(6->10')>    0.09149
|3X^CV(5->10')>    0.09102
|3X^CV(5->11')>   -0.18351
|3X^CV(4->2')>   -0.07080
|3X^CV(4->10')>   -0.13951
|3X^CV(4->11')>    0.08012
|3X^CV(3->2')>   -0.09019
|3^ZCV0(13->2')>    0.05974
|3^ZCV0(12->1')>   -0.05901
|3^ZCV0(10->6')>   -0.21115
|3^ZCV0(10->7')>    0.15435
|3^ZCV0(9->6')>   -0.15913
|3^ZCV0(9->7')>    0.20521
|3^ZCV0(8->1')>    0.10251
|3^ZCV0(6->10')>    0.05073
|3^ZCV0(5->10')>    0.05225
|3^ZCV0(5->11')>   -0.09974
|3^ZCV0(4->1')>   -0.06659
|3^ZCV0(4->10')>   -0.07230
|3^ZCV0(3->2')>   -0.12596
|3^ZCV0'(49->1')>    0.05548
|3^ZCV0'(47->6')>    0.21246
|3^ZCV0'(47->7')>   -0.15795
|3^ZCV0'(46->6')>    0.16298
|3^ZCV0'(46->7')>   -0.20640
|3^ZCV0'(45->1')>   -0.10054
|3^ZCV0'(42->10')>   -0.05255
|3^ZCV0'(42->11')>    0.09692
|3^ZCV0'(41->1')>    0.06127
|3^ZCV0'(41->10')>    0.07095
|3^ZCV0'(40->2')>    0.11971
TDMs with Triplet 'Ground' state
TDMX:0.238   TDMY:-0.604   TDMZ:-0.159   Oscillator Strength:0.04491   <S**2>: 2.000
--------------------------------------------------------------------
TDMs with Singlet 'Ground' state
TDMX:0.000   TDMY:0.000   TDMZ:0.000   Oscillator Strength:0.00000   <S**2>: 2.000
--------------------------------------------------------------------


State 84 4.121 eV 
Excitation    CI Coef
|5^CV(19->1')>   -0.05415
|5^CV(18->2')>    0.05065
|5^CV(18->13')>    0.06127
|5^CV(17->14')>    0.06172
|5^CV(14->2')>   -0.09875
|5^CV(14->5')>    0.11655
|5^CV(14->13')>   -0.09573
|5^CV(13->1')>   -0.08553
|5^CV(13->12')>   -0.07197
|5^CV(13->14')>   -0.12287
|5^CV(12->1')>    0.16705
|5^CV(12->14')>    0.05171
|5^CV(11->2')>    0.09650
|5^CV(11->5')>    0.05081
|5^CV(10->7')>   -0.47041
|5^CV(9->6')>    0.48594
|5^CV(8->1')>   -0.31530
|5^CV(8->12')>   -0.10782
|5^CV(8->14')>   -0.10156
|5^CV(7->9')>    0.09502
|5^CV(6->1')>    0.08713
|5^CV(6->8')>    0.07591
|5^CV(6->10')>   -0.05909
|5^CV(5->11')>    0.10899
|5^CV(4->1')>    0.20019
|5^CV(4->10')>    0.07716
|5^CV(4->12')>    0.07636
|5^CV(4->14')>    0.05784
|5^CV(3->2')>    0.35451
|5^CV(3->5')>   -0.13894
|5^CV(3->13')>    0.06454
|5^CV(3->15')>   -0.06423
|5^CV(2->3')>    0.09091
|5^CV(1->4')>    0.09122
TDMs with Triplet 'Ground' state
TDMX:0.000   TDMY:0.000   TDMZ:0.000   Oscillator Strength:0.00000   <S**2>: 6.000
--------------------------------------------------------------------
TDMs with Singlet 'Ground' state
TDMX:0.000   TDMY:0.000   TDMZ:0.000   Oscillator Strength:0.00000   <S**2>: 6.000
--------------------------------------------------------------------


State 85 4.123 eV 
Excitation    CI Coef
|1^OS>    0.06913
|1^CS(17->0)>    0.07988
|1^CS(16->0)>   -0.14968
|1^CS(15->0)>   -0.11503
|1^CS(12->0)>    0.09295
|1^CS(18->0')>    0.07794
|1^CS(16->0')>    0.14834
|1^CS(15->0')>    0.11866
|1^CS(12->0')>    0.11996
|1^CS(11->0')>    0.09826
|1^CS(8->0')>   -0.06856
|1^CS(5->0')>    0.07317
|1^CS(2->0')>   -0.09121
|1^CS(1->0')>   -0.08609
|1^SV(0->2')>    0.15513
|1^SV(0->3')>    0.11799
|1^SV(0->4')>    0.12084
|1^SV(0->5')>   -0.08050
|1^SV(0->12')>   -0.08225
|1^SV(0->14')>    0.08138
|1^SV(0'->1')>   -0.07652
|1^SV(0'->3')>   -0.16400
|1^SV(0'->4')>   -0.16322
|1^SV(0'->11')>    0.05448
|1^SV(0'->13')>    0.07601
|1^SV(0'->14')>    0.09008
|1T^CV(13->2')>    0.09666
|1T^CV(12->1')>    0.08827
|1T^CV(12->2')>    0.08325
|1T^CV(12->5')>    0.06295
|1T^CV(11->3')>   -0.05928
|1T^CV(11->4')>   -0.05944
|1T^CV(8->2')>   -0.06175
|1T^CV(8->8')>   -0.06518
|1T^CV(8->9')>    0.07497
|1T^CV(8->10')>    0.12721
|1T^CV(8->11')>   -0.12475
|1T^CV(7->8')>    0.18533
|1T^CV(7->9')>   -0.18174
|1T^CV(7->10')>   -0.06973
|1T^CV(7->11')>    0.06450
|1T^CV(6->8')>   -0.17795
|1T^CV(6->9')>    0.17582
|1T^CV(6->10')>   -0.12361
|1T^CV(6->11')>    0.13221
|1T^CV(5->8')>   -0.06671
|1T^CV(5->9')>    0.05383
|1T^CV(5->10')>   -0.29493
|1T^CV(5->11')>    0.30887
|1T^CV(4->10')>    0.24835
|1T^CV(4->11')>   -0.25275
TDMs with Triplet 'Ground' state
TDMX:0.000   TDMY:0.000   TDMZ:0.000   Oscillator Strength:0.00000   <S**2>: 0.000
--------------------------------------------------------------------
TDMs with Singlet 'Ground' state
TDMX:-0.525   TDMY:-0.871   TDMZ:-0.183   Oscillator Strength:0.10794   <S**2>: 0.000
--------------------------------------------------------------------


State 86 4.126 eV 
Excitation    CI Coef
|3^OS>    0.05330
|3^CS(19->0)>    0.07437
|3^CS(16->0)>    0.05548
|3^CS(13->0)>    0.11082
|3^CS(12->0)>    0.06364
|3^CS(11->0)>    0.13178
|3^CS(20->0')>    0.06002
|3^CS(19->0')>    0.06583
|3^CS(16->0')>   -0.05356
|3^CS(14->0')>    0.09228
|3^CS(4->0')>    0.05779
|3^SV(0->3')>    0.05174
|3^SV(0->4')>    0.05794
|3^SV(0->5')>   -0.08327
|3^SV(0->12')>   -0.06294
|3^SV(0'->2')>   -0.05460
|3^SV(0'->3')>    0.06365
|3^SV(0'->4')>    0.06741
|3^SV(0'->12')>   -0.09844
|3X^CV(14->2')>   -0.05543
|3X^CV(13->2')>   -0.14068
|3X^CV(12->1')>    0.05776
|3X^CV(12->2')>   -0.10683
|3X^CV(12->5')>   -0.09929
|3X^CV(12->13')>    0.06254
|3X^CV(10->6')>    0.25251
|3X^CV(10->7')>   -0.21213
|3X^CV(9->6')>    0.21869
|3X^CV(9->7')>   -0.24562
|3X^CV(8->1')>   -0.11926
|3X^CV(8->5')>    0.08617
|3X^CV(8->11')>    0.07985
|3X^CV(8->12')>   -0.05492
|3X^CV(7->9')>    0.06101
|3X^CV(6->8')>    0.06034
|3X^CV(6->11')>   -0.09574
|3X^CV(5->10')>    0.19408
|3X^CV(5->11')>   -0.10758
|3X^CV(4->1')>    0.08098
|3X^CV(4->10')>   -0.08826
|3X^CV(4->11')>    0.15912
|3X^CV(3->1')>    0.13664
|3X^CV(3->2')>    0.11931
|3X^CV(3->5')>   -0.08079
|3X^CV(2->4')>   -0.05487
|3X^CV(1->3')>   -0.05689
|3^ZCV0(14->1')>   -0.05537
|3^ZCV0(13->2')>   -0.05414
|3^ZCV0(10->6')>    0.10728
|3^ZCV0(10->7')>   -0.05284
|3^ZCV0(9->6')>    0.05463
|3^ZCV0(9->7')>   -0.10432
|3^ZCV0(8->1')>   -0.06994
|3^ZCV0(8->2')>   -0.06738
|3^ZCV0(8->5')>    0.06100
|3^ZCV0(8->11')>    0.05302
|3^ZCV0(7->8')>    0.05376
|3^ZCV0(6->11')>   -0.06640
|3^ZCV0(5->10')>    0.12737
|3^ZCV0(4->11')>    0.10160
|3^ZCV0(3->1')>    0.09940
|3^ZCV0(3->2')>    0.07153
|3^ZCV0(3->12')>    0.05102
|3^ZCV0(2->4')>   -0.05129
|3^ZCV0(1->3')>   -0.05324
|3^ZCV0'(51->1')>    0.05506
|3^ZCV0'(50->2')>    0.06249
|3^ZCV0'(47->6')>   -0.10847
|3^ZCV0'(47->7')>    0.05464
|3^ZCV0'(46->6')>   -0.05638
|3^ZCV0'(46->7')>    0.10570
|3^ZCV0'(45->1')>    0.07270
|3^ZCV0'(45->2')>    0.07052
|3^ZCV0'(45->5')>   -0.05765
|3^ZCV0'(45->11')>   -0.05379
|3^ZCV0'(44->8')>   -0.05394
|3^ZCV0'(43->11')>    0.06588
|3^ZCV0'(42->10')>   -0.12703
|3^ZCV0'(41->11')>   -0.10044
|3^ZCV0'(40->1')>   -0.09847
|3^ZCV0'(40->2')>   -0.07416
|3^ZCV0'(40->12')>   -0.05188
|3^ZCV0'(39->4')>    0.05277
|3^ZCV0'(38->3')>    0.05415
TDMs with Triplet 'Ground' state
TDMX:0.323   TDMY:0.058   TDMZ:-0.042   Oscillator Strength:0.01108   <S**2>: 2.000
--------------------------------------------------------------------
TDMs with Singlet 'Ground' state
TDMX:0.000   TDMY:0.000   TDMZ:0.000   Oscillator Strength:0.00000   <S**2>: 2.000
--------------------------------------------------------------------


State 87 4.140 eV 
Excitation    CI Coef
|3^CS(16->0)>    0.13894
|3^CS(15->0)>    0.10976
|3^CS(13->0)>   -0.07243
|3^CS(11->0)>   -0.10310
|3^CS(16->0')>   -0.13605
|3^CS(15->0')>   -0.10552
|3^CS(14->0')>   -0.06590
|3^CS(2->0')>    0.13417
|3^CS(1->0')>    0.13051
|3^SV(0->3')>    0.12316
|3^SV(0->4')>    0.11981
|3^SV(0'->3')>    0.16092
|3^SV(0'->4')>    0.16021
|3X^CV(13->2')>    0.06159
|3X^CV(12->2')>    0.05621
|3X^CV(12->5')>    0.05383
|3X^CV(11->3')>    0.06969
|3X^CV(11->4')>    0.06621
|3X^CV(10->6')>   -0.07549
|3X^CV(10->7')>    0.08226
|3X^CV(9->6')>   -0.08457
|3X^CV(9->7')>    0.07373
|3X^CV(8->8')>    0.11592
|3X^CV(8->9')>   -0.12613
|3X^CV(8->10')>   -0.08729
|3X^CV(8->11')>    0.07413
|3X^CV(7->8')>   -0.30192
|3X^CV(7->9')>    0.28499
|3X^CV(7->10')>    0.06103
|3X^CV(7->11')>   -0.05346
|3X^CV(6->8')>    0.25858
|3X^CV(6->9')>   -0.27021
|3X^CV(6->10')>    0.05879
|3X^CV(6->11')>   -0.05711
|3X^CV(5->8')>    0.06878
|3X^CV(5->9')>   -0.06081
|3X^CV(5->10')>    0.15436
|3X^CV(5->11')>   -0.18906
|3X^CV(4->8')>    0.06424
|3X^CV(4->9')>   -0.07826
|3X^CV(4->10')>   -0.15949
|3X^CV(4->11')>    0.14071
|3X^CV(3->1')>   -0.05943
|3X^CV(2->12')>    0.06598
|3X^CV(2->13')>    0.07172
|3X^CV(1->12')>    0.06861
|3X^CV(1->13')>    0.06272
|3^ZCV0(7->8')>   -0.11549
|3^ZCV0(7->9')>    0.08951
|3^ZCV0(6->8')>    0.07940
|3^ZCV0(6->9')>   -0.10008
|3^ZCV0'(44->8')>    0.11515
|3^ZCV0'(44->9')>   -0.08788
|3^ZCV0'(43->8')>   -0.07839
|3^ZCV0'(43->9')>    0.10007
TDMs with Triplet 'Ground' state
TDMX:0.449   TDMY:0.788   TDMZ:0.071   Oscillator Strength:0.08382   <S**2>: 2.000
--------------------------------------------------------------------
TDMs with Singlet 'Ground' state
TDMX:0.000   TDMY:0.000   TDMZ:0.000   Oscillator Strength:0.00000   <S**2>: 2.000
--------------------------------------------------------------------


State 88 4.144 eV 
Excitation    CI Coef
|5^CV(18->1')>    0.07435
|5^CV(18->14')>    0.07727
|5^CV(17->2')>    0.06132
|5^CV(17->13')>    0.05997
|5^CV(14->1')>   -0.18691
|5^CV(14->14')>   -0.12101
|5^CV(13->2')>   -0.22943
|5^CV(13->13')>   -0.07993
|5^CV(12->2')>   -0.06289
|5^CV(12->5')>   -0.09658
|5^CV(12->13')>    0.09758
|5^CV(11->14')>    0.06715
|5^CV(10->6')>    0.44254
|5^CV(9->7')>   -0.42973
|5^CV(8->2')>   -0.20187
|5^CV(8->5')>    0.21106
|5^CV(8->11')>    0.05507
|5^CV(8->13')>   -0.05845
|5^CV(8->15')>    0.06091
|5^CV(7->8')>    0.12646
|5^CV(6->2')>    0.05753
|5^CV(6->5')>   -0.05157
|5^CV(6->9')>    0.10586
|5^CV(6->11')>   -0.07805
|5^CV(5->10')>    0.14375
|5^CV(4->2')>    0.12059
|5^CV(4->5')>   -0.12872
|5^CV(4->9')>    0.05244
|5^CV(4->11')>    0.11410
|5^CV(3->1')>    0.35693
|5^CV(3->12')>    0.18203
|5^CV(3->14')>    0.13950
|5^CV(2->4')>   -0.13609
|5^CV(1->3')>   -0.13557
TDMs with Triplet 'Ground' state
TDMX:0.000   TDMY:0.000   TDMZ:0.000   Oscillator Strength:0.00000   <S**2>: 6.000
--------------------------------------------------------------------
TDMs with Singlet 'Ground' state
TDMX:0.000   TDMY:0.000   TDMZ:0.000   Oscillator Strength:0.00000   <S**2>: 6.000
--------------------------------------------------------------------


State 89 4.146 eV 
Excitation    CI Coef
|1^OS>    0.11403
|1^ZW->    0.06037
|1^CS(17->0)>    0.12790
|1^CS(16->0)>    0.08216
|1^CS(15->0)>    0.06639
|1^CS(12->0)>    0.18986
|1^CS(11->0)>   -0.06829
|1^CS(3->0)>   -0.05084
|1^CS(18->0')>    0.13448
|1^CS(16->0')>   -0.08605
|1^CS(15->0')>   -0.06518
|1^CS(14->0')>   -0.07567
|1^CS(13->0')>    0.07409
|1^CS(12->0')>    0.15847
|1^CS(11->0')>    0.18428
|1^CS(8->0')>   -0.11603
|1^CS(4->0')>    0.05356
|1^SV(0->1')>   -0.06455
|1^SV(0->2')>    0.22481
|1^SV(0->3')>   -0.07079
|1^SV(0->4')>   -0.06541
|1^SV(0->5')>   -0.15736
|1^SV(0->12')>   -0.11507
|1^SV(0->13')>    0.11545
|1^SV(0->14')>    0.10977
|1^SV(0'->3')>    0.08527
|1^SV(0'->4')>    0.08732
|1^SV(0'->12')>    0.07340
|1^SV(0'->13')>    0.09648
|1^SV(0'->14')>    0.16414
|1T^CV(14->1')>   -0.06307
|1T^CV(14->2')>    0.05433
|1T^CV(13->1')>    0.07452
|1T^CV(13->2')>    0.13441
|1T^CV(12->1')>    0.16602
|1T^CV(12->2')>    0.11962
|1T^CV(12->5')>    0.10381
|1T^CV(11->1')>   -0.06032
|1T^CV(11->2')>    0.06909
|1T^CV(11->12')>    0.06634
|1T^CV(11->14')>    0.07357
|1T^CV(10->6')>    0.06606
|1T^CV(10->7')>    0.08175
|1T^CV(9->6')>   -0.08393
|1T^CV(9->7')>   -0.06411
|1T^CV(8->1')>   -0.06680
|1T^CV(8->2')>   -0.10617
|1T^CV(8->8')>    0.12314
|1T^CV(8->9')>   -0.11791
|1T^CV(7->8')>   -0.27321
|1T^CV(7->9')>    0.27705
|1T^CV(6->8')>    0.23788
|1T^CV(6->9')>   -0.23662
|1T^CV(4->2')>    0.05652
|1T^CV(4->8')>    0.07842
|1T^CV(4->9')>   -0.07928
|1T^CV(3->1')>   -0.07019
|1T^CV(3->2')>    0.05455
|1^ZCV0(12->14')>    0.06245
|1^ZCV0'(11->2')>    0.05640
|1^CSD_(12,12)>   -0.05002
TDMs with Triplet 'Ground' state
TDMX:0.000   TDMY:0.000   TDMZ:0.000   Oscillator Strength:0.00000   <S**2>: 0.000
--------------------------------------------------------------------
TDMs with Singlet 'Ground' state
TDMX:0.261   TDMY:-0.003   TDMZ:-0.248   Oscillator Strength:0.01319   <S**2>: 0.000
--------------------------------------------------------------------


State 90 4.159 eV 
Excitation    CI Coef
|3^CS(2->0)>    0.20509
|3^CS(1->0)>    0.19512
|3^CS(16->0')>    0.05945
|3^CS(2->0')>    0.14460
|3^CS(1->0')>    0.13596
|3^SV(0->3')>   -0.12328
|3^SV(0->4')>   -0.12337
|3X^CV(12->3')>   -0.06789
|3X^CV(12->4')>   -0.06748
|3X^CV(11->3')>    0.05212
|3X^CV(11->4')>    0.05426
|3X^CV(8->3')>   -0.06635
|3X^CV(8->4')>   -0.06662
|3X^CV(5->10')>    0.06718
|3X^CV(5->11')>   -0.07112
|3X^CV(4->10')>   -0.05656
|3X^CV(4->11')>    0.05808
|3X^CV(3->3')>   -0.06075
|3X^CV(3->4')>   -0.06250
|3X^CV(2->1')>    0.08454
|3X^CV(2->2')>   -0.05264
|3X^CV(2->5')>    0.06978
|3X^CV(2->12')>    0.10287
|3X^CV(2->13')>    0.12881
|3X^CV(1->1')>    0.07918
|3X^CV(1->2')>   -0.05072
|3X^CV(1->5')>    0.06709
|3X^CV(1->12')>    0.09543
|3X^CV(1->13')>    0.12317
|3^ZCV0(12->3')>    0.06349
|3^ZCV0(12->4')>    0.06487
|3^ZCV0(11->3')>   -0.07189
|3^ZCV0(11->4')>   -0.07176
|3^ZCV0(8->3')>    0.06675
|3^ZCV0(8->4')>    0.06735
|3^ZCV0(8->10')>    0.06817
|3^ZCV0(8->11')>   -0.06432
|3^ZCV0(7->8')>    0.12960
|3^ZCV0(7->9')>   -0.12443
|3^ZCV0(6->8')>   -0.11969
|3^ZCV0(6->9')>    0.12140
|3^ZCV0(6->10')>   -0.06431
|3^ZCV0(6->11')>    0.06679
|3^ZCV0(5->10')>   -0.15430
|3^ZCV0(5->11')>    0.17000
|3^ZCV0(4->10')>    0.13902
|3^ZCV0(4->11')>   -0.13640
|3^ZCV0(3->3')>    0.06895
|3^ZCV0(3->4')>    0.06860
|3^ZCV0(2->1')>   -0.08391
|3^ZCV0(2->2')>    0.05955
|3^ZCV0(2->5')>   -0.07628
|3^ZCV0(2->12')>   -0.10701
|3^ZCV0(2->13')>   -0.09328
|3^ZCV0(1->1')>   -0.07995
|3^ZCV0(1->2')>    0.05570
|3^ZCV0(1->5')>   -0.07099
|3^ZCV0(1->12')>   -0.10262
|3^ZCV0(1->13')>   -0.08707
|3^ZCV0'(49->3')>   -0.05272
|3^ZCV0'(49->4')>   -0.05386
|3^ZCV0'(48->3')>    0.08237
|3^ZCV0'(48->4')>    0.08199
|3^ZCV0'(45->3')>   -0.06530
|3^ZCV0'(45->4')>   -0.06580
|3^ZCV0'(45->9')>   -0.05084
|3^ZCV0'(45->10')>   -0.06894
|3^ZCV0'(45->11')>    0.06503
|3^ZCV0'(44->8')>   -0.13072
|3^ZCV0'(44->9')>    0.12504
|3^ZCV0'(43->8')>    0.12008
|3^ZCV0'(43->9')>   -0.12222
|3^ZCV0'(43->10')>    0.06439
|3^ZCV0'(43->11')>   -0.06644
|3^ZCV0'(42->10')>    0.15415
|3^ZCV0'(42->11')>   -0.17006
|3^ZCV0'(41->10')>   -0.13926
|3^ZCV0'(41->11')>    0.13597
|3^ZCV0'(40->3')>   -0.06957
|3^ZCV0'(40->4')>   -0.06916
|3^ZCV0'(39->1')>    0.06251
|3^ZCV0'(39->5')>    0.07752
|3^ZCV0'(39->12')>    0.11272
|3^ZCV0'(39->13')>    0.14012
|3^ZCV0'(39->14')>   -0.06932
|3^ZCV0'(38->1')>    0.05973
|3^ZCV0'(38->5')>    0.07212
|3^ZCV0'(38->12')>    0.10778
|3^ZCV0'(38->13')>    0.13127
|3^ZCV0'(38->14')>   -0.06619
TDMs with Triplet 'Ground' state
TDMX:-0.336   TDMY:-0.140   TDMZ:-0.014   Oscillator Strength:0.01351   <S**2>: 2.000
--------------------------------------------------------------------
TDMs with Singlet 'Ground' state
TDMX:0.000   TDMY:0.000   TDMZ:0.000   Oscillator Strength:0.00000   <S**2>: 2.000
--------------------------------------------------------------------


State 91 4.197 eV 
Excitation    CI Coef
|3^CS(20->0)>    0.06631
|3^CS(19->0)>    0.10064
|3^CS(18->0)>   -0.17637
|3^CS(17->0)>   -0.23293
|3^CS(13->0)>    0.06628
|3^CS(12->0)>   -0.13374
|3^CS(8->0)>    0.06638
|3^CS(20->0')>    0.05000
|3^CS(19->0')>    0.10257
|3^CS(18->0')>   -0.23273
|3^CS(17->0')>   -0.17436
|3^CS(14->0')>    0.09417
|3^CS(13->0')>    0.06848
|3^CS(12->0')>   -0.07039
|3^SV(0->14')>    0.12061
|3^SV(0'->2')>   -0.06455
|3^SV(0'->5')>    0.17560
|3^SV(0'->12')>    0.07388
|3^SV(0'->13')>   -0.10884
|3X^CV(12->5')>   -0.05346
|3X^CV(12->12')>   -0.07148
|3X^CV(11->5')>    0.08794
|3X^CV(11->13')>    0.05596
|3X^CV(10->6')>    0.10080
|3X^CV(10->7')>    0.15243
|3X^CV(9->6')>   -0.15666
|3X^CV(9->7')>   -0.09772
|3X^CV(8->12')>   -0.05765
|3X^CV(7->8')>   -0.10438
|3X^CV(7->9')>    0.11452
|3X^CV(6->8')>    0.09849
|3X^CV(6->9')>   -0.08604
|3X^CV(5->10')>   -0.08421
|3X^CV(4->11')>   -0.07069
|3X^CV(3->2')>    0.06583
|3X^CV(3->13')>   -0.06274
|3X^CV(2->3')>    0.13274
|3X^CV(2->4')>    0.05751
|3X^CV(1->3')>    0.05001
|3X^CV(1->4')>    0.12903
|3^ZCV0(13->2')>    0.11253
|3^ZCV0(12->1')>    0.05602
|3^ZCV0(12->2')>    0.08031
|3^ZCV0(12->5')>    0.10691
|3^ZCV0(12->12')>    0.05001
|3^ZCV0(11->1')>   -0.10102
|3^ZCV0(11->13')>   -0.06434
|3^ZCV0(7->8')>    0.08050
|3^ZCV0(7->9')>   -0.07923
|3^ZCV0(6->8')>   -0.06513
|3^ZCV0(6->9')>    0.06893
|3^ZCV0(5->11')>   -0.07584
|3^ZCV0(4->10')>   -0.05729
|3^ZCV0(3->1')>   -0.12571
|3^ZCV0(3->5')>    0.05965
|3^ZCV0(2->3')>   -0.12465
|3^ZCV0(1->4')>   -0.12290
|3^ZCV0'(50->2')>   -0.10127
|3^ZCV0'(49->2')>   -0.09068
|3^ZCV0'(49->5')>   -0.08747
|3^ZCV0'(48->1')>    0.09724
|3^ZCV0'(48->13')>    0.06715
|3^ZCV0'(45->12')>   -0.05385
|3^ZCV0'(44->8')>   -0.07703
|3^ZCV0'(44->9')>    0.07704
|3^ZCV0'(43->8')>    0.06330
|3^ZCV0'(43->9')>   -0.06619
|3^ZCV0'(42->11')>    0.07410
|3^ZCV0'(41->10')>    0.05610
|3^ZCV0'(40->1')>    0.13150
|3^ZCV0'(40->5')>   -0.05521
|3^ZCV0'(39->3')>    0.12834
|3^ZCV0'(38->4')>    0.12643
TDMs with Triplet 'Ground' state
TDMX:0.061   TDMY:-0.886   TDMZ:-0.022   Oscillator Strength:0.08118   <S**2>: 2.000
--------------------------------------------------------------------
TDMs with Singlet 'Ground' state
TDMX:0.000   TDMY:0.000   TDMZ:0.000   Oscillator Strength:0.00000   <S**2>: 2.000
--------------------------------------------------------------------


State 92 4.199 eV 
Excitation    CI Coef
|3^CS(20->0)>   -0.07531
|3^CS(19->0)>   -0.08292
|3^CS(18->0)>    0.06756
|3^CS(13->0)>   -0.08266
|3^CS(12->0)>   -0.11527
|3^CS(8->0)>   -0.07714
|3^CS(1->0)>    0.06418
|3^CS(20->0')>   -0.06491
|3^CS(19->0')>   -0.08502
|3^CS(18->0')>    0.05839
|3^CS(14->0')>   -0.08827
|3^CS(12->0')>   -0.15538
|3^CS(11->0')>   -0.09350
|3^CS(4->0')>   -0.05414
|3^CS(2->0')>    0.06383
|3^SV(0->5')>   -0.09643
|3^SV(0->13')>    0.11129
|3^SV(0'->1')>   -0.07314
|3^SV(0'->2')>    0.08355
|3^SV(0'->14')>   -0.13913
|3X^CV(20->1')>   -0.05663
|3X^CV(13->1')>   -0.06785
|3X^CV(12->1')>   -0.15925
|3X^CV(12->13')>   -0.05150
|3X^CV(11->1')>    0.07180
|3X^CV(11->2')>   -0.11202
|3X^CV(11->4')>    0.05456
|3X^CV(11->14')>   -0.09126
|3X^CV(10->6')>   -0.08113
|3X^CV(10->7')>   -0.13139
|3X^CV(9->6')>    0.13550
|3X^CV(9->7')>    0.07913
|3X^CV(8->1')>    0.06148
|3X^CV(8->2')>    0.06114
|3X^CV(7->8')>   -0.09683
|3X^CV(7->9')>    0.08975
|3X^CV(6->8')>    0.06826
|3X^CV(6->9')>   -0.08647
|3X^CV(6->10')>   -0.07538
|3X^CV(5->11')>    0.15341
|3X^CV(4->1')>   -0.05040
|3X^CV(4->10')>    0.12472
|3X^CV(3->2')>   -0.10724
|3X^CV(3->12')>   -0.07387
|3X^CV(3->13')>   -0.06649
|3X^CV(2->3')>    0.11978
|3X^CV(2->4')>    0.06476
|3X^CV(2->12')>    0.07339
|3X^CV(1->3')>    0.05935
|3X^CV(1->4')>    0.11716
|3X^CV(1->13')>    0.07637
|3^ZCV0(12->13')>    0.05357
|3^ZCV0(11->12')>   -0.05154
|3^ZCV0(11->14')>    0.06988
|3^ZCV0(10->6')>   -0.07541
|3^ZCV0(9->7')>    0.07291
|3^ZCV0(8->5')>    0.06697
|3^ZCV0(7->8')>    0.06331
|3^ZCV0(7->9')>   -0.11181
|3^ZCV0(6->8')>   -0.09989
|3^ZCV0(6->9')>    0.05019
|3^ZCV0(6->11')>   -0.05902
|3^ZCV0(5->10')>    0.12256
|3^ZCV0(4->11')>    0.11171
|3^ZCV0(3->12')>    0.06762
|3^ZCV0(2->4')>   -0.13801
|3^ZCV0(2->13')>   -0.06551
|3^ZCV0(1->3')>   -0.13543
|3^ZCV0(1->12')>   -0.07288
|3^ZCV0'(49->13')>   -0.09385
|3^ZCV0'(48->3')>    0.05330
|3^ZCV0'(48->12')>    0.05138
|3^ZCV0'(47->6')>    0.07641
|3^ZCV0'(46->7')>   -0.07412
|3^ZCV0'(45->5')>   -0.06557
|3^ZCV0'(45->13')>   -0.05856
|3^ZCV0'(44->8')>   -0.06254
|3^ZCV0'(44->9')>    0.11210
|3^ZCV0'(43->8')>    0.10031
|3^ZCV0'(43->11')>    0.05918
|3^ZCV0'(42->10')>   -0.12341
|3^ZCV0'(41->11')>   -0.11349
|3^ZCV0'(40->1')>   -0.05350
|3^ZCV0'(40->12')>   -0.06574
|3^ZCV0'(39->4')>    0.13894
|3^ZCV0'(39->13')>    0.07211
|3^ZCV0'(38->3')>    0.13673
|3^ZCV0'(38->12')>    0.07012
TDMs with Triplet 'Ground' state
TDMX:-0.034   TDMY:-0.239   TDMZ:-0.018   Oscillator Strength:0.00603   <S**2>: 2.000
--------------------------------------------------------------------
TDMs with Singlet 'Ground' state
TDMX:0.000   TDMY:0.000   TDMZ:0.000   Oscillator Strength:0.00000   <S**2>: 2.000
--------------------------------------------------------------------


State 93 4.201 eV 
Excitation    CI Coef
|3^CS(19->0)>    0.05442
|3^CS(17->0)>   -0.05704
|3^CS(12->0)>    0.05052
|3^CS(8->0)>    0.06445
|3^CS(2->0)>   -0.06843
|3^CS(19->0')>    0.05795
|3^CS(18->0')>   -0.08415
|3^CS(14->0')>    0.05824
|3^CS(12->0')>    0.05690
|3^CS(1->0')>   -0.07255
|3^SV(0->5')>    0.08622
|3^SV(0'->4')>    0.05366
|3^SV(0'->14')>    0.07434
|3X^CV(14->2')>    0.05047
|3X^CV(13->1')>    0.07230
|3X^CV(12->1')>    0.06105
|3X^CV(12->4')>    0.06071
|3X^CV(11->1')>   -0.05083
|3X^CV(11->2')>    0.05377
|3X^CV(11->3')>   -0.07979
|3X^CV(11->4')>    0.07451
|3X^CV(11->5')>    0.05857
|3X^CV(11->14')>    0.07018
|3X^CV(10->7')>    0.14932
|3X^CV(9->6')>   -0.15436
|3X^CV(8->3')>   -0.06528
|3X^CV(8->4')>    0.06581
|3X^CV(8->13')>    0.05992
|3X^CV(7->9')>   -0.06987
|3X^CV(6->8')>   -0.06749
|3X^CV(6->11')>   -0.05903
|3X^CV(5->10')>    0.12865
|3X^CV(5->11')>    0.10856
|3X^CV(4->4')>   -0.05169
|3X^CV(4->10')>    0.08533
|3X^CV(4->11')>    0.11462
|3X^CV(3->1')>   -0.05028
|3X^CV(3->3')>    0.07224
|3X^CV(3->4')>   -0.06006
|3X^CV(3->12')>    0.05265
|3X^CV(2->2')>    0.05731
|3X^CV(2->4')>   -0.11144
|3X^CV(2->5')>   -0.06976
|3X^CV(2->12')>    0.09492
|3X^CV(2->13')>   -0.10229
|3X^CV(2->14')>   -0.06010
|3X^CV(1->1')>   -0.05053
|3X^CV(1->2')>   -0.05127
|3X^CV(1->3')>   -0.11211
|3X^CV(1->5')>    0.06670
|3X^CV(1->12')>   -0.11366
|3X^CV(1->13')>    0.08955
|3X^CV(1->14')>    0.06636
|3^ZCV0(13->2')>    0.07249
|3^ZCV0(12->3')>   -0.05760
|3^ZCV0(12->4')>    0.05037
|3^ZCV0(11->3')>   -0.05947
|3^ZCV0(11->4')>    0.07085
|3^ZCV0(10->7')>    0.07189
|3^ZCV0(9->6')>   -0.07440
|3^ZCV0(8->3')>   -0.06503
|3^ZCV0(8->4')>    0.06391
|3^ZCV0(8->10')>    0.05217
|3^ZCV0(8->11')>    0.05147
|3^ZCV0(7->8')>   -0.09915
|3^ZCV0(6->9')>   -0.09326
|3^ZCV0(6->10')>   -0.07304
|3^ZCV0(5->10')>    0.10799
|3^ZCV0(5->11')>    0.16656
|3^ZCV0(4->3')>    0.05343
|3^ZCV0(4->10')>    0.13638
|3^ZCV0(4->11')>    0.09273
|3^ZCV0(3->1')>   -0.07574
|3^ZCV0(3->3')>    0.05962
|3^ZCV0(3->4')>   -0.07125
|3^ZCV0(3->13')>   -0.05760
|3^ZCV0(2->3')>    0.08961
|3^ZCV0(2->5')>   -0.06033
|3^ZCV0(2->12')>    0.10384
|3^ZCV0(2->13')>   -0.08633
|3^ZCV0(2->14')>   -0.06445
|3^ZCV0(1->2')>   -0.05147
|3^ZCV0(1->4')>    0.09207
|3^ZCV0(1->5')>    0.07137
|3^ZCV0(1->12')>   -0.09629
|3^ZCV0(1->13')>    0.10270
|3^ZCV0(1->14')>    0.06613
|3^ZCV0'(50->2')>   -0.06896
|3^ZCV0'(49->3')>    0.05568
|3^ZCV0'(49->4')>   -0.05043
|3^ZCV0'(49->5')>   -0.05457
|3^ZCV0'(48->3')>    0.06506
|3^ZCV0'(48->4')>   -0.07819
|3^ZCV0'(47->7')>   -0.07226
|3^ZCV0'(46->6')>    0.07483
|3^ZCV0'(45->3')>    0.06405
|3^ZCV0'(45->4')>   -0.06263
|3^ZCV0'(45->10')>   -0.05321
|3^ZCV0'(45->11')>   -0.05295
|3^ZCV0'(44->8')>    0.09947
|3^ZCV0'(43->9')>    0.09379
|3^ZCV0'(43->10')>    0.07418
|3^ZCV0'(42->10')>   -0.10984
|3^ZCV0'(42->11')>   -0.16942
|3^ZCV0'(41->3')>   -0.05129
|3^ZCV0'(41->10')>   -0.13858
|3^ZCV0'(41->11')>   -0.09391
|3^ZCV0'(40->1')>    0.08031
|3^ZCV0'(40->3')>   -0.05840
|3^ZCV0'(40->4')>    0.06983
|3^ZCV0'(40->13')>    0.05929
|3^ZCV0'(39->3')>   -0.08813
|3^ZCV0'(39->5')>    0.05842
|3^ZCV0'(39->12')>   -0.09763
|3^ZCV0'(39->13')>    0.07821
|3^ZCV0'(39->14')>    0.06219
|3^ZCV0'(38->2')>    0.05412
|3^ZCV0'(38->4')>   -0.09031
|3^ZCV0'(38->5')>   -0.06942
|3^ZCV0'(38->12')>    0.08883
|3^ZCV0'(38->13')>   -0.10211
|3^ZCV0'(38->14')>   -0.05672
TDMs with Triplet 'Ground' state
TDMX:0.044   TDMY:-0.044   TDMZ:0.037   Oscillator Strength:0.00053   <S**2>: 2.000
--------------------------------------------------------------------
TDMs with Singlet 'Ground' state
TDMX:0.000   TDMY:0.000   TDMZ:0.000   Oscillator Strength:0.00000   <S**2>: 2.000
--------------------------------------------------------------------


State 94 4.203 eV 
Excitation    CI Coef
|1^OS>    0.14912
|1^ZW->    0.15156
|1^CS(20->0)>    0.07832
|1^CS(19->0)>    0.08255
|1^CS(18->0)>   -0.16062
|1^CS(14->0)>    0.17589
|1^CS(13->0)>   -0.07839
|1^CS(12->0)>    0.08995
|1^CS(11->0)>   -0.07358
|1^CS(20->0')>    0.06853
|1^CS(19->0')>    0.14698
|1^CS(17->0')>   -0.14205
|1^CS(13->0')>    0.12419
|1^CS(11->0')>    0.12565
|1^CS(8->0')>    0.10014
|1^CS(4->0')>   -0.08824
|1^CS(3->0')>    0.14973
|1^SV(0->1')>    0.07591
|1^SV(0->2')>    0.09009
|1^SV(0->5')>    0.15498
|1^SV(0->12')>   -0.08683
|1^SV(0->13')>   -0.16883
|1^SV(0->15')>   -0.05334
|1^SV(0'->1')>   -0.05089
|1^SV(0'->2')>    0.05553
|1^SV(0'->5')>    0.07744
|1^SV(0'->14')>   -0.15642
|1^SV(0'->21')>    0.06649
|1T^CV(14->14')>   -0.05583
|1T^CV(12->1')>   -0.09981
|1T^CV(12->5')>   -0.07513
|1T^CV(12->13')>    0.09102
|1T^CV(11->1')>    0.10808
|1T^CV(11->5')>   -0.05475
|1T^CV(10->7')>   -0.37637
|1T^CV(9->6')>    0.38766
|1T^CV(8->5')>    0.05092
|1T^CV(8->8')>    0.08381
|1T^CV(8->10')>    0.05169
|1T^CV(7->9')>    0.17704
|1T^CV(6->8')>    0.14234
|1T^CV(6->10')>   -0.08845
|1T^CV(5->11')>    0.15544
|1T^CV(4->8')>    0.06382
|1T^CV(4->10')>    0.11145
|1T^CV(3->1')>    0.17852
|1T^CV(3->2')>   -0.05765
|1T^CV(3->5')>   -0.05109
TDMs with Triplet 'Ground' state
TDMX:0.000   TDMY:0.000   TDMZ:0.000   Oscillator Strength:0.00000   <S**2>: 0.000
--------------------------------------------------------------------
TDMs with Singlet 'Ground' state
TDMX:-0.087   TDMY:1.034   TDMZ:0.062   Oscillator Strength:0.11121   <S**2>: 0.000
--------------------------------------------------------------------


State 95 4.213 eV 
Excitation    CI Coef
|3^CS(12->0)>    0.06971
|3^CS(6->0)>    0.07431
|3^CS(5->0)>    0.15122
|3^CS(4->0)>   -0.13524
|3^CS(12->0')>    0.07616
|3^CS(8->0')>   -0.05481
|3^CS(6->0')>    0.07122
|3^CS(5->0')>    0.13276
|3^CS(4->0')>   -0.10007
|3^SV(0->5')>    0.05341
|3^SV(0->10')>   -0.08491
|3^SV(0->11')>    0.07553
|3^SV(0->13')>   -0.07697
|3^SV(0'->10')>    0.09228
|3^SV(0'->11')>   -0.07787
|3^SV(0'->13')>    0.05048
|3^SV(0'->14')>    0.06251
|3X^CV(12->1')>    0.05466
|3X^CV(12->10')>   -0.07965
|3X^CV(12->11')>    0.08214
|3X^CV(11->10')>    0.08022
|3X^CV(11->11')>   -0.08078
|3X^CV(9->6')>   -0.05062
|3X^CV(8->4')>    0.05216
|3X^CV(8->10')>   -0.07478
|3X^CV(8->11')>    0.07445
|3X^CV(8->13')>   -0.05471
|3X^CV(6->3')>   -0.05398
|3X^CV(6->4')>   -0.05460
|3X^CV(6->12')>    0.05201
|3X^CV(6->13')>    0.06750
|3X^CV(5->1')>    0.07725
|3X^CV(5->3')>   -0.12268
|3X^CV(5->4')>   -0.12771
|3X^CV(5->5')>    0.07501
|3X^CV(5->12')>    0.10793
|3X^CV(5->13')>    0.13098
|3X^CV(4->1')>   -0.05264
|3X^CV(4->2')>    0.05616
|3X^CV(4->3')>    0.10462
|3X^CV(4->4')>    0.10364
|3X^CV(4->5')>   -0.06301
|3X^CV(4->12')>   -0.08946
|3X^CV(4->13')>   -0.10464
|3X^CV(3->10')>   -0.06818
|3X^CV(3->11')>    0.06852
|3X^CV(2->10')>   -0.12867
|3X^CV(2->11')>    0.13583
|3X^CV(1->10')>   -0.12278
|3X^CV(1->11')>    0.12625
|3^ZCV0(12->10')>    0.07403
|3^ZCV0(12->11')>   -0.07211
|3^ZCV0(11->10')>   -0.07080
|3^ZCV0(11->11')>    0.07522
|3^ZCV0(8->10')>    0.06248
|3^ZCV0(8->11')>   -0.05969
|3^ZCV0(6->3')>    0.05300
|3^ZCV0(6->4')>    0.05413
|3^ZCV0(6->12')>   -0.05029
|3^ZCV0(5->1')>   -0.07054
|3^ZCV0(5->2')>    0.05173
|3^ZCV0(5->3')>    0.12322
|3^ZCV0(5->4')>    0.12299
|3^ZCV0(5->5')>   -0.07470
|3^ZCV0(5->12')>   -0.09899
|3^ZCV0(5->13')>   -0.09770
|3^ZCV0(4->1')>    0.05718
|3^ZCV0(4->2')>   -0.05497
|3^ZCV0(4->3')>   -0.09889
|3^ZCV0(4->4')>   -0.10544
|3^ZCV0(4->5')>    0.06579
|3^ZCV0(4->12')>    0.08453
|3^ZCV0(4->13')>    0.06913
|3^ZCV0(3->10')>    0.06149
|3^ZCV0(3->11')>   -0.06502
|3^ZCV0(2->10')>    0.11540
|3^ZCV0(2->11')>   -0.12583
|3^ZCV0(1->10')>    0.11421
|3^ZCV0(1->11')>   -0.11336
|3^ZCV0'(49->10')>   -0.06204
|3^ZCV0'(49->11')>    0.06346
|3^ZCV0'(48->10')>    0.06822
|3^ZCV0'(48->11')>   -0.07299
|3^ZCV0'(45->10')>   -0.06248
|3^ZCV0'(45->11')>    0.05964
|3^ZCV0'(45->13')>   -0.05137
|3^ZCV0'(43->3')>   -0.05072
|3^ZCV0'(43->4')>   -0.05183
|3^ZCV0'(43->12')>    0.05083
|3^ZCV0'(43->13')>    0.06388
|3^ZCV0'(42->1')>    0.05138
|3^ZCV0'(42->3')>   -0.11738
|3^ZCV0'(42->4')>   -0.11703
|3^ZCV0'(42->5')>    0.07195
|3^ZCV0'(42->12')>    0.09905
|3^ZCV0'(42->13')>    0.12633
|3^ZCV0'(42->14')>   -0.06847
|3^ZCV0'(41->3')>    0.09362
|3^ZCV0'(41->4')>    0.10008
|3^ZCV0'(41->5')>   -0.06220
|3^ZCV0'(41->11')>   -0.05001
|3^ZCV0'(41->12')>   -0.08331
|3^ZCV0'(41->13')>   -0.09572
|3^ZCV0'(41->14')>    0.05151
|3^ZCV0'(40->10')>   -0.06522
|3^ZCV0'(40->11')>    0.06866
|3^ZCV0'(39->10')>   -0.12181
|3^ZCV0'(39->11')>    0.13231
|3^ZCV0'(38->10')>   -0.11981
|3^ZCV0'(38->11')>    0.11982
TDMs with Triplet 'Ground' state
TDMX:0.069   TDMY:-0.028   TDMZ:0.156   Oscillator Strength:0.00308   <S**2>: 2.000
--------------------------------------------------------------------
TDMs with Singlet 'Ground' state
TDMX:0.000   TDMY:0.000   TDMZ:0.000   Oscillator Strength:0.00000   <S**2>: 2.000
--------------------------------------------------------------------


State 96 4.223 eV 
Excitation    CI Coef
|5^CV(18->5')>    0.05457
|5^CV(18->13')>    0.06255
|5^CV(17->12')>   -0.07139
|5^CV(14->5')>   -0.07400
|5^CV(13->12')>    0.08151
|5^CV(12->1')>   -0.13627
|5^CV(12->4')>    0.08657
|5^CV(12->12')>   -0.10209
|5^CV(12->14')>    0.08091
|5^CV(11->2')>   -0.12427
|5^CV(11->3')>   -0.10411
|5^CV(11->5')>    0.07145
|5^CV(11->13')>    0.14726
|5^CV(10->7')>    0.10290
|5^CV(9->6')>   -0.10640
|5^CV(8->4')>    0.10127
|5^CV(8->8')>    0.06665
|5^CV(8->10')>    0.13122
|5^CV(8->12')>   -0.11548
|5^CV(8->14')>    0.12934
|5^CV(7->9')>    0.12638
|5^CV(7->11')>    0.05255
|5^CV(6->8')>    0.08558
|5^CV(6->10')>   -0.19017
|5^CV(5->11')>    0.40052
|5^CV(4->4')>   -0.07390
|5^CV(4->8')>    0.07359
|5^CV(4->10')>    0.31338
|5^CV(4->12')>    0.07839
|5^CV(4->14')>   -0.08364
|5^CV(3->2')>   -0.07919
|5^CV(3->3')>    0.10658
|5^CV(3->5')>   -0.08275
|5^CV(3->13')>   -0.17507
|5^CV(2->2')>    0.06843
|5^CV(2->3')>    0.36020
|5^CV(2->5')>   -0.12172
|5^CV(2->13')>   -0.15751
|5^CV(1->1')>   -0.07136
|5^CV(1->4')>    0.36373
|5^CV(1->12')>   -0.15852
|5^CV(1->14')>    0.10843
TDMs with Triplet 'Ground' state
TDMX:0.000   TDMY:0.000   TDMZ:0.000   Oscillator Strength:0.00000   <S**2>: 6.000
--------------------------------------------------------------------
TDMs with Singlet 'Ground' state
TDMX:0.000   TDMY:0.000   TDMZ:0.000   Oscillator Strength:0.00000   <S**2>: 6.000
--------------------------------------------------------------------


State 97 4.225 eV 
Excitation    CI Coef
|3^SV(0->5')>   -0.05414
|3^SV(0'->5')>   -0.07319
|3X^CV(12->5')>   -0.05042
|3X^CV(12->12')>    0.05236
|3X^CV(11->3')>   -0.05432
|3X^CV(11->4')>    0.05241
|3X^CV(11->5')>   -0.06620
|3X^CV(11->12')>    0.07578
|3X^CV(10->7')>   -0.05272
|3X^CV(9->6')>    0.05399
|3X^CV(8->8')>   -0.07312
|3X^CV(8->9')>   -0.05828
|3X^CV(8->13')>   -0.07849
|3X^CV(8->14')>   -0.06156
|3X^CV(7->8')>   -0.14344
|3X^CV(7->9')>   -0.17142
|3X^CV(6->8')>   -0.14564
|3X^CV(6->9')>   -0.12542
|3X^CV(5->11')>   -0.05203
|3X^CV(4->8')>   -0.05544
|3X^CV(3->13')>    0.07804
|3X^CV(3->14')>    0.07707
|3X^CV(2->3')>   -0.12824
|3X^CV(2->4')>    0.12989
|3X^CV(2->12')>    0.06490
|3X^CV(2->13')>   -0.05740
|3X^CV(1->3')>    0.13843
|3X^CV(1->4')>   -0.13476
|3X^CV(1->12')>   -0.06674
|3X^CV(1->13')>    0.06335
|3^ZCV0(12->12')>    0.05810
|3^ZCV0(11->12')>    0.05531
|3^ZCV0(11->13')>   -0.05937
|3^ZCV0(10->6')>    0.05083
|3^ZCV0(10->7')>   -0.06376
|3^ZCV0(9->6')>    0.06545
|3^ZCV0(8->8')>   -0.07951
|3^ZCV0(8->9')>   -0.06023
|3^ZCV0(8->13')>   -0.06826
|3^ZCV0(8->14')>   -0.06868
|3^ZCV0(7->8')>   -0.14568
|3^ZCV0(7->9')>   -0.18947
|3^ZCV0(6->8')>   -0.16171
|3^ZCV0(6->9')>   -0.12751
|3^ZCV0(5->11')>   -0.05385
|3^ZCV0(4->8')>   -0.06154
|3^ZCV0(3->13')>    0.08372
|3^ZCV0(3->14')>    0.06248
|3^ZCV0(2->3')>   -0.14804
|3^ZCV0(2->4')>    0.11510
|3^ZCV0(2->12')>    0.05977
|3^ZCV0(2->13')>   -0.05890
|3^ZCV0(1->3')>    0.12459
|3^ZCV0(1->4')>   -0.15369
|3^ZCV0(1->12')>   -0.06555
|3^ZCV0(1->13')>    0.06029
|3^ZCV0'(49->12')>   -0.05521
|3^ZCV0'(48->3')>    0.05122
|3^ZCV0'(48->5')>    0.05777
|3^ZCV0'(48->12')>   -0.05377
|3^ZCV0'(48->13')>    0.06612
|3^ZCV0'(47->6')>   -0.05276
|3^ZCV0'(47->7')>    0.06575
|3^ZCV0'(46->6')>   -0.06744
|3^ZCV0'(46->7')>    0.05097
|3^ZCV0'(45->8')>    0.08034
|3^ZCV0'(45->9')>    0.06112
|3^ZCV0'(45->13')>    0.06696
|3^ZCV0'(45->14')>    0.06504
|3^ZCV0'(44->8')>    0.14863
|3^ZCV0'(44->9')>    0.19201
|3^ZCV0'(43->8')>    0.16393
|3^ZCV0'(43->9')>    0.13009
|3^ZCV0'(42->11')>    0.05505
|3^ZCV0'(41->8')>    0.06268
|3^ZCV0'(40->13')>   -0.08134
|3^ZCV0'(40->14')>   -0.05822
|3^ZCV0'(39->3')>    0.14466
|3^ZCV0'(39->4')>   -0.11047
|3^ZCV0'(39->12')>   -0.05524
|3^ZCV0'(39->13')>    0.05675
|3^ZCV0'(38->3')>   -0.11983
|3^ZCV0'(38->4')>    0.15002
|3^ZCV0'(38->12')>    0.06088
|3^ZCV0'(38->13')>   -0.05681
TDMs with Triplet 'Ground' state
TDMX:-0.038   TDMY:0.224   TDMZ:-0.031   Oscillator Strength:0.00543   <S**2>: 2.000
--------------------------------------------------------------------
TDMs with Singlet 'Ground' state
TDMX:0.000   TDMY:0.000   TDMZ:0.000   Oscillator Strength:0.00000   <S**2>: 2.000
--------------------------------------------------------------------


State 98 4.228 eV 
Excitation    CI Coef
|5^CV(18->12')>    0.06960
|5^CV(17->13')>   -0.05469
|5^CV(14->1')>   -0.06874
|5^CV(14->12')>   -0.07149
|5^CV(13->2')>   -0.14535
|5^CV(12->3')>    0.09447
|5^CV(12->5')>   -0.15187
|5^CV(12->13')>   -0.07902
|5^CV(11->1')>    0.10571
|5^CV(11->4')>   -0.12282
|5^CV(11->12')>    0.12454
|5^CV(11->14')>   -0.08833
|5^CV(10->6')>    0.14028
|5^CV(9->7')>   -0.13601
|5^CV(8->3')>    0.11875
|5^CV(8->11')>   -0.13258
|5^CV(8->13')>   -0.17121
|5^CV(7->8')>   -0.07867
|5^CV(7->10')>   -0.05124
|5^CV(6->11')>    0.18614
|5^CV(5->10')>   -0.38083
|5^CV(4->3')>   -0.08279
|5^CV(4->11')>   -0.32832
|5^CV(4->13')>    0.11653
|5^CV(3->1')>    0.13292
|5^CV(3->4')>    0.12654
|5^CV(3->12')>   -0.09056
|5^CV(3->14')>    0.16110
|5^CV(2->1')>   -0.08217
|5^CV(2->4')>    0.33322
|5^CV(2->12')>   -0.18189
|5^CV(2->14')>    0.12501
|5^CV(1->2')>    0.07921
|5^CV(1->3')>    0.32891
|5^CV(1->5')>   -0.13597
|5^CV(1->13')>   -0.18110
TDMs with Triplet 'Ground' state
TDMX:0.000   TDMY:0.000   TDMZ:0.000   Oscillator Strength:0.00000   <S**2>: 6.000
--------------------------------------------------------------------
TDMs with Singlet 'Ground' state
TDMX:0.000   TDMY:0.000   TDMZ:0.000   Oscillator Strength:0.00000   <S**2>: 6.000
--------------------------------------------------------------------


State 99 4.234 eV 
Excitation    CI Coef
|3^CS(8->0)>   -0.07250
|3^CS(7->0)>    0.16978
|3^CS(6->0)>   -0.14726
|3^CS(4->0)>   -0.05337
|3^CS(8->0')>   -0.05473
|3^CS(7->0')>    0.15121
|3^CS(6->0')>   -0.13381
|3^CS(4->0')>   -0.05719
|3^SV(0->8')>   -0.08019
|3^SV(0->9')>    0.08059
|3^SV(0'->8')>    0.07830
|3^SV(0'->9')>   -0.07796
|3X^CV(12->8')>   -0.07816
|3X^CV(12->9')>    0.07819
|3X^CV(11->8')>    0.07696
|3X^CV(11->9')>   -0.07707
|3X^CV(8->3')>   -0.05449
|3X^CV(8->4')>   -0.05305
|3X^CV(8->8')>   -0.06322
|3X^CV(8->9')>    0.06626
|3X^CV(8->12')>   -0.05335
|3X^CV(8->13')>   -0.06050
|3X^CV(7->1')>    0.08467
|3X^CV(7->2')>   -0.05436
|3X^CV(7->3')>    0.13883
|3X^CV(7->4')>    0.13835
|3X^CV(7->5')>    0.07208
|3X^CV(7->12')>    0.11534
|3X^CV(7->13')>    0.14377
|3X^CV(6->1')>   -0.07174
|3X^CV(6->3')>   -0.12448
|3X^CV(6->4')>   -0.12422
|3X^CV(6->5')>   -0.06271
|3X^CV(6->12')>   -0.09719
|3X^CV(6->13')>   -0.12408
|3X^CV(3->8')>   -0.06682
|3X^CV(3->9')>    0.06718
|3X^CV(2->8')>    0.12261
|3X^CV(2->9')>   -0.12197
|3X^CV(1->8')>    0.11487
|3X^CV(1->9')>   -0.11597
|3^ZCV0(12->8')>    0.07066
|3^ZCV0(12->9')>   -0.07081
|3^ZCV0(11->8')>   -0.07116
|3^ZCV0(11->9')>    0.07119
|3^ZCV0(8->3')>    0.05276
|3^ZCV0(8->4')>    0.05255
|3^ZCV0(8->8')>    0.06264
|3^ZCV0(8->9')>   -0.06246
|3^ZCV0(7->1')>   -0.08122
|3^ZCV0(7->2')>    0.05733
|3^ZCV0(7->3')>   -0.13875
|3^ZCV0(7->4')>   -0.13612
|3^ZCV0(7->5')>   -0.06890
|3^ZCV0(7->12')>   -0.10907
|3^ZCV0(7->13')>   -0.10376
|3^ZCV0(6->1')>    0.06815
|3^ZCV0(6->3')>    0.12532
|3^ZCV0(6->4')>    0.12177
|3^ZCV0(6->5')>    0.05826
|3^ZCV0(6->12')>    0.09326
|3^ZCV0(6->13')>    0.08771
|3^ZCV0(3->8')>    0.06277
|3^ZCV0(3->9')>   -0.06162
|3^ZCV0(2->8')>   -0.11376
|3^ZCV0(2->9')>    0.11460
|3^ZCV0(1->8')>   -0.10844
|3^ZCV0(1->9')>    0.10784
|3^ZCV0'(49->8')>   -0.06048
|3^ZCV0'(49->9')>    0.06069
|3^ZCV0'(48->8')>    0.07012
|3^ZCV0'(48->9')>   -0.07023
|3^ZCV0'(45->8')>   -0.06331
|3^ZCV0'(45->9')>    0.06309
|3^ZCV0'(45->13')>   -0.05881
|3^ZCV0'(44->1')>    0.05923
|3^ZCV0'(44->3')>    0.13156
|3^ZCV0'(44->4')>    0.12904
|3^ZCV0'(44->5')>    0.06536
|3^ZCV0'(44->12')>    0.10899
|3^ZCV0'(44->13')>    0.13674
|3^ZCV0'(44->14')>   -0.07382
|3^ZCV0'(43->3')>   -0.11901
|3^ZCV0'(43->4')>   -0.11547
|3^ZCV0'(43->5')>   -0.05528
|3^ZCV0'(43->12')>   -0.09366
|3^ZCV0'(43->13')>   -0.11659
|3^ZCV0'(43->14')>    0.06302
|3^ZCV0'(40->8')>   -0.06624
|3^ZCV0'(40->9')>    0.06510
|3^ZCV0'(39->8')>    0.11966
|3^ZCV0'(39->9')>   -0.12047
|3^ZCV0'(38->8')>    0.11397
|3^ZCV0'(38->9')>   -0.11343
TDMs with Triplet 'Ground' state
TDMX:-0.091   TDMY:0.024   TDMZ:-0.206   Oscillator Strength:0.00533   <S**2>: 2.000
--------------------------------------------------------------------
TDMs with Singlet 'Ground' state
TDMX:0.000   TDMY:0.000   TDMZ:0.000   Oscillator Strength:0.00000   <S**2>: 2.000
--------------------------------------------------------------------


State 100 4.237 eV 
Excitation    CI Coef
|3^CS(18->0)>    0.07718
|3^CS(17->0)>    0.09648
|3^CS(14->0)>   -0.06979
|3^CS(12->0)>    0.15813
|3^CS(11->0)>    0.12761
|3^CS(18->0')>    0.12366
|3^CS(17->0')>    0.05499
|3^CS(14->0')>   -0.06017
|3^CS(12->0')>    0.10299
|3^CS(11->0')>    0.13754
|3^SV(0->5')>    0.12265
|3^SV(0->13')>   -0.20890
|3^SV(0->14')>   -0.14578
|3^SV(0'->5')>   -0.18181
|3^SV(0'->13')>    0.20113
|3^SV(0'->14')>    0.17354
|3T^CV(12->13')>    0.05769
|3X^CV(20->1')>    0.05312
|3X^CV(14->1')>   -0.10963
|3X^CV(14->2')>    0.05882
|3X^CV(13->1')>    0.10857
|3X^CV(12->1')>    0.08660
|3X^CV(12->2')>    0.05701
|3X^CV(12->12')>   -0.06170
|3X^CV(11->12')>    0.08643
|3X^CV(11->13')>    0.07320
|3X^CV(11->14')>    0.06085
|3X^CV(10->7')>    0.13455
|3X^CV(9->6')>   -0.13855
|3X^CV(8->2')>   -0.06580
|3X^CV(4->13')>    0.06014
|3X^CV(3->13')>   -0.05331
|3X^CV(3->14')>    0.09570
|3X^CV(2->3')>    0.07857
|3X^CV(2->4')>    0.07481
|3X^CV(1->3')>    0.07045
|3X^CV(1->4')>    0.07449
|3^ZCV0(14->1')>    0.11346
|3^ZCV0(14->2')>   -0.05545
|3^ZCV0(13->1')>   -0.07677
|3^ZCV0(12->2')>   -0.08274
|3^ZCV0(12->13')>    0.06985
|3^ZCV0(11->12')>   -0.08997
|3^ZCV0(10->7')>   -0.09623
|3^ZCV0(9->6')>    0.09938
|3^ZCV0(8->2')>    0.07403
|3^ZCV0(8->13')>    0.06819
|3^ZCV0(7->8')>    0.10683
|3^ZCV0(7->9')>   -0.06014
|3^ZCV0(6->9')>    0.08853
|3^ZCV0(5->10')>    0.07387
|3^ZCV0(4->11')>    0.05428
|3^ZCV0(4->13')>   -0.06398
|3^ZCV0(3->13')>    0.05296
|3^ZCV0(3->14')>   -0.09774
|3^ZCV0(2->3')>   -0.06597
|3^ZCV0(2->4')>   -0.10858
|3^ZCV0(1->3')>   -0.10555
|3^ZCV0(1->4')>   -0.06012
|3^ZCV0'(51->1')>   -0.10424
|3^ZCV0'(50->1')>    0.07080
|3^ZCV0'(49->2')>    0.07612
|3^ZCV0'(48->1')>   -0.07155
|3^ZCV0'(48->12')>    0.09528
|3^ZCV0'(48->13')>    0.06123
|3^ZCV0'(47->7')>    0.09564
|3^ZCV0'(46->6')>   -0.09864
|3^ZCV0'(45->2')>   -0.06984
|3^ZCV0'(45->13')>   -0.05358
|3^ZCV0'(44->8')>   -0.10688
|3^ZCV0'(44->9')>    0.05737
|3^ZCV0'(43->9')>   -0.08856
|3^ZCV0'(42->10')>   -0.07382
|3^ZCV0'(41->11')>   -0.05384
|3^ZCV0'(41->13')>    0.06579
|3^ZCV0'(40->13')>   -0.05302
|3^ZCV0'(40->14')>    0.10635
|3^ZCV0'(39->3')>    0.07046
|3^ZCV0'(39->4')>    0.10779
|3^ZCV0'(38->3')>    0.10383
|3^ZCV0'(38->4')>    0.06463
|3^SVD(13,14)>   -0.08099
TDMs with Triplet 'Ground' state
TDMX:-0.075   TDMY:1.060   TDMZ:0.172   Oscillator Strength:0.12026   <S**2>: 2.000
--------------------------------------------------------------------
TDMs with Singlet 'Ground' state
TDMX:0.000   TDMY:0.000   TDMZ:0.000   Oscillator Strength:0.00000   <S**2>: 2.000
--------------------------------------------------------------------


State 101 4.238 eV 
Excitation    CI Coef
|1^OS>    0.09872
|1^ZW->   -0.09239
|1^ZW+>    0.07176
|1^CS(20->0)>    0.15749
|1^CS(19->0)>    0.17696
|1^CS(18->0)>   -0.17842
|1^CS(17->0)>   -0.06674
|1^CS(14->0)>    0.13145
|1^CS(13->0)>    0.26762
|1^CS(12->0)>    0.13278
|1^CS(3->0)>   -0.08841
|1^CS(20->0')>    0.15664
|1^CS(19->0')>    0.19713
|1^CS(18->0')>   -0.11832
|1^CS(17->0')>   -0.09766
|1^CS(14->0')>    0.22840
|1^CS(13->0')>    0.14113
|1^CS(12->0')>    0.08637
|1^CS(8->0')>   -0.07892
|1^CS(4->0')>    0.05082
|1^CS(3->0')>   -0.06946
|1^SV(0->1')>    0.06226
|1^SV(0->2')>    0.07132
|1^SV(0->12')>    0.10466
|1^SV(0->14')>   -0.08498
|1^SV(0->20')>    0.06199
|1^SV(0'->1')>    0.06766
|1^SV(0'->2')>   -0.12025
|1^SV(0'->13')>   -0.13230
|1T^CV(20->1')>    0.09921
|1T^CV(20->5')>   -0.06247
|1T^CV(20->13')>    0.06403
|1T^CV(20->14')>    0.06406
|1T^CV(19->1')>    0.05907
|1T^CV(19->2')>    0.08866
|1T^CV(19->12')>    0.05125
|1T^CV(19->13')>    0.05130
|1T^CV(19->14')>    0.07933
|1T^CV(17->2')>    0.05915
|1T^CV(13->1')>    0.12824
|1T^CV(13->2')>   -0.07090
|1T^CV(13->5')>   -0.05445
|1T^CV(12->1')>    0.21124
|1T^CV(12->5')>   -0.07140
|1T^CV(12->13')>    0.09530
|1T^CV(11->2')>    0.06361
|1T^CV(11->14')>    0.07003
|1T^CV(10->6')>   -0.06253
|1T^CV(10->7')>    0.16774
|1T^CV(9->6')>   -0.17273
|1T^CV(9->7')>    0.06113
|1T^CV(8->1')>   -0.17790
|1T^CV(8->2')>   -0.07810
|1T^CV(8->5')>    0.06920
|1T^CV(7->8')>    0.11925
|1T^CV(6->9')>    0.09927
|1T^CV(6->11')>   -0.06346
|1T^CV(5->10')>    0.11468
|1T^CV(4->1')>    0.10020
|1T^CV(4->11')>    0.08980
|1T^CV(3->1')>    0.06427
|1T^CV(3->2')>    0.14697
|1T^CV(3->12')>    0.06513
|1T^CV(2->4')>   -0.06141
|1T^CV(1->3')>   -0.06197
|1^ZCV0(12->1')>    0.05698
|1^ZCV0'(14->13')>   -0.05104
|1^CSD_(18,14)>    0.05562
TDMs with Triplet 'Ground' state
TDMX:0.000   TDMY:0.000   TDMZ:0.000   Oscillator Strength:0.00000   <S**2>: 0.000
--------------------------------------------------------------------
TDMs with Singlet 'Ground' state
TDMX:0.067   TDMY:1.057   TDMZ:0.042   Oscillator Strength:0.11659   <S**2>: 0.000
--------------------------------------------------------------------


State 102 4.248 eV 
Excitation    CI Coef
|3^CS(19->0)>    0.05219
|3^CS(18->0)>   -0.05960
|3^CS(17->0)>   -0.05608
|3^CS(14->0)>    0.06365
|3^CS(5->0)>    0.05811
|3^CS(4->0)>    0.05496
|3^CS(18->0')>   -0.07525
|3^CS(4->0')>   -0.08343
|3^SV(0->10')>   -0.07226
|3^SV(0->11')>   -0.05248
|3^SV(0'->5')>   -0.06304
|3^SV(0'->10')>   -0.08413
|3^SV(0'->11')>   -0.05889
|3X^CV(13->2')>   -0.05404
|3X^CV(12->10')>   -0.06731
|3X^CV(12->11')>   -0.06659
|3X^CV(11->10')>   -0.09319
|3X^CV(11->11')>   -0.09178
|3X^CV(10->6')>   -0.09119
|3X^CV(9->7')>    0.08860
|3X^CV(8->4')>    0.05450
|3X^CV(8->5')>    0.05084
|3X^CV(8->10')>   -0.06718
|3X^CV(8->11')>   -0.07895
|3X^CV(6->3')>    0.06253
|3X^CV(6->4')>   -0.05606
|3X^CV(6->12')>    0.05734
|3X^CV(5->2')>   -0.05577
|3X^CV(5->3')>   -0.12756
|3X^CV(5->4')>    0.12505
|3X^CV(5->5')>    0.07585
|3X^CV(5->12')>   -0.10521
|3X^CV(5->13')>    0.10496
|3X^CV(5->14')>    0.06713
|3X^CV(4->3')>   -0.09714
|3X^CV(4->4')>    0.10625
|3X^CV(4->12')>   -0.08591
|3X^CV(4->13')>    0.08803
|3X^CV(4->14')>    0.06141
|3X^CV(3->1')>    0.05480
|3X^CV(3->10')>    0.06762
|3X^CV(3->11')>    0.06925
|3X^CV(2->10')>    0.12891
|3X^CV(2->11')>    0.12897
|3X^CV(1->10')>   -0.13107
|3X^CV(1->11')>   -0.14172
|3^ZCV0(12->10')>   -0.06340
|3^ZCV0(12->11')>   -0.06680
|3^ZCV0(11->10')>   -0.07905
|3^ZCV0(11->11')>   -0.07585
|3^ZCV0(10->7')>   -0.07286
|3^ZCV0(9->6')>    0.07548
|3^ZCV0(8->3')>   -0.05303
|3^ZCV0(8->10')>   -0.06212
|3^ZCV0(8->11')>   -0.07888
|3^ZCV0(6->3')>    0.05473
|3^ZCV0(6->4')>   -0.06116
|3^ZCV0(5->3')>   -0.11882
|3^ZCV0(5->4')>    0.12698
|3^ZCV0(5->5')>    0.06756
|3^ZCV0(5->12')>   -0.10415
|3^ZCV0(5->13')>    0.09494
|3^ZCV0(5->14')>    0.06987
|3^ZCV0(4->3')>   -0.10207
|3^ZCV0(4->4')>    0.09405
|3^ZCV0(4->5')>    0.05877
|3^ZCV0(4->12')>   -0.08000
|3^ZCV0(4->13')>    0.09313
|3^ZCV0(4->14')>    0.06619
|3^ZCV0(3->10')>    0.07100
|3^ZCV0(3->11')>    0.06990
|3^ZCV0(2->10')>    0.13356
|3^ZCV0(2->11')>    0.12871
|3^ZCV0(1->10')>   -0.13131
|3^ZCV0(1->11')>   -0.14686
|3^ZCV0'(49->10')>    0.06214
|3^ZCV0'(49->11')>    0.06574
|3^ZCV0'(48->10')>    0.08878
|3^ZCV0'(48->11')>    0.08150
|3^ZCV0'(47->7')>    0.07289
|3^ZCV0'(46->6')>   -0.07525
|3^ZCV0'(45->3')>    0.05298
|3^ZCV0'(45->10')>    0.05780
|3^ZCV0'(45->11')>    0.07580
|3^ZCV0'(43->3')>   -0.05609
|3^ZCV0'(43->4')>    0.06214
|3^ZCV0'(42->3')>    0.12194
|3^ZCV0'(42->4')>   -0.12981
|3^ZCV0'(42->5')>   -0.06868
|3^ZCV0'(42->12')>    0.10153
|3^ZCV0'(42->13')>   -0.09291
|3^ZCV0'(42->14')>   -0.06989
|3^ZCV0'(41->3')>    0.10489
|3^ZCV0'(41->4')>   -0.09743
|3^ZCV0'(41->5')>   -0.06062
|3^ZCV0'(41->12')>    0.07438
|3^ZCV0'(41->13')>   -0.09412
|3^ZCV0'(41->14')>   -0.06120
|3^ZCV0'(40->10')>   -0.06746
|3^ZCV0'(40->11')>   -0.06628
|3^ZCV0'(39->10')>   -0.12801
|3^ZCV0'(39->11')>   -0.12298
|3^ZCV0'(38->10')>    0.12542
|3^ZCV0'(38->11')>    0.14073
TDMs with Triplet 'Ground' state
TDMX:-0.029   TDMY:-0.213   TDMZ:-0.063   Oscillator Strength:0.00521   <S**2>: 2.000
--------------------------------------------------------------------
TDMs with Singlet 'Ground' state
TDMX:0.000   TDMY:0.000   TDMZ:0.000   Oscillator Strength:0.00000   <S**2>: 2.000
--------------------------------------------------------------------


State 103 4.249 eV 
Excitation    CI Coef
|5^CV(18->3')>    0.07778
|5^CV(17->4')>   -0.07594
|5^CV(14->3')>   -0.06369
|5^CV(13->4')>    0.07244
|5^CV(12->1')>   -0.07090
|5^CV(12->4')>   -0.16281
|5^CV(12->12')>   -0.05059
|5^CV(11->2')>   -0.06668
|5^CV(11->3')>    0.20084
|5^CV(11->13')>    0.07776
|5^CV(8->4')>   -0.19145
|5^CV(8->8')>    0.16544
|5^CV(8->10')>   -0.06587
|5^CV(8->12')>   -0.06061
|5^CV(8->14')>    0.06310
|5^CV(7->9')>    0.41082
|5^CV(7->11')>   -0.05242
|5^CV(6->4')>    0.06629
|5^CV(6->8')>    0.36524
|5^CV(5->9')>   -0.07723
|5^CV(5->11')>   -0.12176
|5^CV(4->4')>    0.12375
|5^CV(4->8')>    0.11091
|5^CV(4->10')>   -0.11335
|5^CV(3->3')>   -0.21048
|5^CV(3->13')>   -0.08840
|5^CV(2->2')>   -0.12686
|5^CV(2->3')>    0.19263
|5^CV(2->5')>    0.18783
|5^CV(2->13')>    0.28568
|5^CV(2->19')>   -0.06587
|5^CV(1->1')>    0.13509
|5^CV(1->4')>    0.18690
|5^CV(1->12')>    0.28351
|5^CV(1->14')>   -0.19622
|5^CV(1->20')>   -0.06323
TDMs with Triplet 'Ground' state
TDMX:0.000   TDMY:0.000   TDMZ:0.000   Oscillator Strength:0.00000   <S**2>: 6.000
--------------------------------------------------------------------
TDMs with Singlet 'Ground' state
TDMX:0.000   TDMY:0.000   TDMZ:0.000   Oscillator Strength:0.00000   <S**2>: 6.000
--------------------------------------------------------------------


State 104 4.250 eV 
Excitation    CI Coef
|5^CV(18->4')>   -0.07314
|5^CV(17->3')>    0.07281
|5^CV(14->4')>    0.05940
|5^CV(13->2')>    0.09202
|5^CV(13->3')>   -0.06858
|5^CV(12->3')>    0.15814
|5^CV(12->5')>    0.09149
|5^CV(12->13')>    0.05236
|5^CV(11->1')>   -0.08669
|5^CV(11->4')>   -0.18985
|5^CV(11->12')>   -0.07124
|5^CV(11->14')>    0.06247
|5^CV(10->6')>   -0.06621
|5^CV(9->7')>    0.06307
|5^CV(8->3')>    0.18173
|5^CV(8->9')>    0.16790
|5^CV(8->11')>   -0.05310
|5^CV(8->13')>    0.10579
|5^CV(7->8')>    0.41109
|5^CV(7->10')>   -0.06328
|5^CV(6->3')>   -0.06550
|5^CV(6->9')>    0.36493
|5^CV(5->8')>   -0.07870
|5^CV(5->10')>   -0.08646
|5^CV(4->3')>   -0.11575
|5^CV(4->9')>    0.11832
|5^CV(4->11')>   -0.08777
|5^CV(4->13')>   -0.06442
|5^CV(3->1')>   -0.07938
|5^CV(3->4')>    0.19865
|5^CV(3->12')>    0.07275
|5^CV(3->14')>   -0.08943
|5^CV(2->1')>   -0.12850
|5^CV(2->4')>   -0.21062
|5^CV(2->12')>   -0.26847
|5^CV(2->14')>    0.18579
|5^CV(2->20')>    0.05993
|5^CV(1->2')>    0.11995
|5^CV(1->3')>   -0.21656
|5^CV(1->5')>   -0.17703
|5^CV(1->13')>   -0.27084
|5^CV(1->19')>    0.06245
TDMs with Triplet 'Ground' state
TDMX:0.000   TDMY:0.000   TDMZ:0.000   Oscillator Strength:0.00000   <S**2>: 6.000
--------------------------------------------------------------------
TDMs with Singlet 'Ground' state
TDMX:0.000   TDMY:0.000   TDMZ:0.000   Oscillator Strength:0.00000   <S**2>: 6.000
--------------------------------------------------------------------


State 105 4.258 eV 
Excitation    CI Coef
|3^OS>   -0.11406
|3^CS(19->0)>    0.10179
|3^CS(18->0)>   -0.12924
|3^CS(17->0)>   -0.10080
|3^CS(14->0)>    0.15557
|3^CS(13->0)>    0.05043
|3^CS(20->0')>    0.07363
|3^CS(19->0')>    0.07468
|3^CS(18->0')>   -0.15035
|3^CS(17->0')>   -0.11210
|3^CS(13->0')>    0.12912
|3^CS(12->0')>   -0.11967
|3^CS(11->0')>    0.05404
|3^CS(8->0')>    0.10665
|3^CS(4->0')>   -0.05545
|3^CS(3->0')>    0.06106
|3^SV(0->2')>    0.08455
|3^SV(0->5')>   -0.08314
|3^SV(0->12')>   -0.08459
|3^SV(0->13')>    0.12151
|3^SV(0'->5')>   -0.14050
|3^SV(0'->12')>    0.09351
|3^SV(0'->13')>    0.05653
|3^SV(0'->14')>   -0.05847
|3X^CV(19->2')>    0.05049
|3X^CV(13->2')>   -0.09850
|3X^CV(13->5')>   -0.05030
|3X^CV(12->2')>   -0.08201
|3X^CV(12->5')>   -0.07116
|3X^CV(12->13')>    0.05044
|3X^CV(11->1')>    0.08075
|3X^CV(11->5')>   -0.06165
|3X^CV(11->13')>    0.06427
|3X^CV(10->6')>   -0.30478
|3X^CV(9->6')>    0.05146
|3X^CV(9->7')>    0.29592
|3X^CV(5->4')>   -0.05908
|3X^CV(4->5')>   -0.05688
|3X^CV(3->1')>    0.12319
|3X^CV(3->5')>   -0.07794
|3X^CV(2->10')>   -0.05485
|3X^CV(2->11')>   -0.05750
|3X^CV(1->4')>    0.05060
|3X^CV(1->10')>    0.05880
|3X^CV(1->11')>    0.06084
|3^ZCV0(13->1')>   -0.07849
|3^ZCV0(12->1')>   -0.08569
|3^ZCV0(11->1')>    0.05495
|3^ZCV0(11->2')>   -0.09720
|3^ZCV0(10->7')>   -0.15578
|3^ZCV0(9->6')>    0.16152
|3^ZCV0(5->3')>    0.05893
|3^ZCV0(3->2')>   -0.07791
|3^ZCV0(3->5')>   -0.06464
|3^ZCV0(2->11')>   -0.06226
|3^ZCV0(1->10')>    0.06184
|3^ZCV0'(50->1')>    0.05500
|3^ZCV0'(49->1')>    0.09824
|3^ZCV0'(48->2')>    0.07810
|3^ZCV0'(48->5')>    0.06520
|3^ZCV0'(47->7')>    0.15526
|3^ZCV0'(46->6')>   -0.16031
|3^ZCV0'(42->3')>   -0.05962
|3^ZCV0'(42->13')>    0.05198
|3^ZCV0'(41->12')>   -0.05560
|3^ZCV0'(40->2')>    0.06949
|3^ZCV0'(40->5')>    0.05855
|3^ZCV0'(39->11')>    0.06020
|3^ZCV0'(38->10')>   -0.05992
TDMs with Triplet 'Ground' state
TDMX:-0.097   TDMY:-0.279   TDMZ:-0.148   Oscillator Strength:0.01137   <S**2>: 2.000
--------------------------------------------------------------------
TDMs with Singlet 'Ground' state
TDMX:0.000   TDMY:0.000   TDMZ:0.000   Oscillator Strength:0.00000   <S**2>: 2.000
--------------------------------------------------------------------


State 106 4.273 eV 
Excitation    CI Coef
|3^CS(7->0)>    0.06637
|3^CS(6->0)>    0.05956
|3^CS(7->0')>   -0.07035
|3^CS(6->0')>   -0.06282
|3^SV(0->8')>   -0.06688
|3^SV(0->9')>   -0.06684
|3^SV(0'->8')>   -0.07222
|3^SV(0'->9')>   -0.07180
|3X^CV(12->8')>   -0.07033
|3X^CV(12->9')>   -0.07093
|3X^CV(11->8')>   -0.09595
|3X^CV(11->9')>   -0.09609
|3X^CV(8->3')>    0.06195
|3X^CV(8->4')>   -0.06120
|3X^CV(8->8')>   -0.07122
|3X^CV(8->9')>   -0.07648
|3X^CV(8->12')>   -0.05290
|3X^CV(7->2')>   -0.06254
|3X^CV(7->3')>    0.14931
|3X^CV(7->4')>   -0.14720
|3X^CV(7->5')>    0.06899
|3X^CV(7->12')>   -0.12167
|3X^CV(7->13')>    0.11642
|3X^CV(7->14')>    0.07944
|3X^CV(6->2')>   -0.05500
|3X^CV(6->3')>    0.13035
|3X^CV(6->4')>   -0.12846
|3X^CV(6->5')>    0.06094
|3X^CV(6->12')>   -0.10560
|3X^CV(6->13')>    0.10176
|3X^CV(6->14')>    0.06914
|3X^CV(3->8')>    0.07214
|3X^CV(3->9')>    0.07230
|3X^CV(2->8')>   -0.13006
|3X^CV(2->9')>   -0.13028
|3X^CV(1->8')>    0.13725
|3X^CV(1->9')>    0.13850
|3^ZCV0(12->8')>   -0.06756
|3^ZCV0(12->9')>   -0.06777
|3^ZCV0(11->8')>   -0.08139
|3^ZCV0(11->9')>   -0.08190
|3^ZCV0(8->3')>    0.05960
|3^ZCV0(8->4')>   -0.05892
|3^ZCV0(8->8')>   -0.06918
|3^ZCV0(8->9')>   -0.07336
|3^ZCV0(8->12')>   -0.05051
|3^ZCV0(7->2')>   -0.05215
|3^ZCV0(7->3')>    0.14539
|3^ZCV0(7->4')>   -0.14313
|3^ZCV0(7->5')>    0.06793
|3^ZCV0(7->12')>   -0.11588
|3^ZCV0(7->13')>    0.11436
|3^ZCV0(7->14')>    0.07973
|3^ZCV0(6->3')>    0.12704
|3^ZCV0(6->4')>   -0.12538
|3^ZCV0(6->5')>    0.05993
|3^ZCV0(6->12')>   -0.10070
|3^ZCV0(6->13')>    0.09990
|3^ZCV0(6->14')>    0.06958
|3^ZCV0(3->8')>    0.07382
|3^ZCV0(3->9')>    0.07416
|3^ZCV0(2->8')>   -0.13063
|3^ZCV0(2->9')>   -0.13123
|3^ZCV0(1->8')>    0.13816
|3^ZCV0(1->9')>    0.13897
|3^ZCV0'(49->8')>    0.06686
|3^ZCV0'(49->9')>    0.06709
|3^ZCV0'(48->8')>    0.08879
|3^ZCV0'(48->9')>    0.08917
|3^ZCV0'(45->3')>   -0.06042
|3^ZCV0'(45->4')>    0.05972
|3^ZCV0'(45->8')>    0.06519
|3^ZCV0'(45->9')>    0.06936
|3^ZCV0'(44->1')>    0.05289
|3^ZCV0'(44->2')>    0.05867
|3^ZCV0'(44->3')>   -0.14894
|3^ZCV0'(44->4')>    0.14664
|3^ZCV0'(44->5')>   -0.06856
|3^ZCV0'(44->12')>    0.11259
|3^ZCV0'(44->13')>   -0.11376
|3^ZCV0'(44->14')>   -0.07778
|3^ZCV0'(43->2')>    0.05146
|3^ZCV0'(43->3')>   -0.13024
|3^ZCV0'(43->4')>    0.12853
|3^ZCV0'(43->5')>   -0.06042
|3^ZCV0'(43->12')>    0.09776
|3^ZCV0'(43->13')>   -0.09941
|3^ZCV0'(43->14')>   -0.06800
|3^ZCV0'(40->8')>   -0.07010
|3^ZCV0'(40->9')>   -0.07044
|3^ZCV0'(39->8')>    0.12479
|3^ZCV0'(39->9')>    0.12533
|3^ZCV0'(38->8')>   -0.13198
|3^ZCV0'(38->9')>   -0.13270
TDMs with Triplet 'Ground' state
TDMX:-0.057   TDMY:0.080   TDMZ:0.085   Oscillator Strength:0.00177   <S**2>: 2.000
--------------------------------------------------------------------
TDMs with Singlet 'Ground' state
TDMX:0.000   TDMY:0.000   TDMZ:0.000   Oscillator Strength:0.00000   <S**2>: 2.000
--------------------------------------------------------------------


State 107 4.277 eV 
Excitation    CI Coef
|1^CS(10->0)>    0.21430
|1^CS(9->0)>   -0.21333
|1^CS(10->0')>    0.48224
|1^CS(9->0')>   -0.48072
|1^SV(0'->6')>   -0.05727
|1^SV(0'->7')>   -0.05484
|1S^CV(10->13')>   -0.05938
|1S^CV(10->14')>    0.05506
|1S^CV(9->13')>    0.05916
|1S^CV(9->14')>   -0.05495
|1T^CV(10->1')>    0.26117
|1T^CV(10->2')>   -0.08646
|1T^CV(10->5')>    0.06728
|1T^CV(10->12')>    0.07907
|1T^CV(10->14')>    0.13220
|1T^CV(9->1')>   -0.25927
|1T^CV(9->2')>    0.08635
|1T^CV(9->5')>   -0.06705
|1T^CV(9->12')>   -0.07849
|1T^CV(9->14')>   -0.13142
|1^ZCV0(10->1')>    0.14136
|1^ZCV0(10->2')>   -0.08045
|1^ZCV0(10->14')>    0.09149
|1^ZCV0(9->1')>   -0.14188
|1^ZCV0(9->2')>    0.07958
|1^ZCV0(9->14')>   -0.09167
|1^ZCV0'(10->1')>   -0.09746
|1^ZCV0'(10->2')>    0.06858
|1^ZCV0'(10->13')>   -0.06086
|1^ZCV0'(9->1')>    0.09795
|1^ZCV0'(9->2')>   -0.06749
|1^ZCV0'(9->13')>    0.06085
|1^CSD_(18,10)>    0.06647
|1^CSD_(18,9)>   -0.06629
|1^CSD_(14,10)>   -0.05555
|1^CSD_(14,9)>    0.05531
|1^CSD_(13,10)>    0.05331
|1^CSD_(13,9)>   -0.05313
|1^CSD_(12,10)>   -0.06730
|1^CSD_(12,9)>    0.06720
TDMs with Triplet 'Ground' state
TDMX:0.000   TDMY:0.000   TDMZ:0.000   Oscillator Strength:0.00000   <S**2>: 0.000
--------------------------------------------------------------------
TDMs with Singlet 'Ground' state
TDMX:-0.071   TDMY:-0.285   TDMZ:-0.170   Oscillator Strength:0.01209   <S**2>: 0.000
--------------------------------------------------------------------


State 108 4.288 eV 
Excitation    CI Coef
|5^CV(20->1')>   -0.05313
|5^CV(14->1')>    0.14532
|5^CV(14->10')>    0.07615
|5^CV(13->2')>   -0.12878
|5^CV(13->5')>   -0.09816
|5^CV(13->11')>    0.08682
|5^CV(12->2')>   -0.23783
|5^CV(12->5')>   -0.10778
|5^CV(12->11')>   -0.13793
|5^CV(11->1')>    0.21687
|5^CV(11->10')>   -0.16655
|5^CV(11->12')>   -0.08910
|5^CV(8->2')>    0.12329
|5^CV(8->3')>   -0.10152
|5^CV(8->5')>    0.09599
|5^CV(8->11')>   -0.16235
|5^CV(8->13')>    0.11179
|5^CV(6->3')>    0.13928
|5^CV(6->5')>   -0.08386
|5^CV(6->13')>   -0.11287
|5^CV(5->1')>   -0.11694
|5^CV(5->4')>    0.30279
|5^CV(5->12')>   -0.22599
|5^CV(5->14')>    0.16900
|5^CV(5->18')>    0.07220
|5^CV(4->2')>   -0.18417
|5^CV(4->3')>   -0.24721
|5^CV(4->5')>    0.11782
|5^CV(4->11')>    0.11785
|5^CV(4->13')>    0.17917
|5^CV(4->17')>    0.05171
|5^CV(3->1')>    0.16039
|5^CV(3->10')>    0.16640
|5^CV(3->12')>   -0.08475
|5^CV(3->14')>   -0.06668
|5^CV(2->10')>    0.30740
|5^CV(1->11')>   -0.31984
TDMs with Triplet 'Ground' state
TDMX:0.000   TDMY:0.000   TDMZ:0.000   Oscillator Strength:0.00000   <S**2>: 6.000
--------------------------------------------------------------------
TDMs with Singlet 'Ground' state
TDMX:0.000   TDMY:0.000   TDMZ:0.000   Oscillator Strength:0.00000   <S**2>: 6.000
--------------------------------------------------------------------


State 109 4.290 eV 
Excitation    CI Coef
|5^CV(16->11')>    0.05018
|5^CV(14->11')>   -0.09176
|5^CV(13->10')>   -0.09353
|5^CV(12->10')>    0.16533
|5^CV(11->11')>    0.20446
|5^CV(8->1')>    0.05560
|5^CV(8->4')>   -0.13069
|5^CV(8->10')>    0.17541
|5^CV(8->12')>    0.10321
|5^CV(8->14')>   -0.06870
|5^CV(7->3')>    0.05354
|5^CV(6->1')>   -0.06037
|5^CV(6->4')>    0.16792
|5^CV(6->12')>   -0.12498
|5^CV(6->14')>    0.08826
|5^CV(5->2')>    0.11669
|5^CV(5->3')>    0.35148
|5^CV(5->5')>   -0.19556
|5^CV(5->13')>   -0.27663
|5^CV(5->17')>   -0.07521
|5^CV(4->1')>    0.09749
|5^CV(4->4')>   -0.29169
|5^CV(4->10')>   -0.12426
|5^CV(4->12')>    0.22070
|5^CV(4->14')>   -0.16176
|5^CV(4->18')>   -0.06997
|5^CV(3->11')>   -0.19720
|5^CV(2->11')>   -0.37597
|5^CV(1->10')>    0.36044
TDMs with Triplet 'Ground' state
TDMX:0.000   TDMY:0.000   TDMZ:0.000   Oscillator Strength:0.00000   <S**2>: 6.000
--------------------------------------------------------------------
TDMs with Singlet 'Ground' state
TDMX:0.000   TDMY:0.000   TDMZ:0.000   Oscillator Strength:0.00000   <S**2>: 6.000
--------------------------------------------------------------------


State 110 4.295 eV 
Excitation    CI Coef
|5^CV(20->1')>   -0.08878
|5^CV(19->2')>    0.05407
|5^CV(18->1')>   -0.05854
|5^CV(14->1')>    0.25860
|5^CV(13->2')>   -0.18592
|5^CV(13->5')>   -0.17329
|5^CV(12->2')>   -0.40760
|5^CV(12->5')>   -0.15680
|5^CV(12->11')>    0.10248
|5^CV(11->1')>    0.34784
|5^CV(11->10')>    0.10520
|5^CV(11->12')>   -0.14519
|5^CV(11->14')>   -0.06604
|5^CV(10->6')>   -0.06621
|5^CV(9->7')>    0.06424
|5^CV(8->2')>    0.27818
|5^CV(8->3')>    0.07844
|5^CV(8->11')>    0.09334
|5^CV(6->2')>   -0.10146
|5^CV(6->3')>   -0.08729
|5^CV(6->13')>    0.05930
|5^CV(5->1')>    0.05123
|5^CV(5->4')>   -0.18954
|5^CV(5->12')>    0.14979
|5^CV(5->14')>   -0.09481
|5^CV(4->2')>   -0.11424
|5^CV(4->3')>    0.14793
|5^CV(4->5')>   -0.11498
|5^CV(4->13')>   -0.14441
|5^CV(3->1')>    0.25720
|5^CV(3->10')>   -0.09250
|5^CV(3->12')>   -0.11973
|5^CV(3->14')>   -0.14867
|5^CV(2->4')>   -0.05126
|5^CV(2->10')>   -0.18847
|5^CV(1->3')>   -0.05144
|5^CV(1->11')>    0.19684
TDMs with Triplet 'Ground' state
TDMX:0.000   TDMY:0.000   TDMZ:0.000   Oscillator Strength:0.00000   <S**2>: 6.000
--------------------------------------------------------------------
TDMs with Singlet 'Ground' state
TDMX:0.000   TDMY:0.000   TDMZ:0.000   Oscillator Strength:0.00000   <S**2>: 6.000
--------------------------------------------------------------------


State 111 4.313 eV 
Excitation    CI Coef
|5^CV(14->8')>    0.08689
|5^CV(13->9')>    0.09106
|5^CV(12->9')>   -0.16088
|5^CV(11->8')>   -0.19077
|5^CV(8->2')>   -0.05501
|5^CV(8->3')>    0.16164
|5^CV(8->5')>    0.06336
|5^CV(8->9')>   -0.17662
|5^CV(8->13')>    0.11856
|5^CV(7->1')>   -0.13447
|5^CV(7->4')>   -0.37928
|5^CV(7->12')>   -0.28020
|5^CV(7->14')>    0.20380
|5^CV(7->16')>   -0.07553
|5^CV(6->2')>   -0.10735
|5^CV(6->3')>    0.33388
|5^CV(6->5')>    0.15564
|5^CV(6->9')>    0.05364
|5^CV(6->13')>    0.25435
|5^CV(6->17')>   -0.06796
|5^CV(5->4')>    0.05978
|5^CV(4->3')>    0.11552
|5^CV(4->5')>    0.05650
|5^CV(4->9')>    0.10438
|5^CV(4->13')>    0.08637
|5^CV(3->8')>    0.18556
|5^CV(2->8')>   -0.33829
|5^CV(1->9')>    0.33926
TDMs with Triplet 'Ground' state
TDMX:0.000   TDMY:0.000   TDMZ:0.000   Oscillator Strength:0.00000   <S**2>: 6.000
--------------------------------------------------------------------
TDMs with Singlet 'Ground' state
TDMX:0.000   TDMY:0.000   TDMZ:0.000   Oscillator Strength:0.00000   <S**2>: 6.000
--------------------------------------------------------------------


State 112 4.313 eV 
Excitation    CI Coef
|5^CV(14->9')>   -0.08714
|5^CV(13->8')>   -0.09096
|5^CV(12->8')>    0.16029
|5^CV(11->9')>    0.19125
|5^CV(8->1')>    0.05386
|5^CV(8->4')>    0.15993
|5^CV(8->8')>    0.17063
|5^CV(8->12')>    0.11876
|5^CV(8->14')>   -0.08305
|5^CV(7->2')>    0.12394
|5^CV(7->3')>   -0.38504
|5^CV(7->5')>   -0.17432
|5^CV(7->13')>   -0.29005
|5^CV(7->17')>    0.07774
|5^CV(6->1')>    0.11849
|5^CV(6->4')>    0.32858
|5^CV(6->8')>   -0.06534
|5^CV(6->12')>    0.24424
|5^CV(6->14')>   -0.17907
|5^CV(6->16')>    0.06634
|5^CV(5->3')>    0.06009
|5^CV(4->4')>    0.11424
|5^CV(4->8')>   -0.10816
|5^CV(4->12')>    0.07999
|5^CV(4->14')>   -0.06064
|5^CV(3->9')>   -0.18556
|5^CV(2->9')>    0.33911
|5^CV(1->8')>   -0.33863
TDMs with Triplet 'Ground' state
TDMX:0.000   TDMY:0.000   TDMZ:0.000   Oscillator Strength:0.00000   <S**2>: 6.000
--------------------------------------------------------------------
TDMs with Singlet 'Ground' state
TDMX:0.000   TDMY:0.000   TDMZ:0.000   Oscillator Strength:0.00000   <S**2>: 6.000
--------------------------------------------------------------------


State 113 4.317 eV 
Excitation    CI Coef
|1^ZW->    0.09931
|1^ZW+>    0.06552
|1^CS(19->0)>   -0.06289
|1^CS(18->0)>   -0.12155
|1^CS(17->0)>    0.25145
|1^CS(13->0)>   -0.10088
|1^CS(12->0)>    0.12707
|1^CS(11->0)>   -0.12488
|1^CS(8->0)>    0.12025
|1^CS(4->0)>   -0.06510
|1^CS(3->0)>    0.08280
|1^CS(18->0')>    0.24993
|1^CS(17->0')>   -0.14611
|1^CS(14->0')>   -0.05735
|1^CS(12->0')>   -0.13462
|1^CS(11->0')>    0.18089
|1^CS(8->0')>    0.16423
|1^CS(6->0')>   -0.05106
|1^CS(4->0')>   -0.08224
|1^CS(3->0')>    0.22085
|1^SV(0->1')>   -0.07440
|1^SV(0->2')>   -0.11048
|1^SV(0->5')>   -0.07832
|1^SV(0->12')>    0.09569
|1^SV(0->13')>    0.22024
|1^SV(0'->1')>    0.08746
|1^SV(0'->2')>   -0.13092
|1^SV(0'->5')>   -0.28251
|1^SV(0'->14')>    0.19065
|1T^CV(18->5')>    0.05099
|1T^CV(17->13')>    0.07139
|1T^CV(14->1')>   -0.06313
|1T^CV(14->5')>   -0.05693
|1T^CV(14->13')>    0.05019
|1T^CV(13->2')>   -0.09835
|1T^CV(11->5')>   -0.10861
|1T^CV(11->13')>   -0.05610
|1T^CV(11->14')>    0.10055
|1T^CV(10->6')>   -0.07279
|1T^CV(10->7')>    0.05573
|1T^CV(9->6')>   -0.05795
|1T^CV(9->7')>    0.07052
|1T^CV(8->1')>    0.11299
|1T^CV(8->5')>    0.05753
|1T^CV(8->12')>    0.06912
|1T^CV(7->8')>    0.10822
|1T^CV(7->9')>   -0.09522
|1T^CV(6->8')>   -0.08011
|1T^CV(6->9')>    0.08870
|1T^CV(6->11')>   -0.06354
|1T^CV(5->10')>    0.11701
|1T^CV(5->11')>   -0.05532
|1T^CV(4->1')>   -0.06235
|1T^CV(4->11')>    0.09342
|1T^CV(3->1')>    0.07722
|1T^CV(3->2')>   -0.05854
|1T^CV(3->12')>    0.09504
|1T^CV(3->13')>    0.07766
|1T^CV(3->14')>    0.05495
|1T^CV(2->3')>   -0.12017
|1T^CV(2->4')>   -0.08894
|1T^CV(1->3')>   -0.08203
|1T^CV(1->4')>   -0.11640
|1^CSD_(11,11)>    0.05134
TDMs with Triplet 'Ground' state
TDMX:0.000   TDMY:0.000   TDMZ:0.000   Oscillator Strength:0.00000   <S**2>: 0.000
--------------------------------------------------------------------
TDMs with Singlet 'Ground' state
TDMX:0.031   TDMY:2.540   TDMZ:-0.171   Oscillator Strength:0.68576   <S**2>: 0.000
--------------------------------------------------------------------


State 114 4.318 eV 
Excitation    CI Coef
|3^CS(19->0)>    0.06146
|3^CS(18->0)>    0.18921
|3^CS(17->0)>   -0.29812
|3^CS(14->0)>   -0.10760
|3^CS(11->0)>    0.16078
|3^CS(8->0)>   -0.07751
|3^CS(4->0)>    0.05634
|3^CS(19->0')>   -0.07363
|3^CS(18->0')>   -0.28499
|3^CS(17->0')>    0.17132
|3^CS(13->0')>   -0.10661
|3^CS(12->0')>    0.15684
|3^CS(11->0')>   -0.14352
|3^CS(8->0')>   -0.05623
|3^CS(3->0')>   -0.16357
|3^SV(0->1')>   -0.09549
|3^SV(0->12')>    0.12192
|3^SV(0->13')>    0.08975
|3^SV(0->14')>   -0.15802
|3^SV(0->21')>   -0.05285
|3^SV(0'->1')>   -0.06952
|3^SV(0'->5')>    0.15027
|3^SV(0'->13')>    0.19207
|3^SV(0'->14')>   -0.08651
|3^SV(0'->20')>    0.06605
|3T^CV(11->2')>   -0.07603
|3X^CV(17->13')>   -0.06697
|3X^CV(11->5')>    0.05253
|3X^CV(11->13')>    0.09302
|3X^CV(11->14')>   -0.06476
|3X^CV(10->6')>    0.09705
|3X^CV(10->7')>   -0.06159
|3X^CV(9->6')>    0.06385
|3X^CV(9->7')>   -0.09402
|3X^CV(8->1')>   -0.07356
|3X^CV(8->9')>   -0.05536
|3X^CV(7->8')>   -0.13987
|3X^CV(6->9')>   -0.11707
|3X^CV(6->11')>    0.07142
|3X^CV(5->10')>   -0.12949
|3X^CV(4->9')>   -0.05256
|3X^CV(4->11')>   -0.10329
|3X^CV(3->12')>   -0.06739
|3X^CV(2->3')>    0.10616
|3X^CV(2->4')>    0.08721
|3X^CV(1->3')>    0.08128
|3X^CV(1->4')>    0.10204
|3^ZCV0(14->1')>    0.05390
|3^ZCV0(12->2')>   -0.06249
|3^ZCV0(11->14')>   -0.05236
|3^ZCV0(10->6')>   -0.05390
|3^ZCV0(9->7')>    0.05253
|3^ZCV0(8->2')>    0.07496
|3^ZCV0(7->9')>    0.06001
|3^ZCV0(5->11')>    0.06061
|3^ZCV0(3->12')>   -0.07479
|3^ZCV0(2->4')>    0.07958
|3^ZCV0(1->3')>    0.07831
|3^ZCV0'(49->2')>    0.05529
|3^ZCV0'(49->13')>    0.05515
|3^ZCV0'(48->14')>    0.07490
|3^ZCV0'(47->6')>    0.05790
|3^ZCV0'(46->7')>   -0.05642
|3^ZCV0'(45->1')>    0.05860
|3^ZCV0'(45->2')>   -0.07515
|3^ZCV0'(44->9')>   -0.06037
|3^ZCV0'(42->11')>   -0.06036
|3^ZCV0'(40->12')>    0.06152
|3^ZCV0'(39->4')>   -0.09043
|3^ZCV0'(38->3')>   -0.08879
TDMs with Triplet 'Ground' state
TDMX:0.064   TDMY:-3.000   TDMZ:0.374   Oscillator Strength:0.96714   <S**2>: 2.000
--------------------------------------------------------------------
TDMs with Singlet 'Ground' state
TDMX:0.000   TDMY:0.000   TDMZ:0.000   Oscillator Strength:0.00000   <S**2>: 2.000
--------------------------------------------------------------------


State 115 4.327 eV 
Excitation    CI Coef
|1^CS(18->0)>    0.07960
|1^CS(16->0)>   -0.21611
|1^CS(15->0)>    0.28168
|1^CS(12->0)>   -0.08105
|1^CS(17->0')>    0.06776
|1^CS(16->0')>   -0.20818
|1^CS(15->0')>    0.26003
|1^CS(14->0')>    0.05406
|1^SV(0->3')>    0.10929
|1^SV(0->4')>   -0.11133
|1^SV(0->13')>   -0.07415
|1^SV(0->17')>    0.07219
|1^SV(0->18')>    0.06364
|1^SV(0'->3')>    0.21232
|1^SV(0'->4')>   -0.21103
|1^SV(0'->12')>    0.07322
|1^SV(0'->17')>    0.05242
|1T^CV(18->3')>   -0.07877
|1T^CV(18->4')>    0.07827
|1T^CV(17->3')>   -0.05325
|1T^CV(17->4')>    0.05410
|1T^CV(16->13')>   -0.09198
|1T^CV(16->14')>   -0.07366
|1T^CV(15->13')>    0.11721
|1T^CV(15->14')>    0.09421
|1T^CV(11->3')>    0.10715
|1T^CV(11->4')>   -0.10605
|1T^CV(8->9')>   -0.06847
|1T^CV(8->10')>    0.08646
|1T^CV(8->11')>    0.07165
|1T^CV(7->8')>   -0.17698
|1T^CV(7->9')>   -0.12783
|1T^CV(6->8')>   -0.12660
|1T^CV(6->9')>   -0.16551
|1T^CV(6->10')>   -0.09004
|1T^CV(6->11')>   -0.07341
|1T^CV(5->8')>    0.05143
|1T^CV(5->10')>    0.17624
|1T^CV(5->11')>    0.22984
|1T^CV(4->10')>    0.18892
|1T^CV(4->11')>    0.15928
|1T^CV(2->12')>   -0.07703
|1T^CV(2->13')>    0.07614
|1T^CV(2->14')>    0.05123
|1T^CV(1->5')>   -0.05131
|1T^CV(1->12')>    0.08236
|1T^CV(1->13')>   -0.07925
|1T^CV(1->14')>   -0.05556
|1^ZCV0(15->14')>    0.05032
|1^ZCV0'(15->13')>   -0.05712
|1^CSD_(15,12)>   -0.05368
|1^SVD_(3',13')>   -0.05055
|1^SVD_(3',14')>    0.05028
|1^SVD_(4',13')>    0.05112
|1^SVD_(4',14')>   -0.05032
TDMs with Triplet 'Ground' state
TDMX:0.000   TDMY:0.000   TDMZ:0.000   Oscillator Strength:0.00000   <S**2>: 0.000
--------------------------------------------------------------------
TDMs with Singlet 'Ground' state
TDMX:-0.582   TDMY:-0.458   TDMZ:0.111   Oscillator Strength:0.05951   <S**2>: 0.000
--------------------------------------------------------------------


State 116 4.349 eV 
Excitation    CI Coef
|1^ZW->   -0.06986
|1^ZW+>    0.07164
|1^CS(19->0)>   -0.05241
|1^CS(18->0)>   -0.17491
|1^CS(16->0)>   -0.05678
|1^CS(15->0)>    0.06152
|1^CS(14->0)>   -0.09888
|1^CS(13->0)>   -0.11578
|1^CS(12->0)>    0.07880
|1^CS(11->0)>   -0.05302
|1^CS(3->0)>   -0.10671
|1^CS(17->0')>   -0.16463
|1^CS(15->0')>    0.06607
|1^CS(14->0')>   -0.09504
|1^CS(12->0')>    0.05236
|1^CS(8->0')>   -0.08675
|1^CS(4->0')>    0.05633
|1^SV(0->1')>    0.07679
|1^SV(0->2')>    0.06175
|1^SV(0->5')>    0.12821
|1^SV(0->12')>   -0.07651
|1^SV(0->13')>    0.14323
|1^SV(0->14')>   -0.13197
|1^SV(0->20')>    0.05917
|1^SV(0'->1')>    0.05825
|1^SV(0'->3')>    0.06331
|1^SV(0'->4')>   -0.06011
|1^SV(0'->5')>    0.29568
|1^SV(0'->12')>   -0.22213
|1^SV(0'->13')>   -0.09306
|1^SV(0'->14')>    0.05695
|1T^CV(20->2')>   -0.06098
|1T^CV(19->1')>   -0.05549
|1T^CV(18->5')>   -0.06457
|1T^CV(18->13')>   -0.05442
|1T^CV(17->14')>   -0.06379
|1T^CV(14->2')>    0.07147
|1T^CV(14->5')>    0.07335
|1T^CV(14->13')>   -0.05351
|1T^CV(14->14')>   -0.06140
|1T^CV(13->2')>    0.10315
|1T^CV(13->5')>    0.07537
|1T^CV(13->13')>   -0.06711
|1T^CV(12->2')>    0.08122
|1T^CV(11->1')>   -0.05712
|1T^CV(11->2')>    0.05744
|1T^CV(11->5')>    0.13713
|1T^CV(11->12')>   -0.07193
|1T^CV(11->13')>   -0.05103
|1T^CV(11->14')>    0.05579
|1T^CV(10->6')>    0.26074
|1T^CV(10->7')>   -0.08086
|1T^CV(9->6')>    0.08335
|1T^CV(9->7')>   -0.25393
|1T^CV(8->2')>   -0.09962
|1T^CV(8->8')>   -0.10380
|1T^CV(7->8')>   -0.06751
|1T^CV(7->9')>   -0.23683
|1T^CV(6->8')>   -0.19722
|1T^CV(6->9')>   -0.06088
|1T^CV(6->10')>    0.08164
|1T^CV(5->11')>   -0.12989
|1T^CV(4->2')>    0.06051
|1T^CV(4->8')>   -0.08246
|1T^CV(4->10')>   -0.09016
|1T^CV(3->2')>    0.05543
|1T^CV(3->5')>    0.08014
|1T^CV(3->12')>    0.07274
|1T^CV(3->13')>   -0.05021
|1T^CV(2->4')>   -0.10261
|1T^CV(1->3')>   -0.10337
|1^ZCV0(12->5')>    0.05509
|1^SVD_(5',13')>   -0.05846
|1^SVD_(5',14')>    0.05712
|1^SVD_(12',13')>    0.05052
TDMs with Triplet 'Ground' state
TDMX:0.000   TDMY:0.000   TDMZ:0.000   Oscillator Strength:0.00000   <S**2>: 0.000
--------------------------------------------------------------------
TDMs with Singlet 'Ground' state
TDMX:-0.268   TDMY:1.591   TDMZ:0.092   Oscillator Strength:0.27832   <S**2>: 0.000
--------------------------------------------------------------------


State 117 4.356 eV 
Excitation    CI Coef
|3^CS(18->0)>   -0.13294
|3^CS(17->0)>   -0.07723
|3^CS(15->0)>   -0.05866
|3^CS(14->0)>   -0.12945
|3^CS(13->0)>   -0.24836
|3^CS(11->0)>    0.12883
|3^CS(8->0)>    0.08050
|3^CS(3->0)>    0.07535
|3^CS(20->0')>   -0.06041
|3^CS(18->0')>   -0.07605
|3^CS(17->0')>   -0.13718
|3^CS(15->0')>   -0.05652
|3^CS(14->0')>   -0.16421
|3^CS(13->0')>   -0.18108
|3^CS(12->0')>   -0.07329
|3^CS(11->0')>    0.20348
|3^CS(8->0')>    0.08350
|3^CS(3->0')>    0.11880
|3^SV(0->1')>    0.10419
|3^SV(0->2')>    0.05373
|3^SV(0->12')>    0.05822
|3^SV(0->13')>   -0.16227
|3^SV(0->14')>   -0.12335
|3^SV(0->19')>    0.06214
|3^SV(0'->1')>   -0.06631
|3^SV(0'->5')>   -0.07539
|3^SV(0'->12')>   -0.06704
|3^SV(0'->13')>    0.17830
|3^SV(0'->14')>    0.17307
|3^SV(0'->19')>   -0.05700
|3T^CV(12->1')>   -0.07429
|3X^CV(18->13')>   -0.06217
|3X^CV(18->14')>   -0.05073
|3X^CV(15->3')>    0.05162
|3X^CV(15->4')>   -0.05232
|3X^CV(14->2')>   -0.06392
|3X^CV(14->5')>   -0.05009
|3X^CV(13->1')>   -0.13828
|3X^CV(12->1')>   -0.11653
|3X^CV(12->2')>   -0.07516
|3X^CV(11->2')>   -0.08896
|3X^CV(11->5')>   -0.05166
|3X^CV(11->13')>    0.09853
|3X^CV(11->14')>    0.07230
|3X^CV(10->6')>   -0.05904
|3X^CV(9->7')>    0.05753
|3X^CV(8->2')>    0.06622
|3X^CV(8->13')>    0.06634
|3X^CV(7->8')>   -0.06721
|3X^CV(7->9')>   -0.07750
|3X^CV(6->8')>   -0.06121
|3X^CV(6->9')>   -0.05319
|3X^CV(6->10')>    0.05815
|3X^CV(6->11')>    0.05394
|3X^CV(5->10')>   -0.10352
|3X^CV(5->11')>   -0.11579
|3X^CV(4->10')>   -0.08955
|3X^CV(4->11')>   -0.08465
|3X^CV(3->5')>   -0.08314
|3X^CV(2->4')>   -0.07180
|3X^CV(1->3')>   -0.07430
|3X^CV(1->4')>    0.05236
|3^ZCV0(14->2')>    0.05926
|3^ZCV0(13->1')>    0.12212
|3^ZCV0(12->1')>    0.05720
|3^ZCV0(12->2')>    0.05563
|3^ZCV0(11->2')>    0.08031
|3^ZCV0(8->2')>   -0.05885
|3^ZCV0(5->10')>    0.05223
|3^ZCV0(5->11')>    0.05769
|3^ZCV0(3->5')>    0.06942
|3^ZCV0'(55->13')>   -0.05096
|3^ZCV0'(51->2')>   -0.07685
|3^ZCV0'(50->1')>   -0.09433
|3^ZCV0'(49->1')>   -0.08162
|3^ZCV0'(49->2')>   -0.05583
|3^ZCV0'(48->2')>   -0.08641
|3^ZCV0'(48->13')>    0.06484
|3^ZCV0'(45->2')>    0.05125
|3^ZCV0'(45->13')>    0.05023
|3^ZCV0'(42->10')>   -0.05250
|3^ZCV0'(42->11')>   -0.05916
|3^ZCV0'(40->5')>   -0.07928
|3^ZCV0'(40->14')>   -0.05036
|3^SVD(13,14)>   -0.08372
TDMs with Triplet 'Ground' state
TDMX:-0.032   TDMY:0.884   TDMZ:0.013   Oscillator Strength:0.08346   <S**2>: 2.000
--------------------------------------------------------------------
TDMs with Singlet 'Ground' state
TDMX:0.000   TDMY:0.000   TDMZ:0.000   Oscillator Strength:0.00000   <S**2>: 2.000
--------------------------------------------------------------------


State 118 4.358 eV 
Excitation    CI Coef
|1^OS>    0.08064
|1^ZW+>    0.05765
|1^CS(20->0)>   -0.06050
|1^CS(18->0)>   -0.06846
|1^CS(17->0)>   -0.10262
|1^CS(14->0)>   -0.08364
|1^CS(12->0)>    0.26241
|1^CS(11->0)>    0.09368
|1^CS(8->0)>   -0.16639
|1^CS(4->0)>    0.07115
|1^CS(3->0)>   -0.07903
|1^CS(19->0')>   -0.06184
|1^CS(18->0')>   -0.09035
|1^CS(14->0')>   -0.15348
|1^CS(13->0')>   -0.14032
|1^CS(3->0')>   -0.14751
|1^SV(0->2')>   -0.09190
|1^SV(0->12')>    0.09956
|1^SV(0->13')>    0.14622
|1^SV(0->14')>    0.23724
|1^SV(0->19')>   -0.05423
|1^SV(0'->2')>   -0.14116
|1^SV(0'->5')>   -0.12873
|1^SV(0'->12')>   -0.10517
|1^SV(0'->13')>    0.20681
|1^SV(0'->14')>    0.07927
|1^SV(0'->20')>    0.05397
|1T^CV(19->1')>   -0.05228
|1T^CV(18->2')>    0.05626
|1T^CV(18->13')>   -0.05637
|1T^CV(15->4')>   -0.05671
|1T^CV(14->1')>    0.06975
|1T^CV(14->2')>   -0.05851
|1T^CV(13->1')>    0.08982
|1T^CV(13->2')>   -0.13439
|1T^CV(13->5')>   -0.10748
|1T^CV(13->14')>   -0.05647
|1T^CV(12->1')>    0.15592
|1T^CV(12->2')>   -0.15865
|1T^CV(12->5')>   -0.06108
|1T^CV(12->12')>   -0.09151
|1T^CV(11->1')>    0.11608
|1T^CV(11->2')>   -0.09992
|1T^CV(11->12')>   -0.09613
|1T^CV(11->13')>    0.08849
|1T^CV(10->6')>   -0.17158
|1T^CV(10->7')>   -0.17474
|1T^CV(9->6')>    0.18016
|1T^CV(9->7')>    0.16648
|1T^CV(8->1')>   -0.12978
|1T^CV(8->2')>    0.11645
|1T^CV(7->8')>   -0.12260
|1T^CV(7->9')>   -0.08861
|1T^CV(6->8')>   -0.07486
|1T^CV(6->9')>   -0.10534
|1T^CV(5->10')>   -0.05621
|1T^CV(4->1')>    0.06780
|1T^CV(4->2')>   -0.06186
|1T^CV(3->1')>    0.05016
|1T^CV(3->5')>   -0.05406
|1T^CV(3->12')>   -0.07464
|1T^CV(3->14')>   -0.09379
|1T^CV(2->3')>    0.08061
|1T^CV(1->4')>    0.08241
|1^ZCV0(12->14')>    0.06837
|1^ZCV0'(14->13')>    0.05559
|1^SVD_(13',13')>   -0.06970
TDMs with Triplet 'Ground' state
TDMX:0.000   TDMY:0.000   TDMZ:0.000   Oscillator Strength:0.00000   <S**2>: 0.000
--------------------------------------------------------------------
TDMs with Singlet 'Ground' state
TDMX:-0.154   TDMY:0.305   TDMZ:-0.296   Oscillator Strength:0.02184   <S**2>: 0.000
--------------------------------------------------------------------


State 119 4.380 eV 
Excitation    CI Coef
|5^CV(20->2')>   -0.09892
|5^CV(20->5')>   -0.08042
|5^CV(19->1')>   -0.06721
|5^CV(19->12')>    0.05213
|5^CV(18->2')>   -0.07951
|5^CV(17->1')>   -0.08414
|5^CV(14->2')>    0.32222
|5^CV(14->5')>    0.07043
|5^CV(13->1')>    0.41904
|5^CV(13->12')>   -0.06213
|5^CV(12->1')>    0.37575
|5^CV(12->12')>   -0.18324
|5^CV(12->14')>   -0.11065
|5^CV(11->2')>    0.39178
|5^CV(11->5')>    0.26962
|5^CV(10->7')>    0.06399
|5^CV(9->6')>   -0.06716
|5^CV(8->12')>    0.10759
|5^CV(8->14')>    0.13991
|5^CV(4->12')>   -0.06193
|5^CV(4->14')>   -0.09001
|5^CV(3->2')>    0.21903
|5^CV(3->5')>    0.32370
|5^CV(3->13')>   -0.15104
|5^CV(2->3')>    0.05586
|5^CV(1->4')>    0.05581
TDMs with Triplet 'Ground' state
TDMX:0.000   TDMY:0.000   TDMZ:0.000   Oscillator Strength:0.00000   <S**2>: 6.000
--------------------------------------------------------------------
TDMs with Singlet 'Ground' state
TDMX:0.000   TDMY:0.000   TDMZ:0.000   Oscillator Strength:0.00000   <S**2>: 6.000
--------------------------------------------------------------------


State 120 4.388 eV 
Excitation    CI Coef
|3^CS(16->0)>   -0.24782
|3^CS(15->0)>    0.31618
|3^CS(16->0')>   -0.24216
|3^CS(15->0')>    0.30929
|3^SV(0->3')>   -0.12685
|3^SV(0->4')>    0.12808
|3^SV(0->17')>   -0.07920
|3^SV(0->18')>   -0.06656
|3^SV(0'->3')>    0.17549
|3^SV(0'->4')>   -0.17555
|3^SV(0'->17')>    0.07162
|3^SV(0'->18')>    0.06081
|3S^CV(15->13')>    0.05315
|3X^CV(18->3')>   -0.07216
|3X^CV(18->4')>    0.07232
|3X^CV(17->3')>   -0.05080
|3X^CV(17->4')>    0.05087
|3X^CV(16->13')>   -0.08686
|3X^CV(16->14')>   -0.06926
|3X^CV(15->13')>    0.11085
|3X^CV(15->14')>    0.08856
|3X^CV(11->3')>    0.08393
|3X^CV(11->4')>   -0.08388
|3X^CV(8->8')>   -0.05335
|3X^CV(8->9')>   -0.05965
|3X^CV(8->10')>    0.05157
|3X^CV(7->8')>   -0.15662
|3X^CV(7->9')>   -0.14993
|3X^CV(6->8')>   -0.13971
|3X^CV(6->9')>   -0.14481
|3X^CV(5->10')>    0.11388
|3X^CV(5->11')>    0.12585
|3X^CV(4->10')>    0.10692
|3X^CV(4->11')>    0.10446
|3X^CV(2->12')>   -0.05825
|3X^CV(2->13')>    0.06153
|3X^CV(1->12')>    0.06180
|3X^CV(1->13')>   -0.06515
|3^ZCV0(16->14')>    0.05848
|3^ZCV0(15->14')>   -0.07459
|3^ZCV0(11->3')>   -0.05039
|3^ZCV0(11->4')>    0.05080
|3^ZCV0(7->8')>    0.06461
|3^ZCV0(7->9')>    0.06883
|3^ZCV0(6->8')>    0.06330
|3^ZCV0(6->9')>    0.05953
|3^ZCV0(5->10')>   -0.05496
|3^ZCV0(5->11')>   -0.05302
|3^ZCV0(4->11')>   -0.05034
|3^ZCV0(1->13')>    0.05023
|3^ZCV0'(53->13')>   -0.07109
|3^ZCV0'(52->13')>    0.09075
|3^ZCV0'(44->8')>   -0.06662
|3^ZCV0'(44->9')>   -0.07117
|3^ZCV0'(43->8')>   -0.06511
|3^ZCV0'(43->9')>   -0.06146
|3^ZCV0'(42->10')>    0.05563
|3^ZCV0'(42->11')>    0.05379
|3^ZCV0'(41->11')>    0.05063
|3^SVD(3,13)>    0.05450
|3^SVD(4,13)>   -0.05438
TDMs with Triplet 'Ground' state
TDMX:0.606   TDMY:-0.242   TDMZ:-0.045   Oscillator Strength:0.04600   <S**2>: 2.000
--------------------------------------------------------------------
TDMs with Singlet 'Ground' state
TDMX:0.000   TDMY:0.000   TDMZ:0.000   Oscillator Strength:0.00000   <S**2>: 2.000
--------------------------------------------------------------------


State 121 4.407 eV 
Excitation    CI Coef
|3^CS(18->0)>   -0.06047
|3^CS(14->0)>   -0.11194
|3^CS(13->0)>   -0.08871
|3^CS(11->0)>   -0.10170
|3^CS(3->0)>   -0.20939
|3^CS(17->0')>   -0.07647
|3^CS(12->0')>    0.19670
|3^CS(8->0')>   -0.14649
|3^CS(4->0')>    0.09782
|3^SV(0->1')>    0.21017
|3^SV(0->2')>    0.11272
|3^SV(0->5')>   -0.30209
|3^SV(0->12')>    0.12779
|3^SV(0->13')>    0.07430
|3^SV(0->14')>    0.07229
|3^SV(0'->1')>    0.24760
|3^SV(0'->2')>    0.17982
|3^SV(0'->5')>   -0.10143
|3^SV(0'->13')>    0.07985
|3^SV(0'->14')>    0.06587
|3T^CV(11->1')>   -0.10565
|3T^CV(3->1')>   -0.06017
|3X^CV(14->1')>   -0.10437
|3X^CV(13->1')>   -0.09680
|3X^CV(13->2')>    0.05992
|3X^CV(12->1')>   -0.11449
|3X^CV(12->2')>    0.12367
|3X^CV(12->12')>    0.07751
|3X^CV(12->14')>    0.06637
|3X^CV(11->1')>   -0.07957
|3X^CV(11->5')>   -0.08293
|3X^CV(11->12')>    0.05703
|3X^CV(11->14')>    0.08199
|3X^CV(10->6')>    0.08533
|3X^CV(10->7')>   -0.08908
|3X^CV(9->6')>    0.09211
|3X^CV(9->7')>   -0.08322
|3X^CV(8->1')>    0.08355
|3X^CV(8->2')>   -0.09310
|3X^CV(4->2')>    0.05863
|3X^CV(3->1')>   -0.11390
|3X^CV(3->5')>   -0.05408
|3X^CV(3->12')>    0.10219
|3X^CV(2->4')>   -0.05413
|3X^CV(1->3')>   -0.05516
|3^ZCV0(19->1')>    0.06017
|3^ZCV0(14->2')>   -0.07337
|3^ZCV0(13->1')>   -0.12998
|3^ZCV0(12->1')>   -0.11948
|3^ZCV0(12->12')>    0.06326
|3^ZCV0(11->5')>   -0.10756
|3^ZCV0(11->12')>    0.05799
|3^ZCV0(10->6')>   -0.06566
|3^ZCV0(9->7')>    0.06351
|3^ZCV0(8->1')>    0.05041
|3^ZCV0(3->1')>   -0.06730
|3^ZCV0(3->5')>   -0.09848
|3^ZCV0'(51->2')>    0.07040
|3^ZCV0'(50->1')>    0.14581
|3^ZCV0'(49->1')>    0.11307
|3^ZCV0'(49->12')>   -0.06623
|3^ZCV0'(49->14')>   -0.05360
|3^ZCV0'(48->5')>    0.12723
|3^ZCV0'(48->12')>   -0.05324
|3^ZCV0'(48->13')>   -0.05474
|3^ZCV0'(48->14')>   -0.05112
|3^ZCV0'(47->6')>    0.05527
|3^ZCV0'(46->7')>   -0.05343
|3^ZCV0'(45->1')>   -0.05367
|3^ZCV0'(40->1')>    0.09679
|3^ZCV0'(40->5')>    0.08564
|3^ZCV0'(40->13')>   -0.05216
TDMs with Triplet 'Ground' state
TDMX:0.067   TDMY:0.486   TDMZ:-0.344   Oscillator Strength:0.03879   <S**2>: 2.000
--------------------------------------------------------------------
TDMs with Singlet 'Ground' state
TDMX:0.000   TDMY:0.000   TDMZ:0.000   Oscillator Strength:0.00000   <S**2>: 2.000
--------------------------------------------------------------------


State 122 4.417 eV 
Excitation    CI Coef
|1^OS>   -0.13672
|1^ZW+>   -0.13164
|1^CS(20->0)>   -0.06145
|1^CS(17->0)>    0.14780
|1^CS(12->0)>    0.05773
|1^CS(11->0)>   -0.22724
|1^CS(8->0)>   -0.22440
|1^CS(6->0)>    0.09797
|1^CS(5->0)>    0.08075
|1^CS(4->0)>    0.07287
|1^CS(3->0)>   -0.26750
|1^CS(19->0')>   -0.09212
|1^CS(18->0')>    0.20183
|1^CS(17->0')>   -0.06708
|1^CS(13->0')>    0.11521
|1^CS(8->0')>   -0.18348
|1^CS(6->0')>    0.08041
|1^CS(5->0')>    0.05298
|1^CS(4->0')>    0.06711
|1^CS(3->0')>   -0.16203
|1^SV(0->1')>   -0.08418
|1^SV(0->5')>    0.16254
|1^SV(0->12')>    0.06937
|1^SV(0->13')>   -0.06177
|1^SV(0->14')>   -0.14706
|1^SV(0->19')>    0.06346
|1^SV(0->20')>   -0.08811
|1^SV(0'->1')>    0.12949
|1^SV(0'->5')>   -0.11947
|1^SV(0'->12')>   -0.09180
|1^SV(0'->13')>   -0.14602
|1^SV(0'->14')>   -0.06717
|1^SV(0'->21')>   -0.05780
|1T^CV(17->1')>   -0.05448
|1T^CV(13->2')>    0.10325
|1T^CV(11->5')>   -0.06682
|1T^CV(11->13')>   -0.11358
|1T^CV(11->14')>   -0.05952
|1T^CV(10->6')>   -0.15414
|1T^CV(10->7')>   -0.16771
|1T^CV(9->6')>    0.17274
|1T^CV(9->7')>    0.14927
|1T^CV(8->1')>   -0.05049
|1T^CV(8->5')>   -0.09206
|1T^CV(8->14')>   -0.07521
|1T^CV(7->8')>    0.06964
|1T^CV(6->9')>    0.05639
|1T^CV(5->10')>    0.06310
|1T^CV(4->11')>    0.05058
|1T^CV(3->1')>   -0.17736
|1T^CV(3->12')>   -0.06873
|1T^CV(3->14')>   -0.09746
|1T^CV(2->3')>   -0.10843
|1T^CV(1->4')>   -0.10868
|1^ZCV0(12->1')>    0.05070
|1^ZCV0(11->2')>   -0.05718
|1^ZCV0(8->1')>   -0.08657
|1^ZCV0(8->14')>   -0.05380
|1^ZCV0(3->14')>   -0.05620
|1^ZCV0'(11->2')>    0.06261
|1^ZCV0'(11->5')>    0.05216
|1^CSD_(12,3)>    0.05043
TDMs with Triplet 'Ground' state
TDMX:0.000   TDMY:0.000   TDMZ:0.000   Oscillator Strength:0.00000   <S**2>: 0.000
--------------------------------------------------------------------
TDMs with Singlet 'Ground' state
TDMX:0.028   TDMY:2.213   TDMZ:-0.564   Oscillator Strength:0.56441   <S**2>: 0.000
--------------------------------------------------------------------


State 123 4.436 eV 
Excitation    CI Coef
|3^OS>    0.13361
|3^CS(19->0)>    0.05287
|3^CS(18->0)>    0.25610
|3^CS(12->0)>   -0.21747
|3^CS(11->0)>    0.11727
|3^CS(8->0)>    0.15131
|3^CS(4->0)>   -0.11255
|3^CS(3->0)>    0.14313
|3^CS(17->0')>    0.24644
|3^CS(14->0')>    0.12928
|3^CS(13->0')>   -0.05176
|3^CS(12->0')>    0.07042
|3^CS(11->0')>   -0.11910
|3^CS(8->0')>    0.06044
|3^CS(4->0')>   -0.05686
|3^CS(3->0')>    0.13068
|3^SV(0->1')>    0.11826
|3^SV(0->2')>    0.19118
|3^SV(0->5')>    0.10900
|3^SV(0->13')>    0.11353
|3^SV(0->14')>   -0.07076
|3^SV(0'->1')>    0.05617
|3^SV(0'->2')>    0.06021
|3^SV(0'->5')>   -0.21245
|3^SV(0'->12')>    0.18485
|3^SV(0'->13')>    0.14211
|3T^CV(11->2')>   -0.06019
|3X^CV(19->1')>    0.06121
|3X^CV(18->13')>    0.05833
|3X^CV(17->14')>    0.05532
|3X^CV(14->2')>   -0.07958
|3X^CV(14->14')>    0.06142
|3X^CV(13->1')>   -0.13838
|3X^CV(13->2')>   -0.09611
|3X^CV(13->5')>   -0.06517
|3X^CV(13->13')>    0.05175
|3X^CV(12->1')>   -0.07748
|3X^CV(12->2')>   -0.05349
|3X^CV(12->5')>   -0.05167
|3X^CV(12->12')>    0.05084
|3X^CV(11->5')>   -0.10615
|3X^CV(11->12')>    0.08216
|3X^CV(11->13')>    0.06639
|3X^CV(10->7')>    0.06553
|3X^CV(9->6')>   -0.06704
|3X^CV(8->2')>    0.08256
|3X^CV(7->8')>    0.05373
|3X^CV(7->9')>    0.08985
|3X^CV(6->8')>    0.07410
|3X^CV(5->11')>    0.06669
|3X^CV(3->5')>   -0.08559
|3X^CV(3->13')>    0.07141
|3X^CV(3->14')>    0.05152
|3X^CV(2->4')>    0.08928
|3X^CV(1->3')>    0.08869
|3^ZCV0(14->1')>   -0.07778
|3^ZCV0(13->2')>    0.05804
|3^ZCV0(13->5')>    0.06337
|3^ZCV0(12->2')>    0.09706
|3^ZCV0(11->1')>   -0.08928
|3^ZCV0(10->6')>    0.08129
|3^ZCV0(9->7')>   -0.07886
|3^ZCV0(8->2')>   -0.08274
|3^ZCV0(4->2')>    0.05128
|3^ZCV0(3->1')>   -0.07893
|3^ZCV0(3->12')>    0.05369
|3^ZCV0'(51->1')>    0.06609
|3^ZCV0'(49->2')>   -0.10886
|3^ZCV0'(48->1')>    0.07090
|3^ZCV0'(47->6')>   -0.08798
|3^ZCV0'(46->7')>    0.08537
|3^ZCV0'(45->2')>    0.07531
|3^ZCV0'(40->1')>    0.06569
|3^ZCV0'(40->13')>    0.05567
|3^SVD(5,13)>   -0.05148
TDMs with Triplet 'Ground' state
TDMX:-0.188   TDMY:-1.674   TDMZ:-0.060   Oscillator Strength:0.30878   <S**2>: 2.000
--------------------------------------------------------------------
TDMs with Singlet 'Ground' state
TDMX:0.000   TDMY:0.000   TDMZ:0.000   Oscillator Strength:0.00000   <S**2>: 2.000
--------------------------------------------------------------------


State 124 4.443 eV 
Excitation    CI Coef
|1^CS(16->0)>    0.06743
|1^CS(15->0)>    0.05401
|1^CS(7->0)>    0.06716
|1^CS(6->0)>   -0.25446
|1^CS(5->0)>   -0.35360
|1^CS(4->0)>    0.26064
|1^CS(3->0)>   -0.06094
|1^CS(2->0)>    0.17313
|1^CS(1->0)>    0.16329
|1^CS(7->0')>    0.05844
|1^CS(6->0')>   -0.20435
|1^CS(5->0')>   -0.28769
|1^CS(4->0')>    0.21717
|1^CS(3->0')>   -0.05101
|1^CS(2->0')>    0.15662
|1^CS(1->0')>    0.14806
|1^SV(0->3')>    0.09868
|1^SV(0->4')>    0.09443
|1S^CV(5->13')>    0.05026
|1S^CV(5->14')>   -0.05125
|1T^CV(8->3')>   -0.06780
|1T^CV(8->4')>   -0.06834
|1T^CV(6->1')>   -0.08989
|1T^CV(6->12')>   -0.06635
|1T^CV(6->13')>   -0.11061
|1T^CV(5->1')>   -0.12368
|1T^CV(5->2')>    0.05163
|1T^CV(5->3')>    0.07278
|1T^CV(5->4')>    0.07727
|1T^CV(5->5')>   -0.05939
|1T^CV(5->12')>   -0.08890
|1T^CV(5->13')>   -0.15110
|1T^CV(4->1')>    0.09209
|1T^CV(4->3')>   -0.06035
|1T^CV(4->4')>   -0.06287
|1T^CV(4->12')>    0.05954
|1T^CV(4->13')>    0.10329
|1T^CV(2->1')>    0.06476
|1T^CV(2->13')>    0.07652
|1T^CV(1->1')>    0.06119
|1T^CV(1->13')>    0.07201
|1^ZCV0(6->1')>   -0.05676
|1^ZCV0(5->1')>   -0.08195
|1^ZCV0(4->1')>    0.06464
|1^ZCV0'(6->13')>    0.07020
|1^ZCV0'(5->13')>    0.09821
|1^ZCV0'(4->13')>   -0.07061
|1^CSD_(18,5)>   -0.06374
|1^CSD_(12,5)>    0.07110
|1^CSD_(12,4)>   -0.05174
TDMs with Triplet 'Ground' state
TDMX:0.000   TDMY:0.000   TDMZ:0.000   Oscillator Strength:0.00000   <S**2>: 0.000
--------------------------------------------------------------------
TDMs with Singlet 'Ground' state
TDMX:-0.295   TDMY:0.348   TDMZ:0.317   Oscillator Strength:0.03362   <S**2>: 0.000
--------------------------------------------------------------------


State 125 4.454 eV 
Excitation    CI Coef
|1^CS(8->0)>    0.20438
|1^CS(7->0)>   -0.37091
|1^CS(6->0)>    0.21660
|1^CS(5->0)>   -0.12563
|1^CS(4->0)>    0.26562
|1^CS(2->0)>   -0.10092
|1^CS(1->0)>   -0.09559
|1^CS(16->0')>    0.05440
|1^CS(8->0')>    0.17223
|1^CS(7->0')>   -0.30709
|1^CS(6->0')>    0.18006
|1^CS(5->0')>   -0.10874
|1^CS(4->0')>    0.22240
|1^CS(2->0')>   -0.10800
|1^CS(1->0')>   -0.10144
|1^SV(0->3')>   -0.05979
|1^SV(0->4')>   -0.05893
|1^SV(0->8')>   -0.05144
|1S^CV(7->13')>    0.05249
|1S^CV(7->14')>   -0.05382
|1T^CV(8->1')>    0.06885
|1T^CV(8->12')>    0.05976
|1T^CV(8->13')>    0.09173
|1T^CV(7->1')>   -0.13437
|1T^CV(7->2')>    0.05547
|1T^CV(7->3')>   -0.07286
|1T^CV(7->4')>   -0.07308
|1T^CV(7->5')>   -0.05668
|1T^CV(7->12')>   -0.09177
|1T^CV(7->13')>   -0.15531
|1T^CV(7->20')>   -0.05097
|1T^CV(6->1')>    0.07708
|1T^CV(6->3')>    0.08255
|1T^CV(6->4')>    0.08157
|1T^CV(6->13')>    0.08801
|1T^CV(5->4')>    0.05243
|1T^CV(5->13')>   -0.05450
|1T^CV(4->1')>    0.09340
|1T^CV(4->12')>    0.05827
|1T^CV(4->13')>    0.10839
|1^ZCV0(7->1')>   -0.08769
|1^ZCV0(7->14')>   -0.05231
|1^ZCV0(6->1')>    0.05093
|1^ZCV0(4->1')>    0.06291
|1^ZCV0'(8->13')>   -0.05642
|1^ZCV0'(7->13')>    0.10202
|1^ZCV0'(6->13')>   -0.05965
|1^ZCV0'(4->13')>   -0.07290
|1^CSD_(18,7)>   -0.06672
|1^CSD_(12,7)>    0.07604
|1^CSD_(12,4)>   -0.05179
TDMs with Triplet 'Ground' state
TDMX:0.000   TDMY:0.000   TDMZ:0.000   Oscillator Strength:0.00000   <S**2>: 0.000
--------------------------------------------------------------------
TDMs with Singlet 'Ground' state
TDMX:0.154   TDMY:-0.096   TDMZ:-0.220   Oscillator Strength:0.00888   <S**2>: 0.000
--------------------------------------------------------------------


State 126 4.460 eV 
Excitation    CI Coef
|1^CS(16->0)>   -0.11043
|1^CS(15->0)>   -0.08716
|1^CS(7->0)>    0.17102
|1^CS(6->0)>   -0.22354
|1^CS(5->0)>   -0.15448
|1^CS(2->0)>   -0.29727
|1^CS(1->0)>   -0.28201
|1^CS(16->0')>    0.12294
|1^CS(15->0')>    0.09554
|1^CS(7->0')>    0.14910
|1^CS(6->0')>   -0.19349
|1^CS(5->0')>   -0.13456
|1^CS(2->0')>   -0.29873
|1^CS(1->0')>   -0.28199
|1^SV(0->3')>   -0.17918
|1^SV(0->4')>   -0.17657
|1^SV(0'->3')>    0.07284
|1^SV(0'->4')>    0.06999
|1^SV(0'->17')>    0.05731
|1T^CV(17->3')>   -0.05423
|1T^CV(17->4')>   -0.05404
|1T^CV(12->3')>    0.07611
|1T^CV(12->4')>    0.07630
|1T^CV(7->1')>    0.05987
|1T^CV(7->13')>    0.07030
|1T^CV(6->1')>   -0.07638
|1T^CV(6->12')>   -0.05115
|1T^CV(6->13')>   -0.09319
|1T^CV(5->1')>   -0.05150
|1T^CV(5->13')>   -0.06544
|1T^CV(2->1')>   -0.11169
|1T^CV(2->5')>   -0.05314
|1T^CV(2->12')>   -0.08510
|1T^CV(2->13')>   -0.13712
|1T^CV(1->1')>   -0.10528
|1T^CV(1->5')>   -0.05058
|1T^CV(1->12')>   -0.07973
|1T^CV(1->13')>   -0.12979
|1^ZCV0(6->1')>   -0.05191
|1^ZCV0(2->1')>   -0.06822
|1^ZCV0(2->14')>   -0.06032
|1^ZCV0(1->1')>   -0.06432
|1^ZCV0(1->14')>   -0.05723
|1^ZCV0'(6->13')>    0.06077
|1^ZCV0'(2->13')>    0.06767
|1^ZCV0'(1->13')>    0.06414
|1^CSD_(12,2)>    0.07071
|1^CSD_(12,1)>    0.06728
TDMs with Triplet 'Ground' state
TDMX:0.000   TDMY:0.000   TDMZ:0.000   Oscillator Strength:0.00000   <S**2>: 0.000
--------------------------------------------------------------------
TDMs with Singlet 'Ground' state
TDMX:0.752   TDMY:0.244   TDMZ:0.456   Oscillator Strength:0.09109   <S**2>: 0.000
--------------------------------------------------------------------


State 127 4.462 eV 
Excitation    CI Coef
|3^CS(10->0)>    0.22507
|3^CS(9->0)>   -0.22210
|3^CS(6->0)>   -0.05558
|3^CS(5->0)>   -0.08673
|3^CS(4->0)>    0.05749
|3^CS(2->0)>    0.29336
|3^CS(1->0)>    0.27785
|3^CS(10->0')>    0.24850
|3^CS(9->0')>   -0.24707
|3^CS(6->0')>   -0.05121
|3^CS(5->0')>   -0.07519
|3^CS(2->0')>    0.27805
|3^CS(1->0')>    0.26339
|3^SV(0'->3')>   -0.07953
|3^SV(0'->4')>   -0.08132
|3^SV(0'->6')>    0.06988
|3^SV(0'->7')>    0.06949
|3T^CV(10->1')>    0.11036
|3T^CV(9->1')>   -0.11308
|3T^CV(2->1')>    0.07392
|3T^CV(2->13')>    0.05301
|3T^CV(1->1')>    0.07005
|3T^CV(1->13')>    0.05007
|3S^CV(2->13')>    0.05363
|3S^CV(1->13')>    0.05081
|3X^CV(10->2')>    0.06808
|3X^CV(10->13')>    0.08730
|3X^CV(9->2')>   -0.06491
|3X^CV(9->13')>   -0.08586
|3X^CV(2->1')>    0.06792
|3X^CV(2->14')>    0.09796
|3X^CV(1->1')>    0.06445
|3X^CV(1->14')>    0.09226
|3^ZCV0(10->2')>   -0.05168
|3^ZCV0(2->1')>   -0.05083
|3^ZCV0(2->13')>    0.06465
|3^ZCV0(2->14')>   -0.10739
|3^ZCV0(1->13')>    0.06134
|3^ZCV0(1->14')>   -0.10139
|3^ZCV0'(47->2')>    0.05830
|3^ZCV0'(47->13')>    0.08301
|3^ZCV0'(46->2')>   -0.05630
|3^ZCV0'(46->13')>   -0.08202
|3^ZCV0'(40->3')>    0.05191
|3^ZCV0'(40->4')>    0.05178
TDMs with Triplet 'Ground' state
TDMX:-0.228   TDMY:0.004   TDMZ:-0.056   Oscillator Strength:0.00603   <S**2>: 2.000
--------------------------------------------------------------------
TDMs with Singlet 'Ground' state
TDMX:0.000   TDMY:0.000   TDMZ:0.000   Oscillator Strength:0.00000   <S**2>: 2.000
--------------------------------------------------------------------


State 128 4.476 eV 
Excitation    CI Coef
|3^CS(19->0)>    0.09709
|3^CS(10->0)>   -0.23927
|3^CS(9->0)>    0.23640
|3^CS(5->0)>   -0.10090
|3^CS(4->0)>    0.10689
|3^CS(3->0)>   -0.08369
|3^CS(2->0)>    0.18200
|3^CS(1->0)>    0.17166
|3^CS(20->0')>    0.08225
|3^CS(14->0')>    0.10523
|3^CS(10->0')>   -0.26023
|3^CS(9->0')>    0.25319
|3^CS(5->0')>   -0.09224
|3^CS(4->0')>    0.10966
|3^CS(2->0')>    0.17465
|3^CS(1->0')>    0.16489
|3^SV(0->2')>   -0.05944
|3^SV(0'->3')>   -0.06856
|3^SV(0'->4')>   -0.06100
|3^SV(0'->5')>   -0.09403
|3^SV(0'->6')>   -0.06983
|3^SV(0'->7')>   -0.06691
|3T^CV(10->1')>   -0.11694
|3T^CV(9->1')>    0.11563
|3X^CV(20->2')>    0.05170
|3X^CV(19->1')>    0.06704
|3X^CV(13->1')>   -0.07647
|3X^CV(11->2')>   -0.05883
|3X^CV(11->5')>   -0.10297
|3X^CV(10->2')>   -0.06923
|3X^CV(10->13')>   -0.08357
|3X^CV(9->2')>    0.06255
|3X^CV(9->13')>    0.08389
|3X^CV(3->1')>   -0.05948
|3X^CV(3->5')>   -0.09399
|3X^CV(2->14')>    0.06625
|3X^CV(1->14')>    0.06319
|3^ZCV0(14->2')>    0.06092
|3^ZCV0(13->1')>    0.08478
|3^ZCV0(12->1')>    0.09756
|3^ZCV0(11->2')>    0.08699
|3^ZCV0(11->5')>    0.06171
|3^ZCV0(10->2')>    0.05044
|3^ZCV0(3->2')>    0.07999
|3^ZCV0(3->5')>    0.05606
|3^ZCV0(2->14')>   -0.06978
|3^ZCV0(1->14')>   -0.06618
|3^ZCV0'(51->2')>   -0.05049
|3^ZCV0'(50->1')>   -0.08748
|3^ZCV0'(49->1')>   -0.09801
|3^ZCV0'(48->2')>   -0.08632
|3^ZCV0'(48->5')>   -0.05127
|3^ZCV0'(47->2')>   -0.05808
|3^ZCV0'(47->13')>   -0.07876
|3^ZCV0'(46->2')>    0.05145
|3^ZCV0'(46->13')>    0.07761
|3^ZCV0'(40->2')>   -0.08357
|3^ZCV0'(40->5')>   -0.06031
TDMs with Triplet 'Ground' state
TDMX:-0.123   TDMY:-0.041   TDMZ:0.013   Oscillator Strength:0.00185   <S**2>: 2.000
--------------------------------------------------------------------
TDMs with Singlet 'Ground' state
TDMX:0.000   TDMY:0.000   TDMZ:0.000   Oscillator Strength:0.00000   <S**2>: 2.000
--------------------------------------------------------------------


State 129 4.482 eV 
Excitation    CI Coef
|3^CS(20->0)>    0.06970
|3^CS(19->0)>    0.16366
|3^CS(10->0)>    0.16168
|3^CS(9->0)>   -0.16567
|3^CS(8->0)>   -0.07768
|3^CS(6->0)>    0.07174
|3^CS(5->0)>    0.06154
|3^CS(3->0)>   -0.14989
|3^CS(2->0)>   -0.09855
|3^CS(1->0)>   -0.09303
|3^CS(20->0')>    0.11953
|3^CS(19->0')>    0.09410
|3^CS(14->0')>    0.13084
|3^CS(11->0')>    0.07807
|3^CS(10->0')>    0.17438
|3^CS(9->0')>   -0.19049
|3^CS(8->0')>   -0.09610
|3^CS(6->0')>    0.07223
|3^CS(3->0')>   -0.08847
|3^CS(2->0')>   -0.09526
|3^CS(1->0')>   -0.08900
|3^SV(0->1')>    0.06577
|3^SV(0->2')>   -0.13364
|3^SV(0->5')>   -0.07051
|3^SV(0->14')>    0.05125
|3^SV(0->15')>    0.05499
|3^SV(0'->2')>    0.06988
|3^SV(0'->5')>   -0.11633
|3^SV(0'->6')>    0.06093
|3^SV(0'->7')>    0.06325
|3T^CV(10->1')>    0.07218
|3T^CV(9->1')>   -0.08288
|3X^CV(20->1')>    0.06105
|3X^CV(20->2')>    0.07381
|3X^CV(19->1')>    0.10407
|3X^CV(14->2')>   -0.05341
|3X^CV(14->5')>   -0.06299
|3X^CV(13->1')>   -0.10501
|3X^CV(13->2')>    0.07275
|3X^CV(12->2')>    0.07530
|3X^CV(12->12')>    0.06826
|3X^CV(12->14')>    0.06015
|3X^CV(11->2')>   -0.08382
|3X^CV(11->5')>   -0.14925
|3X^CV(11->13')>    0.05598
|3X^CV(10->6')>   -0.05530
|3X^CV(10->13')>    0.06247
|3X^CV(9->7')>    0.05187
|3X^CV(9->13')>   -0.05942
|3X^CV(8->2')>   -0.05637
|3X^CV(3->1')>   -0.09376
|3X^CV(3->2')>   -0.07419
|3X^CV(3->5')>   -0.13118
|3^ZCV0(19->1')>   -0.05503
|3^ZCV0(14->2')>    0.09638
|3^ZCV0(13->1')>    0.13579
|3^ZCV0(12->1')>    0.15387
|3^ZCV0(12->12')>   -0.07413
|3^ZCV0(12->14')>   -0.05057
|3^ZCV0(11->2')>    0.13530
|3^ZCV0(11->5')>    0.09282
|3^ZCV0(8->2')>    0.06344
|3^ZCV0(3->2')>    0.12640
|3^ZCV0(3->5')>    0.08750
|3^ZCV0'(51->1')>   -0.05107
|3^ZCV0'(51->2')>   -0.07386
|3^ZCV0'(50->1')>   -0.14103
|3^ZCV0'(49->1')>   -0.15441
|3^ZCV0'(49->12')>    0.07338
|3^ZCV0'(48->2')>   -0.13369
|3^ZCV0'(48->5')>   -0.07703
|3^ZCV0'(47->13')>    0.05751
|3^ZCV0'(46->13')>   -0.05911
|3^ZCV0'(45->2')>   -0.05630
|3^ZCV0'(40->2')>   -0.12863
|3^ZCV0'(40->5')>   -0.09324
TDMs with Triplet 'Ground' state
TDMX:-0.057   TDMY:0.523   TDMZ:0.126   Oscillator Strength:0.03218   <S**2>: 2.000
--------------------------------------------------------------------
TDMs with Singlet 'Ground' state
TDMX:0.000   TDMY:0.000   TDMZ:0.000   Oscillator Strength:0.00000   <S**2>: 2.000
--------------------------------------------------------------------


State 130 4.524 eV 
Excitation    CI Coef
|3^CS(20->0)>   -0.11417
|3^CS(14->0)>   -0.09551
|3^CS(12->0)>    0.10298
|3^CS(11->0)>   -0.06466
|3^CS(8->0)>   -0.12002
|3^CS(6->0)>    0.10679
|3^CS(5->0)>    0.06270
|3^CS(4->0)>    0.06628
|3^CS(3->0)>   -0.17263
|3^CS(19->0')>   -0.15075
|3^CS(13->0')>   -0.08739
|3^CS(8->0')>   -0.09698
|3^CS(6->0')>    0.09236
|3^CS(4->0')>    0.05514
|3^CS(3->0')>   -0.13309
|3^SV(0->1')>    0.07263
|3^SV(0->5')>   -0.05828
|3^SV(0->12')>   -0.13008
|3^SV(0->14')>   -0.10643
|3^SV(0'->2')>   -0.17943
|3^SV(0'->5')>   -0.15218
|3^SV(0'->14')>    0.05557
|3T^CV(11->2')>    0.06145
|3T^CV(3->1')>   -0.05294
|3X^CV(20->1')>   -0.06260
|3X^CV(19->1')>   -0.06908
|3X^CV(17->1')>   -0.05032
|3X^CV(14->1')>    0.09454
|3X^CV(13->1')>    0.15848
|3X^CV(13->2')>   -0.08469
|3X^CV(13->5')>   -0.07344
|3X^CV(13->12')>   -0.06282
|3X^CV(12->1')>    0.21604
|3X^CV(12->2')>   -0.11658
|3X^CV(12->12')>   -0.08942
|3X^CV(12->14')>   -0.07326
|3X^CV(11->1')>    0.13407
|3X^CV(11->12')>   -0.06851
|3X^CV(10->6')>   -0.06574
|3X^CV(9->7')>    0.06368
|3X^CV(8->1')>   -0.12199
|3X^CV(8->2')>    0.10893
|3X^CV(6->1')>    0.05630
|3X^CV(4->1')>    0.07115
|3X^CV(4->2')>   -0.05824
|3X^CV(3->12')>   -0.09381
|3X^CV(3->14')>   -0.11390
|3^ZCV0(14->1')>   -0.06523
|3^ZCV0(13->2')>    0.14548
|3^ZCV0(13->5')>    0.06283
|3^ZCV0(12->1')>    0.05664
|3^ZCV0(12->2')>    0.12068
|3^ZCV0(12->5')>    0.08846
|3^ZCV0(11->1')>   -0.15947
|3^ZCV0(11->2')>    0.05427
|3^ZCV0(11->12')>    0.05161
|3^ZCV0(10->6')>   -0.05293
|3^ZCV0(10->7')>   -0.06241
|3^ZCV0(9->6')>    0.06476
|3^ZCV0(9->7')>    0.05127
|3^ZCV0(8->2')>   -0.06832
|3^ZCV0(8->5')>   -0.06559
|3^ZCV0(3->1')>   -0.17280
|3^ZCV0(3->2')>    0.06029
|3^ZCV0'(51->1')>    0.05453
|3^ZCV0'(50->2')>   -0.14400
|3^ZCV0'(50->5')>   -0.06491
|3^ZCV0'(49->1')>   -0.06442
|3^ZCV0'(49->2')>   -0.15647
|3^ZCV0'(49->5')>   -0.10176
|3^ZCV0'(48->1')>    0.13231
|3^ZCV0'(47->6')>    0.05751
|3^ZCV0'(47->7')>    0.06431
|3^ZCV0'(46->6')>   -0.06706
|3^ZCV0'(46->7')>   -0.05573
|3^ZCV0'(45->1')>    0.05970
|3^ZCV0'(45->2')>    0.06156
|3^ZCV0'(45->5')>    0.06639
|3^ZCV0'(40->1')>    0.18441
|3^ZCV0'(40->2')>   -0.08267
|3^ZCV0'(40->13')>   -0.06092
TDMs with Triplet 'Ground' state
TDMX:-0.072   TDMY:0.462   TDMZ:0.106   Oscillator Strength:0.02549   <S**2>: 2.000
--------------------------------------------------------------------
TDMs with Singlet 'Ground' state
TDMX:0.000   TDMY:0.000   TDMZ:0.000   Oscillator Strength:0.00000   <S**2>: 2.000
--------------------------------------------------------------------


State 131 4.540 eV 
Excitation    CI Coef
|3^CS(8->0)>   -0.11229
|3^CS(6->0)>    0.19579
|3^CS(5->0)>    0.31845
|3^CS(4->0)>   -0.22711
|3^CS(2->0)>    0.15985
|3^CS(1->0)>    0.15084
|3^CS(8->0')>   -0.09690
|3^CS(6->0')>    0.17487
|3^CS(5->0')>    0.28952
|3^CS(4->0')>   -0.20619
|3^CS(2->0')>    0.15487
|3^CS(1->0')>    0.14554
|3^SV(0->10')>    0.12077
|3^SV(0->11')>   -0.11629
|3^SV(0'->10')>   -0.12993
|3^SV(0'->11')>    0.12011
|3T^CV(5->1')>    0.06669
|3T^CV(5->13')>    0.05727
|3X^CV(12->1')>   -0.05375
|3X^CV(12->10')>    0.07783
|3X^CV(12->11')>   -0.07869
|3X^CV(11->10')>   -0.06773
|3X^CV(11->11')>    0.07159
|3X^CV(8->10')>    0.05642
|3X^CV(8->11')>   -0.05781
|3X^CV(6->1')>    0.05088
|3X^CV(5->1')>    0.10046
|3X^CV(5->13')>    0.07368
|3X^CV(5->14')>    0.05594
|3X^CV(4->1')>   -0.09250
|3X^CV(4->13')>   -0.05296
|3X^CV(3->11')>   -0.05438
|3X^CV(2->10')>    0.08885
|3X^CV(2->11')>   -0.09526
|3X^CV(1->10')>    0.08858
|3X^CV(1->11')>   -0.08369
|3^ZCV0(12->10')>   -0.07520
|3^ZCV0(12->11')>    0.07544
|3^ZCV0(11->10')>    0.06486
|3^ZCV0(11->11')>   -0.06722
|3^ZCV0(8->10')>   -0.05211
|3^ZCV0(8->11')>    0.05222
|3^ZCV0(6->1')>   -0.05493
|3^ZCV0(5->1')>   -0.08957
|3^ZCV0(5->14')>   -0.06722
|3^ZCV0(4->1')>    0.05701
|3^ZCV0(2->10')>   -0.07991
|3^ZCV0(2->11')>    0.08499
|3^ZCV0(2->14')>   -0.05250
|3^ZCV0(1->10')>   -0.07796
|3^ZCV0(1->11')>    0.07703
|3^ZCV0'(49->10')>    0.05020
|3^ZCV0'(49->11')>   -0.05152
|3^ZCV0'(48->10')>   -0.05440
|3^ZCV0'(48->11')>    0.05715
|3^ZCV0'(45->10')>    0.05190
|3^ZCV0'(45->11')>   -0.05306
|3^ZCV0'(42->13')>    0.06258
|3^ZCV0'(40->10')>    0.05154
|3^ZCV0'(40->11')>   -0.05571
|3^ZCV0'(39->10')>    0.09289
|3^ZCV0'(39->11')>   -0.09754
|3^ZCV0'(38->10')>    0.09002
|3^ZCV0'(38->11')>   -0.08919
TDMs with Triplet 'Ground' state
TDMX:-0.028   TDMY:0.065   TDMZ:0.270   Oscillator Strength:0.00865   <S**2>: 2.000
--------------------------------------------------------------------
TDMs with Singlet 'Ground' state
TDMX:0.000   TDMY:0.000   TDMZ:0.000   Oscillator Strength:0.00000   <S**2>: 2.000
--------------------------------------------------------------------


State 132 4.548 eV 
Excitation    CI Coef
|3^CS(11->0)>   -0.05527
|3^CS(8->0)>   -0.15310
|3^CS(7->0)>    0.34435
|3^CS(6->0)>   -0.25723
|3^CS(4->0)>   -0.17699
|3^CS(8->0')>   -0.15255
|3^CS(7->0')>    0.30488
|3^CS(6->0')>   -0.22785
|3^CS(4->0')>   -0.14866
|3^CS(3->0')>    0.05411
|3^SV(0->5')>   -0.06136
|3^SV(0->8')>    0.11673
|3^SV(0->9')>   -0.11444
|3^SV(0'->8')>   -0.11920
|3^SV(0'->9')>    0.12189
|3T^CV(7->1')>    0.07341
|3T^CV(7->13')>    0.06359
|3T^CV(6->1')>   -0.05684
|3X^CV(12->1')>    0.06312
|3X^CV(12->8')>    0.07961
|3X^CV(12->9')>   -0.07947
|3X^CV(11->8')>   -0.07048
|3X^CV(11->9')>    0.07037
|3X^CV(10->1')>   -0.05523
|3X^CV(9->1')>    0.06823
|3X^CV(8->1')>   -0.09132
|3X^CV(8->8')>    0.05834
|3X^CV(8->9')>   -0.05393
|3X^CV(7->1')>    0.10918
|3X^CV(7->13')>    0.07244
|3X^CV(7->14')>    0.06761
|3X^CV(6->1')>   -0.06660
|3X^CV(6->13')>   -0.05608
|3X^CV(6->14')>   -0.05069
|3X^CV(3->8')>    0.05615
|3X^CV(3->9')>   -0.05476
|3X^CV(2->8')>   -0.09759
|3X^CV(2->9')>    0.09794
|3X^CV(1->8')>   -0.09164
|3X^CV(1->9')>    0.09269
|3^ZCV0(12->8')>   -0.07594
|3^ZCV0(12->9')>    0.07565
|3^ZCV0(11->8')>    0.06855
|3^ZCV0(11->9')>   -0.06814
|3^ZCV0(8->8')>   -0.05491
|3^ZCV0(8->9')>    0.05366
|3^ZCV0(7->1')>   -0.08897
|3^ZCV0(7->14')>   -0.07661
|3^ZCV0(6->1')>    0.07100
|3^ZCV0(6->14')>    0.05797
|3^ZCV0(4->1')>    0.05558
|3^ZCV0(3->8')>   -0.05033
|3^ZCV0(2->8')>    0.08716
|3^ZCV0(2->9')>   -0.08784
|3^ZCV0(1->8')>    0.08211
|3^ZCV0(1->9')>   -0.08316
|3^ZCV0'(49->8')>    0.05230
|3^ZCV0'(49->9')>   -0.05183
|3^ZCV0'(48->8')>   -0.05910
|3^ZCV0'(48->9')>    0.05807
|3^ZCV0'(45->8')>    0.05617
|3^ZCV0'(45->9')>   -0.05493
|3^ZCV0'(44->13')>    0.05919
|3^ZCV0'(40->8')>    0.05783
|3^ZCV0'(40->9')>   -0.05741
|3^ZCV0'(39->8')>   -0.09979
|3^ZCV0'(39->9')>    0.10058
|3^ZCV0'(38->8')>   -0.09407
|3^ZCV0'(38->9')>    0.09525
TDMs with Triplet 'Ground' state
TDMX:-0.093   TDMY:-0.042   TDMZ:-0.345   Oscillator Strength:0.01442   <S**2>: 2.000
--------------------------------------------------------------------
TDMs with Singlet 'Ground' state
TDMX:0.000   TDMY:0.000   TDMZ:0.000   Oscillator Strength:0.00000   <S**2>: 2.000
--------------------------------------------------------------------


State 133 4.552 eV 
Excitation    CI Coef
|3^CS(10->0)>   -0.06711
|3^CS(9->0)>    0.06620
|3^CS(8->0)>   -0.05543
|3^CS(7->0)>    0.07219
|3^CS(6->0)>   -0.06242
|3^CS(10->0')>    0.18511
|3^CS(9->0')>   -0.18718
|3^CS(7->0')>    0.06229
|3^CS(6->0')>   -0.05347
|3^SV(0'->6')>   -0.09453
|3^SV(0'->7')>   -0.08733
|3T^CV(10->1')>   -0.15840
|3T^CV(10->2')>    0.16507
|3T^CV(10->5')>   -0.06297
|3T^CV(10->13')>    0.06657
|3T^CV(10->14')>   -0.05932
|3T^CV(9->1')>    0.16564
|3T^CV(9->2')>   -0.15962
|3T^CV(9->5')>    0.05924
|3T^CV(9->13')>   -0.06449
|3T^CV(9->14')>    0.06243
|3T^CV(8->6')>   -0.06136
|3T^CV(8->7')>   -0.05814
|3T^CV(3->6')>   -0.07368
|3T^CV(3->7')>   -0.07354
|3X^CV(20->6')>   -0.05496
|3X^CV(20->7')>   -0.05496
|3X^CV(19->6')>    0.06149
|3X^CV(19->7')>    0.05984
|3X^CV(12->6')>    0.05741
|3X^CV(12->7')>    0.05683
|3X^CV(11->6')>   -0.06160
|3X^CV(11->7')>   -0.05804
|3X^CV(10->1')>    0.31641
|3X^CV(10->2')>   -0.20540
|3X^CV(10->5')>    0.10326
|3X^CV(10->12')>    0.06891
|3X^CV(10->13')>   -0.07332
|3X^CV(10->14')>    0.09944
|3X^CV(10->16')>    0.05067
|3X^CV(10->21')>    0.05675
|3X^CV(9->1')>   -0.32437
|3X^CV(9->2')>    0.19874
|3X^CV(9->5')>   -0.10035
|3X^CV(9->12')>   -0.07145
|3X^CV(9->13')>    0.07084
|3X^CV(9->14')>   -0.10304
|3X^CV(9->16')>   -0.05143
|3X^CV(9->21')>   -0.05549
|3X^CV(3->6')>   -0.06014
|3X^CV(3->7')>   -0.05855
|3^ZCV0(10->1')>    0.16717
|3^ZCV0(10->2')>   -0.12504
|3^ZCV0(10->5')>    0.05695
|3^ZCV0(10->13')>   -0.05414
|3^ZCV0(9->1')>   -0.16511
|3^ZCV0(9->2')>    0.12778
|3^ZCV0(9->5')>   -0.05779
|3^ZCV0(9->13')>    0.05516
|3^ZCV0'(47->1')>   -0.17495
|3^ZCV0'(47->2')>    0.11814
|3^ZCV0'(47->5')>   -0.05933
|3^ZCV0'(47->13')>    0.06337
|3^ZCV0'(47->14')>   -0.05728
|3^ZCV0'(46->1')>    0.17207
|3^ZCV0'(46->2')>   -0.12071
|3^ZCV0'(46->5')>    0.05981
|3^ZCV0'(46->13')>   -0.06461
|3^ZCV0'(46->14')>    0.05654
TDMs with Triplet 'Ground' state
TDMX:-0.034   TDMY:-0.287   TDMZ:-0.242   Oscillator Strength:0.01590   <S**2>: 2.000
--------------------------------------------------------------------
TDMs with Singlet 'Ground' state
TDMX:0.000   TDMY:0.000   TDMZ:0.000   Oscillator Strength:0.00000   <S**2>: 2.000
--------------------------------------------------------------------


State 134 4.559 eV 
Excitation    CI Coef
|1^CS(10->0)>    0.21983
|1^CS(9->0)>    0.22356
|1^SV(0->6')>   -0.06871
|1^SV(0->7')>    0.06422
|1T^CV(20->6')>    0.05479
|1T^CV(20->7')>   -0.05445
|1T^CV(19->6')>    0.05886
|1T^CV(19->7')>   -0.05699
|1T^CV(12->6')>    0.05926
|1T^CV(12->7')>   -0.05500
|1T^CV(11->6')>    0.05105
|1T^CV(11->7')>   -0.05184
|1T^CV(10->1')>   -0.29127
|1T^CV(10->2')>   -0.33138
|1T^CV(10->5')>    0.10497
|1T^CV(10->12')>   -0.08258
|1T^CV(10->13')>   -0.05857
|1T^CV(10->14')>   -0.07920
|1T^CV(9->1')>   -0.29370
|1T^CV(9->2')>   -0.33034
|1T^CV(9->5')>    0.10581
|1T^CV(9->12')>   -0.08438
|1T^CV(9->13')>   -0.05785
|1T^CV(9->14')>   -0.08049
|1T^CV(8->6')>   -0.05388
|1T^CV(8->7')>    0.05016
|1T^CV(3->6')>    0.07996
|1T^CV(3->7')>   -0.07872
|1^ZCV0(10->1')>    0.17454
|1^ZCV0(10->2')>    0.14279
|1^ZCV0(10->5')>   -0.06896
|1^ZCV0(10->12')>    0.06204
|1^ZCV0(10->14')>    0.09513
|1^ZCV0(9->1')>    0.17548
|1^ZCV0(9->2')>    0.14276
|1^ZCV0(9->5')>   -0.06829
|1^ZCV0(9->12')>    0.06302
|1^ZCV0(9->14')>    0.09570
|1^ZCV0(8->6')>   -0.06035
|1^ZCV0(8->7')>    0.05800
|1^ZCV0(3->6')>    0.07665
|1^ZCV0(3->7')>   -0.07347
|1^ZCV0'(10->1')>   -0.16295
|1^ZCV0'(10->2')>   -0.15440
|1^ZCV0'(10->5')>    0.06397
|1^ZCV0'(10->12')>   -0.05150
|1^ZCV0'(10->13')>   -0.08314
|1^ZCV0'(10->14')>   -0.06586
|1^ZCV0'(9->1')>   -0.16344
|1^ZCV0'(9->2')>   -0.15429
|1^ZCV0'(9->5')>    0.06311
|1^ZCV0'(9->12')>   -0.05169
|1^ZCV0'(9->13')>   -0.08288
|1^ZCV0'(9->14')>   -0.06616
|1^ZCV0'(8->6')>    0.05358
|1^ZCV0'(8->7')>   -0.05161
|1^ZCV0'(3->6')>   -0.07151
|1^ZCV0'(3->7')>    0.06842
TDMs with Triplet 'Ground' state
TDMX:0.000   TDMY:0.000   TDMZ:0.000   Oscillator Strength:0.00000   <S**2>: 0.000
--------------------------------------------------------------------
TDMs with Singlet 'Ground' state
TDMX:-0.148   TDMY:0.255   TDMZ:0.109   Oscillator Strength:0.01107   <S**2>: 0.000
--------------------------------------------------------------------


State 135 4.575 eV 
Excitation    CI Coef
|3^CS(20->0)>   -0.06454
|3^CS(19->0)>    0.09446
|3^CS(18->0)>    0.06163
|3^CS(14->0)>   -0.12337
|3^CS(11->0)>   -0.17526
|3^CS(8->0)>    0.24240
|3^CS(7->0)>   -0.07096
|3^CS(4->0)>   -0.13678
|3^CS(3->0)>    0.12145
|3^CS(20->0')>    0.05461
|3^CS(19->0')>   -0.08345
|3^CS(18->0')>   -0.06892
|3^CS(17->0')>    0.07196
|3^CS(14->0')>    0.08392
|3^CS(13->0')>   -0.07067
|3^CS(8->0')>    0.16536
|3^CS(7->0')>   -0.07750
|3^CS(4->0')>   -0.09002
|3^CS(3->0')>    0.29789
|3^SV(0->2')>   -0.13723
|3^SV(0->5')>   -0.14554
|3^SV(0'->1')>    0.09867
|3^SV(0'->2')>   -0.07281
|3^SV(0'->5')>   -0.07806
|3^SV(0'->12')>   -0.12140
|3^SV(0'->14')>   -0.08409
|3T^CV(14->2')>    0.05084
|3T^CV(13->1')>   -0.07776
|3T^CV(12->1')>   -0.08951
|3T^CV(11->1')>   -0.05136
|3T^CV(11->2')>    0.14831
|3T^CV(11->5')>    0.05857
|3T^CV(10->1')>   -0.06728
|3T^CV(9->2')>   -0.05452
|3T^CV(8->1')>    0.10609
|3T^CV(4->1')>   -0.06033
|3T^CV(3->1')>    0.05020
|3T^CV(3->2')>    0.11452
|3T^CV(3->5')>    0.06675
|3X^CV(20->5')>   -0.05403
|3X^CV(19->2')>   -0.06209
|3X^CV(14->2')>    0.08274
|3X^CV(14->5')>    0.05215
|3X^CV(13->1')>    0.07612
|3X^CV(13->2')>    0.12310
|3X^CV(13->12')>   -0.05201
|3X^CV(13->14')>   -0.06262
|3X^CV(12->1')>    0.15135
|3X^CV(12->2')>    0.05218
|3X^CV(12->5')>    0.08711
|3X^CV(12->13')>   -0.05206
|3X^CV(11->1')>   -0.08474
|3X^CV(11->2')>    0.16597
|3X^CV(10->1')>    0.06266
|3X^CV(10->7')>   -0.11977
|3X^CV(9->2')>    0.06241
|3X^CV(9->6')>    0.12444
|3X^CV(8->1')>   -0.06829
|3X^CV(8->5')>   -0.09589
|3X^CV(8->13')>    0.08591
|3X^CV(4->5')>    0.06020
|3X^CV(3->1')>   -0.14826
|3X^CV(3->2')>    0.22936
|3X^CV(3->13')>    0.05592
|3^ZCV0(14->1')>    0.05210
|3^ZCV0(13->1')>    0.05188
|3^ZCV0(12->1')>    0.07095
|3^ZCV0(11->1')>    0.08131
|3^ZCV0(8->1')>   -0.05788
|3^ZCV0(8->2')>    0.05018
|3^ZCV0(3->14')>   -0.08047
|3^ZCV0'(50->1')>   -0.05553
|3^ZCV0'(49->1')>   -0.06554
|3^ZCV0'(49->2')>    0.05058
|3^ZCV0'(48->1')>   -0.06836
|3^ZCV0'(40->13')>    0.05076
TDMs with Triplet 'Ground' state
TDMX:-0.024   TDMY:0.858   TDMZ:-0.278   Oscillator Strength:0.09117   <S**2>: 2.000
--------------------------------------------------------------------
TDMs with Singlet 'Ground' state
TDMX:0.000   TDMY:0.000   TDMZ:0.000   Oscillator Strength:0.00000   <S**2>: 2.000
--------------------------------------------------------------------


State 136 4.597 eV 
Excitation    CI Coef
|3^CS(10->0)>    0.07473
|3^CS(10->0')>    0.13857
|3^CS(9->0')>    0.12351
|3^SV(0->6')>    0.11046
|3^SV(0'->6')>   -0.07364
|3T^CV(10->1')>    0.28423
|3T^CV(10->2')>    0.18943
|3T^CV(10->5')>   -0.09316
|3T^CV(10->12')>    0.07069
|3T^CV(10->13')>    0.09467
|3T^CV(10->14')>    0.12299
|3T^CV(9->1')>    0.25200
|3T^CV(9->2')>    0.21082
|3T^CV(9->5')>   -0.10273
|3T^CV(9->12')>    0.06402
|3T^CV(9->13')>    0.09774
|3T^CV(9->14')>    0.11183
|3T^CV(8->6')>   -0.08631
|3T^CV(8->7')>    0.08904
|3T^CV(4->6')>    0.05011
|3T^CV(4->7')>   -0.05461
|3T^CV(3->6')>    0.11526
|3T^CV(3->7')>   -0.10098
|3X^CV(20->6')>    0.05102
|3X^CV(20->7')>   -0.05255
|3X^CV(19->6')>    0.05918
|3X^CV(19->7')>   -0.05178
|3X^CV(12->6')>    0.06939
|3X^CV(11->7')>   -0.05299
|3X^CV(10->1')>   -0.29954
|3X^CV(10->2')>   -0.21338
|3X^CV(10->5')>    0.08204
|3X^CV(10->13')>   -0.05165
|3X^CV(10->14')>   -0.06462
|3X^CV(9->1')>   -0.27866
|3X^CV(9->2')>   -0.23299
|3X^CV(9->5')>    0.09714
|3X^CV(9->13')>   -0.06417
|3X^CV(9->14')>   -0.05724
|3X^CV(8->7')>    0.05054
|3X^CV(3->6')>    0.07515
|3X^CV(3->7')>   -0.06111
|3^ZCV0(10->1')>    0.11822
|3^ZCV0(10->2')>    0.12399
|3^ZCV0(9->1')>    0.12216
|3^ZCV0(9->2')>    0.12758
|3^ZCV0'(47->1')>   -0.13849
|3^ZCV0'(47->2')>   -0.11911
|3^ZCV0'(46->1')>   -0.13846
|3^ZCV0'(46->2')>   -0.12477
TDMs with Triplet 'Ground' state
TDMX:0.200   TDMY:0.005   TDMZ:-0.254   Oscillator Strength:0.01175   <S**2>: 2.000
--------------------------------------------------------------------
TDMs with Singlet 'Ground' state
TDMX:0.000   TDMY:0.000   TDMZ:0.000   Oscillator Strength:0.00000   <S**2>: 2.000
--------------------------------------------------------------------


State 137 4.618 eV 
Excitation    CI Coef
|3^CS(10->0)>    0.06960
|3^CS(9->0)>   -0.09255
|3^CS(9->0')>   -0.07234
|3^SV(0->6')>    0.38105
|3^SV(0->7')>    0.41420
|3^SV(0'->6')>   -0.39152
|3^SV(0'->7')>   -0.41949
|3T^CV(12->6')>   -0.10188
|3T^CV(12->7')>   -0.09220
|3T^CV(10->1')>    0.07043
|3T^CV(10->2')>   -0.09866
|3T^CV(9->1')>   -0.14733
|3T^CV(9->14')>   -0.05349
|3S^CV(12->6')>    0.05409
|3S^CV(12->7')>    0.05831
|3X^CV(18->6')>    0.07770
|3X^CV(18->7')>    0.08441
|3X^CV(14->6')>   -0.07516
|3X^CV(14->7')>   -0.08304
|3X^CV(12->6')>    0.11283
|3X^CV(12->7')>    0.12824
|3X^CV(11->6')>   -0.06640
|3X^CV(11->7')>   -0.05743
|3X^CV(10->2')>    0.08660
|3X^CV(10->5')>   -0.05119
|3X^CV(9->1')>    0.08335
|3X^CV(8->6')>    0.05043
|3^ZCV0(12->6')>   -0.10396
|3^ZCV0(12->7')>   -0.11355
|3^ZCV0(11->6')>    0.06345
|3^ZCV0(11->7')>    0.06010
|3^ZCV0(8->6')>   -0.05211
|3^ZCV0'(55->6')>    0.06167
|3^ZCV0'(55->7')>    0.06760
|3^ZCV0'(51->6')>   -0.05500
|3^ZCV0'(51->7')>   -0.06201
|3^SVD(1,6)>   -0.05932
|3^SVD(1,7)>   -0.06322
|3^SVD(6,13)>   -0.08132
|3^SVD(6,14)>    0.07373
|3^SVD(7,13)>   -0.08872
|3^SVD(7,14)>    0.08030
TDMs with Triplet 'Ground' state
TDMX:0.153   TDMY:0.336   TDMZ:0.044   Oscillator Strength:0.01559   <S**2>: 2.000
--------------------------------------------------------------------
TDMs with Singlet 'Ground' state
TDMX:0.000   TDMY:0.000   TDMZ:0.000   Oscillator Strength:0.00000   <S**2>: 2.000
--------------------------------------------------------------------


State 138 4.621 eV 
Excitation    CI Coef
|1^OS>    0.05229
|1^ZW->   -0.08011
|1^ZW+>    0.09037
|1^CS(19->0)>    0.18792
|1^CS(14->0)>   -0.26497
|1^CS(12->0)>   -0.14434
|1^CS(11->0)>   -0.06384
|1^CS(8->0)>    0.16510
|1^CS(4->0)>   -0.09647
|1^CS(3->0)>   -0.15309
|1^CS(20->0')>    0.10146
|1^CS(19->0')>   -0.08522
|1^CS(18->0')>   -0.06457
|1^CS(14->0')>    0.20341
|1^CS(13->0')>   -0.19353
|1^CS(12->0')>    0.06587
|1^CS(11->0')>    0.05722
|1^CS(8->0')>   -0.05933
|1^CS(3->0')>    0.18832
|1^SV(0->1')>   -0.21825
|1^SV(0->12')>   -0.09446
|1^SV(0->13')>   -0.07213
|1^SV(0->14')>    0.13950
|1^SV(0->15')>   -0.05064
|1^SV(0->20')>    0.05660
|1^SV(0'->1')>    0.20555
|1^SV(0'->5')>   -0.15459
|1^SV(0'->12')>   -0.08720
|1^SV(0'->13')>    0.12239
|1^SV(0'->14')>   -0.15494
|1^SV(0'->19')>   -0.05815
|1T^CV(19->1')>    0.11549
|1T^CV(17->13')>   -0.05369
|1T^CV(16->4')>    0.06009
|1T^CV(15->3')>    0.05337
|1T^CV(14->12')>    0.06103
|1T^CV(13->1')>   -0.19065
|1T^CV(12->1')>   -0.06360
|1T^CV(12->5')>    0.06847
|1T^CV(12->12')>    0.11751
|1T^CV(11->1')>   -0.05400
|1T^CV(11->2')>    0.10495
|1T^CV(11->5')>   -0.08603
|1T^CV(10->2')>    0.05370
|1T^CV(10->7')>   -0.06707
|1T^CV(9->6')>    0.07040
|1T^CV(8->12')>   -0.07385
|1T^CV(8->13')>    0.08159
|1T^CV(8->14')>   -0.08355
|1T^CV(4->12')>    0.05306
|1T^CV(3->1')>   -0.12625
|1T^CV(3->2')>    0.22342
|1T^CV(3->5')>   -0.09912
|1T^CV(3->12')>    0.05792
|1T^CV(3->13')>    0.07125
|1T^CV(2->4')>   -0.06636
|1T^CV(1->3')>   -0.06512
|1^ZCV0(12->12')>   -0.05198
|1^ZCV0(11->2')>   -0.05745
|1^ZCV0(3->2')>   -0.08731
|1^ZCV0'(11->1')>   -0.09176
|1^ZCV0'(11->2')>    0.05262
|1^ZCV0'(3->2')>    0.08501
TDMs with Triplet 'Ground' state
TDMX:0.000   TDMY:0.000   TDMZ:0.000   Oscillator Strength:0.00000   <S**2>: 0.000
--------------------------------------------------------------------
TDMs with Singlet 'Ground' state
TDMX:-0.080   TDMY:0.069   TDMZ:-0.108   Oscillator Strength:0.00259   <S**2>: 0.000
--------------------------------------------------------------------


State 139 4.632 eV 
Excitation    CI Coef
|1^CS(16->0)>    0.24039
|1^CS(15->0)>    0.18782
|1^CS(10->0)>    0.05574
|1^CS(2->0)>   -0.24636
|1^CS(1->0)>   -0.22964
|1^CS(16->0')>   -0.29082
|1^CS(15->0')>   -0.22819
|1^CS(2->0')>   -0.22046
|1^CS(1->0')>   -0.21251
|1^SV(0->1')>    0.05146
|1^SV(0->3')>    0.23916
|1^SV(0->4')>    0.24272
|1^SV(0->17')>    0.06730
|1^SV(0->18')>   -0.06094
|1^SV(0'->16')>    0.05292
|1^SV(0'->17')>   -0.08642
|1^SV(0'->18')>    0.06866
|1T^CV(18->3')>   -0.08528
|1T^CV(18->4')>   -0.08485
|1T^CV(17->3')>    0.09039
|1T^CV(17->4')>    0.09112
|1T^CV(16->1')>   -0.06109
|1T^CV(16->5')>   -0.05695
|1T^CV(16->12')>   -0.10383
|1T^CV(16->13')>   -0.05565
|1T^CV(15->12')>   -0.08130
|1T^CV(14->3')>   -0.05886
|1T^CV(14->4')>   -0.05898
|1T^CV(13->1')>    0.05674
|1T^CV(13->3')>    0.08874
|1T^CV(13->4')>    0.08819
|1T^CV(12->3')>   -0.13238
|1T^CV(12->4')>   -0.13211
|1T^CV(11->3')>    0.08054
|1T^CV(11->4')>    0.07834
|1T^CV(8->3')>   -0.08819
|1T^CV(8->4')>   -0.08802
|1T^CV(7->8')>    0.05832
|1T^CV(7->9')>   -0.05601
|1T^CV(6->8')>   -0.05211
|1T^CV(6->9')>    0.05371
|1T^CV(3->3')>   -0.06375
|1T^CV(3->4')>   -0.06463
|1T^CV(2->12')>    0.06445
|1T^CV(2->14')>   -0.12661
|1T^CV(2->19')>    0.06274
|1T^CV(1->12')>    0.05939
|1T^CV(1->14')>   -0.11914
|1T^CV(1->19')>    0.05916
|1^ZCV0(2->1')>   -0.06871
|1^ZCV0(1->1')>   -0.06466
|1^ZCV0'(2->13')>    0.06136
|1^ZCV0'(1->13')>    0.05813
|1^CSD_(12,2)>    0.05624
|1^CSD_(12,1)>    0.05349
TDMs with Triplet 'Ground' state
TDMX:0.000   TDMY:0.000   TDMZ:0.000   Oscillator Strength:0.00000   <S**2>: 0.000
--------------------------------------------------------------------
TDMs with Singlet 'Ground' state
TDMX:-0.729   TDMY:-0.085   TDMZ:0.123   Oscillator Strength:0.06283   <S**2>: 0.000
--------------------------------------------------------------------


State 140 4.642 eV 
Excitation    CI Coef
|3^CS(16->0)>    0.29316
|3^CS(15->0)>    0.22996
|3^CS(16->0')>   -0.31481
|3^CS(15->0')>   -0.24608
|3^SV(0->3')>   -0.29605
|3^SV(0->4')>   -0.29797
|3^SV(0->17')>   -0.09545
|3^SV(0->18')>    0.09039
|3^SV(0'->17')>   -0.10100
|3^SV(0'->18')>    0.09220
|3X^CV(18->3')>   -0.09246
|3X^CV(18->4')>   -0.09221
|3X^CV(17->3')>    0.10411
|3X^CV(17->4')>    0.10485
|3X^CV(16->1')>   -0.05278
|3X^CV(16->5')>   -0.05905
|3X^CV(16->12')>   -0.10524
|3X^CV(16->13')>   -0.06250
|3X^CV(15->12')>   -0.08243
|3X^CV(14->3')>   -0.06522
|3X^CV(14->4')>   -0.06511
|3X^CV(13->3')>    0.09050
|3X^CV(13->4')>    0.09096
|3X^CV(12->3')>   -0.13165
|3X^CV(12->4')>   -0.13219
|3X^CV(11->3')>    0.07215
|3X^CV(11->4')>    0.07198
|3X^CV(8->3')>   -0.08715
|3X^CV(8->4')>   -0.08823
|3X^CV(5->10')>   -0.05234
|3X^CV(3->3')>   -0.06097
|3X^CV(3->4')>   -0.06105
|3X^CV(2->5')>    0.05309
|3X^CV(2->12')>    0.08329
|3X^CV(2->13')>    0.08875
|3X^CV(2->14')>   -0.06699
|3X^CV(2->19')>    0.05228
|3X^CV(1->12')>    0.07825
|3X^CV(1->13')>    0.08319
|3X^CV(1->14')>   -0.06283
|3^ZCV0(8->3')>   -0.05349
|3^ZCV0(8->4')>   -0.05416
|3^ZCV0(3->3')>   -0.05347
|3^ZCV0(3->4')>   -0.05370
|3^ZCV0(2->5')>    0.05485
|3^ZCV0(2->12')>    0.07869
|3^ZCV0(2->13')>    0.08311
|3^ZCV0(2->14')>   -0.05341
|3^ZCV0(1->5')>    0.05189
|3^ZCV0(1->12')>    0.07407
|3^ZCV0(1->13')>    0.07872
|3^ZCV0(1->14')>   -0.05038
|3^ZCV0'(39->12')>   -0.06687
|3^ZCV0'(39->13')>   -0.06228
|3^ZCV0'(38->12')>   -0.06362
|3^ZCV0'(38->13')>   -0.05992
TDMs with Triplet 'Ground' state
TDMX:-1.026   TDMY:-0.210   TDMZ:0.003   Oscillator Strength:0.12478   <S**2>: 2.000
--------------------------------------------------------------------
TDMs with Singlet 'Ground' state
TDMX:0.000   TDMY:0.000   TDMZ:0.000   Oscillator Strength:0.00000   <S**2>: 2.000
--------------------------------------------------------------------


State 141 4.642 eV 
Excitation    CI Coef
|1^CS(20->0)>    0.14804
|1^CS(14->0)>    0.10934
|1^CS(13->0)>   -0.26078
|1^CS(12->0)>   -0.11316
|1^CS(11->0)>    0.09043
|1^CS(10->0)>   -0.08255
|1^CS(8->0)>   -0.07792
|1^CS(4->0)>    0.07242
|1^CS(3->0)>   -0.19026
|1^CS(19->0')>    0.14376
|1^CS(14->0')>   -0.10579
|1^CS(11->0')>    0.05870
|1^CS(8->0')>   -0.16398
|1^CS(6->0')>    0.05364
|1^CS(4->0')>    0.10902
|1^CS(3->0')>   -0.18701
|1^SV(0->1')>   -0.18942
|1^SV(0->2')>   -0.11184
|1^SV(0->6')>   -0.05036
|1^SV(0->12')>    0.07530
|1^SV(0->13')>    0.12268
|1^SV(0->15')>   -0.06662
|1^SV(0->16')>   -0.06888
|1^SV(0'->1')>    0.07220
|1^SV(0'->2')>    0.19710
|1^SV(0'->6')>   -0.06261
|1^SV(0'->7')>   -0.07233
|1^SV(0'->13')>   -0.06807
|1^SV(0'->14')>    0.14234
|1^SV(0'->15')>   -0.05817
|1T^CV(20->1')>    0.12823
|1T^CV(19->1')>    0.10040
|1T^CV(19->2')>    0.09597
|1T^CV(14->1')>   -0.08628
|1T^CV(14->2')>   -0.06742
|1T^CV(14->5')>   -0.05139
|1T^CV(13->1')>   -0.26264
|1T^CV(13->12')>    0.10426
|1T^CV(12->1')>   -0.25645
|1T^CV(12->5')>   -0.06809
|1T^CV(12->12')>    0.06449
|1T^CV(12->14')>    0.06878
|1T^CV(11->5')>   -0.05728
|1T^CV(11->12')>    0.08256
|1T^CV(11->14')>    0.08871
|1T^CV(10->1')>    0.06048
|1T^CV(10->2')>   -0.05945
|1T^CV(9->1')>   -0.07446
|1T^CV(9->2')>    0.05888
|1T^CV(8->1')>    0.07908
|1T^CV(8->2')>   -0.05300
|1T^CV(8->12')>   -0.07754
|1T^CV(8->13')>   -0.07615
|1T^CV(8->14')>   -0.05040
|1T^CV(4->13')>    0.05595
|1T^CV(3->5')>   -0.08940
|1T^CV(3->20')>   -0.05062
|1^ZCV0(12->1')>   -0.06259
|1^ZCV0(11->2')>    0.05980
|1^ZCV0(3->1')>   -0.05362
|1^ZCV0(3->2')>    0.08684
|1^ZCV0'(11->1')>   -0.05062
|1^ZCV0'(11->2')>   -0.11160
|1^ZCV0'(3->2')>   -0.07962
|1^ZCV0'(3->13')>    0.05747
TDMs with Triplet 'Ground' state
TDMX:0.000   TDMY:0.000   TDMZ:0.000   Oscillator Strength:0.00000   <S**2>: 0.000
--------------------------------------------------------------------
TDMs with Singlet 'Ground' state
TDMX:-0.153   TDMY:0.043   TDMZ:-0.726   Oscillator Strength:0.06286   <S**2>: 0.000
--------------------------------------------------------------------


State 142 4.649 eV 
Excitation    CI Coef
|3^OS>    0.08947
|3^CS(18->0)>    0.20514
|3^CS(17->0)>   -0.14079
|3^CS(14->0)>    0.12216
|3^CS(13->0)>   -0.16792
|3^CS(3->0)>   -0.07432
|3^CS(18->0')>   -0.09323
|3^CS(17->0')>    0.21447
|3^CS(16->0')>   -0.05206
|3^CS(14->0')>   -0.18260
|3^CS(13->0')>    0.12015
|3^CS(12->0')>   -0.15831
|3^CS(11->0')>    0.12543
|3^CS(8->0')>   -0.07518
|3^SV(0->3')>   -0.06805
|3^SV(0->4')>   -0.06224
|3^SV(0->5')>   -0.22978
|3^SV(0->12')>   -0.33211
|3^SV(0->13')>   -0.19652
|3^SV(0->16')>    0.07716
|3^SV(0->19')>    0.07165
|3^SV(0'->5')>    0.08135
|3^SV(0'->12')>    0.06542
|3^SV(0'->13')>   -0.07773
|3^SV(0'->14')>    0.12825
|3^SV(0'->15')>   -0.07367
|3^SV(0'->16')>    0.05641
|3^SV(0'->19')>    0.07647
|3^SV(0'->20')>    0.05265
|3T^CV(12->1')>   -0.06942
|3T^CV(8->1')>    0.05199
|3X^CV(18->5')>   -0.05459
|3X^CV(18->12')>   -0.08735
|3X^CV(17->12')>    0.08110
|3X^CV(17->13')>    0.07315
|3X^CV(16->3')>   -0.09106
|3X^CV(16->4')>   -0.10644
|3X^CV(15->3')>   -0.08727
|3X^CV(15->4')>   -0.06707
|3X^CV(14->1')>   -0.07314
|3X^CV(13->5')>    0.06235
|3X^CV(13->12')>    0.07083
|3X^CV(12->1')>   -0.09050
|3X^CV(12->2')>    0.06980
|3X^CV(12->5')>   -0.08819
|3X^CV(12->12')>   -0.12157
|3X^CV(12->13')>   -0.07007
|3X^CV(11->5')>    0.06440
|3X^CV(11->12')>    0.07601
|3X^CV(8->12')>   -0.05798
|3X^CV(8->13')>   -0.06221
|3X^CV(7->8')>    0.08356
|3X^CV(6->9')>    0.06926
|3X^CV(5->10')>    0.05748
|3X^CV(3->13')>   -0.05881
|3X^CV(2->3')>    0.06354
|3X^CV(2->4')>    0.06535
|3X^CV(1->3')>    0.06109
|3X^CV(1->4')>    0.05916
|3X^CV(1->17')>   -0.05647
|3^ZCV0(3->13')>   -0.05750
|3^ZCV0(2->3')>    0.08294
|3^ZCV0(2->4')>    0.09338
|3^ZCV0(1->3')>    0.08898
|3^ZCV0(1->4')>    0.07720
|3^ZCV0'(39->3')>   -0.06653
|3^ZCV0'(39->4')>   -0.07071
|3^ZCV0'(38->3')>   -0.06839
|3^ZCV0'(38->4')>   -0.06288
|3^SVD(12,13)>    0.06471
TDMs with Triplet 'Ground' state
TDMX:-0.133   TDMY:0.726   TDMZ:-0.283   Oscillator Strength:0.07112   <S**2>: 2.000
--------------------------------------------------------------------
TDMs with Singlet 'Ground' state
TDMX:0.000   TDMY:0.000   TDMZ:0.000   Oscillator Strength:0.00000   <S**2>: 2.000
--------------------------------------------------------------------


State 143 4.661 eV 
Excitation    CI Coef
|1^CS(13->0)>   -0.05497
|1^CS(10->0)>    0.25772
|1^CS(9->0)>   -0.25795
|1^CS(3->0)>   -0.05876
|1^CS(19->0')>    0.05323
|1^CS(10->0')>    0.13897
|1^CS(9->0')>   -0.14104
|1^CS(3->0')>   -0.07404
|1^SV(0->1')>   -0.05527
|1^SV(0->6')>    0.16400
|1^SV(0->7')>    0.18142
|1^SV(0'->2')>    0.06729
|1^SV(0'->6')>    0.23305
|1^SV(0'->7')>    0.23617
|1T^CV(20->6')>    0.07326
|1T^CV(20->7')>    0.07075
|1T^CV(19->6')>   -0.08426
|1T^CV(19->7')>   -0.08235
|1T^CV(14->7')>    0.05128
|1T^CV(13->1')>   -0.06979
|1T^CV(12->1')>   -0.06622
|1T^CV(12->6')>   -0.11880
|1T^CV(12->7')>   -0.11811
|1T^CV(11->6')>    0.09708
|1T^CV(11->7')>    0.09558
|1T^CV(10->1')>   -0.25118
|1T^CV(10->2')>    0.24408
|1T^CV(10->5')>   -0.09575
|1T^CV(10->13')>    0.15268
|1T^CV(10->15')>    0.05038
|1T^CV(10->16')>   -0.06734
|1T^CV(10->20')>    0.06413
|1T^CV(10->21')>   -0.07994
|1T^CV(9->1')>    0.24564
|1T^CV(9->2')>   -0.25119
|1T^CV(9->5')>    0.09717
|1T^CV(9->13')>   -0.15248
|1T^CV(9->16')>    0.06880
|1T^CV(9->20')>   -0.06497
|1T^CV(9->21')>    0.07904
|1T^CV(3->6')>    0.07830
|1T^CV(3->7')>    0.06983
|1^ZCV0(12->6')>    0.06363
|1^ZCV0(12->7')>    0.06462
|1^ZCV0(9->2')>   -0.05140
|1^ZCV0'(10->2')>   -0.07123
|1^ZCV0'(10->13')>   -0.08113
|1^ZCV0'(9->2')>    0.07404
|1^ZCV0'(9->13')>    0.08181
TDMs with Triplet 'Ground' state
TDMX:0.000   TDMY:0.000   TDMZ:0.000   Oscillator Strength:0.00000   <S**2>: 0.000
--------------------------------------------------------------------
TDMs with Singlet 'Ground' state
TDMX:0.314   TDMY:0.158   TDMZ:-0.045   Oscillator Strength:0.01437   <S**2>: 0.000
--------------------------------------------------------------------


State 144 4.698 eV 
Excitation    CI Coef
|3^CS(18->0)>   -0.05766
|3^CS(17->0)>    0.12305
|3^CS(14->0)>   -0.13295
|3^CS(12->0)>   -0.10734
|3^CS(11->0)>    0.08079
|3^CS(18->0')>    0.10507
|3^CS(17->0')>   -0.05495
|3^CS(14->0')>    0.08029
|3^CS(13->0')>   -0.13891
|3^CS(12->0')>    0.06935
|3^CS(11->0')>   -0.05968
|3^CS(8->0')>    0.05606
|3^SV(0->5')>   -0.30251
|3^SV(0->11')>   -0.05303
|3^SV(0->12')>   -0.19647
|3^SV(0->13')>    0.14244
|3^SV(0->14')>   -0.25417
|3^SV(0->15')>    0.05022
|3^SV(0->20')>   -0.05654
|3^SV(0'->5')>    0.29692
|3^SV(0'->10')>   -0.06664
|3^SV(0'->12')>    0.40082
|3^SV(0'->13')>    0.07421
|3^SV(0'->14')>    0.14206
|3T^CV(13->1')>   -0.05171
|3T^CV(12->1')>   -0.05109
|3T^CV(12->5')>    0.07170
|3T^CV(12->12')>    0.08066
|3T^CV(12->14')>    0.05070
|3T^CV(11->2')>    0.05264
|3T^CV(11->12')>   -0.05365
|3T^CV(8->1')>    0.05724
|3T^CV(3->2')>    0.05859
|3X^CV(14->5')>    0.05560
|3X^CV(14->12')>    0.08445
|3X^CV(13->2')>    0.05410
|3X^CV(12->2')>    0.09198
|3X^CV(12->12')>   -0.06269
|3X^CV(12->14')>   -0.10080
|3X^CV(11->14')>    0.05708
|3X^CV(10->7')>    0.05061
|3X^CV(9->6')>   -0.05272
|3X^CV(8->12')>    0.05434
|3X^CV(2->3')>   -0.07472
|3X^CV(2->4')>   -0.07788
|3X^CV(1->3')>   -0.07438
|3X^CV(1->4')>   -0.07099
|3^ZCV0(13->5')>   -0.06016
|3^ZCV0(13->12')>   -0.05522
|3^ZCV0(12->1')>    0.07617
|3^ZCV0(12->2')>   -0.06876
|3^ZCV0(12->5')>    0.05545
|3^ZCV0(12->12')>    0.08229
|3^ZCV0(11->12')>   -0.05908
|3^ZCV0'(55->5')>   -0.06350
|3^ZCV0'(55->12')>   -0.06335
|3^ZCV0'(49->1')>   -0.07356
|3^ZCV0'(49->2')>    0.06324
|3^SVD(5,13)>    0.06040
|3^SVD(5,14)>   -0.05833
TDMs with Triplet 'Ground' state
TDMX:0.171   TDMY:-0.194   TDMZ:0.193   Oscillator Strength:0.01197   <S**2>: 2.000
--------------------------------------------------------------------
TDMs with Singlet 'Ground' state
TDMX:0.000   TDMY:0.000   TDMZ:0.000   Oscillator Strength:0.00000   <S**2>: 2.000
--------------------------------------------------------------------


State 145 4.705 eV 
Excitation    CI Coef
|1^OS>    0.07668
|1^ZW+>   -0.06270
|1^CS(17->0)>   -0.07583
|1^CS(11->0)>   -0.06415
|1^CS(5->0)>   -0.12407
|1^CS(4->0)>   -0.14512
|1^CS(18->0')>   -0.07154
|1^CS(17->0')>    0.07506
|1^CS(13->0')>    0.05608
|1^CS(11->0')>    0.07508
|1^CS(8->0')>    0.06910
|1^CS(6->0')>   -0.07964
|1^CS(5->0')>    0.15842
|1^CS(4->0')>    0.15198
|1^CS(3->0')>    0.10835
|1^SV(0->1')>   -0.05299
|1^SV(0->5')>    0.14153
|1^SV(0->10')>   -0.05774
|1^SV(0->12')>    0.13837
|1^SV(0'->10')>    0.12893
|1^SV(0'->11')>    0.12870
|1T^CV(15->10')>   -0.05779
|1T^CV(15->11')>   -0.06311
|1T^CV(14->2')>    0.05113
|1T^CV(12->10')>    0.06204
|1T^CV(12->11')>    0.06912
|1T^CV(12->12')>   -0.06641
|1T^CV(11->10')>    0.11253
|1T^CV(11->11')>    0.10217
|1T^CV(11->12')>    0.05161
|1T^CV(8->3')>    0.06690
|1T^CV(8->4')>   -0.06530
|1T^CV(8->5')>   -0.06490
|1T^CV(8->10')>    0.06014
|1T^CV(8->11')>    0.08158
|1T^CV(8->13')>   -0.05788
|1T^CV(6->3')>   -0.07383
|1T^CV(6->4')>    0.08164
|1T^CV(6->5')>    0.05119
|1T^CV(6->12')>   -0.07156
|1T^CV(6->13')>    0.06368
|1T^CV(5->1')>    0.07314
|1T^CV(5->2')>    0.09761
|1T^CV(5->3')>    0.16573
|1T^CV(5->4')>   -0.16886
|1T^CV(5->5')>   -0.09383
|1T^CV(5->12')>    0.16691
|1T^CV(5->13')>   -0.12271
|1T^CV(5->14')>   -0.08562
|1T^CV(5->17')>   -0.05597
|1T^CV(5->18')>   -0.06791
|1T^CV(4->1')>    0.05082
|1T^CV(4->2')>    0.09965
|1T^CV(4->3')>    0.13790
|1T^CV(4->4')>   -0.13194
|1T^CV(4->5')>   -0.06756
|1T^CV(4->12')>    0.13871
|1T^CV(4->13')>   -0.10339
|1T^CV(4->14')>   -0.07989
|1T^CV(4->18')>   -0.05187
|1T^CV(3->2')>    0.05346
|1T^CV(3->10')>   -0.06336
|1T^CV(3->11')>   -0.05800
|1T^CV(2->3')>    0.05757
|1T^CV(2->4')>    0.05913
|1T^CV(2->10')>   -0.12063
|1T^CV(2->11')>   -0.11237
|1T^CV(1->3')>    0.05609
|1T^CV(1->4')>    0.05386
|1T^CV(1->10')>    0.11494
|1T^CV(1->11')>    0.13329
|1^ZCV0(5->3')>   -0.07523
|1^ZCV0(5->4')>    0.07856
|1^ZCV0(5->5')>    0.05003
|1^ZCV0(5->12')>   -0.08405
|1^ZCV0(5->13')>    0.06371
|1^ZCV0(4->3')>   -0.06370
|1^ZCV0(4->4')>    0.06414
|1^ZCV0(4->12')>   -0.07790
|1^ZCV0(4->13')>    0.05360
|1^ZCV0(2->10')>   -0.06825
|1^ZCV0(2->11')>   -0.07560
|1^ZCV0(1->10')>    0.07629
|1^ZCV0(1->11')>    0.07669
|1^ZCV0'(11->10')>   -0.06017
|1^ZCV0'(11->11')>   -0.06580
|1^ZCV0'(5->2')>    0.05416
|1^ZCV0'(5->3')>    0.07595
|1^ZCV0'(5->4')>   -0.07835
|1^ZCV0'(5->12')>    0.06730
|1^ZCV0'(5->13')>   -0.06740
|1^ZCV0'(4->3')>    0.06351
|1^ZCV0'(4->4')>   -0.06412
|1^ZCV0'(4->12')>    0.05723
|1^ZCV0'(4->13')>   -0.05229
|1^ZCV0'(2->10')>    0.07243
|1^ZCV0'(2->11')>    0.07917
|1^ZCV0'(1->10')>   -0.07936
|1^ZCV0'(1->11')>   -0.08046
TDMs with Triplet 'Ground' state
TDMX:0.000   TDMY:0.000   TDMZ:0.000   Oscillator Strength:0.00000   <S**2>: 0.000
--------------------------------------------------------------------
TDMs with Singlet 'Ground' state
TDMX:-0.021   TDMY:-0.407   TDMZ:-0.194   Oscillator Strength:0.02349   <S**2>: 0.000
--------------------------------------------------------------------


State 146 4.716 eV 
Excitation    CI Coef
|1^OS>   -0.13641
|1^ZW+>    0.14716
|1^CS(18->0)>   -0.10704
|1^CS(17->0)>    0.12884
|1^CS(11->0)>    0.12542
|1^CS(8->0)>   -0.18127
|1^CS(6->0)>    0.08359
|1^CS(20->0')>    0.05436
|1^CS(18->0')>    0.12367
|1^CS(17->0')>   -0.13426
|1^CS(14->0')>    0.12149
|1^CS(13->0')>   -0.09927
|1^CS(11->0')>   -0.12308
|1^CS(6->0')>   -0.05176
|1^CS(5->0')>    0.11118
|1^CS(3->0')>   -0.16414
|1^SV(0->1')>    0.09813
|1^SV(0->5')>   -0.28254
|1^SV(0->12')>   -0.28601
|1^SV(0->14')>   -0.07585
|1^SV(0->19')>    0.05901
|1^SV(0'->5')>    0.05939
|1^SV(0'->11')>    0.06681
|1^SV(0'->14')>   -0.05904
|1^SV(0'->15')>    0.05745
|1^SV(0'->16')>   -0.06094
|1^SV(0'->19')>   -0.05960
|1T^CV(20->2')>    0.05417
|1T^CV(18->12')>    0.06805
|1T^CV(17->5')>   -0.06441
|1T^CV(17->12')>   -0.07406
|1T^CV(16->3')>    0.07466
|1T^CV(16->4')>    0.07559
|1T^CV(15->3')>    0.05940
|1T^CV(15->4')>    0.05829
|1T^CV(14->1')>    0.10851
|1T^CV(14->2')>   -0.07697
|1T^CV(14->13')>    0.05027
|1T^CV(13->1')>   -0.08700
|1T^CV(13->5')>   -0.05304
|1T^CV(12->2')>   -0.06023
|1T^CV(12->5')>    0.08259
|1T^CV(12->12')>    0.14246
|1T^CV(12->13')>    0.05488
|1T^CV(11->2')>   -0.06707
|1T^CV(11->11')>    0.07415
|1T^CV(11->12')>   -0.07720
|1T^CV(8->2')>    0.07606
|1T^CV(8->12')>    0.07900
|1T^CV(8->14')>   -0.08313
|1T^CV(6->12')>   -0.05766
|1T^CV(5->2')>    0.06514
|1T^CV(5->3')>    0.09290
|1T^CV(5->4')>   -0.07789
|1T^CV(5->5')>   -0.05711
|1T^CV(5->12')>    0.07754
|1T^CV(5->13')>   -0.08014
|1T^CV(4->3')>    0.06329
|1T^CV(4->4')>   -0.08314
|1T^CV(4->12')>    0.05768
|1T^CV(4->13')>   -0.05164
|1T^CV(3->2')>   -0.07844
|1T^CV(3->14')>   -0.07433
|1T^CV(2->3')>   -0.11968
|1T^CV(2->4')>   -0.09419
|1T^CV(2->11')>   -0.07249
|1T^CV(1->3')>   -0.08778
|1T^CV(1->4')>   -0.11425
|1T^CV(1->10')>    0.07186
|1^ZCV0(11->2')>    0.06805
|1^ZCV0(11->5')>    0.05093
|1^ZCV0(3->2')>    0.09686
|1^ZCV0'(13->1')>    0.05064
|1^ZCV0'(12->1')>    0.06349
|1^ZCV0'(11->2')>   -0.07019
|1^ZCV0'(11->5')>   -0.07824
|1^ZCV0'(3->2')>   -0.07216
TDMs with Triplet 'Ground' state
TDMX:0.000   TDMY:0.000   TDMZ:0.000   Oscillator Strength:0.00000   <S**2>: 0.000
--------------------------------------------------------------------
TDMs with Singlet 'Ground' state
TDMX:0.168   TDMY:-0.813   TDMZ:0.398   Oscillator Strength:0.09791   <S**2>: 0.000
--------------------------------------------------------------------


State 147 4.718 eV 
Excitation    CI Coef
|3^CS(12->0)>   -0.08966
|3^CS(11->0)>    0.06106
|3^CS(8->0)>    0.06441
|3^CS(6->0)>   -0.07666
|3^CS(5->0)>    0.11029
|3^CS(4->0)>    0.09904
|3^CS(3->0)>   -0.05494
|3^CS(2->0)>   -0.05552
|3^CS(1->0)>    0.05471
|3^CS(8->0')>   -0.08552
|3^CS(6->0')>    0.07450
|3^CS(5->0')>   -0.14376
|3^CS(4->0')>   -0.06379
|3^CS(2->0')>    0.05542
|3^CS(1->0')>   -0.06146
|3^SV(0->10')>    0.14759
|3^SV(0->11')>    0.10489
|3^SV(0->14')>   -0.08652
|3^SV(0'->5')>    0.05571
|3^SV(0'->10')>    0.12836
|3^SV(0'->11')>    0.14366
|3X^CV(12->1')>   -0.05748
|3X^CV(12->10')>    0.08062
|3X^CV(12->11')>    0.06603
|3X^CV(11->10')>    0.10981
|3X^CV(11->11')>    0.12067
|3X^CV(8->10')>    0.07660
|3X^CV(8->11')>    0.06976
|3X^CV(6->12')>    0.05881
|3X^CV(5->1')>   -0.06591
|3X^CV(5->2')>   -0.09232
|3X^CV(5->3')>   -0.11078
|3X^CV(5->4')>    0.10529
|3X^CV(5->5')>    0.06627
|3X^CV(5->12')>   -0.11087
|3X^CV(5->13')>    0.06867
|3X^CV(4->1')>   -0.05071
|3X^CV(4->2')>   -0.07030
|3X^CV(4->3')>   -0.09441
|3X^CV(4->4')>    0.09957
|3X^CV(4->5')>    0.05026
|3X^CV(4->11')>   -0.05340
|3X^CV(4->12')>   -0.07990
|3X^CV(4->13')>    0.06070
|3X^CV(3->10')>   -0.06301
|3X^CV(3->11')>   -0.07070
|3X^CV(2->10')>   -0.12067
|3X^CV(2->11')>   -0.13147
|3X^CV(1->10')>    0.13019
|3X^CV(1->11')>    0.13784
|3^ZCV0(12->10')>    0.05812
|3^ZCV0(12->11')>    0.06421
|3^ZCV0(11->10')>    0.07482
|3^ZCV0(11->11')>    0.07819
|3^ZCV0(8->10')>    0.06661
|3^ZCV0(8->11')>    0.06308
|3^ZCV0(6->12')>    0.05366
|3^ZCV0(5->1')>   -0.05931
|3^ZCV0(5->2')>   -0.06700
|3^ZCV0(5->3')>   -0.09769
|3^ZCV0(5->4')>    0.11952
|3^ZCV0(5->5')>    0.06527
|3^ZCV0(5->12')>   -0.11121
|3^ZCV0(5->13')>    0.07177
|3^ZCV0(5->14')>    0.05671
|3^ZCV0(4->1')>   -0.05827
|3^ZCV0(4->2')>   -0.06256
|3^ZCV0(4->3')>   -0.10620
|3^ZCV0(4->4')>    0.09104
|3^ZCV0(4->5')>    0.06103
|3^ZCV0(4->12')>   -0.07305
|3^ZCV0(4->13')>    0.06791
|3^ZCV0(3->10')>   -0.06015
|3^ZCV0(3->11')>   -0.06638
|3^ZCV0(2->10')>   -0.10938
|3^ZCV0(2->11')>   -0.12566
|3^ZCV0(1->10')>    0.12486
|3^ZCV0(1->11')>    0.12413
|3^ZCV0'(49->10')>   -0.06263
|3^ZCV0'(49->11')>   -0.06396
|3^ZCV0'(48->10')>   -0.09390
|3^ZCV0'(48->11')>   -0.09540
|3^ZCV0'(45->10')>   -0.05804
|3^ZCV0'(45->11')>   -0.05518
|3^ZCV0'(43->3')>   -0.05580
|3^ZCV0'(43->12')>   -0.05242
|3^ZCV0'(42->1')>    0.07714
|3^ZCV0'(42->2')>    0.08135
|3^ZCV0'(42->3')>    0.11224
|3^ZCV0'(42->4')>   -0.13518
|3^ZCV0'(42->5')>   -0.06978
|3^ZCV0'(42->12')>    0.10973
|3^ZCV0'(42->13')>   -0.07533
|3^ZCV0'(42->14')>   -0.05119
|3^ZCV0'(41->1')>    0.06623
|3^ZCV0'(41->2')>    0.07717
|3^ZCV0'(41->3')>    0.11696
|3^ZCV0'(41->4')>   -0.10141
|3^ZCV0'(41->5')>   -0.06620
|3^ZCV0'(41->12')>    0.07358
|3^ZCV0'(41->13')>   -0.06401
|3^ZCV0'(40->10')>    0.05247
|3^ZCV0'(40->11')>    0.05707
|3^ZCV0'(39->10')>    0.09655
|3^ZCV0'(39->11')>    0.10945
|3^ZCV0'(38->10')>   -0.10826
|3^ZCV0'(38->11')>   -0.10998
TDMs with Triplet 'Ground' state
TDMX:-0.035   TDMY:0.311   TDMZ:0.084   Oscillator Strength:0.01216   <S**2>: 2.000
--------------------------------------------------------------------
TDMs with Singlet 'Ground' state
TDMX:0.000   TDMY:0.000   TDMZ:0.000   Oscillator Strength:0.00000   <S**2>: 2.000
--------------------------------------------------------------------


State 148 4.728 eV 
Excitation    CI Coef
|1^CS(8->0)>   -0.07727
|1^CS(7->0)>   -0.13704
|1^CS(6->0)>   -0.11625
|1^CS(8->0')>    0.08984
|1^CS(7->0')>    0.20139
|1^CS(6->0')>    0.17082
|1^CS(4->0')>    0.05945
|1^SV(0->8')>   -0.05179
|1^SV(0'->8')>    0.13257
|1^SV(0'->9')>    0.13426
|1T^CV(16->9')>   -0.05065
|1T^CV(15->8')>    0.06377
|1T^CV(15->9')>    0.06363
|1T^CV(12->8')>    0.06909
|1T^CV(12->9')>    0.06788
|1T^CV(11->8')>    0.11452
|1T^CV(11->9')>    0.11671
|1T^CV(8->1')>    0.05884
|1T^CV(8->2')>    0.05981
|1T^CV(8->3')>   -0.07973
|1T^CV(8->4')>    0.07981
|1T^CV(8->8')>    0.06879
|1T^CV(8->9')>    0.07200
|1T^CV(8->12')>    0.09329
|1T^CV(8->13')>   -0.05680
|1T^CV(7->1')>    0.08468
|1T^CV(7->2')>    0.12552
|1T^CV(7->3')>   -0.19960
|1T^CV(7->4')>    0.19419
|1T^CV(7->5')>   -0.09633
|1T^CV(7->12')>    0.18589
|1T^CV(7->13')>   -0.14729
|1T^CV(7->14')>   -0.08679
|1T^CV(7->16')>    0.06152
|1T^CV(7->17')>    0.06557
|1T^CV(7->20')>    0.05276
|1T^CV(6->1')>    0.06629
|1T^CV(6->2')>    0.10174
|1T^CV(6->3')>   -0.17431
|1T^CV(6->4')>    0.17413
|1T^CV(6->5')>   -0.08030
|1T^CV(6->12')>    0.15849
|1T^CV(6->13')>   -0.12586
|1T^CV(6->14')>   -0.07778
|1T^CV(6->16')>    0.05572
|1T^CV(6->17')>    0.05765
|1T^CV(4->3')>   -0.05653
|1T^CV(4->4')>    0.05585
|1T^CV(4->12')>    0.05343
|1T^CV(3->8')>   -0.06396
|1T^CV(3->9')>   -0.06530
|1T^CV(2->8')>    0.11805
|1T^CV(2->9')>    0.12039
|1T^CV(1->8')>   -0.12684
|1T^CV(1->9')>   -0.12613
|1^ZCV0(7->2')>   -0.05669
|1^ZCV0(7->3')>    0.09021
|1^ZCV0(7->4')>   -0.08967
|1^ZCV0(7->12')>   -0.09718
|1^ZCV0(7->13')>    0.07208
|1^ZCV0(7->14')>    0.05924
|1^ZCV0(6->3')>    0.08047
|1^ZCV0(6->4')>   -0.07982
|1^ZCV0(6->12')>   -0.08217
|1^ZCV0(6->13')>    0.06308
|1^ZCV0(6->14')>    0.05087
|1^ZCV0(2->8')>    0.07603
|1^ZCV0(2->9')>    0.07516
|1^ZCV0(1->8')>   -0.07960
|1^ZCV0(1->9')>   -0.08118
|1^ZCV0'(11->8')>   -0.06569
|1^ZCV0'(11->9')>   -0.06513
|1^ZCV0'(7->2')>    0.06659
|1^ZCV0'(7->3')>   -0.09066
|1^ZCV0'(7->4')>    0.08888
|1^ZCV0'(7->12')>    0.07853
|1^ZCV0'(7->13')>   -0.07948
|1^ZCV0'(6->2')>    0.05476
|1^ZCV0'(6->3')>   -0.08106
|1^ZCV0'(6->4')>    0.07974
|1^ZCV0'(6->12')>    0.06635
|1^ZCV0'(6->13')>   -0.06983
|1^ZCV0'(2->8')>   -0.08075
|1^ZCV0'(2->9')>   -0.07945
|1^ZCV0'(1->8')>    0.08352
|1^ZCV0'(1->9')>    0.08550
|1^CSD_(11,7)>    0.05320
TDMs with Triplet 'Ground' state
TDMX:0.000   TDMY:0.000   TDMZ:0.000   Oscillator Strength:0.00000   <S**2>: 0.000
--------------------------------------------------------------------
TDMs with Singlet 'Ground' state
TDMX:0.080   TDMY:-0.005   TDMZ:-0.369   Oscillator Strength:0.01647   <S**2>: 0.000
--------------------------------------------------------------------


State 149 4.734 eV 
Excitation    CI Coef
|3^CS(19->0)>   -0.05844
|3^CS(18->0)>   -0.07441
|3^CS(14->0)>    0.06938
|3^CS(12->0)>    0.32991
|3^CS(11->0)>   -0.15858
|3^CS(5->0)>    0.08576
|3^CS(3->0)>    0.22438
|3^CS(18->0')>   -0.09437
|3^CS(14->0')>   -0.05400
|3^CS(13->0')>    0.07486
|3^CS(12->0')>    0.17904
|3^CS(11->0')>   -0.19019
|3^CS(8->0')>    0.14487
|3^CS(4->0')>   -0.16727
|3^SV(0->5')>   -0.18429
|3^SV(0->11')>    0.10185
|3^SV(0->14')>    0.08565
|3^SV(0'->10')>    0.07782
|3^SV(0'->12')>    0.16637
|3^SV(0'->14')>    0.06839
|3T^CV(14->2')>   -0.05512
|3T^CV(13->1')>    0.08990
|3T^CV(12->1')>    0.16177
|3T^CV(12->13')>    0.05007
|3T^CV(11->2')>   -0.12618
|3T^CV(3->1')>    0.05361
|3T^CV(3->2')>   -0.15644
|3X^CV(14->2')>   -0.06806
|3X^CV(14->5')>   -0.05378
|3X^CV(13->1')>    0.10603
|3X^CV(13->2')>    0.08419
|3X^CV(12->1')>    0.18506
|3X^CV(12->2')>    0.07592
|3X^CV(12->11')>    0.05351
|3X^CV(11->1')>   -0.05702
|3X^CV(11->2')>   -0.13074
|3X^CV(11->5')>   -0.10828
|3X^CV(8->14')>    0.05839
|3X^CV(4->12')>   -0.05236
|3X^CV(3->2')>   -0.22549
|3X^CV(3->5')>   -0.07326
|3^ZCV0(14->1')>   -0.06751
|3^ZCV0(12->2')>    0.05077
|3^ZCV0(12->14')>   -0.06982
|3^ZCV0(11->14')>    0.06943
|3^ZCV0(8->1')>   -0.06784
|3^ZCV0(5->3')>   -0.06591
|3^ZCV0(4->4')>    0.06071
|3^ZCV0(4->12')>   -0.05545
|3^ZCV0(3->2')>    0.05260
|3^ZCV0(1->11')>    0.05153
|3^ZCV0'(51->1')>    0.05332
|3^ZCV0'(49->1')>   -0.05381
|3^ZCV0'(48->2')>   -0.06108
|3^ZCV0'(45->1')>    0.05466
|3^ZCV0'(42->3')>    0.07156
|3^ZCV0'(41->4')>   -0.06527
TDMs with Triplet 'Ground' state
TDMX:0.013   TDMY:-0.756   TDMZ:-0.472   Oscillator Strength:0.09226   <S**2>: 2.000
--------------------------------------------------------------------
TDMs with Singlet 'Ground' state
TDMX:0.000   TDMY:0.000   TDMZ:0.000   Oscillator Strength:0.00000   <S**2>: 2.000
--------------------------------------------------------------------


State 150 4.746 eV 
Excitation    CI Coef
|3^CS(12->0)>    0.10004
|3^CS(8->0)>    0.05701
|3^CS(6->0)>   -0.10956
|3^CS(5->0)>   -0.16982
|3^CS(4->0)>    0.13609
|3^CS(3->0)>    0.05376
|3^CS(18->0')>   -0.05291
|3^CS(8->0')>    0.09744
|3^CS(6->0')>   -0.09108
|3^CS(5->0')>   -0.15565
|3^CS(4->0')>    0.09384
|3^SV(0->10')>    0.28580
|3^SV(0->11')>   -0.26557
|3^SV(0'->10')>   -0.24490
|3^SV(0'->11')>    0.24509
|3T^CV(12->10')>   -0.06816
|3T^CV(12->11')>    0.07390
|3T^CV(5->1')>   -0.06810
|3T^CV(5->13')>   -0.05441
|3T^CV(4->1')>    0.05573
|3T^CV(2->10')>   -0.05320
|3T^CV(1->11')>    0.05175
|3X^CV(18->10')>    0.08580
|3X^CV(18->11')>   -0.08840
|3X^CV(17->10')>   -0.06432
|3X^CV(17->11')>    0.06114
|3X^CV(16->10')>   -0.06025
|3X^CV(16->11')>    0.06636
|3X^CV(15->10')>   -0.05069
|3X^CV(13->10')>   -0.06795
|3X^CV(13->11')>    0.05965
|3X^CV(12->10')>    0.10774
|3X^CV(12->11')>   -0.09455
|3X^CV(11->11')>    0.06578
|3X^CV(5->3')>   -0.08432
|3X^CV(5->4')>   -0.09694
|3X^CV(5->12')>    0.05419
|3X^CV(5->14')>   -0.07068
|3X^CV(4->3')>    0.08444
|3X^CV(4->4')>    0.08206
|3X^CV(3->2')>   -0.05301
|3^ZCV0(12->10')>   -0.06676
|3^ZCV0(12->11')>    0.06647
|3^ZCV0(8->3')>   -0.05464
|3^ZCV0(6->13')>   -0.05500
|3^ZCV0(6->14')>    0.05104
|3^ZCV0(5->3')>    0.11539
|3^ZCV0(5->4')>    0.12550
|3^ZCV0(5->5')>   -0.05749
|3^ZCV0(5->12')>   -0.08680
|3^ZCV0(5->13')>   -0.07907
|3^ZCV0(5->14')>    0.09351
|3^ZCV0(4->3')>   -0.11667
|3^ZCV0(4->4')>   -0.10319
|3^ZCV0(4->12')>    0.05417
|3^ZCV0(4->13')>    0.06837
|3^ZCV0(4->14')>   -0.06746
|3^ZCV0'(55->10')>    0.05308
|3^ZCV0'(55->11')>   -0.05337
|3^ZCV0'(45->3')>    0.05674
|3^ZCV0'(42->3')>   -0.11800
|3^ZCV0'(42->4')>   -0.12871
|3^ZCV0'(42->5')>    0.05864
|3^ZCV0'(42->12')>    0.08461
|3^ZCV0'(42->14')>   -0.05789
|3^ZCV0'(41->3')>    0.11933
|3^ZCV0'(41->4')>    0.10486
|3^ZCV0'(41->12')>   -0.05453
|3^SVD(10,13)>   -0.05460
|3^SVD(11,13)>    0.05448
TDMs with Triplet 'Ground' state
TDMX:-0.137   TDMY:0.487   TDMZ:-0.391   Oscillator Strength:0.04755   <S**2>: 2.000
--------------------------------------------------------------------
TDMs with Singlet 'Ground' state
TDMX:0.000   TDMY:0.000   TDMZ:0.000   Oscillator Strength:0.00000   <S**2>: 2.000
--------------------------------------------------------------------


State 151 4.747 eV 
Excitation    CI Coef
|3^CS(12->0)>    0.05420
|3^CS(10->0)>   -0.35891
|3^CS(9->0)>   -0.35282
|3^CS(10->0')>    0.29158
|3^CS(9->0')>    0.28916
|3^SV(0->6')>    0.18792
|3^SV(0->7')>   -0.20189
|3^SV(0'->6')>    0.16933
|3^SV(0'->7')>   -0.18146
|3T^CV(10->2')>    0.12539
|3T^CV(10->12')>    0.05936
|3T^CV(9->2')>    0.12231
|3T^CV(9->12')>    0.05899
|3X^CV(11->6')>    0.08705
|3X^CV(11->7')>   -0.08676
|3X^CV(10->2')>    0.16614
|3X^CV(10->12')>    0.11161
|3X^CV(9->2')>    0.16964
|3X^CV(9->12')>    0.10927
|3^ZCV0(19->6')>    0.05597
|3^ZCV0(19->7')>   -0.05595
|3^ZCV0(11->6')>    0.05806
|3^ZCV0(11->7')>   -0.05691
|3^ZCV0(10->1')>   -0.09879
|3^ZCV0(10->12')>    0.09074
|3^ZCV0(9->1')>   -0.10041
|3^ZCV0(9->12')>    0.08882
|3^ZCV0'(56->6')>   -0.05069
|3^ZCV0'(56->7')>    0.05031
|3^ZCV0'(48->6')>   -0.08626
|3^ZCV0'(48->7')>    0.08710
|3^ZCV0'(47->1')>    0.12117
|3^ZCV0'(47->21')>   -0.05855
|3^ZCV0'(46->1')>    0.12279
|3^ZCV0'(46->21')>   -0.05907
TDMs with Triplet 'Ground' state
TDMX:-0.005   TDMY:-0.057   TDMZ:0.096   Oscillator Strength:0.00146   <S**2>: 2.000
--------------------------------------------------------------------
TDMs with Singlet 'Ground' state
TDMX:0.000   TDMY:0.000   TDMZ:0.000   Oscillator Strength:0.00000   <S**2>: 2.000
--------------------------------------------------------------------


State 152 4.751 eV 
Excitation    CI Coef
|3^CS(10->0)>    0.06402
|3^CS(9->0)>    0.06409
|3^CS(8->0)>    0.05596
|3^CS(7->0)>    0.12391
|3^CS(6->0)>    0.09919
|3^CS(4->0)>    0.05153
|3^CS(10->0')>   -0.05160
|3^CS(9->0')>   -0.05232
|3^CS(7->0')>   -0.13320
|3^CS(6->0')>   -0.11631
|3^SV(0->8')>    0.14754
|3^SV(0->9')>    0.15097
|3^SV(0'->8')>    0.15950
|3^SV(0'->9')>    0.15914
|3X^CV(12->8')>    0.08179
|3X^CV(12->9')>    0.08326
|3X^CV(11->8')>    0.12854
|3X^CV(11->9')>    0.12824
|3X^CV(8->8')>    0.07965
|3X^CV(8->9')>    0.07920
|3X^CV(7->1')>   -0.06441
|3X^CV(7->2')>   -0.09366
|3X^CV(7->3')>    0.10920
|3X^CV(7->4')>   -0.10932
|3X^CV(7->5')>    0.06011
|3X^CV(7->12')>   -0.10700
|3X^CV(7->13')>    0.07135
|3X^CV(6->1')>   -0.05359
|3X^CV(6->2')>   -0.07764
|3X^CV(6->3')>    0.10207
|3X^CV(6->4')>   -0.10561
|3X^CV(6->12')>   -0.08754
|3X^CV(6->13')>    0.05833
|3X^CV(3->8')>   -0.07065
|3X^CV(3->9')>   -0.07003
|3X^CV(2->8')>    0.12886
|3X^CV(2->9')>    0.12848
|3X^CV(1->8')>   -0.13553
|3X^CV(1->9')>   -0.13762
|3^ZCV0(12->8')>    0.07038
|3^ZCV0(12->9')>    0.07007
|3^ZCV0(11->8')>    0.08797
|3^ZCV0(11->9')>    0.08834
|3^ZCV0(8->8')>    0.07564
|3^ZCV0(8->9')>    0.07428
|3^ZCV0(7->1')>   -0.05837
|3^ZCV0(7->2')>   -0.07061
|3^ZCV0(7->3')>    0.10775
|3^ZCV0(7->4')>   -0.10145
|3^ZCV0(7->5')>    0.05945
|3^ZCV0(7->12')>   -0.09858
|3^ZCV0(7->13')>    0.07392
|3^ZCV0(6->2')>   -0.05536
|3^ZCV0(6->3')>    0.10029
|3^ZCV0(6->4')>   -0.09740
|3^ZCV0(6->12')>   -0.08389
|3^ZCV0(6->13')>    0.05832
|3^ZCV0(3->8')>   -0.07206
|3^ZCV0(3->9')>   -0.07237
|3^ZCV0(2->8')>    0.12724
|3^ZCV0(2->9')>    0.12771
|3^ZCV0(1->8')>   -0.13445
|3^ZCV0(1->9')>   -0.13572
|3^ZCV0'(49->8')>   -0.07281
|3^ZCV0'(49->9')>   -0.07280
|3^ZCV0'(48->8')>   -0.10826
|3^ZCV0'(48->9')>   -0.10886
|3^ZCV0'(45->8')>   -0.06544
|3^ZCV0'(45->9')>   -0.06385
|3^ZCV0'(44->1')>    0.07578
|3^ZCV0'(44->2')>    0.08681
|3^ZCV0'(44->3')>   -0.12352
|3^ZCV0'(44->4')>    0.11699
|3^ZCV0'(44->5')>   -0.06368
|3^ZCV0'(44->12')>    0.09770
|3^ZCV0'(44->13')>   -0.07529
|3^ZCV0'(43->1')>    0.06391
|3^ZCV0'(43->2')>    0.06862
|3^ZCV0'(43->3')>   -0.11487
|3^ZCV0'(43->4')>    0.11179
|3^ZCV0'(43->12')>    0.08299
|3^ZCV0'(43->13')>   -0.06047
|3^ZCV0'(40->8')>    0.06129
|3^ZCV0'(40->9')>    0.06168
|3^ZCV0'(39->8')>   -0.10915
|3^ZCV0'(39->9')>   -0.11020
|3^ZCV0'(38->8')>    0.11601
|3^ZCV0'(38->9')>    0.11651
TDMs with Triplet 'Ground' state
TDMX:-0.012   TDMY:-0.056   TDMZ:0.071   Oscillator Strength:0.00097   <S**2>: 2.000
--------------------------------------------------------------------
TDMs with Singlet 'Ground' state
TDMX:0.000   TDMY:0.000   TDMZ:0.000   Oscillator Strength:0.00000   <S**2>: 2.000
--------------------------------------------------------------------


State 153 4.766 eV 
Excitation    CI Coef
|3^CS(8->0)>   -0.08699
|3^CS(7->0)>    0.18417
|3^CS(6->0)>   -0.14500
|3^CS(4->0)>   -0.07427
|3^CS(8->0')>   -0.08463
|3^CS(7->0')>    0.15730
|3^CS(6->0')>   -0.11995
|3^CS(4->0')>   -0.06023
|3^SV(0->8')>   -0.27699
|3^SV(0->9')>    0.27714
|3^SV(0'->8')>    0.24517
|3^SV(0'->9')>   -0.24433
|3T^CV(12->8')>    0.06736
|3T^CV(12->9')>   -0.06721
|3T^CV(7->1')>    0.06846
|3T^CV(7->13')>    0.05590
|3T^CV(6->1')>   -0.05162
|3X^CV(18->8')>   -0.08588
|3X^CV(18->9')>    0.08550
|3X^CV(17->8')>    0.06162
|3X^CV(17->9')>   -0.06143
|3X^CV(16->8')>   -0.06417
|3X^CV(16->9')>    0.06434
|3X^CV(15->8')>   -0.05025
|3X^CV(15->9')>    0.05070
|3X^CV(13->8')>    0.06841
|3X^CV(13->9')>   -0.06820
|3X^CV(12->8')>   -0.11081
|3X^CV(12->9')>    0.11124
|3X^CV(11->8')>    0.06862
|3X^CV(11->9')>   -0.06799
|3X^CV(7->3')>   -0.09781
|3X^CV(7->4')>   -0.09502
|3X^CV(7->12')>   -0.05345
|3X^CV(7->14')>    0.06952
|3X^CV(6->3')>    0.10058
|3X^CV(6->4')>    0.09985
|3X^CV(6->14')>   -0.05372
|3^ZCV0(12->8')>    0.07289
|3^ZCV0(12->9')>   -0.07263
|3^ZCV0(7->3')>    0.13868
|3^ZCV0(7->4')>    0.13541
|3^ZCV0(7->5')>    0.05599
|3^ZCV0(7->12')>    0.08644
|3^ZCV0(7->13')>    0.09309
|3^ZCV0(7->14')>   -0.09827
|3^ZCV0(6->3')>   -0.13060
|3^ZCV0(6->4')>   -0.12961
|3^ZCV0(6->12')>   -0.07102
|3^ZCV0(6->13')>   -0.07528
|3^ZCV0(6->14')>    0.07856
|3^ZCV0'(55->8')>   -0.05016
|3^ZCV0'(55->9')>    0.05007
|3^ZCV0'(45->3')>    0.05195
|3^ZCV0'(45->4')>    0.05130
|3^ZCV0'(44->2')>    0.05463
|3^ZCV0'(44->3')>   -0.14149
|3^ZCV0'(44->4')>   -0.13832
|3^ZCV0'(44->5')>   -0.05766
|3^ZCV0'(44->12')>   -0.08457
|3^ZCV0'(44->13')>   -0.05034
|3^ZCV0'(44->14')>    0.06059
|3^ZCV0'(43->3')>    0.13263
|3^ZCV0'(43->4')>    0.13177
|3^ZCV0'(43->12')>    0.06940
|3^ZCV0'(43->14')>   -0.05010
|3^SVD(8,13)>    0.05412
|3^SVD(9,13)>   -0.05395
TDMs with Triplet 'Ground' state
TDMX:-0.136   TDMY:0.085   TDMZ:-0.252   Oscillator Strength:0.01043   <S**2>: 2.000
--------------------------------------------------------------------
TDMs with Singlet 'Ground' state
TDMX:0.000   TDMY:0.000   TDMZ:0.000   Oscillator Strength:0.00000   <S**2>: 2.000
--------------------------------------------------------------------


State 154 4.776 eV 
Excitation    CI Coef
|1^CS(8->0)>   -0.06063
|1^CS(6->0)>    0.07236
|1^CS(5->0)>    0.17252
|1^CS(4->0)>   -0.14219
|1^CS(13->0')>    0.05153
|1^CS(12->0')>    0.08431
|1^CS(8->0')>   -0.06150
|1^CS(6->0')>    0.05858
|1^CS(5->0')>    0.14996
|1^CS(4->0')>   -0.13157
|1^SV(0->5')>    0.10471
|1^SV(0->10')>   -0.26930
|1^SV(0->11')>    0.26748
|1^SV(0'->10')>   -0.19370
|1^SV(0'->11')>    0.16676
|1T^CV(18->10')>    0.08602
|1T^CV(18->11')>   -0.08160
|1T^CV(17->10')>   -0.06332
|1T^CV(17->11')>    0.07016
|1T^CV(16->10')>   -0.08084
|1T^CV(16->11')>    0.07781
|1T^CV(15->10')>   -0.05872
|1T^CV(15->11')>    0.06496
|1T^CV(13->1')>    0.05745
|1T^CV(13->10')>   -0.09041
|1T^CV(13->11')>    0.09357
|1T^CV(12->10')>    0.15104
|1T^CV(12->11')>   -0.15448
|1T^CV(11->10')>   -0.10717
|1T^CV(11->11')>    0.10494
|1T^CV(8->1')>    0.05450
|1T^CV(8->10')>    0.08069
|1T^CV(8->11')>   -0.09006
|1T^CV(8->12')>    0.05631
|1T^CV(6->3')>    0.06394
|1T^CV(6->4')>    0.05701
|1T^CV(5->3')>    0.12275
|1T^CV(5->4')>    0.12819
|1T^CV(5->5')>   -0.06079
|1T^CV(5->12')>   -0.08037
|1T^CV(5->13')>   -0.05035
|1T^CV(5->14')>    0.11136
|1T^CV(5->17')>   -0.06087
|1T^CV(5->18')>    0.07575
|1T^CV(5->19')>   -0.06253
|1T^CV(4->3')>   -0.10594
|1T^CV(4->4')>   -0.10501
|1T^CV(4->10')>   -0.07559
|1T^CV(4->11')>    0.05583
|1T^CV(4->13')>    0.05171
|1T^CV(4->14')>   -0.10428
|1T^CV(4->17')>    0.05551
|1T^CV(4->18')>   -0.06101
|1T^CV(4->19')>    0.05459
|1T^CV(3->2')>   -0.07383
|1T^CV(3->10')>    0.07672
|1T^CV(3->11')>   -0.08363
|1T^CV(2->10')>    0.14415
|1T^CV(2->11')>   -0.15384
|1T^CV(1->10')>    0.13860
|1T^CV(1->11')>   -0.13893
|1^ZCV0(12->10')>   -0.07752
|1^ZCV0(12->11')>    0.07513
|1^ZCV0(11->10')>    0.05317
|1^ZCV0(11->11')>   -0.05776
|1^ZCV0(5->3')>    0.05567
|1^ZCV0(5->14')>    0.06252
|1^ZCV0(4->14')>   -0.05694
|1^ZCV0(2->10')>   -0.05381
|1^ZCV0(2->11')>    0.06422
|1^ZCV0(1->10')>   -0.05721
|1^ZCV0(1->11')>    0.05298
|1^ZCV0'(11->11')>    0.05386
|1^ZCV0'(5->3')>   -0.06677
|1^ZCV0'(5->4')>   -0.06121
|1^ZCV0'(4->4')>    0.05329
|1^ZCV0'(2->10')>    0.06094
|1^ZCV0'(2->11')>   -0.07189
|1^ZCV0'(1->10')>    0.06402
|1^ZCV0'(1->11')>   -0.05953
|1^SVD_(10',13')>    0.05180
TDMs with Triplet 'Ground' state
TDMX:0.000   TDMY:0.000   TDMZ:0.000   Oscillator Strength:0.00000   <S**2>: 0.000
--------------------------------------------------------------------
TDMs with Singlet 'Ground' state
TDMX:0.064   TDMY:0.034   TDMZ:0.203   Oscillator Strength:0.00544   <S**2>: 0.000
--------------------------------------------------------------------


State 155 4.784 eV 
Excitation    CI Coef
|1^ZW+>    0.08347
|1^CS(20->0)>    0.05754
|1^CS(17->0)>   -0.09725
|1^CS(14->0)>   -0.11624
|1^CS(13->0)>    0.11266
|1^CS(12->0)>    0.15539
|1^CS(3->0)>    0.05458
|1^CS(19->0')>    0.06158
|1^CS(18->0')>   -0.05771
|1^CS(17->0')>   -0.08973
|1^CS(14->0')>   -0.06645
|1^CS(13->0')>    0.17650
|1^CS(12->0')>    0.34200
|1^CS(11->0')>   -0.15079
|1^CS(6->0')>   -0.06749
|1^SV(0->1')>   -0.11638
|1^SV(0->2')>   -0.15630
|1^SV(0->5')>    0.09455
|1^SV(0->10')>    0.10076
|1^SV(0->11')>   -0.08503
|1^SV(0->12')>   -0.08940
|1^SV(0->13')>   -0.12066
|1^SV(0->14')>    0.10693
|1^SV(0->15')>    0.05918
|1^SV(0'->1')>    0.13149
|1^SV(0'->2')>    0.15451
|1^SV(0'->5')>   -0.10712
|1^SV(0'->11')>   -0.05564
|1^SV(0'->13')>    0.08708
|1^SV(0'->14')>   -0.18628
|1^SV(0'->20')>   -0.06562
|1T^CV(20->1')>    0.06537
|1T^CV(17->1')>   -0.07196
|1T^CV(17->13')>   -0.05185
|1T^CV(14->1')>   -0.10203
|1T^CV(14->5')>   -0.08432
|1T^CV(13->1')>    0.12625
|1T^CV(13->14')>    0.08573
|1T^CV(12->2')>    0.07718
|1T^CV(12->12')>    0.06134
|1T^CV(12->13')>    0.10177
|1T^CV(11->1')>   -0.07019
|1T^CV(11->5')>   -0.08702
|1T^CV(10->7')>    0.07365
|1T^CV(9->6')>   -0.07531
|1T^CV(8->1')>    0.21215
|1T^CV(8->12')>    0.06867
|1T^CV(6->1')>   -0.06597
|1T^CV(4->1')>   -0.12737
|1T^CV(4->12')>   -0.05659
|1T^CV(3->1')>   -0.06658
|1T^CV(3->2')>   -0.29236
|1T^CV(3->5')>    0.06428
|1^ZCV0(13->1')>    0.06653
|1^ZCV0(12->1')>    0.11701
|1^ZCV0(3->1')>    0.05526
|1^ZCV0'(12->1')>   -0.08582
|1^ZCV0'(12->13')>   -0.06744
|1^ZCV0'(11->2')>   -0.05560
|1^ZCV0'(11->5')>    0.05477
|1^ZCV0'(3->1')>   -0.05653
|1^CSD_(12,12)>   -0.08076
TDMs with Triplet 'Ground' state
TDMX:0.000   TDMY:0.000   TDMZ:0.000   Oscillator Strength:0.00000   <S**2>: 0.000
--------------------------------------------------------------------
TDMs with Singlet 'Ground' state
TDMX:-0.147   TDMY:0.131   TDMZ:-0.010   Oscillator Strength:0.00453   <S**2>: 0.000
--------------------------------------------------------------------


State 156 4.795 eV 
Excitation    CI Coef
|3^CS(18->0)>   -0.06614
|3^CS(12->0)>    0.14785
|3^CS(11->0)>   -0.19717
|3^CS(8->0)>    0.13753
|3^CS(4->0)>   -0.10693
|3^CS(3->0)>   -0.10337
|3^CS(14->0')>    0.06788
|3^CS(12->0')>    0.29470
|3^CS(11->0')>   -0.08913
|3^CS(8->0')>   -0.06531
|3^CS(4->0')>    0.07010
|3^CS(3->0')>    0.18143
|3^SV(0->2')>   -0.05940
|3^SV(0->5')>    0.06680
|3^SV(0->12')>   -0.19115
|3^SV(0->14')>   -0.16224
|3^SV(0'->2')>   -0.05290
|3^SV(0'->5')>    0.14016
|3^SV(0'->12')>   -0.10845
|3^SV(0'->14')>   -0.08655
|3T^CV(12->12')>    0.05605
|3T^CV(12->14')>    0.06257
|3T^CV(11->2')>    0.10162
|3T^CV(3->2')>    0.10620
|3X^CV(14->1')>    0.08770
|3X^CV(13->1')>   -0.08990
|3X^CV(13->2')>   -0.05020
|3X^CV(13->5')>   -0.07295
|3X^CV(12->1')>   -0.10961
|3X^CV(12->2')>   -0.10266
|3X^CV(12->12')>    0.05516
|3X^CV(12->14')>    0.05991
|3X^CV(11->2')>   -0.07345
|3X^CV(11->12')>   -0.07924
|3X^CV(11->14')>   -0.09727
|3X^CV(10->6')>   -0.05484
|3X^CV(9->7')>    0.05287
|3X^CV(8->1')>    0.10788
|3X^CV(8->12')>   -0.05848
|3X^CV(5->4')>   -0.05791
|3X^CV(4->1')>   -0.07116
|3^ZCV0(14->2')>    0.07856
|3^ZCV0(13->1')>   -0.09846
|3^ZCV0(12->1')>   -0.21522
|3^ZCV0(12->12')>    0.05187
|3^ZCV0(11->2')>    0.12614
|3^ZCV0(11->5')>    0.09642
|3^ZCV0(8->1')>    0.07838
|3^ZCV0(4->1')>   -0.05748
|3^ZCV0(3->2')>    0.18500
|3^ZCV0(3->5')>    0.08030
|3^ZCV0'(51->2')>   -0.06312
|3^ZCV0'(51->5')>   -0.05069
|3^ZCV0'(50->1')>    0.11216
|3^ZCV0'(49->1')>    0.20343
|3^ZCV0'(49->13')>    0.05775
|3^ZCV0'(48->2')>   -0.12389
|3^ZCV0'(48->5')>   -0.11800
|3^ZCV0'(45->1')>   -0.08538
|3^ZCV0'(41->1')>    0.05807
|3^ZCV0'(40->2')>   -0.19438
|3^ZCV0'(40->5')>   -0.08251
TDMs with Triplet 'Ground' state
TDMX:0.111   TDMY:0.579   TDMZ:-0.190   Oscillator Strength:0.04503   <S**2>: 2.000
--------------------------------------------------------------------
TDMs with Singlet 'Ground' state
TDMX:0.000   TDMY:0.000   TDMZ:0.000   Oscillator Strength:0.00000   <S**2>: 2.000
--------------------------------------------------------------------


State 157 4.798 eV 
Excitation    CI Coef
|1^CS(10->0)>   -0.13063
|1^CS(9->0)>    0.14607
|1^CS(7->0)>   -0.08963
|1^CS(6->0)>    0.07518
|1^CS(12->0')>    0.05718
|1^CS(10->0')>   -0.07421
|1^CS(9->0')>    0.06969
|1^CS(7->0')>   -0.08987
|1^CS(6->0')>    0.06472
|1^SV(0->6')>    0.27466
|1^SV(0->7')>    0.28437
|1^SV(0->8')>    0.15537
|1^SV(0->9')>   -0.15580
|1^SV(0'->6')>    0.29072
|1^SV(0'->7')>    0.30327
|1^SV(0'->8')>    0.09842
|1^SV(0'->9')>   -0.10179
|1T^CV(18->6')>   -0.06637
|1T^CV(18->7')>   -0.06906
|1T^CV(18->9')>    0.05013
|1T^CV(14->7')>    0.05535
|1T^CV(13->8')>    0.05469
|1T^CV(13->9')>   -0.05332
|1T^CV(12->6')>   -0.08664
|1T^CV(12->7')>   -0.08760
|1T^CV(12->8')>   -0.09049
|1T^CV(12->9')>    0.08843
|1T^CV(11->8')>    0.06077
|1T^CV(11->9')>   -0.06327
|1T^CV(10->1')>    0.10532
|1T^CV(10->2')>   -0.11794
|1T^CV(10->5')>    0.05608
|1T^CV(10->13')>   -0.07511
|1T^CV(9->1')>   -0.10110
|1T^CV(9->2')>    0.11317
|1T^CV(9->5')>   -0.05406
|1T^CV(9->13')>    0.07784
|1T^CV(8->8')>   -0.05453
|1T^CV(7->3')>    0.08530
|1T^CV(7->4')>    0.07709
|1T^CV(7->14')>   -0.06909
|1T^CV(6->3')>   -0.07392
|1T^CV(6->4')>   -0.07868
|1T^CV(6->14')>    0.05504
|1T^CV(2->8')>    0.08064
|1T^CV(2->9')>   -0.08507
|1T^CV(1->8')>    0.07975
|1T^CV(1->9')>   -0.07597
|1^ZCV0(12->6')>    0.05951
|1^ZCV0(12->7')>    0.06064
|1^ZCV0(10->1')>    0.08080
|1^ZCV0(10->2')>   -0.08580
|1^ZCV0(9->1')>   -0.08093
|1^ZCV0(9->2')>    0.08534
|1^ZCV0'(18->6')>   -0.05321
|1^ZCV0'(18->7')>   -0.05387
|1^ZCV0'(14->6')>    0.05487
|1^ZCV0'(14->7')>    0.05506
|1^ZCV0'(10->1')>   -0.08438
|1^ZCV0'(10->2')>    0.08796
|1^ZCV0'(10->13')>    0.05344
|1^ZCV0'(9->1')>    0.08407
|1^ZCV0'(9->2')>   -0.08858
|1^ZCV0'(9->13')>   -0.05369
|1^SVD_(1',6')>    0.05156
|1^SVD_(1',7')>    0.05139
|1^SVD_(6',13')>   -0.06342
|1^SVD_(6',14')>    0.06502
|1^SVD_(7',13')>   -0.06531
|1^SVD_(7',14')>    0.06661
TDMs with Triplet 'Ground' state
TDMX:0.000   TDMY:0.000   TDMZ:0.000   Oscillator Strength:0.00000   <S**2>: 0.000
--------------------------------------------------------------------
TDMs with Singlet 'Ground' state
TDMX:0.025   TDMY:-0.252   TDMZ:0.040   Oscillator Strength:0.00773   <S**2>: 0.000
--------------------------------------------------------------------


State 158 4.802 eV 
Excitation    CI Coef
|1^CS(10->0)>   -0.08644
|1^CS(9->0)>    0.09737
|1^CS(8->0)>   -0.05584
|1^CS(7->0)>    0.13028
|1^CS(6->0)>   -0.12197
|1^CS(10->0')>   -0.05021
|1^CS(8->0')>   -0.05694
|1^CS(7->0')>    0.12556
|1^CS(6->0')>   -0.11165
|1^SV(0->6')>    0.19113
|1^SV(0->7')>    0.19463
|1^SV(0->8')>   -0.22824
|1^SV(0->9')>    0.23142
|1^SV(0'->6')>    0.20342
|1^SV(0'->7')>    0.21424
|1^SV(0'->8')>   -0.15164
|1^SV(0'->9')>    0.15131
|1T^CV(18->8')>    0.07316
|1T^CV(18->9')>   -0.07270
|1T^CV(17->8')>   -0.05815
|1T^CV(17->9')>    0.05911
|1T^CV(16->8')>    0.07019
|1T^CV(16->9')>   -0.06922
|1T^CV(15->8')>    0.05439
|1T^CV(15->9')>   -0.05504
|1T^CV(13->8')>   -0.07732
|1T^CV(13->9')>    0.07840
|1T^CV(12->6')>   -0.05899
|1T^CV(12->7')>   -0.05828
|1T^CV(12->8')>    0.12948
|1T^CV(12->9')>   -0.13086
|1T^CV(11->8')>   -0.09067
|1T^CV(11->9')>    0.08882
|1T^CV(10->1')>    0.07524
|1T^CV(10->2')>   -0.07757
|1T^CV(10->13')>   -0.05249
|1T^CV(9->1')>   -0.06693
|1T^CV(9->2')>    0.07734
|1T^CV(9->13')>    0.05603
|1T^CV(8->3')>    0.05194
|1T^CV(8->4')>    0.05228
|1T^CV(8->8')>    0.07255
|1T^CV(8->9')>   -0.07255
|1T^CV(7->3')>   -0.12490
|1T^CV(7->4')>   -0.12196
|1T^CV(7->12')>   -0.07193
|1T^CV(7->13')>   -0.05690
|1T^CV(7->14')>    0.10043
|1T^CV(7->16')>   -0.05977
|1T^CV(7->17')>    0.05873
|1T^CV(7->19')>   -0.05475
|1T^CV(6->3')>    0.10576
|1T^CV(6->4')>    0.10274
|1T^CV(6->12')>    0.06667
|1T^CV(6->13')>    0.05012
|1T^CV(6->14')>   -0.09034
|1T^CV(6->16')>    0.05162
|1T^CV(6->17')>   -0.05170
|1T^CV(6->19')>    0.05026
|1T^CV(3->8')>    0.06978
|1T^CV(3->9')>   -0.06871
|1T^CV(2->8')>   -0.12291
|1T^CV(2->9')>    0.12198
|1T^CV(1->8')>   -0.11467
|1T^CV(1->9')>    0.11547
|1^ZCV0(12->8')>   -0.06476
|1^ZCV0(12->9')>    0.06460
|1^ZCV0(10->1')>    0.06082
|1^ZCV0(10->2')>   -0.05808
|1^ZCV0(9->1')>   -0.05716
|1^ZCV0(9->2')>    0.06352
|1^ZCV0(7->3')>   -0.05055
|1^ZCV0(7->14')>    0.05534
|1^ZCV0(2->9')>   -0.05017
|1^ZCV0'(10->1')>   -0.06201
|1^ZCV0'(10->2')>    0.05888
|1^ZCV0'(9->1')>    0.05812
|1^ZCV0'(9->2')>   -0.06524
|1^ZCV0'(7->3')>    0.06064
|1^ZCV0'(7->4')>    0.05981
|1^ZCV0'(6->3')>   -0.05024
|1^ZCV0'(6->4')>   -0.05119
|1^ZCV0'(2->8')>   -0.05583
|1^ZCV0'(2->9')>    0.05602
|1^ZCV0'(1->8')>   -0.05282
|1^ZCV0'(1->9')>    0.05232
TDMs with Triplet 'Ground' state
TDMX:0.000   TDMY:0.000   TDMZ:0.000   Oscillator Strength:0.00000   <S**2>: 0.000
--------------------------------------------------------------------
TDMs with Singlet 'Ground' state
TDMX:0.106   TDMY:0.371   TDMZ:-0.091   Oscillator Strength:0.01848   <S**2>: 0.000
--------------------------------------------------------------------


State 159 4.806 eV 
Excitation    CI Coef
|3^CS(12->0)>    0.07770
|3^CS(11->0)>   -0.06167
|3^CS(8->0)>    0.06057
|3^CS(12->0')>    0.07000
|3^CS(3->0')>    0.05532
|3^SV(0->3')>    0.09730
|3^SV(0->4')>    0.09664
|3^SV(0->5')>   -0.05434
|3^SV(0'->3')>   -0.09123
|3^SV(0'->4')>   -0.09588
|3^SV(0'->12')>   -0.06677
|3^SV(0'->14')>   -0.05104
|3T^CV(12->10')>    0.06288
|3T^CV(11->10')>   -0.05638
|3T^CV(11->11')>    0.08792
|3T^CV(8->10')>    0.07610
|3T^CV(8->12')>   -0.06082
|3T^CV(6->3')>   -0.06381
|3T^CV(6->4')>   -0.09693
|3T^CV(5->2')>   -0.06561
|3T^CV(5->3')>   -0.16553
|3T^CV(5->4')>   -0.10902
|3T^CV(5->5')>    0.09521
|3T^CV(5->12')>    0.08351
|3T^CV(5->13')>    0.11906
|3T^CV(4->1')>   -0.06322
|3T^CV(4->3')>    0.08145
|3T^CV(4->4')>    0.12921
|3T^CV(4->5')>   -0.05557
|3T^CV(4->12')>   -0.11163
|3T^CV(4->13')>   -0.06998
|3T^CV(4->14')>    0.07450
|3T^CV(3->10')>    0.05031
|3T^CV(3->11')>   -0.08777
|3T^CV(2->10')>    0.10506
|3T^CV(2->11')>   -0.16813
|3T^CV(1->10')>    0.15477
|3T^CV(1->11')>   -0.10060
|3X^CV(16->11')>    0.05292
|3X^CV(13->1')>    0.07503
|3X^CV(12->10')>    0.06478
|3X^CV(11->11')>    0.06528
|3X^CV(8->1')>    0.09092
|3X^CV(8->4')>   -0.06421
|3X^CV(8->10')>    0.05648
|3X^CV(8->12')>    0.07062
|3X^CV(6->3')>    0.08159
|3X^CV(6->4')>    0.11433
|3X^CV(6->12')>   -0.05341
|3X^CV(5->1')>   -0.05272
|3X^CV(5->2')>    0.07931
|3X^CV(5->3')>    0.19752
|3X^CV(5->4')>    0.14007
|3X^CV(5->5')>   -0.10682
|3X^CV(5->12')>   -0.09368
|3X^CV(5->13')>   -0.13761
|3X^CV(5->14')>    0.07185
|3X^CV(5->17')>   -0.05670
|3X^CV(4->3')>   -0.09905
|3X^CV(4->4')>   -0.14729
|3X^CV(4->5')>    0.06083
|3X^CV(4->10')>   -0.05320
|3X^CV(4->12')>    0.11389
|3X^CV(4->13')>    0.09408
|3X^CV(4->14')>   -0.10129
|3X^CV(4->18')>   -0.05242
|3X^CV(3->2')>   -0.05538
|3X^CV(3->11')>   -0.06885
|3X^CV(2->10')>    0.08942
|3X^CV(2->11')>   -0.13679
|3X^CV(1->10')>    0.12621
|3X^CV(1->11')>   -0.08550
|3^ZCV0(6->3')>    0.05963
|3^ZCV0(5->3')>    0.05779
|3^ZCV0(5->4')>    0.08769
|3^ZCV0(5->12')>   -0.05722
|3^ZCV0(4->3')>   -0.06471
|3^ZCV0(4->13')>    0.06311
|3^ZCV0(2->10')>    0.07185
|3^ZCV0(2->11')>   -0.05418
|3^ZCV0(1->11')>   -0.07130
|3^ZCV0'(43->3')>   -0.06179
|3^ZCV0'(42->3')>   -0.05714
|3^ZCV0'(42->4')>   -0.08703
|3^ZCV0'(42->12')>    0.06112
|3^ZCV0'(41->3')>    0.05981
|3^ZCV0'(41->13')>   -0.06077
|3^ZCV0'(39->10')>   -0.07075
|3^ZCV0'(39->11')>    0.05458
|3^ZCV0'(38->11')>    0.07074
TDMs with Triplet 'Ground' state
TDMX:-0.046   TDMY:0.522   TDMZ:0.148   Oscillator Strength:0.03495   <S**2>: 2.000
--------------------------------------------------------------------
TDMs with Singlet 'Ground' state
TDMX:0.000   TDMY:0.000   TDMZ:0.000   Oscillator Strength:0.00000   <S**2>: 2.000
--------------------------------------------------------------------


State 160 4.808 eV 
Excitation    CI Coef
|5^CV(14->11')>   -0.08204
|5^CV(13->10')>   -0.08518
|5^CV(12->10')>    0.16372
|5^CV(11->11')>    0.20592
|5^CV(8->1')>   -0.05337
|5^CV(8->4')>    0.11454
|5^CV(8->10')>    0.19625
|5^CV(8->12')>   -0.08973
|5^CV(7->3')>   -0.05685
|5^CV(6->1')>    0.08930
|5^CV(6->4')>   -0.15036
|5^CV(6->12')>    0.12190
|5^CV(6->14')>   -0.06587
|5^CV(5->2')>   -0.16085
|5^CV(5->3')>   -0.33137
|5^CV(5->5')>    0.19853
|5^CV(5->13')>    0.22187
|5^CV(4->1')>   -0.15718
|5^CV(4->4')>    0.28635
|5^CV(4->10')>   -0.10390
|5^CV(4->12')>   -0.20696
|5^CV(4->14')>    0.11692
|5^CV(3->11')>   -0.20989
|5^CV(2->2')>    0.06812
|5^CV(2->11')>   -0.41043
|5^CV(1->1')>   -0.05067
|5^CV(1->8')>    0.05349
|5^CV(1->10')>    0.38701
TDMs with Triplet 'Ground' state
TDMX:0.000   TDMY:0.000   TDMZ:0.000   Oscillator Strength:0.00000   <S**2>: 6.000
--------------------------------------------------------------------
TDMs with Singlet 'Ground' state
TDMX:0.000   TDMY:0.000   TDMZ:0.000   Oscillator Strength:0.00000   <S**2>: 6.000
--------------------------------------------------------------------


State 161 4.808 eV 
Excitation    CI Coef
|5^CV(14->10')>   -0.07937
|5^CV(13->11')>   -0.08820
|5^CV(12->11')>    0.17082
|5^CV(11->10')>    0.19853
|5^CV(8->2')>   -0.06780
|5^CV(8->3')>   -0.11249
|5^CV(8->5')>    0.07384
|5^CV(8->11')>    0.20279
|5^CV(8->13')>    0.07460
|5^CV(7->4')>    0.05739
|5^CV(6->2')>    0.08121
|5^CV(6->3')>    0.14778
|5^CV(6->5')>   -0.09596
|5^CV(6->13')>   -0.10381
|5^CV(5->1')>   -0.18741
|5^CV(5->4')>    0.33766
|5^CV(5->12')>   -0.25402
|5^CV(5->14')>    0.14148
|5^CV(4->2')>   -0.12018
|5^CV(4->3')>   -0.28134
|5^CV(4->5')>    0.15995
|5^CV(4->11')>   -0.11602
|5^CV(4->13')>    0.18468
|5^CV(3->10')>   -0.19860
|5^CV(2->1')>    0.05088
|5^CV(2->8')>   -0.05307
|5^CV(2->10')>   -0.38797
|5^CV(1->2')>   -0.06815
|5^CV(1->11')>    0.41082
TDMs with Triplet 'Ground' state
TDMX:0.000   TDMY:0.000   TDMZ:0.000   Oscillator Strength:0.00000   <S**2>: 6.000
--------------------------------------------------------------------
TDMs with Singlet 'Ground' state
TDMX:0.000   TDMY:0.000   TDMZ:0.000   Oscillator Strength:0.00000   <S**2>: 6.000
--------------------------------------------------------------------


State 162 4.810 eV 
Excitation    CI Coef
|3^SV(0->10')>    0.07753
|3T^CV(12->10')>   -0.06642
|3T^CV(12->11')>   -0.07988
|3T^CV(11->10')>   -0.08939
|3T^CV(11->11')>   -0.07243
|3T^CV(8->3')>    0.06307
|3T^CV(8->4')>   -0.05379
|3T^CV(8->10')>   -0.07246
|3T^CV(8->11')>   -0.09185
|3T^CV(6->3')>   -0.08276
|3T^CV(6->4')>    0.06048
|3T^CV(6->12')>   -0.05106
|3T^CV(6->13')>    0.06174
|3T^CV(5->1')>    0.07336
|3T^CV(5->2')>    0.05908
|3T^CV(5->3')>    0.13478
|3T^CV(5->4')>   -0.18017
|3T^CV(5->5')>   -0.08028
|3T^CV(5->12')>    0.13836
|3T^CV(5->13')>   -0.10963
|3T^CV(5->14')>   -0.09559
|3T^CV(4->2')>    0.05319
|3T^CV(4->3')>    0.14540
|3T^CV(4->4')>   -0.11449
|3T^CV(4->5')>   -0.08398
|3T^CV(4->11')>    0.05388
|3T^CV(4->12')>    0.08615
|3T^CV(4->13')>   -0.11877
|3T^CV(4->14')>   -0.06184
|3T^CV(3->10')>    0.08969
|3T^CV(3->11')>    0.07319
|3T^CV(2->10')>    0.17076
|3T^CV(2->11')>    0.13861
|3T^CV(1->10')>   -0.14002
|3T^CV(1->11')>   -0.18863
|3X^CV(15->11')>    0.05101
|3X^CV(12->11')>   -0.06425
|3X^CV(11->10')>   -0.07711
|3X^CV(11->11')>   -0.05445
|3X^CV(8->3')>   -0.07992
|3X^CV(8->4')>    0.06632
|3X^CV(8->11')>   -0.06766
|3X^CV(8->12')>   -0.05244
|3X^CV(8->13')>    0.05281
|3X^CV(6->3')>    0.09275
|3X^CV(6->4')>   -0.06731
|3X^CV(6->5')>   -0.05244
|3X^CV(6->12')>    0.05940
|3X^CV(6->13')>   -0.06511
|3X^CV(5->1')>   -0.09433
|3X^CV(5->2')>   -0.05316
|3X^CV(5->3')>   -0.15101
|3X^CV(5->4')>    0.20039
|3X^CV(5->5')>    0.08621
|3X^CV(5->12')>   -0.14997
|3X^CV(5->13')>    0.10232
|3X^CV(5->14')>    0.09361
|3X^CV(5->18')>    0.06409
|3X^CV(4->1')>   -0.06243
|3X^CV(4->2')>   -0.05862
|3X^CV(4->3')>   -0.15669
|3X^CV(4->4')>    0.12579
|3X^CV(4->5')>    0.08811
|3X^CV(4->12')>   -0.08774
|3X^CV(4->13')>    0.11491
|3X^CV(4->14')>    0.05944
|3X^CV(3->10')>    0.07066
|3X^CV(2->10')>    0.13326
|3X^CV(2->11')>    0.09319
|3X^CV(1->10')>   -0.09460
|3X^CV(1->11')>   -0.14644
|3^ZCV0(11->11')>    0.05148
|3^ZCV0(5->3')>    0.09211
|3^ZCV0(5->4')>   -0.05431
|3^ZCV0(5->5')>   -0.05144
|3^ZCV0(5->13')>   -0.07400
|3^ZCV0(4->4')>   -0.07870
|3^ZCV0(4->12')>    0.06044
|3^ZCV0(2->10')>   -0.05650
|3^ZCV0(2->11')>   -0.07468
|3^ZCV0(1->10')>    0.07509
|3^ZCV0(1->11')>    0.06265
|3^ZCV0'(42->3')>   -0.09204
|3^ZCV0'(42->4')>    0.05455
|3^ZCV0'(42->5')>    0.05195
|3^ZCV0'(42->13')>    0.05641
|3^ZCV0'(41->4')>    0.07512
|3^ZCV0'(41->12')>   -0.06161
|3^ZCV0'(39->10')>    0.05546
|3^ZCV0'(39->11')>    0.07111
|3^ZCV0'(38->10')>   -0.07225
|3^ZCV0'(38->11')>   -0.06143
TDMs with Triplet 'Ground' state
TDMX:0.157   TDMY:-0.481   TDMZ:0.006   Oscillator Strength:0.03021   <S**2>: 2.000
--------------------------------------------------------------------
TDMs with Singlet 'Ground' state
TDMX:0.000   TDMY:0.000   TDMZ:0.000   Oscillator Strength:0.00000   <S**2>: 2.000
--------------------------------------------------------------------


State 163 4.824 eV 
Excitation    CI Coef
|3^CS(16->0)>    0.08501
|3^CS(15->0)>    0.06643
|3^CS(16->0')>   -0.08077
|3^CS(15->0')>   -0.06157
|3^SV(0->3')>    0.06955
|3^SV(0->4')>    0.08829
|3^SV(0->6')>    0.05638
|3^SV(0->7')>   -0.06697
|3^SV(0'->3')>   -0.17064
|3^SV(0'->4')>   -0.15226
|3^SV(0'->6')>    0.06553
|3T^CV(11->8')>   -0.06269
|3T^CV(11->9')>    0.06662
|3T^CV(8->3')>   -0.07618
|3T^CV(8->4')>   -0.07943
|3T^CV(8->8')>    0.05749
|3T^CV(8->9')>   -0.05309
|3T^CV(7->1')>    0.05504
|3T^CV(7->3')>    0.13997
|3T^CV(7->4')>    0.13022
|3T^CV(7->5')>    0.06338
|3T^CV(7->12')>    0.09528
|3T^CV(7->13')>    0.09103
|3T^CV(7->14')>   -0.05822
|3T^CV(6->1')>   -0.06091
|3T^CV(6->3')>   -0.09047
|3T^CV(6->4')>   -0.09332
|3T^CV(6->5')>   -0.06508
|3T^CV(6->12')>   -0.10750
|3T^CV(6->13')>   -0.09319
|3T^CV(6->14')>    0.06882
|3T^CV(4->3')>   -0.06520
|3T^CV(4->4')>   -0.07085
|3T^CV(3->8')>    0.05943
|3T^CV(3->9')>   -0.06381
|3T^CV(2->8')>   -0.12076
|3T^CV(2->9')>    0.12598
|3T^CV(1->8')>   -0.12184
|3T^CV(1->9')>    0.11223
|3X^CV(12->8')>    0.05876
|3X^CV(12->9')>   -0.05621
|3X^CV(11->8')>   -0.05023
|3X^CV(11->9')>    0.05375
|3X^CV(8->3')>    0.06957
|3X^CV(8->4')>    0.07510
|3X^CV(8->12')>    0.05301
|3X^CV(7->1')>   -0.06347
|3X^CV(7->2')>    0.06230
|3X^CV(7->3')>   -0.17084
|3X^CV(7->4')>   -0.16079
|3X^CV(7->5')>   -0.07190
|3X^CV(7->12')>   -0.10371
|3X^CV(7->13')>   -0.11706
|3X^CV(7->14')>    0.07638
|3X^CV(7->17')>    0.05340
|3X^CV(6->1')>    0.06268
|3X^CV(6->2')>   -0.05635
|3X^CV(6->3')>    0.11720
|3X^CV(6->4')>    0.12001
|3X^CV(6->5')>    0.07276
|3X^CV(6->12')>    0.11199
|3X^CV(6->13')>    0.12496
|3X^CV(6->14')>   -0.09281
|3X^CV(5->12')>    0.05450
|3X^CV(5->13')>    0.06257
|3X^CV(4->3')>    0.10322
|3X^CV(4->4')>    0.10613
|3X^CV(3->9')>   -0.05514
|3X^CV(2->8')>   -0.09856
|3X^CV(2->9')>    0.10195
|3X^CV(1->8')>   -0.09946
|3X^CV(1->9')>    0.09028
|3^ZCV0(7->3')>   -0.08052
|3^ZCV0(7->4')>   -0.08386
|3^ZCV0(7->12')>   -0.05244
|3^ZCV0(7->13')>   -0.05630
|3^ZCV0(6->3')>    0.05958
|3^ZCV0(6->4')>    0.05366
|3^ZCV0(6->13')>    0.06388
|3^ZCV0(2->8')>   -0.06457
|3^ZCV0(2->9')>    0.06278
|3^ZCV0(1->8')>   -0.05960
|3^ZCV0(1->9')>    0.06085
|3^ZCV0'(44->3')>    0.08133
|3^ZCV0'(44->4')>    0.08549
|3^ZCV0'(44->12')>    0.05746
|3^ZCV0'(44->13')>    0.05406
|3^ZCV0'(43->3')>   -0.06255
|3^ZCV0'(43->4')>   -0.05691
|3^ZCV0'(43->12')>   -0.05326
|3^ZCV0'(43->13')>   -0.05980
|3^ZCV0'(39->8')>    0.06275
|3^ZCV0'(39->9')>   -0.06043
|3^ZCV0'(38->8')>    0.05808
|3^ZCV0'(38->9')>   -0.05893
TDMs with Triplet 'Ground' state
TDMX:-0.057   TDMY:-0.244   TDMZ:-0.453   Oscillator Strength:0.03164   <S**2>: 2.000
--------------------------------------------------------------------
TDMs with Singlet 'Ground' state
TDMX:0.000   TDMY:0.000   TDMZ:0.000   Oscillator Strength:0.00000   <S**2>: 2.000
--------------------------------------------------------------------


State 164 4.828 eV 
Excitation    CI Coef
|3^CS(16->0)>   -0.07489
|3^CS(15->0)>   -0.05920
|3^CS(10->0)>    0.17902
|3^CS(9->0)>    0.18933
|3^CS(2->0)>    0.06415
|3^CS(16->0')>    0.06234
|3^CS(15->0')>    0.05448
|3^CS(10->0')>   -0.12061
|3^CS(9->0')>   -0.12090
|3^SV(0->3')>   -0.16577
|3^SV(0->4')>   -0.09124
|3^SV(0->6')>    0.30455
|3^SV(0->7')>   -0.30804
|3^SV(0'->3')>    0.14373
|3^SV(0'->4')>    0.21820
|3^SV(0'->5')>   -0.06122
|3^SV(0'->6')>    0.27122
|3^SV(0'->7')>   -0.30525
|3T^CV(11->6')>   -0.08763
|3T^CV(11->7')>    0.08892
|3T^CV(10->1')>   -0.09448
|3T^CV(10->2')>   -0.14202
|3T^CV(9->1')>   -0.09867
|3T^CV(9->2')>   -0.13937
|3T^CV(9->12')>   -0.05076
|3T^CV(3->6')>   -0.06690
|3T^CV(3->7')>    0.06633
|3X^CV(19->6')>    0.05576
|3X^CV(19->7')>   -0.05509
|3X^CV(18->4')>   -0.05132
|3X^CV(17->6')>   -0.05629
|3X^CV(17->7')>    0.05620
|3X^CV(14->6')>    0.05220
|3X^CV(11->6')>    0.13364
|3X^CV(11->7')>   -0.13419
|3X^CV(10->2')>   -0.10347
|3X^CV(9->2')>   -0.10155
|3^ZCV0(10->1')>    0.08225
|3^ZCV0(9->1')>    0.07959
|3^ZCV0'(55->3')>   -0.05398
|3^ZCV0'(48->6')>   -0.09401
|3^ZCV0'(48->7')>    0.09406
|3^ZCV0'(47->1')>   -0.08212
|3^ZCV0'(46->1')>   -0.08025
|3^ZCV0'(45->6')>   -0.05771
|3^ZCV0'(45->7')>    0.06057
TDMs with Triplet 'Ground' state
TDMX:0.351   TDMY:0.204   TDMZ:-0.089   Oscillator Strength:0.02047   <S**2>: 2.000
--------------------------------------------------------------------
TDMs with Singlet 'Ground' state
TDMX:0.000   TDMY:0.000   TDMZ:0.000   Oscillator Strength:0.00000   <S**2>: 2.000
--------------------------------------------------------------------


State 165 4.830 eV 
Excitation    CI Coef
|3^CS(16->0)>    0.12126
|3^CS(15->0)>    0.09319
|3^CS(10->0)>    0.09223
|3^CS(9->0)>    0.09051
|3^CS(2->0)>   -0.05376
|3^CS(1->0)>   -0.07325
|3^CS(16->0')>   -0.10346
|3^CS(15->0')>   -0.08066
|3^CS(10->0')>   -0.05716
|3^CS(9->0')>   -0.06282
|3^SV(0->3')>    0.21239
|3^SV(0->4')>    0.23513
|3^SV(0->6')>    0.12896
|3^SV(0->7')>   -0.16539
|3^SV(0'->3')>   -0.31282
|3^SV(0'->4')>   -0.29586
|3^SV(0'->6')>    0.14711
|3^SV(0'->7')>   -0.13025
|3^SV(0'->8')>   -0.05110
|3T^CV(12->3')>   -0.05842
|3T^CV(12->4')>   -0.06130
|3T^CV(10->2')>   -0.06759
|3T^CV(9->2')>   -0.07340
|3T^CV(7->3')>   -0.09742
|3T^CV(7->5')>   -0.05059
|3T^CV(7->13')>   -0.07497
|3T^CV(6->3')>    0.05972
|3T^CV(6->4')>    0.09329
|3T^CV(6->12')>    0.06031
|3T^CV(2->9')>   -0.08783
|3T^CV(1->8')>    0.08448
|3X^CV(18->3')>    0.07905
|3X^CV(18->4')>    0.07691
|3X^CV(11->6')>    0.06445
|3X^CV(11->7')>   -0.06189
|3X^CV(8->4')>   -0.06331
|3X^CV(8->12')>   -0.05090
|3X^CV(7->2')>   -0.05043
|3X^CV(7->3')>    0.12214
|3X^CV(7->4')>    0.06759
|3X^CV(7->5')>    0.05822
|3X^CV(7->12')>    0.05080
|3X^CV(7->13')>    0.08257
|3X^CV(6->3')>   -0.06598
|3X^CV(6->4')>   -0.10371
|3X^CV(6->12')>   -0.06340
|3X^CV(6->14')>    0.05082
|3X^CV(2->9')>   -0.06860
|3X^CV(2->12')>    0.06366
|3X^CV(2->13')>    0.05397
|3X^CV(2->14')>   -0.05567
|3X^CV(1->8')>    0.06352
|3X^CV(1->12')>    0.06900
|3X^CV(1->13')>    0.05093
|3X^CV(1->14')>   -0.05171
|3^ZCV0(18->3')>   -0.05431
|3^ZCV0(18->4')>   -0.05568
|3^ZCV0(17->3')>    0.06208
|3^ZCV0(17->4')>    0.05865
|3^ZCV0(16->12')>   -0.05851
|3^ZCV0(13->3')>    0.05449
|3^ZCV0(13->4')>    0.05334
|3^ZCV0(12->3')>   -0.07125
|3^ZCV0(12->4')>   -0.06960
|3^ZCV0'(55->3')>    0.08456
|3^ZCV0'(55->4')>    0.08634
|3^ZCV0'(54->3')>   -0.06091
|3^ZCV0'(54->4')>   -0.05950
TDMs with Triplet 'Ground' state
TDMX:-0.204   TDMY:0.121   TDMZ:0.036   Oscillator Strength:0.00678   <S**2>: 2.000
--------------------------------------------------------------------
TDMs with Singlet 'Ground' state
TDMX:0.000   TDMY:0.000   TDMZ:0.000   Oscillator Strength:0.00000   <S**2>: 2.000
--------------------------------------------------------------------


State 166 4.833 eV 
Excitation    CI Coef
|3^SV(0->4')>   -0.05711
|3^SV(0'->3')>    0.08350
|3T^CV(12->8')>   -0.06241
|3T^CV(12->9')>   -0.07736
|3T^CV(11->8')>   -0.08512
|3T^CV(11->9')>   -0.06629
|3T^CV(8->3')>   -0.07007
|3T^CV(8->4')>    0.06644
|3T^CV(8->8')>   -0.06991
|3T^CV(8->9')>   -0.08423
|3T^CV(8->13')>   -0.05531
|3T^CV(7->1')>    0.07645
|3T^CV(7->2')>    0.06308
|3T^CV(7->3')>   -0.14880
|3T^CV(7->4')>    0.17838
|3T^CV(7->5')>   -0.07145
|3T^CV(7->12')>    0.13742
|3T^CV(7->13')>   -0.11361
|3T^CV(7->14')>   -0.09441
|3T^CV(6->2')>    0.06107
|3T^CV(6->3')>   -0.16320
|3T^CV(6->4')>    0.12445
|3T^CV(6->5')>   -0.07319
|3T^CV(6->12')>    0.09726
|3T^CV(6->13')>   -0.12031
|3T^CV(6->14')>   -0.07187
|3T^CV(4->9')>    0.05239
|3T^CV(4->13')>   -0.05024
|3T^CV(3->8')>    0.08957
|3T^CV(3->9')>    0.07266
|3T^CV(2->8')>   -0.15983
|3T^CV(2->9')>   -0.12927
|3T^CV(1->8')>    0.13822
|3T^CV(1->9')>    0.16799
|3X^CV(12->9')>   -0.05704
|3X^CV(11->8')>   -0.07663
|3X^CV(11->9')>   -0.06525
|3X^CV(8->3')>    0.08810
|3X^CV(8->4')>   -0.06862
|3X^CV(8->8')>   -0.05165
|3X^CV(8->9')>   -0.06854
|3X^CV(8->12')>   -0.05394
|3X^CV(8->13')>    0.05769
|3X^CV(7->1')>   -0.09643
|3X^CV(7->2')>   -0.05441
|3X^CV(7->3')>    0.16562
|3X^CV(7->4')>   -0.20449
|3X^CV(7->5')>    0.07563
|3X^CV(7->12')>   -0.15059
|3X^CV(7->13')>    0.10790
|3X^CV(7->14')>    0.09657
|3X^CV(7->16')>   -0.05430
|3X^CV(6->1')>   -0.06348
|3X^CV(6->2')>   -0.05706
|3X^CV(6->3')>    0.18539
|3X^CV(6->4')>   -0.13880
|3X^CV(6->5')>    0.07843
|3X^CV(6->12')>   -0.10485
|3X^CV(6->13')>    0.11818
|3X^CV(6->14')>    0.06753
|3X^CV(6->17')>   -0.05017
|3X^CV(4->4')>   -0.06029
|3X^CV(4->13')>    0.05005
|3X^CV(3->8')>    0.06722
|3X^CV(3->9')>    0.05462
|3X^CV(2->8')>   -0.12029
|3X^CV(2->9')>   -0.09786
|3X^CV(1->8')>    0.10483
|3X^CV(1->9')>    0.12733
|3^ZCV0(7->3')>   -0.09167
|3^ZCV0(7->4')>    0.07750
|3^ZCV0(7->12')>    0.05981
|3^ZCV0(7->13')>   -0.07251
|3^ZCV0(6->3')>   -0.06732
|3^ZCV0(6->4')>    0.08111
|3^ZCV0(6->12')>    0.05701
|3^ZCV0(6->13')>   -0.05463
|3^ZCV0(2->8')>    0.05232
|3^ZCV0(2->9')>    0.06419
|3^ZCV0(1->8')>   -0.06671
|3^ZCV0(1->9')>   -0.05634
|3^ZCV0'(44->3')>    0.09180
|3^ZCV0'(44->4')>   -0.07861
|3^ZCV0'(44->12')>   -0.06041
|3^ZCV0'(44->13')>    0.05555
|3^ZCV0'(43->3')>    0.06770
|3^ZCV0'(43->4')>   -0.07986
|3^ZCV0'(43->12')>   -0.05870
|3^ZCV0'(39->8')>   -0.05160
|3^ZCV0'(39->9')>   -0.06490
|3^ZCV0'(38->8')>    0.06718
|3^ZCV0'(38->9')>    0.05592
TDMs with Triplet 'Ground' state
TDMX:0.031   TDMY:0.305   TDMZ:-0.236   Oscillator Strength:0.01772   <S**2>: 2.000
--------------------------------------------------------------------
TDMs with Singlet 'Ground' state
TDMX:0.000   TDMY:0.000   TDMZ:0.000   Oscillator Strength:0.00000   <S**2>: 2.000
--------------------------------------------------------------------


State 167 4.842 eV 
Excitation    CI Coef
|5^CV(14->8')>   -0.08944
|5^CV(13->9')>   -0.09590
|5^CV(12->9')>    0.18244
|5^CV(11->8')>    0.21992
|5^CV(8->2')>   -0.06519
|5^CV(8->3')>    0.12021
|5^CV(8->5')>    0.07557
|5^CV(8->9')>    0.20642
|5^CV(8->13')>    0.08307
|5^CV(7->1')>   -0.18448
|5^CV(7->4')>   -0.32018
|5^CV(7->12')>   -0.23491
|5^CV(7->14')>    0.12892
|5^CV(6->2')>   -0.13227
|5^CV(6->3')>    0.29281
|5^CV(6->5')>    0.13595
|5^CV(6->9')>   -0.07727
|5^CV(6->13')>    0.17692
|5^CV(5->4')>    0.06181
|5^CV(4->3')>    0.09856
|5^CV(4->9')>   -0.12911
|5^CV(4->13')>    0.06749
|5^CV(3->8')>   -0.22287
|5^CV(2->8')>    0.41511
|5^CV(2->10')>   -0.05798
|5^CV(1->9')>   -0.41579
TDMs with Triplet 'Ground' state
TDMX:0.000   TDMY:0.000   TDMZ:0.000   Oscillator Strength:0.00000   <S**2>: 6.000
--------------------------------------------------------------------
TDMs with Singlet 'Ground' state
TDMX:0.000   TDMY:0.000   TDMZ:0.000   Oscillator Strength:0.00000   <S**2>: 6.000
--------------------------------------------------------------------


State 168 4.843 eV 
Excitation    CI Coef
|5^CV(14->9')>   -0.08970
|5^CV(13->8')>   -0.09569
|5^CV(12->8')>    0.18207
|5^CV(11->9')>    0.22003
|5^CV(8->1')>   -0.07214
|5^CV(8->4')>   -0.11756
|5^CV(8->8')>    0.21108
|5^CV(8->12')>   -0.09381
|5^CV(8->14')>    0.05067
|5^CV(7->2')>   -0.15421
|5^CV(7->3')>    0.32552
|5^CV(7->5')>    0.16131
|5^CV(7->13')>    0.20535
|5^CV(6->1')>   -0.16018
|5^CV(6->4')>   -0.28852
|5^CV(6->8')>   -0.06688
|5^CV(6->12')>   -0.20369
|5^CV(6->14')>    0.11148
|5^CV(5->3')>   -0.06276
|5^CV(4->1')>   -0.05760
|5^CV(4->4')>   -0.09698
|5^CV(4->8')>   -0.12510
|5^CV(4->12')>   -0.07690
|5^CV(3->9')>   -0.22388
|5^CV(2->9')>    0.41540
|5^CV(1->8')>   -0.41533
|5^CV(1->10')>    0.05801
TDMs with Triplet 'Ground' state
TDMX:0.000   TDMY:0.000   TDMZ:0.000   Oscillator Strength:0.00000   <S**2>: 6.000
--------------------------------------------------------------------
TDMs with Singlet 'Ground' state
TDMX:0.000   TDMY:0.000   TDMZ:0.000   Oscillator Strength:0.00000   <S**2>: 6.000
--------------------------------------------------------------------


State 169 4.865 eV 
Excitation    CI Coef
|1^OS>    0.15772
|1^ZW->   -0.06551
|1^CS(19->0)>    0.12042
|1^CS(17->0)>   -0.12675
|1^CS(14->0)>    0.12007
|1^CS(13->0)>   -0.07499
|1^CS(12->0)>    0.15547
|1^CS(3->0)>    0.18769
|1^CS(20->0')>    0.06419
|1^CS(18->0')>   -0.17790
|1^CS(13->0')>    0.08708
|1^CS(11->0')>    0.22746
|1^CS(8->0')>    0.08518
|1^SV(0->1')>   -0.06739
|1^SV(0->2')>    0.05446
|1^SV(0->5')>   -0.15962
|1^SV(0->12')>   -0.16656
|1^SV(0->13')>    0.13836
|1^SV(0->14')>   -0.27491
|1^SV(0->16')>    0.05057
|1^SV(0->19')>   -0.05184
|1^SV(0->20')>   -0.07348
|1^SV(0'->2')>    0.05191
|1^SV(0'->5')>   -0.10645
|1^SV(0'->12')>   -0.16927
|1^SV(0'->13')>   -0.13566
|1^SV(0'->15')>    0.13021
|1^SV(0'->21')>   -0.09151
|1T^CV(19->1')>    0.07414
|1T^CV(19->2')>   -0.06185
|1T^CV(18->13')>   -0.05539
|1T^CV(17->14')>   -0.05949
|1T^CV(16->3')>   -0.07429
|1T^CV(15->4')>   -0.07246
|1T^CV(14->1')>    0.08112
|1T^CV(14->5')>   -0.08949
|1T^CV(14->14')>    0.05698
|1T^CV(13->2')>    0.15095
|1T^CV(13->12')>    0.05768
|1T^CV(12->5')>    0.11703
|1T^CV(12->12')>    0.05114
|1T^CV(12->13')>   -0.07033
|1T^CV(12->14')>    0.11560
|1T^CV(10->6')>   -0.07370
|1T^CV(9->7')>    0.07133
|1T^CV(8->2')>    0.18074
|1T^CV(8->5')>   -0.11871
|1T^CV(7->9')>   -0.05771
|1T^CV(5->11')>   -0.05558
|1T^CV(4->2')>   -0.10405
|1T^CV(4->5')>    0.08520
|1T^CV(3->1')>   -0.25182
|1T^CV(3->2')>   -0.05934
|1T^CV(3->12')>   -0.09606
|1T^CV(2->4')>    0.09582
|1T^CV(1->3')>    0.09488
|1^ZCV0(11->1')>    0.06579
|1^ZCV0(3->1')>    0.05458
|1^ZCV0(3->2')>    0.05039
|1^ZCV0'(8->1')>    0.05686
|1^ZCV0'(3->2')>   -0.08501
|1^ZCV0'(3->13')>   -0.05202
|1^SVD_(12',13')>    0.07031
|1^SVD_(12',14')>   -0.05506
|1^SVD_(14',14')>   -0.05076
TDMs with Triplet 'Ground' state
TDMX:0.000   TDMY:0.000   TDMZ:0.000   Oscillator Strength:0.00000   <S**2>: 0.000
--------------------------------------------------------------------
TDMs with Singlet 'Ground' state
TDMX:0.089   TDMY:0.521   TDMZ:-0.070   Oscillator Strength:0.03383   <S**2>: 0.000
--------------------------------------------------------------------


State 170 4.866 eV 
Excitation    CI Coef
|3^CS(19->0)>    0.09247
|3^CS(17->0)>    0.12899
|3^CS(13->0)>   -0.13085
|3^CS(12->0)>    0.05556
|3^CS(11->0)>   -0.11982
|3^CS(20->0')>    0.08204
|3^CS(19->0')>   -0.06157
|3^CS(18->0')>    0.05364
|3^CS(12->0')>   -0.10362
|3^CS(11->0')>   -0.07873
|3^CS(8->0')>    0.06687
|3^CS(4->0')>   -0.05388
|3^CS(3->0')>   -0.05648
|3^SV(0->5')>    0.14488
|3^SV(0->12')>   -0.12015
|3^SV(0->13')>   -0.17676
|3^SV(0->14')>    0.09988
|3^SV(0->15')>    0.13628
|3^SV(0->21')>   -0.07674
|3^SV(0'->5')>    0.19992
|3^SV(0'->14')>    0.14590
|3^SV(0'->16')>   -0.07940
|3^SV(0'->20')>    0.07583
|3T^CV(13->1')>    0.07846
|3T^CV(12->1')>    0.12465
|3T^CV(11->1')>   -0.06182
|3T^CV(11->2')>   -0.08189
|3T^CV(11->5')>   -0.10489
|3T^CV(8->14')>    0.06544
|3T^CV(6->4')>   -0.06524
|3T^CV(4->12')>   -0.05317
|3T^CV(3->2')>   -0.19347
|3T^CV(2->9')>    0.05143
|3X^CV(20->2')>    0.05834
|3X^CV(19->1')>    0.07869
|3X^CV(19->2')>   -0.06923
|3X^CV(17->1')>    0.07072
|3X^CV(14->2')>   -0.12813
|3X^CV(13->1')>   -0.26397
|3X^CV(13->2')>    0.05911
|3X^CV(12->1')>   -0.10787
|3X^CV(12->5')>    0.07513
|3X^CV(12->13')>   -0.05248
|3X^CV(12->14')>    0.07302
|3X^CV(10->7')>   -0.06096
|3X^CV(9->6')>    0.06458
|3X^CV(8->1')>   -0.11885
|3X^CV(8->2')>    0.05461
|3X^CV(8->12')>   -0.05818
|3X^CV(8->14')>   -0.10017
|3X^CV(7->3')>   -0.06386
|3X^CV(7->13')>   -0.06008
|3X^CV(6->1')>    0.05038
|3X^CV(6->4')>    0.08467
|3X^CV(5->3')>    0.06208
|3X^CV(4->1')>    0.10025
|3X^CV(4->12')>    0.09270
|3X^CV(3->1')>   -0.05643
|3X^CV(3->2')>    0.14696
|3X^CV(3->5')>   -0.15104
|3X^CV(3->13')>    0.06784
|3^ZCV0(19->2')>   -0.05129
|3^ZCV0(14->2')>   -0.05342
|3^ZCV0(13->2')>    0.05518
|3^ZCV0(12->5')>    0.06022
|3^ZCV0(11->2')>   -0.06453
|3^ZCV0(8->2')>    0.07131
|3^ZCV0(4->2')>   -0.05182
|3^ZCV0(3->1')>   -0.12191
|3^ZCV0'(56->2')>    0.05013
|3^ZCV0'(51->2')>    0.06227
|3^ZCV0'(50->1')>    0.05391
|3^ZCV0'(50->2')>   -0.06076
|3^ZCV0'(49->5')>   -0.05403
|3^ZCV0'(48->2')>    0.05679
|3^ZCV0'(45->2')>   -0.06749
|3^ZCV0'(40->1')>    0.11072
|3^ZCV0'(40->5')>    0.05631
TDMs with Triplet 'Ground' state
TDMX:0.168   TDMY:0.941   TDMZ:-0.050   Oscillator Strength:0.10928   <S**2>: 2.000
--------------------------------------------------------------------
TDMs with Singlet 'Ground' state
TDMX:0.000   TDMY:0.000   TDMZ:0.000   Oscillator Strength:0.00000   <S**2>: 2.000
--------------------------------------------------------------------


State 171 4.887 eV 
Excitation    CI Coef
|1^OS>    0.05864
|1^CS(19->0)>    0.06018
|1^CS(18->0)>   -0.08871
|1^CS(17->0)>    0.05623
|1^CS(14->0)>   -0.08708
|1^CS(9->0)>   -0.06565
|1^CS(3->0)>    0.13660
|1^CS(17->0')>   -0.09879
|1^CS(13->0')>   -0.09336
|1^CS(10->0')>    0.08019
|1^CS(9->0')>    0.11359
|1^CS(8->0')>    0.13893
|1^CS(4->0')>   -0.07615
|1^SV(0->5')>    0.28315
|1^SV(0->6')>   -0.07075
|1^SV(0->12')>    0.14212
|1^SV(0->14')>    0.08204
|1^SV(0->15')>   -0.07975
|1^SV(0'->1')>    0.16455
|1^SV(0'->2')>   -0.06954
|1^SV(0'->5')>    0.25575
|1^SV(0'->7')>   -0.07976
|1^SV(0'->12')>    0.23457
|1^SV(0'->13')>   -0.07307
|1^SV(0'->14')>    0.10523
|1T^CV(18->5')>   -0.05469
|1T^CV(14->12')>    0.11047
|1T^CV(14->14')>    0.05647
|1T^CV(13->2')>    0.16808
|1T^CV(13->5')>    0.05454
|1T^CV(12->1')>    0.09730
|1T^CV(12->2')>    0.12223
|1T^CV(11->1')>   -0.05253
|1T^CV(11->12')>    0.05923
|1T^CV(10->1')>   -0.14981
|1T^CV(10->6')>   -0.07589
|1T^CV(9->1')>   -0.06929
|1T^CV(9->7')>    0.07467
|1T^CV(8->1')>   -0.08552
|1T^CV(8->2')>    0.07101
|1T^CV(8->5')>   -0.10891
|1T^CV(8->13')>    0.05831
|1T^CV(4->1')>    0.05116
|1T^CV(4->5')>    0.05913
|1T^CV(3->1')>   -0.22532
|1T^CV(3->5')>   -0.06831
|1T^CV(3->13')>    0.09211
|1T^CV(2->3')>   -0.07353
|1T^CV(1->4')>   -0.07420
|1^ZCV0(13->1')>   -0.08851
|1^ZCV0(12->1')>   -0.08896
|1^ZCV0(12->5')>    0.07144
|1^ZCV0(12->12')>    0.08752
|1^ZCV0(12->14')>    0.05087
|1^ZCV0(11->2')>    0.10095
|1^ZCV0(10->2')>   -0.06466
|1^ZCV0(9->1')>   -0.07245
|1^ZCV0(8->1')>    0.11043
|1^ZCV0(4->1')>   -0.07469
|1^ZCV0(3->1')>    0.05327
|1^ZCV0(3->2')>    0.11350
|1^ZCV0'(13->1')>    0.06383
|1^ZCV0'(12->1')>    0.11287
|1^ZCV0'(11->1')>   -0.05343
|1^ZCV0'(11->2')>   -0.08487
|1^ZCV0'(10->2')>    0.07109
|1^ZCV0'(9->1')>    0.08127
|1^ZCV0'(8->1')>   -0.08574
|1^ZCV0'(4->1')>    0.06381
|1^ZCV0'(3->2')>   -0.13206
|1^SVD_(5',13')>   -0.06581
|1^SVD_(5',14')>    0.06034
|1^SVD_(12',14')>    0.05122
TDMs with Triplet 'Ground' state
TDMX:0.000   TDMY:0.000   TDMZ:0.000   Oscillator Strength:0.00000   <S**2>: 0.000
--------------------------------------------------------------------
TDMs with Singlet 'Ground' state
TDMX:-0.204   TDMY:0.006   TDMZ:0.269   Oscillator Strength:0.01363   <S**2>: 0.000
--------------------------------------------------------------------


State 172 4.892 eV 
Excitation    CI Coef
|5^CV(20->2')>   -0.07415
|5^CV(14->2')>    0.14125
|5^CV(14->5')>    0.10331
|5^CV(14->7')>   -0.06828
|5^CV(13->1')>   -0.32315
|5^CV(13->6')>    0.05561
|5^CV(13->12')>    0.08573
|5^CV(12->1')>   -0.50952
|5^CV(12->12')>    0.13982
|5^CV(12->14')>    0.07982
|5^CV(11->2')>    0.36002
|5^CV(11->5')>    0.18196
|5^CV(8->1')>    0.27966
|5^CV(8->6')>    0.10837
|5^CV(8->12')>   -0.06958
|5^CV(8->14')>   -0.05236
|5^CV(6->1')>   -0.07999
|5^CV(4->1')>   -0.17219
|5^CV(4->6')>   -0.06733
|5^CV(4->12')>    0.05722
|5^CV(3->2')>    0.43338
|5^CV(3->5')>    0.17038
|5^CV(3->7')>    0.10724
TDMs with Triplet 'Ground' state
TDMX:0.000   TDMY:0.000   TDMZ:0.000   Oscillator Strength:0.00000   <S**2>: 6.000
--------------------------------------------------------------------
TDMs with Singlet 'Ground' state
TDMX:0.000   TDMY:0.000   TDMZ:0.000   Oscillator Strength:0.00000   <S**2>: 6.000
--------------------------------------------------------------------


State 173 4.905 eV 
Excitation    CI Coef
|1^CS(10->0)>   -0.19923
|1^CS(9->0)>   -0.18399
|1^CS(10->0')>    0.30871
|1^CS(9->0')>    0.29780
|1^CS(8->0')>   -0.05193
|1^SV(0->5')>   -0.08940
|1^SV(0->6')>   -0.10461
|1^SV(0->7')>    0.14863
|1^SV(0->12')>   -0.06707
|1^SV(0'->1')>   -0.05606
|1^SV(0'->5')>   -0.08980
|1^SV(0'->6')>    0.09430
|1^SV(0'->7')>   -0.05482
|1^SV(0'->12')>   -0.08203
|1T^CV(20->6')>    0.07081
|1T^CV(20->7')>   -0.07261
|1T^CV(19->6')>    0.09130
|1T^CV(19->7')>   -0.08879
|1T^CV(13->2')>   -0.05016
|1T^CV(12->6')>    0.06124
|1T^CV(12->7')>   -0.06959
|1T^CV(11->6')>    0.10067
|1T^CV(11->7')>   -0.09593
|1T^CV(10->1')>   -0.29445
|1T^CV(10->2')>   -0.08990
|1T^CV(10->5')>    0.06365
|1T^CV(10->12')>    0.07221
|1T^CV(10->13')>   -0.05592
|1T^CV(10->15')>   -0.08087
|1T^CV(10->16')>   -0.06976
|1T^CV(10->20')>    0.06982
|1T^CV(10->21')>    0.09096
|1T^CV(9->1')>   -0.32607
|1T^CV(9->2')>   -0.07806
|1T^CV(9->5')>    0.05221
|1T^CV(9->12')>    0.06295
|1T^CV(9->15')>   -0.07651
|1T^CV(9->16')>   -0.07213
|1T^CV(9->20')>    0.07226
|1T^CV(9->21')>    0.08616
|1T^CV(3->1')>    0.08627
|1T^CV(3->6')>    0.05861
|1T^CV(3->7')>   -0.06425
|1^ZCV0(10->1')>   -0.11484
|1^ZCV0(10->2')>   -0.13751
|1^ZCV0(10->12')>   -0.07596
|1^ZCV0(9->1')>   -0.09194
|1^ZCV0(9->2')>   -0.14762
|1^ZCV0(9->12')>   -0.07029
|1^ZCV0(8->6')>    0.05033
|1^ZCV0(8->7')>   -0.05275
|1^ZCV0(3->6')>   -0.06034
|1^ZCV0(3->7')>    0.05183
|1^ZCV0'(10->1')>    0.14143
|1^ZCV0'(10->2')>    0.16155
|1^ZCV0'(9->1')>    0.11749
|1^ZCV0'(9->2')>    0.17172
|1^CSD_(12,10)>   -0.05029
|1^CSD_(12,9)>   -0.05112
|1^CSD_(11,10)>    0.05583
|1^CSD_(11,9)>    0.05223
TDMs with Triplet 'Ground' state
TDMX:0.000   TDMY:0.000   TDMZ:0.000   Oscillator Strength:0.00000   <S**2>: 0.000
--------------------------------------------------------------------
TDMs with Singlet 'Ground' state
TDMX:-0.014   TDMY:-0.225   TDMZ:0.072   Oscillator Strength:0.00672   <S**2>: 0.000
--------------------------------------------------------------------


State 174 4.906 eV 
Excitation    CI Coef
|3^CS(2->0)>   -0.21130
|3^CS(1->0)>    0.22591
|3^CS(5->0')>   -0.05121
|3^CS(2->0')>    0.20755
|3^CS(1->0')>   -0.21845
|3^SV(0->3')>    0.27933
|3^SV(0->4')>   -0.28064
|3^SV(0->10')>   -0.08254
|3^SV(0->11')>   -0.06938
|3^SV(0'->3')>    0.26173
|3^SV(0'->4')>   -0.26092
|3^SV(0'->10')>   -0.10935
|3^SV(0'->11')>   -0.10603
|3T^CV(11->3')>   -0.07627
|3T^CV(11->4')>    0.07619
|3T^CV(2->2')>    0.07856
|3T^CV(2->12')>    0.05919
|3T^CV(1->2')>   -0.08497
|3T^CV(1->12')>   -0.06284
|3X^CV(18->3')>   -0.06092
|3X^CV(18->4')>    0.06029
|3X^CV(17->3')>   -0.09583
|3X^CV(17->4')>    0.09596
|3X^CV(15->12')>   -0.05941
|3X^CV(11->3')>    0.10402
|3X^CV(11->4')>   -0.10458
|3X^CV(11->10')>   -0.05938
|3X^CV(11->11')>   -0.05820
|3X^CV(3->1')>    0.05569
|3X^CV(2->2')>    0.10817
|3X^CV(2->12')>    0.06560
|3X^CV(1->2')>   -0.11194
|3X^CV(1->12')>   -0.06877
|3^ZCV0(17->3')>   -0.07136
|3^ZCV0(17->4')>    0.07076
|3^ZCV0(11->3')>    0.06594
|3^ZCV0(11->4')>   -0.06648
|3^ZCV0(8->3')>    0.06015
|3^ZCV0(8->4')>   -0.06271
|3^ZCV0(1->2')>   -0.05357
|3^ZCV0'(48->3')>   -0.07384
|3^ZCV0'(48->4')>    0.07432
|3^ZCV0'(39->1')>   -0.06023
|3^ZCV0'(39->2')>   -0.08723
|3^ZCV0'(38->1')>    0.06221
|3^ZCV0'(38->2')>    0.09404
|3^ZCV0'(38->12')>    0.05010
TDMs with Triplet 'Ground' state
TDMX:-0.142   TDMY:0.024   TDMZ:0.079   Oscillator Strength:0.00323   <S**2>: 2.000
--------------------------------------------------------------------
TDMs with Singlet 'Ground' state
TDMX:0.000   TDMY:0.000   TDMZ:0.000   Oscillator Strength:0.00000   <S**2>: 2.000
--------------------------------------------------------------------


State 175 4.907 eV 
Excitation    CI Coef
|3^OS>    0.10970
|3^CS(20->0)>   -0.09948
|3^CS(17->0)>   -0.11511
|3^CS(13->0)>    0.16872
|3^CS(11->0)>    0.25113
|3^CS(3->0)>    0.07601
|3^CS(19->0')>   -0.09324
|3^CS(17->0')>   -0.08688
|3^CS(14->0')>    0.07187
|3^CS(13->0')>    0.16201
|3^CS(12->0')>   -0.07252
|3^CS(11->0')>    0.24325
|3^CS(8->0')>   -0.05984
|3^CS(3->0')>    0.11534
|3^SV(0->1')>    0.06925
|3^SV(0->10')>   -0.05692
|3^SV(0->12')>   -0.08811
|3^SV(0->14')>    0.12057
|3^SV(0->16')>   -0.07852
|3^SV(0->20')>    0.06859
|3^SV(0'->5')>    0.11264
|3^SV(0'->11')>   -0.07253
|3^SV(0'->15')>    0.09957
|3^SV(0'->21')>   -0.07478
|3T^CV(13->1')>    0.07876
|3T^CV(12->1')>    0.07853
|3T^CV(11->1')>    0.06607
|3T^CV(11->5')>   -0.05570
|3T^CV(11->13')>    0.05364
|3T^CV(8->1')>   -0.10575
|3T^CV(4->1')>    0.05539
|3T^CV(3->1')>    0.13261
|3T^CV(3->5')>   -0.05507
|3T^CV(3->13')>    0.05134
|3T^CV(3->14')>    0.06723
|3S^CV(11->14')>   -0.06331
|3X^CV(19->2')>   -0.07659
|3X^CV(14->12')>    0.06434
|3X^CV(14->14')>    0.05582
|3X^CV(13->1')>    0.05514
|3X^CV(13->2')>    0.13427
|3X^CV(12->5')>    0.07357
|3X^CV(12->13')>   -0.05108
|3X^CV(11->13')>    0.06615
|3X^CV(11->14')>    0.07412
|3X^CV(10->6')>   -0.06133
|3X^CV(9->7')>    0.05885
|3X^CV(8->1')>    0.05580
|3X^CV(8->2')>    0.14300
|3X^CV(8->5')>   -0.11900
|3X^CV(8->13')>    0.05800
|3X^CV(4->2')>   -0.08067
|3X^CV(4->5')>    0.06564
|3X^CV(3->1')>   -0.31145
|3X^CV(3->2')>   -0.08505
|3X^CV(3->13')>    0.05155
|3X^CV(2->3')>   -0.07228
|3X^CV(1->4')>   -0.07223
|3^ZCV0(13->1')>   -0.12499
|3^ZCV0(12->1')>   -0.05172
|3^ZCV0(11->2')>    0.05875
|3^ZCV0(11->14')>   -0.06527
|3^ZCV0(3->1')>    0.06563
|3^ZCV0(3->2')>    0.12029
|3^ZCV0'(50->1')>    0.12456
|3^ZCV0'(48->13')>    0.05276
|3^ZCV0'(40->1')>   -0.07150
|3^ZCV0'(40->2')>   -0.12517
TDMs with Triplet 'Ground' state
TDMX:0.081   TDMY:-0.361   TDMZ:-0.334   Oscillator Strength:0.02994   <S**2>: 2.000
--------------------------------------------------------------------
TDMs with Singlet 'Ground' state
TDMX:0.000   TDMY:0.000   TDMZ:0.000   Oscillator Strength:0.00000   <S**2>: 2.000
--------------------------------------------------------------------


State 176 4.925 eV 
Excitation    CI Coef
|3^CS(17->0)>   -0.06128
|3^CS(8->0)>   -0.05526
|3^CS(6->0)>    0.05316
|3^CS(5->0)>    0.08141
|3^CS(4->0)>   -0.07395
|3^CS(11->0')>    0.07255
|3^CS(5->0')>    0.09332
|3^SV(0->3')>    0.05445
|3^SV(0->10')>    0.17075
|3^SV(0->11')>   -0.13310
|3^SV(0->13')>    0.18725
|3^SV(0->14')>   -0.14458
|3^SV(0'->4')>   -0.05731
|3^SV(0'->10')>   -0.12977
|3^SV(0'->11')>    0.14843
|3^SV(0'->12')>   -0.08678
|3^SV(0'->13')>   -0.24322
|3^SV(0'->14')>    0.23505
|3X^CV(18->10')>    0.06061
|3X^CV(18->11')>   -0.07169
|3X^CV(18->13')>    0.06256
|3X^CV(18->14')>   -0.05447
|3X^CV(17->10')>   -0.05737
|3X^CV(13->2')>    0.06592
|3X^CV(12->14')>   -0.05448
|3X^CV(11->14')>    0.05697
|3X^CV(5->3')>    0.07733
|3X^CV(5->4')>    0.08233
|3X^CV(5->14')>    0.06269
|3X^CV(4->3')>   -0.06671
|3X^CV(4->4')>   -0.06416
|3X^CV(4->5')>    0.05518
|3X^CV(4->14')>   -0.05183
|3X^CV(3->1')>   -0.09663
|3X^CV(3->10')>   -0.05213
|3X^CV(3->11')>    0.05884
|3X^CV(2->10')>   -0.11552
|3X^CV(2->11')>    0.12591
|3X^CV(1->10')>   -0.11594
|3X^CV(1->11')>    0.11528
|3^ZCV0(12->13')>   -0.06271
|3^ZCV0(12->14')>    0.06781
|3^ZCV0(8->10')>    0.05573
|3^ZCV0(8->11')>   -0.06320
|3^ZCV0(5->3')>   -0.07527
|3^ZCV0(5->4')>   -0.07648
|3^ZCV0(5->12')>    0.05783
|3^ZCV0(5->13')>    0.05904
|3^ZCV0(5->14')>   -0.06351
|3^ZCV0(4->3')>    0.06189
|3^ZCV0(4->4')>    0.06488
|3^ZCV0(4->13')>   -0.05342
|3^ZCV0(4->14')>    0.05680
|3^ZCV0(3->10')>    0.07153
|3^ZCV0(3->11')>   -0.06472
|3^ZCV0(2->10')>    0.15002
|3^ZCV0(2->11')>   -0.13991
|3^ZCV0(1->10')>    0.12533
|3^ZCV0(1->11')>   -0.15010
|3^ZCV0'(55->13')>    0.06252
|3^ZCV0'(45->10')>   -0.05059
|3^ZCV0'(45->11')>    0.06115
|3^ZCV0'(42->3')>    0.08437
|3^ZCV0'(42->4')>    0.08658
|3^ZCV0'(42->12')>   -0.05806
|3^ZCV0'(41->3')>   -0.07362
|3^ZCV0'(41->4')>   -0.07037
|3^ZCV0'(40->10')>   -0.06448
|3^ZCV0'(40->11')>    0.05548
|3^ZCV0'(39->10')>   -0.13633
|3^ZCV0'(39->11')>    0.12250
|3^ZCV0'(38->10')>   -0.10991
|3^ZCV0'(38->11')>    0.13705
TDMs with Triplet 'Ground' state
TDMX:0.009   TDMY:0.127   TDMZ:-0.121   Oscillator Strength:0.00373   <S**2>: 2.000
--------------------------------------------------------------------
TDMs with Singlet 'Ground' state
TDMX:0.000   TDMY:0.000   TDMZ:0.000   Oscillator Strength:0.00000   <S**2>: 2.000
--------------------------------------------------------------------


State 177 4.927 eV 
Excitation    CI Coef
|1^CS(10->0')>    0.10575
|1^CS(9->0')>   -0.10873
|1^SV(0->6')>    0.06756
|1^SV(0->7')>    0.07475
|1^SV(0'->5')>    0.05712
|1^SV(0'->6')>    0.13043
|1^SV(0'->7')>    0.12773
|1^SV(0'->12')>    0.06018
|1T^CV(19->6')>    0.05007
|1T^CV(19->7')>    0.05002
|1T^CV(10->1')>    0.24694
|1T^CV(10->2')>   -0.11814
|1T^CV(10->15')>   -0.05418
|1T^CV(10->21')>    0.05322
|1T^CV(9->1')>   -0.24760
|1T^CV(9->2')>    0.12028
|1T^CV(9->15')>    0.05468
|1T^CV(9->21')>   -0.05483
|1^ZCV0(13->6')>   -0.05332
|1^ZCV0(13->7')>   -0.05317
|1^ZCV0(12->6')>    0.06825
|1^ZCV0(12->7')>    0.06670
|1^ZCV0(10->1')>   -0.29254
|1^ZCV0(10->2')>    0.18283
|1^ZCV0(10->5')>   -0.08113
|1^ZCV0(10->12')>   -0.06522
|1^ZCV0(10->14')>   -0.05149
|1^ZCV0(9->1')>    0.28911
|1^ZCV0(9->2')>   -0.18574
|1^ZCV0(9->5')>    0.08189
|1^ZCV0(9->12')>    0.06532
|1^ZCV0(9->14')>    0.05098
|1^ZCV0(8->6')>   -0.08751
|1^ZCV0(8->7')>   -0.08534
|1^ZCV0(4->6')>    0.05590
|1^ZCV0(4->7')>    0.05454
|1^ZCV0(3->6')>   -0.11541
|1^ZCV0(3->7')>   -0.10892
|1^ZCV0'(10->1')>    0.29983
|1^ZCV0'(10->2')>   -0.18806
|1^ZCV0'(10->5')>    0.08815
|1^ZCV0'(10->12')>    0.05297
|1^ZCV0'(10->13')>   -0.05528
|1^ZCV0'(10->14')>    0.06403
|1^ZCV0'(9->1')>   -0.29624
|1^ZCV0'(9->2')>    0.19034
|1^ZCV0'(9->5')>   -0.08887
|1^ZCV0'(9->12')>   -0.05262
|1^ZCV0'(9->13')>    0.05539
|1^ZCV0'(9->14')>   -0.06318
|1^ZCV0'(8->6')>    0.08878
|1^ZCV0'(8->7')>    0.08705
|1^ZCV0'(4->6')>   -0.05530
|1^ZCV0'(4->7')>   -0.05427
|1^ZCV0'(3->6')>    0.11467
|1^ZCV0'(3->7')>    0.10779
TDMs with Triplet 'Ground' state
TDMX:0.000   TDMY:0.000   TDMZ:0.000   Oscillator Strength:0.00000   <S**2>: 0.000
--------------------------------------------------------------------
TDMs with Singlet 'Ground' state
TDMX:-0.007   TDMY:0.267   TDMZ:-0.136   Oscillator Strength:0.01087   <S**2>: 0.000
--------------------------------------------------------------------


State 178 4.941 eV 
Excitation    CI Coef
|3^CS(10->0)>    0.05755
|3^CS(9->0)>   -0.05967
|3T^CV(10->1')>   -0.14148
|3T^CV(10->2')>    0.09597
|3T^CV(9->1')>    0.13923
|3T^CV(9->2')>   -0.09712
|3T^CV(3->6')>   -0.05827
|3T^CV(3->7')>   -0.05440
|3X^CV(14->6')>   -0.10384
|3X^CV(14->7')>   -0.09647
|3X^CV(13->6')>    0.09952
|3X^CV(13->7')>    0.10200
|3X^CV(12->6')>   -0.06998
|3X^CV(12->7')>   -0.06963
|3X^CV(8->6')>    0.18495
|3X^CV(8->7')>    0.18564
|3X^CV(6->6')>   -0.05078
|3X^CV(6->7')>   -0.05102
|3X^CV(4->6')>   -0.11523
|3X^CV(4->7')>   -0.11556
|3X^CV(3->6')>    0.23753
|3X^CV(3->7')>    0.21788
|3^ZCV0(14->6')>    0.12179
|3^ZCV0(14->7')>    0.12274
|3^ZCV0(13->6')>   -0.11745
|3^ZCV0(13->7')>   -0.11079
|3^ZCV0(12->6')>    0.05694
|3^ZCV0(12->7')>    0.05295
|3^ZCV0(10->1')>   -0.10358
|3^ZCV0(9->1')>    0.10469
|3^ZCV0(8->6')>   -0.19348
|3^ZCV0(8->7')>   -0.17913
|3^ZCV0(6->6')>    0.05345
|3^ZCV0(4->6')>    0.12092
|3^ZCV0(4->7')>    0.11174
|3^ZCV0(3->6')>   -0.22498
|3^ZCV0(3->7')>   -0.22323
|3^ZCV0'(51->6')>   -0.11928
|3^ZCV0'(51->7')>   -0.12012
|3^ZCV0'(50->6')>    0.11487
|3^ZCV0'(50->7')>    0.10790
|3^ZCV0'(49->6')>   -0.05240
|3^ZCV0'(47->1')>    0.09792
|3^ZCV0'(46->1')>   -0.09961
|3^ZCV0'(45->6')>    0.19656
|3^ZCV0'(45->7')>    0.18197
|3^ZCV0'(43->6')>   -0.05442
|3^ZCV0'(43->7')>   -0.05019
|3^ZCV0'(41->6')>   -0.12278
|3^ZCV0'(41->7')>   -0.11348
|3^ZCV0'(40->6')>    0.22623
|3^ZCV0'(40->7')>    0.22462
TDMs with Triplet 'Ground' state
TDMX:-0.008   TDMY:-0.080   TDMZ:0.060   Oscillator Strength:0.00122   <S**2>: 2.000
--------------------------------------------------------------------
TDMs with Singlet 'Ground' state
TDMX:0.000   TDMY:0.000   TDMZ:0.000   Oscillator Strength:0.00000   <S**2>: 2.000
--------------------------------------------------------------------


State 179 4.949 eV 
Excitation    CI Coef
|3^CS(5->0)>   -0.06803
|3^CS(2->0)>    0.06590
|3^CS(1->0)>   -0.06053
|3^CS(5->0')>    0.06140
|3^CS(4->0')>    0.06369
|3^CS(2->0')>   -0.07720
|3^CS(1->0')>    0.08772
|3^SV(0->3')>    0.13972
|3^SV(0->4')>   -0.14476
|3^SV(0->6')>   -0.06107
|3^SV(0->7')>    0.06354
|3^SV(0->10')>    0.07248
|3^SV(0->11')>    0.11967
|3^SV(0'->3')>    0.15442
|3^SV(0'->4')>   -0.14695
|3^SV(0'->6')>   -0.05389
|3^SV(0'->7')>    0.05882
|3^SV(0'->10')>    0.15860
|3^SV(0'->11')>    0.10511
|3T^CV(11->10')>   -0.05372
|3T^CV(2->10')>    0.05237
|3T^CV(1->11')>   -0.06034
|3X^CV(18->10')>   -0.06239
|3X^CV(17->3')>   -0.05730
|3X^CV(17->4')>    0.05807
|3X^CV(17->10')>   -0.05312
|3X^CV(17->11')>   -0.07286
|3X^CV(16->10')>    0.05322
|3X^CV(15->10')>   -0.05176
|3X^CV(15->11')>   -0.06834
|3X^CV(14->6')>    0.08459
|3X^CV(14->7')>   -0.08626
|3X^CV(13->6')>    0.08663
|3X^CV(13->7')>   -0.08113
|3X^CV(12->6')>   -0.05298
|3X^CV(12->7')>    0.05106
|3X^CV(11->11')>    0.05087
|3X^CV(8->6')>    0.15027
|3X^CV(8->7')>   -0.14048
|3X^CV(4->6')>   -0.09277
|3X^CV(4->7')>    0.08681
|3X^CV(3->6')>   -0.19023
|3X^CV(3->7')>    0.18707
|3^ZCV0(14->6')>    0.09143
|3^ZCV0(14->7')>   -0.08885
|3^ZCV0(13->6')>    0.08522
|3^ZCV0(13->7')>   -0.08341
|3^ZCV0(9->1')>   -0.05081
|3^ZCV0(8->6')>    0.15013
|3^ZCV0(8->7')>   -0.14501
|3^ZCV0(4->6')>   -0.09448
|3^ZCV0(4->7')>    0.09147
|3^ZCV0(3->6')>   -0.19079
|3^ZCV0(3->7')>    0.18156
|3^ZCV0(2->11')>    0.06924
|3^ZCV0(1->10')>   -0.06429
|3^ZCV0'(51->6')>   -0.08766
|3^ZCV0'(51->7')>    0.08511
|3^ZCV0'(50->6')>   -0.08477
|3^ZCV0'(50->7')>    0.08316
|3^ZCV0'(49->6')>    0.05058
|3^ZCV0'(45->6')>   -0.14511
|3^ZCV0'(45->7')>    0.14044
|3^ZCV0'(41->6')>    0.09061
|3^ZCV0'(41->7')>   -0.08749
|3^ZCV0'(40->6')>    0.18448
|3^ZCV0'(40->7')>   -0.17548
|3^ZCV0'(39->11')>   -0.08294
|3^ZCV0'(38->10')>    0.07642
TDMs with Triplet 'Ground' state
TDMX:-0.040   TDMY:-0.199   TDMZ:0.026   Oscillator Strength:0.00506   <S**2>: 2.000
--------------------------------------------------------------------
TDMs with Singlet 'Ground' state
TDMX:0.000   TDMY:0.000   TDMZ:0.000   Oscillator Strength:0.00000   <S**2>: 2.000
--------------------------------------------------------------------


State 180 4.951 eV 
Excitation    CI Coef
|3^CS(5->0)>   -0.09970
|3^CS(4->0)>   -0.05469
|3^CS(2->0)>    0.06955
|3^CS(1->0)>   -0.06099
|3^CS(6->0')>   -0.06499
|3^CS(5->0')>    0.09296
|3^CS(4->0')>    0.10250
|3^CS(2->0')>   -0.07720
|3^CS(1->0')>    0.09042
|3^SV(0->3')>    0.11873
|3^SV(0->4')>   -0.12496
|3^SV(0->6')>    0.06452
|3^SV(0->7')>   -0.06350
|3^SV(0->10')>    0.09486
|3^SV(0->11')>    0.15703
|3^SV(0->14')>   -0.06272
|3^SV(0'->3')>    0.13675
|3^SV(0'->4')>   -0.12740
|3^SV(0'->6')>    0.05334
|3^SV(0'->7')>   -0.06333
|3^SV(0'->10')>    0.20995
|3^SV(0'->11')>    0.13809
|3^SV(0'->13')>   -0.06100
|3T^CV(11->10')>   -0.07188
|3T^CV(11->11')>   -0.05615
|3T^CV(5->4')>   -0.06068
|3T^CV(5->12')>    0.06189
|3T^CV(4->3')>    0.05750
|3T^CV(2->10')>    0.07125
|3T^CV(2->11')>    0.05149
|3T^CV(1->10')>   -0.05110
|3T^CV(1->11')>   -0.08112
|3X^CV(18->10')>   -0.08222
|3X^CV(18->11')>   -0.05367
|3X^CV(17->3')>   -0.05239
|3X^CV(17->4')>    0.05345
|3X^CV(17->10')>   -0.06989
|3X^CV(17->11')>   -0.09600
|3X^CV(16->10')>    0.06982
|3X^CV(16->11')>    0.05132
|3X^CV(15->10')>   -0.06766
|3X^CV(15->11')>   -0.08899
|3X^CV(14->6')>   -0.06776
|3X^CV(14->7')>    0.07584
|3X^CV(13->6')>   -0.07794
|3X^CV(13->7')>    0.06531
|3X^CV(12->6')>    0.05078
|3X^CV(11->10')>    0.06215
|3X^CV(11->11')>    0.06689
|3X^CV(8->6')>   -0.13258
|3X^CV(8->7')>    0.11089
|3X^CV(5->18')>   -0.06181
|3X^CV(4->6')>    0.08547
|3X^CV(4->7')>   -0.07131
|3X^CV(3->6')>    0.15472
|3X^CV(3->7')>   -0.16909
|3^ZCV0(14->6')>   -0.08225
|3^ZCV0(14->7')>    0.07145
|3^ZCV0(13->6')>   -0.06864
|3^ZCV0(13->7')>    0.07522
|3^ZCV0(8->6')>   -0.12134
|3^ZCV0(8->7')>    0.13021
|3^ZCV0(5->4')>    0.05048
|3^ZCV0(4->6')>    0.07570
|3^ZCV0(4->7')>   -0.08089
|3^ZCV0(3->6')>    0.17121
|3^ZCV0(3->7')>   -0.14677
|3^ZCV0(2->11')>    0.09095
|3^ZCV0(1->10')>   -0.08539
|3^ZCV0'(51->6')>    0.07883
|3^ZCV0'(51->7')>   -0.06847
|3^ZCV0'(50->6')>    0.06867
|3^ZCV0'(50->7')>   -0.07502
|3^ZCV0'(45->6')>    0.11821
|3^ZCV0'(45->7')>   -0.12777
|3^ZCV0'(41->6')>   -0.07201
|3^ZCV0'(41->7')>    0.07791
|3^ZCV0'(40->6')>   -0.16696
|3^ZCV0'(40->7')>    0.14226
|3^ZCV0'(40->11')>   -0.05197
|3^ZCV0'(39->11')>   -0.10761
|3^ZCV0'(38->10')>    0.10079
|3^ZCV0'(38->11')>    0.05891
TDMs with Triplet 'Ground' state
TDMX:0.044   TDMY:-0.203   TDMZ:0.061   Oscillator Strength:0.00567   <S**2>: 2.000
--------------------------------------------------------------------
TDMs with Singlet 'Ground' state
TDMX:0.000   TDMY:0.000   TDMZ:0.000   Oscillator Strength:0.00000   <S**2>: 2.000
--------------------------------------------------------------------


State 181 4.962 eV 
Excitation    CI Coef
|3^CS(14->0)>   -0.05975
|3^CS(13->0)>    0.09800
|3^CS(11->0)>    0.06870
|3^CS(10->0)>    0.07930
|3^CS(9->0)>   -0.08127
|3^CS(4->0)>   -0.05934
|3^CS(5->0')>    0.06763
|3^SV(0->10')>    0.14020
|3^SV(0->11')>   -0.09318
|3^SV(0->12')>   -0.08026
|3^SV(0->13')>   -0.21528
|3^SV(0->14')>    0.17851
|3^SV(0'->10')>   -0.07132
|3^SV(0'->11')>    0.14315
|3^SV(0'->12')>    0.06966
|3^SV(0'->13')>    0.28326
|3^SV(0'->14')>   -0.29520
|3T^CV(12->14')>   -0.05352
|3T^CV(10->1')>   -0.15935
|3T^CV(10->2')>    0.12647
|3T^CV(10->5')>   -0.05413
|3T^CV(9->1')>    0.16843
|3T^CV(9->2')>   -0.11604
|3T^CV(9->5')>    0.05030
|3T^CV(8->6')>   -0.06150
|3T^CV(8->7')>   -0.05482
|3T^CV(3->6')>   -0.07075
|3T^CV(3->7')>   -0.07186
|3X^CV(18->11')>   -0.06810
|3X^CV(18->13')>   -0.07504
|3X^CV(18->14')>    0.06953
|3X^CV(17->10')>   -0.05937
|3X^CV(16->11')>    0.05453
|3X^CV(12->13')>   -0.08074
|3X^CV(12->14')>    0.05335
|3X^CV(10->1')>   -0.07841
|3X^CV(10->2')>    0.07129
|3X^CV(9->1')>    0.08999
|3X^CV(9->2')>   -0.07318
|3X^CV(2->10')>   -0.06112
|3X^CV(2->11')>    0.07967
|3X^CV(1->10')>   -0.07138
|3X^CV(1->11')>    0.05919
|3^ZCV0(16->3')>    0.05945
|3^ZCV0(16->4')>    0.05848
|3^ZCV0(12->13')>    0.07544
|3^ZCV0(12->14')>   -0.06940
|3^ZCV0(5->3')>   -0.05028
|3^ZCV0(2->10')>    0.09597
|3^ZCV0(2->11')>   -0.08120
|3^ZCV0(1->10')>    0.07284
|3^ZCV0(1->11')>   -0.09836
|3^ZCV0'(55->13')>   -0.06624
|3^ZCV0'(55->14')>    0.05832
|3^ZCV0'(53->3')>   -0.05532
|3^ZCV0'(53->4')>   -0.05546
|3^ZCV0'(42->3')>    0.05548
|3^ZCV0'(39->10')>   -0.08757
|3^ZCV0'(39->11')>    0.06376
|3^ZCV0'(38->10')>   -0.05737
|3^ZCV0'(38->11')>    0.09130
TDMs with Triplet 'Ground' state
TDMX:-0.034   TDMY:0.102   TDMZ:0.132   Oscillator Strength:0.00353   <S**2>: 2.000
--------------------------------------------------------------------
TDMs with Singlet 'Ground' state
TDMX:0.000   TDMY:0.000   TDMZ:0.000   Oscillator Strength:0.00000   <S**2>: 2.000
--------------------------------------------------------------------


State 182 4.964 eV 
Excitation    CI Coef
|3^CS(10->0)>    0.15366
|3^CS(9->0)>   -0.14757
|3^SV(0->7')>    0.05270
|3^SV(0->10')>   -0.07664
|3^SV(0->13')>    0.13669
|3^SV(0->14')>   -0.15257
|3^SV(0'->6')>   -0.07888
|3^SV(0'->7')>   -0.06947
|3^SV(0'->11')>   -0.07807
|3^SV(0'->12')>   -0.08525
|3^SV(0'->13')>   -0.14421
|3^SV(0'->14')>    0.11921
|3T^CV(14->6')>    0.05554
|3T^CV(14->7')>    0.05385
|3T^CV(10->1')>   -0.30757
|3T^CV(10->2')>    0.22473
|3T^CV(10->5')>   -0.09830
|3T^CV(10->12')>   -0.06603
|3T^CV(10->13')>    0.07091
|3T^CV(10->14')>   -0.05304
|3T^CV(9->1')>    0.30793
|3T^CV(9->2')>   -0.23202
|3T^CV(9->5')>    0.09727
|3T^CV(9->12')>    0.06276
|3T^CV(9->13')>   -0.07331
|3T^CV(9->14')>    0.05302
|3T^CV(8->6')>   -0.11009
|3T^CV(8->7')>   -0.10665
|3T^CV(4->6')>    0.06526
|3T^CV(4->7')>    0.06389
|3T^CV(3->6')>   -0.13733
|3T^CV(3->7')>   -0.13042
|3X^CV(19->6')>   -0.05543
|3X^CV(19->7')>   -0.05375
|3X^CV(14->6')>    0.06823
|3X^CV(14->7')>    0.05637
|3X^CV(13->6')>   -0.06019
|3X^CV(13->7')>   -0.06828
|3X^CV(10->1')>   -0.16090
|3X^CV(10->2')>    0.13484
|3X^CV(10->13')>    0.06761
|3X^CV(10->15')>    0.05402
|3X^CV(10->16')>   -0.05355
|3X^CV(10->20')>    0.05097
|3X^CV(10->21')>   -0.06020
|3X^CV(9->1')>    0.15391
|3X^CV(9->2')>   -0.13661
|3X^CV(9->13')>   -0.06692
|3X^CV(9->15')>   -0.05731
|3X^CV(9->16')>    0.05337
|3X^CV(9->20')>   -0.05026
|3X^CV(9->21')>    0.06061
|3X^CV(8->6')>   -0.05556
|3X^CV(8->7')>   -0.06867
|3X^CV(3->6')>   -0.07961
|3X^CV(3->7')>   -0.05704
|3^ZCV0(10->1')>   -0.07475
|3^ZCV0(9->1')>    0.06909
|3^ZCV0(8->6')>    0.06266
|3^ZCV0(3->6')>    0.06218
|3^ZCV0(3->7')>    0.07875
|3^ZCV0(1->11')>    0.05021
|3^ZCV0'(47->1')>    0.05592
|3^ZCV0'(46->1')>   -0.05094
|3^ZCV0'(45->6')>   -0.06944
|3^ZCV0'(45->7')>   -0.05372
|3^ZCV0'(40->6')>   -0.06914
|3^ZCV0'(40->7')>   -0.08477
TDMs with Triplet 'Ground' state
TDMX:0.052   TDMY:-0.170   TDMZ:0.093   Oscillator Strength:0.00489   <S**2>: 2.000
--------------------------------------------------------------------
TDMs with Singlet 'Ground' state
TDMX:0.000   TDMY:0.000   TDMZ:0.000   Oscillator Strength:0.00000   <S**2>: 2.000
--------------------------------------------------------------------


State 183 4.964 eV 
Excitation    CI Coef
|1^ZW+>   -0.06575
|1^CS(18->0)>    0.07339
|1^CS(13->0)>    0.08908
|1^CS(12->0)>    0.10486
|1^CS(11->0)>   -0.09865
|1^CS(9->0)>    0.06704
|1^CS(20->0')>    0.06137
|1^CS(17->0')>    0.07915
|1^CS(14->0')>   -0.17373
|1^CS(12->0')>   -0.12394
|1^CS(11->0')>   -0.11252
|1^CS(4->0')>   -0.05819
|1^SV(0->2')>    0.10195
|1^SV(0->12')>   -0.10123
|1^SV(0'->1')>    0.12885
|1^SV(0'->2')>    0.09395
|1^SV(0'->5')>   -0.17841
|1^SV(0'->12')>   -0.21467
|1^SV(0'->14')>   -0.12375
|1T^CV(14->1')>   -0.15565
|1T^CV(14->2')>   -0.05710
|1T^CV(14->12')>   -0.08651
|1T^CV(14->14')>   -0.05846
|1T^CV(13->1')>    0.12743
|1T^CV(13->5')>    0.07215
|1T^CV(13->12')>   -0.06990
|1T^CV(13->14')>   -0.05202
|1T^CV(12->1')>    0.15325
|1T^CV(12->2')>    0.06692
|1T^CV(11->1')>   -0.11817
|1T^CV(11->2')>   -0.06776
|1T^CV(11->5')>   -0.07794
|1T^CV(10->2')>   -0.05036
|1T^CV(10->6')>    0.06462
|1T^CV(10->7')>   -0.08155
|1T^CV(9->6')>    0.08509
|1T^CV(9->7')>   -0.06285
|1T^CV(8->1')>   -0.12239
|1T^CV(8->2')>   -0.19627
|1T^CV(6->2')>    0.05300
|1T^CV(4->1')>    0.06242
|1T^CV(4->2')>    0.10030
|1T^CV(3->5')>   -0.11391
|1T^CV(3->12')>    0.09502
|1T^CV(3->14')>    0.07248
|1T^CV(2->3')>    0.05875
|1T^CV(1->4')>    0.05942
|1^ZCV0(14->2')>    0.08892
|1^ZCV0(13->1')>   -0.11309
|1^ZCV0(13->12')>    0.05660
|1^ZCV0(12->1')>   -0.17301
|1^ZCV0(11->2')>    0.15374
|1^ZCV0(11->5')>    0.07742
|1^ZCV0(10->1')>   -0.05770
|1^ZCV0(8->1')>    0.17247
|1^ZCV0(4->1')>   -0.09325
|1^ZCV0(3->2')>    0.15999
|1^ZCV0(3->5')>    0.08523
|1^ZCV0'(14->2')>   -0.06729
|1^ZCV0'(13->1')>    0.11610
|1^ZCV0'(12->1')>    0.19531
|1^ZCV0'(11->2')>   -0.15755
|1^ZCV0'(10->1')>    0.05771
|1^ZCV0'(8->1')>   -0.17236
|1^ZCV0'(4->1')>    0.09229
|1^ZCV0'(3->2')>   -0.14811
|1^ZCV0'(3->5')>   -0.08978
TDMs with Triplet 'Ground' state
TDMX:0.000   TDMY:0.000   TDMZ:0.000   Oscillator Strength:0.00000   <S**2>: 0.000
--------------------------------------------------------------------
TDMs with Singlet 'Ground' state
TDMX:-0.022   TDMY:-0.886   TDMZ:-0.374   Oscillator Strength:0.11263   <S**2>: 0.000
--------------------------------------------------------------------


State 184 4.976 eV 
Excitation    CI Coef
|3^CS(7->0)>   -0.09362
|3^CS(6->0)>    0.07967
|3^CS(7->0')>   -0.08853
|3^CS(6->0')>    0.07202
|3^SV(0->8')>   -0.22539
|3^SV(0->9')>    0.22404
|3^SV(0'->8')>    0.20196
|3^SV(0'->9')>   -0.20381
|3T^CV(12->8')>    0.06261
|3T^CV(12->9')>   -0.06207
|3X^CV(18->8')>   -0.10167
|3X^CV(18->9')>    0.10211
|3X^CV(17->8')>    0.08152
|3X^CV(17->9')>   -0.08037
|3X^CV(16->8')>   -0.06686
|3X^CV(16->9')>    0.06729
|3X^CV(15->8')>   -0.05275
|3X^CV(15->9')>    0.05258
|3X^CV(7->3')>    0.09350
|3X^CV(7->4')>    0.09147
|3X^CV(7->12')>    0.05917
|3X^CV(7->13')>    0.05227
|3X^CV(7->14')>   -0.07477
|3X^CV(6->3')>   -0.08464
|3X^CV(6->4')>   -0.08390
|3X^CV(6->12')>   -0.05148
|3X^CV(6->14')>    0.06293
|3X^CV(3->8')>    0.07002
|3X^CV(3->9')>   -0.07064
|3X^CV(2->8')>   -0.14948
|3X^CV(2->9')>    0.14971
|3X^CV(1->8')>   -0.14273
|3X^CV(1->9')>    0.14246
|3^ZCV0(18->8')>    0.05083
|3^ZCV0(18->9')>   -0.05019
|3^ZCV0(8->8')>   -0.07451
|3^ZCV0(8->9')>    0.07371
|3^ZCV0(7->3')>   -0.07989
|3^ZCV0(7->4')>   -0.07816
|3^ZCV0(7->12')>   -0.05533
|3^ZCV0(7->13')>   -0.06539
|3^ZCV0(7->14')>    0.06779
|3^ZCV0(6->3')>    0.07199
|3^ZCV0(6->4')>    0.07263
|3^ZCV0(6->13')>    0.05478
|3^ZCV0(6->14')>   -0.05667
|3^ZCV0(4->8')>    0.05112
|3^ZCV0(4->9')>   -0.05152
|3^ZCV0(3->8')>   -0.09380
|3^ZCV0(3->9')>    0.09393
|3^ZCV0(2->8')>    0.19035
|3^ZCV0(2->9')>   -0.19013
|3^ZCV0(1->8')>    0.18034
|3^ZCV0(1->9')>   -0.18072
|3^ZCV0'(55->8')>   -0.06690
|3^ZCV0'(55->9')>    0.06645
|3^ZCV0'(48->8')>   -0.05725
|3^ZCV0'(48->9')>    0.05745
|3^ZCV0'(45->8')>    0.07344
|3^ZCV0'(45->9')>   -0.07288
|3^ZCV0'(44->3')>    0.09173
|3^ZCV0'(44->4')>    0.08984
|3^ZCV0'(44->12')>    0.05707
|3^ZCV0'(43->3')>   -0.08301
|3^ZCV0'(43->4')>   -0.08325
|3^ZCV0'(40->8')>    0.08028
|3^ZCV0'(40->9')>   -0.08050
|3^ZCV0'(39->8')>   -0.16787
|3^ZCV0'(39->9')>    0.16758
|3^ZCV0'(38->8')>   -0.15916
|3^ZCV0'(38->9')>    0.15959
TDMs with Triplet 'Ground' state
TDMX:0.021   TDMY:0.325   TDMZ:-0.079   Oscillator Strength:0.01368   <S**2>: 2.000
--------------------------------------------------------------------
TDMs with Singlet 'Ground' state
TDMX:0.000   TDMY:0.000   TDMZ:0.000   Oscillator Strength:0.00000   <S**2>: 2.000
--------------------------------------------------------------------


State 185 4.985 eV 
Excitation    CI Coef
|1^CS(16->0)>   -0.08505
|1^CS(15->0)>    0.10169
|1^CS(10->0)>    0.22188
|1^CS(9->0)>    0.21762
|1^CS(2->0)>   -0.19994
|1^CS(1->0)>    0.21318
|1^CS(16->0')>   -0.05805
|1^CS(15->0')>    0.08285
|1^CS(10->0')>   -0.13976
|1^CS(9->0')>   -0.14039
|1^CS(2->0')>    0.26189
|1^CS(1->0')>   -0.27634
|1^SV(0'->3')>   -0.05205
|1^SV(0'->4')>    0.06577
|1T^CV(11->3')>   -0.05227
|1T^CV(11->4')>    0.05254
|1T^CV(10->2')>   -0.14176
|1T^CV(10->12')>   -0.05820
|1T^CV(9->2')>   -0.14825
|1T^CV(9->12')>   -0.05479
|1T^CV(3->3')>    0.05067
|1T^CV(2->1')>    0.05836
|1T^CV(2->2')>    0.12515
|1T^CV(2->5')>   -0.05750
|1T^CV(2->12')>    0.12902
|1T^CV(2->13')>   -0.06190
|1T^CV(1->1')>   -0.06253
|1T^CV(1->2')>   -0.13168
|1T^CV(1->5')>    0.05992
|1T^CV(1->12')>   -0.13869
|1T^CV(1->13')>    0.06377
|1^ZCV0(10->1')>   -0.18574
|1^ZCV0(10->2')>   -0.09715
|1^ZCV0(9->1')>   -0.19352
|1^ZCV0(9->2')>   -0.09083
|1^ZCV0(8->6')>    0.05529
|1^ZCV0(8->7')>   -0.05148
|1^ZCV0(3->6')>   -0.06618
|1^ZCV0(3->7')>    0.06660
|1^ZCV0(2->2')>   -0.05530
|1^ZCV0(2->12')>   -0.05656
|1^ZCV0(1->2')>    0.05830
|1^ZCV0(1->12')>    0.05976
|1^ZCV0'(10->1')>    0.18968
|1^ZCV0'(10->2')>    0.08409
|1^ZCV0'(10->5')>   -0.05348
|1^ZCV0'(9->1')>    0.19839
|1^ZCV0'(9->2')>    0.07744
|1^ZCV0'(9->5')>   -0.05067
|1^ZCV0'(8->6')>   -0.05973
|1^ZCV0'(8->7')>    0.05606
|1^ZCV0'(3->6')>    0.07242
|1^ZCV0'(3->7')>   -0.07217
|1^ZCV0'(2->2')>    0.07264
|1^ZCV0'(1->2')>   -0.07771
|1^CSD_(11,2)>    0.07772
|1^CSD_(11,1)>   -0.08213
TDMs with Triplet 'Ground' state
TDMX:0.000   TDMY:0.000   TDMZ:0.000   Oscillator Strength:0.00000   <S**2>: 0.000
--------------------------------------------------------------------
TDMs with Singlet 'Ground' state
TDMX:-0.034   TDMY:0.221   TDMZ:-0.003   Oscillator Strength:0.00609   <S**2>: 0.000
--------------------------------------------------------------------


State 186 4.987 eV 
Excitation    CI Coef
|3^OS>   -0.05653
|3^CS(20->0)>    0.05575
|3^CS(11->0)>    0.09730
|3^CS(8->0)>    0.06718
|3^CS(6->0)>   -0.06169
|3^CS(4->0)>   -0.07466
|3^CS(3->0)>   -0.08427
|3^CS(19->0')>    0.07837
|3^CS(13->0')>   -0.06077
|3^CS(11->0')>   -0.07468
|3^CS(7->0')>    0.05569
|3^CS(6->0')>    0.06783
|3^CS(4->0')>    0.05996
|3^CS(3->0')>    0.12460
|3^SV(0->1')>    0.14304
|3^SV(0->12')>   -0.24791
|3^SV(0->14')>   -0.21792
|3^SV(0->15')>   -0.08794
|3^SV(0->20')>   -0.05376
|3^SV(0'->1')>    0.08117
|3^SV(0'->8')>    0.05734
|3^SV(0'->9')>    0.05382
|3^SV(0'->12')>   -0.17415
|3^SV(0'->14')>   -0.15850
|3^SV(0'->15')>   -0.12383
|3T^CV(14->2')>   -0.08445
|3T^CV(13->1')>    0.10831
|3T^CV(12->1')>    0.17016
|3T^CV(11->1')>   -0.05641
|3T^CV(11->2')>   -0.16188
|3T^CV(11->5')>   -0.07406
|3T^CV(10->1')>    0.09050
|3T^CV(10->2')>   -0.06270
|3T^CV(9->1')>   -0.07378
|3T^CV(9->2')>    0.05695
|3T^CV(8->1')>   -0.13590
|3T^CV(6->1')>    0.05558
|3T^CV(4->1')>    0.09248
|3T^CV(3->1')>   -0.08079
|3T^CV(3->2')>   -0.11516
|3T^CV(3->5')>   -0.08014
|3X^CV(20->1')>    0.06225
|3X^CV(19->1')>   -0.07703
|3X^CV(17->1')>   -0.05320
|3X^CV(14->1')>   -0.10461
|3X^CV(12->2')>    0.05167
|3X^CV(11->1')>   -0.11602
|3X^CV(11->2')>   -0.05099
|3X^CV(11->5')>    0.05654
|3X^CV(11->15')>   -0.05383
|3X^CV(10->6')>   -0.08133
|3X^CV(9->7')>    0.07740
|3X^CV(8->1')>    0.08815
|3X^CV(8->2')>   -0.06877
|3X^CV(4->2')>    0.05534
|3X^CV(3->1')>   -0.13321
|3X^CV(3->15')>   -0.06420
|3^ZCV0(19->1')>   -0.10401
|3^ZCV0(17->1')>   -0.05976
|3^ZCV0(14->2')>   -0.07367
|3^ZCV0(13->1')>    0.12753
|3^ZCV0(13->12')>   -0.06189
|3^ZCV0(12->1')>    0.11720
|3^ZCV0(12->12')>   -0.05009
|3^ZCV0(11->1')>   -0.07017
|3^ZCV0(11->2')>   -0.14828
|3^ZCV0(8->1')>   -0.05107
|3^ZCV0(3->1')>   -0.08334
|3^ZCV0(3->2')>   -0.11459
|3^ZCV0(3->15')>   -0.05321
|3^ZCV0'(56->1')>    0.10553
|3^ZCV0'(51->2')>    0.07374
|3^ZCV0'(50->1')>   -0.11858
|3^ZCV0'(49->1')>   -0.11960
|3^ZCV0'(49->12')>    0.05960
|3^ZCV0'(48->2')>    0.15219
|3^ZCV0'(48->12')>    0.05154
|3^ZCV0'(45->2')>    0.05110
|3^ZCV0'(40->1')>    0.06497
|3^ZCV0'(40->2')>    0.10069
|3^ZCV0'(40->15')>    0.05236
TDMs with Triplet 'Ground' state
TDMX:0.038   TDMY:0.165   TDMZ:-0.129   Oscillator Strength:0.00554   <S**2>: 2.000
--------------------------------------------------------------------
TDMs with Singlet 'Ground' state
TDMX:0.000   TDMY:0.000   TDMZ:0.000   Oscillator Strength:0.00000   <S**2>: 2.000
--------------------------------------------------------------------


State 187 4.998 eV 
Excitation    CI Coef
|3^CS(8->0)>   -0.09859
|3^CS(7->0)>   -0.18635
|3^CS(6->0)>   -0.14591
|3^CS(4->0)>   -0.06497
|3^CS(8->0')>    0.12249
|3^CS(7->0')>    0.24191
|3^CS(6->0')>    0.19116
|3^CS(4->0')>    0.09178
|3^SV(0->8')>    0.15330
|3^SV(0->9')>    0.15630
|3^SV(0->12')>    0.07127
|3^SV(0->14')>    0.05465
|3^SV(0'->8')>    0.23401
|3^SV(0'->9')>    0.23220
|3^SV(0'->14')>    0.05404
|3T^CV(11->8')>   -0.09624
|3T^CV(11->9')>   -0.09641
|3T^CV(9->1')>    0.05470
|3T^CV(8->1')>    0.06590
|3T^CV(8->2')>    0.05036
|3T^CV(8->8')>   -0.06264
|3T^CV(8->9')>   -0.06170
|3T^CV(7->1')>    0.07774
|3T^CV(7->2')>    0.10873
|3T^CV(7->3')>   -0.09521
|3T^CV(7->4')>    0.09156
|3T^CV(7->5')>   -0.05694
|3T^CV(7->12')>    0.10885
|3T^CV(7->13')>   -0.05939
|3T^CV(6->1')>    0.05335
|3T^CV(6->2')>    0.08394
|3T^CV(6->3')>   -0.09217
|3T^CV(6->4')>    0.09203
|3T^CV(6->12')>    0.08754
|3T^CV(3->8')>    0.05209
|3T^CV(3->9')>    0.05048
|3T^CV(2->8')>   -0.09866
|3T^CV(2->9')>   -0.09933
|3T^CV(1->8')>    0.10497
|3T^CV(1->9')>    0.10565
|3X^CV(18->8')>   -0.09654
|3X^CV(18->9')>   -0.09559
|3X^CV(17->8')>   -0.11317
|3X^CV(17->9')>   -0.11392
|3X^CV(16->8')>   -0.07932
|3X^CV(16->9')>   -0.08024
|3X^CV(15->8')>    0.10019
|3X^CV(15->9')>    0.10198
|3X^CV(11->8')>    0.08476
|3X^CV(11->9')>    0.08568
|3X^CV(7->2')>    0.07596
|3X^CV(7->12')>    0.07948
|3X^CV(7->16')>    0.06636
|3X^CV(7->17')>    0.06771
|3X^CV(7->19')>   -0.05548
|3X^CV(7->20')>    0.06387
|3X^CV(6->2')>    0.05728
|3X^CV(6->12')>    0.05905
|3X^CV(6->16')>    0.05886
|3X^CV(6->17')>    0.06611
|3^ZCV0(7->3')>    0.07562
|3^ZCV0(7->4')>   -0.07567
|3^ZCV0(6->3')>    0.07164
|3^ZCV0(6->4')>   -0.06883
|3^ZCV0(2->8')>   -0.07501
|3^ZCV0(2->9')>   -0.07714
|3^ZCV0(1->8')>    0.07972
|3^ZCV0(1->9')>    0.08005
|3^ZCV0'(44->3')>   -0.06238
|3^ZCV0'(44->4')>    0.06297
|3^ZCV0'(43->3')>   -0.05873
|3^ZCV0'(43->4')>    0.05622
|3^ZCV0'(40->8')>   -0.05274
|3^ZCV0'(40->9')>   -0.05181
|3^ZCV0'(39->8')>    0.09539
|3^ZCV0'(39->9')>    0.09783
|3^ZCV0'(38->8')>   -0.10159
|3^ZCV0'(38->9')>   -0.10244
TDMs with Triplet 'Ground' state
TDMX:0.284   TDMY:-0.380   TDMZ:-0.122   Oscillator Strength:0.02945   <S**2>: 2.000
--------------------------------------------------------------------
TDMs with Singlet 'Ground' state
TDMX:0.000   TDMY:0.000   TDMZ:0.000   Oscillator Strength:0.00000   <S**2>: 2.000
--------------------------------------------------------------------


State 188 5.005 eV 
Excitation    CI Coef
|3^CS(10->0)>    0.06291
|3^CS(9->0)>    0.06841
|3^CS(10->0')>   -0.22527
|3^CS(9->0')>   -0.22711
|3^SV(0->6')>    0.10504
|3^SV(0->7')>   -0.10821
|3^SV(0'->6')>    0.11636
|3^SV(0'->7')>   -0.12182
|3T^CV(14->6')>   -0.05422
|3T^CV(14->7')>    0.05275
|3T^CV(10->1')>    0.37760
|3T^CV(10->2')>    0.20583
|3T^CV(10->5')>   -0.09805
|3T^CV(9->1')>    0.37294
|3T^CV(9->2')>    0.20944
|3T^CV(9->5')>   -0.09892
|3T^CV(8->6')>   -0.11728
|3T^CV(8->7')>    0.11412
|3T^CV(4->6')>    0.07147
|3T^CV(4->7')>   -0.06961
|3T^CV(3->6')>    0.13330
|3T^CV(3->7')>   -0.12473
|3X^CV(20->6')>   -0.05228
|3X^CV(20->7')>    0.05065
|3X^CV(19->6')>   -0.05553
|3X^CV(19->7')>    0.05524
|3X^CV(10->1')>    0.25896
|3X^CV(10->2')>    0.10286
|3X^CV(10->15')>    0.06699
|3X^CV(10->16')>    0.05387
|3X^CV(10->20')>   -0.05858
|3X^CV(10->21')>   -0.06117
|3X^CV(9->1')>    0.25564
|3X^CV(9->2')>    0.10399
|3X^CV(9->15')>    0.06720
|3X^CV(9->16')>    0.05330
|3X^CV(9->20')>   -0.05828
|3X^CV(9->21')>   -0.06217
|3^ZCV0(10->2')>   -0.09607
|3^ZCV0(9->2')>   -0.09657
|3^ZCV0'(48->6')>   -0.05635
|3^ZCV0'(48->7')>    0.05538
|3^ZCV0'(47->1')>    0.06491
|3^ZCV0'(47->2')>    0.09705
|3^ZCV0'(46->1')>    0.06510
|3^ZCV0'(46->2')>    0.09786
TDMs with Triplet 'Ground' state
TDMX:-0.057   TDMY:-0.016   TDMZ:-0.046   Oscillator Strength:0.00069   <S**2>: 2.000
--------------------------------------------------------------------
TDMs with Singlet 'Ground' state
TDMX:0.000   TDMY:0.000   TDMZ:0.000   Oscillator Strength:0.00000   <S**2>: 2.000
--------------------------------------------------------------------


State 189 5.008 eV 
Excitation    CI Coef
|1^CS(16->0)>    0.07906
|1^CS(15->0)>   -0.09030
|1^CS(10->0)>    0.27292
|1^CS(9->0)>    0.27229
|1^CS(2->0)>    0.18841
|1^CS(1->0)>   -0.20372
|1^CS(16->0')>    0.05199
|1^CS(15->0')>   -0.07992
|1^CS(10->0')>   -0.19442
|1^CS(9->0')>   -0.19153
|1^CS(2->0')>   -0.24235
|1^CS(1->0')>    0.25544
|1^SV(0'->4')>   -0.06432
|1^SV(0'->11')>   -0.05929
|1T^CV(10->2')>   -0.15485
|1T^CV(10->12')>   -0.05989
|1T^CV(9->2')>   -0.15730
|1T^CV(9->12')>   -0.05919
|1T^CV(2->1')>   -0.06474
|1T^CV(2->2')>   -0.12615
|1T^CV(2->5')>    0.05708
|1T^CV(2->12')>   -0.12364
|1T^CV(2->13')>    0.06144
|1T^CV(1->1')>    0.06887
|1T^CV(1->2')>    0.13334
|1T^CV(1->5')>   -0.05874
|1T^CV(1->12')>    0.13359
|1T^CV(1->13')>   -0.06332
|1^ZCV0(10->1')>   -0.18658
|1^ZCV0(10->2')>   -0.07841
|1^ZCV0(9->1')>   -0.19203
|1^ZCV0(9->2')>   -0.07535
|1^ZCV0(3->6')>   -0.05320
|1^ZCV0(3->7')>    0.05361
|1^ZCV0(1->12')>   -0.05020
|1^ZCV0'(10->1')>    0.18524
|1^ZCV0'(10->2')>    0.05688
|1^ZCV0'(10->5')>   -0.05315
|1^ZCV0'(9->1')>    0.19047
|1^ZCV0'(9->2')>    0.05368
|1^ZCV0'(9->5')>   -0.05124
|1^ZCV0'(8->6')>   -0.05849
|1^ZCV0'(8->7')>    0.05379
|1^ZCV0'(3->6')>    0.06764
|1^ZCV0'(3->7')>   -0.06793
|1^ZCV0'(2->2')>   -0.05268
|1^ZCV0'(1->2')>    0.05916
|1^CSD_(11,2)>   -0.06898
|1^CSD_(11,1)>    0.07359
TDMs with Triplet 'Ground' state
TDMX:0.000   TDMY:0.000   TDMZ:0.000   Oscillator Strength:0.00000   <S**2>: 0.000
--------------------------------------------------------------------
TDMs with Singlet 'Ground' state
TDMX:0.071   TDMY:-0.156   TDMZ:-0.186   Oscillator Strength:0.00783   <S**2>: 0.000
--------------------------------------------------------------------


State 190 5.014 eV 
Excitation    CI Coef
|3^CS(6->0)>    0.08913
|3^CS(5->0)>   -0.12931
|3^CS(4->0)>   -0.09033
|3^CS(2->0)>   -0.26845
|3^CS(1->0)>    0.28349
|3^CS(6->0')>   -0.11605
|3^CS(5->0')>    0.15514
|3^CS(4->0')>    0.10530
|3^CS(2->0')>    0.31146
|3^CS(1->0')>   -0.32912
|3^SV(0->3')>   -0.09266
|3^SV(0->4')>    0.09307
|3^SV(0->10')>    0.06397
|3^SV(0->11')>    0.05586
|3^SV(0->13')>   -0.07475
|3^SV(0->14')>   -0.05609
|3^SV(0'->3')>   -0.12188
|3^SV(0'->4')>    0.12263
|3^SV(0'->10')>    0.10414
|3^SV(0'->11')>    0.10147
|3^SV(0'->13')>   -0.05061
|3^SV(0'->14')>   -0.07785
|3T^CV(11->10')>   -0.05119
|3T^CV(5->2')>    0.06665
|3T^CV(5->3')>    0.05248
|3T^CV(5->4')>   -0.06031
|3T^CV(5->12')>    0.07230
|3T^CV(4->3')>    0.05462
|3T^CV(2->2')>    0.09641
|3T^CV(2->10')>    0.06137
|3T^CV(2->12')>    0.06683
|3T^CV(1->2')>   -0.10035
|3T^CV(1->10')>   -0.05680
|3T^CV(1->11')>   -0.05696
|3T^CV(1->12')>   -0.07069
|3X^CV(17->3')>    0.05440
|3X^CV(17->4')>   -0.05430
|3X^CV(17->10')>   -0.05327
|3X^CV(17->11')>   -0.05341
|3X^CV(2->2')>    0.12131
|3X^CV(2->12')>    0.05661
|3X^CV(1->2')>   -0.12922
|3X^CV(1->12')>   -0.06047
|3^ZCV0(17->3')>    0.05334
|3^ZCV0(17->4')>   -0.05343
|3^ZCV0(4->3')>   -0.05481
|3^ZCV0(4->4')>    0.05598
|3^ZCV0(3->3')>   -0.05170
|3^ZCV0(3->4')>    0.05220
|3^ZCV0(2->10')>    0.05056
|3^ZCV0(1->10')>   -0.05323
|3^ZCV0'(54->3')>   -0.05188
|3^ZCV0'(54->4')>    0.05180
|3^ZCV0'(52->13')>    0.05101
|3^ZCV0'(39->2')>   -0.06956
|3^ZCV0'(39->10')>   -0.05268
|3^ZCV0'(39->13')>   -0.05580
|3^ZCV0'(39->14')>   -0.06834
|3^ZCV0'(38->2')>    0.07324
|3^ZCV0'(38->10')>    0.05619
|3^ZCV0'(38->13')>    0.05867
|3^ZCV0'(38->14')>    0.07227
TDMs with Triplet 'Ground' state
TDMX:0.206   TDMY:-0.254   TDMZ:0.179   Oscillator Strength:0.01709   <S**2>: 2.000
--------------------------------------------------------------------
TDMs with Singlet 'Ground' state
TDMX:0.000   TDMY:0.000   TDMZ:0.000   Oscillator Strength:0.00000   <S**2>: 2.000
--------------------------------------------------------------------


State 191 5.034 eV 
Excitation    CI Coef
|3^CS(13->0)>    0.15155
|3^CS(12->0)>   -0.06012
|3^CS(11->0)>    0.08987
|3^CS(8->0)>    0.10103
|3^CS(5->0)>    0.05558
|3^CS(18->0')>    0.05378
|3^CS(17->0')>   -0.06496
|3^CS(14->0')>   -0.08837
|3^CS(13->0')>    0.05121
|3^CS(12->0')>   -0.09273
|3^CS(5->0')>   -0.07979
|3^CS(3->0')>    0.07848
|3^SV(0->5')>   -0.09702
|3^SV(0->12')>    0.20000
|3^SV(0->13')>   -0.21169
|3^SV(0->14')>   -0.23369
|3^SV(0'->5')>   -0.07921
|3^SV(0'->12')>    0.11205
|3^SV(0'->13')>   -0.25194
|3^SV(0'->14')>   -0.11263
|3T^CV(13->1')>    0.07241
|3T^CV(12->12')>   -0.05703
|3T^CV(11->2')>   -0.08655
|3T^CV(11->13')>    0.08500
|3T^CV(3->1')>    0.05738
|3T^CV(3->2')>   -0.06696
|3X^CV(19->1')>   -0.07659
|3X^CV(18->13')>    0.09627
|3X^CV(17->1')>   -0.05930
|3X^CV(17->12')>   -0.09993
|3X^CV(17->13')>    0.07865
|3X^CV(17->14')>    0.07877
|3X^CV(16->3')>    0.09763
|3X^CV(16->4')>   -0.05881
|3X^CV(15->3')>   -0.08442
|3X^CV(15->4')>    0.11491
|3X^CV(14->2')>   -0.12315
|3X^CV(13->12')>   -0.08643
|3X^CV(12->1')>    0.07426
|3X^CV(12->13')>   -0.05123
|3X^CV(12->14')>   -0.07638
|3X^CV(11->2')>   -0.14032
|3X^CV(11->13')>   -0.06099
|3X^CV(8->1')>   -0.14738
|3X^CV(8->2')>   -0.05161
|3X^CV(8->12')>   -0.06337
|3X^CV(4->1')>    0.07363
|3X^CV(3->5')>   -0.11864
|3X^CV(3->12')>    0.05725
|3X^CV(3->15')>   -0.05981
|3X^CV(2->3')>    0.10478
|3X^CV(2->4')>   -0.07831
|3X^CV(2->17')>    0.07249
|3X^CV(1->3')>   -0.08291
|3X^CV(1->4')>    0.10865
|3X^CV(1->17')>   -0.05214
|3X^CV(1->18')>   -0.06549
|3^ZCV0(17->12')>   -0.05442
|3^ZCV0(17->13')>    0.06119
|3^ZCV0(17->14')>    0.05844
|3^ZCV0(15->3')>   -0.05346
|3^ZCV0(15->4')>    0.05625
|3^ZCV0(13->1')>   -0.06326
|3^ZCV0(11->2')>    0.06634
|3^ZCV0(11->13')>   -0.06056
|3^ZCV0(11->14')>   -0.06022
|3^ZCV0(8->1')>    0.09695
|3^ZCV0(3->1')>   -0.05025
|3^ZCV0(3->2')>    0.05236
|3^ZCV0(3->5')>    0.06976
|3^ZCV0'(52->3')>    0.05515
|3^ZCV0'(52->4')>   -0.05353
|3^ZCV0'(49->1')>    0.08650
|3^ZCV0'(48->2')>   -0.05090
|3^ZCV0'(48->13')>    0.09922
|3^ZCV0'(48->14')>    0.07516
|3^ZCV0'(45->1')>   -0.08474
|3^ZCV0'(41->1')>    0.05100
|3^ZCV0'(40->2')>   -0.05896
|3^ZCV0'(40->5')>   -0.06198
TDMs with Triplet 'Ground' state
TDMX:-0.118   TDMY:-0.234   TDMZ:0.074   Oscillator Strength:0.00911   <S**2>: 2.000
--------------------------------------------------------------------
TDMs with Singlet 'Ground' state
TDMX:0.000   TDMY:0.000   TDMZ:0.000   Oscillator Strength:0.00000   <S**2>: 2.000
--------------------------------------------------------------------


State 192 5.037 eV 
Excitation    CI Coef
|1^CS(5->0)>    0.05578
|1^CS(5->0')>    0.08027
|1^CS(4->0')>   -0.06437
|1^SV(0->10')>    0.22009
|1^SV(0->11')>   -0.22076
|1^SV(0'->10')>    0.17551
|1^SV(0'->11')>   -0.16500
|1T^CV(18->10')>   -0.09592
|1T^CV(18->11')>    0.09782
|1T^CV(17->10')>    0.07653
|1T^CV(17->11')>   -0.07941
|1T^CV(16->10')>    0.07053
|1T^CV(16->11')>   -0.07426
|1T^CV(15->10')>    0.05616
|1T^CV(15->11')>   -0.05626
|1T^CV(13->10')>    0.05764
|1T^CV(13->11')>   -0.05762
|1T^CV(12->10')>   -0.08705
|1T^CV(12->11')>    0.08553
|1T^CV(5->4')>    0.05062
|1^ZCV0(8->3')>   -0.05398
|1^ZCV0(8->4')>   -0.05164
|1^ZCV0(8->10')>   -0.06295
|1^ZCV0(8->11')>    0.06943
|1^ZCV0(6->3')>    0.07461
|1^ZCV0(6->4')>    0.07249
|1^ZCV0(6->12')>   -0.05066
|1^ZCV0(5->1')>   -0.07143
|1^ZCV0(5->2')>    0.06378
|1^ZCV0(5->3')>    0.15211
|1^ZCV0(5->4')>    0.16116
|1^ZCV0(5->5')>   -0.08462
|1^ZCV0(5->12')>   -0.11665
|1^ZCV0(5->13')>   -0.10097
|1^ZCV0(5->14')>    0.08299
|1^ZCV0(4->1')>    0.05329
|1^ZCV0(4->3')>   -0.13164
|1^ZCV0(4->4')>   -0.12778
|1^ZCV0(4->5')>    0.07164
|1^ZCV0(4->11')>   -0.05147
|1^ZCV0(4->12')>    0.09226
|1^ZCV0(4->13')>    0.08943
|1^ZCV0(4->14')>   -0.06629
|1^ZCV0(3->10')>   -0.08151
|1^ZCV0(3->11')>    0.08211
|1^ZCV0(2->10')>   -0.17000
|1^ZCV0(2->11')>    0.17198
|1^ZCV0(1->10')>   -0.15375
|1^ZCV0(1->11')>    0.17004
|1^ZCV0'(12->11')>   -0.05279
|1^ZCV0'(11->10')>   -0.06078
|1^ZCV0'(11->11')>    0.05885
|1^ZCV0'(8->3')>    0.05046
|1^ZCV0'(8->10')>    0.07017
|1^ZCV0'(8->11')>   -0.07667
|1^ZCV0'(6->3')>   -0.07151
|1^ZCV0'(6->4')>   -0.06977
|1^ZCV0'(5->1')>    0.08009
|1^ZCV0'(5->2')>   -0.06531
|1^ZCV0'(5->3')>   -0.14435
|1^ZCV0'(5->4')>   -0.15350
|1^ZCV0'(5->5')>    0.08060
|1^ZCV0'(5->12')>    0.10699
|1^ZCV0'(5->13')>    0.07487
|1^ZCV0'(5->14')>   -0.06165
|1^ZCV0'(4->1')>   -0.06224
|1^ZCV0'(4->2')>    0.05058
|1^ZCV0'(4->3')>    0.12507
|1^ZCV0'(4->4')>    0.12092
|1^ZCV0'(4->5')>   -0.06831
|1^ZCV0'(4->11')>    0.05290
|1^ZCV0'(4->12')>   -0.08580
|1^ZCV0'(4->13')>   -0.06813
|1^ZCV0'(3->10')>    0.08056
|1^ZCV0'(3->11')>   -0.08106
|1^ZCV0'(2->10')>    0.16931
|1^ZCV0'(2->11')>   -0.17176
|1^ZCV0'(1->10')>    0.15455
|1^ZCV0'(1->11')>   -0.16961
TDMs with Triplet 'Ground' state
TDMX:0.000   TDMY:0.000   TDMZ:0.000   Oscillator Strength:0.00000   <S**2>: 0.000
--------------------------------------------------------------------
TDMs with Singlet 'Ground' state
TDMX:-0.061   TDMY:0.734   TDMZ:0.184   Oscillator Strength:0.07113   <S**2>: 0.000
--------------------------------------------------------------------


State 193 5.040 eV 
Excitation    CI Coef
|3^OS>    0.07512
|3^CS(19->0)>    0.06265
|3^CS(18->0)>   -0.07343
|3^CS(14->0)>    0.05861
|3^CS(13->0)>   -0.15209
|3^CS(12->0)>    0.06712
|3^CS(5->0)>    0.06255
|3^CS(4->0)>    0.07484
|3^CS(18->0')>   -0.11756
|3^CS(14->0')>    0.05555
|3^CS(13->0')>   -0.12580
|3^CS(12->0')>    0.12975
|3^CS(5->0')>   -0.08332
|3^CS(4->0')>   -0.06322
|3^CS(3->0')>   -0.07388
|3^SV(0->12')>    0.07339
|3^SV(0->13')>   -0.23430
|3^SV(0->14')>   -0.05630
|3^SV(0'->12')>    0.18375
|3^SV(0'->13')>   -0.17982
|3^SV(0'->14')>   -0.19297
|3T^CV(13->1')>   -0.06954
|3T^CV(12->1')>   -0.05638
|3T^CV(11->2')>    0.09588
|3T^CV(5->2')>   -0.05064
|3T^CV(3->2')>    0.10222
|3X^CV(18->12')>   -0.05939
|3X^CV(17->13')>    0.06255
|3X^CV(15->3')>   -0.05156
|3X^CV(14->1')>    0.07305
|3X^CV(14->2')>    0.05213
|3X^CV(13->1')>   -0.12553
|3X^CV(12->1')>   -0.11400
|3X^CV(12->12')>    0.08606
|3X^CV(11->2')>    0.12781
|3X^CV(11->12')>    0.07160
|3X^CV(11->13')>   -0.11730
|3X^CV(11->14')>   -0.08034
|3X^CV(8->1')>    0.12953
|3X^CV(8->2')>    0.10506
|3X^CV(8->5')>   -0.05125
|3X^CV(4->1')>   -0.09110
|3X^CV(4->2')>   -0.08870
|3X^CV(3->1')>   -0.09264
|3X^CV(3->5')>    0.11976
|3X^CV(3->12')>   -0.09565
|3X^CV(2->3')>   -0.07183
|3X^CV(2->4')>    0.05954
|3X^CV(1->3')>    0.06466
|3X^CV(1->4')>   -0.07681
|3^ZCV0(18->13')>    0.05228
|3^ZCV0(18->14')>    0.05610
|3^ZCV0(17->13')>    0.06477
|3^ZCV0(16->3')>    0.05329
|3^ZCV0(15->3')>   -0.06081
|3^ZCV0(15->4')>    0.06624
|3^ZCV0(14->2')>   -0.07964
|3^ZCV0(12->14')>   -0.05962
|3^ZCV0(11->2')>   -0.08754
|3^ZCV0(8->1')>   -0.11385
|3^ZCV0(4->1')>    0.08379
|3^ZCV0(3->5')>   -0.08391
|3^ZCV0(2->3')>    0.05934
|3^ZCV0(2->4')>   -0.05361
|3^ZCV0(1->3')>   -0.05628
|3^ZCV0(1->4')>    0.06190
|3^ZCV0'(55->13')>   -0.06217
|3^ZCV0'(53->3')>   -0.05846
|3^ZCV0'(52->3')>    0.06056
|3^ZCV0'(52->4')>   -0.07119
|3^ZCV0'(51->2')>    0.07717
|3^ZCV0'(49->1')>   -0.06311
|3^ZCV0'(48->2')>    0.08771
|3^ZCV0'(48->13')>    0.05302
|3^ZCV0'(45->1')>    0.12366
|3^ZCV0'(41->1')>   -0.07735
|3^ZCV0'(40->5')>    0.09245
|3^ZCV0'(39->3')>   -0.07603
|3^ZCV0'(39->4')>    0.08773
|3^ZCV0'(38->3')>    0.09143
|3^ZCV0'(38->4')>   -0.08139
|3^SVD(12,13)>    0.05922
TDMs with Triplet 'Ground' state
TDMX:-0.064   TDMY:-0.212   TDMZ:-0.056   Oscillator Strength:0.00645   <S**2>: 2.000
--------------------------------------------------------------------
TDMs with Singlet 'Ground' state
TDMX:0.000   TDMY:0.000   TDMZ:0.000   Oscillator Strength:0.00000   <S**2>: 2.000
--------------------------------------------------------------------


State 194 5.064 eV 
Excitation    CI Coef
|1^ZW+>   -0.07768
|1^CS(19->0)>    0.12491
|1^CS(17->0)>   -0.08890
|1^CS(14->0)>   -0.18953
|1^CS(13->0)>   -0.12734
|1^CS(11->0)>   -0.20075
|1^CS(6->0)>    0.05826
|1^CS(5->0)>   -0.05751
|1^CS(20->0')>    0.10860
|1^CS(19->0')>    0.05527
|1^CS(18->0')>   -0.07407
|1^CS(14->0')>   -0.18260
|1^CS(13->0')>   -0.11616
|1^CS(8->0')>    0.14763
|1^CS(6->0')>   -0.11629
|1^CS(5->0')>    0.06797
|1^CS(4->0')>   -0.05263
|1^CS(3->0')>   -0.19519
|1^SV(0->1')>    0.05435
|1^SV(0->9')>   -0.05923
|1^SV(0->15')>   -0.12869
|1^SV(0->16')>   -0.09818
|1^SV(0->18')>    0.05498
|1^SV(0->19')>    0.07422
|1^SV(0->21')>    0.05502
|1^SV(0'->5')>   -0.07034
|1^SV(0'->8')>    0.06400
|1^SV(0'->12')>    0.05425
|1^SV(0'->13')>   -0.05288
|1^SV(0'->15')>   -0.06968
|1^SV(0'->16')>   -0.12360
|1^SV(0'->18')>    0.07572
|1^SV(0'->19')>    0.09045
|1T^CV(20->2')>    0.07216
|1T^CV(20->5')>   -0.06755
|1T^CV(19->1')>    0.13390
|1T^CV(19->14')>    0.05426
|1T^CV(14->2')>    0.06028
|1T^CV(14->12')>   -0.07043
|1T^CV(14->14')>   -0.06665
|1T^CV(11->1')>    0.06711
|1T^CV(11->2')>    0.13403
|1T^CV(11->13')>   -0.07669
|1T^CV(11->14')>   -0.09123
|1T^CV(8->12')>    0.10024
|1T^CV(8->13')>   -0.07234
|1T^CV(7->8')>   -0.05030
|1T^CV(7->9')>   -0.08040
|1T^CV(6->8')>   -0.06891
|1T^CV(5->11')>   -0.07190
|1T^CV(4->12')>   -0.06317
|1T^CV(3->1')>    0.15046
|1T^CV(3->5')>    0.05298
|1T^CV(3->12')>   -0.09392
|1T^CV(3->13')>    0.06590
|1T^CV(3->15')>    0.07518
|1T^CV(2->3')>   -0.16880
|1T^CV(2->4')>    0.16588
|1T^CV(1->3')>    0.17602
|1T^CV(1->4')>   -0.17793
|1^ZCV0(14->1')>   -0.05610
|1^ZCV0(11->1')>   -0.09095
|1^ZCV0(11->2')>   -0.07637
|1^ZCV0(3->1')>   -0.12335
|1^ZCV0(3->2')>   -0.08740
|1^ZCV0'(11->1')>    0.09055
|1^ZCV0'(11->2')>    0.08080
|1^ZCV0'(3->1')>    0.09733
|1^ZCV0'(3->2')>    0.08864
|1^ZCV0'(3->13')>    0.05676
|1^CSD_(11,3)>   -0.05929
TDMs with Triplet 'Ground' state
TDMX:0.000   TDMY:0.000   TDMZ:0.000   Oscillator Strength:0.00000   <S**2>: 0.000
--------------------------------------------------------------------
TDMs with Singlet 'Ground' state
TDMX:-0.017   TDMY:-0.245   TDMZ:-0.375   Oscillator Strength:0.02489   <S**2>: 0.000
--------------------------------------------------------------------


State 195 5.068 eV 
Excitation    CI Coef
|1^CS(8->0)>   -0.10759
|1^CS(6->0)>    0.11427
|1^CS(5->0)>   -0.25525
|1^CS(4->0)>   -0.19825
|1^CS(8->0')>    0.06952
|1^CS(7->0')>    0.05875
|1^CS(6->0')>   -0.15499
|1^CS(5->0')>    0.29611
|1^CS(4->0')>    0.22914
|1^CS(2->0')>    0.05041
|1^SV(0->8')>    0.08796
|1^SV(0->9')>   -0.05997
|1^SV(0->10')>    0.14718
|1^SV(0->11')>    0.12962
|1^SV(0'->9')>   -0.07070
|1^SV(0'->10')>   -0.20829
|1^SV(0'->11')>   -0.23184
|1T^CV(18->10')>    0.07038
|1T^CV(18->11')>    0.06993
|1T^CV(17->10')>    0.08188
|1T^CV(17->11')>    0.09050
|1T^CV(16->10')>   -0.06527
|1T^CV(16->11')>   -0.06571
|1T^CV(15->10')>    0.08314
|1T^CV(15->11')>    0.08788
|1T^CV(14->10')>    0.05214
|1T^CV(13->10')>    0.05087
|1T^CV(13->11')>    0.05654
|1T^CV(12->10')>   -0.07527
|1T^CV(12->11')>   -0.08231
|1T^CV(11->10')>   -0.15358
|1T^CV(11->11')>   -0.15108
|1T^CV(8->10')>   -0.05337
|1T^CV(8->11')>   -0.07174
|1T^CV(6->2')>   -0.05749
|1T^CV(5->2')>    0.13242
|1T^CV(5->10')>    0.05385
|1T^CV(5->12')>    0.06850
|1T^CV(5->17')>    0.05347
|1T^CV(5->18')>    0.07014
|1T^CV(5->19')>    0.05106
|1T^CV(4->2')>    0.10541
|1T^CV(4->10')>    0.07778
|1T^CV(4->11')>    0.07992
|1T^CV(4->12')>    0.07964
|1T^CV(4->17')>    0.05006
|1T^CV(3->10')>    0.06805
|1T^CV(3->11')>    0.05683
|1T^CV(2->10')>    0.12498
|1T^CV(2->11')>    0.10787
|1T^CV(1->3')>   -0.05061
|1T^CV(1->10')>   -0.11170
|1T^CV(1->11')>   -0.13862
|1^ZCV0(7->4')>   -0.05247
|1^ZCV0(6->12')>    0.05866
|1^ZCV0(5->2')>   -0.06498
|1^ZCV0(2->8')>    0.05179
|1^ZCV0'(11->10')>    0.05112
|1^ZCV0'(5->2')>    0.09265
|1^ZCV0'(4->2')>    0.06709
|1^CSD_(11,5)>    0.09351
|1^CSD_(11,4)>    0.07375
|1^CSD_(5,3)>   -0.05573
TDMs with Triplet 'Ground' state
TDMX:0.000   TDMY:0.000   TDMZ:0.000   Oscillator Strength:0.00000   <S**2>: 0.000
--------------------------------------------------------------------
TDMs with Singlet 'Ground' state
TDMX:0.216   TDMY:-0.271   TDMZ:-0.012   Oscillator Strength:0.01494   <S**2>: 0.000
--------------------------------------------------------------------


State 196 5.071 eV 
Excitation    CI Coef
|1^CS(6->0)>   -0.10097
|1^CS(5->0)>    0.08011
|1^CS(8->0')>   -0.07625
|1^CS(7->0')>    0.07923
|1^CS(5->0')>   -0.11734
|1^CS(4->0')>   -0.08719
|1^SV(0->8')>    0.22091
|1^SV(0->9')>   -0.21384
|1^SV(0->10')>   -0.07596
|1^SV(0'->8')>    0.15851
|1^SV(0'->9')>   -0.16900
|1^SV(0'->11')>    0.08708
|1T^CV(18->8')>   -0.09337
|1T^CV(18->9')>    0.09652
|1T^CV(17->8')>    0.07830
|1T^CV(17->9')>   -0.07432
|1T^CV(16->8')>   -0.06385
|1T^CV(16->9')>    0.07577
|1T^CV(15->8')>   -0.06299
|1T^CV(13->8')>    0.05765
|1T^CV(13->9')>   -0.05445
|1T^CV(12->8')>   -0.08832
|1T^CV(12->9')>    0.08310
|1T^CV(11->11')>    0.05319
|1T^CV(7->17')>   -0.05007
|1^ZCV0(8->3')>    0.06033
|1^ZCV0(8->4')>    0.06120
|1^ZCV0(8->8')>   -0.06257
|1^ZCV0(8->9')>    0.05688
|1^ZCV0(7->1')>   -0.06934
|1^ZCV0(7->2')>    0.06453
|1^ZCV0(7->3')>   -0.15829
|1^ZCV0(7->4')>   -0.14994
|1^ZCV0(7->5')>   -0.07246
|1^ZCV0(7->12')>   -0.10731
|1^ZCV0(7->13')>   -0.10037
|1^ZCV0(7->14')>    0.07682
|1^ZCV0(6->1')>    0.06029
|1^ZCV0(6->2')>   -0.06674
|1^ZCV0(6->3')>    0.13579
|1^ZCV0(6->4')>    0.13571
|1^ZCV0(6->5')>    0.06331
|1^ZCV0(6->12')>    0.08464
|1^ZCV0(6->13')>    0.08648
|1^ZCV0(6->14')>   -0.06643
|1^ZCV0(3->8')>   -0.07463
|1^ZCV0(3->9')>    0.07710
|1^ZCV0(2->8')>    0.15005
|1^ZCV0(2->9')>   -0.15606
|1^ZCV0(1->8')>    0.14868
|1^ZCV0(1->9')>   -0.14161
|1^ZCV0'(11->8')>   -0.05224
|1^ZCV0'(11->9')>    0.05648
|1^ZCV0'(8->3')>   -0.05815
|1^ZCV0'(8->4')>   -0.05576
|1^ZCV0'(8->8')>    0.06918
|1^ZCV0'(8->9')>   -0.06444
|1^ZCV0'(7->1')>    0.07817
|1^ZCV0'(7->2')>   -0.06577
|1^ZCV0'(7->3')>    0.14753
|1^ZCV0'(7->4')>    0.14358
|1^ZCV0'(7->5')>    0.06916
|1^ZCV0'(7->12')>    0.09785
|1^ZCV0'(7->13')>    0.07482
|1^ZCV0'(7->14')>   -0.05561
|1^ZCV0'(6->1')>   -0.06010
|1^ZCV0'(6->2')>    0.07344
|1^ZCV0'(6->3')>   -0.12688
|1^ZCV0'(6->4')>   -0.13103
|1^ZCV0'(6->5')>   -0.06138
|1^ZCV0'(6->12')>   -0.08132
|1^ZCV0'(6->13')>   -0.06690
|1^ZCV0'(6->14')>    0.05368
|1^ZCV0'(3->8')>    0.07396
|1^ZCV0'(3->9')>   -0.07564
|1^ZCV0'(2->8')>   -0.15119
|1^ZCV0'(2->9')>    0.15421
|1^ZCV0'(1->8')>   -0.14745
|1^ZCV0'(1->9')>    0.14326
TDMs with Triplet 'Ground' state
TDMX:0.000   TDMY:0.000   TDMZ:0.000   Oscillator Strength:0.00000   <S**2>: 0.000
--------------------------------------------------------------------
TDMs with Singlet 'Ground' state
TDMX:0.251   TDMY:0.135   TDMZ:-0.583   Oscillator Strength:0.05236   <S**2>: 0.000
--------------------------------------------------------------------


State 197 5.084 eV 
Excitation    CI Coef
|3^CS(14->0)>   -0.05323
|3^CS(6->0)>   -0.08839
|3^CS(5->0)>    0.17624
|3^CS(4->0)>    0.15997
|3^CS(6->0')>    0.10817
|3^CS(5->0')>   -0.23813
|3^CS(4->0')>   -0.20726
|3^CS(2->0')>    0.05908
|3^CS(1->0')>   -0.06294
|3^SV(0->10')>    0.18001
|3^SV(0->11')>    0.16841
|3^SV(0->12')>   -0.06984
|3^SV(0->13')>    0.08730
|3^SV(0'->10')>    0.13205
|3^SV(0'->11')>    0.14422
|3^SV(0'->12')>   -0.08166
|3^SV(0'->13')>    0.07449
|3T^CV(5->1')>   -0.05127
|3T^CV(5->2')>   -0.10081
|3T^CV(5->3')>   -0.06690
|3T^CV(5->12')>   -0.07664
|3T^CV(4->2')>   -0.09204
|3T^CV(4->4')>    0.05588
|3T^CV(4->12')>   -0.08300
|3T^CV(3->1')>   -0.05071
|3T^CV(2->10')>   -0.05664
|3T^CV(2->11')>   -0.08369
|3T^CV(1->10')>    0.07871
|3T^CV(1->11')>    0.06656
|3X^CV(18->10')>   -0.05145
|3X^CV(18->11')>   -0.05396
|3X^CV(17->10')>   -0.07708
|3X^CV(17->11')>   -0.07675
|3X^CV(15->10')>   -0.05748
|3X^CV(15->11')>   -0.05875
|3X^CV(8->2')>   -0.05002
|3X^CV(6->2')>    0.05289
|3X^CV(5->2')>   -0.09376
|3X^CV(4->2')>   -0.06044
|3X^CV(3->10')>    0.05227
|3X^CV(3->11')>    0.06713
|3X^CV(2->10')>    0.09860
|3X^CV(2->11')>    0.12058
|3X^CV(1->10')>   -0.12144
|3X^CV(1->11')>   -0.10687
|3^ZCV0(18->10')>   -0.06562
|3^ZCV0(18->11')>   -0.06012
|3^ZCV0(17->10')>   -0.07834
|3^ZCV0(17->11')>   -0.08724
|3^ZCV0(16->10')>    0.06368
|3^ZCV0(16->11')>    0.05544
|3^ZCV0(15->10')>   -0.07140
|3^ZCV0(15->11')>   -0.08173
|3^ZCV0(5->3')>    0.09666
|3^ZCV0(5->4')>   -0.10139
|3^ZCV0(5->13')>   -0.07454
|3^ZCV0(5->14')>   -0.05585
|3^ZCV0(5->18')>   -0.05452
|3^ZCV0(4->3')>    0.08146
|3^ZCV0(4->4')>   -0.08092
|3^ZCV0(4->13')>   -0.05885
|3^ZCV0(2->10')>    0.07779
|3^ZCV0(2->11')>    0.08105
|3^ZCV0(1->10')>   -0.08169
|3^ZCV0(1->11')>   -0.08533
|3^ZCV0'(55->10')>    0.08302
|3^ZCV0'(55->11')>    0.07648
|3^ZCV0'(54->10')>    0.07512
|3^ZCV0'(54->11')>    0.08384
|3^ZCV0'(53->10')>   -0.07926
|3^ZCV0'(53->11')>   -0.07197
|3^ZCV0'(52->10')>    0.09153
|3^ZCV0'(52->11')>    0.10246
|3^ZCV0'(42->3')>   -0.07187
|3^ZCV0'(42->4')>    0.07636
|3^ZCV0'(42->13')>    0.06109
|3^ZCV0'(42->14')>    0.07457
|3^ZCV0'(42->17')>    0.05510
|3^ZCV0'(42->18')>    0.07279
|3^ZCV0'(42->19')>    0.05292
|3^ZCV0'(41->3')>   -0.05985
|3^ZCV0'(41->4')>    0.05925
|3^ZCV0'(41->14')>    0.05545
|3^ZCV0'(41->17')>    0.05524
|3^ZCV0'(41->18')>    0.05875
|3^ZCV0'(40->11')>   -0.05313
|3^ZCV0'(39->10')>   -0.09700
|3^ZCV0'(39->11')>   -0.10199
|3^ZCV0'(38->10')>    0.10281
|3^ZCV0'(38->11')>    0.10580
TDMs with Triplet 'Ground' state
TDMX:-0.253   TDMY:0.621   TDMZ:-0.201   Oscillator Strength:0.06110   <S**2>: 2.000
--------------------------------------------------------------------
TDMs with Singlet 'Ground' state
TDMX:0.000   TDMY:0.000   TDMZ:0.000   Oscillator Strength:0.00000   <S**2>: 2.000
--------------------------------------------------------------------


State 198 5.089 eV 
Excitation    CI Coef
|1^CS(8->0)>    0.14530
|1^CS(7->0)>    0.29065
|1^CS(6->0)>    0.22571
|1^CS(4->0)>    0.11559
|1^CS(8->0')>   -0.16993
|1^CS(7->0')>   -0.32981
|1^CS(6->0')>   -0.24825
|1^CS(4->0')>   -0.14201
|1^SV(0->8')>   -0.12617
|1^SV(0->9')>   -0.13508
|1^SV(0'->8')>    0.20172
|1^SV(0'->9')>    0.20315
|1T^CV(18->8')>   -0.06144
|1T^CV(18->9')>   -0.05860
|1T^CV(17->8')>   -0.07343
|1T^CV(17->9')>   -0.07934
|1T^CV(16->8')>   -0.06369
|1T^CV(16->9')>   -0.05875
|1T^CV(15->8')>    0.07573
|1T^CV(15->9')>    0.07887
|1T^CV(13->9')>   -0.05138
|1T^CV(12->8')>    0.07506
|1T^CV(12->9')>    0.07769
|1T^CV(11->8')>    0.14292
|1T^CV(11->9')>    0.14386
|1T^CV(8->2')>   -0.05237
|1T^CV(8->8')>    0.07868
|1T^CV(8->9')>    0.07695
|1T^CV(8->12')>   -0.05533
|1T^CV(7->2')>   -0.14079
|1T^CV(7->12')>   -0.07704
|1T^CV(7->16')>    0.06016
|1T^CV(7->17')>    0.05414
|1T^CV(6->2')>   -0.10387
|1T^CV(6->19')>   -0.05295
|1T^CV(4->2')>   -0.07220
|1T^CV(3->8')>   -0.05972
|1T^CV(3->9')>   -0.05857
|1T^CV(2->8')>    0.11671
|1T^CV(2->9')>    0.11689
|1T^CV(1->8')>   -0.12351
|1T^CV(1->9')>   -0.12487
|1^ZCV0(7->2')>    0.05466
|1^ZCV0(6->2')>    0.05012
|1^ZCV0(6->12')>    0.05489
|1^ZCV0(2->10')>   -0.05225
|1^ZCV0(2->11')>   -0.05786
|1^ZCV0(1->10')>    0.05778
|1^ZCV0(1->11')>    0.05731
|1^ZCV0'(11->8')>   -0.05607
|1^ZCV0'(11->9')>   -0.05173
|1^ZCV0'(7->2')>   -0.08462
|1^ZCV0'(6->1')>   -0.05178
|1^ZCV0'(6->2')>   -0.07441
|1^ZCV0'(2->11')>    0.05516
|1^ZCV0'(1->10')>   -0.05492
|1^ZCV0'(1->11')>   -0.05508
|1^CSD_(17,7)>   -0.05312
|1^CSD_(11,7)>   -0.10764
|1^CSD_(11,6)>   -0.08050
|1^CSD_(7,3)>    0.06685
|1^CSD_(6,3)>    0.05101
TDMs with Triplet 'Ground' state
TDMX:0.000   TDMY:0.000   TDMZ:0.000   Oscillator Strength:0.00000   <S**2>: 0.000
--------------------------------------------------------------------
TDMs with Singlet 'Ground' state
TDMX:0.053   TDMY:-0.147   TDMZ:0.380   Oscillator Strength:0.02105   <S**2>: 0.000
--------------------------------------------------------------------


State 199 5.092 eV 
Excitation    CI Coef
|1^CS(7->0)>   -0.07116
|1^CS(6->0)>   -0.11180
|1^CS(5->0)>    0.10140
|1^CS(4->0)>    0.05715
|1^CS(7->0')>    0.07800
|1^CS(6->0')>    0.14920
|1^CS(5->0')>   -0.16099
|1^CS(4->0')>   -0.11565
|1^CS(2->0')>    0.05239
|1^CS(1->0')>   -0.05580
|1^SV(0'->4')>    0.05174
|1^SV(0'->8')>   -0.06695
|1^SV(0'->9')>   -0.06254
|1^SV(0'->10')>   -0.05840
|1^SV(0'->11')>   -0.06560
|1T^CV(18->10')>    0.06577
|1T^CV(18->11')>    0.06470
|1T^CV(17->10')>    0.05444
|1T^CV(17->11')>    0.06305
|1T^CV(16->10')>   -0.06231
|1T^CV(16->11')>   -0.05754
|1T^CV(15->10')>    0.07233
|1T^CV(15->11')>    0.08108
|1T^CV(8->3')>   -0.05797
|1T^CV(8->4')>    0.05328
|1T^CV(6->2')>    0.07446
|1T^CV(6->12')>    0.05718
|1T^CV(5->1')>   -0.06093
|1T^CV(5->2')>   -0.08241
|1T^CV(5->3')>   -0.07638
|1T^CV(5->4')>    0.08750
|1T^CV(5->12')>   -0.10033
|1T^CV(5->13')>    0.05159
|1T^CV(5->17')>    0.05585
|1T^CV(5->18')>    0.06886
|1T^CV(5->20')>   -0.05604
|1T^CV(4->2')>   -0.05031
|1T^CV(4->3')>   -0.05589
|1T^CV(4->12')>   -0.07766
|1T^CV(4->13')>    0.05525
|1T^CV(1->12')>   -0.05128
|1^ZCV0(11->10')>    0.07346
|1^ZCV0(11->11')>    0.08131
|1^ZCV0(8->3')>   -0.05287
|1^ZCV0(8->4')>    0.05740
|1^ZCV0(8->10')>    0.07624
|1^ZCV0(8->11')>    0.07389
|1^ZCV0(6->1')>    0.05640
|1^ZCV0(6->4')>   -0.05424
|1^ZCV0(5->1')>   -0.09857
|1^ZCV0(5->3')>   -0.13754
|1^ZCV0(5->4')>    0.12957
|1^ZCV0(5->5')>    0.07677
|1^ZCV0(5->12')>   -0.07180
|1^ZCV0(5->13')>    0.08484
|1^ZCV0(4->1')>   -0.07871
|1^ZCV0(4->3')>   -0.11253
|1^ZCV0(4->4')>    0.12192
|1^ZCV0(4->5')>    0.05581
|1^ZCV0(4->11')>   -0.05212
|1^ZCV0(4->12')>   -0.06640
|1^ZCV0(4->13')>    0.06355
|1^ZCV0(3->10')>   -0.07984
|1^ZCV0(3->11')>   -0.08918
|1^ZCV0(2->10')>   -0.14795
|1^ZCV0(2->11')>   -0.16830
|1^ZCV0(1->10')>    0.16718
|1^ZCV0(1->11')>    0.16477
|1^ZCV0'(12->10')>   -0.05789
|1^ZCV0'(12->11')>   -0.05506
|1^ZCV0'(11->10')>   -0.06150
|1^ZCV0'(11->11')>   -0.06729
|1^ZCV0'(8->4')>   -0.05139
|1^ZCV0'(8->10')>   -0.07753
|1^ZCV0'(8->11')>   -0.07564
|1^ZCV0'(6->3')>   -0.05028
|1^ZCV0'(6->4')>    0.05725
|1^ZCV0'(5->1')>    0.07432
|1^ZCV0'(5->3')>    0.13612
|1^ZCV0'(5->4')>   -0.12958
|1^ZCV0'(5->5')>   -0.07834
|1^ZCV0'(5->12')>    0.08719
|1^ZCV0'(5->13')>   -0.07001
|1^ZCV0'(5->14')>   -0.06211
|1^ZCV0'(4->1')>    0.06147
|1^ZCV0'(4->3')>    0.10994
|1^ZCV0'(4->4')>   -0.12030
|1^ZCV0'(4->5')>   -0.05808
|1^ZCV0'(4->11')>    0.05270
|1^ZCV0'(4->12')>    0.07883
|1^ZCV0'(4->13')>   -0.05047
|1^ZCV0'(3->10')>    0.07565
|1^ZCV0'(3->11')>    0.08579
|1^ZCV0'(2->10')>    0.14298
|1^ZCV0'(2->11')>    0.16260
|1^ZCV0'(1->10')>   -0.16314
|1^ZCV0'(1->11')>   -0.16015
|1^CSD_(11,5)>   -0.05198
TDMs with Triplet 'Ground' state
TDMX:0.000   TDMY:0.000   TDMZ:0.000   Oscillator Strength:0.00000   <S**2>: 0.000
--------------------------------------------------------------------
TDMs with Singlet 'Ground' state
TDMX:0.483   TDMY:-0.486   TDMZ:-0.027   Oscillator Strength:0.05856   <S**2>: 0.000
--------------------------------------------------------------------


============================================================================
  TRANSITION INTENSITY SUMMARY
  General threshold  : f >= 0.1000
  Low-energy window  : E  < 2.80 eV  (> 443 nm)  ->  f >= 0.0020
============================================================================


  Transitions from Singlet ground state (state 1):
  State   Energy/eV   Wavelen./nm   Osc. Str.    <S²>
  ------------------------------------------------------------
      2      2.1606        573.85     0.03726   0.000  *
      4      2.3047        537.95     0.01176   0.000  *
      5      2.4374        508.67     0.01721   0.000  *
      7      2.5880        479.08     0.02342   0.000  *
     10      2.7009        459.06     0.00907   0.000  *
     11      2.7481        451.16     0.11347   0.000   
     16      2.9028        427.12     0.30071   0.000   
     27      3.2532        381.12     0.22055   0.000   
     80      4.0559        305.68     0.67962   0.000   
     85      4.1229        300.72     0.10794   0.000   
     94      4.2030        294.99     0.11121   0.000   
    101      4.2377        292.58     0.11659   0.000   
    113      4.3171        287.20     0.68576   0.000   
    116      4.3488        285.10     0.27832   0.000   
    122      4.4170        280.70     0.56441   0.000   
    183      4.9638        249.78     0.11263   0.000   
  (* below general threshold but within low-energy window)

  Transitions from Triplet ground state (state 0):
  State   Energy/eV   Wavelen./nm   Osc. Str.    <S²>
  ------------------------------------------------------------
      3      2.2599        548.63     0.04020   2.000  *
      6      2.4927        497.39     0.00982   2.000  *
      8      2.6375        470.08     0.03881   2.000  *
      9      2.6853        461.72     0.03895   2.000  *
     12      2.7721        447.26     0.00678   2.000  *
     18      2.9240        424.02     0.30024   2.000   
     30      3.3020        375.49     0.16533   2.000   
     36      3.3354        371.72     0.12522   2.000   
     54      3.5050        353.74     0.10844   2.000   
     58      3.5726        347.04     0.10653   2.000   
     62      3.7808        327.93     0.20281   2.000   
    100      4.2372        292.61     0.12026   2.000   
    114      4.3182        287.12     0.96714   2.000   
    123      4.4364        279.47     0.30878   2.000   
    140      4.6421        267.09     0.12478   2.000   
    170      4.8661        254.79     0.10928   2.000   
  (* below general threshold but within low-energy window)

============================================================================

Wall clock time: 108.4188 seconds
