  FCIDUMP file : FCIDUMP/FCIDUMP_TTMmTTM
  NORB         : 60
  NELEC        : 76  (nalpha=38, nbeta=38)
  Scalar pot.  :  5282.5826606281
===============================================
 Testing CSF optimisation method
===============================================

************************************************
 Testing 'gwh' initial guess method
************************************************

  Initializing L-BFGS optimisation...
    > Num. MOs       =     60
    > Num. params    =    893
    > Max subspace   =     20
    > Max step size   =  0.500
    > Backtracking   =  0.100
    > Parallel tr.   = True
    > Pseudo-canon.  = True
    > Canon interval = 10
    > Hybrid prec.   = True
  ================================================================
           Energy / Eh     Step Len    Max(|G_i|)
  ================================================================
     0   273.6840673251                 4.11e+00
     1   269.6176387285    5.00e-01     3.39e+00    rescaled  
     2   266.1389375042    5.00e-01     2.78e+00    rescaled  
     3   264.6703685080    5.00e-01     2.22e+00    rescaled  
     4   261.5853282813    5.00e-01     2.38e+00    rescaled  
  Step has positive overlap with gradient - reversing direction
     5   258.7649740722    5.00e-01     2.55e+00    reset L-BFGS
     6   256.8059060870    5.00e-01     3.24e+00    rescaled  
     7   255.8127423176    5.00e-01     3.32e+00    rescaled  
     8   254.0795520019    2.11e-01     1.87e+00              
     9   251.4100373736    5.00e-01     3.83e+00    rescaled  
    10   250.1156955712    5.00e-01     6.22e+00    rescaled  
    11   246.6461412340    4.09e-01     3.85e+00              
    12   243.8255262111    5.00e-01     2.86e+00    rescaled  
    13   241.6293809477    5.00e-01     2.59e+00    rescaled  
    14   239.9524692128    5.00e-01     2.97e+00    rescaled  
    15   238.7580689049    5.00e-01     3.01e+00    rescaled  
    16   237.1471028874    3.50e-01     1.41e+00              
    17   237.0057469320    3.39e-01     1.93e+00              
    18   236.4745734688    2.71e-01     8.83e-01              
    19   236.6599158944    1.30e-01     1.66e+00              
    20   236.3843654573    8.94e-02     8.73e-01    overstep  
    21   236.2534457687    5.70e-02     1.98e-01              
    22   236.2485245719    1.33e-02     1.59e-01              
    23   236.2428580924    8.99e-03     2.86e-02              
    24   236.2425443647    4.38e-03     1.21e-02              
    25   236.2424445624    1.14e-03     6.20e-03              
    26   236.2424076328    6.68e-04     2.96e-03              
    27   236.2424011670    1.86e-04     9.43e-04              
    28   236.2424002701    1.23e-04     2.39e-04              
    29   236.2424002145    3.15e-05     1.01e-04              
    30   236.2424002085    6.59e-06     2.68e-05              
    31   236.2424002081    1.53e-06     1.17e-05              
    32   236.2424002080    9.35e-07     2.54e-06              
    33   236.2424002080    2.62e-07     4.50e-07              
  ================================================================
  L-BFGS converged in     33 iterations (  1.76 seconds)

  Initializing Davidson diagonalisation...
    > Max iterations =   1000
    > Target states  =      5
    > Convergence    =  1.000e-04
    > Basis per root =      4
    > Max basis size =     20
  Davidson diagonalisation converged in     36 iterations (  5.66 seconds)

   --------------------------
    Converged eigenvalues:   
   --------------------------
       0        6.16160279   
       1        6.17452713   
       2        6.69656137   
       3        6.70451532   
       4        6.91724724   
   --------------------------

 ---------------------------------------------
         Total Energy =   236.24240021 Eh
              Nuclear =  5282.58266063 Eh
         One Electron = -9982.71124665 Eh
              Coulomb =  5219.46258190 Eh
        ROHF Exchange =  -283.09159567 Eh
 ---------------------------------------------
           <Sz> =  1.00
           <S2> =  2.00
  Spin Coupling = ++

 -----------------------------------------------------------------------------------------------
  Open-Shell Exchange Matrix <Ψ|Êpq Êqp|Ψ> - Np
 -----------------------------------------------------------------------------------------------
           1              2        
   1   0.00000000    -1.00000000   
   2  -1.00000000     0.00000000   

 -----------------------------------------------------------------------------------------------
  Open-Shell Exchange Integrals <pq|qp>
 -----------------------------------------------------------------------------------------------
           1              2        
   1   3.48625157     2.73314187   
   2   2.73314187     3.48266756   

 -----------------------------------------------------------------------------------------------
  Occupied Orbital Coefficients
 -----------------------------------------------------------------------------------------------
           1              2              3              4              5              6        
   1   0.99697471    -0.00006745     0.00149473    -0.00004521     0.06971798    -0.00000437   
   2   0.00006725     0.99851337    -0.00002097    -0.00069912     0.00000707     0.04281418   
   3   0.00116345    -0.00006716    -0.99633189    -0.08521243     0.00430338    -0.00024912   
   4  -0.00013510    -0.00057928     0.08521133    -0.99633938    -0.00049940    -0.00214415   
   5  -0.06904479    -0.00000227     0.00422180    -0.00012759     0.99730186    -0.00000159   
   6   0.00000135    -0.04211392    -0.00006419    -0.00211440     0.00000159     0.99882762   
   7  -0.00908278     0.00000024    -0.00071994     0.00002179     0.01033410    -0.00000071   
   8   0.00000038     0.00807609    -0.00002446    -0.00081061    -0.00000072    -0.01006116   
   9   0.00184893    -0.00000022    -0.00101437     0.00003057    -0.00090167    -0.00000002   
  10  -0.00000010    -0.00227119    -0.00003434    -0.00113629     0.00000020     0.00004377   
  11  -0.00380302     0.00000185     0.00191897    -0.00005713    -0.00363818     0.00000182   
  12   0.00000197     0.00374580     0.00005619     0.00189048     0.00000195     0.00326416   
  13   0.00120327    -0.00000202    -0.00532586     0.00015027    -0.00266385     0.00000571   
  14  -0.00000250    -0.00100874    -0.00014962    -0.00530373     0.00000554     0.00275457   
  15   0.00283083    -0.00004212     0.00245877    -0.00003810     0.00062609    -0.00000828   
  16  -0.00004197    -0.00283634     0.00003747     0.00244504    -0.00000936    -0.00056027   
  17  -0.00484227    -0.00000018     0.00015186    -0.00000459     0.01110249     0.00000006   
  18  -0.00000011     0.00251001     0.00000233     0.00007689     0.00000005    -0.00709342   
  19  -0.00062177    -0.00000003    -0.00001157     0.00000035    -0.00387256    -0.00000003   
  20  -0.00000060     0.01241771     0.00000934     0.00030761     0.00000009    -0.00722220   
  21   0.01232295     0.00000059    -0.00030946     0.00000936    -0.00652675    -0.00000009   
  22   0.00001157    -0.00009370     0.00005450     0.00035772    -0.00000261     0.00002296   
  23   0.00009513     0.00001138     0.00035773    -0.00005450    -0.00002147    -0.00000279   
  24   0.00000039    -0.00774292    -0.00000466    -0.00015356    -0.00000004     0.00263176   
  25  -0.00836908    -0.00000041     0.00017398    -0.00000526     0.00282884     0.00000004   
  26   0.01121968     0.00000049    -0.00024291     0.00000734    -0.00571540    -0.00000005   
  27  -0.00000049     0.01124207     0.00000773     0.00025459     0.00000007    -0.00744085   
  28  -0.00000002    -0.00010858     0.00000063     0.00002060     0.00000002     0.00015408   
  29   0.00011109    -0.00000001    -0.00002663     0.00000081    -0.00009441     0.00000002   
  30   0.00206590     0.00000009    -0.00004653     0.00000141    -0.00208673    -0.00000002   
  31   0.00000007     0.00032733    -0.00000539    -0.00017640    -0.00000013     0.00006502   
  32  -0.00039021     0.00000003     0.00030556    -0.00000928     0.00065482     0.00000002   
  33  -0.00000003     0.00021612     0.00000791     0.00026116     0.00000003     0.00004481   
  34  -0.00087976    -0.00000004    -0.00008709     0.00000264     0.00154015     0.00000001   
  35   0.00000003    -0.00060295    -0.00000058    -0.00001921    -0.00000002     0.00189880   
  36   0.00000094    -0.00003383     0.00004697     0.00081068    -0.00000037     0.00001485   
  37   0.00003378     0.00000093     0.00081084    -0.00004696    -0.00001350    -0.00000041   
  38  -0.00000229     0.02705614     0.00001813     0.00059609     0.00000061    -0.01444615   
  39   0.02762230     0.00000228    -0.00060351     0.00001827    -0.01210738    -0.00000069   
  40   0.00000011    -0.00244056    -0.00000170    -0.00005589    -0.00000002     0.00205091   
  41  -0.00189250    -0.00000008     0.00004689    -0.00000142     0.00155659     0.00000001   
  42  -0.00005746     0.00000001    -0.00076351     0.00002304    -0.00001295    -0.00000000   
  43   0.00000000     0.00005223    -0.00002306    -0.00076424     0.00000000    -0.00000909   
  44  -0.00038925    -0.00000002     0.00003920    -0.00000119    -0.00053568    -0.00000001   
  45   0.00000000    -0.00004011     0.00000260     0.00008580    -0.00000000     0.00001313   
  46   0.00005608     0.00000000     0.00008473    -0.00000257    -0.00000398     0.00000000   
  47  -0.00000010     0.00004166    -0.00000112    -0.00003580    -0.00000013     0.00010308   
  48   0.00009174     0.00000005     0.00003577    -0.00000112     0.00012105     0.00000011   
  49   0.00000002     0.00004224     0.00000076     0.00002533     0.00000002     0.00007296   
  50   0.00007687    -0.00000001    -0.00002438     0.00000073     0.00009062    -0.00000002   
  51  -0.00000009     0.00202368     0.00000136     0.00004490     0.00000000    -0.00030264   
  52  -0.00424513    -0.00000019     0.00008716    -0.00000263     0.00173664     0.00000001   
  53   0.00000016    -0.00361976    -0.00000227    -0.00007489    -0.00000002     0.00205124   
  54   0.00058569     0.00000002    -0.00001049     0.00000032    -0.00015909    -0.00000000   
  55   0.00000001    -0.00009871    -0.00000022    -0.00000736    -0.00000000     0.00033571   
  56  -0.00001372    -0.00000000     0.00000461    -0.00000014     0.00000924     0.00000001   
  57  -0.00000000     0.00005467    -0.00000002    -0.00000056     0.00000000    -0.00020719   
  58   0.00085707     0.00000003    -0.00002198     0.00000067    -0.00048994    -0.00000000   
  59   0.00000004    -0.00103237    -0.00000072    -0.00002375    -0.00000000     0.00032426   
  60  -0.00059021    -0.00000002     0.00001132    -0.00000034    -0.00006687    -0.00000000   
           7              8              9              10             11             12       
   1   0.00066169    -0.00000002    -0.00675318     0.00000047    -0.00590013     0.00000028   
   2   0.00000007     0.00016800    -0.00000071    -0.00469547    -0.00000034    -0.00607825   
   3  -0.00037673    -0.00004439     0.00116662    -0.00020815    -0.00412805     0.00041231   
   4   0.00004374    -0.00038233    -0.00013551    -0.00179297     0.00047911     0.00355239   
   5  -0.00230433     0.00000002     0.01365263    -0.00000003     0.00372132     0.00000029   
   6  -0.00000002     0.00034686     0.00000003     0.01008039    -0.00000005     0.00182823   
   7   0.00762717    -0.00000557    -0.91896639     0.00006633    -0.12444633     0.00002050   
   8  -0.00000117    -0.07898516     0.00006498     0.93501560    -0.00000762     0.33130725   
   9  -0.94172033    -0.00010739    -0.09916609     0.00001094     0.29433110    -0.00004368   
  10   0.00012052    -0.89351238     0.00000817     0.08404169    -0.00000005    -0.43833724   
  11  -0.30725047    -0.00024802     0.23355105    -0.00018147    -0.78952842     0.00037229   
  12   0.00016425    -0.42749254    -0.00012738    -0.33492335     0.00039528     0.76978553   
  13   0.12088965     0.00021931    -0.00323404     0.00014093     0.39485659    -0.00059303   
  14  -0.00024821     0.10475978     0.00000725     0.06817838    -0.00079736    -0.29307445   
  15  -0.03783196    -0.00060693    -0.03124483     0.00049002    -0.11780040     0.00207100   
  16   0.00056236    -0.04079812     0.00046455     0.03288841     0.00174536     0.13959233   
  17   0.05141599    -0.00000024    -0.29846232    -0.00000102    -0.32343697    -0.00002586   
  18   0.00000000     0.00014119     0.00000002    -0.00057474     0.00000001    -0.00005998   
  19   0.00023101    -0.00000000     0.00153813     0.00000001    -0.00054024    -0.00000005   
  20   0.00000000     0.00071111     0.00000019    -0.01314543     0.00000014    -0.00301241   
  21   0.00043361     0.00000000    -0.01388763    -0.00000016    -0.00184429    -0.00000016   
  22  -0.00002559    -0.00022527    -0.00007800     0.00082472     0.00015754    -0.00101045   
  23  -0.00021058     0.00002737    -0.00064194    -0.00010021     0.00129611     0.00012283   
  24  -0.00000000    -0.00040470    -0.00000012     0.00692971    -0.00000016     0.00294676   
  25  -0.00000309    -0.00000000     0.00747601     0.00000010     0.00169631     0.00000013   
  26   0.00053651    -0.00000000    -0.01047490    -0.00000008    -0.00306222    -0.00000022   
  27   0.00000000     0.00050646     0.00000009    -0.00881546     0.00000017    -0.00347140   
  28   0.00000034     0.00210467     0.00000004     0.00007479     0.00000001     0.00006059   
  29  -0.00208226     0.00000034    -0.00022849     0.00000001    -0.00009798     0.00000000   
  30   0.00023902     0.00000000    -0.00162124    -0.00000001    -0.00046832    -0.00000004   
  31   0.00000001     0.00005260    -0.00000006    -0.00051127     0.00000004     0.00012975   
  32  -0.00008408     0.00000001     0.00038823    -0.00000006    -0.00046819     0.00000001   
  33  -0.00000000     0.00000099     0.00000001    -0.00099020    -0.00000005     0.00118258   
  34  -0.00010524    -0.00000000    -0.00012174    -0.00000000     0.00169000     0.00000009   
  35   0.00000000    -0.00008101     0.00000000    -0.00060657    -0.00000002     0.00035593   
  36  -0.00002047    -0.00075518    -0.00000928     0.00031272    -0.00001038     0.00060179   
  37  -0.00074168     0.00002084    -0.00033588    -0.00000862    -0.00037520    -0.00001662   
  38  -0.00000003     0.00102213     0.00000104    -0.01856603     0.00000061    -0.00745498   
  39   0.00080521     0.00000004    -0.02118981    -0.00000090    -0.00592631    -0.00000072   
  40  -0.00000000    -0.00010305    -0.00000001     0.00104052    -0.00000003     0.00067170   
  41  -0.00004083     0.00000000     0.00095638     0.00000000     0.00052173     0.00000003   
  42   0.00015404     0.00000002     0.00001595    -0.00000000     0.00030148    -0.00000003   
  43  -0.00000002     0.00015669     0.00000000     0.00002466    -0.00000002    -0.00032647   
  44   0.00001265    -0.00000000     0.00030838     0.00000000    -0.00014057    -0.00000001   
  45  -0.00000000     0.00031493    -0.00000000     0.00001305    -0.00000000     0.00005753   
  46   0.00031462    -0.00000001    -0.00000250     0.00000000    -0.00003872    -0.00000000   
  47   0.00000002     0.00001614     0.00000009    -0.00006121    -0.00000005     0.00009497   
  48  -0.00001736     0.00000002    -0.00007819    -0.00000007     0.00004894     0.00000011   
  49   0.00000001    -0.00002525    -0.00000006    -0.00029138     0.00000008     0.00036381   
  50   0.00002704     0.00000001    -0.00024312     0.00000006     0.00043571    -0.00000006   
  51   0.00000000     0.00005943     0.00000001    -0.00124246     0.00000001    -0.00033796   
  52  -0.00008339     0.00000000     0.00247414     0.00000002     0.00070075     0.00000005   
  53  -0.00000000    -0.00012715    -0.00000002     0.00176588    -0.00000003     0.00072489   
  54  -0.00002780    -0.00000000    -0.00024742    -0.00000000    -0.00002219    -0.00000000   
  55   0.00000000     0.00000366     0.00000000    -0.00006492     0.00000000    -0.00007011   
  56  -0.00000442     0.00000000    -0.00001949    -0.00000000    -0.00000467    -0.00000000   
  57  -0.00000000     0.00000295     0.00000000     0.00000742    -0.00000000     0.00001165   
  58   0.00001483    -0.00000000    -0.00036917    -0.00000000    -0.00006370    -0.00000000   
  59  -0.00000000    -0.00003491    -0.00000000     0.00045409    -0.00000000     0.00011069   
  60   0.00001118     0.00000000     0.00028142     0.00000000     0.00001144     0.00000000   
           13             14             15             16             17             18       
   1  -0.00267785     0.00000045    -0.00119911    -0.00000079    -0.00299706    -0.00000024   
   2   0.00000037     0.00218888    -0.00000009     0.00335116    -0.00000079     0.00214838   
   3   0.00389460     0.00055396     0.00227818     0.00006225     0.00047467    -0.00000714   
   4  -0.00045082     0.00478001    -0.00026467     0.00053544    -0.00005519    -0.00006146   
   5  -0.00430261     0.00000141     0.00556874    -0.00000004    -0.00042884     0.00000007   
   6   0.00000079     0.00283305    -0.00000006    -0.00103608     0.00000011    -0.00714205   
   7  -0.21324796     0.00006187     0.29221485    -0.00001809    -0.09017950    -0.00000004   
   8  -0.00000576    -0.07079330    -0.00002401    -0.06211423     0.00001575    -0.00043426   
   9   0.05702683    -0.00001221    -0.11435540     0.00000380     0.01891668    -0.00000002   
  10   0.00001372     0.04863991     0.00001614     0.00742454    -0.00000384    -0.00016568   
  11  -0.47351317    -0.00005150     0.05761700    -0.00000651    -0.01077827     0.00000008   
  12   0.00016152    -0.33516699    -0.00003195    -0.01126583     0.00000872     0.00013734   
  13  -0.78398647    -0.00162069    -0.31033723     0.00074565     0.34412687     0.00000031   
  14   0.00137330    -0.88612559     0.00066891     0.33640531    -0.00076789     0.00014602   
  15   0.22083719     0.00452289     0.29776487     0.01410733     0.91980261    -0.00000096   
  16  -0.00319901     0.30818215    -0.00443657     0.93943919    -0.01381592    -0.00006480   
  17   0.25216545    -0.00009543    -0.84448652     0.00002638     0.16341154    -0.00000003   
  18  -0.00000006    -0.00019223     0.00000003     0.00003639    -0.00000001    -0.99992939   
  19   0.00049237    -0.00000021    -0.00295094     0.00000013     0.00083414    -0.00000004   
  20  -0.00000104    -0.00352557     0.00000014     0.00176862    -0.00000019    -0.00065587   
  21   0.00236153    -0.00000071     0.00183877    -0.00000024    -0.00147786     0.00000000   
  22  -0.00021447    -0.00202644    -0.00009427     0.00048490     0.00006144     0.00000304   
  23  -0.00176030     0.00024671    -0.00077640    -0.00005884     0.00050631    -0.00000037   
  24   0.00000027     0.00096191    -0.00000005    -0.00169720     0.00000020     0.00598930   
  25   0.00017703    -0.00000007    -0.00234780     0.00000027     0.00183545     0.00000004   
  26   0.00080267    -0.00000027     0.00025288    -0.00000026    -0.00172086     0.00000000   
  27  -0.00000039    -0.00137459     0.00000009     0.00202095    -0.00000025     0.00440401   
  28   0.00000001     0.00004451     0.00000004    -0.00001955    -0.00000000    -0.00028795   
  29   0.00004558    -0.00000001    -0.00025058     0.00000000     0.00002257    -0.00000005   
  30   0.00060104    -0.00000018    -0.00066637     0.00000001     0.00005564     0.00000001   
  31  -0.00000066    -0.00158913    -0.00000012    -0.00033451     0.00000004     0.00017127   
  32   0.00135852    -0.00000060     0.00099545    -0.00000004     0.00007106     0.00000002   
  33   0.00000018     0.00061831    -0.00000001    -0.00036266     0.00000006     0.00016723   
  34   0.00024472    -0.00000007     0.00077517     0.00000007     0.00051349    -0.00000001   
  35  -0.00000012    -0.00043521    -0.00000000    -0.00023419     0.00000003    -0.00441928   
  36  -0.00002621    -0.00078491     0.00000573     0.00192876     0.00005231    -0.00003734   
  37  -0.00094186     0.00002193     0.00020690    -0.00005294     0.00190642     0.00000103   
  38  -0.00000085    -0.00283049     0.00000011     0.00425366    -0.00000037     0.00272335   
  39   0.00096685    -0.00000044     0.00209831    -0.00000043    -0.00392588     0.00000011   
  40   0.00000000     0.00000800    -0.00000001    -0.00038111     0.00000005     0.00042817   
  41   0.00005622    -0.00000001     0.00014870     0.00000003     0.00023693    -0.00000000   
  42  -0.00003059    -0.00000001    -0.00019914    -0.00000011    -0.00043948    -0.00000000   
  43  -0.00000003    -0.00011711     0.00000003    -0.00045077     0.00000012    -0.00000113   
  44  -0.00002867     0.00000000    -0.00034484     0.00000001     0.00008018     0.00000000   
  45   0.00000001     0.00004563    -0.00000000     0.00003635    -0.00000000    -0.00003192   
  46   0.00001675    -0.00000000     0.00007537     0.00000000     0.00002777    -0.00000000   
  47  -0.00000070    -0.00052500    -0.00000024    -0.00004703    -0.00000001    -0.00003361   
  48   0.00050080    -0.00000070     0.00023313    -0.00000005     0.00001884    -0.00000004   
  49   0.00000002     0.00019402    -0.00000001    -0.00022914     0.00000008    -0.00002695   
  50  -0.00012659    -0.00000000    -0.00002482     0.00000009     0.00022037     0.00000001   
  51  -0.00000008    -0.00029702     0.00000001     0.00020261    -0.00000003     0.00058234   
  52  -0.00018196     0.00000006    -0.00013115     0.00000006     0.00041690    -0.00000000   
  53   0.00000008     0.00027191    -0.00000002    -0.00041457     0.00000005     0.00131167   
  54  -0.00006399     0.00000002     0.00024660    -0.00000002    -0.00010794     0.00000000   
  55   0.00000002     0.00006884    -0.00000000    -0.00004608    -0.00000000    -0.00023331   
  56  -0.00009991     0.00000003     0.00000648     0.00000001     0.00014126    -0.00000001   
  57   0.00000002     0.00006369    -0.00000000    -0.00014037     0.00000002     0.00015385   
  58   0.00011114    -0.00000004    -0.00004630    -0.00000000    -0.00000491     0.00000000   
  59   0.00000004     0.00012659    -0.00000001    -0.00006338     0.00000001     0.00045628   
  60  -0.00000538    -0.00000000    -0.00017278     0.00000001     0.00006833    -0.00000000   
           19             20             21             22             23             24       
   1  -0.00027857    -0.00000084    -0.00728088    -0.00000784    -0.00007383    -0.00000049   
   2  -0.00000003     0.00742187    -0.00000083     0.00007307    -0.00000775     0.00422410   
   3  -0.00002061    -0.00002297    -0.00019675     0.00008290     0.00036862    -0.00000919   
   4   0.00000239    -0.00019767     0.00002284     0.00036863    -0.00008291    -0.00007905   
   5   0.00447982     0.00000007     0.00487198     0.00000173     0.00001626     0.00000001   
   6   0.00000004    -0.00503813     0.00000006    -0.00001517     0.00000161    -0.00075075   
   7   0.00131276    -0.00000075    -0.00918788    -0.00005484    -0.00051685    -0.00000042   
   8  -0.00000010    -0.00923614     0.00000076    -0.00055544     0.00005893    -0.00493207   
   9   0.00014258    -0.00000011    -0.00045465    -0.00006846    -0.00064493     0.00000002   
  10  -0.00000001    -0.00071737     0.00000000    -0.00062208     0.00006603     0.00015777   
  11  -0.00016885     0.00000156     0.00276583     0.00003478     0.00032678     0.00000014   
  12   0.00000009     0.00275898    -0.00000151     0.00028541    -0.00003045     0.00021904   
  13  -0.00035420     0.00000583     0.00262920    -0.00024823    -0.00229572     0.00000259   
  14   0.00000074     0.00279585    -0.00000550    -0.00229964     0.00024863     0.00124281   
  15   0.00002022    -0.00000885    -0.00062554     0.00003304     0.00027360     0.00000547   
  16  -0.00000031    -0.00059843     0.00000936     0.00026837    -0.00003258     0.00036602   
  17  -0.00271329    -0.00000002    -0.00228643    -0.00000546    -0.00005152    -0.00000000   
  18  -0.00000004     0.00087739     0.00000000     0.00000281    -0.00000030     0.00690510   
  19   0.99874179    -0.00000023    -0.03844452    -0.00001617    -0.00015240    -0.00000014   
  20  -0.00000033    -0.98610651    -0.00000166    -0.00100291     0.00010618    -0.06191975   
  21   0.04283341    -0.00000168     0.98606845     0.00010691     0.00100708     0.00000007   
  22   0.00001702    -0.00120564    -0.00014638     0.99987148     0.01527792     0.00075165   
  23   0.00013994     0.00014631    -0.00120354    -0.01527790     0.99987156    -0.00009126   
  24   0.00000016    -0.08665287    -0.00000037    -0.00100306     0.00010625     0.98051569   
  25  -0.01677664    -0.00000028     0.08324122     0.00008743     0.00082402     0.00000099   
  26   0.01032898    -0.00000019    -0.08846727    -0.00008240    -0.00077654    -0.00000115   
  27  -0.00000001     0.08849428    -0.00000023     0.00068451    -0.00007249     0.16696329   
  28   0.00000000    -0.00059984     0.00000014     0.00030079    -0.00003184    -0.00048124   
  29   0.00003149    -0.00000010    -0.00067774    -0.00003274    -0.00030925    -0.00000009   
  30  -0.00371824    -0.00000001    -0.01125284    -0.00002504    -0.00023578    -0.00000011   
  31  -0.00000019    -0.00170803    -0.00000079     0.00191809    -0.00020294     0.00053941   
  32   0.00097028    -0.00000024     0.00414611    -0.00030871    -0.00291445     0.00000009   
  33   0.00000004    -0.00113531     0.00000016    -0.00246449     0.00026130     0.00030506   
  34   0.00222102     0.00000002     0.00959217     0.00011687     0.00110187     0.00000007   
  35  -0.00000001    -0.00598436     0.00000000    -0.00009531     0.00001010    -0.00694129   
  36  -0.00000053    -0.00014745    -0.00000410     0.00184965    -0.00014463    -0.00013424   
  37  -0.00001920     0.00000406    -0.00014824     0.00014469     0.00184987     0.00000369   
  38  -0.00000063     0.10825614     0.00000391     0.00064361    -0.00006814     0.08116800   
  39   0.01491303     0.00000405    -0.10380428    -0.00006810    -0.00064199     0.00000276   
  40   0.00000001    -0.01052916     0.00000002    -0.00006319     0.00000669    -0.00815273   
  41  -0.00209447     0.00000003     0.00735761     0.00000533     0.00005024     0.00000004   
  42   0.00002472     0.00000002     0.00013091    -0.00005766    -0.00054321     0.00000001   
  43  -0.00000000     0.00012447    -0.00000001    -0.00054393     0.00005774     0.00007568   
  44   0.00114680     0.00000001     0.00106765     0.00000328     0.00003091     0.00000001   
  45  -0.00000000    -0.00009431     0.00000000     0.00015138    -0.00001605    -0.00002244   
  46  -0.00005170     0.00000000    -0.00014362     0.00001607     0.00015162     0.00000000   
  47   0.00000009    -0.00048247    -0.00000029     0.00030008    -0.00003147    -0.00024570   
  48  -0.00008857    -0.00000053     0.00028508    -0.00003323    -0.00031649    -0.00000027   
  49  -0.00000001    -0.00029910     0.00000004    -0.00038826     0.00004125    -0.00014142   
  50  -0.00004683     0.00000008     0.00019977     0.00003987     0.00037520     0.00000004   
  51  -0.00000000     0.00648639    -0.00000001     0.00003919    -0.00000415     0.00352873   
  52  -0.00357212     0.00000003     0.01325663     0.00000768     0.00007232     0.00000006   
  53   0.00000001    -0.01218426     0.00000004    -0.00006327     0.00000670    -0.00811235   
  54   0.00109480    -0.00000001    -0.00179773    -0.00000079    -0.00000744    -0.00000001   
  55   0.00000000     0.00012698    -0.00000001    -0.00030946     0.00003278    -0.00059048   
  56  -0.00001680     0.00000000     0.00003298     0.00006112     0.00057677    -0.00000002   
  57   0.00000000    -0.00010650    -0.00000000    -0.00048667     0.00005158     0.00035468   
  58   0.00077032    -0.00000002    -0.00178650    -0.00000021    -0.00000195    -0.00000002   
  59  -0.00000000    -0.00284339     0.00000002    -0.00001008     0.00000107    -0.00175826   
  60  -0.00044616     0.00000001     0.00178096     0.00000085     0.00000805     0.00000001   
           25             26             27             28             29             30       
   1  -0.00397110     0.00815607     0.00000087     0.00000000    -0.00009794     0.00204142   
   2  -0.00000046     0.00000091    -0.00790187    -0.00011770    -0.00000000     0.00000023   
   3  -0.00008292     0.00017473     0.00002082    -0.00000494    -0.00004849     0.00005598   
   4   0.00000962    -0.00002028     0.00017920    -0.00004249     0.00000563    -0.00000650   
   5   0.00103585    -0.00483927    -0.00000006     0.00000001     0.00010695    -0.00286642   
   6   0.00000001    -0.00000005     0.00587632     0.00019689    -0.00000001    -0.00000003   
   7  -0.00445315     0.00848884     0.00000060    -0.00000002    -0.00011792     0.00126744   
   8   0.00000038    -0.00000068     0.00763073    -0.00006024     0.00000001    -0.00000010   
   9  -0.00009886    -0.00019583    -0.00000001    -0.00000038    -0.00197540    -0.00028724   
  10   0.00000000     0.00000005    -0.00010586    -0.00189753     0.00000039     0.00000003   
  11   0.00015558    -0.00071271    -0.00000038    -0.00000055    -0.00061359     0.00026346   
  12  -0.00000007     0.00000037    -0.00062261    -0.00085767     0.00000039    -0.00000016   
  13   0.00105792    -0.00208418    -0.00000407     0.00000035     0.00023329    -0.00023703   
  14  -0.00000222     0.00000436    -0.00195772     0.00015596    -0.00000049     0.00000050   
  15   0.00027766    -0.00041943    -0.00000651    -0.00000065    -0.00000412    -0.00032952   
  16  -0.00000411     0.00000620    -0.00043483    -0.00004371     0.00000006     0.00000490   
  17   0.00083035     0.00270355     0.00000001    -0.00000002    -0.00022244     0.00178042   
  18  -0.00000004     0.00000000     0.00254198     0.00034299    -0.00000002    -0.00000001   
  19  -0.01502528     0.01463893     0.00000002     0.00000000    -0.00009279    -0.00299019   
  20   0.00000006     0.00000038     0.07927789     0.00102027    -0.00000008     0.00000007   
  21   0.05203485    -0.08234727     0.00000039     0.00000012     0.00091081    -0.01955677   
  22   0.00006219    -0.00008528    -0.00060764     0.00028471     0.00003576    -0.00001306   
  23   0.00051152    -0.00070143     0.00007376    -0.00003457     0.00029444    -0.00010736   
  24   0.00000085    -0.00000130    -0.14444891    -0.00130979     0.00000010    -0.00000021   
  25  -0.96845643     0.20651448    -0.00000106    -0.00000020    -0.00152805     0.03258482   
  26  -0.23008676    -0.95451597     0.00000063     0.00000048     0.00362909    -0.07867155   
  27  -0.00000090     0.00000067     0.96804133     0.00620996    -0.00000043    -0.00000007   
  28   0.00000018    -0.00000087     0.00618016    -0.99956850    -0.00008827    -0.00000084   
  29  -0.00087325     0.00421183     0.00000097    -0.00008827     0.99957959     0.00116992   
  30  -0.01542544     0.07756202    -0.00000006    -0.00000018    -0.00544589    -0.85369852   
  31  -0.00000079     0.00000411    -0.00460715     0.00554459     0.00000253    -0.00004368   
  32   0.00394962    -0.02068504    -0.00000059    -0.00000076    -0.01874318     0.21814696   
  33   0.00000017    -0.00000085    -0.00338716    -0.01558902     0.00000105     0.00000810   
  34   0.00941403    -0.04698127     0.00000001    -0.00000062    -0.00274138     0.46182866   
  35  -0.00000000     0.00000017     0.06228066    -0.01047594     0.00000069     0.00000065   
  36  -0.00000434     0.00001404     0.00074080    -0.02044531    -0.00056317    -0.00002468   
  37  -0.00015704     0.00050737    -0.00002037     0.00056258    -0.02046287    -0.00089431   
  38   0.00000266    -0.00000702    -0.17673414    -0.00298292     0.00000031    -0.00000200   
  39  -0.07570598     0.17342934    -0.00000722    -0.00000045    -0.00248442     0.05131433   
  40   0.00000004     0.00000002     0.01329161     0.00025161    -0.00000002     0.00000001   
  41   0.00590484    -0.00947368    -0.00000001     0.00000002     0.00019554    -0.00296071   
  42   0.00006711    -0.00015121    -0.00000002     0.00000016     0.00085382     0.00009126   
  43  -0.00000001     0.00000001    -0.00013456     0.00084742    -0.00000016    -0.00000000   
  44   0.00022148    -0.00157939    -0.00000001     0.00000000     0.00011920     0.00144899   
  45   0.00000000    -0.00000000     0.00012383     0.00228990    -0.00000014     0.00000001   
  46  -0.00004302     0.00020337    -0.00000000     0.00000016     0.00228889     0.00002541   
  47  -0.00000015     0.00000015     0.00030811    -0.00005383    -0.00000001    -0.00000040   
  48   0.00014533    -0.00015533     0.00000035    -0.00000006     0.00001729     0.00036197   
  49   0.00000002     0.00000000     0.00015447    -0.00001770    -0.00000000     0.00000010   
  50   0.00010226    -0.00007523    -0.00000006     0.00000000    -0.00001114     0.00034577   
  51  -0.00000001    -0.00000002    -0.00809200     0.00004876    -0.00000000     0.00000000   
  52   0.00820230    -0.01527529     0.00000002     0.00000002     0.00015481    -0.00369732   
  53   0.00000004    -0.00000001     0.01204795     0.00025853    -0.00000002    -0.00000000   
  54  -0.00071662     0.00129579    -0.00000000    -0.00000001    -0.00007445     0.00207275   
  55  -0.00000000     0.00000000    -0.00026479    -0.00017346     0.00000000     0.00000000   
  56   0.00002921    -0.00002573    -0.00000001     0.00000000     0.00017366     0.00003816   
  57  -0.00000000    -0.00000000     0.00017922    -0.00009809     0.00000000    -0.00000001   
  58  -0.00151250     0.00187209     0.00000001     0.00000000     0.00003321    -0.00066193   
  59   0.00000002    -0.00000002     0.00248623     0.00002871    -0.00000000     0.00000000   
  60   0.00077362    -0.00178489    -0.00000001     0.00000000     0.00002195    -0.00052491   
           31             32             33             34             35             36       
   1  -0.00000010    -0.00019137     0.00000004    -0.00013059     0.00000007    -0.00002764   
   2   0.00058874    -0.00000014    -0.00035687     0.00000002    -0.00058529     0.00000816   
   3   0.00001085     0.00018557     0.00003088    -0.00021185    -0.00000366     0.00080526   
   4   0.00009318    -0.00002155     0.00026607     0.00002459    -0.00003152     0.00014217   
   5  -0.00000003    -0.00024432    -0.00000002    -0.00026718    -0.00000003     0.00001060   
   6  -0.00060209     0.00000014     0.00065492    -0.00000006     0.00198855    -0.00000372   
   7  -0.00000006    -0.00021803     0.00000001    -0.00054186    -0.00000003    -0.00040993   
   8  -0.00037454     0.00000009     0.00040867     0.00000002    -0.00033959    -0.00013649   
   9  -0.00000005    -0.00007530     0.00000003    -0.00047781    -0.00000006    -0.00058483   
  10  -0.00029035     0.00000006     0.00039297     0.00000002    -0.00037377    -0.00012620   
  11   0.00000054     0.00074914    -0.00000024     0.00119584     0.00000062    -0.00087340   
  12   0.00076310    -0.00000055    -0.00051093    -0.00000064     0.00111363    -0.00027333   
  13   0.00000213     0.00132544     0.00000277    -0.00099248    -0.00000021    -0.00099927   
  14   0.00091082    -0.00000285     0.00138503     0.00000199    -0.00009514    -0.00030149   
  15  -0.00000968    -0.00080598    -0.00000419    -0.00016772    -0.00000722    -0.00163848   
  16  -0.00064193     0.00001209    -0.00028371     0.00000251    -0.00048522    -0.00046475   
  17   0.00000003     0.00019350     0.00000001     0.00018029     0.00000001    -0.00008189   
  18  -0.00153301     0.00000034     0.00146931    -0.00000013     0.00397072    -0.00001060   
  19   0.00000001     0.00003169    -0.00000001    -0.00003462    -0.00000001     0.00000905   
  20  -0.00145829     0.00000042     0.00267040    -0.00000023     0.00971364    -0.00004613   
  21  -0.00000038    -0.00245625    -0.00000004    -0.00237705     0.00000001     0.00015507   
  22   0.00134121     0.00026518     0.00280502    -0.00027997    -0.00064133    -0.00070849   
  23  -0.00016254     0.00218345    -0.00034103    -0.00230322     0.00007788    -0.00162444   
  24   0.00558508    -0.00000120    -0.00477865     0.00000042    -0.01245541     0.00005378   
  25   0.00000008     0.00063957     0.00000005     0.00127291    -0.00000001    -0.00021617   
  26  -0.00000022    -0.00199035    -0.00000016    -0.00290093    -0.00000015     0.00039874   
  27  -0.02165808     0.00000469     0.01906261    -0.00000169     0.04966237    -0.00016862   
  28  -0.00507745    -0.00000286    -0.01197854     0.00000099     0.01432877    -0.00598269   
  29   0.00000264     0.01865719    -0.00000289    -0.00492388     0.00000214     0.01997458   
  30   0.00007285     0.40820221     0.00000609     0.31202733     0.00000047    -0.00135620   
  31  -0.93280345     0.00002281    -0.29484865     0.00007330    -0.20668162    -0.00362796   
  32   0.00001318     0.83974329    -0.00010673    -0.49583272    -0.00003745     0.02183184   
  33  -0.20501535     0.00007405     0.90610293    -0.00004371    -0.36904681     0.00630371   
  34   0.00004328     0.35722775     0.00001825     0.81011850     0.00000676    -0.01087078   
  35   0.29526121    -0.00006701    -0.30148748     0.00002774    -0.90428249     0.00047658   
  36  -0.00791009    -0.00041039    -0.02341093     0.00058141     0.00735568     0.31247994   
  37   0.00021553    -0.01488905     0.00064769     0.02103565    -0.00020281     0.94934301   
  38   0.00803213    -0.00000174    -0.00679831     0.00000048    -0.01881869     0.00014431   
  39   0.00000044     0.00111131    -0.00000015     0.00221663    -0.00000070    -0.00049712   
  40  -0.00132099     0.00000025     0.00065089    -0.00000005     0.00066122    -0.00000286   
  41   0.00000010     0.00061572     0.00000000     0.00047807    -0.00000001     0.00001854   
  42  -0.00000004    -0.00002947     0.00000001     0.00000493    -0.00000002     0.00195466   
  43   0.00000563    -0.00000002    -0.00002845    -0.00000003    -0.00000932     0.00058358   
  44  -0.00000010    -0.00057591    -0.00000001    -0.00048589     0.00000002    -0.00003437   
  45   0.00011804    -0.00000002    -0.00005667     0.00000001    -0.00015956     0.00018421   
  46   0.00000001     0.00005485    -0.00000001     0.00001817     0.00000000     0.00061791   
  47   0.00005476    -0.00000024    -0.00025531     0.00000000    -0.00046412     0.00016823   
  48   0.00000009     0.00020723    -0.00000029     0.00001651    -0.00000049    -0.00058525   
  49   0.00013234    -0.00000002     0.00002621     0.00000006    -0.00043994    -0.00020058   
  50  -0.00000002     0.00000869     0.00000001     0.00021549     0.00000009     0.00065050   
  51  -0.00130679     0.00000024     0.00077177    -0.00000004     0.00098997     0.00000886   
  52  -0.00000005    -0.00030136    -0.00000003    -0.00036005     0.00000000     0.00003901   
  53  -0.00095128     0.00000022     0.00084774    -0.00000009     0.00230427    -0.00000901   
  54  -0.00000002    -0.00006636     0.00000001    -0.00002420     0.00000001     0.00000158   
  55   0.00064994    -0.00000013    -0.00045136     0.00000004    -0.00106310    -0.00032427   
  56   0.00000002    -0.00003006    -0.00000001     0.00007241    -0.00000003     0.00202193   
  57  -0.00039570     0.00000009     0.00036463    -0.00000003     0.00061970    -0.00051000   
  58   0.00000003     0.00016077    -0.00000000     0.00014839    -0.00000000     0.00001563   
  59   0.00015221    -0.00000003    -0.00007636     0.00000000     0.00001547     0.00000040   
  60  -0.00000000    -0.00003178    -0.00000000    -0.00004488    -0.00000000     0.00000303   
           37             38             39       
   1   0.00000825     0.03059801     0.00000388   
   2   0.00002732     0.00000391    -0.03028783   
   3  -0.00014223     0.00066810     0.00007734   
   4   0.00080512    -0.00007755     0.00066552   
   5  -0.00000317    -0.01642215    -0.00000048   
   6  -0.00001245    -0.00000047     0.01822338   
   7   0.00012246     0.02412457     0.00000223   
   8  -0.00045678    -0.00000232     0.02302368   
   9   0.00017472    -0.00059793    -0.00000007   
  10  -0.00042259     0.00000015    -0.00059894   
  11   0.00026046    -0.00131135    -0.00000092   
  12  -0.00091634     0.00000068    -0.00144370   
  13   0.00029635    -0.00576202    -0.00001219   
  14  -0.00101644     0.00001214    -0.00581285   
  15   0.00046314    -0.00146212    -0.00002182   
  16  -0.00164355     0.00002167    -0.00145682   
  17   0.00002447     0.00675690     0.00000015   
  18  -0.00003547    -0.00000004     0.00215073   
  19  -0.00000270     0.02360880     0.00000046   
  20  -0.00015432    -0.00000164     0.12970320   
  21  -0.00004633    -0.12413648    -0.00000157   
  22  -0.00162416    -0.00008488    -0.00070013   
  23   0.00070851    -0.00069821     0.00008498   
  24   0.00017988     0.00000095    -0.09857855   
  25   0.00006459     0.10428287     0.00000118   
  26  -0.00011913    -0.14539829    -0.00000240   
  27  -0.00056403    -0.00000259     0.15197855   
  28  -0.02000725     0.00000036    -0.00157514   
  29  -0.00597281    -0.00157601    -0.00000028   
  30   0.00040553    -0.02728863    -0.00000044   
  31  -0.01212871    -0.00000140     0.00096819   
  32  -0.00652646     0.00685905     0.00000020   
  33   0.02109357     0.00000030     0.00031212   
  34   0.00324846     0.01631320     0.00000029   
  35   0.00159518     0.00000015    -0.00933381   
  36   0.94934334    -0.00001043    -0.00037228   
  37  -0.31247985    -0.00037772     0.00001025   
  38   0.00048273     0.00002204     0.94636508   
  39   0.00014855    -0.94851369     0.00002194   
  40  -0.00000958     0.00000171    -0.11030553   
  41  -0.00000554     0.08502240     0.00000154   
  42  -0.00058388     0.00154991     0.00000032   
  43   0.00195357    -0.00000013     0.00156081   
  44   0.00001027     0.00914815     0.00000018   
  45   0.00061639     0.00000003    -0.00109954   
  46  -0.00018466    -0.00159438    -0.00000004   
  47   0.00056070    -0.00000008    -0.00211041   
  48   0.00017558     0.00015079    -0.00000234   
  49  -0.00067164    -0.00000010    -0.00083535   
  50  -0.00019421    -0.00033789     0.00000021   
  51   0.00002964    -0.00000129     0.08003301   
  52  -0.00001165     0.18726727     0.00000317   
  53  -0.00003013     0.00000295    -0.16812302   
  54  -0.00000047    -0.03817618    -0.00000079   
  55  -0.00108467    -0.00000011    -0.00043174   
  56  -0.00060437     0.00123532     0.00000004   
  57  -0.00170635    -0.00000008    -0.00072269   
  58  -0.00000467    -0.05463223    -0.00000122   
  59   0.00000133     0.00000174    -0.07741652   
  60  -0.00000091     0.05075757     0.00000113   

 -----------------------------------------------------------------------------------------------
  Virtual Orbital Coefficients
 -----------------------------------------------------------------------------------------------
           40             41             42             43             44             45       
   1  -0.00000009     0.00071276     0.00000889     0.00000012    -0.00001188    -0.00000000   
   2   0.00082841     0.00000008    -0.00000012     0.00000893     0.00000000     0.00001194   
   3  -0.00000203     0.00001154    -0.00076321     0.00007789    -0.00004803     0.00000545   
   4  -0.00001745    -0.00000134     0.00007787     0.00076337     0.00000558     0.00004690   
   5  -0.00000000     0.00039577     0.00001389     0.00000019    -0.00012702     0.00000001   
   6   0.00026738     0.00000001    -0.00000020     0.00001418    -0.00000000     0.00000390   
   7  -0.00000009     0.00104397     0.00002355     0.00000032    -0.00002479     0.00000000   
   8  -0.00119499    -0.00000008     0.00000042    -0.00003045     0.00000000     0.00001531   
   9  -0.00000001     0.00002749     0.00003269     0.00000046    -0.00032326     0.00000007   
  10  -0.00004089     0.00000000    -0.00000011     0.00000755     0.00000008     0.00030230   
  11   0.00000019    -0.00029432     0.00027997     0.00000374    -0.00005170     0.00000008   
  12   0.00034139     0.00000016     0.00000376    -0.00028114     0.00000004     0.00013527   
  13   0.00000069    -0.00027931    -0.00005446    -0.00000065     0.00003073    -0.00000003   
  14   0.00033259     0.00000058    -0.00000060     0.00005090    -0.00000006    -0.00001214   
  15  -0.00000083     0.00005905     0.00052030    -0.00000050     0.00000513    -0.00000032   
  16  -0.00005640    -0.00000088    -0.00000050    -0.00052048    -0.00000008    -0.00002129   
  17  -0.00000000     0.00003475     0.00000520     0.00000007     0.00003109    -0.00000000   
  18  -0.00079257     0.00000000    -0.00000007     0.00000509    -0.00000000    -0.00002988   
  19   0.00000000    -0.00066179    -0.00001048    -0.00000014     0.00019024    -0.00000002   
  20  -0.00277536     0.00000002    -0.00000079     0.00005664    -0.00000000     0.00003061   
  21  -0.00000000    -0.00259316     0.00005271     0.00000073    -0.00004076     0.00000000   
  22   0.00001572    -0.00000112     0.00007681    -0.00056656     0.00001675    -0.00013994   
  23  -0.00000191    -0.00000922     0.00056626     0.00007685     0.00013796     0.00001699   
  24   0.00220945    -0.00000002     0.00000086    -0.00006131    -0.00000000    -0.00006537   
  25   0.00000000     0.00205505    -0.00006263    -0.00000087     0.00011787    -0.00000001   
  26   0.00000000    -0.00566631     0.00011179     0.00000155    -0.00011653     0.00000001   
  27  -0.00684159     0.00000000    -0.00000162     0.00011577    -0.00000000     0.00002648   
  28   0.00001688    -0.00000000     0.00001095    -0.00077795    -0.00000012     0.00234126   
  29   0.00000000     0.00003021    -0.00077872    -0.00001096     0.00231480     0.00000010   
  30  -0.00000001    -0.00029932     0.00008252     0.00000112    -0.00040544     0.00000005   
  31   0.00076246    -0.00000009     0.00000021    -0.00001650    -0.00000000     0.00005706   
  32   0.00000011     0.00048026    -0.00003548    -0.00000050     0.00003852     0.00000000   
  33   0.00055355     0.00000002    -0.00000020     0.00001241     0.00000000     0.00004511   
  34   0.00000001     0.00124160    -0.00003158    -0.00000047     0.00008121    -0.00000001   
  35   0.00076885     0.00000000     0.00000012    -0.00000838    -0.00000002    -0.00017205   
  36   0.00004262    -0.00000044    -0.00008101     0.00194915     0.00001943    -0.00072049   
  37  -0.00000117    -0.00001586    -0.00195149    -0.00008096     0.00070708     0.00001980   
  38  -0.11520273     0.00000369    -0.00001787     0.00127570     0.00000015     0.00051199   
  39  -0.00000449    -0.08884336     0.00128205     0.00001784    -0.00231890     0.00000030   
  40  -0.99288985     0.00000024     0.00000622    -0.00044650    -0.00000047    -0.00431344   
  41  -0.00000026    -0.99429615     0.00019719     0.00000272     0.00005924    -0.00000002   
  42  -0.00000001     0.00173876     0.99801835     0.01376828    -0.05297954     0.00001182   
  43   0.00001505    -0.00000009     0.01377567    -0.99854929     0.00001141     0.04863474   
  44   0.00000006     0.05547870    -0.03532999    -0.00049003    -0.20443704     0.00002160   
  45  -0.00424156    -0.00000002    -0.00066956     0.04808720     0.00010521     0.99817306   
  46   0.00000000    -0.01155140    -0.04622483    -0.00064351    -0.97691470     0.00010292   
  47  -0.00372252     0.00000839    -0.00014475     0.00958711    -0.00002337     0.00938508   
  48  -0.00000404    -0.00783735     0.01055468     0.00015728     0.02238136     0.00000736   
  49  -0.00296368    -0.00000138     0.00019087    -0.01394369    -0.00000824    -0.03415954   
  50   0.00000072    -0.00612243    -0.01328454    -0.00018180    -0.02023649     0.00001021   
  51  -0.02254343    -0.00000010    -0.00005242     0.00374506     0.00000015     0.00196134   
  52  -0.00000003    -0.00682521    -0.00031264    -0.00000427    -0.01041510     0.00000114   
  53  -0.01675732    -0.00000008     0.00000165    -0.00011439     0.00000009     0.00074518   
  54  -0.00000000     0.00796431     0.00001081     0.00000015    -0.00172007     0.00000018   
  55   0.00070338     0.00000002     0.00007157    -0.00510776    -0.00000000     0.00040091   
  56   0.00000003    -0.00009139    -0.00942140    -0.00013161     0.00086922    -0.00000006   
  57  -0.00051172    -0.00000000     0.00011040    -0.00791519     0.00000006     0.00078335   
  58  -0.00000001     0.00308550     0.00001978     0.00000027    -0.00111657     0.00000012   
  59  -0.00193867    -0.00000002     0.00000072    -0.00005109    -0.00000001    -0.00011718   
  60  -0.00000001     0.00139613    -0.00001440    -0.00000020    -0.00090883     0.00000010   
           46             47             48             49             50             51       
   1   0.00010312    -0.00000057     0.00002725    -0.00000003     0.00001232    -0.00000006   
   2  -0.00000057    -0.00010366    -0.00000003    -0.00002773    -0.00000000     0.00048103   
   3  -0.00002846    -0.00000312     0.00004604     0.00000532     0.00000676    -0.00000143   
   4   0.00000314    -0.00002824    -0.00000529     0.00004628    -0.00000079    -0.00001228   
   5   0.00012532    -0.00000071     0.00006236    -0.00000007    -0.00069867     0.00000001   
   6  -0.00000062    -0.00010964    -0.00000005    -0.00004469    -0.00000001    -0.00105931   
   7   0.00005810    -0.00000032     0.00013328    -0.00000015     0.00008936    -0.00000006   
   8   0.00000030     0.00005535     0.00000015     0.00014122    -0.00000001    -0.00071490   
   9   0.00007781    -0.00000042     0.00011212    -0.00000011     0.00001056     0.00000001   
  10   0.00000072     0.00012952     0.00000015     0.00013209    -0.00000000     0.00007965   
  11  -0.00037369     0.00000192    -0.00024162     0.00000015     0.00014739    -0.00000005   
  12  -0.00000177    -0.00035032    -0.00000015    -0.00023555    -0.00000008    -0.00010264   
  13  -0.00028340     0.00000097     0.00049080     0.00000043     0.00000935     0.00000031   
  14  -0.00000109    -0.00029566    -0.00000045     0.00048437    -0.00000002     0.00014700   
  15   0.00022771     0.00000204     0.00004025     0.00000057    -0.00007747     0.00000179   
  16  -0.00000213     0.00022335    -0.00000054     0.00004125     0.00000115     0.00011996   
  17  -0.00006752     0.00000038    -0.00002869     0.00000003     0.00034416    -0.00000000   
  18  -0.00000010    -0.00001834    -0.00000001    -0.00001100    -0.00000000     0.00014138   
  19  -0.00009485     0.00000054    -0.00005607     0.00000006     0.00124659    -0.00000000   
  20  -0.00000228    -0.00040497    -0.00000021    -0.00016397     0.00000001    -0.00433760   
  21   0.00040482    -0.00000229     0.00017105    -0.00000019    -0.00096919    -0.00000002   
  22  -0.00002072    -0.00017041     0.00005498     0.00044431    -0.00000203     0.00002850   
  23  -0.00016242     0.00002162     0.00044815    -0.00005452    -0.00001669    -0.00000346   
  24   0.00000101     0.00017875     0.00000010     0.00007896    -0.00000001     0.00496076   
  25  -0.00020835     0.00000118    -0.00012289     0.00000013     0.00163777     0.00000003   
  26   0.00017326    -0.00000098     0.00010964    -0.00000011    -0.00199997    -0.00000000   
  27  -0.00000039    -0.00006965    -0.00000009    -0.00006057     0.00000000    -0.00790087   
  28  -0.00000021    -0.00003542     0.00000008     0.00005937     0.00000007     0.00023462   
  29   0.00003249    -0.00000019    -0.00004151     0.00000006    -0.00038967     0.00000004   
  30  -0.00031138     0.00000175    -0.00006582     0.00000009    -0.00237967     0.00000001   
  31  -0.00000073    -0.00012390     0.00000007     0.00005739    -0.00000006    -0.00087775   
  32   0.00021444    -0.00000123    -0.00009979     0.00000013     0.00027550    -0.00000010   
  33  -0.00000003    -0.00000583    -0.00000017    -0.00016124     0.00000000    -0.00063043   
  34   0.00035681    -0.00000202     0.00019740    -0.00000024     0.00056707    -0.00000002   
  35  -0.00000316    -0.00055955    -0.00000027    -0.00023562    -0.00000002     0.00283738   
  36  -0.00001154    -0.00036727     0.00002503     0.00085596    -0.00000277     0.00001105   
  37  -0.00034380     0.00001209     0.00087060    -0.00002463    -0.00010046    -0.00000031   
  38  -0.00000496    -0.00085902    -0.00000100    -0.00082993     0.00000144    -0.10190865   
  39   0.00138002    -0.00000779     0.00149660    -0.00000185    -0.03304424    -0.00000403   
  40  -0.00002915    -0.00517446    -0.00000257    -0.00207971    -0.00000005    -0.00843047   
  41   0.00858667    -0.00004853     0.00404937    -0.00000463    -0.05310015    -0.00000014   
  42   0.00422858    -0.00002303    -0.01417752     0.00001508    -0.02517325     0.00000070   
  43   0.00002914     0.00523755    -0.00001489    -0.01437869     0.00000142     0.00347877   
  44  -0.01658737     0.00009342     0.02550405    -0.00003046    -0.97054788    -0.00000052   
  45   0.00000337     0.00072094     0.00004270     0.03611311     0.00000015    -0.00244652   
  46  -0.01116406     0.00006240     0.02271039    -0.00002661     0.20638734     0.00000003   
  47   0.00640262     0.95522909    -0.00070286    -0.29394119    -0.00002006    -0.02942878   
  48  -0.93837169     0.00631787     0.34402592    -0.00073075     0.01897445    -0.00003172   
  49   0.00156641     0.29364527     0.00090827     0.95495823    -0.00000369    -0.02089098   
  50  -0.34481683     0.00188989    -0.93821464     0.00087705    -0.01467501     0.00000496   
  51   0.00019570     0.03471325     0.00001419     0.01155883    -0.00000045     0.98756696   
  52   0.00429456    -0.00002423     0.00313287    -0.00000374    -0.10070278     0.00000008   
  53   0.00000868     0.00155209     0.00000088     0.00067698     0.00000026    -0.11303880   
  54   0.00158015    -0.00000893     0.00079681    -0.00000091    -0.01003825    -0.00000004   
  55  -0.00000715    -0.00126573    -0.00000018    -0.00015933    -0.00000001     0.00434800   
  56   0.00013784    -0.00000080    -0.00054644     0.00000065    -0.00006082     0.00000015   
  57   0.00000369     0.00065798     0.00000092     0.00076243     0.00000000    -0.00266586   
  58  -0.00109337     0.00000617    -0.00027953     0.00000032    -0.00690833     0.00000001   
  59  -0.00000363    -0.00064380    -0.00000032    -0.00026958     0.00000003     0.00369388   
  60   0.00014050    -0.00000079     0.00015190    -0.00000018    -0.00385624     0.00000001   
           52             53             54             55             56             57       
   1   0.00138924    -0.00000015     0.00052690    -0.00000000    -0.00001949    -0.00000001   
   2   0.00000015     0.00130350     0.00000006    -0.00001371    -0.00000000     0.00007780   
   3   0.00003564    -0.00000389     0.00001358    -0.00000033    -0.00000488    -0.00000070   
   4  -0.00000414    -0.00003345    -0.00000158    -0.00000282     0.00000057    -0.00000606   
   5  -0.00083854     0.00000001    -0.00042304     0.00000000     0.00000817     0.00000000   
   6  -0.00000001    -0.00061611    -0.00000000     0.00013004    -0.00000001    -0.00035878   
   7   0.00193445    -0.00000014     0.00050613    -0.00000001    -0.00005125     0.00000000   
   8  -0.00000015    -0.00171496    -0.00000004    -0.00008226     0.00000001     0.00008102   
   9  -0.00007350     0.00000001    -0.00003343     0.00000000     0.00000225    -0.00000000   
  10   0.00000001     0.00006287     0.00000001     0.00001958    -0.00000000    -0.00001919   
  11  -0.00008152     0.00000008    -0.00005257    -0.00000003    -0.00004061     0.00000001   
  12   0.00000004     0.00013710     0.00000003    -0.00004792     0.00000003     0.00002216   
  13  -0.00044186     0.00000088    -0.00012311    -0.00000023    -0.00011339    -0.00000011   
  14   0.00000092     0.00042313     0.00000026    -0.00010232     0.00000025    -0.00005253   
  15  -0.00013187     0.00000152    -0.00002530    -0.00000126    -0.00010158    -0.00000099   
  16   0.00000195     0.00010184     0.00000037    -0.00008406     0.00000152    -0.00006656   
  17   0.00039544    -0.00000000     0.00042122    -0.00000000    -0.00000687    -0.00000000   
  18   0.00000000    -0.00176908     0.00000000     0.00008584    -0.00000001    -0.00023794   
  19  -0.00012136     0.00000000    -0.00025185    -0.00000000    -0.00000768    -0.00000000   
  20   0.00000003    -0.00809025     0.00000002    -0.00015587     0.00000001     0.00021654   
  21  -0.00889047    -0.00000002    -0.00258114     0.00000002     0.00009160     0.00000001   
  22  -0.00000747     0.00005394    -0.00000224    -0.00052844    -0.00006868    -0.00020310   
  23  -0.00006142    -0.00000655    -0.00001844     0.00006412    -0.00056597     0.00002466   
  24  -0.00000006     0.00756933    -0.00000003    -0.00014099     0.00000001     0.00051433   
  25   0.00971253     0.00000004     0.00289734    -0.00000002    -0.00007796    -0.00000000   
  26  -0.01586337     0.00000001    -0.00403623     0.00000003     0.00013114     0.00000001   
  27  -0.00000001    -0.01564539     0.00000002    -0.00033424     0.00000003     0.00058970   
  28   0.00000004     0.00009838    -0.00000000     0.00024204     0.00000000     0.00000757   
  29  -0.00022033     0.00000002     0.00001368     0.00000001    -0.00022460    -0.00000000   
  30  -0.00349391    -0.00000001     0.00075959     0.00000001     0.00004983     0.00000000   
  31  -0.00000015     0.00004594     0.00000003    -0.00010287     0.00000001     0.00027112   
  32   0.00079305     0.00000003    -0.00014436    -0.00000001     0.00000318     0.00000004   
  33   0.00000002     0.00008886    -0.00000001    -0.00005137     0.00000000     0.00022188   
  34   0.00185151    -0.00000001    -0.00028361    -0.00000001    -0.00005722    -0.00000000   
  35  -0.00000000    -0.00051916     0.00000001     0.00057321    -0.00000005    -0.00140433   
  36  -0.00000112     0.00004055    -0.00000046    -0.00198508    -0.00005837    -0.00076264   
  37  -0.00004067    -0.00000112    -0.00001675     0.00005446    -0.00212649     0.00002099   
  38   0.00000723    -0.15388955     0.00000139    -0.00116703     0.00000006     0.00130762   
  39  -0.18462493    -0.00000610    -0.03171980     0.00000013     0.00090304     0.00000008   
  40   0.00000004     0.03738454    -0.00000002    -0.00013199     0.00000001     0.00067726   
  41   0.02949033     0.00000005     0.00971631    -0.00000003    -0.00016171     0.00000000   
  42   0.00309097    -0.00000007    -0.00034988     0.00000240     0.00943444     0.00000060   
  43  -0.00000027    -0.00052190     0.00000002     0.00883788    -0.00000248     0.00331118   
  44   0.10328795    -0.00000031    -0.01205483    -0.00000004    -0.00023530    -0.00000002   
  45   0.00000004     0.00132768     0.00000000     0.00036994    -0.00000005     0.00026642   
  46  -0.01103596     0.00000005     0.00066891     0.00000006     0.00044065     0.00000001   
  47   0.00000553     0.00515468    -0.00000177    -0.00081803    -0.00000035     0.00111317   
  48  -0.00509087     0.00000566     0.00165397    -0.00000082     0.00039405     0.00000122   
  49  -0.00000071     0.00371512     0.00000028     0.00019204    -0.00000019     0.00117456   
  50  -0.00278213    -0.00000092     0.00124210    -0.00000012    -0.00058051    -0.00000029   
  51   0.00000001    -0.12760372     0.00000005     0.00156375    -0.00000013    -0.00411051   
  52  -0.97628054     0.00000102     0.02933510    -0.00000004    -0.00016111     0.00000002   
  53  -0.00000103    -0.97886879    -0.00000006    -0.00162919     0.00000013     0.00444271   
  54   0.02400371    -0.00000007     0.99638503    -0.00000001    -0.00058719    -0.00000032   
  55   0.00000003     0.00362629     0.00000019    -0.80323117     0.00004868     0.59560376   
  56   0.00004550     0.00000012     0.00090453     0.00008380     0.99993599     0.00003130   
  57  -0.00000003    -0.00225565    -0.00000025    -0.59559141     0.00007506    -0.80321902   
  58  -0.00176100    -0.00000001    -0.05340936     0.00000117     0.00565024     0.00000048   
  59   0.00000003     0.00409266    -0.00000013     0.00053400     0.00000004     0.00627071   
  60   0.00771077    -0.00000008    -0.04710874    -0.00000008    -0.00039217    -0.00000008   
           58             59             60       
   1  -0.00090175    -0.00000014    -0.00086225   
   2  -0.00000009     0.00128799    -0.00000009   
   3  -0.00001690    -0.00000314    -0.00001958   
   4   0.00000196    -0.00002705     0.00000227   
   5   0.00041022     0.00000001     0.00080054   
   6   0.00000000    -0.00102347     0.00000000   
   7  -0.00106394    -0.00000009    -0.00080851   
   8   0.00000008    -0.00129228     0.00000006   
   9   0.00005589     0.00000001     0.00004165   
  10  -0.00000001     0.00007717    -0.00000001   
  11  -0.00003012     0.00000001     0.00001383   
  12   0.00000002     0.00000562    -0.00000000   
  13   0.00022853     0.00000062     0.00018212   
  14  -0.00000048     0.00030078    -0.00000038   
  15   0.00011286     0.00000190     0.00006901   
  16  -0.00000167     0.00012738    -0.00000102   
  17  -0.00022567    -0.00000000    -0.00037546   
  18  -0.00000000    -0.00064510    -0.00000000   
  19  -0.00043641     0.00000000    -0.00063085   
  20  -0.00000005    -0.00701747    -0.00000004   
  21   0.00527516    -0.00000006     0.00402037   
  22   0.00000439     0.00004371     0.00000307   
  23   0.00003611    -0.00000531     0.00002525   
  24   0.00000005     0.00587711     0.00000005   
  25  -0.00448324     0.00000007    -0.00400050   
  26   0.00735009    -0.00000005     0.00549301   
  27  -0.00000004    -0.01003156    -0.00000003   
  28  -0.00000003     0.00011303    -0.00000001   
  29   0.00013486     0.00000002     0.00006336   
  30   0.00241469    -0.00000002     0.00104551   
  31   0.00000011    -0.00020914     0.00000005   
  32  -0.00052258    -0.00000002    -0.00025770   
  33  -0.00000003    -0.00013880    -0.00000001   
  34  -0.00117037     0.00000001    -0.00060393   
  35   0.00000001     0.00096102     0.00000000   
  36   0.00000080     0.00002717     0.00000041   
  37   0.00002899    -0.00000075     0.00001490   
  38  -0.00000260    -0.07519806    -0.00000208   
  39   0.05748850    -0.00000344     0.04537405   
  40   0.00000005     0.01070850     0.00000003   
  41  -0.00816000     0.00000005    -0.00245598   
  42   0.00022381    -0.00000000    -0.00026231   
  43  -0.00000001    -0.00003980     0.00000002   
  44   0.00671915    -0.00000002    -0.00627664   
  45  -0.00000000    -0.00003739    -0.00000000   
  46  -0.00028456     0.00000000     0.00013786   
  47  -0.00000074    -0.00044670    -0.00000028   
  48   0.00068197    -0.00000047     0.00025285   
  49   0.00000017    -0.00042574     0.00000005   
  50   0.00071139     0.00000009     0.00017840   
  51  -0.00000002    -0.00313442    -0.00000005   
  52  -0.00954412     0.00000005    -0.00047005   
  53   0.00000005     0.00876133    -0.00000003   
  54  -0.04814576    -0.00000016     0.05179958   
  55  -0.00000038     0.00338048     0.00000005   
  56   0.00556185     0.00000028     0.00003389   
  57  -0.00000065    -0.00533350    -0.00000005   
  58  -0.99515217    -0.00000020     0.06106495   
  59   0.00000019    -0.99695206    -0.00000028   
  60   0.06084805    -0.00000027     0.99569913   

 -----------------------------------------------------------------------------------------------
  Generalised Fock Matrix (MO basis)
 -----------------------------------------------------------------------------------------------
           1              2              3              4              5              6        
   1  -7.89311080    -0.00000000     0.00000000     0.00000000    -0.00000000    -0.00000000   
   2  -0.00000000    -7.88918175    -0.00000000    -0.00000000    -0.00000000    -0.00000000   
   3   0.00000000    -0.00000000    -7.77429153     0.00000000     0.00000000     0.00000000   
   4   0.00000000    -0.00000000     0.00000000    -7.77428636     0.00000000    -0.00000000   
   5  -0.00000000    -0.00000000     0.00000000     0.00000000    -7.64960434    -0.00000000   
   6  -0.00000000    -0.00000000     0.00000000    -0.00000000    -0.00000000    -7.59676082   
   7   0.00000000     0.00000000    -0.00000000    -0.00000000    -0.00000000    -0.00000000   
   8  -0.00000000    -0.00000000    -0.00000000     0.00000000     0.00000000    -0.00000000   
   9  -0.00000000     0.00000000     0.00000000    -0.00000000    -0.00000000    -0.00000000   
  10   0.00000000    -0.00000000    -0.00000000     0.00000000    -0.00000000    -0.00000000   
  11   0.00000000    -0.00000000    -0.00000000    -0.00000000     0.00000000     0.00000000   
  12   0.00000000    -0.00000000     0.00000000    -0.00000000     0.00000000    -0.00000000   
  13   0.00000000     0.00000000    -0.00000000    -0.00000000    -0.00000000     0.00000000   
  14  -0.00000000    -0.00000000     0.00000000     0.00000000     0.00000000     0.00000000   
  15   0.00000000    -0.00000000     0.00000000     0.00000000     0.00000000    -0.00000000   
  16  -0.00000000     0.00000000     0.00000000     0.00000000    -0.00000000    -0.00000000   
  17  -0.00000000     0.00000000     0.00000000     0.00000000    -0.00000000     0.00000000   
  18  -0.00000000     0.00000000    -0.00000000    -0.00000000     0.00000000    -0.00000000   
  19  -0.00000000     0.00000000     0.00000000     0.00000000     0.00000000    -0.00000000   
  20   0.00000000    -0.00000000     0.00000000    -0.00000000    -0.00000000    -0.00000000   
  21   0.00000000    -0.00000000    -0.00000000     0.00000000     0.00000000    -0.00000000   
  22   0.00000000    -0.00000000     0.00000000    -0.00000000     0.00000000     0.00000000   
  23   0.00000000    -0.00000000    -0.00000000    -0.00000000     0.00000000     0.00000000   
  24   0.00000000     0.00000000     0.00000000    -0.00000000    -0.00000000     0.00000000   
  25   0.00000000    -0.00000000     0.00000000    -0.00000000    -0.00000000    -0.00000000   
  26   0.00000000     0.00000000     0.00000000    -0.00000000    -0.00000000     0.00000000   
  27   0.00000000    -0.00000000     0.00000000     0.00000000    -0.00000000    -0.00000000   
  28   0.00000000    -0.00000000    -0.00000000     0.00000000    -0.00000000     0.00000000   
  29  -0.00000000    -0.00000000    -0.00000000     0.00000000    -0.00000000     0.00000000   
  30   0.00000000     0.00000000     0.00000000     0.00000000    -0.00000000    -0.00000000   
  31  -0.00000000     0.00000000    -0.00000000     0.00000000    -0.00000000    -0.00000000   
  32   0.00000000     0.00000000     0.00000000    -0.00000000     0.00000000     0.00000000   
  33   0.00000000     0.00000000     0.00000000     0.00000000     0.00000000     0.00000000   
  34   0.00000000    -0.00000000    -0.00000000     0.00000000     0.00000000     0.00000000   
  35   0.00000000    -0.00000000     0.00000000    -0.00000000     0.00000000     0.00000000   
  36  -0.00000000     0.00000000     0.00000000     0.00000000    -0.00000000     0.00000000   
  37  -0.00000000     0.00000000     0.00000000    -0.00000000    -0.00000000     0.00000000   
  38  -0.34072764    -0.00002048     0.00743718    -0.00022496     0.14165358     0.00000416   
  39  -0.00002038     0.33461752     0.00022447     0.00738815     0.00000387    -0.16976830   
  40   0.00000002     0.00000004     0.00000000    -0.00000001    -0.00000003    -0.00000002   
  41   0.00000001     0.00000000     0.00000000    -0.00000001     0.00000000    -0.00000003   
  42   0.00000000     0.00000000     0.00000000     0.00000001    -0.00000001    -0.00000000   
  43  -0.00000001     0.00000001    -0.00000002     0.00000000     0.00000001     0.00000002   
  44  -0.00000001    -0.00000002    -0.00000002    -0.00000000     0.00000001     0.00000000   
  45   0.00000000    -0.00000001     0.00000001     0.00000001    -0.00000000     0.00000001   
  46   0.00000004    -0.00000002    -0.00000001     0.00000000    -0.00000005     0.00000000   
  47  -0.00000002     0.00000003    -0.00000000    -0.00000001     0.00000000     0.00000009   
  48   0.00000003    -0.00000002    -0.00000001     0.00000001    -0.00000003     0.00000000   
  49   0.00000001     0.00000001     0.00000000    -0.00000002    -0.00000002     0.00000004   
  50  -0.00000000     0.00000001     0.00000000     0.00000000     0.00000001     0.00000002   
  51   0.00000000     0.00000001    -0.00000000     0.00000000     0.00000001    -0.00000002   
  52  -0.00000004     0.00000003    -0.00000000    -0.00000000    -0.00000001     0.00000001   
  53   0.00000002     0.00000002    -0.00000001    -0.00000001    -0.00000003    -0.00000002   
  54  -0.00000001     0.00000000    -0.00000000    -0.00000000    -0.00000001     0.00000001   
  55  -0.00000001     0.00000003     0.00000001    -0.00000004    -0.00000000     0.00000002   
  56  -0.00000002     0.00000001    -0.00000004     0.00000001    -0.00000001     0.00000001   
  57  -0.00000001    -0.00000001     0.00000001    -0.00000000    -0.00000001    -0.00000002   
  58  -0.00000002    -0.00000002    -0.00000001    -0.00000001    -0.00000002    -0.00000001   
  59   0.00000003     0.00000003    -0.00000002    -0.00000002    -0.00000001    -0.00000001   
  60  -0.00000001    -0.00000001    -0.00000000    -0.00000000     0.00000002    -0.00000001   
           7              8              9              10             11             12       
   1   0.00000000    -0.00000000    -0.00000000     0.00000000     0.00000000     0.00000000   
   2   0.00000000    -0.00000000     0.00000000    -0.00000000    -0.00000000    -0.00000000   
   3  -0.00000000    -0.00000000     0.00000000    -0.00000000    -0.00000000     0.00000000   
   4  -0.00000000     0.00000000    -0.00000000     0.00000000    -0.00000000    -0.00000000   
   5  -0.00000000     0.00000000    -0.00000000    -0.00000000     0.00000000     0.00000000   
   6  -0.00000000    -0.00000000    -0.00000000    -0.00000000     0.00000000    -0.00000000   
   7  -6.05541159     0.00000000     0.00000000     0.00000000     0.00000000     0.00000000   
   8   0.00000000    -6.05408716     0.00000000     0.00000000    -0.00000000    -0.00000000   
   9   0.00000000     0.00000000    -6.00237547    -0.00000000    -0.00000000    -0.00000000   
  10   0.00000000     0.00000000    -0.00000000    -5.99480974     0.00000000    -0.00000000   
  11   0.00000000    -0.00000000    -0.00000000     0.00000000    -5.96968449    -0.00000000   
  12   0.00000000    -0.00000000    -0.00000000    -0.00000000    -0.00000000    -5.96741952   
  13  -0.00000000    -0.00000000     0.00000000    -0.00000000    -0.00000000    -0.00000000   
  14  -0.00000000     0.00000000     0.00000000    -0.00000000    -0.00000000     0.00000000   
  15   0.00000000     0.00000000    -0.00000000     0.00000000    -0.00000000     0.00000000   
  16   0.00000000    -0.00000000    -0.00000000     0.00000000     0.00000000    -0.00000000   
  17   0.00000000    -0.00000000     0.00000000     0.00000000     0.00000000    -0.00000000   
  18  -0.00000000    -0.00000000     0.00000000    -0.00000000     0.00000000    -0.00000000   
  19  -0.00000000     0.00000000     0.00000000    -0.00000000     0.00000000     0.00000000   
  20  -0.00000000     0.00000000    -0.00000000     0.00000000    -0.00000000     0.00000000   
  21   0.00000000    -0.00000000    -0.00000000     0.00000000    -0.00000000     0.00000000   
  22   0.00000000    -0.00000000    -0.00000000     0.00000000    -0.00000000    -0.00000000   
  23   0.00000000     0.00000000    -0.00000000    -0.00000000     0.00000000     0.00000000   
  24  -0.00000000    -0.00000000     0.00000000    -0.00000000     0.00000000     0.00000000   
  25   0.00000000    -0.00000000     0.00000000    -0.00000000     0.00000000    -0.00000000   
  26  -0.00000000     0.00000000     0.00000000     0.00000000     0.00000000    -0.00000000   
  27  -0.00000000     0.00000000    -0.00000000    -0.00000000     0.00000000    -0.00000000   
  28   0.00000000     0.00000000    -0.00000000    -0.00000000     0.00000000     0.00000000   
  29   0.00000000     0.00000000     0.00000000     0.00000000    -0.00000000    -0.00000000   
  30   0.00000000    -0.00000000     0.00000000     0.00000000    -0.00000000     0.00000000   
  31   0.00000000    -0.00000000     0.00000000     0.00000000    -0.00000000    -0.00000000   
  32   0.00000000     0.00000000    -0.00000000    -0.00000000     0.00000000     0.00000000   
  33   0.00000000    -0.00000000    -0.00000000    -0.00000000     0.00000000     0.00000000   
  34  -0.00000000    -0.00000000    -0.00000000    -0.00000000     0.00000000     0.00000000   
  35  -0.00000000     0.00000000    -0.00000000    -0.00000000    -0.00000000    -0.00000000   
  36  -0.00000000    -0.00000000     0.00000000    -0.00000000     0.00000000     0.00000000   
  37   0.00000000    -0.00000000    -0.00000000     0.00000000    -0.00000000    -0.00000000   
  38  -0.00849836    -0.00000021     0.23865938     0.00000536     0.06319830     0.00000590   
  39  -0.00000011     0.01150152     0.00000614    -0.21203231     0.00000515    -0.08283517   
  40   0.00000003    -0.00000002    -0.00000001    -0.00000002    -0.00000003     0.00000000   
  41   0.00000002    -0.00000001    -0.00000001     0.00000002    -0.00000002     0.00000001   
  42  -0.00000001     0.00000000    -0.00000001     0.00000001     0.00000001     0.00000001   
  43  -0.00000000    -0.00000000     0.00000003    -0.00000000    -0.00000001    -0.00000000   
  44  -0.00000005     0.00000008    -0.00000001    -0.00000000    -0.00000001     0.00000002   
  45  -0.00000008     0.00000003    -0.00000001     0.00000002    -0.00000001    -0.00000002   
  46  -0.00000000     0.00000001    -0.00000000     0.00000002    -0.00000003    -0.00000002   
  47   0.00000001    -0.00000004     0.00000005    -0.00000002    -0.00000002    -0.00000001   
  48   0.00000000    -0.00000000     0.00000002     0.00000004    -0.00000001     0.00000000   
  49  -0.00000001    -0.00000001    -0.00000003    -0.00000003    -0.00000002    -0.00000002   
  50  -0.00000000    -0.00000000    -0.00000000    -0.00000003    -0.00000003    -0.00000002   
  51   0.00000002     0.00000001    -0.00000004    -0.00000002    -0.00000003     0.00000001   
  52  -0.00000004    -0.00000000     0.00000006    -0.00000004    -0.00000006    -0.00000003   
  53   0.00000004     0.00000002    -0.00000001    -0.00000003    -0.00000004    -0.00000001   
  54   0.00000000    -0.00000001     0.00000003    -0.00000000    -0.00000001    -0.00000001   
  55  -0.00000000    -0.00000000     0.00000000    -0.00000001     0.00000001    -0.00000002   
  56  -0.00000000    -0.00000000     0.00000000    -0.00000000     0.00000002    -0.00000001   
  57   0.00000001    -0.00000001    -0.00000000     0.00000001     0.00000000    -0.00000000   
  58   0.00000002     0.00000000    -0.00000001     0.00000000     0.00000003    -0.00000001   
  59   0.00000003     0.00000002     0.00000001    -0.00000002    -0.00000002     0.00000000   
  60   0.00000002     0.00000001    -0.00000001     0.00000000     0.00000003    -0.00000000   
           13             14             15             16             17             18       
   1   0.00000000    -0.00000000     0.00000000    -0.00000000    -0.00000000    -0.00000000   
   2   0.00000000    -0.00000000    -0.00000000     0.00000000     0.00000000     0.00000000   
   3  -0.00000000     0.00000000     0.00000000     0.00000000     0.00000000    -0.00000000   
   4  -0.00000000     0.00000000     0.00000000     0.00000000     0.00000000    -0.00000000   
   5  -0.00000000     0.00000000     0.00000000    -0.00000000    -0.00000000     0.00000000   
   6   0.00000000     0.00000000    -0.00000000    -0.00000000     0.00000000    -0.00000000   
   7  -0.00000000    -0.00000000     0.00000000     0.00000000     0.00000000    -0.00000000   
   8  -0.00000000     0.00000000     0.00000000    -0.00000000    -0.00000000    -0.00000000   
   9   0.00000000     0.00000000    -0.00000000    -0.00000000     0.00000000     0.00000000   
  10  -0.00000000    -0.00000000     0.00000000     0.00000000     0.00000000    -0.00000000   
  11  -0.00000000    -0.00000000    -0.00000000     0.00000000     0.00000000     0.00000000   
  12  -0.00000000     0.00000000     0.00000000    -0.00000000    -0.00000000    -0.00000000   
  13  -5.96049902     0.00000000     0.00000000     0.00000000    -0.00000000    -0.00000000   
  14   0.00000000    -5.95971530     0.00000000     0.00000000     0.00000000    -0.00000000   
  15   0.00000000     0.00000000    -5.95343156     0.00000000     0.00000000     0.00000000   
  16   0.00000000     0.00000000     0.00000000    -5.93186941     0.00000000    -0.00000000   
  17  -0.00000000     0.00000000     0.00000000     0.00000000    -5.93140449    -0.00000000   
  18  -0.00000000    -0.00000000     0.00000000    -0.00000000    -0.00000000    -3.54961272   
  19  -0.00000000     0.00000000     0.00000000    -0.00000000    -0.00000000     0.00000000   
  20  -0.00000000     0.00000000     0.00000000    -0.00000000    -0.00000000    -0.00000000   
  21   0.00000000    -0.00000000     0.00000000    -0.00000000    -0.00000000     0.00000000   
  22   0.00000000    -0.00000000    -0.00000000    -0.00000000    -0.00000000     0.00000000   
  23  -0.00000000     0.00000000    -0.00000000    -0.00000000    -0.00000000     0.00000000   
  24  -0.00000000    -0.00000000     0.00000000    -0.00000000    -0.00000000    -0.00000000   
  25  -0.00000000    -0.00000000     0.00000000     0.00000000     0.00000000    -0.00000000   
  26  -0.00000000     0.00000000     0.00000000    -0.00000000     0.00000000    -0.00000000   
  27  -0.00000000    -0.00000000     0.00000000     0.00000000     0.00000000    -0.00000000   
  28  -0.00000000     0.00000000     0.00000000     0.00000000    -0.00000000    -0.00000000   
  29   0.00000000     0.00000000     0.00000000    -0.00000000     0.00000000     0.00000000   
  30   0.00000000     0.00000000    -0.00000000    -0.00000000     0.00000000    -0.00000000   
  31   0.00000000     0.00000000    -0.00000000    -0.00000000     0.00000000    -0.00000000   
  32   0.00000000     0.00000000     0.00000000    -0.00000000     0.00000000    -0.00000000   
  33  -0.00000000     0.00000000     0.00000000    -0.00000000    -0.00000000    -0.00000000   
  34   0.00000000     0.00000000     0.00000000     0.00000000     0.00000000     0.00000000   
  35   0.00000000     0.00000000     0.00000000     0.00000000     0.00000000     0.00000000   
  36   0.00000000    -0.00000000    -0.00000000    -0.00000000    -0.00000000    -0.00000000   
  37  -0.00000000    -0.00000000    -0.00000000    -0.00000000     0.00000000     0.00000000   
  38  -0.01091522     0.00000410    -0.02929913     0.00000602     0.04446191    -0.00000043   
  39  -0.00000979    -0.03356551     0.00000164     0.04738858    -0.00000515     0.02319264   
  40   0.00000002    -0.00000001    -0.00000006    -0.00000001     0.00000001     0.00000014   
  41   0.00000004     0.00000001    -0.00000003    -0.00000000     0.00000000     0.00000008   
  42  -0.00000001     0.00000002    -0.00000003     0.00000007     0.00000001    -0.00000000   
  43  -0.00000002     0.00000005    -0.00000003    -0.00000000    -0.00000007     0.00000005   
  44   0.00000002    -0.00000001    -0.00000003    -0.00000002    -0.00000001     0.00000000   
  45  -0.00000001     0.00000004    -0.00000002     0.00000002     0.00000001     0.00000016   
  46  -0.00000010    -0.00000007     0.00000001    -0.00000003    -0.00000000     0.00000000   
  47  -0.00000005    -0.00000002    -0.00000003     0.00000003    -0.00000005     0.00000015   
  48   0.00000000     0.00000004     0.00000001    -0.00000002    -0.00000001     0.00000001   
  49   0.00000003     0.00000001     0.00000002     0.00000000    -0.00000004     0.00000007   
  50  -0.00000000    -0.00000002    -0.00000000     0.00000001    -0.00000001    -0.00000000   
  51   0.00000002    -0.00000004     0.00000002     0.00000001    -0.00000002    -0.00000004   
  52   0.00000005    -0.00000003     0.00000002     0.00000002    -0.00000004     0.00000002   
  53   0.00000002    -0.00000003     0.00000002     0.00000001    -0.00000003     0.00000004   
  54   0.00000001     0.00000000     0.00000002     0.00000000    -0.00000001    -0.00000001   
  55   0.00000001    -0.00000001    -0.00000001    -0.00000000    -0.00000001     0.00000003   
  56  -0.00000001    -0.00000000    -0.00000001    -0.00000001    -0.00000000    -0.00000000   
  57  -0.00000001    -0.00000001     0.00000000    -0.00000000     0.00000000    -0.00000005   
  58  -0.00000002     0.00000000    -0.00000002    -0.00000001     0.00000002    -0.00000001   
  59   0.00000001    -0.00000003     0.00000000     0.00000000    -0.00000002    -0.00000004   
  60  -0.00000002     0.00000000    -0.00000001    -0.00000001     0.00000001     0.00000001   
           19             20             21             22             23             24       
   1  -0.00000000     0.00000000     0.00000000     0.00000000     0.00000000     0.00000000   
   2   0.00000000    -0.00000000    -0.00000000    -0.00000000    -0.00000000     0.00000000   
   3   0.00000000     0.00000000    -0.00000000     0.00000000    -0.00000000     0.00000000   
   4   0.00000000    -0.00000000     0.00000000    -0.00000000    -0.00000000    -0.00000000   
   5   0.00000000    -0.00000000     0.00000000     0.00000000     0.00000000    -0.00000000   
   6  -0.00000000    -0.00000000    -0.00000000     0.00000000     0.00000000     0.00000000   
   7  -0.00000000    -0.00000000     0.00000000     0.00000000     0.00000000    -0.00000000   
   8   0.00000000     0.00000000    -0.00000000    -0.00000000     0.00000000    -0.00000000   
   9   0.00000000    -0.00000000    -0.00000000    -0.00000000    -0.00000000     0.00000000   
  10  -0.00000000     0.00000000     0.00000000     0.00000000    -0.00000000    -0.00000000   
  11   0.00000000    -0.00000000    -0.00000000    -0.00000000     0.00000000     0.00000000   
  12   0.00000000     0.00000000     0.00000000    -0.00000000     0.00000000     0.00000000   
  13  -0.00000000    -0.00000000     0.00000000     0.00000000    -0.00000000    -0.00000000   
  14   0.00000000     0.00000000    -0.00000000    -0.00000000     0.00000000    -0.00000000   
  15   0.00000000     0.00000000     0.00000000    -0.00000000    -0.00000000     0.00000000   
  16  -0.00000000    -0.00000000    -0.00000000    -0.00000000    -0.00000000    -0.00000000   
  17  -0.00000000    -0.00000000    -0.00000000    -0.00000000    -0.00000000    -0.00000000   
  18   0.00000000    -0.00000000     0.00000000     0.00000000     0.00000000    -0.00000000   
  19  -2.83342986    -0.00000000     0.00000000     0.00000000     0.00000000    -0.00000000   
  20  -0.00000000    -1.83703514     0.00000000    -0.00000000     0.00000000    -0.00000000   
  21   0.00000000     0.00000000    -1.80955004    -0.00000000    -0.00000000    -0.00000000   
  22   0.00000000    -0.00000000    -0.00000000    -1.44509818     0.00000000     0.00000000   
  23   0.00000000     0.00000000    -0.00000000     0.00000000    -1.44509688     0.00000000   
  24  -0.00000000    -0.00000000    -0.00000000     0.00000000     0.00000000    -0.86175878   
  25  -0.00000000     0.00000000     0.00000000     0.00000000     0.00000000     0.00000000   
  26  -0.00000000    -0.00000000    -0.00000000    -0.00000000    -0.00000000    -0.00000000   
  27  -0.00000000     0.00000000    -0.00000000    -0.00000000    -0.00000000     0.00000000   
  28   0.00000000    -0.00000000    -0.00000000     0.00000000     0.00000000     0.00000000   
  29  -0.00000000    -0.00000000    -0.00000000     0.00000000     0.00000000    -0.00000000   
  30  -0.00000000    -0.00000000    -0.00000000    -0.00000000    -0.00000000     0.00000000   
  31  -0.00000000     0.00000000     0.00000000    -0.00000000     0.00000000    -0.00000000   
  32  -0.00000000    -0.00000000     0.00000000    -0.00000000    -0.00000000     0.00000000   
  33  -0.00000000     0.00000000    -0.00000000    -0.00000000     0.00000000     0.00000000   
  34  -0.00000000    -0.00000000     0.00000000    -0.00000000     0.00000000     0.00000000   
  35  -0.00000000     0.00000000    -0.00000000    -0.00000000     0.00000000     0.00000000   
  36   0.00000000    -0.00000000     0.00000000     0.00000000     0.00000000     0.00000000   
  37  -0.00000000    -0.00000000    -0.00000000     0.00000000    -0.00000000     0.00000000   
  38  -0.11845728    -0.00001107     0.73681976     0.00047459     0.00447304    -0.00000570   
  39  -0.00000222     0.77237604     0.00001058     0.00447631    -0.00047401     0.52021742   
  40  -0.00000002     0.00000004    -0.00000006     0.00000000    -0.00000000     0.00000014   
  41  -0.00000000     0.00000005    -0.00000001     0.00000000    -0.00000001     0.00000012   
  42  -0.00000002    -0.00000003    -0.00000007     0.00000002    -0.00000002    -0.00000001   
  43  -0.00000001     0.00000009     0.00000005     0.00000001    -0.00000002     0.00000003   
  44  -0.00000008    -0.00000008     0.00000001    -0.00000000    -0.00000000    -0.00000004   
  45  -0.00000002     0.00000004     0.00000001     0.00000000     0.00000000    -0.00000000   
  46   0.00000012     0.00000004    -0.00000011     0.00000001    -0.00000002     0.00000001   
  47  -0.00000001     0.00000001     0.00000008     0.00000001     0.00000000     0.00000000   
  48   0.00000004    -0.00000009     0.00000002    -0.00000000    -0.00000005    -0.00000006   
  49   0.00000004     0.00000006    -0.00000008    -0.00000003     0.00000001     0.00000007   
  50   0.00000010    -0.00000000     0.00000007    -0.00000001     0.00000001    -0.00000000   
  51   0.00000000    -0.00000012     0.00000002    -0.00000004     0.00000000    -0.00000002   
  52  -0.00000004     0.00000003     0.00000017    -0.00000003    -0.00000000    -0.00000001   
  53  -0.00000001    -0.00000005    -0.00000005    -0.00000003    -0.00000001    -0.00000001   
  54   0.00000002     0.00000002     0.00000004    -0.00000001    -0.00000001    -0.00000001   
  55  -0.00000001    -0.00000000    -0.00000000    -0.00000003     0.00000001    -0.00000001   
  56   0.00000000    -0.00000001    -0.00000001     0.00000000    -0.00000003    -0.00000001   
  57   0.00000002    -0.00000001    -0.00000001    -0.00000000     0.00000000     0.00000001   
  58   0.00000003    -0.00000002    -0.00000003     0.00000001    -0.00000000     0.00000001   
  59   0.00000003    -0.00000008    -0.00000004    -0.00000003    -0.00000001    -0.00000001   
  60  -0.00000008    -0.00000003    -0.00000006     0.00000001     0.00000000    -0.00000001   
           25             26             27             28             29             30       
   1   0.00000000     0.00000000     0.00000000     0.00000000    -0.00000000     0.00000000   
   2  -0.00000000     0.00000000    -0.00000000    -0.00000000    -0.00000000     0.00000000   
   3   0.00000000     0.00000000     0.00000000    -0.00000000    -0.00000000     0.00000000   
   4  -0.00000000    -0.00000000     0.00000000     0.00000000     0.00000000     0.00000000   
   5  -0.00000000    -0.00000000    -0.00000000    -0.00000000    -0.00000000    -0.00000000   
   6  -0.00000000     0.00000000    -0.00000000     0.00000000     0.00000000    -0.00000000   
   7   0.00000000    -0.00000000    -0.00000000     0.00000000     0.00000000     0.00000000   
   8  -0.00000000     0.00000000     0.00000000     0.00000000     0.00000000    -0.00000000   
   9   0.00000000     0.00000000    -0.00000000    -0.00000000     0.00000000     0.00000000   
  10  -0.00000000     0.00000000    -0.00000000    -0.00000000     0.00000000     0.00000000   
  11   0.00000000     0.00000000     0.00000000     0.00000000    -0.00000000    -0.00000000   
  12  -0.00000000    -0.00000000    -0.00000000     0.00000000    -0.00000000     0.00000000   
  13  -0.00000000    -0.00000000    -0.00000000    -0.00000000     0.00000000     0.00000000   
  14  -0.00000000     0.00000000    -0.00000000     0.00000000     0.00000000     0.00000000   
  15   0.00000000     0.00000000     0.00000000     0.00000000     0.00000000    -0.00000000   
  16   0.00000000    -0.00000000     0.00000000     0.00000000    -0.00000000    -0.00000000   
  17   0.00000000     0.00000000     0.00000000    -0.00000000     0.00000000     0.00000000   
  18  -0.00000000    -0.00000000    -0.00000000    -0.00000000     0.00000000    -0.00000000   
  19  -0.00000000    -0.00000000    -0.00000000     0.00000000    -0.00000000    -0.00000000   
  20   0.00000000    -0.00000000     0.00000000    -0.00000000    -0.00000000    -0.00000000   
  21   0.00000000    -0.00000000    -0.00000000    -0.00000000    -0.00000000    -0.00000000   
  22   0.00000000    -0.00000000    -0.00000000     0.00000000     0.00000000    -0.00000000   
  23   0.00000000    -0.00000000    -0.00000000     0.00000000     0.00000000    -0.00000000   
  24   0.00000000    -0.00000000     0.00000000     0.00000000    -0.00000000     0.00000000   
  25  -0.75309798     0.00000000    -0.00000000     0.00000000     0.00000000     0.00000000   
  26   0.00000000     0.13944790     0.00000000     0.00000000     0.00000000    -0.00000000   
  27  -0.00000000     0.00000000     0.38392092    -0.00000000    -0.00000000     0.00000000   
  28   0.00000000     0.00000000    -0.00000000     1.27615952     0.00000000     0.00000000   
  29   0.00000000     0.00000000    -0.00000000     0.00000000     1.27736966     0.00000000   
  30   0.00000000    -0.00000000     0.00000000     0.00000000     0.00000000     1.30590015   
  31  -0.00000000    -0.00000000     0.00000000    -0.00000000     0.00000000    -0.00000000   
  32   0.00000000    -0.00000000    -0.00000000     0.00000000     0.00000000     0.00000000   
  33   0.00000000     0.00000000    -0.00000000    -0.00000000    -0.00000000     0.00000000   
  34   0.00000000    -0.00000000     0.00000000    -0.00000000     0.00000000     0.00000000   
  35   0.00000000     0.00000000    -0.00000000     0.00000000    -0.00000000     0.00000000   
  36  -0.00000000     0.00000000     0.00000000    -0.00000000    -0.00000000     0.00000000   
  37  -0.00000000    -0.00000000     0.00000000    -0.00000000    -0.00000000     0.00000000   
  38   0.47829448    -0.98491329     0.00001730     0.00000205     0.01343441    -0.27488458   
  39   0.00000564    -0.00001690    -0.97787147    -0.01554371     0.00000130    -0.00000442   
  40  -0.00000014    -0.00000001     0.00000006    -0.00000004     0.00000001    -0.00000006   
  41   0.00000006     0.00000016     0.00000006    -0.00000001     0.00000002    -0.00000013   
  42  -0.00000004     0.00000009     0.00000004    -0.00000000    -0.00000001     0.00000002   
  43   0.00000003    -0.00000007    -0.00000010     0.00000002    -0.00000000    -0.00000005   
  44  -0.00000000     0.00000003     0.00000007    -0.00000013     0.00000016    -0.00000013   
  45   0.00000002    -0.00000003    -0.00000007    -0.00000014     0.00000011     0.00000000   
  46  -0.00000003     0.00000006    -0.00000006    -0.00000000     0.00000000     0.00000008   
  47   0.00000006    -0.00000012    -0.00000006     0.00000004     0.00000000    -0.00000007   
  48   0.00000004    -0.00000010     0.00000018     0.00000002    -0.00000001    -0.00000006   
  49  -0.00000007     0.00000017    -0.00000015    -0.00000001    -0.00000000     0.00000018   
  50   0.00000012    -0.00000005     0.00000006     0.00000002    -0.00000005     0.00000004   
  51  -0.00000001    -0.00000007     0.00000015    -0.00000001    -0.00000002     0.00000009   
  52   0.00000002    -0.00000015    -0.00000004    -0.00000002    -0.00000000    -0.00000011   
  53  -0.00000002     0.00000010    -0.00000013    -0.00000003    -0.00000000    -0.00000008   
  54   0.00000002    -0.00000001    -0.00000004    -0.00000001     0.00000001    -0.00000003   
  55   0.00000000     0.00000001    -0.00000002     0.00000001    -0.00000000     0.00000001   
  56  -0.00000000     0.00000001     0.00000002    -0.00000000    -0.00000000     0.00000001   
  57  -0.00000002     0.00000000     0.00000004    -0.00000004     0.00000001    -0.00000001   
  58  -0.00000003     0.00000002     0.00000005     0.00000001     0.00000003     0.00000002   
  59  -0.00000004     0.00000005     0.00000006    -0.00000005    -0.00000001     0.00000001   
  60  -0.00000001     0.00000009     0.00000001     0.00000001    -0.00000003    -0.00000004   
           31             32             33             34             35             36       
   1  -0.00000000     0.00000000     0.00000000     0.00000000     0.00000000    -0.00000000   
   2   0.00000000     0.00000000     0.00000000    -0.00000000    -0.00000000     0.00000000   
   3  -0.00000000     0.00000000     0.00000000    -0.00000000     0.00000000     0.00000000   
   4   0.00000000    -0.00000000     0.00000000     0.00000000    -0.00000000     0.00000000   
   5  -0.00000000     0.00000000     0.00000000     0.00000000     0.00000000    -0.00000000   
   6  -0.00000000     0.00000000     0.00000000     0.00000000     0.00000000     0.00000000   
   7   0.00000000     0.00000000     0.00000000    -0.00000000    -0.00000000    -0.00000000   
   8  -0.00000000     0.00000000    -0.00000000    -0.00000000     0.00000000    -0.00000000   
   9   0.00000000    -0.00000000    -0.00000000    -0.00000000    -0.00000000     0.00000000   
  10   0.00000000    -0.00000000    -0.00000000    -0.00000000    -0.00000000    -0.00000000   
  11  -0.00000000     0.00000000     0.00000000     0.00000000    -0.00000000     0.00000000   
  12  -0.00000000     0.00000000     0.00000000     0.00000000    -0.00000000     0.00000000   
  13   0.00000000     0.00000000    -0.00000000     0.00000000     0.00000000     0.00000000   
  14   0.00000000     0.00000000     0.00000000     0.00000000     0.00000000    -0.00000000   
  15  -0.00000000     0.00000000     0.00000000     0.00000000     0.00000000    -0.00000000   
  16  -0.00000000    -0.00000000    -0.00000000     0.00000000     0.00000000    -0.00000000   
  17   0.00000000     0.00000000    -0.00000000     0.00000000     0.00000000    -0.00000000   
  18  -0.00000000    -0.00000000    -0.00000000     0.00000000     0.00000000    -0.00000000   
  19  -0.00000000    -0.00000000    -0.00000000    -0.00000000    -0.00000000     0.00000000   
  20   0.00000000    -0.00000000     0.00000000    -0.00000000     0.00000000    -0.00000000   
  21   0.00000000     0.00000000    -0.00000000     0.00000000    -0.00000000     0.00000000   
  22  -0.00000000    -0.00000000    -0.00000000    -0.00000000    -0.00000000     0.00000000   
  23   0.00000000    -0.00000000     0.00000000     0.00000000     0.00000000     0.00000000   
  24  -0.00000000     0.00000000     0.00000000     0.00000000     0.00000000     0.00000000   
  25  -0.00000000     0.00000000     0.00000000     0.00000000     0.00000000    -0.00000000   
  26  -0.00000000    -0.00000000     0.00000000    -0.00000000     0.00000000     0.00000000   
  27   0.00000000    -0.00000000    -0.00000000     0.00000000    -0.00000000     0.00000000   
  28  -0.00000000     0.00000000    -0.00000000    -0.00000000     0.00000000    -0.00000000   
  29   0.00000000     0.00000000    -0.00000000     0.00000000    -0.00000000    -0.00000000   
  30  -0.00000000     0.00000000     0.00000000     0.00000000     0.00000000     0.00000000   
  31   1.43841643     0.00000000     0.00000000     0.00000000    -0.00000000     0.00000000   
  32   0.00000000     1.44032597     0.00000000    -0.00000000     0.00000000     0.00000000   
  33   0.00000000     0.00000000     1.44407473    -0.00000000     0.00000000     0.00000000   
  34   0.00000000    -0.00000000    -0.00000000     1.44642343     0.00000000    -0.00000000   
  35  -0.00000000     0.00000000     0.00000000     0.00000000     1.45716634     0.00000000   
  36   0.00000000     0.00000000     0.00000000    -0.00000000     0.00000000     1.66742000   
  37   0.00000000     0.00000000     0.00000000    -0.00000000     0.00000000    -0.00000000   
  38  -0.00000175    -0.00833916    -0.00000009    -0.01305638     0.00000154     0.00270409   
  39   0.04531804    -0.00000990    -0.04065150     0.00000326    -0.11313641     0.00079595   
  40   0.00000002    -0.00000002    -0.00000007    -0.00000004     0.00000002     0.00000000   
  41  -0.00000002     0.00000003    -0.00000001    -0.00000003     0.00000002    -0.00000000   
  42  -0.00000019     0.00000010     0.00000013     0.00000003    -0.00000011     0.00000000   
  43  -0.00000006     0.00000013     0.00000000     0.00000017    -0.00000003    -0.00000011   
  44   0.00000002    -0.00000007     0.00000005     0.00000001    -0.00000002    -0.00000003   
  45  -0.00000003    -0.00000000     0.00000004     0.00000003     0.00000019     0.00000001   
  46   0.00000008    -0.00000004     0.00000006     0.00000005     0.00000000     0.00000004   
  47   0.00000007     0.00000010     0.00000005     0.00000005     0.00000014    -0.00000016   
  48  -0.00000008     0.00000003    -0.00000012     0.00000000     0.00000020    -0.00000001   
  49   0.00000005    -0.00000002     0.00000003     0.00000010    -0.00000002    -0.00000010   
  50   0.00000006    -0.00000009     0.00000005     0.00000004    -0.00000015     0.00000000   
  51   0.00000015    -0.00000013    -0.00000007     0.00000020    -0.00000011     0.00000004   
  52   0.00000004    -0.00000017     0.00000008     0.00000011    -0.00000006    -0.00000001   
  53  -0.00000002    -0.00000014    -0.00000006     0.00000012     0.00000017     0.00000003   
  54  -0.00000002    -0.00000003     0.00000002     0.00000003     0.00000002    -0.00000000   
  55  -0.00000004    -0.00000000    -0.00000001     0.00000001     0.00000001     0.00000003   
  56   0.00000000    -0.00000002     0.00000001     0.00000000     0.00000001    -0.00000004   
  57   0.00000000    -0.00000000    -0.00000001    -0.00000001    -0.00000004     0.00000001   
  58  -0.00000002     0.00000004     0.00000005    -0.00000004     0.00000003    -0.00000001   
  59   0.00000005    -0.00000007    -0.00000013     0.00000005     0.00000000     0.00000001   
  60  -0.00000001     0.00000003     0.00000003    -0.00000005     0.00000003    -0.00000000   
           37             38             39       
   1  -0.00000000    -0.34072770    -0.00002039   
   2   0.00000000    -0.00002045     0.33461753   
   3   0.00000000     0.00743716     0.00022447   
   4  -0.00000000    -0.00022497     0.00738814   
   5  -0.00000000     0.14165357     0.00000393   
   6   0.00000000     0.00000416    -0.16976829   
   7   0.00000000    -0.00849833    -0.00000007   
   8  -0.00000000    -0.00000018     0.01150154   
   9  -0.00000000     0.23865944     0.00000613   
  10   0.00000000     0.00000534    -0.21203227   
  11  -0.00000000     0.06319832     0.00000514   
  12  -0.00000000     0.00000592    -0.08283521   
  13  -0.00000000    -0.01091523    -0.00000978   
  14  -0.00000000     0.00000410    -0.03356555   
  15  -0.00000000    -0.02929916     0.00000166   
  16  -0.00000000     0.00000598     0.04738862   
  17   0.00000000     0.04446193    -0.00000517   
  18   0.00000000    -0.00000041     0.02319262   
  19  -0.00000000    -0.11845730    -0.00000228   
  20  -0.00000000    -0.00001107     0.77237601   
  21  -0.00000000     0.73681976     0.00001054   
  22   0.00000000     0.00047460     0.00447628   
  23  -0.00000000     0.00447299    -0.00047399   
  24   0.00000000    -0.00000571     0.52021739   
  25  -0.00000000     0.47829450     0.00000566   
  26  -0.00000000    -0.98491335    -0.00001686   
  27   0.00000000     0.00001732    -0.97787140   
  28  -0.00000000     0.00000199    -0.01554367   
  29  -0.00000000     0.01343440     0.00000132   
  30   0.00000000    -0.27488463    -0.00000437   
  31   0.00000000    -0.00000175     0.04531820   
  32   0.00000000    -0.00833926    -0.00000998   
  33   0.00000000     0.00000005    -0.04065141   
  34  -0.00000000    -0.01305618     0.00000347   
  35   0.00000000     0.00000155    -0.11313640   
  36  -0.00000000     0.00270403     0.00079598   
  37   1.66742068    -0.00080798     0.00266263   
  38  -0.00080798     0.98942496     0.00000000   
  39   0.00266269     0.00000000     0.98987806   
  40  -0.00000000    -0.00000004    -0.00000004   
  41   0.00000001    -0.00000004     0.00000004   
  42   0.00000012    -0.00000012    -0.00000008   
  43   0.00000007     0.00000005     0.00000011   
  44  -0.00000000     0.00000010     0.00000003   
  45   0.00000001     0.00000007     0.00000004   
  46  -0.00000023    -0.00000007     0.00000016   
  47   0.00000017     0.00000008    -0.00000018   
  48  -0.00000010     0.00000010    -0.00000010   
  49   0.00000006    -0.00000014     0.00000001   
  50  -0.00000003     0.00000003    -0.00000005   
  51  -0.00000002     0.00000006    -0.00000015   
  52  -0.00000002     0.00000005     0.00000002   
  53  -0.00000003    -0.00000003    -0.00000008   
  54  -0.00000000     0.00000000     0.00000003   
  55  -0.00000007    -0.00000000    -0.00000004   
  56   0.00000006    -0.00000004    -0.00000002   
  57  -0.00000001    -0.00000003    -0.00000003   
  58   0.00000000    -0.00000006     0.00000000   
  59  -0.00000003     0.00000001    -0.00000008   
  60   0.00000000    -0.00000008    -0.00000002   

[[ 0.996975 -0.000067  0.001495 ... -0.000902 -0.       -0.000862]
 [ 0.000067  0.998513 -0.000021 ... -0.        0.001288 -0.      ]
 [ 0.001163 -0.000067 -0.996332 ... -0.000017 -0.000003 -0.00002 ]
 ...
 [ 0.000857  0.       -0.000022 ... -0.995152 -0.        0.061065]
 [ 0.       -0.001032 -0.000001 ...  0.       -0.996952 -0.      ]
 [-0.00059  -0.        0.000011 ...  0.060848 -0.        0.995699]]
 Saved MO coefficients to FCIDUMP/FCIDUMP_TTMmTTM_gwh_mo_coeff.npy

************************************************
 Testing 'core' initial guess method
************************************************

  Initializing L-BFGS optimisation...
    > Num. MOs       =     60
    > Num. params    =    893
    > Max subspace   =     20
    > Max step size   =  0.500
    > Backtracking   =  0.100
    > Parallel tr.   = True
    > Pseudo-canon.  = True
    > Canon interval = 10
    > Hybrid prec.   = True
  ================================================================
           Energy / Eh     Step Len    Max(|G_i|)
  ================================================================
     0   462.6777409533                 1.39e+01
     1   432.9679702170    5.00e-01     1.32e+01    rescaled  
     2   411.2326762228    5.00e-01     9.79e+00    rescaled  
     3   386.2461306000    5.00e-01     8.93e+00    rescaled  
     4   375.5996923121    5.00e-01     9.75e+00    rescaled  
     5   369.0272618355    5.00e-01     1.05e+01    rescaled  
     6   360.7554785310    5.00e-01     1.01e+01    rescaled  
     7   356.4060939496    5.00e-01     9.06e+00    rescaled  
     8   348.0390046308    5.00e-01     7.13e+00    rescaled  
     9   344.2740268786    5.00e-01     8.82e+00    rescaled  
    10   340.3669903256    5.00e-01     7.97e+00    rescaled  
  Step has positive overlap with gradient - reversing direction
    11   336.3752638201    5.00e-01     5.92e+00    reset L-BFGS
    12   320.7776863695    5.00e-01     4.89e+00    rescaled  
    13   310.9192332671    5.00e-01     4.89e+00    rescaled  
    14   307.0088358433    5.00e-01     4.45e+00    rescaled  
    15   307.0088358433    5.00e-01     4.45e+00    understep 
  Step has positive overlap with gradient - reversing direction
    16   304.0578182611    5.00e-01     4.27e+00    reset L-BFGS
    17   300.3272088577    5.00e-01     5.27e+00    rescaled  
  Step has positive overlap with gradient - reversing direction
    18   298.2086881648    5.00e-01     5.97e+00    reset L-BFGS
    19   285.2941072880    5.00e-01     4.96e+00    rescaled  
    20   277.3508359016    5.00e-01     5.31e+00    rescaled  
    21   273.1600463555    5.00e-01     6.35e+00    rescaled  
  Step has positive overlap with gradient - reversing direction
    22   270.3054717930    5.00e-01     5.29e+00    reset L-BFGS
    23   267.2969858356    5.00e-01     4.48e+00    rescaled  
    24   263.7634242757    5.00e-01     4.29e+00    rescaled  
    25   254.5583979064    5.00e-01     4.47e+00    rescaled  
    26   248.6887132780    5.00e-01     4.04e+00    rescaled  
    27   241.5138386877    5.00e-01     2.79e+00    rescaled  
    28   238.2731288455    5.00e-01     1.83e+00    rescaled  
    29   237.2607250599    3.38e-01     1.95e+00              
    30   236.7768467140    3.00e-01     1.58e+00              
    31   236.3310201528    1.52e-01     5.62e-01              
    32   236.2849047274    4.60e-02     2.72e-01              
    33   236.2488685156    2.33e-02     8.54e-02              
    34   236.2450357627    9.81e-03     5.29e-02              
    35   236.2431379124    3.33e-03     2.59e-02              
    36   236.2425112517    2.17e-03     1.25e-02              
    37   236.2424119260    1.26e-03     3.20e-03              
    38   236.2424008590    4.66e-04     8.41e-04              
    39   236.2424004014    1.29e-04     6.57e-04              
    40   236.2424002133    5.66e-05     8.03e-05              
    41   236.2424002087    7.22e-06     2.83e-05              
    42   236.2424002081    2.82e-06     6.85e-06              
    43   236.2424002080    8.99e-07     1.50e-06              
    44   236.2424002080    1.55e-07     9.20e-07              
  ================================================================
  L-BFGS converged in     44 iterations (  1.92 seconds)

  Initializing Davidson diagonalisation...
    > Max iterations =   1000
    > Target states  =      5
    > Convergence    =  1.000e-04
    > Basis per root =      4
    > Max basis size =     20
  Davidson diagonalisation converged in     33 iterations (  5.24 seconds)

   --------------------------
    Converged eigenvalues:   
   --------------------------
       0        6.16160260   
       1        6.17452692   
       2        6.69656137   
       3        6.70451534   
       4        6.91724712   
   --------------------------

 ---------------------------------------------
         Total Energy =   236.24240021 Eh
              Nuclear =  5282.58266063 Eh
         One Electron = -9982.71124887 Eh
              Coulomb =  5219.46258398 Eh
        ROHF Exchange =  -283.09159553 Eh
 ---------------------------------------------
           <Sz> =  1.00
           <S2> =  2.00
  Spin Coupling = ++

 -----------------------------------------------------------------------------------------------
  Open-Shell Exchange Matrix <Ψ|Êpq Êqp|Ψ> - Np
 -----------------------------------------------------------------------------------------------
           1              2        
   1   0.00000000    -1.00000000   
   2  -1.00000000     0.00000000   

 -----------------------------------------------------------------------------------------------
  Open-Shell Exchange Integrals <pq|qp>
 -----------------------------------------------------------------------------------------------
           1              2        
   1   3.48625149     2.73314177   
   2   2.73314177     3.48266747   

 -----------------------------------------------------------------------------------------------
  Occupied Orbital Coefficients
 -----------------------------------------------------------------------------------------------
           1              2              3              4              5              6        
   1  -0.99697471     0.00007904     0.00149491    -0.00003562    -0.06971802     0.00000441   
   2  -0.00007885    -0.99851337    -0.00001633    -0.00069915    -0.00000714    -0.04281419   
   3  -0.00116336     0.00006706    -0.99575878    -0.09166695    -0.00430342     0.00024915   
   4   0.00013520     0.00057920     0.09166590    -0.99576629     0.00049937     0.00214417   
   5   0.06904483     0.00000150     0.00422259    -0.00010018    -0.99730186     0.00000255   
   6  -0.00000082     0.04211393    -0.00005051    -0.00211479    -0.00000255    -0.99882762   
   7   0.00908284    -0.00000037    -0.00072008     0.00001713    -0.01033408     0.00000072   
   8  -0.00000045    -0.00807615    -0.00001921    -0.00081076     0.00000074     0.01006114   
   9  -0.00184893     0.00000023    -0.00101454     0.00002399     0.00090165     0.00000005   
  10   0.00000014     0.00227119    -0.00002697    -0.00113648    -0.00000023    -0.00004375   
  11   0.00380303    -0.00000189     0.00191927    -0.00004469     0.00363818    -0.00000181   
  12  -0.00000202    -0.00374580     0.00004394     0.00189079    -0.00000197    -0.00326415   
  13  -0.00120328     0.00000206    -0.00532673     0.00011577     0.00266385    -0.00000571   
  14   0.00000249     0.00100875    -0.00011523    -0.00530459    -0.00000555    -0.00275458   
  15  -0.00283083     0.00004215     0.00245892    -0.00002220    -0.00062609     0.00000828   
  16   0.00004200     0.00283633     0.00002159     0.00244519     0.00000936     0.00056027   
  17   0.00484228     0.00000013     0.00015189    -0.00000360    -0.01110252    -0.00000005   
  18   0.00000008    -0.00251001     0.00000184     0.00007691    -0.00000004     0.00709343   
  19   0.00062177     0.00000002    -0.00001157     0.00000027     0.00387257     0.00000003   
  20   0.00000045    -0.01241772     0.00000735     0.00030767    -0.00000009     0.00722220   
  21  -0.01232296    -0.00000044    -0.00030951     0.00000735     0.00652675     0.00000009   
  22  -0.00001157     0.00009370     0.00005218     0.00035807     0.00000261    -0.00002296   
  23  -0.00009513    -0.00001138     0.00035807    -0.00005218     0.00002147     0.00000279   
  24  -0.00000031     0.00774293    -0.00000367    -0.00015359     0.00000004    -0.00263176   
  25   0.00836908     0.00000031     0.00017401    -0.00000413    -0.00282884    -0.00000004   
  26  -0.01121969    -0.00000036    -0.00024295     0.00000577     0.00571539     0.00000005   
  27   0.00000036    -0.01124208     0.00000608     0.00025463    -0.00000007     0.00744085   
  28   0.00000002     0.00010858     0.00000049     0.00002060    -0.00000002    -0.00015408   
  29  -0.00011109     0.00000001    -0.00002664     0.00000064     0.00009441    -0.00000002   
  30  -0.00206590    -0.00000006    -0.00004653     0.00000111     0.00208672     0.00000002   
  31  -0.00000007    -0.00032734    -0.00000424    -0.00017643     0.00000013    -0.00006501   
  32   0.00039021    -0.00000003     0.00030561    -0.00000730    -0.00065482    -0.00000001   
  33   0.00000002    -0.00021612     0.00000622     0.00026121    -0.00000003    -0.00004481   
  34   0.00087976     0.00000003    -0.00008711     0.00000207    -0.00154014    -0.00000001   
  35  -0.00000002     0.00060295    -0.00000046    -0.00001921     0.00000002    -0.00189880   
  36  -0.00000094     0.00003383     0.00004171     0.00081096     0.00000037    -0.00001485   
  37  -0.00003378    -0.00000093     0.00081112    -0.00004171     0.00001350     0.00000041   
  38   0.00000198    -0.02705614     0.00001426     0.00059620    -0.00000061     0.01444615   
  39  -0.02762230    -0.00000196    -0.00060362     0.00001436     0.01210737     0.00000068   
  40  -0.00000009     0.00244055    -0.00000134    -0.00005590     0.00000002    -0.00205091   
  41   0.00189250     0.00000005     0.00004689    -0.00000111    -0.00155659    -0.00000001   
  42   0.00005747    -0.00000001    -0.00076364     0.00001809     0.00001295     0.00000000   
  43  -0.00000000    -0.00005222    -0.00001810    -0.00076437     0.00000000     0.00000909   
  44   0.00038925     0.00000001     0.00003920    -0.00000093     0.00053568     0.00000000   
  45  -0.00000000     0.00004011     0.00000204     0.00008582     0.00000000    -0.00001313   
  46  -0.00005607    -0.00000000     0.00008475    -0.00000202     0.00000398     0.00000000   
  47   0.00000010    -0.00004165    -0.00000089    -0.00003580     0.00000013    -0.00010308   
  48  -0.00009174    -0.00000005     0.00003578    -0.00000089    -0.00012105    -0.00000011   
  49  -0.00000002    -0.00004224     0.00000060     0.00002533    -0.00000002    -0.00007296   
  50  -0.00007687     0.00000001    -0.00002438     0.00000057    -0.00009062     0.00000002   
  51   0.00000007    -0.00202368     0.00000107     0.00004491    -0.00000000     0.00030264   
  52   0.00424513     0.00000014     0.00008718    -0.00000207    -0.00173664    -0.00000001   
  53  -0.00000011     0.00361976    -0.00000179    -0.00007490     0.00000002    -0.00205124   
  54  -0.00058569    -0.00000002    -0.00001049     0.00000025     0.00015909     0.00000000   
  55  -0.00000000     0.00009871    -0.00000018    -0.00000736     0.00000000    -0.00033571   
  56   0.00001372     0.00000000     0.00000461    -0.00000011    -0.00000924    -0.00000001   
  57   0.00000000    -0.00005467    -0.00000001    -0.00000056    -0.00000000     0.00020719   
  58  -0.00085707    -0.00000002    -0.00002198     0.00000052     0.00048994     0.00000000   
  59  -0.00000003     0.00103237    -0.00000057    -0.00002376     0.00000000    -0.00032426   
  60   0.00059021     0.00000002     0.00001132    -0.00000027     0.00006687    -0.00000000   
           7              8              9              10             11             12       
   1   0.00066169     0.00000001     0.00675324    -0.00000052    -0.00590012    -0.00000040   
   2   0.00000007    -0.00016801     0.00000069     0.00469553    -0.00000046     0.00607826   
   3  -0.00037673     0.00004440    -0.00116662     0.00020815    -0.00412802    -0.00041238   
   4   0.00004375     0.00038233     0.00013551     0.00179297     0.00047919    -0.00355236   
   5  -0.00230432     0.00000001    -0.01365264     0.00000006     0.00372133    -0.00000023   
   6  -0.00000006    -0.00034684    -0.00000006    -0.01008038     0.00000001    -0.00182822   
   7   0.00762734     0.00000531     0.91896627    -0.00006900    -0.12444389    -0.00002260   
   8   0.00000064     0.07898516    -0.00006719    -0.93501595     0.00000005    -0.33130581   
   9  -0.94172031     0.00012940     0.09916603    -0.00001078     0.29433073     0.00004968   
  10   0.00014142     0.89351238    -0.00000857    -0.08404121    -0.00000865     0.43833715   
  11  -0.30725047     0.00025522    -0.23355024     0.00018089    -0.78952730    -0.00038905   
  12   0.00017426     0.42749253     0.00012895     0.33492267     0.00040953    -0.76978466   
  13   0.12088962    -0.00022214     0.00323315    -0.00014081     0.39485786     0.00059897   
  14  -0.00025064    -0.10475978    -0.00000733    -0.06817739    -0.00080524     0.29307737   
  15  -0.03783194     0.00060781     0.03124504    -0.00049005    -0.11780162    -0.00207388   
  16   0.00056332     0.04079811    -0.00046468    -0.03288870     0.00174786    -0.13959458   
  17   0.05141633    -0.00000117     0.29846330    -0.00000007    -0.32343893     0.00001967   
  18  -0.00000000    -0.00014119    -0.00000003     0.00057474     0.00000002     0.00005998   
  19   0.00023101     0.00000000    -0.00153813    -0.00000001    -0.00054025     0.00000003   
  20  -0.00000002    -0.00071111    -0.00000016     0.01314544     0.00000006     0.00301241   
  21   0.00043361    -0.00000001     0.01388763     0.00000012    -0.00184427     0.00000014   
  22  -0.00002558     0.00022527     0.00007799    -0.00082472     0.00015752     0.00101046   
  23  -0.00021058    -0.00002737     0.00064194     0.00010020     0.00129612    -0.00012281   
  24   0.00000001     0.00040470     0.00000011    -0.00692972    -0.00000009    -0.00294676   
  25  -0.00000309     0.00000001    -0.00747601    -0.00000007     0.00169629    -0.00000011   
  26   0.00053652    -0.00000001     0.01047491     0.00000005    -0.00306221     0.00000017   
  27  -0.00000001    -0.00050647    -0.00000006     0.00881547     0.00000008     0.00347140   
  28   0.00000029    -0.00210468    -0.00000004    -0.00007479     0.00000002    -0.00006059   
  29  -0.00208226    -0.00000029     0.00022849    -0.00000001    -0.00009798    -0.00000000   
  30   0.00023902    -0.00000001     0.00162124     0.00000001    -0.00046832     0.00000003   
  31   0.00000001    -0.00005260     0.00000006     0.00051127     0.00000004    -0.00012974   
  32  -0.00008408    -0.00000001    -0.00038823     0.00000007    -0.00046820    -0.00000001   
  33  -0.00000000    -0.00000099    -0.00000000     0.00099020    -0.00000003    -0.00118258   
  34  -0.00010524     0.00000000     0.00012174     0.00000000     0.00168999    -0.00000006   
  35   0.00000000     0.00008101     0.00000000     0.00060657    -0.00000002    -0.00035593   
  36  -0.00002045     0.00075518     0.00000928    -0.00031272    -0.00001037    -0.00060179   
  37  -0.00074168    -0.00002082     0.00033588     0.00000862    -0.00037520     0.00001661   
  38  -0.00000005    -0.00102214    -0.00000100     0.01856604     0.00000043     0.00745497   
  39   0.00080521    -0.00000006     0.02118981     0.00000084    -0.00592628     0.00000062   
  40   0.00000000     0.00010305     0.00000001    -0.00104051    -0.00000002    -0.00067170   
  41  -0.00004083     0.00000000    -0.00095639    -0.00000000     0.00052174    -0.00000002   
  42   0.00015404    -0.00000002    -0.00001596     0.00000000     0.00030148     0.00000003   
  43  -0.00000002    -0.00015669    -0.00000000    -0.00002466    -0.00000003     0.00032648   
  44   0.00001265    -0.00000000    -0.00030838     0.00000000    -0.00014058     0.00000001   
  45  -0.00000001    -0.00031493    -0.00000000    -0.00001305    -0.00000000    -0.00005753   
  46   0.00031462    -0.00000000     0.00000250    -0.00000000    -0.00003872     0.00000000   
  47   0.00000002    -0.00001614    -0.00000008     0.00006121    -0.00000005    -0.00009497   
  48  -0.00001736    -0.00000001     0.00007819     0.00000007     0.00004894    -0.00000011   
  49   0.00000001     0.00002525     0.00000006     0.00029138     0.00000009    -0.00036381   
  50   0.00002704    -0.00000001     0.00024312    -0.00000007     0.00043570     0.00000007   
  51  -0.00000000    -0.00005943    -0.00000001     0.00124247     0.00000000     0.00033797   
  52  -0.00008339    -0.00000000    -0.00247414    -0.00000001     0.00070075    -0.00000004   
  53   0.00000000     0.00012715     0.00000001    -0.00176588    -0.00000002    -0.00072489   
  54  -0.00002780     0.00000000     0.00024742     0.00000000    -0.00002219    -0.00000000   
  55   0.00000000    -0.00000366    -0.00000000     0.00006492     0.00000000     0.00007011   
  56  -0.00000442    -0.00000000     0.00001949     0.00000000    -0.00000467     0.00000000   
  57   0.00000000    -0.00000295    -0.00000000    -0.00000742     0.00000000    -0.00001165   
  58   0.00001483     0.00000000     0.00036917     0.00000000    -0.00006370     0.00000000   
  59   0.00000000     0.00003491     0.00000000    -0.00045409     0.00000000    -0.00011070   
  60   0.00001118    -0.00000000    -0.00028142    -0.00000000     0.00001144     0.00000000   
           13             14             15             16             17             18       
   1  -0.00267788    -0.00000028     0.00119909     0.00000046     0.00299707    -0.00000024   
   2   0.00000017    -0.00218891     0.00000009    -0.00335117     0.00000039     0.00214838   
   3   0.00389454    -0.00055424    -0.00227819    -0.00006216    -0.00047462    -0.00000714   
   4  -0.00045121    -0.00477996     0.00026466    -0.00053539     0.00005515    -0.00006146   
   5  -0.00430263    -0.00000103    -0.00556874    -0.00000000     0.00042884     0.00000006   
   6   0.00000057    -0.00283304     0.00000005     0.00103608     0.00000001    -0.00714206   
   7  -0.21325044    -0.00004377    -0.29221438     0.00000799     0.09017966    -0.00000004   
   8   0.00000098     0.07079523     0.00002432     0.06211450    -0.00000833    -0.00043426   
   9   0.05702828     0.00000758     0.11435577    -0.00000199    -0.01891708    -0.00000003   
  10   0.00000910    -0.04864147    -0.00001617    -0.00742506     0.00000246    -0.00016568   
  11  -0.47351554     0.00008806    -0.05761575     0.00000630     0.01077902     0.00000008   
  12   0.00018954     0.33516961     0.00003377     0.01126656    -0.00000650     0.00013734   
  13  -0.78398346     0.00168221     0.31034180    -0.00070629    -0.34412795     0.00000031   
  14   0.00144323     0.88612416    -0.00066376    -0.33640651     0.00072918     0.00014602   
  15   0.22083545    -0.00453883    -0.29776644    -0.01400183    -0.91980388    -0.00000096   
  16  -0.00322370    -0.30818216     0.00443463    -0.93944034     0.01370832    -0.00006480   
  17   0.25216872     0.00006970     0.84448450    -0.00000757    -0.16341117    -0.00000006   
  18  -0.00000006     0.00019223    -0.00000006    -0.00003639     0.00000001    -0.99992939   
  19   0.00049238     0.00000015     0.00295094    -0.00000004    -0.00083414    -0.00000010   
  20  -0.00000077     0.00352556    -0.00000012    -0.00176863    -0.00000001    -0.00065589   
  21   0.00236151     0.00000053    -0.00183879     0.00000007     0.00147787    -0.00000000   
  22  -0.00021431     0.00202646     0.00009428    -0.00048489    -0.00006150     0.00000304   
  23  -0.00176032    -0.00024658     0.00077641     0.00005889    -0.00050631    -0.00000037   
  24   0.00000021    -0.00096189     0.00000006     0.00169721    -0.00000001     0.00598932   
  25   0.00017705     0.00000005     0.00234781    -0.00000006    -0.00183546     0.00000004   
  26   0.00080265     0.00000020    -0.00025290     0.00000007     0.00172087    -0.00000000   
  27  -0.00000029     0.00137457    -0.00000007    -0.00202096     0.00000002     0.00440401   
  28   0.00000000    -0.00004451    -0.00000004     0.00001955     0.00000000    -0.00028794   
  29   0.00004558     0.00000001     0.00025058     0.00000000    -0.00002257    -0.00000005   
  30   0.00060104     0.00000013     0.00066636    -0.00000000    -0.00005564     0.00000001   
  31  -0.00000053     0.00158913     0.00000013     0.00033451     0.00000000     0.00017127   
  32   0.00135851     0.00000050    -0.00099546     0.00000005    -0.00007106     0.00000002   
  33   0.00000013    -0.00061830     0.00000001     0.00036266    -0.00000002     0.00016723   
  34   0.00024472     0.00000006    -0.00077517    -0.00000001    -0.00051349    -0.00000001   
  35  -0.00000009     0.00043521     0.00000001     0.00023419    -0.00000001    -0.00441928   
  36  -0.00002614     0.00078491    -0.00000572    -0.00192875    -0.00005253    -0.00003734   
  37  -0.00094186    -0.00002186    -0.00020689     0.00005316    -0.00190641     0.00000103   
  38  -0.00000065     0.00283046    -0.00000009    -0.00425368    -0.00000012     0.00272335   
  39   0.00096681     0.00000035    -0.00209834    -0.00000002     0.00392589     0.00000011   
  40   0.00000000    -0.00000800     0.00000001     0.00038111    -0.00000001     0.00042816   
  41   0.00005622     0.00000001    -0.00014870    -0.00000001    -0.00023693    -0.00000000   
  42  -0.00003058     0.00000001     0.00019914     0.00000007     0.00043949     0.00000000   
  43  -0.00000002     0.00011711    -0.00000002     0.00045077    -0.00000007    -0.00000113   
  44  -0.00002867     0.00000000     0.00034484    -0.00000000    -0.00008018     0.00000001   
  45   0.00000001    -0.00004562     0.00000000    -0.00003635     0.00000000    -0.00003192   
  46   0.00001675     0.00000000    -0.00007538     0.00000000    -0.00002777     0.00000000   
  47  -0.00000065     0.00052499     0.00000025     0.00004703     0.00000002    -0.00003362   
  48   0.00050078     0.00000066    -0.00023313     0.00000005    -0.00001883    -0.00000004   
  49   0.00000001    -0.00019402     0.00000001     0.00022914    -0.00000006    -0.00002696   
  50  -0.00012659     0.00000002     0.00002482    -0.00000006    -0.00022036     0.00000001   
  51  -0.00000006     0.00029701    -0.00000000    -0.00020261    -0.00000000     0.00058235   
  52  -0.00018195    -0.00000004     0.00013116    -0.00000002    -0.00041690    -0.00000001   
  53   0.00000006    -0.00027190     0.00000002     0.00041457    -0.00000000     0.00131167   
  54  -0.00006399    -0.00000002    -0.00024661     0.00000000     0.00010794     0.00000000   
  55   0.00000002    -0.00006884     0.00000000     0.00004608     0.00000000    -0.00023330   
  56  -0.00009991    -0.00000002    -0.00000648    -0.00000000    -0.00014126    -0.00000001   
  57   0.00000002    -0.00006368     0.00000000     0.00014037    -0.00000000     0.00015385   
  58   0.00011114     0.00000002     0.00004630     0.00000000     0.00000490     0.00000000   
  59   0.00000003    -0.00012659     0.00000001     0.00006338    -0.00000000     0.00045628   
  60  -0.00000538     0.00000000     0.00017278    -0.00000000    -0.00006833     0.00000000   
           19             20             21             22             23             24       
   1  -0.00027857    -0.00000083    -0.00728088    -0.00000629    -0.00007398     0.00000049   
   2  -0.00000003     0.00742187    -0.00000081     0.00007322    -0.00000621    -0.00422411   
   3  -0.00002061    -0.00002297    -0.00019675     0.00007515     0.00037027     0.00000919   
   4   0.00000239    -0.00019767     0.00002284     0.00037028    -0.00007515     0.00007905   
   5   0.00447983     0.00000006     0.00487198     0.00000139     0.00001629    -0.00000001   
   6   0.00000005    -0.00503813     0.00000005    -0.00001520     0.00000129     0.00075075   
   7   0.00131276    -0.00000073    -0.00918788    -0.00004398    -0.00051789     0.00000042   
   8  -0.00000010    -0.00923614     0.00000074    -0.00055655     0.00004726     0.00493207   
   9   0.00014258    -0.00000011    -0.00045466    -0.00005491    -0.00064622    -0.00000002   
  10  -0.00000002    -0.00071737    -0.00000000    -0.00062333     0.00005296    -0.00015777   
  11  -0.00016885     0.00000156     0.00276584     0.00002792     0.00032743    -0.00000015   
  12   0.00000009     0.00275899    -0.00000151     0.00028598    -0.00002445    -0.00021904   
  13  -0.00035420     0.00000582     0.00262921    -0.00020000    -0.00230043    -0.00000259   
  14   0.00000074     0.00279585    -0.00000549    -0.00230435     0.00020033    -0.00124282   
  15   0.00002022    -0.00000885    -0.00062554     0.00002729     0.00027423    -0.00000547   
  16  -0.00000031    -0.00059843     0.00000936     0.00026900    -0.00002695    -0.00036602   
  17  -0.00271329    -0.00000002    -0.00228642    -0.00000438    -0.00005163     0.00000002   
  18  -0.00000010     0.00087741     0.00000000     0.00000282    -0.00000024    -0.00690512   
  19   0.99874179    -0.00000018    -0.03844455    -0.00001297    -0.00015271     0.00000016   
  20  -0.00000035    -0.98610651    -0.00000359    -0.00100493     0.00008507     0.06191976   
  21   0.04283343    -0.00000361     0.98606845     0.00008579     0.00100909    -0.00000006   
  22   0.00001702    -0.00120565    -0.00014642     0.99933079     0.03625438    -0.00075163   
  23   0.00013994     0.00014627    -0.00120352    -0.03625436     0.99933086     0.00009125   
  24   0.00000018    -0.08665288    -0.00000055    -0.00100505     0.00008516    -0.98051569   
  25  -0.01677666    -0.00000041     0.08324122     0.00007013     0.00082565    -0.00000134   
  26   0.01032898    -0.00000004    -0.08846728    -0.00006610    -0.00077808     0.00000110   
  27  -0.00000000     0.08849430    -0.00000004     0.00068587    -0.00005810    -0.16696329   
  28   0.00000001    -0.00059984     0.00000014     0.00030139    -0.00002552     0.00048124   
  29   0.00003149    -0.00000009    -0.00067773    -0.00002624    -0.00030987     0.00000007   
  30  -0.00371825     0.00000000    -0.01125286    -0.00002008    -0.00023625     0.00000009   
  31  -0.00000019    -0.00170802    -0.00000079     0.00192193    -0.00016266    -0.00053942   
  32   0.00097028    -0.00000024     0.00414613    -0.00024748    -0.00292029    -0.00000010   
  33   0.00000004    -0.00113531     0.00000015    -0.00246943     0.00020953    -0.00030506   
  34   0.00222103    -0.00000000     0.00959218     0.00009373     0.00110408    -0.00000005   
  35  -0.00000001    -0.00598437    -0.00000000    -0.00009549     0.00000809     0.00694126   
  36  -0.00000053    -0.00014745    -0.00000410     0.00185223    -0.00010580     0.00013425   
  37  -0.00001920     0.00000406    -0.00014823     0.00010582     0.00185246    -0.00000369   
  38  -0.00000063     0.10825611     0.00000411     0.00064490    -0.00005460    -0.08116799   
  39   0.01491301     0.00000427    -0.10380425    -0.00005462    -0.00064326    -0.00000280   
  40   0.00000003    -0.01052916    -0.00000001    -0.00006332     0.00000537     0.00815274   
  41  -0.00209447     0.00000003     0.00735761     0.00000428     0.00005034    -0.00000006   
  42   0.00002472     0.00000003     0.00013092    -0.00004625    -0.00054430    -0.00000002   
  43   0.00000000     0.00012446    -0.00000001    -0.00054502     0.00004631    -0.00007567   
  44   0.00114680     0.00000001     0.00106764     0.00000263     0.00003097    -0.00000002   
  45   0.00000000    -0.00009431     0.00000000     0.00015168    -0.00001287     0.00002244   
  46  -0.00005170    -0.00000000    -0.00014362     0.00001289     0.00015192    -0.00000000   
  47   0.00000010    -0.00048247    -0.00000031     0.00030067    -0.00002516     0.00024569   
  48  -0.00008856    -0.00000052     0.00028507    -0.00002658    -0.00031712     0.00000026   
  49  -0.00000001    -0.00029911     0.00000005    -0.00038904     0.00003310     0.00014142   
  50  -0.00004683     0.00000007     0.00019976     0.00003199     0.00037595    -0.00000003   
  51  -0.00000001     0.00648640    -0.00000000     0.00003928    -0.00000333    -0.00352874   
  52  -0.00357212     0.00000001     0.01325663     0.00000616     0.00007247    -0.00000005   
  53   0.00000001    -0.01218427     0.00000001    -0.00006340     0.00000537     0.00811235   
  54   0.00109480    -0.00000001    -0.00179773    -0.00000063    -0.00000746     0.00000001   
  55   0.00000000     0.00012698    -0.00000000    -0.00031008     0.00002628     0.00059048   
  56  -0.00001680     0.00000001     0.00003298     0.00004901     0.00057793     0.00000002   
  57   0.00000000    -0.00010650     0.00000000    -0.00048764     0.00004136    -0.00035468   
  58   0.00077032    -0.00000001    -0.00178650    -0.00000017    -0.00000196     0.00000002   
  59   0.00000000    -0.00284340     0.00000002    -0.00001010     0.00000085     0.00175827   
  60  -0.00044616     0.00000001     0.00178097     0.00000069     0.00000806    -0.00000000   
           25             26             27             28             29             30       
   1  -0.00397110     0.00815607     0.00000088    -0.00000001    -0.00009794     0.00204142   
   2  -0.00000046     0.00000090    -0.00790187     0.00011770    -0.00000001     0.00000023   
   3  -0.00008292     0.00017473     0.00002082     0.00000493    -0.00004849     0.00005598   
   4   0.00000962    -0.00002028     0.00017920     0.00004249     0.00000563    -0.00000650   
   5   0.00103585    -0.00483927    -0.00000007    -0.00000001     0.00010694    -0.00286641   
   6   0.00000001    -0.00000005     0.00587632    -0.00019689     0.00000000    -0.00000003   
   7  -0.00445315     0.00848885     0.00000060     0.00000001    -0.00011792     0.00126744   
   8   0.00000038    -0.00000068     0.00763073     0.00006024     0.00000001    -0.00000010   
   9  -0.00009886    -0.00019583    -0.00000000     0.00000026    -0.00197541    -0.00028724   
  10   0.00000000     0.00000005    -0.00010586     0.00189753     0.00000028     0.00000003   
  11   0.00015558    -0.00071271    -0.00000038     0.00000051    -0.00061360     0.00026346   
  12  -0.00000007     0.00000037    -0.00062261     0.00085767     0.00000034    -0.00000015   
  13   0.00105792    -0.00208418    -0.00000407    -0.00000033     0.00023329    -0.00023703   
  14  -0.00000222     0.00000436    -0.00195772    -0.00015596    -0.00000048     0.00000050   
  15   0.00027766    -0.00041943    -0.00000651     0.00000065    -0.00000412    -0.00032952   
  16  -0.00000411     0.00000620    -0.00043483     0.00004371     0.00000006     0.00000490   
  17   0.00083036     0.00270355    -0.00000000     0.00000001    -0.00022244     0.00178041   
  18  -0.00000004     0.00000001     0.00254198    -0.00034299    -0.00000001    -0.00000002   
  19  -0.01502530     0.01463894     0.00000002    -0.00000002    -0.00009279    -0.00299020   
  20   0.00000002     0.00000038     0.07927791    -0.00102027    -0.00000001     0.00000008   
  21   0.05203484    -0.08234729     0.00000035    -0.00000007     0.00091080    -0.01955679   
  22   0.00006219    -0.00008528    -0.00060763    -0.00028470     0.00003577    -0.00001306   
  23   0.00051150    -0.00070141     0.00007375     0.00003459     0.00029444    -0.00010736   
  24   0.00000119    -0.00000130    -0.14444893     0.00130979     0.00000002    -0.00000018   
  25  -0.96845642     0.20651452    -0.00000100     0.00000012    -0.00152804     0.03258479   
  26  -0.23008679    -0.95451597     0.00000044    -0.00000029     0.00362908    -0.07867157   
  27  -0.00000081     0.00000046     0.96804133    -0.00620994    -0.00000007    -0.00000010   
  28   0.00000017    -0.00000086     0.00618014     0.99956849    -0.00014571    -0.00000109   
  29  -0.00087325     0.00421183     0.00000097     0.00014572     0.99957959     0.00116971   
  30  -0.01542542     0.07756203    -0.00000006    -0.00000034    -0.00544606    -0.85369853   
  31  -0.00000080     0.00000414    -0.00460721    -0.00554457     0.00000286    -0.00004368   
  32   0.00394962    -0.02068506    -0.00000065    -0.00000025    -0.01874312     0.21814688   
  33   0.00000017    -0.00000084    -0.00338717     0.01558903     0.00000017     0.00000807   
  34   0.00941401    -0.04698126     0.00000003     0.00000058    -0.00274128     0.46182869   
  35   0.00000002     0.00000011     0.06228072     0.01047593     0.00000008     0.00000098   
  36  -0.00000434     0.00001405     0.00074080     0.02044527    -0.00056434    -0.00002468   
  37  -0.00015704     0.00050736    -0.00002036    -0.00056376    -0.02046283    -0.00089430   
  38   0.00000271    -0.00000699    -0.17673410     0.00298290     0.00000012    -0.00000199   
  39  -0.07570597     0.17342931    -0.00000716     0.00000031    -0.00248439     0.05131434   
  40   0.00000007     0.00000006     0.01329161    -0.00025160    -0.00000001    -0.00000001   
  41   0.00590485    -0.00947368     0.00000000    -0.00000001     0.00019555    -0.00296071   
  42   0.00006711    -0.00015122    -0.00000003    -0.00000011     0.00085382     0.00009125   
  43  -0.00000001     0.00000001    -0.00013456    -0.00084742    -0.00000011    -0.00000001   
  44   0.00022147    -0.00157937    -0.00000000     0.00000001     0.00011920     0.00144899   
  45   0.00000000    -0.00000000     0.00012384    -0.00228989    -0.00000000     0.00000001   
  46  -0.00004302     0.00020336    -0.00000001    -0.00000004     0.00228888     0.00002541   
  47  -0.00000016     0.00000017     0.00030811     0.00005383    -0.00000002    -0.00000039   
  48   0.00014534    -0.00015532     0.00000033     0.00000006     0.00001729     0.00036198   
  49   0.00000003    -0.00000001     0.00015448     0.00001770     0.00000001     0.00000008   
  50   0.00010226    -0.00007524    -0.00000004     0.00000000    -0.00001114     0.00034577   
  51  -0.00000004    -0.00000003    -0.00809200    -0.00004875    -0.00000000     0.00000001   
  52   0.00820230    -0.01527529     0.00000000    -0.00000001     0.00015481    -0.00369732   
  53   0.00000002    -0.00000003     0.01204795    -0.00025852    -0.00000000     0.00000000   
  54  -0.00071662     0.00129579     0.00000000     0.00000001    -0.00007446     0.00207275   
  55  -0.00000000    -0.00000000    -0.00026479     0.00017346    -0.00000001     0.00000000   
  56   0.00002921    -0.00002574    -0.00000001     0.00000001     0.00017366     0.00003816   
  57   0.00000000    -0.00000000     0.00017922     0.00009809    -0.00000001    -0.00000001   
  58  -0.00151250     0.00187209     0.00000001    -0.00000000     0.00003320    -0.00066193   
  59   0.00000002    -0.00000001     0.00248623    -0.00002871    -0.00000000     0.00000001   
  60   0.00077362    -0.00178490    -0.00000001    -0.00000000     0.00002196    -0.00052491   
           31             32             33             34             35             36       
   1  -0.00000010    -0.00019137    -0.00000004     0.00013059     0.00000007     0.00002804   
   2   0.00058874    -0.00000014     0.00035687    -0.00000002    -0.00058529    -0.00000671   
   3   0.00001085     0.00018557    -0.00003088     0.00021185    -0.00000366    -0.00081165   
   4   0.00009319    -0.00002155    -0.00026607    -0.00002459    -0.00003152    -0.00009939   
   5  -0.00000003    -0.00024432     0.00000002     0.00026718    -0.00000003    -0.00001075   
   6  -0.00060209     0.00000014    -0.00065492     0.00000007     0.00198855     0.00000306   
   7  -0.00000006    -0.00021803    -0.00000000     0.00054186    -0.00000003     0.00041584   
   8  -0.00037454     0.00000010    -0.00040867    -0.00000002    -0.00033959     0.00011214   
   9  -0.00000005    -0.00007530    -0.00000003     0.00047781    -0.00000006     0.00059326   
  10  -0.00029035     0.00000006    -0.00039298    -0.00000002    -0.00037377     0.00010367   
  11   0.00000053     0.00074913     0.00000023    -0.00119584     0.00000062     0.00088595   
  12   0.00076309    -0.00000056     0.00051094     0.00000063     0.00111363     0.00022448   
  13   0.00000213     0.00132544    -0.00000276     0.00099248    -0.00000021     0.00101354   
  14   0.00091082    -0.00000285    -0.00138503    -0.00000198    -0.00009514     0.00024731   
  15  -0.00000967    -0.00080598     0.00000419     0.00016772    -0.00000722     0.00166067   
  16  -0.00064193     0.00001210     0.00028371    -0.00000251    -0.00048522     0.00037718   
  17   0.00000002     0.00019350    -0.00000001    -0.00018029     0.00000002     0.00008307   
  18  -0.00153300     0.00000034    -0.00146932     0.00000015     0.00397073     0.00000871   
  19   0.00000001     0.00003169     0.00000001     0.00003463    -0.00000000    -0.00000918   
  20  -0.00145829     0.00000042    -0.00267041     0.00000026     0.00971366     0.00003791   
  21  -0.00000037    -0.00245626     0.00000006     0.00237704     0.00000000    -0.00015730   
  22   0.00134122     0.00026517    -0.00280502     0.00028000    -0.00064133     0.00062156   
  23  -0.00016255     0.00218346     0.00034105     0.00230321     0.00007788     0.00165960   
  24   0.00558506    -0.00000121     0.00477865    -0.00000047    -0.01245539    -0.00004419   
  25   0.00000010     0.00063958    -0.00000007    -0.00127290    -0.00000002     0.00021928   
  26  -0.00000024    -0.00199036     0.00000019     0.00290090    -0.00000014    -0.00040448   
  27  -0.02165805     0.00000470    -0.01906267     0.00000190     0.04966244     0.00013856   
  28  -0.00507744    -0.00000287     0.01197853    -0.00000107     0.01432878     0.00491614   
  29   0.00000265     0.01865718     0.00000294     0.00492387     0.00000215    -0.02026251   
  30   0.00007248     0.40820216    -0.00000838    -0.31202739     0.00000039     0.00137574   
  31  -0.93280438     0.00002272     0.29484632    -0.00007445    -0.20668076     0.00298142   
  32   0.00001357     0.83974331     0.00011039     0.49583271    -0.00003711    -0.02214649   
  33  -0.20501347     0.00007406    -0.90610348     0.00005081    -0.36904650    -0.00517928   
  34   0.00004221     0.35722776    -0.00002450    -0.81011848     0.00000708     0.01102737   
  35   0.29525959    -0.00006659     0.30148809    -0.00003044    -0.90428281    -0.00039156   
  36  -0.00791017    -0.00041040     0.02341092    -0.00058159     0.00735571    -0.26183259   
  37   0.00021551    -0.01488908    -0.00064784    -0.02103565    -0.00020281    -0.96454110   
  38   0.00803217    -0.00000176     0.00679833    -0.00000060    -0.01881870    -0.00011858   
  39   0.00000046     0.00111133     0.00000014    -0.00221659    -0.00000072     0.00050425   
  40  -0.00132099     0.00000025    -0.00065089     0.00000006     0.00066122     0.00000235   
  41   0.00000012     0.00061573     0.00000001    -0.00047807    -0.00000002    -0.00001880   
  42  -0.00000001    -0.00002949     0.00000000    -0.00000492     0.00000000    -0.00198279   
  43   0.00000562     0.00000000     0.00002845    -0.00000001    -0.00000932    -0.00047943   
  44  -0.00000010    -0.00057592    -0.00000000     0.00048589     0.00000001     0.00003487   
  45   0.00011803    -0.00000002     0.00005667    -0.00000001    -0.00015958    -0.00015135   
  46   0.00000001     0.00005485     0.00000000    -0.00001818     0.00000000    -0.00062681   
  47   0.00005474    -0.00000025     0.00025532    -0.00000000    -0.00046414    -0.00013836   
  48   0.00000009     0.00020724     0.00000028    -0.00001652    -0.00000050     0.00059371   
  49   0.00013232    -0.00000002    -0.00002622    -0.00000005    -0.00043994     0.00016475   
  50  -0.00000003     0.00000869    -0.00000001    -0.00021550     0.00000012    -0.00065985   
  51  -0.00130679     0.00000025    -0.00077176     0.00000007     0.00098996    -0.00000728   
  52  -0.00000005    -0.00030138     0.00000001     0.00036003     0.00000000    -0.00003958   
  53  -0.00095129     0.00000020    -0.00084774     0.00000009     0.00230429     0.00000740   
  54  -0.00000001    -0.00006636    -0.00000001     0.00002420     0.00000001    -0.00000160   
  55   0.00064994    -0.00000014     0.00045136    -0.00000004    -0.00106310     0.00026644   
  56   0.00000002    -0.00003006     0.00000001    -0.00007242    -0.00000003    -0.00205106   
  57  -0.00039570     0.00000009    -0.00036463     0.00000003     0.00061970     0.00041904   
  58   0.00000003     0.00016077     0.00000000    -0.00014839    -0.00000000    -0.00001585   
  59   0.00015221    -0.00000003     0.00007637    -0.00000000     0.00001547    -0.00000032   
  60  -0.00000000    -0.00003179     0.00000000     0.00004487    -0.00000000    -0.00000308   
           37             38             39       
   1  -0.00000678     0.03059801    -0.00000435   
   2  -0.00002771     0.00000436     0.03028784   
   3   0.00009944     0.00066810    -0.00007734   
   4  -0.00081150    -0.00007756    -0.00066552   
   5   0.00000260    -0.01642214     0.00000074   
   6   0.00001263    -0.00000075    -0.01822338   
   7  -0.00010061     0.02412457    -0.00000260   
   8   0.00046336    -0.00000266    -0.02302368   
   9  -0.00014354    -0.00059792     0.00000008   
  10   0.00042867     0.00000017     0.00059893   
  11  -0.00021390    -0.00131136     0.00000094   
  12   0.00092952     0.00000070     0.00144369   
  13  -0.00024308    -0.00576202     0.00001228   
  14   0.00103096     0.00001223     0.00581286   
  15  -0.00037584    -0.00146211     0.00002183   
  16   0.00166582     0.00002170     0.00145683   
  17  -0.00002011     0.00675688    -0.00000025   
  18   0.00003598    -0.00000007    -0.00215073   
  19   0.00000222     0.02360878    -0.00000082   
  20   0.00015654    -0.00000359    -0.12970317   
  21   0.00003806    -0.12413645     0.00000343   
  22   0.00165933    -0.00008487     0.00070013   
  23  -0.00062161    -0.00069819    -0.00008496   
  24  -0.00018247     0.00000243     0.09857855   
  25  -0.00005306     0.10428285    -0.00000276   
  26   0.00009786    -0.14539827     0.00000459   
  27   0.00057216    -0.00000487    -0.15197851   
  28   0.02029567     0.00000037     0.00157512   
  29   0.00490801    -0.00157600     0.00000029   
  30  -0.00033324    -0.02728864     0.00000085   
  31   0.01230364    -0.00000143    -0.00096824   
  32   0.00536265     0.00685908    -0.00000034   
  33  -0.02139745     0.00000028    -0.00031213   
  34  -0.00266895     0.01631318    -0.00000051   
  35  -0.00161818     0.00000033     0.00933383   
  36  -0.96454144    -0.00001043     0.00037228   
  37   0.26183252    -0.00037770    -0.00001024   
  38  -0.00048969     0.00000780    -0.94636509   
  39  -0.00012204    -0.94851369    -0.00000767   
  40   0.00000972     0.00000335     0.11030558   
  41   0.00000455     0.08502240    -0.00000285   
  42   0.00047969     0.00154992    -0.00000034   
  43  -0.00198170    -0.00000014    -0.00156083   
  44  -0.00000844     0.00914814    -0.00000026   
  45  -0.00062526     0.00000004     0.00109957   
  46   0.00015173    -0.00159435     0.00000005   
  47  -0.00056880    -0.00000009     0.00211037   
  48  -0.00014435     0.00015076     0.00000228   
  49   0.00068132    -0.00000005     0.00083534   
  50   0.00015956    -0.00033789    -0.00000018   
  51  -0.00003006    -0.00000253    -0.08003298   
  52   0.00000957     0.18726728    -0.00000600   
  53   0.00003057     0.00000546     0.16812303   
  54   0.00000039    -0.03817620     0.00000138   
  55   0.00110030    -0.00000010     0.00043173   
  56   0.00049658     0.00123531    -0.00000006   
  57   0.00173093    -0.00000008     0.00072269   
  58   0.00000383    -0.05463222     0.00000203   
  59  -0.00000135     0.00000290     0.07741651   
  60   0.00000074     0.05075758    -0.00000190   

 -----------------------------------------------------------------------------------------------
  Virtual Orbital Coefficients
 -----------------------------------------------------------------------------------------------
           40             41             42             43             44             45       
   1  -0.00000009    -0.00071276     0.00000889    -0.00000007     0.00001188     0.00000000   
   2   0.00082842    -0.00000008    -0.00000008    -0.00000893     0.00000000     0.00001194   
   3  -0.00000203    -0.00001155    -0.00076278    -0.00008200     0.00004802     0.00000545   
   4  -0.00001745     0.00000134     0.00008198    -0.00076294    -0.00000558     0.00004690   
   5  -0.00000001    -0.00039577     0.00001389    -0.00000011     0.00012702     0.00000002   
   6   0.00026738    -0.00000001    -0.00000012    -0.00001419     0.00000000     0.00000390   
   7  -0.00000009    -0.00104396     0.00002355    -0.00000020     0.00002479     0.00000000   
   8  -0.00119499     0.00000008     0.00000026     0.00003045    -0.00000000     0.00001531   
   9  -0.00000001    -0.00002750     0.00003269    -0.00000028     0.00032327     0.00000007   
  10  -0.00004089    -0.00000000    -0.00000007    -0.00000755    -0.00000008     0.00030231   
  11   0.00000019     0.00029432     0.00027998    -0.00000224     0.00005170     0.00000009   
  12   0.00034139    -0.00000016     0.00000225     0.00028116    -0.00000004     0.00013527   
  13   0.00000069     0.00027931    -0.00005445     0.00000036    -0.00003073    -0.00000003   
  14   0.00033259    -0.00000058    -0.00000032    -0.00005090     0.00000006    -0.00001214   
  15  -0.00000083    -0.00005905     0.00052029     0.00000330    -0.00000513    -0.00000032   
  16  -0.00005640     0.00000088    -0.00000330     0.00052047     0.00000008    -0.00002129   
  17  -0.00000000    -0.00003475     0.00000520    -0.00000005    -0.00003108    -0.00000000   
  18  -0.00079257    -0.00000001    -0.00000004    -0.00000508     0.00000001    -0.00002989   
  19   0.00000002     0.00066180    -0.00001049     0.00000009    -0.00019023    -0.00000002   
  20  -0.00277536    -0.00000001    -0.00000048    -0.00005665    -0.00000000     0.00003061   
  21  -0.00000001     0.00259315     0.00005271    -0.00000044     0.00004077     0.00000000   
  22   0.00001572     0.00000112     0.00007377     0.00056696    -0.00001674    -0.00013994   
  23  -0.00000191     0.00000922     0.00056666    -0.00007380    -0.00013795     0.00001698   
  24   0.00220945     0.00000001     0.00000052     0.00006132     0.00000000    -0.00006537   
  25  -0.00000003    -0.00205504    -0.00006263     0.00000053    -0.00011788    -0.00000001   
  26  -0.00000004     0.00566631     0.00011180    -0.00000095     0.00011653     0.00000001   
  27  -0.00684160    -0.00000003    -0.00000099    -0.00011579     0.00000000     0.00002648   
  28   0.00001689     0.00000000     0.00000676     0.00077800     0.00000010     0.00234125   
  29  -0.00000001    -0.00003022    -0.00077877     0.00000677    -0.00231479     0.00000007   
  30   0.00000000     0.00029932     0.00008254    -0.00000070     0.00040544     0.00000006   
  31   0.00076245     0.00000009     0.00000014     0.00001649     0.00000000     0.00005705   
  32   0.00000011    -0.00048027    -0.00003547     0.00000031    -0.00003852     0.00000000   
  33   0.00055354    -0.00000001    -0.00000011    -0.00001241    -0.00000001     0.00004511   
  34  -0.00000000    -0.00124160    -0.00003156     0.00000026    -0.00008121    -0.00000001   
  35   0.00076885    -0.00000003     0.00000008     0.00000839     0.00000003    -0.00017206   
  36   0.00004262     0.00000044    -0.00007052    -0.00194955    -0.00001942    -0.00072049   
  37  -0.00000117     0.00001586    -0.00195189     0.00007047    -0.00070708     0.00001979   
  38  -0.11520279    -0.00000373    -0.00001102    -0.00127582    -0.00000016     0.00051203   
  39  -0.00000447     0.08884337     0.00128215    -0.00001093     0.00231893     0.00000030   
  40  -0.99288984    -0.00000022     0.00000382     0.00044655     0.00000052    -0.00431346   
  41  -0.00000025     0.99429615     0.00019720    -0.00000166    -0.00005925    -0.00000001   
  42  -0.00000000    -0.00173876     0.99807796    -0.00840113     0.05297952     0.00001241   
  43   0.00001506     0.00000009     0.00840567     0.99860893    -0.00001193     0.04863475   
  44   0.00000006    -0.05547867    -0.03533206     0.00030007     0.20443710     0.00002383   
  45  -0.00424157     0.00000001    -0.00041097    -0.04809011    -0.00011599     0.99817306   
  46   0.00000001     0.01155140    -0.04622763     0.00039491     0.97691469     0.00011346   
  47  -0.00372250    -0.00000841    -0.00009331    -0.00958768     0.00002324     0.00938510   
  48  -0.00000401     0.00783734     0.01055530    -0.00010040    -0.02238144     0.00000698   
  49  -0.00296368     0.00000139     0.00011585     0.01394448     0.00000859    -0.03415948   
  50   0.00000071     0.00612243    -0.01328525     0.00011038     0.02023640     0.00001053   
  51  -0.02254340     0.00000011    -0.00003227    -0.00374520    -0.00000016     0.00196126   
  52  -0.00000003     0.00682521    -0.00031263     0.00000263     0.01041515     0.00000123   
  53  -0.01675734     0.00000006     0.00000103     0.00011435    -0.00000011     0.00074522   
  54  -0.00000001    -0.00796430     0.00001081    -0.00000009     0.00172006     0.00000020   
  55   0.00070338    -0.00000002     0.00004411     0.00510808     0.00000000     0.00040091   
  56   0.00000003     0.00009139    -0.00942198     0.00008094    -0.00086922    -0.00000006   
  57  -0.00051172    -0.00000000     0.00006784     0.00791567    -0.00000007     0.00078335   
  58  -0.00000001    -0.00308550     0.00001978    -0.00000017     0.00111657     0.00000013   
  59  -0.00193868     0.00000002     0.00000044     0.00005109     0.00000001    -0.00011718   
  60  -0.00000001    -0.00139614    -0.00001440     0.00000012     0.00090883     0.00000011   
           46             47             48             49             50             51       
   1  -0.00010312     0.00000050    -0.00002725    -0.00000001     0.00001232    -0.00000005   
   2   0.00000051     0.00010366     0.00000002    -0.00002773     0.00000000     0.00048103   
   3   0.00002846     0.00000314    -0.00004604     0.00000534     0.00000677    -0.00000143   
   4  -0.00000316     0.00002823     0.00000531     0.00004628    -0.00000078    -0.00001228   
   5  -0.00012532     0.00000063    -0.00006236    -0.00000004    -0.00069867     0.00000001   
   6   0.00000055     0.00010963     0.00000003    -0.00004469    -0.00000001    -0.00105931   
   7  -0.00005810     0.00000029    -0.00013328    -0.00000008     0.00008936    -0.00000006   
   8  -0.00000027    -0.00005535    -0.00000009     0.00014122    -0.00000001    -0.00071489   
   9  -0.00007781     0.00000038    -0.00011212    -0.00000006     0.00001056     0.00000001   
  10  -0.00000064    -0.00012952    -0.00000008     0.00013209    -0.00000001     0.00007965   
  11   0.00037369    -0.00000168     0.00024162     0.00000004     0.00014739    -0.00000005   
  12   0.00000154     0.00035032     0.00000004    -0.00023555    -0.00000008    -0.00010263   
  13   0.00028339    -0.00000079    -0.00049080     0.00000065     0.00000935     0.00000031   
  14   0.00000090     0.00029566     0.00000068     0.00048437    -0.00000002     0.00014700   
  15  -0.00022771    -0.00000218    -0.00004025     0.00000059    -0.00007747     0.00000179   
  16   0.00000227    -0.00022335     0.00000057     0.00004125     0.00000115     0.00011996   
  17   0.00006753    -0.00000034     0.00002869     0.00000002     0.00034416    -0.00000001   
  18   0.00000009     0.00001834     0.00000001    -0.00001100    -0.00000001     0.00014139   
  19   0.00009485    -0.00000047     0.00005607     0.00000003     0.00124658     0.00000000   
  20   0.00000203     0.00040497     0.00000013    -0.00016398    -0.00000000    -0.00433758   
  21  -0.00040481     0.00000203    -0.00017105    -0.00000012    -0.00096919    -0.00000001   
  22   0.00002061     0.00017042    -0.00005477     0.00044433    -0.00000203     0.00002850   
  23   0.00016243    -0.00002152    -0.00044817    -0.00005431    -0.00001669    -0.00000346   
  24  -0.00000090    -0.00017875    -0.00000006     0.00007897     0.00000000     0.00496075   
  25   0.00020836    -0.00000104     0.00012290     0.00000009     0.00163777     0.00000001   
  26  -0.00017326     0.00000087    -0.00010966    -0.00000007    -0.00199998    -0.00000003   
  27   0.00000035     0.00006965     0.00000005    -0.00006058     0.00000000    -0.00790086   
  28   0.00000018     0.00003542    -0.00000005     0.00005937     0.00000008     0.00023461   
  29  -0.00003249     0.00000017     0.00004151     0.00000003    -0.00038967     0.00000004   
  30   0.00031139    -0.00000156     0.00006582     0.00000004    -0.00237966     0.00000002   
  31   0.00000066     0.00012392    -0.00000005     0.00005738    -0.00000006    -0.00087776   
  32  -0.00021445     0.00000108     0.00009980     0.00000008     0.00027549    -0.00000013   
  33   0.00000002     0.00000583     0.00000012    -0.00016125     0.00000002    -0.00063043   
  34  -0.00035683     0.00000179    -0.00019741    -0.00000013     0.00056706    -0.00000001   
  35   0.00000280     0.00055956     0.00000019    -0.00023561    -0.00000001     0.00283737   
  36   0.00001134     0.00036727    -0.00002461     0.00085598    -0.00000277     0.00001105   
  37   0.00034379    -0.00001184    -0.00087061    -0.00002424    -0.00010046    -0.00000031   
  38   0.00000434     0.00085910     0.00000069    -0.00082993     0.00000134    -0.10190860   
  39  -0.00138007     0.00000697    -0.00149659    -0.00000108    -0.03304421    -0.00000407   
  40   0.00002587     0.00517445     0.00000158    -0.00207973    -0.00000005    -0.00843044   
  41  -0.00858669     0.00004306    -0.00404940    -0.00000273    -0.05310013    -0.00000013   
  42  -0.00422857     0.00002022     0.01417743     0.00000848    -0.02517319     0.00000070   
  43  -0.00002594    -0.00523753     0.00000819    -0.01437862     0.00000145     0.00347868   
  44   0.01658723    -0.00008260    -0.02550408    -0.00001821    -0.97054788    -0.00000016   
  45  -0.00000276    -0.00072084    -0.00002602     0.03611307     0.00000018    -0.00244643   
  46   0.01116429    -0.00005535    -0.02271031    -0.00001610     0.20638740    -0.00000006   
  47  -0.00579470    -0.95523355     0.00056524    -0.29393960    -0.00002043    -0.02942895   
  48   0.93837614    -0.00572010    -0.34402455    -0.00057155     0.01897422    -0.00003195   
  49  -0.00137826    -0.29364432    -0.00046337     0.95495913    -0.00000339    -0.02089106   
  50   0.34481628    -0.00167091     0.93821557     0.00043936    -0.01467516     0.00000505   
  51  -0.00017342    -0.03471352    -0.00000897     0.01155892    -0.00000011     0.98756697   
  52  -0.00429465     0.00002160    -0.00313287    -0.00000215    -0.10070271     0.00000001   
  53  -0.00000777    -0.00155202    -0.00000049     0.00067697     0.00000016    -0.11303871   
  54  -0.00158015     0.00000792    -0.00079682    -0.00000054    -0.01003824    -0.00000005   
  55   0.00000634     0.00126574     0.00000011    -0.00015933    -0.00000001     0.00434801   
  56  -0.00013785     0.00000072     0.00054645     0.00000040    -0.00006082     0.00000015   
  57  -0.00000327    -0.00065798    -0.00000057     0.00076243     0.00000000    -0.00266587   
  58   0.00109338    -0.00000548     0.00027953     0.00000018    -0.00690834     0.00000003   
  59   0.00000321     0.00064382     0.00000021    -0.00026958     0.00000002     0.00369390   
  60  -0.00014051     0.00000071    -0.00015190    -0.00000010    -0.00385624     0.00000001   
           52             53             54             55             56             57       
   1   0.00138924    -0.00000015    -0.00052690    -0.00000000     0.00001949    -0.00000001   
   2   0.00000015     0.00130350    -0.00000006    -0.00001372     0.00000000     0.00007780   
   3   0.00003565    -0.00000389    -0.00001358    -0.00000033     0.00000488    -0.00000070   
   4  -0.00000414    -0.00003345     0.00000158    -0.00000282    -0.00000057    -0.00000606   
   5  -0.00083854     0.00000000     0.00042304     0.00000000    -0.00000816     0.00000000   
   6  -0.00000001    -0.00061611     0.00000000     0.00013004     0.00000000    -0.00035879   
   7   0.00193445    -0.00000014    -0.00050613    -0.00000002     0.00005125     0.00000000   
   8  -0.00000016    -0.00171496     0.00000004    -0.00008226    -0.00000001     0.00008102   
   9  -0.00007349     0.00000000     0.00003343     0.00000000    -0.00000225    -0.00000000   
  10   0.00000001     0.00006287    -0.00000001     0.00001958    -0.00000000    -0.00001919   
  11  -0.00008151     0.00000008     0.00005257    -0.00000003     0.00004061     0.00000001   
  12   0.00000004     0.00013710    -0.00000003    -0.00004792    -0.00000003     0.00002215   
  13  -0.00044187     0.00000088     0.00012311    -0.00000023     0.00011339    -0.00000011   
  14   0.00000093     0.00042313    -0.00000026    -0.00010232    -0.00000025    -0.00005253   
  15  -0.00013187     0.00000152     0.00002530    -0.00000126     0.00010158    -0.00000099   
  16   0.00000196     0.00010183    -0.00000037    -0.00008406    -0.00000152    -0.00006656   
  17   0.00039544    -0.00000000    -0.00042123    -0.00000000     0.00000687    -0.00000000   
  18   0.00000001    -0.00176908    -0.00000000     0.00008584     0.00000001    -0.00023794   
  19  -0.00012135     0.00000000     0.00025184     0.00000000     0.00000768     0.00000000   
  20   0.00000003    -0.00809023    -0.00000002    -0.00015587    -0.00000001     0.00021654   
  21  -0.00889046    -0.00000003     0.00258114     0.00000002    -0.00009159     0.00000001   
  22  -0.00000747     0.00005393     0.00000224    -0.00052844     0.00006870    -0.00020310   
  23  -0.00006142    -0.00000655     0.00001844     0.00006414     0.00056597     0.00002466   
  24  -0.00000006     0.00756932     0.00000003    -0.00014099    -0.00000001     0.00051433   
  25   0.00971253     0.00000005    -0.00289735    -0.00000002     0.00007796    -0.00000001   
  26  -0.01586337     0.00000003     0.00403624     0.00000003    -0.00013113     0.00000001   
  27  -0.00000001    -0.01564538    -0.00000002    -0.00033424    -0.00000002     0.00058969   
  28   0.00000005     0.00009839     0.00000000     0.00024204    -0.00000000     0.00000757   
  29  -0.00022032     0.00000001    -0.00001369     0.00000001     0.00022460    -0.00000001   
  30  -0.00349391    -0.00000001    -0.00075959     0.00000001    -0.00004983     0.00000001   
  31  -0.00000016     0.00004594    -0.00000003    -0.00010287    -0.00000001     0.00027112   
  32   0.00079303     0.00000001     0.00014436    -0.00000002    -0.00000318     0.00000004   
  33   0.00000004     0.00008885     0.00000001    -0.00005137     0.00000000     0.00022188   
  34   0.00185151     0.00000000     0.00028361    -0.00000001     0.00005723    -0.00000000   
  35  -0.00000000    -0.00051917    -0.00000001     0.00057322     0.00000002    -0.00140433   
  36  -0.00000112     0.00004055     0.00000046    -0.00198508     0.00005843    -0.00076264   
  37  -0.00004066    -0.00000112     0.00001675     0.00005453     0.00212648     0.00002099   
  38   0.00000728    -0.15388957    -0.00000140    -0.00116703    -0.00000002     0.00130760   
  39  -0.18462495    -0.00000610     0.03171982     0.00000011    -0.00090304     0.00000010   
  40   0.00000003     0.03738456     0.00000003    -0.00013199    -0.00000001     0.00067726   
  41   0.02949033     0.00000003    -0.00971631    -0.00000003     0.00016171     0.00000000   
  42   0.00309099    -0.00000007     0.00034987     0.00000213    -0.00943445     0.00000063   
  43  -0.00000023    -0.00052194    -0.00000002     0.00883788     0.00000223     0.00331121   
  44   0.10328789    -0.00000023     0.01205482    -0.00000003     0.00023530    -0.00000002   
  45   0.00000000     0.00132772    -0.00000000     0.00036994     0.00000005     0.00026642   
  46  -0.01103590     0.00000002    -0.00066892     0.00000005    -0.00044065     0.00000001   
  47   0.00000543     0.00515462     0.00000178    -0.00081804     0.00000037     0.00111317   
  48  -0.00509094     0.00000557    -0.00165397    -0.00000084    -0.00039405     0.00000122   
  49  -0.00000065     0.00371509    -0.00000028     0.00019203     0.00000019     0.00117456   
  50  -0.00278214    -0.00000088    -0.00124210    -0.00000010     0.00058051    -0.00000029   
  51  -0.00000009    -0.12760363    -0.00000005     0.00156377     0.00000007    -0.00411052   
  52  -0.97628055     0.00000087    -0.02933511    -0.00000004     0.00016111     0.00000001   
  53  -0.00000087    -0.97886880     0.00000007    -0.00162921    -0.00000007     0.00444270   
  54   0.02400372    -0.00000007    -0.99638503     0.00000002     0.00058721    -0.00000035   
  55   0.00000002     0.00362629    -0.00000021    -0.80323313    -0.00002321     0.59560113   
  56   0.00004550     0.00000012    -0.00090454     0.00005434    -0.99993599     0.00003433   
  57  -0.00000002    -0.00225564     0.00000026    -0.59558878    -0.00005994    -0.80322097   
  58  -0.00176101    -0.00000000     0.05340931     0.00000098    -0.00565021     0.00000036   
  59   0.00000003     0.00409268     0.00000012     0.00053400    -0.00000002     0.00627061   
  60   0.00771077    -0.00000007     0.04710873    -0.00000004     0.00039216    -0.00000009   
           58             59             60       
   1  -0.00090175    -0.00000014    -0.00086225   
   2  -0.00000010     0.00128799    -0.00000009   
   3  -0.00001690    -0.00000314    -0.00001958   
   4   0.00000196    -0.00002705     0.00000227   
   5   0.00041022     0.00000001     0.00080054   
   6   0.00000000    -0.00102347     0.00000000   
   7  -0.00106394    -0.00000010    -0.00080851   
   8   0.00000008    -0.00129228     0.00000006   
   9   0.00005589     0.00000001     0.00004164   
  10  -0.00000001     0.00007717    -0.00000001   
  11  -0.00003012     0.00000001     0.00001383   
  12   0.00000002     0.00000562    -0.00000000   
  13   0.00022853     0.00000063     0.00018212   
  14  -0.00000048     0.00030078    -0.00000038   
  15   0.00011286     0.00000190     0.00006901   
  16  -0.00000168     0.00012738    -0.00000102   
  17  -0.00022567     0.00000000    -0.00037546   
  18  -0.00000000    -0.00064511     0.00000000   
  19  -0.00043641     0.00000001    -0.00063086   
  20  -0.00000005    -0.00701745    -0.00000004   
  21   0.00527515    -0.00000007     0.00402037   
  22   0.00000439     0.00004371     0.00000307   
  23   0.00003611    -0.00000531     0.00002525   
  24   0.00000005     0.00587711     0.00000006   
  25  -0.00448323     0.00000007    -0.00400049   
  26   0.00735008    -0.00000005     0.00549301   
  27  -0.00000003    -0.01003155    -0.00000003   
  28  -0.00000003     0.00011302    -0.00000001   
  29   0.00013486     0.00000001     0.00006336   
  30   0.00241470    -0.00000002     0.00104551   
  31   0.00000011    -0.00020914     0.00000005   
  32  -0.00052258    -0.00000003    -0.00025770   
  33  -0.00000003    -0.00013881    -0.00000001   
  34  -0.00117037     0.00000001    -0.00060393   
  35   0.00000001     0.00096102     0.00000000   
  36   0.00000080     0.00002717     0.00000041   
  37   0.00002899    -0.00000075     0.00001490   
  38  -0.00000256    -0.07519806    -0.00000210   
  39   0.05748850    -0.00000342     0.04537406   
  40   0.00000005     0.01070851     0.00000003   
  41  -0.00816000     0.00000004    -0.00245598   
  42   0.00022381    -0.00000000    -0.00026231   
  43  -0.00000002    -0.00003981     0.00000002   
  44   0.00671916    -0.00000001    -0.00627664   
  45   0.00000000    -0.00003738    -0.00000000   
  46  -0.00028456    -0.00000001     0.00013785   
  47  -0.00000073    -0.00044672    -0.00000027   
  48   0.00068198    -0.00000049     0.00025286   
  49   0.00000016    -0.00042575     0.00000004   
  50   0.00071139     0.00000010     0.00017840   
  51  -0.00000000    -0.00313441    -0.00000004   
  52  -0.00954411     0.00000005    -0.00047005   
  53   0.00000004     0.00876131    -0.00000002   
  54  -0.04814573    -0.00000017     0.05179956   
  55  -0.00000045     0.00338040     0.00000008   
  56   0.00556182     0.00000027     0.00003389   
  57  -0.00000051    -0.00533343    -0.00000005   
  58  -0.99515218    -0.00000053     0.06106482   
  59   0.00000051    -0.99695206    -0.00000036   
  60   0.06084792    -0.00000032     0.99569913   

 -----------------------------------------------------------------------------------------------
  Generalised Fock Matrix (MO basis)
 -----------------------------------------------------------------------------------------------
           1              2              3              4              5              6        
   1  -7.89311072    -0.00000000    -0.00000000     0.00000000    -0.00000000     0.00000000   
   2  -0.00000000    -7.88918167    -0.00000000    -0.00000000    -0.00000000     0.00000000   
   3  -0.00000000    -0.00000000    -7.77429146     0.00000000    -0.00000000    -0.00000000   
   4   0.00000000    -0.00000000     0.00000000    -7.77428629     0.00000000     0.00000000   
   5  -0.00000000    -0.00000000    -0.00000000     0.00000000    -7.64960431    -0.00000000   
   6   0.00000000     0.00000000    -0.00000000     0.00000000    -0.00000000    -7.59676077   
   7  -0.00000000    -0.00000000    -0.00000000     0.00000000     0.00000000     0.00000000   
   8  -0.00000000     0.00000000     0.00000000     0.00000000     0.00000000     0.00000000   
   9  -0.00000000     0.00000000    -0.00000000     0.00000000    -0.00000000     0.00000000   
  10   0.00000000    -0.00000000     0.00000000    -0.00000000     0.00000000    -0.00000000   
  11  -0.00000000     0.00000000    -0.00000000    -0.00000000     0.00000000    -0.00000000   
  12   0.00000000    -0.00000000    -0.00000000    -0.00000000     0.00000000    -0.00000000   
  13  -0.00000000     0.00000000    -0.00000000     0.00000000    -0.00000000    -0.00000000   
  14  -0.00000000     0.00000000    -0.00000000    -0.00000000    -0.00000000     0.00000000   
  15   0.00000000     0.00000000     0.00000000     0.00000000    -0.00000000    -0.00000000   
  16  -0.00000000     0.00000000     0.00000000    -0.00000000    -0.00000000     0.00000000   
  17  -0.00000000     0.00000000     0.00000000     0.00000000    -0.00000000     0.00000000   
  18   0.00000000     0.00000000    -0.00000000     0.00000000    -0.00000000     0.00000000   
  19   0.00000000    -0.00000000    -0.00000000    -0.00000000     0.00000000    -0.00000000   
  20  -0.00000000    -0.00000000    -0.00000000    -0.00000000    -0.00000000    -0.00000000   
  21  -0.00000000    -0.00000000    -0.00000000     0.00000000     0.00000000     0.00000000   
  22   0.00000000     0.00000000    -0.00000000    -0.00000000    -0.00000000    -0.00000000   
  23  -0.00000000    -0.00000000    -0.00000000    -0.00000000    -0.00000000    -0.00000000   
  24   0.00000000     0.00000000    -0.00000000    -0.00000000    -0.00000000    -0.00000000   
  25  -0.00000000     0.00000000     0.00000000    -0.00000000    -0.00000000    -0.00000000   
  26  -0.00000000    -0.00000000     0.00000000     0.00000000    -0.00000000    -0.00000000   
  27  -0.00000000     0.00000000    -0.00000000    -0.00000000     0.00000000     0.00000000   
  28  -0.00000000    -0.00000000    -0.00000000    -0.00000000    -0.00000000     0.00000000   
  29   0.00000000    -0.00000000    -0.00000000     0.00000000    -0.00000000     0.00000000   
  30  -0.00000000     0.00000000    -0.00000000     0.00000000     0.00000000    -0.00000000   
  31  -0.00000000    -0.00000000    -0.00000000     0.00000000     0.00000000     0.00000000   
  32  -0.00000000     0.00000000     0.00000000    -0.00000000    -0.00000000     0.00000000   
  33   0.00000000    -0.00000000    -0.00000000    -0.00000000     0.00000000     0.00000000   
  34   0.00000000    -0.00000000     0.00000000    -0.00000000     0.00000000    -0.00000000   
  35   0.00000000     0.00000000     0.00000000    -0.00000000    -0.00000000    -0.00000000   
  36  -0.00000000    -0.00000000    -0.00000000    -0.00000000     0.00000000    -0.00000000   
  37  -0.00000000    -0.00000000    -0.00000000    -0.00000000     0.00000000    -0.00000000   
  38   0.34072765     0.00002154     0.00743845    -0.00017685    -0.14165348    -0.00000663   
  39  -0.00002170     0.33461755    -0.00017671    -0.00738951     0.00000599    -0.16976827   
  40   0.00000005     0.00000007    -0.00000001     0.00000003    -0.00000007     0.00000001   
  41   0.00000009    -0.00000006    -0.00000003    -0.00000003    -0.00000002    -0.00000001   
  42   0.00000003    -0.00000004     0.00000003     0.00000005     0.00000001     0.00000003   
  43  -0.00000002     0.00000004    -0.00000000    -0.00000001     0.00000007    -0.00000009   
  44  -0.00000001    -0.00000000    -0.00000000     0.00000000    -0.00000004     0.00000002   
  45   0.00000000    -0.00000004     0.00000000    -0.00000001     0.00000003     0.00000002   
  46   0.00000004     0.00000002    -0.00000001     0.00000001    -0.00000003     0.00000004   
  47  -0.00000002    -0.00000005     0.00000002    -0.00000002    -0.00000000     0.00000001   
  48   0.00000003     0.00000000     0.00000001    -0.00000001    -0.00000009    -0.00000000   
  49  -0.00000000     0.00000001     0.00000000    -0.00000001    -0.00000000    -0.00000000   
  50   0.00000005     0.00000004     0.00000004     0.00000002     0.00000001    -0.00000001   
  51   0.00000000    -0.00000005    -0.00000002    -0.00000000     0.00000000    -0.00000004   
  52   0.00000005    -0.00000002     0.00000004    -0.00000001     0.00000003     0.00000002   
  53  -0.00000003    -0.00000004    -0.00000001     0.00000002    -0.00000007     0.00000009   
  54  -0.00000005    -0.00000002    -0.00000003    -0.00000001     0.00000002    -0.00000000   
  55  -0.00000004    -0.00000003    -0.00000002    -0.00000008     0.00000002    -0.00000002   
  56  -0.00000006     0.00000002     0.00000004    -0.00000002     0.00000007    -0.00000005   
  57   0.00000000     0.00000002    -0.00000001    -0.00000000    -0.00000001    -0.00000000   
  58   0.00000004     0.00000001    -0.00000003     0.00000003    -0.00000001    -0.00000001   
  59  -0.00000001    -0.00000008    -0.00000001     0.00000000    -0.00000004     0.00000004   
  60  -0.00000001     0.00000002    -0.00000002     0.00000002     0.00000005    -0.00000006   
           7              8              9              10             11             12       
   1  -0.00000000    -0.00000000    -0.00000000     0.00000000    -0.00000000     0.00000000   
   2  -0.00000000     0.00000000     0.00000000    -0.00000000     0.00000000    -0.00000000   
   3  -0.00000000     0.00000000    -0.00000000     0.00000000    -0.00000000    -0.00000000   
   4   0.00000000     0.00000000     0.00000000    -0.00000000    -0.00000000    -0.00000000   
   5   0.00000000     0.00000000    -0.00000000     0.00000000     0.00000000     0.00000000   
   6   0.00000000     0.00000000     0.00000000    -0.00000000    -0.00000000    -0.00000000   
   7  -6.05541154    -0.00000000    -0.00000000    -0.00000000    -0.00000000     0.00000000   
   8  -0.00000000    -6.05408710     0.00000000     0.00000000    -0.00000000     0.00000000   
   9  -0.00000000     0.00000000    -6.00237546    -0.00000000    -0.00000000     0.00000000   
  10  -0.00000000     0.00000000    -0.00000000    -5.99480971    -0.00000000    -0.00000000   
  11  -0.00000000    -0.00000000    -0.00000000    -0.00000000    -5.96968442     0.00000000   
  12   0.00000000     0.00000000     0.00000000    -0.00000000     0.00000000    -5.96741943   
  13  -0.00000000     0.00000000    -0.00000000     0.00000000    -0.00000000     0.00000000   
  14  -0.00000000     0.00000000     0.00000000     0.00000000     0.00000000    -0.00000000   
  15  -0.00000000     0.00000000     0.00000000     0.00000000     0.00000000     0.00000000   
  16   0.00000000    -0.00000000     0.00000000     0.00000000     0.00000000     0.00000000   
  17  -0.00000000    -0.00000000    -0.00000000    -0.00000000     0.00000000    -0.00000000   
  18   0.00000000    -0.00000000    -0.00000000     0.00000000     0.00000000    -0.00000000   
  19  -0.00000000    -0.00000000     0.00000000     0.00000000    -0.00000000    -0.00000000   
  20   0.00000000     0.00000000     0.00000000    -0.00000000    -0.00000000     0.00000000   
  21   0.00000000     0.00000000    -0.00000000    -0.00000000     0.00000000    -0.00000000   
  22   0.00000000    -0.00000000     0.00000000     0.00000000    -0.00000000    -0.00000000   
  23  -0.00000000     0.00000000     0.00000000    -0.00000000     0.00000000     0.00000000   
  24  -0.00000000     0.00000000     0.00000000    -0.00000000    -0.00000000     0.00000000   
  25  -0.00000000    -0.00000000    -0.00000000    -0.00000000     0.00000000     0.00000000   
  26  -0.00000000     0.00000000     0.00000000    -0.00000000     0.00000000     0.00000000   
  27  -0.00000000    -0.00000000     0.00000000    -0.00000000     0.00000000    -0.00000000   
  28  -0.00000000     0.00000000     0.00000000    -0.00000000    -0.00000000     0.00000000   
  29  -0.00000000    -0.00000000     0.00000000     0.00000000     0.00000000    -0.00000000   
  30   0.00000000    -0.00000000    -0.00000000     0.00000000    -0.00000000     0.00000000   
  31   0.00000000     0.00000000    -0.00000000    -0.00000000    -0.00000000    -0.00000000   
  32   0.00000000    -0.00000000    -0.00000000     0.00000000     0.00000000     0.00000000   
  33   0.00000000    -0.00000000     0.00000000    -0.00000000     0.00000000     0.00000000   
  34  -0.00000000    -0.00000000    -0.00000000     0.00000000    -0.00000000    -0.00000000   
  35  -0.00000000    -0.00000000     0.00000000     0.00000000    -0.00000000     0.00000000   
  36  -0.00000000     0.00000000     0.00000000     0.00000000    -0.00000000     0.00000000   
  37   0.00000000     0.00000000    -0.00000000    -0.00000000     0.00000000     0.00000000   
  38  -0.00849840     0.00000055    -0.23865947    -0.00000782     0.06319784    -0.00000612   
  39   0.00000050     0.01150159     0.00000928    -0.21203241    -0.00000405    -0.08283508   
  40  -0.00000004     0.00000001    -0.00000000    -0.00000005    -0.00000002    -0.00000003   
  41  -0.00000009     0.00000003    -0.00000008     0.00000001     0.00000007     0.00000002   
  42  -0.00000002     0.00000001    -0.00000006     0.00000001    -0.00000001     0.00000000   
  43  -0.00000005     0.00000001     0.00000004    -0.00000002    -0.00000000     0.00000004   
  44   0.00000012     0.00000004    -0.00000003     0.00000001     0.00000003     0.00000000   
  45  -0.00000005    -0.00000007    -0.00000001     0.00000002     0.00000001    -0.00000001   
  46  -0.00000001     0.00000001    -0.00000005    -0.00000002     0.00000000    -0.00000001   
  47   0.00000001     0.00000003    -0.00000001     0.00000002    -0.00000001    -0.00000002   
  48  -0.00000002    -0.00000008     0.00000001     0.00000000    -0.00000006    -0.00000001   
  49  -0.00000003     0.00000001    -0.00000004    -0.00000004     0.00000007     0.00000004   
  50   0.00000004     0.00000008     0.00000001    -0.00000005    -0.00000001    -0.00000002   
  51  -0.00000000    -0.00000003     0.00000001     0.00000013    -0.00000008     0.00000009   
  52   0.00000010     0.00000006    -0.00000000    -0.00000001     0.00000001    -0.00000003   
  53  -0.00000006    -0.00000000     0.00000001     0.00000007    -0.00000003     0.00000004   
  54  -0.00000004    -0.00000002     0.00000010    -0.00000001    -0.00000006     0.00000001   
  55  -0.00000004    -0.00000005     0.00000004    -0.00000002    -0.00000001     0.00000006   
  56   0.00000003     0.00000006     0.00000003    -0.00000001     0.00000005    -0.00000002   
  57  -0.00000002     0.00000000    -0.00000000     0.00000002    -0.00000001    -0.00000002   
  58  -0.00000007    -0.00000006     0.00000000    -0.00000003     0.00000000    -0.00000000   
  59  -0.00000008    -0.00000004    -0.00000001     0.00000000    -0.00000004     0.00000008   
  60  -0.00000007    -0.00000004     0.00000000    -0.00000003     0.00000000     0.00000002   
           13             14             15             16             17             18       
   1  -0.00000000    -0.00000000     0.00000000    -0.00000000    -0.00000000     0.00000000   
   2   0.00000000     0.00000000     0.00000000     0.00000000     0.00000000     0.00000000   
   3  -0.00000000    -0.00000000     0.00000000     0.00000000     0.00000000    -0.00000000   
   4   0.00000000    -0.00000000     0.00000000    -0.00000000     0.00000000     0.00000000   
   5  -0.00000000    -0.00000000    -0.00000000    -0.00000000    -0.00000000    -0.00000000   
   6  -0.00000000     0.00000000    -0.00000000     0.00000000     0.00000000     0.00000000   
   7  -0.00000000    -0.00000000    -0.00000000     0.00000000    -0.00000000     0.00000000   
   8   0.00000000     0.00000000     0.00000000    -0.00000000    -0.00000000    -0.00000000   
   9  -0.00000000     0.00000000     0.00000000     0.00000000    -0.00000000    -0.00000000   
  10   0.00000000     0.00000000     0.00000000     0.00000000    -0.00000000     0.00000000   
  11  -0.00000000     0.00000000     0.00000000     0.00000000     0.00000000     0.00000000   
  12   0.00000000    -0.00000000     0.00000000     0.00000000    -0.00000000    -0.00000000   
  13  -5.96049889    -0.00000000    -0.00000000    -0.00000000    -0.00000000    -0.00000000   
  14  -0.00000000    -5.95971518    -0.00000000     0.00000000    -0.00000000     0.00000000   
  15  -0.00000000    -0.00000000    -5.95343161    -0.00000000     0.00000000    -0.00000000   
  16  -0.00000000     0.00000000    -0.00000000    -5.93186935     0.00000000     0.00000000   
  17  -0.00000000    -0.00000000     0.00000000     0.00000000    -5.93140443     0.00000000   
  18  -0.00000000     0.00000000    -0.00000000     0.00000000     0.00000000    -3.54961279   
  19   0.00000000     0.00000000     0.00000000     0.00000000    -0.00000000     0.00000000   
  20  -0.00000000    -0.00000000    -0.00000000    -0.00000000    -0.00000000    -0.00000000   
  21   0.00000000     0.00000000     0.00000000    -0.00000000    -0.00000000    -0.00000000   
  22  -0.00000000    -0.00000000     0.00000000    -0.00000000     0.00000000    -0.00000000   
  23   0.00000000     0.00000000    -0.00000000     0.00000000     0.00000000    -0.00000000   
  24   0.00000000     0.00000000    -0.00000000    -0.00000000    -0.00000000    -0.00000000   
  25  -0.00000000     0.00000000    -0.00000000    -0.00000000     0.00000000    -0.00000000   
  26  -0.00000000    -0.00000000    -0.00000000     0.00000000     0.00000000    -0.00000000   
  27   0.00000000     0.00000000    -0.00000000     0.00000000    -0.00000000    -0.00000000   
  28  -0.00000000     0.00000000    -0.00000000    -0.00000000    -0.00000000     0.00000000   
  29   0.00000000     0.00000000     0.00000000     0.00000000     0.00000000     0.00000000   
  30   0.00000000    -0.00000000     0.00000000    -0.00000000     0.00000000    -0.00000000   
  31   0.00000000     0.00000000     0.00000000    -0.00000000     0.00000000    -0.00000000   
  32  -0.00000000    -0.00000000     0.00000000     0.00000000    -0.00000000    -0.00000000   
  33  -0.00000000    -0.00000000     0.00000000    -0.00000000    -0.00000000     0.00000000   
  34  -0.00000000     0.00000000     0.00000000    -0.00000000    -0.00000000     0.00000000   
  35   0.00000000     0.00000000     0.00000000    -0.00000000     0.00000000     0.00000000   
  36   0.00000000     0.00000000    -0.00000000     0.00000000    -0.00000000     0.00000000   
  37  -0.00000000    -0.00000000    -0.00000000     0.00000000     0.00000000     0.00000000   
  38  -0.01091474    -0.00000365     0.02929954    -0.00000023    -0.04446202    -0.00000076   
  39   0.00000760    -0.03356513     0.00000095     0.04738879     0.00000100    -0.02319259   
  40   0.00000004    -0.00000003     0.00000002     0.00000001    -0.00000001     0.00000019   
  41  -0.00000006     0.00000002    -0.00000005     0.00000001     0.00000003    -0.00000019   
  42   0.00000004    -0.00000003     0.00000005    -0.00000003     0.00000009     0.00000002   
  43  -0.00000000     0.00000005     0.00000006     0.00000010     0.00000003     0.00000002   
  44  -0.00000003     0.00000000    -0.00000011     0.00000001     0.00000003     0.00000008   
  45   0.00000000     0.00000000     0.00000003    -0.00000001    -0.00000001     0.00000008   
  46  -0.00000011    -0.00000001    -0.00000004     0.00000003     0.00000003    -0.00000001   
  47  -0.00000000     0.00000012    -0.00000003     0.00000003     0.00000001    -0.00000002   
  48   0.00000004     0.00000002     0.00000000     0.00000006     0.00000002     0.00000004   
  49   0.00000001     0.00000003    -0.00000006    -0.00000003    -0.00000004     0.00000002   
  50   0.00000004    -0.00000007    -0.00000004    -0.00000001    -0.00000001    -0.00000002   
  51   0.00000004     0.00000000     0.00000012    -0.00000003    -0.00000001    -0.00000000   
  52  -0.00000002    -0.00000002    -0.00000008     0.00000004     0.00000003     0.00000010   
  53   0.00000003    -0.00000002    -0.00000003    -0.00000004    -0.00000003    -0.00000003   
  54   0.00000003    -0.00000000     0.00000014    -0.00000000     0.00000001     0.00000001   
  55  -0.00000006     0.00000000     0.00000002     0.00000001     0.00000003     0.00000004   
  56  -0.00000003    -0.00000004    -0.00000001     0.00000006     0.00000002     0.00000003   
  57  -0.00000000    -0.00000001     0.00000000    -0.00000002    -0.00000001     0.00000003   
  58   0.00000001     0.00000001    -0.00000002    -0.00000002     0.00000003     0.00000004   
  59   0.00000000    -0.00000003    -0.00000004    -0.00000004     0.00000002    -0.00000009   
  60  -0.00000001     0.00000001     0.00000001    -0.00000002     0.00000002     0.00000006   
           19             20             21             22             23             24       
   1   0.00000000    -0.00000000    -0.00000000     0.00000000    -0.00000000     0.00000000   
   2  -0.00000000    -0.00000000    -0.00000000     0.00000000    -0.00000000     0.00000000   
   3  -0.00000000    -0.00000000    -0.00000000    -0.00000000    -0.00000000    -0.00000000   
   4  -0.00000000    -0.00000000     0.00000000    -0.00000000    -0.00000000    -0.00000000   
   5   0.00000000    -0.00000000     0.00000000    -0.00000000    -0.00000000    -0.00000000   
   6  -0.00000000    -0.00000000     0.00000000    -0.00000000    -0.00000000    -0.00000000   
   7  -0.00000000     0.00000000     0.00000000     0.00000000    -0.00000000    -0.00000000   
   8  -0.00000000     0.00000000     0.00000000    -0.00000000     0.00000000     0.00000000   
   9   0.00000000     0.00000000    -0.00000000     0.00000000     0.00000000     0.00000000   
  10   0.00000000    -0.00000000    -0.00000000     0.00000000    -0.00000000    -0.00000000   
  11  -0.00000000    -0.00000000     0.00000000    -0.00000000     0.00000000    -0.00000000   
  12  -0.00000000     0.00000000    -0.00000000    -0.00000000     0.00000000     0.00000000   
  13   0.00000000    -0.00000000     0.00000000    -0.00000000     0.00000000     0.00000000   
  14   0.00000000    -0.00000000     0.00000000    -0.00000000     0.00000000     0.00000000   
  15   0.00000000    -0.00000000     0.00000000     0.00000000    -0.00000000    -0.00000000   
  16   0.00000000    -0.00000000    -0.00000000    -0.00000000     0.00000000    -0.00000000   
  17  -0.00000000    -0.00000000    -0.00000000     0.00000000     0.00000000    -0.00000000   
  18   0.00000000    -0.00000000    -0.00000000    -0.00000000    -0.00000000    -0.00000000   
  19  -2.83342989    -0.00000000     0.00000000    -0.00000000     0.00000000     0.00000000   
  20  -0.00000000    -1.83703504     0.00000000    -0.00000000     0.00000000     0.00000000   
  21   0.00000000     0.00000000    -1.80954996     0.00000000    -0.00000000    -0.00000000   
  22  -0.00000000    -0.00000000     0.00000000    -1.44509811     0.00000000    -0.00000000   
  23   0.00000000     0.00000000    -0.00000000     0.00000000    -1.44509682     0.00000000   
  24   0.00000000     0.00000000    -0.00000000    -0.00000000     0.00000000    -0.86175876   
  25   0.00000000    -0.00000000     0.00000000     0.00000000     0.00000000    -0.00000000   
  26  -0.00000000    -0.00000000     0.00000000     0.00000000    -0.00000000     0.00000000   
  27  -0.00000000     0.00000000    -0.00000000     0.00000000     0.00000000     0.00000000   
  28  -0.00000000     0.00000000     0.00000000    -0.00000000     0.00000000     0.00000000   
  29  -0.00000000    -0.00000000    -0.00000000     0.00000000    -0.00000000     0.00000000   
  30  -0.00000000    -0.00000000     0.00000000    -0.00000000    -0.00000000    -0.00000000   
  31  -0.00000000     0.00000000    -0.00000000    -0.00000000    -0.00000000    -0.00000000   
  32   0.00000000    -0.00000000     0.00000000    -0.00000000    -0.00000000    -0.00000000   
  33  -0.00000000     0.00000000     0.00000000     0.00000000    -0.00000000    -0.00000000   
  34  -0.00000000    -0.00000000    -0.00000000     0.00000000    -0.00000000     0.00000000   
  35  -0.00000000    -0.00000000    -0.00000000     0.00000000    -0.00000000     0.00000000   
  36  -0.00000000    -0.00000000    -0.00000000    -0.00000000    -0.00000000     0.00000000   
  37  -0.00000000    -0.00000000    -0.00000000    -0.00000000    -0.00000000    -0.00000000   
  38  -0.11845713    -0.00002417     0.73681956     0.00038061     0.00448190     0.00001376   
  39   0.00000409    -0.77237590    -0.00002309    -0.00448529     0.00037980     0.52021738   
  40  -0.00000031     0.00000006     0.00000002     0.00000001    -0.00000002    -0.00000022   
  41  -0.00000005     0.00000008     0.00000008     0.00000000     0.00000003    -0.00000002   
  42   0.00000004     0.00000009     0.00000004    -0.00000002    -0.00000004    -0.00000005   
  43   0.00000006    -0.00000017    -0.00000006    -0.00000001     0.00000001     0.00000008   
  44   0.00000002     0.00000002    -0.00000002     0.00000000    -0.00000001    -0.00000005   
  45   0.00000004     0.00000006     0.00000002    -0.00000001     0.00000001    -0.00000006   
  46  -0.00000002     0.00000004     0.00000002     0.00000001     0.00000001    -0.00000005   
  47  -0.00000001     0.00000001     0.00000004     0.00000005     0.00000001    -0.00000003   
  48  -0.00000001     0.00000000    -0.00000001     0.00000002    -0.00000002     0.00000003   
  49   0.00000006     0.00000002     0.00000004     0.00000003    -0.00000002     0.00000002   
  50   0.00000017    -0.00000007     0.00000014    -0.00000004    -0.00000003     0.00000007   
  51  -0.00000003     0.00000014    -0.00000005     0.00000003    -0.00000002    -0.00000013   
  52  -0.00000016    -0.00000004     0.00000005    -0.00000002    -0.00000001    -0.00000005   
  53  -0.00000004     0.00000016    -0.00000001     0.00000007    -0.00000002    -0.00000006   
  54   0.00000007     0.00000007    -0.00000005     0.00000000     0.00000000    -0.00000003   
  55  -0.00000006     0.00000004    -0.00000007     0.00000002     0.00000005    -0.00000002   
  56   0.00000005    -0.00000004    -0.00000007    -0.00000004    -0.00000000    -0.00000002   
  57  -0.00000000     0.00000001    -0.00000000    -0.00000002    -0.00000001    -0.00000005   
  58   0.00000004     0.00000001    -0.00000000    -0.00000002    -0.00000000    -0.00000002   
  59  -0.00000007     0.00000012     0.00000002     0.00000007    -0.00000000    -0.00000009   
  60   0.00000004    -0.00000000     0.00000000     0.00000001     0.00000001     0.00000007   
           25             26             27             28             29             30       
   1  -0.00000000    -0.00000000    -0.00000000    -0.00000000     0.00000000    -0.00000000   
   2   0.00000000    -0.00000000     0.00000000    -0.00000000    -0.00000000     0.00000000   
   3   0.00000000     0.00000000    -0.00000000    -0.00000000    -0.00000000    -0.00000000   
   4  -0.00000000     0.00000000    -0.00000000    -0.00000000     0.00000000     0.00000000   
   5  -0.00000000    -0.00000000     0.00000000    -0.00000000    -0.00000000     0.00000000   
   6  -0.00000000    -0.00000000     0.00000000     0.00000000     0.00000000    -0.00000000   
   7  -0.00000000    -0.00000000    -0.00000000    -0.00000000    -0.00000000     0.00000000   
   8  -0.00000000     0.00000000    -0.00000000     0.00000000    -0.00000000    -0.00000000   
   9  -0.00000000     0.00000000     0.00000000     0.00000000     0.00000000    -0.00000000   
  10  -0.00000000    -0.00000000    -0.00000000    -0.00000000     0.00000000     0.00000000   
  11   0.00000000     0.00000000     0.00000000    -0.00000000     0.00000000    -0.00000000   
  12   0.00000000     0.00000000    -0.00000000     0.00000000    -0.00000000     0.00000000   
  13  -0.00000000    -0.00000000     0.00000000    -0.00000000     0.00000000     0.00000000   
  14   0.00000000    -0.00000000     0.00000000     0.00000000     0.00000000    -0.00000000   
  15  -0.00000000    -0.00000000    -0.00000000    -0.00000000     0.00000000     0.00000000   
  16  -0.00000000     0.00000000     0.00000000    -0.00000000     0.00000000    -0.00000000   
  17   0.00000000     0.00000000    -0.00000000    -0.00000000     0.00000000     0.00000000   
  18  -0.00000000    -0.00000000    -0.00000000     0.00000000     0.00000000    -0.00000000   
  19   0.00000000    -0.00000000    -0.00000000    -0.00000000    -0.00000000    -0.00000000   
  20  -0.00000000    -0.00000000     0.00000000     0.00000000    -0.00000000    -0.00000000   
  21   0.00000000     0.00000000    -0.00000000     0.00000000    -0.00000000     0.00000000   
  22   0.00000000     0.00000000     0.00000000    -0.00000000     0.00000000    -0.00000000   
  23   0.00000000    -0.00000000     0.00000000     0.00000000    -0.00000000    -0.00000000   
  24  -0.00000000     0.00000000     0.00000000     0.00000000     0.00000000    -0.00000000   
  25  -0.75309799     0.00000000    -0.00000000     0.00000000     0.00000000     0.00000000   
  26   0.00000000     0.13944783     0.00000000    -0.00000000     0.00000000    -0.00000000   
  27  -0.00000000     0.00000000     0.38392083     0.00000000    -0.00000000     0.00000000   
  28   0.00000000    -0.00000000     0.00000000     1.27615951    -0.00000000     0.00000000   
  29   0.00000000     0.00000000    -0.00000000    -0.00000000     1.27736965     0.00000000   
  30   0.00000000    -0.00000000     0.00000000     0.00000000     0.00000000     1.30590024   
  31  -0.00000000    -0.00000000     0.00000000    -0.00000000     0.00000000    -0.00000000   
  32   0.00000000    -0.00000000    -0.00000000     0.00000000    -0.00000000     0.00000000   
  33  -0.00000000    -0.00000000     0.00000000    -0.00000000     0.00000000    -0.00000000   
  34  -0.00000000     0.00000000     0.00000000    -0.00000000    -0.00000000     0.00000000   
  35   0.00000000     0.00000000    -0.00000000    -0.00000000    -0.00000000     0.00000000   
  36   0.00000000    -0.00000000     0.00000000    -0.00000000    -0.00000000    -0.00000000   
  37  -0.00000000     0.00000000    -0.00000000     0.00000000     0.00000000     0.00000000   
  38   0.47829438    -0.98491306     0.00003173    -0.00000150     0.01343431    -0.27488464   
  39  -0.00001310     0.00003161     0.97787120    -0.01554360    -0.00000054     0.00000853   
  40  -0.00000046    -0.00000035     0.00000013    -0.00000005     0.00000010     0.00000000   
  41   0.00000003    -0.00000024    -0.00000002    -0.00000002     0.00000004     0.00000018   
  42   0.00000002     0.00000001    -0.00000004     0.00000004     0.00000000    -0.00000002   
  43  -0.00000004     0.00000006     0.00000011     0.00000001     0.00000008     0.00000000   
  44  -0.00000001    -0.00000007    -0.00000010    -0.00000014    -0.00000028     0.00000012   
  45   0.00000005    -0.00000003    -0.00000005     0.00000025     0.00000017     0.00000004   
  46   0.00000010    -0.00000007    -0.00000002     0.00000001    -0.00000002     0.00000003   
  47   0.00000004    -0.00000004    -0.00000002    -0.00000001    -0.00000004     0.00000004   
  48  -0.00000001    -0.00000009    -0.00000005     0.00000005     0.00000004     0.00000005   
  49   0.00000012     0.00000000    -0.00000008     0.00000005     0.00000013    -0.00000004   
  50   0.00000013    -0.00000018     0.00000012    -0.00000014    -0.00000006     0.00000015   
  51  -0.00000031    -0.00000024     0.00000002     0.00000007    -0.00000004     0.00000015   
  52  -0.00000008    -0.00000011     0.00000000    -0.00000006    -0.00000010    -0.00000009   
  53   0.00000022     0.00000028    -0.00000027    -0.00000008     0.00000006    -0.00000014   
  54  -0.00000010     0.00000006    -0.00000001     0.00000001     0.00000001     0.00000009   
  55  -0.00000004     0.00000012    -0.00000002     0.00000002     0.00000007    -0.00000002   
  56   0.00000002     0.00000014     0.00000005    -0.00000009    -0.00000002     0.00000000   
  57  -0.00000007    -0.00000004     0.00000005     0.00000001     0.00000002     0.00000002   
  58   0.00000006    -0.00000002    -0.00000000     0.00000001     0.00000013    -0.00000001   
  59  -0.00000000    -0.00000000    -0.00000008     0.00000008     0.00000005    -0.00000005   
  60   0.00000006     0.00000007    -0.00000001     0.00000002     0.00000001    -0.00000005   
           31             32             33             34             35             36       
   1  -0.00000000    -0.00000000     0.00000000     0.00000000     0.00000000    -0.00000000   
   2  -0.00000000     0.00000000    -0.00000000    -0.00000000     0.00000000    -0.00000000   
   3  -0.00000000     0.00000000    -0.00000000     0.00000000     0.00000000    -0.00000000   
   4   0.00000000    -0.00000000    -0.00000000    -0.00000000    -0.00000000    -0.00000000   
   5   0.00000000    -0.00000000     0.00000000     0.00000000    -0.00000000     0.00000000   
   6   0.00000000     0.00000000     0.00000000    -0.00000000    -0.00000000    -0.00000000   
   7   0.00000000     0.00000000     0.00000000    -0.00000000    -0.00000000    -0.00000000   
   8   0.00000000    -0.00000000    -0.00000000    -0.00000000    -0.00000000     0.00000000   
   9  -0.00000000    -0.00000000     0.00000000    -0.00000000     0.00000000     0.00000000   
  10  -0.00000000     0.00000000    -0.00000000     0.00000000     0.00000000     0.00000000   
  11  -0.00000000     0.00000000     0.00000000    -0.00000000    -0.00000000    -0.00000000   
  12  -0.00000000     0.00000000     0.00000000    -0.00000000     0.00000000     0.00000000   
  13   0.00000000    -0.00000000    -0.00000000    -0.00000000     0.00000000     0.00000000   
  14   0.00000000    -0.00000000    -0.00000000     0.00000000     0.00000000     0.00000000   
  15   0.00000000     0.00000000     0.00000000     0.00000000     0.00000000    -0.00000000   
  16  -0.00000000     0.00000000    -0.00000000    -0.00000000    -0.00000000     0.00000000   
  17   0.00000000    -0.00000000    -0.00000000    -0.00000000     0.00000000    -0.00000000   
  18  -0.00000000    -0.00000000     0.00000000     0.00000000     0.00000000     0.00000000   
  19  -0.00000000     0.00000000    -0.00000000    -0.00000000    -0.00000000    -0.00000000   
  20   0.00000000    -0.00000000     0.00000000    -0.00000000    -0.00000000    -0.00000000   
  21  -0.00000000     0.00000000     0.00000000    -0.00000000    -0.00000000    -0.00000000   
  22  -0.00000000    -0.00000000     0.00000000     0.00000000     0.00000000    -0.00000000   
  23  -0.00000000    -0.00000000    -0.00000000    -0.00000000    -0.00000000    -0.00000000   
  24  -0.00000000    -0.00000000    -0.00000000     0.00000000     0.00000000     0.00000000   
  25  -0.00000000     0.00000000    -0.00000000    -0.00000000     0.00000000     0.00000000   
  26  -0.00000000    -0.00000000    -0.00000000     0.00000000     0.00000000    -0.00000000   
  27   0.00000000    -0.00000000     0.00000000     0.00000000    -0.00000000     0.00000000   
  28  -0.00000000     0.00000000    -0.00000000    -0.00000000    -0.00000000    -0.00000000   
  29   0.00000000    -0.00000000     0.00000000    -0.00000000    -0.00000000    -0.00000000   
  30  -0.00000000     0.00000000    -0.00000000     0.00000000     0.00000000    -0.00000000   
  31   1.43841646     0.00000000    -0.00000000    -0.00000000     0.00000000    -0.00000000   
  32   0.00000000     1.44032599    -0.00000000     0.00000000     0.00000000    -0.00000000   
  33  -0.00000000    -0.00000000     1.44407478    -0.00000000     0.00000000    -0.00000000   
  34  -0.00000000     0.00000000    -0.00000000     1.44642348    -0.00000000     0.00000000   
  35   0.00000000     0.00000000     0.00000000    -0.00000000     1.45716640     0.00000000   
  36  -0.00000000    -0.00000000    -0.00000000     0.00000000     0.00000000     1.66742015   
  37   0.00000000     0.00000000     0.00000000    -0.00000000    -0.00000000     0.00000000   
  38  -0.00000254    -0.00833933    -0.00000058     0.01305613     0.00000329    -0.00274293   
  39  -0.04531823     0.00001009    -0.04065158     0.00000368     0.11313653     0.00065408   
  40  -0.00000002    -0.00000001    -0.00000001     0.00000002    -0.00000001     0.00000003   
  41   0.00000012     0.00000004     0.00000005    -0.00000002    -0.00000008     0.00000002   
  42  -0.00000009    -0.00000007    -0.00000000     0.00000004     0.00000001     0.00000020   
  43   0.00000001     0.00000002    -0.00000005    -0.00000004     0.00000004     0.00000006   
  44  -0.00000002     0.00000003    -0.00000002    -0.00000002     0.00000008    -0.00000001   
  45  -0.00000008    -0.00000002    -0.00000004    -0.00000000     0.00000008     0.00000000   
  46   0.00000001     0.00000024     0.00000000    -0.00000007     0.00000001     0.00000000   
  47   0.00000023     0.00000007    -0.00000004    -0.00000003     0.00000007    -0.00000002   
  48  -0.00000001    -0.00000010     0.00000003    -0.00000015     0.00000007     0.00000008   
  49  -0.00000002    -0.00000001    -0.00000023     0.00000002    -0.00000004    -0.00000003   
  50   0.00000007    -0.00000001     0.00000006    -0.00000001    -0.00000006    -0.00000003   
  51   0.00000014    -0.00000002     0.00000013    -0.00000003    -0.00000028    -0.00000003   
  52   0.00000006     0.00000000    -0.00000002     0.00000006     0.00000000     0.00000005   
  53   0.00000004     0.00000004    -0.00000001    -0.00000003     0.00000007    -0.00000005   
  54  -0.00000004    -0.00000001     0.00000001     0.00000001     0.00000001     0.00000003   
  55  -0.00000001     0.00000003     0.00000003     0.00000000    -0.00000001     0.00000003   
  56  -0.00000005    -0.00000003     0.00000001     0.00000004    -0.00000002    -0.00000010   
  57   0.00000001    -0.00000005     0.00000002    -0.00000001     0.00000001     0.00000001   
  58   0.00000000    -0.00000005    -0.00000005    -0.00000002    -0.00000000    -0.00000002   
  59   0.00000003     0.00000008     0.00000002    -0.00000003    -0.00000009    -0.00000003   
  60  -0.00000000    -0.00000001    -0.00000004    -0.00000001     0.00000004    -0.00000002   
           37             38             39       
   1  -0.00000000     0.34072768    -0.00002164   
   2  -0.00000000     0.00002153     0.33461752   
   3  -0.00000000     0.00743848    -0.00017673   
   4  -0.00000000    -0.00017685    -0.00738949   
   5   0.00000000    -0.14165352     0.00000596   
   6  -0.00000000    -0.00000659    -0.16976826   
   7   0.00000000    -0.00849837     0.00000045   
   8   0.00000000     0.00000056     0.01150157   
   9  -0.00000000    -0.23865952     0.00000924   
  10  -0.00000000    -0.00000781    -0.21203239   
  11   0.00000000     0.06319791    -0.00000406   
  12   0.00000000    -0.00000614    -0.08283506   
  13  -0.00000000    -0.01091474     0.00000757   
  14  -0.00000000    -0.00000367    -0.03356509   
  15  -0.00000000     0.02929947     0.00000099   
  16   0.00000000    -0.00000022     0.04738876   
  17   0.00000000    -0.04446205     0.00000099   
  18   0.00000000    -0.00000075    -0.02319263   
  19  -0.00000000    -0.11845723     0.00000407   
  20  -0.00000000    -0.00002417    -0.77237591   
  21  -0.00000000     0.73681966    -0.00002309   
  22  -0.00000000     0.00038061    -0.00448527   
  23  -0.00000000     0.00448195     0.00037985   
  24  -0.00000000     0.00001372     0.52021735   
  25  -0.00000000     0.47829443    -0.00001306   
  26   0.00000000    -0.98491328     0.00003152   
  27  -0.00000000     0.00003179     0.97787133   
  28   0.00000000    -0.00000149    -0.01554365   
  29   0.00000000     0.01343433    -0.00000061   
  30   0.00000000    -0.27488467     0.00000845   
  31   0.00000000    -0.00000245    -0.04531811   
  32  -0.00000000    -0.00833928     0.00001012   
  33   0.00000000    -0.00000054    -0.04065152   
  34  -0.00000000     0.01305611     0.00000371   
  35  -0.00000000     0.00000321     0.11313649   
  36   0.00000000    -0.00274295     0.00065410   
  37   1.66742079     0.00066385     0.00270100   
  38   0.00066380     0.98942527    -0.00000000   
  39   0.00270110    -0.00000000     0.98987836   
  40  -0.00000002    -0.00000005    -0.00000019   
  41  -0.00000001     0.00000001    -0.00000006   
  42  -0.00000006    -0.00000012     0.00000008   
  43   0.00000019     0.00000002    -0.00000005   
  44   0.00000002     0.00000007    -0.00000004   
  45   0.00000006    -0.00000002     0.00000011   
  46   0.00000006    -0.00000002    -0.00000003   
  47   0.00000005     0.00000001     0.00000001   
  48  -0.00000001    -0.00000008     0.00000006   
  49   0.00000006    -0.00000003    -0.00000004   
  50   0.00000001     0.00000006    -0.00000023   
  51   0.00000002    -0.00000005     0.00000031   
  52   0.00000004    -0.00000006     0.00000004   
  53  -0.00000001     0.00000009     0.00000003   
  54  -0.00000003     0.00000013    -0.00000002   
  55   0.00000009     0.00000005     0.00000009   
  56   0.00000007     0.00000008    -0.00000003   
  57   0.00000001     0.00000003     0.00000002   
  58   0.00000003    -0.00000006     0.00000012   
  59  -0.00000000     0.00000000     0.00000015   
  60  -0.00000004    -0.00000002    -0.00000005   

[[-0.996975  0.000079  0.001495 ... -0.000902 -0.       -0.000862]
 [-0.000079 -0.998513 -0.000016 ... -0.        0.001288 -0.      ]
 [-0.001163  0.000067 -0.995759 ... -0.000017 -0.000003 -0.00002 ]
 ...
 [-0.000857 -0.       -0.000022 ... -0.995152 -0.000001  0.061065]
 [-0.        0.001032 -0.000001 ...  0.000001 -0.996952 -0.      ]
 [ 0.00059   0.        0.000011 ...  0.060848 -0.        0.995699]]
 Saved MO coefficients to FCIDUMP/FCIDUMP_TTMmTTM_core_mo_coeff.npy
