                    ---------------------------------
                    | Radical ExROPPP Calculation |
                    ---------------------------------

Molecule: meta-xylylene.xyz radical

--------------------------------
Cartesian Coordinates / Angstrom
--------------------------------

 C          0.0000000000   0.0000000000   1.3984472733
 H          0.0000000000   0.0000000000   2.4859073286
 C         -0.0000000000   0.0000000000  -1.4051760785
 H         -0.0000000000   0.0000000000  -2.4920882239
 C         -1.2443431148   0.0000000000   0.7135129354
 C          1.2443431148  -0.0000000000   0.7135129354
 C         -1.2116931408   0.0000000000  -0.7204174728
 C          1.2116931408   0.0000000000  -0.7204174728
 C         -2.4612599728   0.0000000000   1.4106518075
 C          2.4612599728   0.0000000000   1.4106518075
 H         -2.1506999205   0.0000000000  -1.2667317623
 H          2.1506999205   0.0000000000  -1.2667317623
 H         -2.4869619022   0.0000000000   2.4951587166
 H          2.4869619022  -0.0000000000   2.4951587166
 H         -3.4097382286   0.0000000000   0.8842806258
 H          3.4097382286   0.0000000000   0.8842806258

There are 8 heavy atoms.
There are 8 electrons in 8 orbitals.


Carbon 1e params: A = -22.717075 b = 1.705616

Nitrogen 1e params: alphan2 = -17.681338 Acn2 = -24.737202 bcn2 = 1.433639

Chlorine 1e params: alphacl = -10.335674 Accl = -26.021937 bccl=1.451861

Carbon 2e params: U = 8.420838 r0 = 1.173157

Nitrogen 2e params: Un2n2 = 17.979843 r0n2n2 = 1.111791

Chlorine 2e params: Uclcl= 9.642991 r0clcl = 2.253316

Mixed 2e params: Ucn2 = 13.200341 Uccl = 9.031915 Un2cl = 13.811417 r0cn2 =1.142474 r0ccl = 1.713237 r0n2cl = 1.682554
[8.42083845 2.4841616  3.80904694 3.80904694 2.73351519 2.73351519
 2.71814789 2.71814789]
FCIDUMP file in AO basis written to FCIDUMP/FCIDUMP_AO_meta-xylylene


-------------------------------------
Restricted Open-shell PPP Calculation
-------------------------------------

Starting SCF cycle...

Iter   Energy        Dens Change      Energy Change
-----------------------------------------------------
0 -8.108895581465884 0.009167751701454896 -8.108895581465884
1 -8.11128845505956 0.003272810264160375 -0.002392873593676015
2 -8.111884097400061 0.0012060332666574691 -0.0005956423405013567
3 -8.11206566402322 0.00045103123171785775 -0.00018156662315860217
4 -8.112126877559707 0.00016976140914637394 -6.121353648680383e-05
5 -8.11214861402572 6.405280694787852e-05 -2.1736466013777545e-05
6 -8.112156539894642 2.418399693215889e-05 -7.92586892117697e-06
7 -8.112159469651264 9.130257505263195e-06 -2.9297566221941906e-06
8 -8.112160560479165 3.4457651192365546e-06 -1.0908279008958743e-06
9 -8.11216096825509 1.299902328555369e-06 -4.0777592502649895e-07
10 -8.112161121048814 4.901965863224333e-07 -1.527937243395172e-07
11 -8.112161178383854 1.847944444133276e-07 -5.733503982696675e-08
12 -8.112161199918829 6.964545851140258e-08 -2.153497469237209e-08
13 -8.11216120801256 2.6242520823061e-08 -8.093731906910762e-09
14 -8.112161211055897 9.886598872910213e-09 -3.0433362496751215e-09
15 -8.112161212200663 3.724199282295615e-09 -1.1447660597241338e-09
16 -8.112161212631298 1.4027365935476155e-09 -4.306350831484451e-10
17 -8.112161212793385 5.283066206729359e-10 -1.6208723252475465e-10
18 -8.112161212854387 1.989621800646546e-10 -6.1001870221844e-11
19 -8.112161212877357 7.492639841899518e-11 -2.297007029028464e-11
20 -8.112161212885955 2.8215541014731116e-11 -8.597567102697212e-12
21 -8.112161212889273 1.0624723323360286e-11 -3.318234575999668e-12
22 -8.112161212890506 4.001798892261377e-12 -1.2327916465437738e-12
23 -8.1121612128909 1.5060175329040248e-12 -3.943512183468556e-13
24 -8.112161212891099 5.674349878859175e-13 -1.9895196601282805e-13
25 -8.112161212891163 2.1371793224034263e-13 -6.394884621840902e-14
26 -8.112161212891197 8.049116928532385e-14 -3.375077994860476e-14
27 -8.11216121289119 3.019806626980426e-14 7.105427357601002e-15
28 -8.11216121289122 1.1435297153639112e-14 -3.019806626980426e-14
29 -8.112161212891237 4.440892098500626e-15 -1.7763568394002505e-14

--------------------------
Converged ROPPP Orbitals
--------------------------

orbital number 1 energy -6.515937721960237
[0.39 0.35 0.43 0.43 0.36 0.36 0.21 0.21]
orbital number 2 energy -4.624173936863001
[ 0.   -0.   -0.5   0.5  -0.34  0.34 -0.37  0.37]
orbital number 3 energy -4.146207579356689
[ 0.41 -0.61  0.25  0.25 -0.35 -0.35  0.21  0.21]
orbital number 4 energy 0.0
[ 0.6   0.   -0.   -0.   -0.04  0.06 -0.52 -0.61]
orbital number 5 energy 0.0
[ 0.06 -0.   -0.    0.    0.52 -0.52 -0.53  0.42]
orbital number 6 energy 4.146207579356689
[-0.41 -0.61  0.25  0.25  0.35  0.35 -0.21 -0.21]
orbital number 7 energy 4.624173936862997
[ 0.    0.    0.5  -0.5  -0.34  0.34 -0.37  0.37]
orbital number 8 energy 6.515937721960235
[ 0.39 -0.35 -0.43 -0.43  0.36  0.36  0.21  0.21]
ENERGY0: -8.112161212891237

Orbital occupation numbers:
1: 2.000000
2: 2.000000
3: 2.000000
4: 1.000000
5: 1.000000
6: 0.000000
7: 0.000000
8: 0.000000

------------------------
Starting ExROPPP calculation for diradical in rotated basis
------------------------

Fock matrix in rotated MO basis: [[-2.30551850e+00 -1.07287197e-15  1.82828516e-16  8.98122485e-16
  -2.18926412e-16 -9.90944501e-16  6.40035280e-17  3.73767786e-16]
 [-1.15233688e-15 -4.13754712e-01  7.14013470e-16  3.45379043e-16
   5.31658330e-17  6.69546753e-17  6.41971278e-16 -7.58417515e-16]
 [ 4.87061434e-17  7.60072091e-16  6.42116456e-02  3.53045239e-16
  -4.77751049e-16 -4.35083949e-18  5.42573542e-16 -2.02636391e-15]
 [ 6.93676109e-16  2.67347928e-16  1.80241846e-16  4.21041922e+00
   6.48974793e-16  1.61167092e-15 -4.00509126e-17 -6.34062390e-16]
 [ 2.14248442e-16 -1.13818795e-16 -5.96685655e-16  5.30361182e-16
   4.21041922e+00  1.28945000e-16 -1.25462940e-17  8.40324464e-17]
 [-8.24176362e-16 -1.94204483e-16 -1.01762495e-15  1.13873793e-15
   3.95968563e-16  8.35662680e+00  5.97559675e-16  1.05553899e-15]
 [-2.22044605e-16  6.93889390e-17  3.13984949e-16  0.00000000e+00
   7.77156117e-16  1.11022302e-15  8.83459316e+00  0.00000000e+00]
 [ 2.77555756e-16 -2.49800181e-16 -2.93775421e-15 -2.77555756e-16
   0.00000000e+00  6.66133815e-16 -8.88178420e-16  1.07263569e+01]]
Dimensions of CI matrix: (136, 136)
Checking that the Hamiltonian is symmetric (a value of zero means matrix is symmetric) ... 
Frobenius norm of matrix - matrix transpose = 0.000000.

Using dense solver (eigh) on each block ...

Diagonalisation complete. Returning 136 states.

Checking that the Dipole matrix is symmetric (a value of zero means matrix is symmetric) ... 
Frobenius norm of matrix - matrix transpose = 0.00000             0.00000, 0.00000.

Energy of the lowest CI state: -11.380592953784053
Ground state is triplet

State 0 0.000 eV
Excitation                         CI Coef       TDM X       TDM Y       TDM Z       |TDM|
|3^OS>                            0.95049    0.00000    0.00000    0.18628    0.00000
|3^CS(2->0')>                    -0.05991   -0.00780   -0.00000    0.06615    0.00000
|3^SV(0'->2')>                   -0.05991    0.00780   -0.00000   -0.06467   -0.00000
|3X^CV(3->3')>                   -0.10487    0.00000   -0.00000    0.00227    0.00000
|3X^CV(2->2')>                   -0.18908    0.00000   -0.00000    0.00737    0.00000
|3X^CV(1->1')>                    0.17566    0.00000    0.00000    0.00636    0.00000
TDMs with Triplet 'Ground' state
TDMX:0.000   TDMY:0.000   TDMZ:0.206   Oscillator Strength:0.00000   <S**2>: 2.000
--------------------------------------------------------------------
TDMs with Singlet 'Ground' state
TDMX:0.000   TDMY:0.000   TDMZ:0.000   Oscillator Strength:-0.00000   <S**2>: 2.000
--------------------------------------------------------------------


State 1 0.481 eV
Excitation                         CI Coef       TDM X       TDM Y       TDM Z       |TDM|
|1^OS>                            0.17249   -0.00000    0.00000    0.00613    0.00000
|1^ZW->                           0.88294    0.00000    0.00000    0.16075    0.00000
|1^CS(2->0)>                     -0.23370    0.02719   -0.00000    0.22516    0.00000
|1^CS(3->0')>                     0.07201   -0.00175    0.00000    0.01079    0.00000
|1^CS(1->0')>                     0.13473   -0.01546    0.00000   -0.01640   -0.00000
|1^SV(0->2')>                    -0.23370   -0.02719   -0.00000   -0.20263   -0.00000
|1^SV(0'->1')>                   -0.13473    0.01546   -0.00000    0.02388    0.00000
|1^SV(0'->3')>                    0.07201    0.00175    0.00000   -0.00865   -0.00000
|1T^CV(3->2')>                    0.07904    0.00000    0.00000    0.00093    0.00000
|1T^CV(2->1')>                   -0.08845    0.00000   -0.00000    0.02177    0.00000
|1T^CV(2->3')>                    0.07904   -0.00000    0.00000    0.00165    0.00000
|1T^CV(1->2')>                    0.08845   -0.00000    0.00000   -0.01854   -0.00000
TDMs with Triplet 'Ground' state
TDMX:0.000   TDMY:0.000   TDMZ:0.000   Oscillator Strength:0.00000   <S**2>: 0.000
--------------------------------------------------------------------
TDMs with Singlet 'Ground' state
TDMX:0.000   TDMY:0.000   TDMZ:0.206   Oscillator Strength:0.00000   <S**2>: 0.000
--------------------------------------------------------------------


State 2 1.114 eV
Excitation                         CI Coef       TDM X       TDM Y       TDM Z       |TDM|
|1^OS>                            0.83940   -0.00000    0.00000    0.02985    0.00000
|1^ZW->                          -0.16398   -0.00000   -0.00000   -0.02985   -0.00000
|1^CS(3->0)>                      0.06991   -0.01756    0.00000   -0.00101    0.00000
|1^CS(1->0)>                      0.15067   -0.17868    0.00000    0.00177    0.00000
|1^CS(2->0')>                     0.27205    0.32705    0.00000   -0.02536   -0.00000
|1^SV(0->1')>                    -0.15089    0.17894   -0.00000   -0.00259   -0.00000
|1^SV(0->3')>                     0.06983    0.01754    0.00000    0.00081   -0.00000
|1^SV(0'->2')>                    0.27237   -0.32744    0.00000    0.02285    0.00000
|1T^CV(3->1')>                   -0.15616   -0.00096   -0.00000   -0.00000    0.00000
|1T^CV(2->2')>                   -0.06153   -0.00000   -0.00000   -0.00000    0.00000
|1T^CV(1->3')>                    0.15611    0.00096    0.00000    0.00000   -0.00000
|1^CSD_(2,1)>                    -0.05703   -0.01365   -0.00000   -0.00000    0.00000
|1^SVD_(1',2')>                  -0.05566    0.01332   -0.00000   -0.00000   -0.00000
TDMs with Triplet 'Ground' state
TDMX:0.000   TDMY:0.000   TDMZ:0.000   Oscillator Strength:0.00000   <S**2>: 0.000
--------------------------------------------------------------------
TDMs with Singlet 'Ground' state
TDMX:-0.000   TDMY:0.000   TDMZ:0.000   Oscillator Strength:0.00000   <S**2>: 0.000
--------------------------------------------------------------------


State 3 2.753 eV
Excitation                         CI Coef       TDM X       TDM Y       TDM Z       |TDM|
|1^ZW+>                          -0.92610    0.00000   -0.00000    1.15044    0.08414
|1^CS(2->0)>                     -0.08836    0.01028   -0.00000    0.08513    0.00623
|1^CS(1->0')>                    -0.13392    0.01537   -0.00000    0.01630    0.00119
|1^SV(0->2')>                     0.08836    0.01028    0.00000    0.07661    0.00560
|1^SV(0'->1')>                   -0.13392    0.01537   -0.00000    0.02374    0.00174
|1^ZCV0(1->1')>                  -0.06245    0.00430   -0.00000   -0.06410   -0.00469
|1^ZCV0'(1->1')>                  0.06245    0.00430    0.00000   -0.06347   -0.00464
|1^CSD_(2,2)>                     0.12378    0.00000    0.00000    0.05819    0.00426
|1^CSD_(1,1)>                     0.12073    0.00000    0.00000    0.01143    0.00084
|1^SVD_(1',1')>                   0.12073    0.00000    0.00000    0.01139    0.00083
|1^SVD_(2',2')>                   0.12378    0.00000    0.00000    0.05815    0.00425
TDMs with Triplet 'Ground' state
TDMX:0.000   TDMY:0.000   TDMZ:0.000   Oscillator Strength:0.00000   <S**2>: 0.000
--------------------------------------------------------------------
TDMs with Singlet 'Ground' state
TDMX:0.000   TDMY:0.000   TDMZ:1.314   Oscillator Strength:0.09610   <S**2>: 0.000
--------------------------------------------------------------------


State 4 2.770 eV
Excitation                         CI Coef       TDM X       TDM Y       TDM Z       |TDM|
|3^OS>                           -0.05288   -0.00000   -0.00000   -0.01036    0.00000
|3^CS(3->0)>                      0.14621    0.00147    0.00000    0.00120   -0.00000
|3^CS(2->0)>                      0.05005    0.06730    0.00000    0.00535    0.00000
|3^CS(1->0)>                      0.38995    0.04734    0.00000   -0.02743    0.00000
|3^CS(2->0')>                    -0.51722   -0.06730   -0.00000    0.57108   -0.00000
|3^SV(0->1')>                     0.38995   -0.04734    0.00000    0.03219   -0.00000
|3^SV(0->2')>                    -0.05005   -0.06730   -0.00000   -0.00523   -0.00000
|3^SV(0->3')>                    -0.14621   -0.00147   -0.00000    0.00005   -0.00000
|3^SV(0'->2')>                   -0.51722    0.06730   -0.00000   -0.55830    0.00000
|3S^CV(2->2')>                    0.14774   -0.00000    0.00000    0.00061   -0.00000
|3S^CV(1->1')>                    0.06643   -0.00000    0.00000   -0.00013    0.00000
|3X^CV(3->3')>                    0.08140   -0.00000    0.00000   -0.00176    0.00000
|3X^CV(1->1')>                   -0.16353   -0.00000   -0.00000   -0.00592    0.00000
|3^ZCV0(2->1')>                  -0.08500    0.00220   -0.00000    0.00344   -0.00000
|3^ZCV0'(4->2')>                 -0.08500   -0.00220   -0.00000   -0.00419    0.00000
|3^CSD(2,1)>                      0.09900    0.00000    0.00000    0.00138   -0.00000
|3^SVD(1,2)>                      0.09900   -0.00000    0.00000   -0.00066    0.00000
TDMs with Triplet 'Ground' state
TDMX:0.000   TDMY:0.000   TDMZ:-0.000   Oscillator Strength:0.00000   <S**2>: 2.000
--------------------------------------------------------------------
TDMs with Singlet 'Ground' state
TDMX:0.000   TDMY:0.000   TDMZ:0.000   Oscillator Strength:0.00000   <S**2>: 2.000
--------------------------------------------------------------------


State 5 2.805 eV
Excitation                         CI Coef       TDM X       TDM Y       TDM Z       |TDM|
|3^CS(2->0)>                     -0.17777   -0.23903   -0.00000   -0.01899   -0.00000
|3^CS(1->0)>                     -0.06173   -0.00749   -0.00000    0.00434   -0.00000
|3^CS(1->0')>                     0.63793   -0.80039    0.00000   -0.00434   -0.00000
|3^SV(0->1')>                    -0.06173    0.00749   -0.00000   -0.00510    0.00000
|3^SV(0->2')>                     0.17777    0.23903    0.00000    0.01857    0.00000
|3^SV(0'->1')>                   -0.63793    0.80039   -0.00000    0.00510    0.00000
|3T^CV(2->1')>                   -0.05199    0.03281   -0.00000   -0.00000    0.00000
|3T^CV(1->2')>                   -0.05199   -0.03281   -0.00000    0.00000   -0.00000
|3S^CV(2->1')>                    0.05570    0.01041    0.00000    0.00049    0.00000
|3S^CV(1->2')>                   -0.05570   -0.01041   -0.00000   -0.00034   -0.00000
|3X^CV(3->2')>                    0.11435   -0.01609    0.00000   -0.00000   -0.00000
|3X^CV(2->1')>                    0.05820   -0.00074    0.00000   -0.00000   -0.00000
|3X^CV(2->3')>                    0.11435    0.01609    0.00000    0.00000    0.00000
|3X^CV(1->2')>                   -0.05820    0.00074   -0.00000    0.00000    0.00000
|3^ZCV0(1->1')>                   0.16088   -0.01490    0.00000    0.00004   -0.00000
|3^ZCV0'(4->1')>                 -0.16088    0.01490   -0.00000    0.00004    0.00000
TDMs with Triplet 'Ground' state
TDMX:0.000   TDMY:0.000   TDMZ:-0.000   Oscillator Strength:0.00000   <S**2>: 2.000
--------------------------------------------------------------------
TDMs with Singlet 'Ground' state
TDMX:0.000   TDMY:0.000   TDMZ:0.000   Oscillator Strength:0.00000   <S**2>: 2.000
--------------------------------------------------------------------


State 6 3.026 eV
Excitation                         CI Coef       TDM X       TDM Y       TDM Z       |TDM|
|1^CS(3->0)>                      0.25526   -0.06412    0.00000   -0.00370   -0.00000
|1^CS(1->0)>                      0.48683   -0.57734    0.00000    0.00573   -0.00003
|1^CS(2->0')>                    -0.40445   -0.48622   -0.00000    0.03771   -0.00002
|1^SV(0->1')>                    -0.48773    0.57840   -0.00000   -0.00837    0.00003
|1^SV(0->3')>                     0.25466    0.06397    0.00000    0.00296    0.00000
|1^SV(0'->2')>                   -0.40403    0.48571   -0.00000   -0.03390    0.00002
|1T^CV(3->3')>                    0.08276    0.00000    0.00000   -0.00000    0.00000
|1T^CV(1->1')>                   -0.17914   -0.00000   -0.00000   -0.00000   -0.00000
|1^ZCV0(2->1')>                  -0.06507    0.06158   -0.00000    0.00116    0.00000
|1^ZCV0'(1->2')>                  0.06523   -0.06173    0.00000   -0.00118   -0.00000
|1^CSD_(2,1)>                    -0.05618   -0.01345   -0.00000   -0.00000   -0.00000
|1^SVD_(1',2')>                  -0.05693    0.01362   -0.00000   -0.00000    0.00000
TDMs with Triplet 'Ground' state
TDMX:0.000   TDMY:0.000   TDMZ:0.000   Oscillator Strength:0.00000   <S**2>: 0.000
--------------------------------------------------------------------
TDMs with Singlet 'Ground' state
TDMX:0.001   TDMY:0.000   TDMZ:-0.000   Oscillator Strength:0.00000   <S**2>: 0.000
--------------------------------------------------------------------


State 7 3.230 eV
Excitation                         CI Coef       TDM X       TDM Y       TDM Z       |TDM|
|1^ZW->                          -0.15338   -0.00000   -0.00000   -0.02792    0.00000
|1^CS(2->0)>                     -0.09239    0.01075   -0.00000    0.08902   -0.00000
|1^CS(1->0)>                     -0.05665    0.06718   -0.00000   -0.00067   -0.00000
|1^CS(3->0')>                    -0.23735    0.00577   -0.00000   -0.03556    0.00000
|1^CS(1->0')>                     0.58545   -0.06718    0.00000   -0.07126    0.00000
|1^SV(0->1')>                     0.05665   -0.06718    0.00000    0.00097    0.00000
|1^SV(0->2')>                    -0.09239   -0.01075   -0.00000   -0.08011    0.00000
|1^SV(0'->1')>                   -0.58545    0.06718   -0.00000    0.10378   -0.00000
|1^SV(0'->3')>                   -0.23735   -0.00577   -0.00000    0.02851   -0.00000
|1S^CV(2->1')>                    0.10055   -0.01832    0.00000    0.01303    0.00000
|1S^CV(1->2')>                    0.10055    0.01832    0.00000   -0.01314   -0.00000
|1T^CV(3->2')>                    0.09907    0.00000    0.00000    0.00116   -0.00000
|1T^CV(2->1')>                    0.18573   -0.00000    0.00000   -0.04571    0.00000
|1T^CV(2->3')>                    0.09907   -0.00000    0.00000    0.00207   -0.00000
|1T^CV(1->2')>                   -0.18573    0.00000   -0.00000    0.03894   -0.00000
|1^ZCV0(1->1')>                  -0.06565    0.00452   -0.00000   -0.06739    0.00000
|1^ZCV0'(1->1')>                 -0.06565   -0.00452   -0.00000    0.06673   -0.00000
|1^CSD_(3,1)>                    -0.06749   -0.00000   -0.00000    0.00718   -0.00000
|1^CSD_(2,2)>                     0.06746    0.00000    0.00000    0.03171   -0.00000
|1^CSD_(1,1)>                    -0.06267   -0.00000   -0.00000   -0.00593    0.00000
|1^SVD_(1',1')>                   0.06267    0.00000    0.00000    0.00591   -0.00000
|1^SVD_(1',3')>                  -0.06749    0.00000   -0.00000   -0.00818    0.00000
|1^SVD_(2',2')>                  -0.06746   -0.00000   -0.00000   -0.03169    0.00000
TDMs with Triplet 'Ground' state
TDMX:0.000   TDMY:0.000   TDMZ:0.000   Oscillator Strength:0.00000   <S**2>: 0.000
--------------------------------------------------------------------
TDMs with Singlet 'Ground' state
TDMX:-0.000   TDMY:0.000   TDMZ:-0.000   Oscillator Strength:0.00000   <S**2>: 0.000
--------------------------------------------------------------------


State 8 3.237 eV
Excitation                         CI Coef       TDM X       TDM Y       TDM Z       |TDM|
|3^CS(2->0)>                      0.59820    0.80435    0.00000    0.06391   -0.00000
|3^CS(3->0')>                    -0.09486    0.00983   -0.00000   -0.00008   -0.00000
|3^CS(2->0')>                     0.05788    0.00753    0.00000   -0.06391    0.00000
|3^CS(1->0')>                     0.17510   -0.21970    0.00000   -0.00119    0.00000
|3^SV(0->2')>                    -0.59820   -0.80435   -0.00000   -0.06248    0.00000
|3^SV(0'->1')>                   -0.17510    0.21970   -0.00000    0.00140   -0.00000
|3^SV(0'->2')>                    0.05788   -0.00753    0.00000    0.06248   -0.00000
|3^SV(0'->3')>                   -0.09486   -0.00983   -0.00000   -0.00000    0.00000
|3T^CV(2->1')>                   -0.05945    0.03753   -0.00000   -0.00000   -0.00000
|3T^CV(1->2')>                   -0.05945   -0.03753   -0.00000    0.00000    0.00000
|3S^CV(3->2')>                   -0.07655   -0.00521   -0.00000    0.00029    0.00000
|3S^CV(2->1')>                    0.11829    0.02212    0.00000    0.00104   -0.00000
|3S^CV(2->2')>                    0.05689   -0.00000    0.00000    0.00023   -0.00000
|3S^CV(2->3')>                   -0.07655    0.00521   -0.00000   -0.00011   -0.00000
|3S^CV(1->2')>                   -0.11829   -0.02212   -0.00000   -0.00072    0.00000
|3X^CV(2->1')>                    0.11858   -0.00150    0.00000   -0.00000    0.00000
|3X^CV(1->2')>                   -0.11858    0.00150   -0.00000    0.00000   -0.00000
|3^ZCV0(3->3')>                   0.05629    0.00180    0.00000   -0.00000   -0.00000
|3^ZCV0(2->2')>                   0.20591   -0.01416    0.00000   -0.00012    0.00000
|3^ZCV0(1->1')>                  -0.07856    0.00728   -0.00000   -0.00002   -0.00000
|3^ZCV0(1->3')>                  -0.05117    0.00409   -0.00000    0.00010   -0.00000
|3^ZCV0'(6->1')>                 -0.05117   -0.00409   -0.00000   -0.00020    0.00000
|3^ZCV0'(6->3')>                 -0.05629   -0.00180   -0.00000   -0.00000    0.00000
|3^ZCV0'(5->2')>                 -0.20591    0.01416   -0.00000   -0.00012   -0.00000
|3^ZCV0'(4->1')>                  0.07856   -0.00728    0.00000   -0.00002    0.00000
TDMs with Triplet 'Ground' state
TDMX:-0.000   TDMY:0.000   TDMZ:-0.000   Oscillator Strength:0.00000   <S**2>: 2.000
--------------------------------------------------------------------
TDMs with Singlet 'Ground' state
TDMX:0.000   TDMY:0.000   TDMZ:0.000   Oscillator Strength:0.00000   <S**2>: 2.000
--------------------------------------------------------------------


State 9 3.279 eV
Excitation                         CI Coef       TDM X       TDM Y       TDM Z       |TDM|
|3^CS(3->0)>                      0.10009    0.00100    0.00000    0.00082   -0.00000
|3^CS(1->0)>                      0.49017    0.05951    0.00000   -0.03448   -0.00000
|3^CS(2->0')>                     0.38680    0.05033    0.00000   -0.42707    0.00000
|3^SV(0->1')>                     0.49017   -0.05951    0.00000    0.04046    0.00000
|3^SV(0->3')>                    -0.10009   -0.00100   -0.00000    0.00003    0.00000
|3^SV(0'->2')>                    0.38680   -0.05033    0.00000    0.41751   -0.00000
|3S^CV(3->1')>                    0.05360    0.00034    0.00000    0.00153   -0.00000
|3S^CV(2->2')>                   -0.22744    0.00000   -0.00000   -0.00093    0.00000
|3S^CV(1->1')>                    0.14726   -0.00000    0.00000   -0.00030    0.00000
|3S^CV(1->3')>                   -0.05360   -0.00034   -0.00000   -0.00072    0.00000
|3X^CV(3->1')>                   -0.14145    0.00000   -0.00000   -0.02212    0.00000
|3X^CV(2->2')>                   -0.15276    0.00000   -0.00000    0.00596   -0.00000
|3X^CV(1->1')>                   -0.05750   -0.00000   -0.00000   -0.00208    0.00000
|3X^CV(1->3')>                    0.14145   -0.00000    0.00000    0.02092   -0.00000
|3^ZCV0(2->1')>                  -0.09665    0.00250   -0.00000    0.00391   -0.00000
|3^ZCV0(1->2')>                   0.07704   -0.00199    0.00000    0.00718   -0.00000
|3^ZCV0'(5->1')>                  0.07704    0.00199    0.00000   -0.00804    0.00000
|3^ZCV0'(4->2')>                 -0.09665   -0.00250   -0.00000   -0.00477    0.00000
|3^CSD(3,2)>                      0.05007   -0.00000    0.00000   -0.00274    0.00000
|3^SVD(2,3)>                     -0.05007    0.00000   -0.00000    0.00259   -0.00000
TDMs with Triplet 'Ground' state
TDMX:-0.000   TDMY:0.000   TDMZ:-0.000   Oscillator Strength:0.00000   <S**2>: 2.000
--------------------------------------------------------------------
TDMs with Singlet 'Ground' state
TDMX:0.000   TDMY:0.000   TDMZ:0.000   Oscillator Strength:0.00000   <S**2>: 2.000
--------------------------------------------------------------------


State 10 3.388 eV
Excitation                         CI Coef       TDM X       TDM Y       TDM Z       |TDM|
|5^CV(3->1')>                    -0.08124   -0.00000   -0.00000   -0.00000    0.00000
|5^CV(3->3')>                    -0.22115   -0.00000   -0.00000   -0.00000    0.00000
|5^CV(2->2')>                    -0.37969   -0.00000   -0.00000   -0.00000    0.00000
|5^CV(1->1')>                     0.89091    0.00000    0.00000    0.00000    0.00000
|5^CV(1->3')>                     0.08124    0.00000    0.00000    0.00000    0.00000
TDMs with Triplet 'Ground' state
TDMX:0.000   TDMY:0.000   TDMZ:0.000   Oscillator Strength:0.00000   <S**2>: 6.000
--------------------------------------------------------------------
TDMs with Singlet 'Ground' state
TDMX:0.000   TDMY:0.000   TDMZ:0.000   Oscillator Strength:0.00000   <S**2>: 6.000
--------------------------------------------------------------------


State 11 4.146 eV
Excitation                         CI Coef       TDM X       TDM Y       TDM Z       |TDM|
|3^CS(2->0)>                     -0.26828   -0.36073   -0.00000   -0.02866   -0.02928
|3^CS(1->0)>                      0.05980    0.00726    0.00000   -0.00421    0.00059
|3^CS(3->0')>                    -0.07125    0.00738   -0.00000   -0.00006    0.00060
|3^CS(1->0')>                    -0.61803    0.77543   -0.00000    0.00421    0.06295
|3^SV(0->1')>                    -0.05980    0.00726   -0.00000   -0.00494    0.00059
|3^SV(0->2')>                    -0.26828   -0.36073   -0.00000   -0.02802   -0.02928
|3^SV(0'->1')>                   -0.61803    0.77543   -0.00000    0.00494    0.06295
|3^SV(0'->3')>                    0.07125    0.00738    0.00000    0.00000    0.00060
|3S^CV(2->1')>                    0.06774    0.01266    0.00000    0.00060    0.00103
|3S^CV(1->2')>                    0.06774    0.01266    0.00000    0.00041    0.00103
|3X^CV(2->1')>                    0.15644   -0.00198    0.00000   -0.00000   -0.00016
|3X^CV(1->2')>                    0.15644   -0.00198    0.00000   -0.00000   -0.00016
|3^ZCV0(2->2')>                   0.05458   -0.00375    0.00000   -0.00003   -0.00030
|3^ZCV0'(5->2')>                  0.05458   -0.00375    0.00000    0.00003   -0.00030
TDMs with Triplet 'Ground' state
TDMX:0.799   TDMY:0.000   TDMZ:-0.000   Oscillator Strength:0.06488   <S**2>: 2.000
--------------------------------------------------------------------
TDMs with Singlet 'Ground' state
TDMX:0.000   TDMY:0.000   TDMZ:0.000   Oscillator Strength:0.00000   <S**2>: 2.000
--------------------------------------------------------------------


State 12 4.345 eV
Excitation                         CI Coef       TDM X       TDM Y       TDM Z       |TDM|
|5^CV(3->2')>                    -0.27468   -0.00000   -0.00000   -0.00000    0.00000
|5^CV(2->1')>                     0.65157    0.00000    0.00000    0.00000    0.00000
|5^CV(2->3')>                    -0.27468   -0.00000   -0.00000   -0.00000    0.00000
|5^CV(1->2')>                    -0.65157   -0.00000   -0.00000   -0.00000    0.00000
TDMs with Triplet 'Ground' state
TDMX:0.000   TDMY:0.000   TDMZ:0.000   Oscillator Strength:0.00000   <S**2>: 6.000
--------------------------------------------------------------------
TDMs with Singlet 'Ground' state
TDMX:0.000   TDMY:0.000   TDMZ:0.000   Oscillator Strength:0.00000   <S**2>: 6.000
--------------------------------------------------------------------


State 13 4.351 eV
Excitation                         CI Coef       TDM X       TDM Y       TDM Z       |TDM|
|3^CS(1->0)>                      0.58127    0.07057    0.00000   -0.04089    0.00293
|3^CS(2->0')>                     0.28895    0.03760    0.00000   -0.31904    0.02284
|3^CS(1->0')>                     0.05625   -0.07057    0.00000   -0.00038    0.00003
|3^SV(0->1')>                    -0.58127    0.07057   -0.00000   -0.04798    0.00343
|3^SV(0'->1')>                    0.05625   -0.07057    0.00000   -0.00045    0.00003
|3^SV(0'->2')>                   -0.28895    0.03760   -0.00000   -0.31190    0.02233
|3^ZCV0(2->1')>                   0.21209   -0.00548    0.00000   -0.00858    0.00061
|3^ZCV0(1->2')>                   0.12894   -0.00333    0.00000    0.01201   -0.00086
|3^ZCV0'(5->1')>                 -0.12894   -0.00333   -0.00000    0.01345   -0.00096
|3^ZCV0'(4->2')>                 -0.21209   -0.00548   -0.00000   -0.01047    0.00075
|3^CSD(2,1)>                      0.07135    0.00000    0.00000    0.00100   -0.00007
|3^SVD(1,2)>                     -0.07135    0.00000   -0.00000    0.00047   -0.00003
TDMs with Triplet 'Ground' state
TDMX:0.000   TDMY:0.000   TDMZ:-0.672   Oscillator Strength:0.04808   <S**2>: 2.000
--------------------------------------------------------------------
TDMs with Singlet 'Ground' state
TDMX:0.000   TDMY:0.000   TDMZ:0.000   Oscillator Strength:0.00000   <S**2>: 2.000
--------------------------------------------------------------------


State 14 4.498 eV
Excitation                         CI Coef       TDM X       TDM Y       TDM Z       |TDM|
|5^CV(3->1')>                     0.32191    0.00000    0.00000    0.00000    0.00000
|5^CV(3->3')>                    -0.14654   -0.00000   -0.00000   -0.00000    0.00000
|5^CV(2->2')>                    -0.81575   -0.00000   -0.00000   -0.00000    0.00000
|5^CV(1->1')>                    -0.32532   -0.00000   -0.00000   -0.00000    0.00000
|5^CV(1->3')>                    -0.32191   -0.00000   -0.00000   -0.00000    0.00000
TDMs with Triplet 'Ground' state
TDMX:0.000   TDMY:0.000   TDMZ:0.000   Oscillator Strength:0.00000   <S**2>: 6.000
--------------------------------------------------------------------
TDMs with Singlet 'Ground' state
TDMX:0.000   TDMY:0.000   TDMZ:0.000   Oscillator Strength:0.00000   <S**2>: 6.000
--------------------------------------------------------------------


State 15 4.538 eV
Excitation                         CI Coef       TDM X       TDM Y       TDM Z       |TDM|
|1^ZW->                          -0.23175   -0.00000   -0.00000   -0.04219    0.00000
|1^CS(2->0)>                     -0.39241    0.04565   -0.00000    0.37807   -0.00000
|1^CS(3->0')>                     0.38261   -0.00930    0.00000    0.05732   -0.00000
|1^SV(0->2')>                    -0.39241   -0.04565   -0.00000   -0.34025    0.00000
|1^SV(0'->3')>                    0.38261    0.00930    0.00000   -0.04596    0.00000
|1S^CV(3->2')>                    0.09630   -0.00398    0.00000   -0.00699    0.00000
|1S^CV(2->1')>                    0.15643   -0.02850    0.00000    0.02027   -0.00000
|1S^CV(2->3')>                   -0.09630    0.00398   -0.00000    0.00700   -0.00000
|1S^CV(1->2')>                    0.15643    0.02850    0.00000   -0.02044    0.00000
|1T^CV(3->2')>                   -0.08416   -0.00000   -0.00000   -0.00099    0.00000
|1T^CV(2->1')>                   -0.07479    0.00000   -0.00000    0.01841   -0.00000
|1T^CV(2->3')>                   -0.08416    0.00000   -0.00000   -0.00175    0.00000
|1T^CV(1->2')>                    0.07479   -0.00000    0.00000   -0.01568    0.00000
|1^ZCV0(3->1')>                  -0.09408    0.00264   -0.00000   -0.01299    0.00000
|1^ZCV0(2->2')>                  -0.12692    0.01193   -0.00000   -0.06785    0.00000
|1^ZCV0(1->1')>                  -0.10588    0.00730   -0.00000   -0.10868    0.00000
|1^ZCV0'(2->2')>                 -0.12692   -0.01193   -0.00000    0.06747   -0.00000
|1^ZCV0'(1->1')>                 -0.10588   -0.00730   -0.00000    0.10762   -0.00000
|1^ZCV0'(1->3')>                  0.09408   -0.00264    0.00000    0.01210   -0.00000
|1^CSD_(3,1)>                    -0.16532   -0.00000   -0.00000    0.01758   -0.00000
|1^CSD_(2,2)>                     0.19130    0.00000    0.00000    0.08992   -0.00000
|1^CSD_(1,1)>                    -0.13501   -0.00000   -0.00000   -0.01278    0.00000
|1^SVD_(1',1')>                   0.13501    0.00000    0.00000    0.01274   -0.00000
|1^SVD_(1',3')>                  -0.16532    0.00000   -0.00000   -0.02004    0.00000
|1^SVD_(2',2')>                  -0.19130   -0.00000   -0.00000   -0.08986    0.00000
TDMs with Triplet 'Ground' state
TDMX:0.000   TDMY:0.000   TDMZ:0.000   Oscillator Strength:0.00000   <S**2>: 0.000
--------------------------------------------------------------------
TDMs with Singlet 'Ground' state
TDMX:0.000   TDMY:0.000   TDMZ:-0.000   Oscillator Strength:0.00000   <S**2>: 0.000
--------------------------------------------------------------------


State 16 4.590 eV
Excitation                         CI Coef       TDM X       TDM Y       TDM Z       |TDM|
|3^CS(2->0)>                      0.13518    0.18177    0.00000    0.01444   -0.00000
|3^CS(3->0')>                     0.50601   -0.05244    0.00000    0.00040    0.00000
|3^SV(0->2')>                    -0.13518   -0.18177   -0.00000   -0.01412    0.00000
|3^SV(0'->3')>                    0.50601    0.05244    0.00000    0.00002   -0.00000
|3S^CV(3->2')>                   -0.13567   -0.00924   -0.00000    0.00051    0.00000
|3S^CV(2->1')>                    0.13055    0.02441    0.00000    0.00115   -0.00000
|3S^CV(2->3')>                   -0.13567    0.00924   -0.00000   -0.00019   -0.00000
|3S^CV(1->1')>                    0.06809   -0.00000    0.00000   -0.00014   -0.00000
|3S^CV(1->2')>                   -0.13055   -0.02441   -0.00000   -0.00079    0.00000
|3X^CV(2->1')>                   -0.31254    0.00396   -0.00000    0.00000   -0.00000
|3X^CV(1->2')>                    0.31254   -0.00396    0.00000   -0.00000    0.00000
|3^ZCV0(3->1')>                   0.10427    0.01306    0.00000   -0.00041   -0.00000
|3^ZCV0(3->3')>                  -0.07611   -0.00244   -0.00000    0.00001    0.00000
|3^ZCV0(1->1')>                   0.24647   -0.02283    0.00000    0.00007    0.00000
|3^ZCV0'(6->3')>                  0.07611    0.00244    0.00000    0.00001   -0.00000
|3^ZCV0'(4->1')>                 -0.24647    0.02283   -0.00000    0.00007   -0.00000
|3^ZCV0'(4->3')>                  0.10427   -0.01306    0.00000    0.00019    0.00000
TDMs with Triplet 'Ground' state
TDMX:-0.000   TDMY:0.000   TDMZ:0.000   Oscillator Strength:0.00000   <S**2>: 2.000
--------------------------------------------------------------------
TDMs with Singlet 'Ground' state
TDMX:0.000   TDMY:0.000   TDMZ:0.000   Oscillator Strength:0.00000   <S**2>: 2.000
--------------------------------------------------------------------


State 17 4.691 eV
Excitation                         CI Coef       TDM X       TDM Y       TDM Z       |TDM|
|1^ZW+>                          -0.13405    0.00000   -0.00000    0.16652    0.00815
|1^CS(2->0)>                     -0.25573    0.02975   -0.00000    0.24638    0.01205
|1^CS(1->0)>                     -0.05753    0.06823   -0.00000   -0.00068   -0.00003
|1^CS(3->0')>                    -0.06747    0.00164   -0.00000   -0.01011   -0.00049
|1^CS(1->0')>                     0.59458   -0.06823    0.00000   -0.07237   -0.00354
|1^SV(0->1')>                    -0.05753    0.06823   -0.00000   -0.00099   -0.00005
|1^SV(0->2')>                     0.25573    0.02975    0.00000    0.22173    0.01085
|1^SV(0'->1')>                    0.59458   -0.06823    0.00000   -0.10540   -0.00516
|1^SV(0'->3')>                    0.06747    0.00164    0.00000   -0.00810   -0.00040
|1S^CV(2->1')>                   -0.13428    0.02446   -0.00000   -0.01740   -0.00085
|1S^CV(1->2')>                    0.13428    0.02446    0.00000   -0.01755   -0.00086
|1T^CV(2->1')>                   -0.09335    0.00000   -0.00000    0.02298    0.00112
|1T^CV(1->2')>                   -0.09335    0.00000   -0.00000    0.01957    0.00096
|1^ZCV0(2->2')>                   0.11050   -0.01039    0.00000    0.05907    0.00289
|1^ZCV0(1->1')>                  -0.08131    0.00560   -0.00000   -0.08346   -0.00408
|1^ZCV0'(2->2')>                 -0.11050   -0.01039   -0.00000    0.05874    0.00287
|1^ZCV0'(1->1')>                  0.08131    0.00560    0.00000   -0.08264   -0.00404
|1^CSD_(3,1)>                    -0.07360   -0.00000   -0.00000    0.00783    0.00038
|1^CSD_(2,2)>                     0.07342    0.00000    0.00000    0.03451    0.00169
|1^CSD_(1,1)>                    -0.05514   -0.00000   -0.00000   -0.00522   -0.00026
|1^SVD_(1',1')>                  -0.05514   -0.00000   -0.00000   -0.00520   -0.00025
|1^SVD_(1',3')>                   0.07360   -0.00000    0.00000    0.00892    0.00044
|1^SVD_(2',2')>                   0.07342    0.00000    0.00000    0.03449    0.00169
TDMs with Triplet 'Ground' state
TDMX:0.000   TDMY:0.000   TDMZ:0.000   Oscillator Strength:0.00000   <S**2>: 0.000
--------------------------------------------------------------------
TDMs with Singlet 'Ground' state
TDMX:0.000   TDMY:0.000   TDMZ:0.474   Oscillator Strength:0.02319   <S**2>: 0.000
--------------------------------------------------------------------


State 18 4.821 eV
Excitation                         CI Coef       TDM X       TDM Y       TDM Z       |TDM|
|3^OS>                            0.10365    0.00000    0.00000    0.02031    0.00000
|3^CS(3->0)>                      0.28944    0.00290    0.00000    0.00237    0.00000
|3^CS(2->0')>                     0.09214    0.01199    0.00000   -0.10173   -0.00000
|3^SV(0->3')>                    -0.28944   -0.00290   -0.00000    0.00010    0.00000
|3^SV(0'->2')>                    0.09214   -0.01199    0.00000    0.09946    0.00000
|3S^CV(3->1')>                    0.18493    0.00116    0.00000    0.00527    0.00000
|3S^CV(2->1')>                    0.06872    0.01285    0.00000    0.00061   -0.00000
|3S^CV(1->1')>                   -0.16589    0.00000   -0.00000    0.00034    0.00000
|3S^CV(1->2')>                   -0.06872   -0.01285   -0.00000   -0.00042    0.00000
|3S^CV(1->3')>                   -0.18493   -0.00116   -0.00000   -0.00250   -0.00000
|3X^CV(3->3')>                    0.15438   -0.00000    0.00000   -0.00334   -0.00000
|3X^CV(2->2')>                    0.09449   -0.00000    0.00000   -0.00368   -0.00000
|3X^CV(1->1')>                   -0.61128   -0.00000   -0.00000   -0.02214   -0.00000
|3^ZCV0(2->1')>                   0.25171   -0.00650    0.00000   -0.01018   -0.00000
|3^ZCV0(2->3')>                   0.05346    0.00050    0.00000    0.00337    0.00000
|3^ZCV0(1->2')>                  -0.24575    0.00635   -0.00000   -0.02290   -0.00000
|3^ZCV0'(6->2')>                 -0.05346   -0.00050   -0.00000   -0.00372   -0.00000
|3^ZCV0'(5->1')>                 -0.24575   -0.00635   -0.00000    0.02563    0.00000
|3^ZCV0'(4->2')>                  0.25171    0.00650    0.00000    0.01242    0.00000
|3^CSD(3,2)>                     -0.08872    0.00000   -0.00000    0.00485    0.00000
|3^SVD(2,3)>                      0.08872   -0.00000    0.00000   -0.00460   -0.00000
TDMs with Triplet 'Ground' state
TDMX:-0.000   TDMY:0.000   TDMZ:0.000   Oscillator Strength:0.00000   <S**2>: 2.000
--------------------------------------------------------------------
TDMs with Singlet 'Ground' state
TDMX:0.000   TDMY:0.000   TDMZ:0.000   Oscillator Strength:0.00000   <S**2>: 2.000
--------------------------------------------------------------------


State 19 4.931 eV
Excitation                         CI Coef       TDM X       TDM Y       TDM Z       |TDM|
|3^CS(2->0)>                     -0.05841   -0.07854   -0.00000   -0.00624    0.00089
|3^CS(1->0)>                     -0.29943   -0.03635   -0.00000    0.02106   -0.00300
|3^CS(2->0')>                     0.60364    0.07854    0.00000   -0.66649    0.09503
|3^SV(0->1')>                     0.29943   -0.03635    0.00000    0.02472   -0.00352
|3^SV(0->2')>                    -0.05841   -0.07854   -0.00000   -0.00610    0.00087
|3^SV(0'->2')>                   -0.60364    0.07854   -0.00000   -0.65158    0.09290
|3T^CV(2->2')>                   -0.14192   -0.00000   -0.00000   -0.06516    0.00929
|3T^CV(1->1')>                    0.12458    0.00000    0.00000    0.19963   -0.02846
|3^ZCV0(2->1')>                   0.05531   -0.00143    0.00000   -0.00224    0.00032
|3^ZCV0(2->3')>                  -0.05820   -0.00055   -0.00000   -0.00367    0.00052
|3^ZCV0(1->2')>                  -0.05016    0.00130   -0.00000   -0.00467    0.00067
|3^ZCV0'(6->2')>                 -0.05820   -0.00055   -0.00000   -0.00404    0.00058
|3^ZCV0'(5->1')>                  0.05016    0.00130    0.00000   -0.00523    0.00075
|3^ZCV0'(4->2')>                 -0.05531   -0.00143   -0.00000   -0.00273    0.00039
|3^CSD(2,1)>                     -0.08965   -0.00000   -0.00000   -0.00125    0.00018
|3^SVD(1,2)>                      0.08965   -0.00000    0.00000   -0.00059    0.00008
TDMs with Triplet 'Ground' state
TDMX:0.000   TDMY:0.000   TDMZ:-1.180   Oscillator Strength:0.16827   <S**2>: 2.000
--------------------------------------------------------------------
TDMs with Singlet 'Ground' state
TDMX:0.000   TDMY:0.000   TDMZ:0.000   Oscillator Strength:0.00000   <S**2>: 2.000
--------------------------------------------------------------------


State 20 5.071 eV
Excitation                         CI Coef       TDM X       TDM Y       TDM Z       |TDM|
|3^CS(2->0)>                      0.62142    0.83557    0.00000    0.06639    0.25912
|3^CS(3->0')>                    -0.06525    0.00676   -0.00000   -0.00005    0.00210
|3^CS(2->0')>                     0.06013    0.00782    0.00000   -0.06639    0.00243
|3^CS(1->0')>                    -0.26383    0.33102   -0.00000    0.00180    0.10265
|3^SV(0->2')>                     0.62142    0.83557    0.00000    0.06491    0.25912
|3^SV(0'->1')>                   -0.26383    0.33102   -0.00000    0.00211    0.10265
|3^SV(0'->2')>                   -0.06013    0.00782   -0.00000   -0.06491    0.00243
|3^SV(0'->3')>                    0.06525    0.00676    0.00000    0.00000    0.00210
|3S^CV(2->1')>                    0.11044    0.02065    0.00000    0.00097    0.00640
|3S^CV(1->2')>                    0.11044    0.02065    0.00000    0.00067    0.00640
|3X^CV(3->2')>                   -0.06672    0.00939   -0.00000    0.00000    0.00291
|3X^CV(2->3')>                    0.06672    0.00939    0.00000    0.00000    0.00291
|3^ZCV0(3->1')>                   0.08530    0.01068    0.00000   -0.00034    0.00331
|3^ZCV0(2->2')>                  -0.06496    0.00447   -0.00000    0.00004    0.00139
|3^ZCV0'(5->2')>                 -0.06496    0.00447   -0.00000   -0.00004    0.00139
|3^ZCV0'(4->3')>                 -0.08530    0.01068   -0.00000   -0.00016    0.00331
TDMs with Triplet 'Ground' state
TDMX:2.496   TDMY:0.000   TDMZ:0.000   Oscillator Strength:0.77399   <S**2>: 2.000
--------------------------------------------------------------------
TDMs with Singlet 'Ground' state
TDMX:0.000   TDMY:0.000   TDMZ:0.000   Oscillator Strength:0.00000   <S**2>: 2.000
--------------------------------------------------------------------


State 21 5.154 eV
Excitation                         CI Coef       TDM X       TDM Y       TDM Z       |TDM|
|3^OS>                           -0.05400   -0.00000   -0.00000   -0.01058    0.00000
|3^CS(3->0)>                      0.31320    0.00314    0.00000    0.00257    0.00000
|3^CS(2->0')>                    -0.05754   -0.00749   -0.00000    0.06353   -0.00000
|3^SV(0->3')>                    -0.31320   -0.00314   -0.00000    0.00010   -0.00000
|3^SV(0'->2')>                   -0.05754    0.00749   -0.00000   -0.06211    0.00000
|3S^CV(3->1')>                   -0.05412   -0.00034   -0.00000   -0.00154    0.00000
|3S^CV(3->2')>                    0.06126    0.00417    0.00000   -0.00023    0.00000
|3S^CV(2->2')>                   -0.18367    0.00000   -0.00000   -0.00075    0.00000
|3S^CV(2->3')>                    0.06126   -0.00417    0.00000    0.00009   -0.00000
|3S^CV(1->1')>                   -0.30921    0.00000   -0.00000    0.00062   -0.00000
|3S^CV(1->3')>                    0.05412    0.00034    0.00000    0.00073    0.00000
|3X^CV(3->1')>                    0.10337   -0.00000    0.00000    0.01617   -0.00000
|3X^CV(3->3')>                   -0.06268    0.00000   -0.00000    0.00136   -0.00000
|3X^CV(2->2')>                   -0.30241    0.00000   -0.00000    0.01179   -0.00000
|3X^CV(1->1')>                    0.06341    0.00000    0.00000    0.00230   -0.00000
|3X^CV(1->3')>                   -0.10337    0.00000   -0.00000   -0.01529    0.00000
|3^ZCV0(3->2')>                   0.26159   -0.00246    0.00000    0.01113   -0.00000
|3^ZCV0(2->1')>                   0.05669   -0.00146    0.00000   -0.00229   -0.00000
|3^ZCV0(2->3')>                   0.18190    0.00171    0.00000    0.01146   -0.00000
|3^ZCV0(1->2')>                   0.24953   -0.00644    0.00000    0.02325   -0.00000
|3^ZCV0'(6->2')>                 -0.18190   -0.00171   -0.00000   -0.01264    0.00000
|3^ZCV0'(5->1')>                  0.24953    0.00644    0.00000   -0.02602    0.00000
|3^ZCV0'(5->3')>                 -0.26159    0.00246   -0.00000   -0.01377    0.00000
|3^ZCV0'(4->2')>                  0.05669    0.00146    0.00000    0.00280    0.00000
|3^CSD(3,2)>                      0.07216   -0.00000    0.00000   -0.00394    0.00000
|3^CSD(2,1)>                     -0.29544   -0.00000   -0.00000   -0.00413    0.00000
|3^SVD(1,2)>                     -0.29544    0.00000   -0.00000    0.00196   -0.00000
|3^SVD(2,3)>                     -0.07216    0.00000   -0.00000    0.00374   -0.00000
TDMs with Triplet 'Ground' state
TDMX:0.000   TDMY:0.000   TDMZ:-0.000   Oscillator Strength:0.00000   <S**2>: 2.000
--------------------------------------------------------------------
TDMs with Singlet 'Ground' state
TDMX:0.000   TDMY:0.000   TDMZ:0.000   Oscillator Strength:0.00000   <S**2>: 2.000
--------------------------------------------------------------------


State 22 5.214 eV
Excitation                         CI Coef       TDM X       TDM Y       TDM Z       |TDM|
|3^CS(2->0)>                     -0.14567   -0.19588   -0.00000   -0.01556   -0.00000
|3^CS(3->0')>                     0.26016   -0.02696    0.00000    0.00021   -0.00000
|3^CS(1->0')>                     0.07663   -0.09615    0.00000   -0.00052   -0.00000
|3^SV(0->2')>                     0.14567    0.19588    0.00000    0.01522    0.00000
|3^SV(0'->1')>                   -0.07663    0.09615   -0.00000    0.00061    0.00000
|3^SV(0'->3')>                    0.26016    0.02696    0.00000    0.00001    0.00000
|3T^CV(2->1')>                   -0.13763    0.08687   -0.00000   -0.00000    0.00000
|3T^CV(1->2')>                   -0.13763   -0.08687   -0.00000    0.00000   -0.00000
|3S^CV(2->1')>                    0.12746    0.02383    0.00000    0.00112    0.00000
|3S^CV(1->1')>                   -0.15021    0.00000   -0.00000    0.00030    0.00000
|3S^CV(1->2')>                   -0.12746   -0.02383   -0.00000   -0.00077   -0.00000
|3^ZCV0(1->1')>                  -0.54368    0.05035   -0.00000   -0.00015    0.00000
|3^ZCV0(1->3')>                  -0.20440    0.01635   -0.00000    0.00038    0.00000
|3^ZCV0'(6->1')>                 -0.20440   -0.01635   -0.00000   -0.00080   -0.00000
|3^ZCV0'(4->1')>                  0.54368   -0.05035    0.00000   -0.00015   -0.00000
|3^CSD(3,1)>                      0.11478    0.00005    0.00000    0.00000    0.00000
|3^SVD(1,3)>                      0.11478   -0.00005    0.00000   -0.00000   -0.00000
TDMs with Triplet 'Ground' state
TDMX:0.000   TDMY:0.000   TDMZ:0.000   Oscillator Strength:0.00000   <S**2>: 2.000
--------------------------------------------------------------------
TDMs with Singlet 'Ground' state
TDMX:0.000   TDMY:0.000   TDMZ:0.000   Oscillator Strength:0.00000   <S**2>: 2.000
--------------------------------------------------------------------


State 23 5.268 eV
Excitation                         CI Coef       TDM X       TDM Y       TDM Z       |TDM|
|1^CS(3->0)>                      0.15917   -0.03999    0.00000   -0.00231    0.01290
|1^CS(1->0)>                      0.48153   -0.57104    0.00000    0.00567    0.18421
|1^CS(2->0')>                    -0.39601   -0.47607   -0.00000    0.03692    0.15357
|1^SV(0->1')>                     0.49630   -0.58857    0.00000    0.00851    0.18986
|1^SV(0->3')>                    -0.14246   -0.03579   -0.00000   -0.00166    0.01154
|1^SV(0'->2')>                    0.38289   -0.46030    0.00000    0.03212    0.14849
|1S^CV(3->1')>                   -0.07580   -0.01542   -0.00000   -0.00186    0.00497
|1S^CV(2->2')>                   -0.16747   -0.11394   -0.00000   -0.02466    0.03676
|1S^CV(1->1')>                   -0.23223   -0.11585   -0.00000   -0.06553    0.03737
|1S^CV(1->3')>                    0.07001   -0.01424    0.00000   -0.00167    0.00459
|1T^CV(3->1')>                    0.06046    0.00037    0.00000    0.00000   -0.00012
|1T^CV(1->3')>                    0.06185    0.00038    0.00000    0.00000   -0.00012
|1^ZCV0(2->1')>                   0.13131   -0.12425    0.00000   -0.00235    0.04008
|1^ZCV0'(3->2')>                  0.05523    0.00551    0.00000   -0.00055   -0.00178
|1^ZCV0'(1->2')>                  0.11278   -0.10672    0.00000   -0.00204    0.03443
|1^CSD_(2,1)>                    -0.09901   -0.02370   -0.00000   -0.00000    0.00764
|1^SVD_(1',2')>                   0.11045   -0.02644    0.00000    0.00000    0.00853
TDMs with Triplet 'Ground' state
TDMX:0.000   TDMY:0.000   TDMZ:0.000   Oscillator Strength:0.00000   <S**2>: 0.000
--------------------------------------------------------------------
TDMs with Singlet 'Ground' state
TDMX:-2.750   TDMY:0.000   TDMZ:0.000   Oscillator Strength:0.88723   <S**2>: 0.000
--------------------------------------------------------------------


State 24 5.379 eV
Excitation                         CI Coef       TDM X       TDM Y       TDM Z       |TDM|
|3^OS>                           -0.08337   -0.00000   -0.00000   -0.01634   -0.00000
|3^CS(3->0)>                      0.33907    0.00340    0.00000    0.00278    0.00000
|3^CS(1->0)>                     -0.08235   -0.01000   -0.00000    0.00579   -0.00000
|3^CS(2->0')>                    -0.05165   -0.00672   -0.00000    0.05703    0.00000
|3^SV(0->1')>                    -0.08235    0.01000   -0.00000   -0.00680    0.00000
|3^SV(0->3')>                    -0.33907   -0.00340   -0.00000    0.00011   -0.00000
|3^SV(0'->2')>                   -0.05165    0.00672   -0.00000   -0.05576   -0.00000
|3T^CV(3->1')>                    0.05325   -0.00000    0.00000    0.00965    0.00000
|3T^CV(1->3')>                    0.05325    0.00000    0.00000   -0.00960   -0.00000
|3S^CV(3->1')>                   -0.10374   -0.00065   -0.00000   -0.00296   -0.00000
|3S^CV(3->3')>                   -0.14955   -0.00000   -0.00000   -0.00009   -0.00000
|3S^CV(1->1')>                    0.39878   -0.00000    0.00000   -0.00081   -0.00000
|3S^CV(1->3')>                    0.10374    0.00065    0.00000    0.00140    0.00000
|3X^CV(3->1')>                   -0.31515    0.00000   -0.00000   -0.04929   -0.00000
|3X^CV(1->1')>                    0.41061    0.00000    0.00000    0.01487    0.00000
|3X^CV(1->3')>                    0.31515   -0.00000    0.00000    0.04662    0.00000
|3^ZCV0(2->1')>                   0.15891   -0.00410    0.00000   -0.00642   -0.00000
|3^ZCV0(2->3')>                   0.09001    0.00085    0.00000    0.00567    0.00000
|3^ZCV0(1->1')>                  -0.05509    0.00510   -0.00000   -0.00002    0.00000
|3^ZCV0(1->2')>                  -0.17911    0.00463   -0.00000   -0.01669    0.00000
|3^ZCV0'(6->2')>                 -0.09001   -0.00085   -0.00000   -0.00626   -0.00000
|3^ZCV0'(5->1')>                 -0.17911   -0.00463   -0.00000    0.01868   -0.00000
|3^ZCV0'(4->1')>                  0.05509   -0.00510    0.00000   -0.00002   -0.00000
|3^ZCV0'(4->2')>                  0.15891    0.00410    0.00000    0.00784    0.00000
|3^CSD(3,2)>                     -0.09000    0.00000   -0.00000    0.00492    0.00000
|3^SVD(2,3)>                      0.09000   -0.00000    0.00000   -0.00466   -0.00000
TDMs with Triplet 'Ground' state
TDMX:0.000   TDMY:0.000   TDMZ:0.000   Oscillator Strength:0.00000   <S**2>: 2.000
--------------------------------------------------------------------
TDMs with Singlet 'Ground' state
TDMX:0.000   TDMY:0.000   TDMZ:0.000   Oscillator Strength:0.00000   <S**2>: 2.000
--------------------------------------------------------------------


State 25 5.402 eV
Excitation                         CI Coef       TDM X       TDM Y       TDM Z       |TDM|
|5^CV(2->1')>                     0.70677    0.00000    0.00000    0.00000    0.00000
|5^CV(1->2')>                     0.70677    0.00000    0.00000    0.00000    0.00000
TDMs with Triplet 'Ground' state
TDMX:0.000   TDMY:0.000   TDMZ:0.000   Oscillator Strength:0.00000   <S**2>: 6.000
--------------------------------------------------------------------
TDMs with Singlet 'Ground' state
TDMX:0.000   TDMY:0.000   TDMZ:0.000   Oscillator Strength:0.00000   <S**2>: 6.000
--------------------------------------------------------------------


State 26 5.605 eV
Excitation                         CI Coef       TDM X       TDM Y       TDM Z       |TDM|
|1^OS>                           -0.22438    0.00000   -0.00000   -0.00798   -0.00000
|1^CS(3->0)>                     -0.28398    0.07134   -0.00000    0.00412   -0.00086
|1^CS(1->0)>                      0.27296   -0.32370    0.00000    0.00321    0.00389
|1^CS(2->0')>                     0.19929    0.23958    0.00000   -0.01858   -0.00288
|1^SV(0->1')>                    -0.28689    0.34022   -0.00000   -0.00492   -0.00409
|1^SV(0->3')>                    -0.32803   -0.08240   -0.00000   -0.00381    0.00099
|1^SV(0'->2')>                    0.27065   -0.32537    0.00000    0.02271    0.00391
|1S^CV(3->1')>                    0.09902    0.02014    0.00000    0.00243   -0.00024
|1S^CV(2->1')>                   -0.06352    0.01157   -0.00000   -0.00823   -0.00014
|1S^CV(1->2')>                   -0.06680   -0.01217   -0.00000    0.00873    0.00015
|1S^CV(1->3')>                    0.10435   -0.02122    0.00000   -0.00249    0.00026
|1T^CV(2->2')>                    0.06079    0.00000    0.00000    0.00000   -0.00000
|1^ZCV0(2->1')>                  -0.36024    0.34088   -0.00000    0.00645   -0.00410
|1^ZCV0(2->3')>                  -0.11949    0.01191   -0.00000   -0.00120   -0.00014
|1^ZCV0(1->2')>                  -0.10989   -0.04093   -0.00000   -0.00198    0.00049
|1^ZCV0'(3->2')>                 -0.11215   -0.01118   -0.00000    0.00112    0.00013
|1^ZCV0'(2->1')>                  0.09960    0.03710    0.00000    0.00178   -0.00045
|1^ZCV0'(1->2')>                  0.37368   -0.35360    0.00000   -0.00674    0.00425
|1^CSD_(3,2)>                     0.13987   -0.01323    0.00000    0.00000    0.00016
|1^CSD_(2,1)>                    -0.18231   -0.04363   -0.00000   -0.00000    0.00052
|1^SVD_(1',2')>                  -0.22078    0.05284   -0.00000   -0.00000   -0.00064
|1^SVD_(2',3')>                  -0.16796    0.01589   -0.00000   -0.00000   -0.00019
TDMs with Triplet 'Ground' state
TDMX:0.000   TDMY:0.000   TDMZ:0.000   Oscillator Strength:0.00000   <S**2>: 0.000
--------------------------------------------------------------------
TDMs with Singlet 'Ground' state
TDMX:-0.096   TDMY:0.000   TDMZ:0.000   Oscillator Strength:0.00115   <S**2>: 0.000
--------------------------------------------------------------------


State 27 5.900 eV
Excitation                         CI Coef       TDM X       TDM Y       TDM Z       |TDM|
|1^ZW+>                          -0.15243    0.00000   -0.00000    0.18935   -0.03212
|1^CS(2->0)>                      0.52247   -0.06078    0.00000   -0.50337    0.08539
|1^CS(3->0')>                    -0.29719    0.00722   -0.00000   -0.04452    0.00755
|1^CS(2->0')>                     0.05056    0.06078    0.00000   -0.00471    0.00080
|1^CS(1->0')>                     0.18305   -0.02101    0.00000   -0.02228    0.00378
|1^SV(0->2')>                    -0.52247   -0.06078   -0.00000   -0.45301    0.07684
|1^SV(0'->1')>                    0.18305   -0.02101    0.00000   -0.03245    0.00550
|1^SV(0'->2')>                   -0.05056    0.06078   -0.00000   -0.00424    0.00072
|1^SV(0'->3')>                    0.29719    0.00722    0.00000   -0.03570    0.00606
|1S^CV(2->1')>                   -0.15138    0.02758   -0.00000   -0.01962    0.00333
|1S^CV(2->2')>                   -0.05309   -0.03612   -0.00000   -0.00782    0.00133
|1S^CV(1->2')>                    0.15138    0.02758    0.00000   -0.01978    0.00336
|1T^CV(2->1')>                   -0.08464    0.00000   -0.00000    0.02083   -0.00353
|1T^CV(1->2')>                   -0.08464    0.00000   -0.00000    0.01775   -0.00301
|1^ZCV0(2->2')>                  -0.19216    0.01806   -0.00000   -0.10273    0.01743
|1^ZCV0'(2->2')>                  0.19216    0.01806    0.00000   -0.10214    0.01733
|1^CSD_(3,1)>                     0.10337    0.00000    0.00000   -0.01099    0.00186
|1^CSD_(2,2)>                    -0.07218   -0.00000   -0.00000   -0.03393    0.00576
|1^SVD_(1',3')>                  -0.10337    0.00000   -0.00000   -0.01253    0.00213
|1^SVD_(2',2')>                  -0.07218   -0.00000   -0.00000   -0.03391    0.00575
TDMs with Triplet 'Ground' state
TDMX:0.000   TDMY:0.000   TDMZ:0.000   Oscillator Strength:0.00000   <S**2>: 0.000
--------------------------------------------------------------------
TDMs with Singlet 'Ground' state
TDMX:0.000   TDMY:0.000   TDMZ:-1.278   Oscillator Strength:0.21670   <S**2>: 0.000
--------------------------------------------------------------------


State 28 5.931 eV
Excitation                         CI Coef       TDM X       TDM Y       TDM Z       |TDM|
|1^OS>                            0.20703   -0.00000    0.00000    0.00736    0.00000
|1^CS(3->0)>                     -0.12619    0.03170   -0.00000    0.00183   -0.00080
|1^CS(1->0)>                     -0.35315    0.41880   -0.00000   -0.00416   -0.01063
|1^CS(2->0')>                    -0.44925   -0.54008   -0.00000    0.04188    0.01371
|1^SV(0->1')>                    -0.14208    0.16850   -0.00000   -0.00244   -0.00428
|1^SV(0->3')>                    -0.33125   -0.08321   -0.00000   -0.00385    0.00211
|1^SV(0'->2')>                    0.13247   -0.15925    0.00000    0.01111    0.00404
|1S^CV(3->1')>                    0.08714    0.01772    0.00000    0.00214   -0.00045
|1S^CV(2->2')>                   -0.11300   -0.07688   -0.00000   -0.01664    0.00195
|1S^CV(1->1')>                    0.10003    0.04990    0.00000    0.02823   -0.00127
|1S^CV(1->3')>                    0.08507   -0.01730    0.00000   -0.00203    0.00044
|1T^CV(3->1')>                    0.09636    0.00059    0.00000    0.00000   -0.00002
|1T^CV(1->1')>                   -0.33166   -0.00000   -0.00000   -0.00000    0.00000
|1T^CV(1->3')>                   -0.12437   -0.00077   -0.00000   -0.00000    0.00002
|1^ZCV0(3->2')>                   0.07238   -0.01444    0.00000    0.00073    0.00037
|1^ZCV0(2->1')>                   0.11515   -0.10897    0.00000   -0.00206    0.00277
|1^ZCV0(2->3')>                  -0.06769    0.00675   -0.00000   -0.00068   -0.00017
|1^ZCV0(1->2')>                   0.19852    0.07394    0.00000    0.00358   -0.00188
|1^ZCV0'(2->1')>                 -0.23928   -0.08912   -0.00000   -0.00428    0.00226
|1^ZCV0'(2->3')>                  0.08306    0.01657    0.00000   -0.00083   -0.00042
|1^ZCV0'(1->2')>                 -0.07505    0.07102   -0.00000    0.00135   -0.00180
|1^CSD_(3,2)>                    -0.11121    0.01052   -0.00000   -0.00000   -0.00027
|1^CSD_(2,1)>                    -0.16676   -0.03991   -0.00000   -0.00000    0.00101
|1^SVD_(1',2')>                  -0.32288    0.07728   -0.00000   -0.00000   -0.00196
TDMs with Triplet 'Ground' state
TDMX:0.000   TDMY:0.000   TDMZ:0.000   Oscillator Strength:0.00000   <S**2>: 0.000
--------------------------------------------------------------------
TDMs with Singlet 'Ground' state
TDMX:-0.190   TDMY:0.000   TDMZ:0.000   Oscillator Strength:0.00482   <S**2>: 0.000
--------------------------------------------------------------------


State 29 5.959 eV
Excitation                         CI Coef       TDM X       TDM Y       TDM Z       |TDM|
|1^OS>                           -0.13962    0.00000   -0.00000   -0.00497    0.00000
|1^CS(3->0)>                      0.33101   -0.08315    0.00000   -0.00480    0.00279
|1^CS(1->0)>                     -0.26898    0.31898   -0.00000   -0.00317   -0.01070
|1^CS(2->0')>                    -0.28525   -0.34292   -0.00000    0.02659    0.01150
|1^SV(0->1')>                    -0.38035    0.45106   -0.00000   -0.00652   -0.01513
|1^SV(0->3')>                     0.06525    0.01639    0.00000    0.00076   -0.00055
|1^SV(0'->2')>                    0.48188   -0.57930    0.00000    0.04043    0.01943
|1S^CV(3->1')>                   -0.07102   -0.01444   -0.00000   -0.00175    0.00048
|1S^CV(2->2')>                   -0.15601   -0.10615   -0.00000   -0.02298    0.00356
|1S^CV(1->1')>                    0.13435    0.06702    0.00000    0.03791   -0.00225
|1S^CV(1->3')>                   -0.07864    0.01599   -0.00000    0.00187   -0.00054
|1T^CV(3->1')>                   -0.10585   -0.00065   -0.00000   -0.00000    0.00002
|1T^CV(1->1')>                    0.26827    0.00000    0.00000    0.00000   -0.00000
|1T^CV(1->3')>                    0.07129    0.00044    0.00000    0.00000   -0.00001
|1^ZCV0(3->2')>                  -0.06536    0.01304   -0.00000   -0.00066   -0.00044
|1^ZCV0(1->2')>                  -0.18133   -0.06754   -0.00000   -0.00327    0.00227
|1^ZCV0'(3->2')>                  0.07022    0.00700    0.00000   -0.00070   -0.00023
|1^ZCV0'(2->1')>                  0.13352    0.04973    0.00000    0.00239   -0.00167
|1^ZCV0'(2->3')>                 -0.05170   -0.01032   -0.00000    0.00052    0.00035
|1^ZCV0'(1->2')>                  0.06756   -0.06393    0.00000   -0.00122    0.00214
|1^CSD_(3,2)>                    -0.05479    0.00518   -0.00000   -0.00000   -0.00017
|1^CSD_(2,1)>                     0.30505    0.07301    0.00000    0.00000   -0.00245
|1^SVD_(1',2')>                   0.08348   -0.01998    0.00000    0.00000    0.00067
|1^SVD_(2',3')>                  -0.09738    0.00921   -0.00000   -0.00000   -0.00031
TDMs with Triplet 'Ground' state
TDMX:0.000   TDMY:0.000   TDMZ:0.000   Oscillator Strength:0.00000   <S**2>: 0.000
--------------------------------------------------------------------
TDMs with Singlet 'Ground' state
TDMX:-0.250   TDMY:0.000   TDMZ:-0.000   Oscillator Strength:0.00838   <S**2>: 0.000
--------------------------------------------------------------------


State 30 5.980 eV
Excitation                         CI Coef       TDM X       TDM Y       TDM Z       |TDM|
|3^CS(2->0)>                     -0.12549   -0.16874   -0.00000   -0.01341    0.00000
|3^CS(3->0')>                     0.22278   -0.02309    0.00000    0.00018    0.00000
|3^CS(1->0')>                     0.05316   -0.06670    0.00000   -0.00036    0.00000
|3^SV(0->2')>                     0.12549    0.16874    0.00000    0.01311   -0.00000
|3^SV(0'->1')>                   -0.05316    0.06670   -0.00000    0.00042   -0.00000
|3^SV(0'->3')>                    0.22278    0.02309    0.00000    0.00001   -0.00000
|3T^CV(2->1')>                    0.31868   -0.20115    0.00000    0.00000    0.00000
|3T^CV(1->2')>                    0.31868    0.20115    0.00000   -0.00000   -0.00000
|3S^CV(2->1')>                   -0.05350   -0.01000   -0.00000   -0.00047    0.00000
|3S^CV(2->2')>                    0.12303   -0.00000    0.00000    0.00050    0.00000
|3S^CV(1->2')>                    0.05350    0.01000    0.00000    0.00032   -0.00000
|3X^CV(3->2')>                   -0.20953    0.02948   -0.00000    0.00000   -0.00000
|3X^CV(2->1')>                    0.21344   -0.00271    0.00000   -0.00000    0.00000
|3X^CV(2->3')>                   -0.20953   -0.02948   -0.00000   -0.00000    0.00000
|3X^CV(1->2')>                   -0.21344    0.00271   -0.00000    0.00000   -0.00000
|3^ZCV0(3->1')>                  -0.05389   -0.00675   -0.00000    0.00021    0.00000
|3^ZCV0(3->3')>                   0.08945    0.00286    0.00000   -0.00001   -0.00000
|3^ZCV0(2->2')>                   0.44533   -0.03062    0.00000   -0.00025    0.00000
|3^ZCV0(1->3')>                   0.11070   -0.00886    0.00000   -0.00021    0.00000
|3^ZCV0'(6->1')>                  0.11070    0.00886    0.00000    0.00044   -0.00000
|3^ZCV0'(6->3')>                 -0.08945   -0.00286   -0.00000   -0.00001    0.00000
|3^ZCV0'(5->2')>                 -0.44533    0.03062   -0.00000   -0.00025   -0.00000
|3^ZCV0'(4->3')>                 -0.05389    0.00675   -0.00000   -0.00010   -0.00000
|3^CSD(3,1)>                     -0.05658   -0.00002   -0.00000   -0.00000    0.00000
|3^SVD(1,3)>                     -0.05658    0.00002   -0.00000    0.00000   -0.00000
TDMs with Triplet 'Ground' state
TDMX:-0.000   TDMY:0.000   TDMZ:0.000   Oscillator Strength:0.00000   <S**2>: 2.000
--------------------------------------------------------------------
TDMs with Singlet 'Ground' state
TDMX:0.000   TDMY:0.000   TDMZ:0.000   Oscillator Strength:0.00000   <S**2>: 2.000
--------------------------------------------------------------------


State 31 6.090 eV
Excitation                         CI Coef       TDM X       TDM Y       TDM Z       |TDM|
|5^CV(3->1')>                     0.62306    0.00000    0.00000    0.00000    0.00000
|5^CV(2->2')>                     0.38500    0.00000    0.00000    0.00000    0.00000
|5^CV(1->1')>                     0.27414    0.00000    0.00000    0.00000    0.00000
|5^CV(1->3')>                    -0.62306   -0.00000   -0.00000   -0.00000    0.00000
TDMs with Triplet 'Ground' state
TDMX:0.000   TDMY:0.000   TDMZ:0.000   Oscillator Strength:0.00000   <S**2>: 6.000
--------------------------------------------------------------------
TDMs with Singlet 'Ground' state
TDMX:0.000   TDMY:0.000   TDMZ:0.000   Oscillator Strength:0.00000   <S**2>: 6.000
--------------------------------------------------------------------


State 32 6.302 eV
Excitation                         CI Coef       TDM X       TDM Y       TDM Z       |TDM|
|5^CV(3->2')>                    -0.65157   -0.00000   -0.00000   -0.00000    0.00000
|5^CV(2->1')>                    -0.27468   -0.00000   -0.00000   -0.00000    0.00000
|5^CV(2->3')>                    -0.65157   -0.00000   -0.00000   -0.00000    0.00000
|5^CV(1->2')>                     0.27468    0.00000    0.00000    0.00000    0.00000
TDMs with Triplet 'Ground' state
TDMX:0.000   TDMY:0.000   TDMZ:0.000   Oscillator Strength:0.00000   <S**2>: 6.000
--------------------------------------------------------------------
TDMs with Singlet 'Ground' state
TDMX:0.000   TDMY:0.000   TDMZ:0.000   Oscillator Strength:0.00000   <S**2>: 6.000
--------------------------------------------------------------------


State 33 6.400 eV
Excitation                         CI Coef       TDM X       TDM Y       TDM Z       |TDM|
|1^OS>                           -0.14720    0.00000   -0.00000   -0.00524   -0.00000
|1^CS(3->0)>                      0.14282   -0.03588    0.00000   -0.00207    0.00003
|1^CS(1->0)>                      0.06980   -0.08277    0.00000    0.00082    0.00007
|1^CS(2->0')>                     0.30217    0.36327    0.00000   -0.02817   -0.00032
|1^SV(0->1')>                    -0.07874    0.09338   -0.00000   -0.00135   -0.00008
|1^SV(0->3')>                     0.13619    0.03421    0.00000    0.00158   -0.00003
|1^SV(0'->2')>                    0.31600   -0.37989    0.00000    0.02651    0.00034
|1T^CV(3->1')>                    0.10000    0.00062    0.00000    0.00000   -0.00000
|1T^CV(3->3')>                    0.12008    0.00000    0.00000   -0.00000   -0.00000
|1T^CV(1->1')>                   -0.76719   -0.00000   -0.00000   -0.00000    0.00000
|1T^CV(1->3')>                   -0.10017   -0.00062   -0.00000   -0.00000    0.00000
|1^ZCV0(3->2')>                  -0.07272    0.01451   -0.00000   -0.00073   -0.00001
|1^ZCV0(2->1')>                   0.10500   -0.09936    0.00000   -0.00188    0.00009
|1^ZCV0(2->3')>                   0.08454   -0.00843    0.00000    0.00085    0.00001
|1^ZCV0'(3->2')>                  0.08584    0.00856    0.00000   -0.00086   -0.00001
|1^ZCV0'(2->3')>                 -0.07314   -0.01459   -0.00000    0.00073    0.00001
|1^ZCV0'(1->2')>                 -0.10599    0.10030   -0.00000    0.00191   -0.00009
|1^CSD_(2,1)>                     0.17457    0.04178    0.00000    0.00000   -0.00004
|1^SVD_(1',2')>                   0.15958   -0.03819    0.00000    0.00000    0.00003
TDMs with Triplet 'Ground' state
TDMX:0.000   TDMY:0.000   TDMZ:0.000   Oscillator Strength:0.00000   <S**2>: 0.000
--------------------------------------------------------------------
TDMs with Singlet 'Ground' state
TDMX:-0.006   TDMY:0.000   TDMZ:0.000   Oscillator Strength:0.00001   <S**2>: 0.000
--------------------------------------------------------------------


State 34 6.479 eV
Excitation                         CI Coef       TDM X       TDM Y       TDM Z       |TDM|
|3^CS(3->0)>                     -0.06113   -0.00061   -0.00000   -0.00050    0.00001
|3^CS(3->0')>                     0.63170   -0.06547    0.00000    0.00050    0.00148
|3^SV(0->3')>                    -0.06113   -0.00061   -0.00000    0.00002    0.00001
|3^SV(0'->3')>                   -0.63170   -0.06547   -0.00000   -0.00002    0.00148
|3T^CV(2->1')>                    0.20374   -0.12860    0.00000    0.00000    0.00291
|3T^CV(1->2')>                   -0.20374   -0.12860   -0.00000    0.00000    0.00291
|3S^CV(3->2')>                   -0.10915   -0.00743   -0.00000    0.00041    0.00017
|3S^CV(2->1')>                    0.09663    0.01807    0.00000    0.00085   -0.00041
|3S^CV(2->3')>                    0.10915   -0.00743    0.00000    0.00016    0.00017
|3S^CV(1->2')>                    0.09663    0.01807    0.00000    0.00059   -0.00041
|3X^CV(3->2')>                   -0.09097    0.01280   -0.00000    0.00000   -0.00029
|3X^CV(2->1')>                    0.05038   -0.00064    0.00000   -0.00000    0.00001
|3X^CV(2->3')>                    0.09097    0.01280    0.00000    0.00000   -0.00029
|3X^CV(1->2')>                    0.05038   -0.00064    0.00000   -0.00000    0.00001
|3^ZCV0(3->1')>                   0.06449    0.00808    0.00000   -0.00025   -0.00018
|3^ZCV0(2->2')>                  -0.07499    0.00516   -0.00000    0.00004   -0.00012
|3^ZCV0(1->1')>                  -0.08996    0.00833   -0.00000   -0.00003   -0.00019
|3^ZCV0'(5->2')>                 -0.07499    0.00516   -0.00000   -0.00004   -0.00012
|3^ZCV0'(4->1')>                 -0.08996    0.00833   -0.00000    0.00003   -0.00019
|3^ZCV0'(4->3')>                 -0.06449    0.00808   -0.00000   -0.00012   -0.00018
TDMs with Triplet 'Ground' state
TDMX:-0.143   TDMY:0.000   TDMZ:-0.000   Oscillator Strength:0.00322   <S**2>: 2.000
--------------------------------------------------------------------
TDMs with Singlet 'Ground' state
TDMX:0.000   TDMY:0.000   TDMZ:0.000   Oscillator Strength:0.00000   <S**2>: 2.000
--------------------------------------------------------------------


State 35 6.484 eV
Excitation                         CI Coef       TDM X       TDM Y       TDM Z       |TDM|
|3^CS(3->0)>                      0.42269    0.00424    0.00000    0.00347    0.00076
|3^CS(1->0)>                     -0.05982   -0.00726   -0.00000    0.00421    0.00093
|3^CS(2->0')>                    -0.11888   -0.01547   -0.00000    0.13125    0.02892
|3^SV(0->1')>                     0.05982   -0.00726    0.00000    0.00494    0.00109
|3^SV(0->3')>                     0.42269    0.00424    0.00000   -0.00014   -0.00003
|3^SV(0'->2')>                    0.11888   -0.01547    0.00000    0.12832    0.02828
|3T^CV(2->2')>                    0.16178    0.00000    0.00000    0.07428    0.01637
|3T^CV(1->1')>                    0.63725    0.00000    0.00000    1.02111    0.22501
|3S^CV(3->1')>                    0.08196    0.00051    0.00000    0.00233    0.00051
|3S^CV(1->3')>                    0.08196    0.00051    0.00000    0.00111    0.00024
|3^ZCV0(3->2')>                   0.07814   -0.00073    0.00000    0.00332    0.00073
|3^ZCV0(2->1')>                   0.22675   -0.00586    0.00000   -0.00917   -0.00202
|3^ZCV0(1->2')>                   0.09386   -0.00242    0.00000    0.00875    0.00193
|3^ZCV0'(5->1')>                 -0.09386   -0.00242   -0.00000    0.00979    0.00216
|3^ZCV0'(5->3')>                  0.07814   -0.00073    0.00000    0.00411    0.00091
|3^ZCV0'(4->2')>                 -0.22675   -0.00586   -0.00000   -0.01119   -0.00247
|3^CSD(3,2)>                     -0.09179    0.00000   -0.00000    0.00502    0.00111
|3^SVD(2,3)>                     -0.09179    0.00000   -0.00000    0.00476    0.00105
TDMs with Triplet 'Ground' state
TDMX:-0.000   TDMY:0.000   TDMZ:1.387   Oscillator Strength:0.30566   <S**2>: 2.000
--------------------------------------------------------------------
TDMs with Singlet 'Ground' state
TDMX:0.000   TDMY:0.000   TDMZ:0.000   Oscillator Strength:0.00000   <S**2>: 2.000
--------------------------------------------------------------------


State 36 6.535 eV
Excitation                         CI Coef       TDM X       TDM Y       TDM Z       |TDM|
|3^CS(2->0)>                     -0.05309   -0.07139   -0.00000   -0.00567   -0.00000
|3^SV(0->2')>                     0.05309    0.07139    0.00000    0.00555    0.00000
|3T^CV(2->1')>                   -0.55595    0.35092   -0.00000   -0.00000    0.00000
|3T^CV(1->2')>                   -0.55595   -0.35092   -0.00000    0.00000   -0.00000
|3S^CV(3->1')>                   -0.05541   -0.00035   -0.00000   -0.00158   -0.00000
|3S^CV(3->2')>                   -0.07525   -0.00512   -0.00000    0.00028   -0.00000
|3S^CV(2->1')>                   -0.11723   -0.02192   -0.00000   -0.00103   -0.00000
|3S^CV(2->3')>                   -0.07525    0.00512   -0.00000   -0.00011    0.00000
|3S^CV(1->2')>                    0.11723    0.02192    0.00000    0.00071    0.00000
|3S^CV(1->3')>                    0.05541    0.00035    0.00000    0.00075    0.00000
|3X^CV(3->2')>                   -0.22798    0.03208   -0.00000    0.00000    0.00000
|3X^CV(2->3')>                   -0.22798   -0.03208   -0.00000   -0.00000   -0.00000
|3^ZCV0(3->1')>                  -0.16047   -0.02010   -0.00000    0.00063   -0.00000
|3^ZCV0(3->3')>                   0.06336    0.00203    0.00000   -0.00001    0.00000
|3^ZCV0(2->2')>                   0.11041   -0.00759    0.00000   -0.00006   -0.00000
|3^ZCV0(1->3')>                   0.24069   -0.01926    0.00000   -0.00045   -0.00000
|3^ZCV0'(6->1')>                  0.24069    0.01926    0.00000    0.00095    0.00000
|3^ZCV0'(6->3')>                 -0.06336   -0.00203   -0.00000   -0.00001   -0.00000
|3^ZCV0'(5->2')>                 -0.11041    0.00759   -0.00000   -0.00006    0.00000
|3^ZCV0'(4->3')>                 -0.16047    0.02010   -0.00000   -0.00030    0.00000
|3^CSD(3,1)>                     -0.08360   -0.00004   -0.00000   -0.00000   -0.00000
|3^SVD(1,3)>                     -0.08360    0.00004   -0.00000    0.00000    0.00000
TDMs with Triplet 'Ground' state
TDMX:0.000   TDMY:0.000   TDMZ:0.000   Oscillator Strength:0.00000   <S**2>: 2.000
--------------------------------------------------------------------
TDMs with Singlet 'Ground' state
TDMX:0.000   TDMY:0.000   TDMZ:0.000   Oscillator Strength:0.00000   <S**2>: 2.000
--------------------------------------------------------------------


State 37 6.602 eV
Excitation                         CI Coef       TDM X       TDM Y       TDM Z       |TDM|
|3^OS>                            0.11397    0.00000    0.00000    0.02234   -0.00000
|3^CS(3->0)>                     -0.16705   -0.00168   -0.00000   -0.00137    0.00000
|3^CS(1->0)>                      0.10911    0.01325    0.00000   -0.00767    0.00000
|3^CS(2->0')>                    -0.08375   -0.01090   -0.00000    0.09247   -0.00000
|3^SV(0->1')>                     0.10911   -0.01325    0.00000    0.00901   -0.00000
|3^SV(0->3')>                     0.16705    0.00168    0.00000   -0.00005    0.00000
|3^SV(0'->2')>                   -0.08375    0.01090   -0.00000   -0.09040    0.00000
|3T^CV(3->1')>                    0.05340   -0.00000    0.00000    0.00968   -0.00000
|3T^CV(1->3')>                    0.05340    0.00000    0.00000   -0.00963    0.00000
|3S^CV(3->1')>                   -0.17205   -0.00108   -0.00000   -0.00490    0.00000
|3S^CV(2->2')>                   -0.28657    0.00000   -0.00000   -0.00117    0.00000
|3S^CV(1->1')>                    0.14667   -0.00000    0.00000   -0.00030    0.00000
|3S^CV(1->3')>                    0.17205    0.00108    0.00000    0.00232   -0.00000
|3X^CV(3->1')>                   -0.09260    0.00000   -0.00000   -0.01448    0.00000
|3X^CV(3->3')>                    0.06328   -0.00000    0.00000   -0.00137    0.00000
|3X^CV(2->2')>                    0.34770   -0.00000    0.00000   -0.01356    0.00000
|3X^CV(1->1')>                   -0.14190   -0.00000   -0.00000   -0.00514    0.00000
|3X^CV(1->3')>                    0.09260   -0.00000    0.00000    0.01370   -0.00000
|3^ZCV0(2->1')>                   0.33126   -0.00856    0.00000   -0.01339    0.00000
|3^ZCV0(2->3')>                  -0.14966   -0.00141   -0.00000   -0.00943    0.00000
|3^ZCV0(1->2')>                   0.06853   -0.00177    0.00000    0.00638   -0.00000
|3^ZCV0'(6->2')>                  0.14966    0.00141    0.00000    0.01040   -0.00000
|3^ZCV0'(5->1')>                  0.06853    0.00177    0.00000   -0.00715    0.00000
|3^ZCV0'(4->2')>                  0.33126    0.00856    0.00000    0.01635   -0.00000
|3^CSD(3,2)>                      0.13240   -0.00000    0.00000   -0.00724    0.00000
|3^CSD(2,1)>                     -0.34619   -0.00000   -0.00000   -0.00484    0.00000
|3^SVD(1,2)>                     -0.34619    0.00000   -0.00000    0.00229   -0.00000
|3^SVD(2,3)>                     -0.13240    0.00000   -0.00000    0.00686   -0.00000
TDMs with Triplet 'Ground' state
TDMX:-0.000   TDMY:0.000   TDMZ:-0.000   Oscillator Strength:0.00000   <S**2>: 2.000
--------------------------------------------------------------------
TDMs with Singlet 'Ground' state
TDMX:0.000   TDMY:0.000   TDMZ:0.000   Oscillator Strength:0.00000   <S**2>: 2.000
--------------------------------------------------------------------


State 38 6.673 eV
Excitation                         CI Coef       TDM X       TDM Y       TDM Z       |TDM|
|1^ZW->                           0.22214    0.00000    0.00000    0.04044   -0.00000
|1^CS(2->0)>                      0.38246   -0.04449    0.00000   -0.36848    0.00000
|1^CS(3->0')>                     0.06017   -0.00146    0.00000    0.00901   -0.00000
|1^SV(0->2')>                     0.38246    0.04449    0.00000    0.33162   -0.00000
|1^SV(0'->3')>                    0.06017    0.00146    0.00000   -0.00723    0.00000
|1S^CV(2->1')>                    0.19113   -0.03482    0.00000    0.02477    0.00000
|1S^CV(1->2')>                    0.19113    0.03482    0.00000   -0.02497   -0.00000
|1^ZCV0(3->1')>                  -0.20371    0.00572   -0.00000   -0.02813    0.00000
|1^ZCV0(1->1')>                  -0.25996    0.01791   -0.00000   -0.26683    0.00000
|1^ZCV0(1->3')>                  -0.12453   -0.00350   -0.00000    0.00545    0.00000
|1^ZCV0'(3->1')>                  0.12453    0.00350    0.00000   -0.00496   -0.00000
|1^ZCV0'(1->1')>                 -0.25996   -0.01791   -0.00000    0.26423   -0.00000
|1^ZCV0'(1->3')>                  0.20371   -0.00572    0.00000    0.02620   -0.00000
|1^CSD_(3,3)>                     0.05110    0.00000    0.00000    0.00479   -0.00000
|1^CSD_(2,2)>                     0.08875    0.00000    0.00000    0.04172   -0.00000
|1^CSD_(1,1)>                    -0.37668   -0.00000   -0.00000   -0.03566    0.00000
|1^SVD_(1',1')>                   0.37668    0.00000    0.00000    0.03555   -0.00000
|1^SVD_(2',2')>                  -0.08875   -0.00000   -0.00000   -0.04169    0.00000
|1^SVD_(3',3')>                  -0.05110   -0.00000   -0.00000   -0.00479    0.00000
TDMs with Triplet 'Ground' state
TDMX:0.000   TDMY:0.000   TDMZ:0.000   Oscillator Strength:0.00000   <S**2>: 0.000
--------------------------------------------------------------------
TDMs with Singlet 'Ground' state
TDMX:-0.000   TDMY:0.000   TDMZ:-0.000   Oscillator Strength:0.00000   <S**2>: 0.000
--------------------------------------------------------------------


State 39 6.714 eV
Excitation                         CI Coef       TDM X       TDM Y       TDM Z       |TDM|
|3^CS(3->0)>                      0.46608    0.00467    0.00000    0.00382   -0.00067
|3^SV(0->3')>                     0.46608    0.00467    0.00000   -0.00015    0.00003
|3T^CV(1->1')>                   -0.58261   -0.00000   -0.00000   -0.93356    0.16434
|3^ZCV0(2->3')>                  -0.11188   -0.00105   -0.00000   -0.00705    0.00124
|3^ZCV0(1->2')>                  -0.22487    0.00581   -0.00000   -0.02095    0.00369
|3^ZCV0'(6->2')>                 -0.11188   -0.00105   -0.00000   -0.00777    0.00137
|3^ZCV0'(5->1')>                  0.22487    0.00581    0.00000   -0.02345    0.00413
|3^CSD(2,1)>                      0.18836    0.00000    0.00000    0.00263   -0.00046
|3^SVD(1,2)>                     -0.18836    0.00000   -0.00000    0.00125   -0.00022
TDMs with Triplet 'Ground' state
TDMX:0.000   TDMY:0.000   TDMZ:-1.070   Oscillator Strength:0.18838   <S**2>: 2.000
--------------------------------------------------------------------
TDMs with Singlet 'Ground' state
TDMX:0.000   TDMY:0.000   TDMZ:0.000   Oscillator Strength:0.00000   <S**2>: 2.000
--------------------------------------------------------------------


State 40 6.854 eV
Excitation                         CI Coef       TDM X       TDM Y       TDM Z       |TDM|
|3^CS(1->0)>                     -0.15856   -0.01925   -0.00000    0.01115   -0.00000
|3^SV(0->1')>                    -0.15856    0.01925   -0.00000   -0.01309    0.00000
|3T^CV(3->1')>                    0.08297   -0.00000    0.00000    0.01503   -0.00000
|3T^CV(1->3')>                    0.08297    0.00000    0.00000   -0.01496    0.00000
|3S^CV(3->3')>                   -0.11089   -0.00000   -0.00000   -0.00007    0.00000
|3S^CV(2->2')>                   -0.24623    0.00000   -0.00000   -0.00101    0.00000
|3S^CV(1->1')>                    0.66509   -0.00000    0.00000   -0.00134    0.00000
|3X^CV(3->1')>                    0.18516   -0.00000    0.00000    0.02896   -0.00000
|3X^CV(2->2')>                   -0.24887    0.00000   -0.00000    0.00970   -0.00000
|3X^CV(1->1')>                   -0.38559   -0.00000   -0.00000   -0.01397    0.00000
|3X^CV(1->3')>                   -0.18516    0.00000   -0.00000   -0.02739    0.00000
|3^ZCV0(3->2')>                   0.16458   -0.00155    0.00000    0.00700   -0.00000
|3^ZCV0(2->1')>                  -0.10315    0.00266   -0.00000    0.00417   -0.00000
|3^ZCV0(2->3')>                   0.08333    0.00078    0.00000    0.00525   -0.00000
|3^ZCV0(1->1')>                  -0.09187    0.00851   -0.00000   -0.00003    0.00000
|3^ZCV0'(6->2')>                 -0.08333   -0.00078   -0.00000   -0.00579    0.00000
|3^ZCV0'(5->3')>                 -0.16458    0.00155   -0.00000   -0.00866    0.00000
|3^ZCV0'(4->1')>                  0.09187   -0.00851    0.00000   -0.00003   -0.00000
|3^ZCV0'(4->2')>                 -0.10315   -0.00266   -0.00000   -0.00509    0.00000
|3^CSD(3,2)>                      0.06168   -0.00000    0.00000   -0.00337    0.00000
|3^CSD(2,1)>                      0.05613    0.00000    0.00000    0.00078   -0.00000
|3^SVD(1,2)>                      0.05613   -0.00000    0.00000   -0.00037    0.00000
|3^SVD(2,3)>                     -0.06168    0.00000   -0.00000    0.00320   -0.00000
TDMs with Triplet 'Ground' state
TDMX:0.000   TDMY:0.000   TDMZ:-0.000   Oscillator Strength:0.00000   <S**2>: 2.000
--------------------------------------------------------------------
TDMs with Singlet 'Ground' state
TDMX:0.000   TDMY:0.000   TDMZ:0.000   Oscillator Strength:0.00000   <S**2>: 2.000
--------------------------------------------------------------------


State 41 6.985 eV
Excitation                         CI Coef       TDM X       TDM Y       TDM Z       |TDM|
|1^ZW->                          -0.09302   -0.00000   -0.00000   -0.01693   -0.00000
|1^CS(2->0)>                     -0.30146    0.03507   -0.00000    0.29044    0.00000
|1^CS(3->0')>                    -0.16095    0.00391   -0.00000   -0.02411   -0.00000
|1^CS(1->0')>                    -0.11972    0.01374   -0.00000    0.01457    0.00000
|1^SV(0->2')>                    -0.30146   -0.03507   -0.00000   -0.26139   -0.00000
|1^SV(0'->1')>                    0.11972   -0.01374    0.00000   -0.02122   -0.00000
|1^SV(0'->3')>                   -0.16095   -0.00391   -0.00000    0.01933    0.00000
|1S^CV(3->2')>                   -0.17249    0.00713   -0.00000    0.01252    0.00000
|1S^CV(2->3')>                    0.17249   -0.00713    0.00000   -0.01255   -0.00000
|1T^CV(3->2')>                    0.10637    0.00000    0.00000    0.00125    0.00000
|1T^CV(2->3')>                    0.10637   -0.00000    0.00000    0.00222    0.00000
|1^ZCV0(3->1')>                  -0.14155    0.00398   -0.00000   -0.01955   -0.00000
|1^ZCV0(3->3')>                  -0.09515    0.00002   -0.00000    0.00716    0.00000
|1^ZCV0(2->2')>                   0.21734   -0.02043    0.00000    0.11619    0.00000
|1^ZCV0(1->1')>                  -0.18482    0.01274   -0.00000   -0.18971   -0.00000
|1^ZCV0(1->3')>                  -0.14338   -0.00403   -0.00000    0.00628    0.00000
|1^ZCV0'(3->1')>                  0.14338    0.00403    0.00000   -0.00571   -0.00000
|1^ZCV0'(3->3')>                 -0.09515   -0.00002   -0.00000   -0.00722   -0.00000
|1^ZCV0'(2->2')>                  0.21734    0.02043    0.00000   -0.11553   -0.00000
|1^ZCV0'(1->1')>                 -0.18482   -0.01274   -0.00000    0.18786    0.00000
|1^ZCV0'(1->3')>                  0.14155   -0.00398    0.00000    0.01820    0.00000
|1^CSD_(3,3)>                     0.18155    0.00000    0.00000    0.01701    0.00000
|1^CSD_(2,2)>                    -0.32589   -0.00000   -0.00000   -0.15319   -0.00000
|1^CSD_(1,1)>                    -0.21101   -0.00000   -0.00000   -0.01997   -0.00000
|1^SVD_(1',1')>                   0.21101    0.00000    0.00000    0.01991    0.00000
|1^SVD_(2',2')>                   0.32589    0.00000    0.00000    0.15308    0.00000
|1^SVD_(3',3')>                  -0.18155   -0.00000   -0.00000   -0.01703   -0.00000
TDMs with Triplet 'Ground' state
TDMX:0.000   TDMY:0.000   TDMZ:0.000   Oscillator Strength:0.00000   <S**2>: 0.000
--------------------------------------------------------------------
TDMs with Singlet 'Ground' state
TDMX:0.000   TDMY:0.000   TDMZ:0.000   Oscillator Strength:0.00000   <S**2>: 0.000
--------------------------------------------------------------------


State 42 6.989 eV
Excitation                         CI Coef       TDM X       TDM Y       TDM Z       |TDM|
|1^ZW+>                           0.15996   -0.00000    0.00000   -0.19871    0.04056
|1^CS(2->0)>                     -0.12144    0.01413   -0.00000    0.11700   -0.02388
|1^CS(3->0')>                    -0.25318    0.00615   -0.00000   -0.03793    0.00774
|1^SV(0->2')>                     0.12144    0.01413    0.00000    0.10529   -0.02149
|1^SV(0'->3')>                    0.25318    0.00615    0.00000   -0.03041    0.00621
|1S^CV(3->2')>                   -0.09030    0.00373   -0.00000    0.00656   -0.00134
|1S^CV(2->1')>                    0.12500   -0.02277    0.00000    0.01620   -0.00331
|1S^CV(2->3')>                   -0.09030    0.00373   -0.00000    0.00657   -0.00134
|1S^CV(1->1')>                   -0.13193   -0.06581   -0.00000   -0.03723    0.00760
|1S^CV(1->2')>                   -0.12500   -0.02277   -0.00000    0.01633   -0.00333
|1T^CV(3->2')>                    0.06134    0.00000    0.00000    0.00072   -0.00015
|1T^CV(2->1')>                    0.27909   -0.00000    0.00000   -0.06869    0.01402
|1T^CV(2->3')>                   -0.06134    0.00000   -0.00000   -0.00128    0.00026
|1T^CV(1->2')>                    0.27909   -0.00000    0.00000   -0.05851    0.01194
|1^ZCV0(3->1')>                  -0.12436    0.00349   -0.00000   -0.01717    0.00351
|1^ZCV0(1->1')>                  -0.47752    0.03291   -0.00000   -0.49013    0.10005
|1^ZCV0'(1->1')>                  0.47752    0.03291    0.00000   -0.48536    0.09908
|1^ZCV0'(1->3')>                 -0.12436    0.00349   -0.00000   -0.01599    0.00326
|1^CSD_(3,1)>                     0.12407    0.00000    0.00000   -0.01320    0.00269
|1^CSD_(2,2)>                    -0.11656   -0.00000   -0.00000   -0.05479    0.01118
|1^CSD_(1,1)>                     0.13029    0.00000    0.00000    0.01233   -0.00252
|1^SVD_(1',1')>                   0.13029    0.00000    0.00000    0.01229   -0.00251
|1^SVD_(1',3')>                  -0.12407    0.00000   -0.00000   -0.01504    0.00307
|1^SVD_(2',2')>                  -0.11656   -0.00000   -0.00000   -0.05475    0.01118
TDMs with Triplet 'Ground' state
TDMX:0.000   TDMY:0.000   TDMZ:0.000   Oscillator Strength:0.00000   <S**2>: 0.000
--------------------------------------------------------------------
TDMs with Singlet 'Ground' state
TDMX:0.000   TDMY:0.000   TDMZ:-1.280   Oscillator Strength:0.26133   <S**2>: 0.000
--------------------------------------------------------------------


State 43 7.029 eV
Excitation                         CI Coef       TDM X       TDM Y       TDM Z       |TDM|
|3^CS(3->0')>                    -0.05689    0.00590   -0.00000   -0.00005    0.00000
|3^CS(1->0')>                     0.05877   -0.07374    0.00000   -0.00040   -0.00002
|3^SV(0'->1')>                    0.05877   -0.07374    0.00000   -0.00047   -0.00002
|3^SV(0'->3')>                    0.05689    0.00590    0.00000    0.00000    0.00000
|3S^CV(2->1')>                    0.11967    0.02237    0.00000    0.00106    0.00001
|3S^CV(1->2')>                    0.11967    0.02237    0.00000    0.00072    0.00001
|3^ZCV0(3->1')>                  -0.09912   -0.01241   -0.00000    0.00039   -0.00000
|3^ZCV0(3->3')>                   0.08670    0.00277    0.00000   -0.00001    0.00000
|3^ZCV0(2->2')>                   0.14189   -0.00976    0.00000   -0.00008   -0.00000
|3^ZCV0(1->1')>                  -0.62206    0.05761   -0.00000   -0.00017    0.00002
|3^ZCV0(1->3')>                  -0.20804    0.01664   -0.00000    0.00039    0.00000
|3^ZCV0'(6->1')>                  0.20804    0.01664    0.00000    0.00082    0.00000
|3^ZCV0'(6->3')>                  0.08670    0.00277    0.00000    0.00001    0.00000
|3^ZCV0'(5->2')>                  0.14189   -0.00976    0.00000    0.00008   -0.00000
|3^ZCV0'(4->1')>                 -0.62206    0.05761   -0.00000    0.00017    0.00002
|3^ZCV0'(4->3')>                  0.09912   -0.01241    0.00000    0.00018   -0.00000
|3^CSD(3,1)>                     -0.05860   -0.00003   -0.00000   -0.00000   -0.00000
|3^SVD(1,3)>                      0.05860   -0.00003    0.00000   -0.00000   -0.00000
TDMs with Triplet 'Ground' state
TDMX:0.002   TDMY:0.000   TDMZ:0.000   Oscillator Strength:0.00000   <S**2>: 2.000
--------------------------------------------------------------------
TDMs with Singlet 'Ground' state
TDMX:0.000   TDMY:0.000   TDMZ:0.000   Oscillator Strength:0.00000   <S**2>: 2.000
--------------------------------------------------------------------


State 44 7.038 eV
Excitation                         CI Coef       TDM X       TDM Y       TDM Z       |TDM|
|1^CS(3->0)>                      0.48196   -0.12107    0.00000   -0.00699   -0.00135
|1^CS(1->0)>                      0.13474   -0.15979    0.00000    0.00159   -0.00178
|1^CS(2->0')>                     0.20871    0.25091    0.00000   -0.01946    0.00279
|1^SV(0->1')>                     0.14970   -0.17753    0.00000    0.00257   -0.00198
|1^SV(0->3')>                    -0.46954   -0.11795   -0.00000   -0.00546   -0.00131
|1^SV(0'->2')>                   -0.22481    0.27026   -0.00000   -0.01886    0.00301
|1S^CV(3->3')>                    0.08520    0.00010    0.00000   -0.00178    0.00000
|1S^CV(1->1')>                    0.19097    0.09527    0.00000    0.05389    0.00106
|1T^CV(3->1')>                   -0.11603   -0.00072   -0.00000   -0.00000   -0.00001
|1T^CV(1->3')>                   -0.11336   -0.00070   -0.00000   -0.00000   -0.00001
|1^ZCV0(2->3')>                  -0.05890    0.00587   -0.00000   -0.00059    0.00007
|1^ZCV0(1->2')>                  -0.13534   -0.05041   -0.00000   -0.00244   -0.00056
|1^ZCV0'(3->2')>                  0.05855    0.00584    0.00000   -0.00059    0.00007
|1^ZCV0'(2->1')>                 -0.14339   -0.05341   -0.00000   -0.00257   -0.00059
|1^CSD_(2,1)>                     0.37798    0.09046    0.00000    0.00000    0.00101
|1^SVD_(1',2')>                  -0.37035    0.08864   -0.00000   -0.00000    0.00099
|1^SVD_(2',3')>                  -0.06077    0.00575   -0.00000   -0.00000    0.00006
TDMs with Triplet 'Ground' state
TDMX:0.000   TDMY:0.000   TDMZ:0.000   Oscillator Strength:0.00000   <S**2>: 0.000
--------------------------------------------------------------------
TDMs with Singlet 'Ground' state
TDMX:0.069   TDMY:0.000   TDMZ:0.000   Oscillator Strength:0.00077   <S**2>: 0.000
--------------------------------------------------------------------


State 45 7.165 eV
Excitation                         CI Coef       TDM X       TDM Y       TDM Z       |TDM|
|3^CS(3->0')>                    -0.05775    0.00599   -0.00000   -0.00005    0.00000
|3^CS(1->0')>                     0.07734   -0.09704    0.00000   -0.00053   -0.00000
|3^SV(0'->1')>                   -0.07734    0.09704   -0.00000    0.00062    0.00000
|3^SV(0'->3')>                   -0.05775   -0.00599   -0.00000   -0.00000   -0.00000
|3T^CV(3->2')>                    0.15058   -0.04808    0.00000   -0.00000   -0.00000
|3T^CV(2->3')>                   -0.15058    0.04808   -0.00000    0.00000    0.00000
|3S^CV(3->1')>                    0.06558    0.00041    0.00000    0.00187    0.00000
|3S^CV(2->1')>                   -0.44971   -0.08408   -0.00000   -0.00397   -0.00000
|3S^CV(1->2')>                    0.44971    0.08408    0.00000    0.00272    0.00000
|3S^CV(1->3')>                   -0.06558   -0.00041   -0.00000   -0.00089   -0.00000
|3X^CV(2->1')>                   -0.23490    0.00298   -0.00000    0.00000    0.00000
|3X^CV(1->2')>                    0.23490   -0.00298    0.00000   -0.00000   -0.00000
|3^ZCV0(3->1')>                   0.35522    0.04449    0.00000   -0.00140    0.00000
|3^ZCV0(3->3')>                   0.11500    0.00368    0.00000   -0.00001    0.00000
|3^ZCV0(2->1')>                   0.06212   -0.00160    0.00000   -0.00251   -0.00000
|3^ZCV0(2->2')>                   0.10580   -0.00728    0.00000   -0.00006   -0.00000
|3^ZCV0(1->1')>                  -0.07252    0.00672   -0.00000   -0.00002    0.00000
|3^ZCV0(1->2')>                  -0.06212    0.00160   -0.00000   -0.00579   -0.00000
|3^ZCV0(1->3')>                  -0.11951    0.00956   -0.00000    0.00022    0.00000
|3^ZCV0'(6->1')>                 -0.11951   -0.00956   -0.00000   -0.00047   -0.00000
|3^ZCV0'(6->3')>                 -0.11500   -0.00368   -0.00000   -0.00001   -0.00000
|3^ZCV0'(5->1')>                 -0.06212   -0.00160   -0.00000    0.00648    0.00000
|3^ZCV0'(5->2')>                 -0.10580    0.00728   -0.00000   -0.00006    0.00000
|3^ZCV0'(4->1')>                  0.07252   -0.00672    0.00000   -0.00002   -0.00000
|3^ZCV0'(4->2')>                  0.06212    0.00160    0.00000    0.00307    0.00000
|3^ZCV0'(4->3')>                  0.35522   -0.04449    0.00000    0.00066   -0.00000
|3^CSD(3,1)>                     -0.16007   -0.00007   -0.00000   -0.00000   -0.00000
|3^SVD(1,3)>                     -0.16007    0.00007   -0.00000    0.00000    0.00000
TDMs with Triplet 'Ground' state
TDMX:0.000   TDMY:0.000   TDMZ:0.000   Oscillator Strength:0.00000   <S**2>: 2.000
--------------------------------------------------------------------
TDMs with Singlet 'Ground' state
TDMX:0.000   TDMY:0.000   TDMZ:0.000   Oscillator Strength:0.00000   <S**2>: 2.000
--------------------------------------------------------------------


State 46 7.336 eV
Excitation                         CI Coef       TDM X       TDM Y       TDM Z       |TDM|
|1^CS(2->0)>                     -0.19162    0.02229   -0.00000    0.18462    0.03231
|1^CS(3->0')>                    -0.44020    0.01070   -0.00000   -0.06595   -0.01154
|1^CS(1->0')>                    -0.10951    0.01257   -0.00000    0.01333    0.00233
|1^SV(0->2')>                     0.19162    0.02229    0.00000    0.16615    0.02908
|1^SV(0'->1')>                   -0.10951    0.01257   -0.00000    0.01941    0.00340
|1^SV(0'->3')>                    0.44020    0.01070    0.00000   -0.05288   -0.00925
|1S^CV(3->2')>                   -0.09991    0.00413   -0.00000    0.00725    0.00127
|1S^CV(2->2')>                    0.05365    0.03650    0.00000    0.00790    0.00138
|1S^CV(2->3')>                   -0.09991    0.00413   -0.00000    0.00727    0.00127
|1S^CV(1->1')>                    0.08723    0.04352    0.00000    0.02462    0.00431
|1T^CV(2->1')>                   -0.07518    0.00000   -0.00000    0.01850    0.00324
|1T^CV(1->2')>                   -0.07518    0.00000   -0.00000    0.01576    0.00276
|1^ZCV0(3->1')>                   0.10257   -0.00288    0.00000    0.01416    0.00248
|1^ZCV0(2->2')>                   0.19418   -0.01825    0.00000    0.10381    0.01817
|1^ZCV0(1->1')>                   0.31575   -0.02176    0.00000    0.32409    0.05672
|1^ZCV0(1->3')>                   0.06063    0.00170    0.00000   -0.00265   -0.00046
|1^ZCV0'(3->1')>                  0.06063    0.00170    0.00000   -0.00242   -0.00042
|1^ZCV0'(2->2')>                 -0.19418   -0.01825   -0.00000    0.10322    0.01807
|1^ZCV0'(1->1')>                 -0.31575   -0.02176   -0.00000    0.32093    0.05617
|1^ZCV0'(1->3')>                  0.10257   -0.00288    0.00000    0.01319    0.00231
|1^CSD_(3,3)>                     0.08722    0.00000    0.00000    0.00817    0.00143
|1^CSD_(2,2)>                    -0.24488   -0.00000   -0.00000   -0.11511   -0.02015
|1^CSD_(1,1)>                     0.10525    0.00000    0.00000    0.00996    0.00174
|1^SVD_(1',1')>                   0.10525    0.00000    0.00000    0.00993    0.00174
|1^SVD_(2',2')>                  -0.24488   -0.00000   -0.00000   -0.11503   -0.02013
|1^SVD_(3',3')>                   0.08722    0.00000    0.00000    0.00818    0.00143
TDMs with Triplet 'Ground' state
TDMX:0.000   TDMY:0.000   TDMZ:0.000   Oscillator Strength:0.00000   <S**2>: 0.000
--------------------------------------------------------------------
TDMs with Singlet 'Ground' state
TDMX:-0.000   TDMY:0.000   TDMZ:1.042   Oscillator Strength:0.18239   <S**2>: 0.000
--------------------------------------------------------------------


State 47 7.395 eV
Excitation                         CI Coef       TDM X       TDM Y       TDM Z       |TDM|
|3^CS(2->0)>                     -0.05636   -0.07578   -0.00000   -0.00602   -0.01202
|3^CS(3->0')>                     0.21492   -0.02228    0.00000    0.00017   -0.00353
|3^CS(1->0')>                    -0.09785    0.12277   -0.00000    0.00067    0.01948
|3^SV(0->2')>                    -0.05636   -0.07578   -0.00000   -0.00589   -0.01202
|3^SV(0'->1')>                   -0.09785    0.12277   -0.00000    0.00078    0.01948
|3^SV(0'->3')>                   -0.21492   -0.02228   -0.00000   -0.00001   -0.00353
|3T^CV(2->1')>                   -0.62082    0.39186   -0.00000   -0.00000    0.06218
|3T^CV(1->2')>                    0.62082    0.39186    0.00000   -0.00000    0.06218
|3S^CV(3->2')>                    0.05794    0.00394    0.00000   -0.00022    0.00063
|3S^CV(2->3')>                   -0.05794    0.00394   -0.00000   -0.00008    0.00063
|3X^CV(2->1')>                   -0.21266    0.00270   -0.00000    0.00000    0.00043
|3X^CV(1->2')>                   -0.21266    0.00270   -0.00000    0.00000    0.00043
TDMs with Triplet 'Ground' state
TDMX:0.876   TDMY:0.000   TDMZ:0.000   Oscillator Strength:0.13895   <S**2>: 2.000
--------------------------------------------------------------------
TDMs with Singlet 'Ground' state
TDMX:0.000   TDMY:0.000   TDMZ:0.000   Oscillator Strength:0.00000   <S**2>: 2.000
--------------------------------------------------------------------


State 48 7.403 eV
Excitation                         CI Coef       TDM X       TDM Y       TDM Z       |TDM|
|1^OS>                            0.26723   -0.00000    0.00000    0.00950   -0.00000
|1^ZW->                          -0.05221   -0.00000   -0.00000   -0.00950    0.00000
|1^CS(3->0)>                     -0.05355    0.01345   -0.00000    0.00078    0.00001
|1^CS(1->0)>                     -0.15321    0.18170   -0.00000   -0.00180    0.00008
|1^CS(2->0')>                    -0.15789   -0.18981   -0.00000    0.01472   -0.00009
|1^SV(0->1')>                     0.15223   -0.18053    0.00000    0.00261   -0.00008
|1^SV(0->3')>                    -0.05814   -0.01461   -0.00000   -0.00068   -0.00001
|1^SV(0'->2')>                   -0.15482    0.18613   -0.00000   -0.01299    0.00009
|1S^CV(2->1')>                   -0.07305    0.01331   -0.00000   -0.00947    0.00001
|1S^CV(1->2')>                   -0.07172   -0.01306   -0.00000    0.00937   -0.00001
|1T^CV(3->1')>                    0.15492    0.00096    0.00000    0.00000    0.00000
|1T^CV(3->3')>                    0.17118    0.00000    0.00000   -0.00000    0.00000
|1T^CV(2->2')>                    0.59576    0.00000    0.00000    0.00000    0.00000
|1T^CV(1->1')>                   -0.13219   -0.00000   -0.00000   -0.00000   -0.00000
|1T^CV(1->3')>                   -0.15468   -0.00095   -0.00000   -0.00000   -0.00000
|1^ZCV0(3->2')>                  -0.10391    0.02073   -0.00000   -0.00104    0.00001
|1^ZCV0(2->1')>                  -0.17976    0.17010   -0.00000    0.00322    0.00008
|1^ZCV0(1->2')>                  -0.34493   -0.12847   -0.00000   -0.00623   -0.00006
|1^ZCV0'(2->1')>                  0.34905    0.13001    0.00000    0.00625    0.00006
|1^ZCV0'(2->3')>                 -0.10526   -0.02100   -0.00000    0.00106   -0.00001
|1^ZCV0'(1->2')>                  0.17425   -0.16489    0.00000   -0.00315   -0.00008
|1^CSD_(2,1)>                     0.13222    0.03164    0.00000    0.00000    0.00001
|1^SVD_(1',2')>                   0.12015   -0.02876    0.00000    0.00000   -0.00001
TDMs with Triplet 'Ground' state
TDMX:0.000   TDMY:0.000   TDMZ:0.000   Oscillator Strength:0.00000   <S**2>: 0.000
--------------------------------------------------------------------
TDMs with Singlet 'Ground' state
TDMX:0.003   TDMY:0.000   TDMZ:-0.000   Oscillator Strength:0.00000   <S**2>: 0.000
--------------------------------------------------------------------


State 49 7.406 eV
Excitation                         CI Coef       TDM X       TDM Y       TDM Z       |TDM|
|3^CS(3->0)>                      0.08144    0.00082    0.00000    0.00067    0.00004
|3^CS(1->0)>                      0.17794    0.02160    0.00000   -0.01252   -0.00075
|3^SV(0->1')>                    -0.17794    0.02160   -0.00000   -0.01469   -0.00089
|3^SV(0->3')>                     0.08144    0.00082    0.00000   -0.00003   -0.00000
|3T^CV(3->1')>                   -0.05399    0.00000   -0.00000   -0.00978   -0.00059
|3T^CV(2->2')>                   -0.52988   -0.00000   -0.00000   -0.24330   -0.01466
|3T^CV(1->1')>                    0.39651    0.00000    0.00000    0.63535    0.03829
|3T^CV(1->3')>                    0.05399    0.00000    0.00000   -0.00974   -0.00059
|3S^CV(2->1')>                   -0.08344   -0.01560   -0.00000   -0.00074   -0.00004
|3S^CV(1->2')>                   -0.08344   -0.01560   -0.00000   -0.00051   -0.00003
|3X^CV(3->1')>                    0.10600   -0.00000    0.00000    0.01658    0.00100
|3X^CV(1->3')>                    0.10600   -0.00000    0.00000    0.01568    0.00094
|3^ZCV0(3->2')>                  -0.10753    0.00101   -0.00000   -0.00457   -0.00028
|3^ZCV0(2->1')>                  -0.28314    0.00731   -0.00000    0.01145    0.00069
|3^ZCV0(2->3')>                  -0.10780   -0.00101   -0.00000   -0.00679   -0.00041
|3^ZCV0(1->2')>                  -0.32086    0.00829   -0.00000   -0.02990   -0.00180
|3^ZCV0'(6->2')>                 -0.10780   -0.00101   -0.00000   -0.00749   -0.00045
|3^ZCV0'(5->1')>                  0.32086    0.00829    0.00000   -0.03346   -0.00202
|3^ZCV0'(5->3')>                 -0.10753    0.00101   -0.00000   -0.00566   -0.00034
|3^ZCV0'(4->2')>                  0.28314    0.00731    0.00000    0.01397    0.00084
|3^CSD(3,2)>                      0.05881   -0.00000    0.00000   -0.00322   -0.00019
|3^CSD(2,1)>                      0.09864    0.00000    0.00000    0.00138    0.00008
|3^SVD(1,2)>                     -0.09864    0.00000   -0.00000    0.00065    0.00004
|3^SVD(2,3)>                      0.05881   -0.00000    0.00000   -0.00305   -0.00018
TDMs with Triplet 'Ground' state
TDMX:-0.000   TDMY:0.000   TDMZ:0.332   Oscillator Strength:0.02001   <S**2>: 2.000
--------------------------------------------------------------------
TDMs with Singlet 'Ground' state
TDMX:0.000   TDMY:0.000   TDMZ:0.000   Oscillator Strength:0.00000   <S**2>: 2.000
--------------------------------------------------------------------


State 50 7.641 eV
Excitation                         CI Coef       TDM X       TDM Y       TDM Z       |TDM|
|3^CS(1->0')>                    -0.12630    0.15847   -0.00000    0.00086    0.00362
|3^SV(0'->1')>                   -0.12630    0.15847   -0.00000    0.00101    0.00362
|3T^CV(3->2')>                   -0.10122    0.03232   -0.00000    0.00000    0.00074
|3T^CV(2->1')>                    0.13320   -0.08407    0.00000    0.00000   -0.00192
|3T^CV(2->3')>                   -0.10122    0.03232   -0.00000    0.00000    0.00074
|3T^CV(1->2')>                   -0.13320   -0.08407   -0.00000    0.00000   -0.00192
|3S^CV(2->1')>                   -0.39818   -0.07444   -0.00000   -0.00351   -0.00170
|3S^CV(1->2')>                   -0.39818   -0.07444   -0.00000   -0.00241   -0.00170
|3X^CV(3->2')>                    0.10196   -0.01435    0.00000   -0.00000   -0.00033
|3X^CV(2->1')>                   -0.36933    0.00468   -0.00000    0.00000    0.00011
|3X^CV(2->3')>                   -0.10196   -0.01435   -0.00000   -0.00000   -0.00033
|3X^CV(1->2')>                   -0.36933    0.00468   -0.00000    0.00000    0.00011
|3^ZCV0(3->1')>                   0.23259    0.02913    0.00000   -0.00092    0.00067
|3^ZCV0(3->3')>                   0.07910    0.00253    0.00000   -0.00001    0.00006
|3^ZCV0(2->1')>                   0.05500   -0.00142    0.00000   -0.00222   -0.00003
|3^ZCV0(2->2')>                   0.27098   -0.01863    0.00000   -0.00015   -0.00043
|3^ZCV0(1->1')>                  -0.05136    0.00476   -0.00000   -0.00001    0.00011
|3^ZCV0(1->2')>                   0.05500   -0.00142    0.00000    0.00513   -0.00003
|3^ZCV0'(6->3')>                  0.07910    0.00253    0.00000    0.00001    0.00006
|3^ZCV0'(5->1')>                 -0.05500   -0.00142   -0.00000    0.00574   -0.00003
|3^ZCV0'(5->2')>                  0.27098   -0.01863    0.00000    0.00015   -0.00043
|3^ZCV0'(4->1')>                 -0.05136    0.00476   -0.00000    0.00001    0.00011
|3^ZCV0'(4->2')>                 -0.05500   -0.00142   -0.00000   -0.00271   -0.00003
|3^ZCV0'(4->3')>                 -0.23259    0.02913   -0.00000   -0.00043    0.00067
TDMs with Triplet 'Ground' state
TDMX:0.122   TDMY:0.000   TDMZ:-0.000   Oscillator Strength:0.00279   <S**2>: 2.000
--------------------------------------------------------------------
TDMs with Singlet 'Ground' state
TDMX:0.000   TDMY:0.000   TDMZ:0.000   Oscillator Strength:0.00000   <S**2>: 2.000
--------------------------------------------------------------------


State 51 7.676 eV
Excitation                         CI Coef       TDM X       TDM Y       TDM Z       |TDM|
|5^CV(3->1')>                     0.70711    0.00000    0.00000    0.00000    0.00000
|5^CV(1->3')>                     0.70711    0.00000    0.00000    0.00000    0.00000
TDMs with Triplet 'Ground' state
TDMX:0.000   TDMY:0.000   TDMZ:0.000   Oscillator Strength:0.00000   <S**2>: 6.000
--------------------------------------------------------------------
TDMs with Singlet 'Ground' state
TDMX:0.000   TDMY:0.000   TDMZ:0.000   Oscillator Strength:0.00000   <S**2>: 6.000
--------------------------------------------------------------------


State 52 7.728 eV
Excitation                         CI Coef       TDM X       TDM Y       TDM Z       |TDM|
|3^OS>                           -0.07337   -0.00000   -0.00000   -0.01438    0.00000
|3^CS(3->0)>                     -0.13314   -0.00134   -0.00000   -0.00109    0.00000
|3^CS(1->0)>                      0.14294    0.01735    0.00000   -0.01005    0.00000
|3^CS(2->0')>                     0.11215    0.01459    0.00000   -0.12382    0.00000
|3^SV(0->1')>                     0.14294   -0.01735    0.00000    0.01180   -0.00000
|3^SV(0->3')>                     0.13314    0.00134    0.00000   -0.00004   -0.00000
|3^SV(0'->2')>                    0.11215   -0.01459    0.00000    0.12105   -0.00000
|3T^CV(3->1')>                    0.11542   -0.00000    0.00000    0.02091   -0.00000
|3T^CV(1->3')>                    0.11542    0.00000    0.00000   -0.02081    0.00000
|3S^CV(3->1')>                   -0.26781   -0.00167   -0.00000   -0.00763    0.00000
|3S^CV(3->3')>                    0.11426    0.00000    0.00000    0.00007   -0.00000
|3S^CV(2->2')>                    0.50209   -0.00000    0.00000    0.00206   -0.00000
|3S^CV(1->1')>                    0.06104   -0.00000    0.00000   -0.00012    0.00000
|3S^CV(1->3')>                    0.26781    0.00167    0.00000    0.00362   -0.00000
|3X^CV(3->1')>                    0.09705   -0.00000    0.00000    0.01518   -0.00000
|3X^CV(3->3')>                   -0.19663    0.00000   -0.00000    0.00425   -0.00000
|3X^CV(2->2')>                   -0.37013    0.00000   -0.00000    0.01443   -0.00000
|3X^CV(1->1')>                   -0.09584   -0.00000   -0.00000   -0.00347    0.00000
|3X^CV(1->3')>                   -0.09705    0.00000   -0.00000   -0.01436    0.00000
|3^ZCV0(2->1')>                   0.25716   -0.00664    0.00000   -0.01040    0.00000
|3^ZCV0(2->2')>                  -0.06936    0.00477   -0.00000    0.00004   -0.00000
|3^ZCV0(2->3')>                   0.15849    0.00149    0.00000    0.00998   -0.00000
|3^ZCV0(1->2')>                  -0.09709    0.00251   -0.00000   -0.00905    0.00000
|3^ZCV0'(6->2')>                 -0.15849   -0.00149   -0.00000   -0.01101    0.00000
|3^ZCV0'(5->1')>                 -0.09709   -0.00251   -0.00000    0.01013   -0.00000
|3^ZCV0'(5->2')>                  0.06936   -0.00477    0.00000    0.00004    0.00000
|3^ZCV0'(4->2')>                  0.25716    0.00664    0.00000    0.01269   -0.00000
|3^CSD(3,2)>                     -0.09352    0.00000   -0.00000    0.00511   -0.00000
|3^CSD(2,1)>                     -0.06345   -0.00000   -0.00000   -0.00089    0.00000
|3^SVD(1,2)>                     -0.06345    0.00000   -0.00000    0.00042   -0.00000
|3^SVD(2,3)>                      0.09352   -0.00000    0.00000   -0.00485    0.00000
TDMs with Triplet 'Ground' state
TDMX:-0.000   TDMY:0.000   TDMZ:-0.000   Oscillator Strength:0.00000   <S**2>: 2.000
--------------------------------------------------------------------
TDMs with Singlet 'Ground' state
TDMX:0.000   TDMY:0.000   TDMZ:0.000   Oscillator Strength:0.00000   <S**2>: 2.000
--------------------------------------------------------------------


State 53 7.795 eV
Excitation                         CI Coef       TDM X       TDM Y       TDM Z       |TDM|
|3^CS(2->0)>                     -0.06056   -0.08144   -0.00000   -0.00647   -0.00000
|3^CS(3->0')>                    -0.14265    0.01478   -0.00000   -0.00011    0.00000
|3^SV(0->2')>                     0.06056    0.08144    0.00000    0.00633    0.00000
|3^SV(0'->3')>                   -0.14265   -0.01478   -0.00000   -0.00000   -0.00000
|3S^CV(3->1')>                   -0.05242   -0.00033   -0.00000   -0.00149   -0.00000
|3S^CV(3->2')>                   -0.08897   -0.00606   -0.00000    0.00033   -0.00000
|3S^CV(2->1')>                    0.09958    0.01862    0.00000    0.00088    0.00000
|3S^CV(2->2')>                    0.08174   -0.00000    0.00000    0.00033    0.00000
|3S^CV(2->3')>                   -0.08897    0.00606   -0.00000   -0.00013    0.00000
|3S^CV(1->2')>                   -0.09958   -0.01862   -0.00000   -0.00060   -0.00000
|3S^CV(1->3')>                    0.05242    0.00033    0.00000    0.00071    0.00000
|3X^CV(3->2')>                    0.27222   -0.03830    0.00000   -0.00000   -0.00000
|3X^CV(2->1')>                   -0.44048    0.00559   -0.00000    0.00000    0.00000
|3X^CV(2->3')>                    0.27222    0.03830    0.00000    0.00000    0.00000
|3X^CV(1->2')>                    0.44048   -0.00559    0.00000   -0.00000   -0.00000
|3^ZCV0(3->1')>                  -0.21935   -0.02747   -0.00000    0.00086   -0.00000
|3^ZCV0(3->3')>                   0.09988    0.00320    0.00000   -0.00001    0.00000
|3^ZCV0(2->2')>                   0.29587   -0.02035    0.00000   -0.00017   -0.00000
|3^ZCV0(1->1')>                  -0.08227    0.00762   -0.00000   -0.00002    0.00000
|3^ZCV0(1->3')>                   0.16015   -0.01281    0.00000   -0.00030   -0.00000
|3^ZCV0'(6->1')>                  0.16015    0.01281    0.00000    0.00063    0.00000
|3^ZCV0'(6->3')>                 -0.09988   -0.00320   -0.00000   -0.00001   -0.00000
|3^ZCV0'(5->2')>                 -0.29587    0.02035   -0.00000   -0.00017    0.00000
|3^ZCV0'(4->1')>                  0.08227   -0.00762    0.00000   -0.00002   -0.00000
|3^ZCV0'(4->3')>                 -0.21935    0.02747   -0.00000   -0.00041    0.00000
TDMs with Triplet 'Ground' state
TDMX:0.000   TDMY:0.000   TDMZ:0.000   Oscillator Strength:0.00000   <S**2>: 2.000
--------------------------------------------------------------------
TDMs with Singlet 'Ground' state
TDMX:0.000   TDMY:0.000   TDMZ:0.000   Oscillator Strength:0.00000   <S**2>: 2.000
--------------------------------------------------------------------


State 54 7.799 eV
Excitation                         CI Coef       TDM X       TDM Y       TDM Z       |TDM|
|1^ZW->                          -0.14112   -0.00000   -0.00000   -0.02569   -0.00000
|1^CS(2->0)>                      0.15861   -0.01845    0.00000   -0.15282   -0.00000
|1^CS(3->0')>                     0.34858   -0.00847    0.00000    0.05222    0.00000
|1^CS(1->0')>                     0.31796   -0.03649    0.00000   -0.03870    0.00000
|1^SV(0->2')>                     0.15861    0.01845    0.00000    0.13753    0.00000
|1^SV(0'->1')>                   -0.31796    0.03649   -0.00000    0.05637   -0.00000
|1^SV(0'->3')>                    0.34858    0.00847    0.00000   -0.04187   -0.00000
|1S^CV(3->2')>                   -0.06813    0.00282   -0.00000    0.00495   -0.00000
|1S^CV(2->1')>                   -0.20147    0.03670   -0.00000   -0.02611   -0.00000
|1S^CV(2->3')>                    0.06813   -0.00282    0.00000   -0.00496    0.00000
|1S^CV(1->2')>                   -0.20147   -0.03670   -0.00000    0.02632    0.00000
|1T^CV(2->1')>                   -0.32552    0.00000   -0.00000    0.08012    0.00000
|1T^CV(1->2')>                    0.32552   -0.00000    0.00000   -0.06825   -0.00000
|1^ZCV0(2->2')>                   0.18409   -0.01730    0.00000    0.09841    0.00000
|1^ZCV0(1->1')>                  -0.05055    0.00348   -0.00000   -0.05189   -0.00000
|1^ZCV0'(2->2')>                  0.18409    0.01730    0.00000   -0.09785   -0.00000
|1^ZCV0'(1->1')>                 -0.05055   -0.00348   -0.00000    0.05138    0.00000
|1^CSD_(2,2)>                    -0.21535   -0.00000   -0.00000   -0.10123   -0.00000
|1^SVD_(2',2')>                   0.21535    0.00000    0.00000    0.10116    0.00000
TDMs with Triplet 'Ground' state
TDMX:0.000   TDMY:0.000   TDMZ:0.000   Oscillator Strength:0.00000   <S**2>: 0.000
--------------------------------------------------------------------
TDMs with Singlet 'Ground' state
TDMX:-0.000   TDMY:0.000   TDMZ:0.000   Oscillator Strength:0.00000   <S**2>: 0.000
--------------------------------------------------------------------


State 55 7.807 eV
Excitation                         CI Coef       TDM X       TDM Y       TDM Z       |TDM|
|3^CS(3->0)>                      0.16987    0.00170    0.00000    0.00139   -0.00011
|3^CS(1->0)>                      0.07210    0.00875    0.00000   -0.00507    0.00039
|3^CS(2->0')>                    -0.08534   -0.01110   -0.00000    0.09423   -0.00727
|3^SV(0->1')>                    -0.07210    0.00875   -0.00000   -0.00595    0.00046
|3^SV(0->3')>                     0.16987    0.00170    0.00000   -0.00006    0.00000
|3^SV(0'->2')>                    0.08534   -0.01110    0.00000    0.09212   -0.00711
|3T^CV(3->1')>                   -0.05118    0.00000   -0.00000   -0.00927    0.00072
|3T^CV(2->2')>                   -0.46385   -0.00000   -0.00000   -0.21298    0.01644
|3T^CV(1->1')>                   -0.19930   -0.00000   -0.00000   -0.31934    0.02466
|3T^CV(1->3')>                    0.05118    0.00000    0.00000   -0.00923    0.00071
|3X^CV(3->1')>                   -0.06703    0.00000   -0.00000   -0.01048    0.00081
|3X^CV(1->3')>                   -0.06703    0.00000   -0.00000   -0.00991    0.00077
|3^ZCV0(3->2')>                  -0.10752    0.00101   -0.00000   -0.00457    0.00035
|3^ZCV0(2->1')>                   0.12991   -0.00336    0.00000   -0.00525    0.00041
|3^ZCV0(2->3')>                   0.10477    0.00099    0.00000    0.00660   -0.00051
|3^ZCV0(1->2')>                   0.05842   -0.00151    0.00000    0.00544   -0.00042
|3^ZCV0'(6->2')>                  0.10477    0.00099    0.00000    0.00728   -0.00056
|3^ZCV0'(5->1')>                 -0.05842   -0.00151   -0.00000    0.00609   -0.00047
|3^ZCV0'(5->3')>                 -0.10752    0.00101   -0.00000   -0.00566    0.00044
|3^ZCV0'(4->2')>                 -0.12991   -0.00336   -0.00000   -0.00641    0.00049
|3^CSD(2,1)>                     -0.52687   -0.00000   -0.00000   -0.00736    0.00057
|3^SVD(1,2)>                      0.52687   -0.00000    0.00000   -0.00349    0.00027
TDMs with Triplet 'Ground' state
TDMX:-0.000   TDMY:0.000   TDMZ:-0.404   Oscillator Strength:0.03116   <S**2>: 2.000
--------------------------------------------------------------------
TDMs with Singlet 'Ground' state
TDMX:0.000   TDMY:0.000   TDMZ:0.000   Oscillator Strength:0.00000   <S**2>: 2.000
--------------------------------------------------------------------


State 56 7.950 eV
Excitation                         CI Coef       TDM X       TDM Y       TDM Z       |TDM|
|1^CS(3->0)>                     -0.13289    0.03338   -0.00000    0.00193   -0.00549
|1^SV(0->3')>                     0.14753    0.03706    0.00000    0.00171   -0.00609
|1S^CV(2->1')>                    0.11456   -0.02087    0.00000    0.01484    0.00343
|1S^CV(2->2')>                    0.23772    0.16174    0.00000    0.03501   -0.02658
|1S^CV(1->1')>                    0.20241    0.10098    0.00000    0.05712   -0.01660
|1S^CV(1->2')>                   -0.11712   -0.02134   -0.00000    0.01530    0.00351
|1T^CV(3->1')>                   -0.13234   -0.00082   -0.00000   -0.00000    0.00013
|1T^CV(1->3')>                   -0.13211   -0.00081   -0.00000   -0.00000    0.00013
|1^ZCV0(3->2')>                  -0.06557    0.01308   -0.00000   -0.00066   -0.00215
|1^ZCV0(2->1')>                   0.40452   -0.38279    0.00000   -0.00724    0.06292
|1^ZCV0(2->3')>                   0.17676   -0.01763    0.00000    0.00178    0.00290
|1^ZCV0(1->2')>                  -0.43235   -0.16103   -0.00000   -0.00780    0.02647
|1^ZCV0'(3->2')>                 -0.16953   -0.01690   -0.00000    0.00170    0.00278
|1^ZCV0'(2->1')>                 -0.42478   -0.15821   -0.00000   -0.00760    0.02601
|1^ZCV0'(2->3')>                  0.06459    0.01289    0.00000   -0.00065   -0.00212
|1^ZCV0'(1->2')>                  0.41547   -0.39315    0.00000   -0.00750    0.06462
|1^CSD_(3,2)>                    -0.07107    0.00672   -0.00000   -0.00000   -0.00110
|1^CSD_(2,1)>                    -0.07498   -0.01794   -0.00000   -0.00000    0.00295
|1^SVD_(1',2')>                   0.06794   -0.01626    0.00000    0.00000    0.00267
|1^SVD_(2',3')>                  -0.05906    0.00559   -0.00000   -0.00000   -0.00092
TDMs with Triplet 'Ground' state
TDMX:0.000   TDMY:0.000   TDMZ:0.000   Oscillator Strength:0.00000   <S**2>: 0.000
--------------------------------------------------------------------
TDMs with Singlet 'Ground' state
TDMX:-0.898   TDMY:0.000   TDMZ:-0.000   Oscillator Strength:0.14763   <S**2>: 0.000
--------------------------------------------------------------------


State 57 7.974 eV
Excitation                         CI Coef       TDM X       TDM Y       TDM Z       |TDM|
|3^CS(2->0)>                     -0.09698   -0.13040   -0.00000   -0.01036    0.00881
|3^CS(3->0')>                    -0.07416    0.00769   -0.00000   -0.00006   -0.00052
|3^SV(0->2')>                    -0.09698   -0.13040   -0.00000   -0.01013    0.00881
|3^SV(0'->3')>                    0.07416    0.00769    0.00000    0.00000   -0.00052
|3T^CV(3->2')>                    0.07332   -0.02341    0.00000   -0.00000    0.00158
|3T^CV(2->1')>                    0.20223   -0.12765    0.00000    0.00000    0.00862
|3T^CV(2->3')>                    0.07332   -0.02341    0.00000   -0.00000    0.00158
|3T^CV(1->2')>                   -0.20223   -0.12765   -0.00000    0.00000    0.00862
|3S^CV(3->2')>                    0.15779    0.01074    0.00000   -0.00059   -0.00073
|3S^CV(2->1')>                    0.31170    0.05827    0.00000    0.00275   -0.00394
|3S^CV(2->3')>                   -0.15779    0.01074   -0.00000   -0.00023   -0.00073
|3S^CV(1->2')>                    0.31170    0.05827    0.00000    0.00189   -0.00394
|3X^CV(2->1')>                   -0.48794    0.00619   -0.00000    0.00000   -0.00042
|3X^CV(1->2')>                   -0.48794    0.00619   -0.00000    0.00000   -0.00042
|3^ZCV0(3->1')>                  -0.05624   -0.00704   -0.00000    0.00022    0.00048
|3^ZCV0(2->2')>                  -0.15642    0.01076   -0.00000    0.00009   -0.00073
|3^ZCV0(1->3')>                   0.20651   -0.01652    0.00000   -0.00039    0.00112
|3^ZCV0'(6->1')>                 -0.20651   -0.01652   -0.00000   -0.00081    0.00112
|3^ZCV0'(5->2')>                 -0.15642    0.01076   -0.00000   -0.00009   -0.00073
|3^ZCV0'(4->3')>                  0.05624   -0.00704    0.00000    0.00010    0.00048
TDMs with Triplet 'Ground' state
TDMX:-0.346   TDMY:0.000   TDMZ:-0.000   Oscillator Strength:0.02334   <S**2>: 2.000
--------------------------------------------------------------------
TDMs with Singlet 'Ground' state
TDMX:0.000   TDMY:0.000   TDMZ:0.000   Oscillator Strength:0.00000   <S**2>: 2.000
--------------------------------------------------------------------


State 58 8.099 eV
Excitation                         CI Coef       TDM X       TDM Y       TDM Z       |TDM|
|1^CS(2->0)>                     -0.09655    0.01123   -0.00000    0.09302    0.00192
|1^CS(3->0')>                    -0.19559    0.00475   -0.00000   -0.02930   -0.00060
|1^SV(0->2')>                     0.09655    0.01123    0.00000    0.08371    0.00172
|1^SV(0'->3')>                    0.19559    0.00475    0.00000   -0.02349   -0.00048
|1S^CV(3->2')>                   -0.14819    0.00613   -0.00000    0.01076    0.00022
|1S^CV(2->1')>                   -0.06449    0.01175   -0.00000   -0.00836   -0.00017
|1S^CV(2->2')>                   -0.08903   -0.06057   -0.00000   -0.01311   -0.00027
|1S^CV(2->3')>                   -0.14819    0.00613   -0.00000    0.01078    0.00022
|1S^CV(1->2')>                    0.06449    0.01175    0.00000   -0.00843   -0.00017
|1T^CV(2->1')>                    0.30937   -0.00000    0.00000   -0.07615   -0.00157
|1T^CV(1->2')>                    0.30937   -0.00000    0.00000   -0.06486   -0.00134
|1^ZCV0(3->1')>                   0.12332   -0.00346    0.00000    0.01703    0.00035
|1^ZCV0(2->2')>                  -0.32223    0.03029   -0.00000   -0.17226   -0.00355
|1^ZCV0(1->1')>                   0.11684   -0.00805    0.00000    0.11992    0.00247
|1^ZCV0'(2->2')>                  0.32223    0.03029    0.00000   -0.17129   -0.00353
|1^ZCV0'(1->1')>                 -0.11684   -0.00805   -0.00000    0.11876    0.00245
|1^ZCV0'(1->3')>                  0.12332   -0.00346    0.00000    0.01586    0.00033
|1^CSD_(3,1)>                    -0.15842   -0.00000   -0.00000    0.01685    0.00035
|1^CSD_(2,2)>                     0.22401    0.00000    0.00000    0.10530    0.00217
|1^CSD_(1,1)>                    -0.33377   -0.00000   -0.00000   -0.03160   -0.00065
|1^SVD_(1',1')>                  -0.33377   -0.00000   -0.00000   -0.03150   -0.00065
|1^SVD_(1',3')>                   0.15842   -0.00000    0.00000    0.01920    0.00040
|1^SVD_(2',2')>                   0.22401    0.00000    0.00000    0.10523    0.00217
TDMs with Triplet 'Ground' state
TDMX:0.000   TDMY:0.000   TDMZ:0.000   Oscillator Strength:0.00000   <S**2>: 0.000
--------------------------------------------------------------------
TDMs with Singlet 'Ground' state
TDMX:0.000   TDMY:0.000   TDMZ:0.110   Oscillator Strength:0.00227   <S**2>: 0.000
--------------------------------------------------------------------


State 59 8.101 eV
Excitation                         CI Coef       TDM X       TDM Y       TDM Z       |TDM|
|3^CS(1->0)>                     -0.09146   -0.01110   -0.00000    0.00643   -0.00030
|3^SV(0->1')>                     0.09146   -0.01110    0.00000    0.00755   -0.00036
|3T^CV(2->2')>                   -0.64923   -0.00000   -0.00000   -0.29809    0.01403
|3T^CV(1->1')>                   -0.06956   -0.00000   -0.00000   -0.11146    0.00525
|3S^CV(2->1')>                    0.05391    0.01008    0.00000    0.00048   -0.00002
|3S^CV(1->2')>                    0.05391    0.01008    0.00000    0.00033   -0.00002
|3X^CV(3->1')>                   -0.10026    0.00000   -0.00000   -0.01568    0.00074
|3X^CV(1->3')>                   -0.10026    0.00000   -0.00000   -0.01483    0.00070
|3^ZCV0(3->2')>                   0.10243   -0.00096    0.00000    0.00436   -0.00021
|3^ZCV0(2->1')>                   0.15524   -0.00401    0.00000   -0.00628    0.00030
|3^ZCV0(2->3')>                   0.12677    0.00119    0.00000    0.00798   -0.00038
|3^ZCV0(1->2')>                   0.23502   -0.00607    0.00000    0.02190   -0.00103
|3^ZCV0'(6->2')>                  0.12677    0.00119    0.00000    0.00881   -0.00041
|3^ZCV0'(5->1')>                 -0.23502   -0.00607   -0.00000    0.02451   -0.00115
|3^ZCV0'(5->3')>                  0.10243   -0.00096    0.00000    0.00539   -0.00025
|3^ZCV0'(4->2')>                 -0.15524   -0.00401   -0.00000   -0.00766    0.00036
|3^CSD(3,2)>                     -0.17281    0.00000   -0.00000    0.00945   -0.00044
|3^CSD(2,1)>                      0.34989    0.00000    0.00000    0.00489   -0.00023
|3^SVD(1,2)>                     -0.34989    0.00000   -0.00000    0.00232   -0.00011
|3^SVD(2,3)>                     -0.17281    0.00000   -0.00000    0.00895   -0.00042
TDMs with Triplet 'Ground' state
TDMX:0.000   TDMY:0.000   TDMZ:-0.237   Oscillator Strength:0.01116   <S**2>: 2.000
--------------------------------------------------------------------
TDMs with Singlet 'Ground' state
TDMX:0.000   TDMY:0.000   TDMZ:0.000   Oscillator Strength:0.00000   <S**2>: 2.000
--------------------------------------------------------------------


State 60 8.168 eV
Excitation                         CI Coef       TDM X       TDM Y       TDM Z       |TDM|
|3^CS(3->0)>                     -0.14020   -0.00141   -0.00000   -0.00115   -0.00003
|3^CS(1->0)>                     -0.06159   -0.00748   -0.00000    0.00433    0.00012
|3^CS(2->0')>                    -0.06099   -0.00793   -0.00000    0.06734    0.00185
|3^SV(0->1')>                     0.06159   -0.00748    0.00000    0.00508    0.00014
|3^SV(0->3')>                    -0.14020   -0.00141   -0.00000    0.00005    0.00000
|3^SV(0'->2')>                    0.06099   -0.00793    0.00000    0.06583    0.00181
|3T^CV(3->1')>                   -0.06262    0.00000   -0.00000   -0.01135   -0.00031
|3T^CV(1->1')>                    0.09150    0.00000    0.00000    0.14662    0.00403
|3T^CV(1->3')>                    0.06262    0.00000    0.00000   -0.01129   -0.00031
|3S^CV(3->1')>                   -0.22367   -0.00140   -0.00000   -0.00637   -0.00018
|3S^CV(1->3')>                   -0.22367   -0.00140   -0.00000   -0.00302   -0.00008
|3^ZCV0(3->2')>                  -0.22109    0.00208   -0.00000   -0.00940   -0.00026
|3^ZCV0(2->1')>                   0.43504   -0.01124    0.00000   -0.01759   -0.00048
|3^ZCV0(2->3')>                   0.12463    0.00117    0.00000    0.00785    0.00022
|3^ZCV0(1->2')>                  -0.38469    0.00993   -0.00000   -0.03584   -0.00098
|3^ZCV0'(6->2')>                  0.12463    0.00117    0.00000    0.00866    0.00024
|3^ZCV0'(5->1')>                  0.38469    0.00993    0.00000   -0.04012   -0.00110
|3^ZCV0'(5->3')>                 -0.22109    0.00208   -0.00000   -0.01163   -0.00032
|3^ZCV0'(4->2')>                 -0.43504   -0.01124   -0.00000   -0.02147   -0.00059
|3^CSD(2,1)>                      0.06397    0.00000    0.00000    0.00089    0.00002
|3^SVD(1,2)>                     -0.06397    0.00000   -0.00000    0.00042    0.00001
TDMs with Triplet 'Ground' state
TDMX:0.000   TDMY:0.000   TDMZ:0.137   Oscillator Strength:0.00377   <S**2>: 2.000
--------------------------------------------------------------------
TDMs with Singlet 'Ground' state
TDMX:0.000   TDMY:0.000   TDMZ:0.000   Oscillator Strength:0.00000   <S**2>: 2.000
--------------------------------------------------------------------


State 61 8.171 eV
Excitation                         CI Coef       TDM X       TDM Y       TDM Z       |TDM|
|5^CV(3->2')>                     0.70677    0.00000    0.00000    0.00000    0.00000
|5^CV(2->3')>                    -0.70677   -0.00000   -0.00000   -0.00000    0.00000
TDMs with Triplet 'Ground' state
TDMX:0.000   TDMY:0.000   TDMZ:0.000   Oscillator Strength:0.00000   <S**2>: 6.000
--------------------------------------------------------------------
TDMs with Singlet 'Ground' state
TDMX:0.000   TDMY:0.000   TDMZ:0.000   Oscillator Strength:0.00000   <S**2>: 6.000
--------------------------------------------------------------------


State 62 8.172 eV
Excitation                         CI Coef       TDM X       TDM Y       TDM Z       |TDM|
|3^OS>                            0.17387    0.00000    0.00000    0.03408    0.00000
|3^CS(2->0')>                     0.09245    0.01203    0.00000   -0.10207   -0.00000
|3^SV(0'->2')>                    0.09245   -0.01203    0.00000    0.09979    0.00000
|3T^CV(3->1')>                    0.23567   -0.00000    0.00000    0.04270    0.00000
|3T^CV(1->3')>                    0.23567    0.00000    0.00000   -0.04249   -0.00000
|3S^CV(3->1')>                    0.07011    0.00044    0.00000    0.00200    0.00000
|3S^CV(3->2')>                    0.06891    0.00469    0.00000   -0.00026   -0.00000
|3S^CV(3->3')>                    0.07012    0.00000    0.00000    0.00004    0.00000
|3S^CV(2->2')>                    0.37400   -0.00000    0.00000    0.00153    0.00000
|3S^CV(2->3')>                    0.06891   -0.00469    0.00000    0.00010    0.00000
|3S^CV(1->1')>                    0.08056   -0.00000    0.00000   -0.00016   -0.00000
|3S^CV(1->3')>                   -0.07011   -0.00044   -0.00000   -0.00095   -0.00000
|3X^CV(3->1')>                   -0.14735    0.00000   -0.00000   -0.02305   -0.00000
|3X^CV(3->3')>                    0.12659   -0.00000    0.00000   -0.00274   -0.00000
|3X^CV(2->2')>                    0.49274   -0.00000    0.00000   -0.01921   -0.00000
|3X^CV(1->1')>                   -0.10556   -0.00000   -0.00000   -0.00382   -0.00000
|3X^CV(1->3')>                    0.14735   -0.00000    0.00000    0.02180    0.00000
|3^ZCV0(3->2')>                   0.21001   -0.00198    0.00000    0.00893    0.00000
|3^ZCV0(2->1')>                  -0.10326    0.00267   -0.00000    0.00417    0.00000
|3^ZCV0(2->2')>                  -0.05166    0.00355   -0.00000    0.00003   -0.00000
|3^ZCV0(2->3')>                   0.28881    0.00272    0.00000    0.01819    0.00000
|3^ZCV0(1->2')>                   0.18551   -0.00479    0.00000    0.01729    0.00000
|3^ZCV0'(6->2')>                 -0.28881   -0.00272   -0.00000   -0.02007   -0.00000
|3^ZCV0'(5->1')>                  0.18551    0.00479    0.00000   -0.01935   -0.00000
|3^ZCV0'(5->2')>                  0.05166   -0.00355    0.00000    0.00003    0.00000
|3^ZCV0'(5->3')>                 -0.21001    0.00198   -0.00000   -0.01105   -0.00000
|3^ZCV0'(4->2')>                 -0.10326   -0.00267   -0.00000   -0.00510   -0.00000
TDMs with Triplet 'Ground' state
TDMX:-0.000   TDMY:0.000   TDMZ:0.000   Oscillator Strength:0.00000   <S**2>: 2.000
--------------------------------------------------------------------
TDMs with Singlet 'Ground' state
TDMX:0.000   TDMY:0.000   TDMZ:0.000   Oscillator Strength:0.00000   <S**2>: 2.000
--------------------------------------------------------------------


State 63 8.228 eV
Excitation                         CI Coef       TDM X       TDM Y       TDM Z       |TDM|
|1^ZW+>                          -0.13388    0.00000   -0.00000    0.16631   -0.00922
|1^CS(1->0')>                    -0.16658    0.01912   -0.00000    0.02027   -0.00112
|1^SV(0'->1')>                   -0.16658    0.01912   -0.00000    0.02953   -0.00164
|1S^CV(2->1')>                   -0.23692    0.04316   -0.00000   -0.03070    0.00170
|1S^CV(2->2')>                    0.06828    0.04646    0.00000    0.01006   -0.00056
|1S^CV(1->1')>                   -0.07195   -0.03590   -0.00000   -0.02031    0.00113
|1S^CV(1->2')>                    0.23692    0.04316    0.00000   -0.03096    0.00172
|1T^CV(3->2')>                   -0.12988   -0.00000   -0.00000   -0.00153    0.00008
|1T^CV(2->1')>                   -0.09111    0.00000   -0.00000    0.02242   -0.00124
|1T^CV(2->3')>                    0.12988   -0.00000    0.00000    0.00271   -0.00015
|1T^CV(1->2')>                   -0.09111    0.00000   -0.00000    0.01910   -0.00106
|1^ZCV0(3->1')>                   0.14217   -0.00399    0.00000    0.01963   -0.00109
|1^ZCV0(2->2')>                   0.24715   -0.02323    0.00000    0.13212   -0.00732
|1^ZCV0(1->1')>                  -0.26044    0.01795   -0.00000   -0.26732    0.01481
|1^ZCV0(1->3')>                  -0.11066   -0.00311   -0.00000    0.00485   -0.00027
|1^ZCV0'(3->1')>                 -0.11066   -0.00311   -0.00000    0.00441   -0.00024
|1^ZCV0'(2->2')>                 -0.24715   -0.02323   -0.00000    0.13137   -0.00728
|1^ZCV0'(1->1')>                  0.26044    0.01795    0.00000   -0.26472    0.01467
|1^ZCV0'(1->3')>                  0.14217   -0.00399    0.00000    0.01828   -0.00101
|1^CSD_(3,3)>                     0.11692    0.00000    0.00000    0.01095   -0.00061
|1^CSD_(2,2)>                    -0.15781   -0.00000   -0.00000   -0.07418    0.00411
|1^CSD_(1,1)>                    -0.41055   -0.00000   -0.00000   -0.03886    0.00215
|1^SVD_(1',1')>                  -0.41055   -0.00000   -0.00000   -0.03874    0.00215
|1^SVD_(2',2')>                  -0.15781   -0.00000   -0.00000   -0.07413    0.00411
|1^SVD_(3',3')>                   0.11692    0.00000    0.00000    0.01097   -0.00061
TDMs with Triplet 'Ground' state
TDMX:0.000   TDMY:0.000   TDMZ:0.000   Oscillator Strength:0.00000   <S**2>: 0.000
--------------------------------------------------------------------
TDMs with Singlet 'Ground' state
TDMX:-0.000   TDMY:0.000   TDMZ:-0.292   Oscillator Strength:0.01618   <S**2>: 0.000
--------------------------------------------------------------------


State 64 8.342 eV
Excitation                         CI Coef       TDM X       TDM Y       TDM Z       |TDM|
|1^CS(3->0)>                      0.11309   -0.02841    0.00000   -0.00164   -0.00373
|1^CS(2->0')>                    -0.08303   -0.09982   -0.00000    0.00774   -0.01311
|1^SV(0->3')>                    -0.09179   -0.02306   -0.00000   -0.00107   -0.00303
|1^SV(0'->2')>                    0.10237   -0.12307    0.00000    0.00859   -0.01616
|1S^CV(3->1')>                    0.12324    0.02506    0.00000    0.00303    0.00329
|1S^CV(3->2')>                   -0.05319    0.00220   -0.00000    0.00386    0.00029
|1S^CV(2->2')>                    0.37292    0.25373    0.00000    0.05492    0.03333
|1S^CV(2->3')>                   -0.05545    0.00229   -0.00000    0.00403    0.00030
|1S^CV(1->1')>                    0.18981    0.09469    0.00000    0.05356    0.01244
|1S^CV(1->3')>                   -0.12793    0.02602   -0.00000    0.00305    0.00342
|1T^CV(2->2')>                    0.05609    0.00000    0.00000    0.00000    0.00000
|1T^CV(1->3')>                    0.06471    0.00040    0.00000    0.00000    0.00005
|1^ZCV0(3->2')>                  -0.24340    0.04856   -0.00000   -0.00244    0.00638
|1^ZCV0(2->1')>                  -0.42362    0.40086   -0.00000    0.00758    0.05265
|1^ZCV0(2->2')>                  -0.05151    0.00484   -0.00000   -0.02754    0.00064
|1^ZCV0(2->3')>                  -0.13672    0.01363   -0.00000   -0.00137    0.00179
|1^ZCV0(1->2')>                  -0.23429   -0.08726   -0.00000   -0.00423   -0.01146
|1^ZCV0'(3->2')>                  0.14166    0.01412    0.00000   -0.00142    0.00186
|1^ZCV0'(2->1')>                 -0.26384   -0.09827   -0.00000   -0.00472   -0.01291
|1^ZCV0'(2->2')>                  0.05151    0.00484    0.00000   -0.02738    0.00064
|1^ZCV0'(2->3')>                  0.26471    0.05281    0.00000   -0.00266    0.00694
|1^ZCV0'(1->2')>                 -0.40460    0.38286   -0.00000    0.00730    0.05029
|1^CSD_(2,1)>                    -0.22242   -0.05323   -0.00000   -0.00000   -0.00699
|1^SVD_(1',2')>                   0.19894   -0.04761    0.00000    0.00000   -0.00625
TDMs with Triplet 'Ground' state
TDMX:0.000   TDMY:0.000   TDMZ:0.000   Oscillator Strength:0.00000   <S**2>: 0.000
--------------------------------------------------------------------
TDMs with Singlet 'Ground' state
TDMX:0.682   TDMY:0.000   TDMZ:-0.000   Oscillator Strength:0.08957   <S**2>: 0.000
--------------------------------------------------------------------


State 65 8.381 eV
Excitation                         CI Coef       TDM X       TDM Y       TDM Z       |TDM|
|1^OS>                            0.16335   -0.00000    0.00000    0.00581   -0.00000
|1^CS(2->0')>                    -0.05030   -0.06047   -0.00000    0.00469   -0.00058
|1^SV(0->1')>                     0.05261   -0.06239    0.00000    0.00090   -0.00060
|1T^CV(3->1')>                    0.49077    0.00303    0.00000    0.00000    0.00003
|1T^CV(3->3')>                   -0.17564   -0.00000   -0.00000    0.00000   -0.00000
|1T^CV(2->2')>                   -0.59697   -0.00000   -0.00000   -0.00000   -0.00000
|1T^CV(1->3')>                   -0.48965   -0.00302   -0.00000   -0.00000   -0.00003
|1^ZCV0(3->2')>                  -0.08559    0.01708   -0.00000   -0.00086    0.00016
|1^ZCV0(2->1')>                  -0.10087    0.09546   -0.00000    0.00181    0.00092
|1^ZCV0(1->2')>                  -0.20623   -0.07681   -0.00000   -0.00372   -0.00074
|1^ZCV0'(2->1')>                  0.15136    0.05638    0.00000    0.00271    0.00054
TDMs with Triplet 'Ground' state
TDMX:0.000   TDMY:0.000   TDMZ:0.000   Oscillator Strength:0.00000   <S**2>: 0.000
--------------------------------------------------------------------
TDMs with Singlet 'Ground' state
TDMX:0.050   TDMY:0.000   TDMZ:-0.000   Oscillator Strength:0.00048   <S**2>: 0.000
--------------------------------------------------------------------


State 66 8.407 eV
Excitation                         CI Coef       TDM X       TDM Y       TDM Z       |TDM|
|3^OS>                           -0.06408   -0.00000   -0.00000   -0.01256    0.00000
|3^CS(1->0)>                      0.06904    0.00838    0.00000   -0.00486    0.00000
|3^SV(0->1')>                     0.06904   -0.00838    0.00000    0.00570   -0.00000
|3T^CV(3->1')>                    0.48316   -0.00000    0.00000    0.08753   -0.00000
|3T^CV(1->3')>                    0.48316    0.00000    0.00000   -0.08712    0.00000
|3S^CV(3->1')>                    0.07562    0.00047    0.00000    0.00215   -0.00000
|3S^CV(3->3')>                    0.21201    0.00000    0.00000    0.00013   -0.00000
|3S^CV(2->2')>                   -0.21122    0.00000   -0.00000   -0.00087    0.00000
|3S^CV(1->1')>                   -0.10345    0.00000   -0.00000    0.00021   -0.00000
|3S^CV(1->3')>                   -0.07562   -0.00047   -0.00000   -0.00102    0.00000
|3X^CV(3->1')>                    0.25286   -0.00000    0.00000    0.03955   -0.00000
|3X^CV(3->3')>                    0.06100   -0.00000    0.00000   -0.00132    0.00000
|3X^CV(2->2')>                    0.06712   -0.00000    0.00000   -0.00262    0.00000
|3X^CV(1->1')>                    0.26852    0.00000    0.00000    0.00973   -0.00000
|3X^CV(1->3')>                   -0.25286    0.00000   -0.00000   -0.03740    0.00000
|3^ZCV0(3->2')>                   0.09230   -0.00087    0.00000    0.00393   -0.00000
|3^ZCV0(2->1')>                   0.08261   -0.00213    0.00000   -0.00334    0.00000
|3^ZCV0(2->3')>                  -0.05421   -0.00051   -0.00000   -0.00341    0.00000
|3^ZCV0(1->2')>                  -0.19052    0.00492   -0.00000   -0.01775    0.00000
|3^ZCV0'(6->2')>                  0.05421    0.00051    0.00000    0.00377   -0.00000
|3^ZCV0'(5->1')>                 -0.19052   -0.00492   -0.00000    0.01987   -0.00000
|3^ZCV0'(5->3')>                 -0.09230    0.00087   -0.00000   -0.00486    0.00000
|3^ZCV0'(4->2')>                  0.08261    0.00213    0.00000    0.00408   -0.00000
|3^CSD(3,2)>                      0.15936   -0.00000    0.00000   -0.00871    0.00000
|3^CSD(2,1)>                      0.12280    0.00000    0.00000    0.00172   -0.00000
|3^SVD(1,2)>                      0.12280   -0.00000    0.00000   -0.00081    0.00000
|3^SVD(2,3)>                     -0.15936    0.00000   -0.00000    0.00826   -0.00000
TDMs with Triplet 'Ground' state
TDMX:-0.000   TDMY:0.000   TDMZ:-0.000   Oscillator Strength:0.00000   <S**2>: 2.000
--------------------------------------------------------------------
TDMs with Singlet 'Ground' state
TDMX:0.000   TDMY:0.000   TDMZ:0.000   Oscillator Strength:0.00000   <S**2>: 2.000
--------------------------------------------------------------------


State 67 8.416 eV
Excitation                         CI Coef       TDM X       TDM Y       TDM Z       |TDM|
|3^CS(2->0)>                      0.06524    0.08772    0.00000    0.00697    0.00000
|3^CS(1->0')>                     0.05002   -0.06276    0.00000   -0.00034   -0.00000
|3^SV(0->2')>                    -0.06524   -0.08772   -0.00000   -0.00681   -0.00000
|3^SV(0'->1')>                   -0.05002    0.06276   -0.00000    0.00040    0.00000
|3T^CV(3->2')>                    0.23862   -0.07619    0.00000   -0.00000   -0.00000
|3T^CV(2->3')>                   -0.23862    0.07619   -0.00000    0.00000    0.00000
|3S^CV(3->2')>                    0.28866    0.01965    0.00000   -0.00108    0.00000
|3S^CV(3->3')>                   -0.06137   -0.00000   -0.00000   -0.00004   -0.00000
|3S^CV(2->1')>                   -0.15352   -0.02870   -0.00000   -0.00135   -0.00000
|3S^CV(2->3')>                    0.28866   -0.01965    0.00000    0.00041   -0.00000
|3S^CV(1->2')>                    0.15352    0.02870    0.00000    0.00093    0.00000
|3X^CV(3->2')>                   -0.10600    0.01492   -0.00000    0.00000    0.00000
|3X^CV(2->1')>                   -0.11021    0.00140   -0.00000    0.00000    0.00000
|3X^CV(2->3')>                   -0.10600   -0.01492   -0.00000   -0.00000   -0.00000
|3X^CV(1->2')>                    0.11021   -0.00140    0.00000   -0.00000   -0.00000
|3^ZCV0(3->1')>                  -0.18519   -0.02320   -0.00000    0.00073   -0.00000
|3^ZCV0(3->3')>                  -0.22214   -0.00711   -0.00000    0.00002   -0.00000
|3^ZCV0(2->2')>                   0.07455   -0.00513    0.00000   -0.00004   -0.00000
|3^ZCV0(1->1')>                   0.07611   -0.00705    0.00000    0.00002   -0.00000
|3^ZCV0(1->3')>                  -0.13553    0.01084   -0.00000    0.00025    0.00000
|3^ZCV0'(6->1')>                 -0.13553   -0.01084   -0.00000   -0.00053   -0.00000
|3^ZCV0'(6->3')>                  0.22214    0.00711    0.00000    0.00002    0.00000
|3^ZCV0'(5->2')>                 -0.07455    0.00513   -0.00000   -0.00004    0.00000
|3^ZCV0'(4->1')>                 -0.07611    0.00705   -0.00000    0.00002    0.00000
|3^ZCV0'(4->3')>                 -0.18519    0.02320   -0.00000   -0.00035    0.00000
|3^CSD(3,1)>                      0.42840    0.00019    0.00000    0.00000    0.00000
|3^SVD(1,3)>                      0.42840   -0.00019    0.00000   -0.00000   -0.00000
TDMs with Triplet 'Ground' state
TDMX:0.000   TDMY:0.000   TDMZ:0.000   Oscillator Strength:0.00000   <S**2>: 2.000
--------------------------------------------------------------------
TDMs with Singlet 'Ground' state
TDMX:0.000   TDMY:0.000   TDMZ:0.000   Oscillator Strength:0.00000   <S**2>: 2.000
--------------------------------------------------------------------


State 68 8.474 eV
Excitation                         CI Coef       TDM X       TDM Y       TDM Z       |TDM|
|1^CS(3->0)>                      0.31760   -0.07978    0.00000   -0.00460   -0.00257
|1^CS(1->0)>                     -0.22630    0.26838   -0.00000   -0.00267    0.00866
|1^CS(2->0')>                     0.09853    0.11845    0.00000   -0.00919    0.00382
|1^SV(0->1')>                    -0.19229    0.22804   -0.00000   -0.00330    0.00736
|1^SV(0->3')>                    -0.25467   -0.06397   -0.00000   -0.00296   -0.00206
|1^SV(0'->2')>                   -0.07985    0.09599   -0.00000   -0.00670    0.00310
|1S^CV(3->1')>                   -0.14550   -0.02959   -0.00000   -0.00358   -0.00095
|1S^CV(2->2')>                    0.35244    0.23980    0.00000    0.05191    0.00774
|1S^CV(1->1')>                   -0.56339   -0.28105   -0.00000   -0.15899   -0.00907
|1S^CV(1->3')>                    0.13293   -0.02703    0.00000   -0.00317   -0.00087
|1T^CV(3->1')>                    0.10391    0.00064    0.00000    0.00000    0.00002
|1^ZCV0(3->2')>                  -0.11552    0.02305   -0.00000   -0.00116    0.00074
|1^ZCV0(2->1')>                   0.14409   -0.13635    0.00000   -0.00258   -0.00440
|1^ZCV0(1->1')>                   0.07783   -0.00536    0.00000    0.07988   -0.00017
|1^ZCV0'(2->1')>                  0.06668    0.02483    0.00000    0.00119    0.00080
|1^ZCV0'(2->3')>                  0.11612    0.02317    0.00000   -0.00117    0.00075
|1^ZCV0'(1->1')>                 -0.07783   -0.00536   -0.00000    0.07910   -0.00017
|1^ZCV0'(1->2')>                  0.20447   -0.19349    0.00000   -0.00369   -0.00624
|1^CSD_(3,2)>                    -0.16575    0.01568   -0.00000   -0.00000    0.00051
|1^CSD_(2,1)>                    -0.21629   -0.05177   -0.00000   -0.00000   -0.00167
|1^SVD_(1',2')>                   0.16656   -0.03986    0.00000    0.00000   -0.00129
|1^SVD_(2',3')>                  -0.12012    0.01136   -0.00000   -0.00000    0.00037
TDMs with Triplet 'Ground' state
TDMX:0.000   TDMY:0.000   TDMZ:0.000   Oscillator Strength:0.00000   <S**2>: 0.000
--------------------------------------------------------------------
TDMs with Singlet 'Ground' state
TDMX:0.165   TDMY:0.000   TDMZ:0.000   Oscillator Strength:0.00532   <S**2>: 0.000
--------------------------------------------------------------------


State 69 8.489 eV
Excitation                         CI Coef       TDM X       TDM Y       TDM Z       |TDM|
|1^CS(3->0')>                    -0.18701    0.00455   -0.00000   -0.02802    0.00000
|1^SV(0'->3')>                   -0.18701   -0.00455   -0.00000    0.02246   -0.00000
|1S^CV(3->2')>                   -0.14054    0.00581   -0.00000    0.01020    0.00000
|1S^CV(2->1')>                    0.43507   -0.07926    0.00000    0.05638   -0.00000
|1S^CV(2->3')>                    0.14054   -0.00581    0.00000   -0.01022   -0.00000
|1S^CV(1->2')>                    0.43507    0.07926    0.00000   -0.05685    0.00000
|1T^CV(3->2')>                   -0.08327   -0.00000   -0.00000   -0.00098    0.00000
|1T^CV(2->1')>                   -0.39493    0.00000   -0.00000    0.09720   -0.00000
|1T^CV(2->3')>                   -0.08327    0.00000   -0.00000   -0.00174    0.00000
|1T^CV(1->2')>                    0.39493   -0.00000    0.00000   -0.08280    0.00000
|1^ZCV0(3->1')>                   0.12272   -0.00345    0.00000    0.01695   -0.00000
|1^ZCV0(2->1')>                  -0.06010    0.05687   -0.00000    0.00108    0.00000
|1^ZCV0(1->2')>                  -0.06010   -0.02238   -0.00000   -0.00108   -0.00000
|1^ZCV0(1->3')>                   0.23213    0.00652    0.00000   -0.01016    0.00000
|1^ZCV0'(3->1')>                 -0.23213   -0.00652   -0.00000    0.00925   -0.00000
|1^ZCV0'(2->1')>                  0.06010    0.02238    0.00000    0.00108    0.00000
|1^ZCV0'(1->2')>                  0.06010   -0.05687    0.00000   -0.00108   -0.00000
|1^ZCV0'(1->3')>                 -0.12272    0.00345   -0.00000   -0.01578    0.00000
|1^CSD_(2,2)>                    -0.10049   -0.00000   -0.00000   -0.04724    0.00000
|1^SVD_(2',2')>                   0.10049    0.00000    0.00000    0.04720   -0.00000
TDMs with Triplet 'Ground' state
TDMX:0.000   TDMY:0.000   TDMZ:0.000   Oscillator Strength:0.00000   <S**2>: 0.000
--------------------------------------------------------------------
TDMs with Singlet 'Ground' state
TDMX:0.000   TDMY:0.000   TDMZ:-0.000   Oscillator Strength:0.00000   <S**2>: 0.000
--------------------------------------------------------------------


State 70 8.516 eV
Excitation                         CI Coef       TDM X       TDM Y       TDM Z       |TDM|
|3^CS(2->0)>                     -0.08225   -0.11059   -0.00000   -0.00879   -0.00068
|3^SV(0->2')>                    -0.08225   -0.11059   -0.00000   -0.00859   -0.00068
|3T^CV(3->2')>                   -0.09852    0.03146   -0.00000    0.00000    0.00019
|3T^CV(2->3')>                   -0.09852    0.03146   -0.00000    0.00000    0.00019
|3S^CV(3->2')>                    0.15981    0.01088    0.00000   -0.00060    0.00007
|3S^CV(2->1')>                   -0.17786   -0.03325   -0.00000   -0.00157   -0.00020
|3S^CV(2->3')>                   -0.15981    0.01088   -0.00000   -0.00023    0.00007
|3S^CV(1->2')>                   -0.17786   -0.03325   -0.00000   -0.00108   -0.00020
|3X^CV(3->2')>                    0.07863   -0.01106    0.00000   -0.00000   -0.00007
|3X^CV(2->3')>                   -0.07863   -0.01106   -0.00000   -0.00000   -0.00007
|3^ZCV0(3->1')>                   0.14388    0.01802    0.00000   -0.00057    0.00011
|3^ZCV0(3->3')>                  -0.09760   -0.00312   -0.00000    0.00001   -0.00002
|3^ZCV0(2->2')>                  -0.52868    0.03635   -0.00000    0.00030    0.00022
|3^ZCV0(1->1')>                  -0.09851    0.00912   -0.00000   -0.00003    0.00006
|3^ZCV0(1->3')>                  -0.30486    0.02439   -0.00000    0.00057    0.00015
|3^ZCV0'(6->1')>                  0.30486    0.02439    0.00000    0.00120    0.00015
|3^ZCV0'(6->3')>                 -0.09760   -0.00312   -0.00000   -0.00001   -0.00002
|3^ZCV0'(5->2')>                 -0.52868    0.03635   -0.00000   -0.00030    0.00022
|3^ZCV0'(4->1')>                 -0.09851    0.00912   -0.00000    0.00003    0.00006
|3^ZCV0'(4->3')>                 -0.14388    0.01802   -0.00000   -0.00027    0.00011
TDMs with Triplet 'Ground' state
TDMX:0.030   TDMY:0.000   TDMZ:-0.000   Oscillator Strength:0.00018   <S**2>: 2.000
--------------------------------------------------------------------
TDMs with Singlet 'Ground' state
TDMX:0.000   TDMY:0.000   TDMZ:0.000   Oscillator Strength:0.00000   <S**2>: 2.000
--------------------------------------------------------------------


State 71 8.571 eV
Excitation                         CI Coef       TDM X       TDM Y       TDM Z       |TDM|
|1^ZW->                           0.09388    0.00000    0.00000    0.01709   -0.00000
|1^CS(3->0')>                     0.16997   -0.00413    0.00000    0.02546   -0.00000
|1^CS(1->0')>                     0.06751   -0.00775    0.00000   -0.00822    0.00000
|1^SV(0'->1')>                   -0.06751    0.00775   -0.00000    0.01197   -0.00000
|1^SV(0'->3')>                    0.16997    0.00413    0.00000   -0.02042    0.00000
|1S^CV(2->1')>                    0.16450   -0.02997    0.00000    0.02132   -0.00000
|1S^CV(1->2')>                    0.16450    0.02997    0.00000   -0.02149    0.00000
|1T^CV(3->2')>                   -0.42364   -0.00000   -0.00000   -0.00498    0.00000
|1T^CV(2->1')>                    0.34338   -0.00000    0.00000   -0.08451    0.00000
|1T^CV(2->3')>                   -0.42364    0.00000   -0.00000   -0.00883    0.00000
|1T^CV(1->2')>                   -0.34338    0.00000   -0.00000    0.07199   -0.00000
|1^ZCV0(3->1')>                   0.05106   -0.00143    0.00000    0.00705   -0.00000
|1^ZCV0(2->2')>                   0.20715   -0.01947    0.00000    0.11074   -0.00000
|1^ZCV0(1->1')>                   0.05857   -0.00404    0.00000    0.06012   -0.00000
|1^ZCV0(1->3')>                   0.10524    0.00296    0.00000   -0.00461    0.00000
|1^ZCV0'(3->1')>                 -0.10524   -0.00296   -0.00000    0.00419   -0.00000
|1^ZCV0'(2->2')>                  0.20715    0.01947    0.00000   -0.11011    0.00000
|1^ZCV0'(1->1')>                  0.05857    0.00404    0.00000   -0.05954    0.00000
|1^ZCV0'(1->3')>                 -0.05106    0.00143   -0.00000   -0.00657    0.00000
|1^CSD_(2,2)>                    -0.27053   -0.00000   -0.00000   -0.12717    0.00000
|1^SVD_(2',2')>                   0.27053    0.00000    0.00000    0.12708   -0.00000
TDMs with Triplet 'Ground' state
TDMX:0.000   TDMY:0.000   TDMZ:0.000   Oscillator Strength:0.00000   <S**2>: 0.000
--------------------------------------------------------------------
TDMs with Singlet 'Ground' state
TDMX:0.000   TDMY:0.000   TDMZ:-0.000   Oscillator Strength:0.00000   <S**2>: 0.000
--------------------------------------------------------------------


State 72 8.641 eV
Excitation                         CI Coef       TDM X       TDM Y       TDM Z       |TDM|
|3^OS>                            0.08097    0.00000    0.00000    0.01587    0.00000
|3^CS(3->0)>                      0.16984    0.00170    0.00000    0.00139    0.00000
|3^CS(2->0')>                     0.09338    0.01215    0.00000   -0.10311   -0.00000
|3^SV(0->3')>                    -0.16984   -0.00170   -0.00000    0.00006   -0.00000
|3^SV(0'->2')>                    0.09338   -0.01215    0.00000    0.10080    0.00000
|3T^CV(3->1')>                   -0.23103    0.00000   -0.00000   -0.04186   -0.00000
|3T^CV(1->3')>                   -0.23103   -0.00000   -0.00000    0.04166    0.00000
|3S^CV(3->1')>                   -0.36005   -0.00225   -0.00000   -0.01026   -0.00000
|3S^CV(3->3')>                    0.18373    0.00000    0.00000    0.00011    0.00000
|3S^CV(2->2')>                    0.12271   -0.00000    0.00000    0.00050    0.00000
|3S^CV(1->3')>                    0.36005    0.00225    0.00000    0.00486    0.00000
|3X^CV(3->1')>                    0.09132   -0.00000    0.00000    0.01428    0.00000
|3X^CV(2->2')>                    0.25797   -0.00000    0.00000   -0.01006   -0.00000
|3X^CV(1->3')>                   -0.09132    0.00000   -0.00000   -0.01351   -0.00000
|3^ZCV0(3->2')>                   0.14666   -0.00138    0.00000    0.00624    0.00000
|3^ZCV0(2->3')>                  -0.10875   -0.00102   -0.00000   -0.00685   -0.00000
|3^ZCV0'(6->2')>                  0.10875    0.00102    0.00000    0.00756    0.00000
|3^ZCV0'(5->3')>                 -0.14666    0.00138   -0.00000   -0.00772   -0.00000
|3^CSD(3,2)>                      0.32524   -0.00000    0.00000   -0.01778   -0.00000
|3^CSD(2,1)>                      0.24739    0.00000    0.00000    0.00346    0.00000
|3^SVD(1,2)>                      0.24739   -0.00000    0.00000   -0.00164   -0.00000
|3^SVD(2,3)>                     -0.32524    0.00000   -0.00000    0.01685    0.00000
TDMs with Triplet 'Ground' state
TDMX:0.000   TDMY:0.000   TDMZ:0.000   Oscillator Strength:0.00000   <S**2>: 2.000
--------------------------------------------------------------------
TDMs with Singlet 'Ground' state
TDMX:0.000   TDMY:0.000   TDMZ:0.000   Oscillator Strength:0.00000   <S**2>: 2.000
--------------------------------------------------------------------


State 73 8.738 eV
Excitation                         CI Coef       TDM X       TDM Y       TDM Z       |TDM|
|1^CS(2->0)>                     -0.05608    0.00652   -0.00000    0.05403   -0.00400
|1^CS(3->0')>                     0.21346   -0.00519    0.00000    0.03198   -0.00237
|1^SV(0->2')>                     0.05608    0.00652    0.00000    0.04863   -0.00360
|1^SV(0'->3')>                   -0.21346   -0.00519   -0.00000    0.02564   -0.00190
|1S^CV(3->1')>                   -0.05128   -0.01043   -0.00000   -0.00126    0.00009
|1S^CV(2->1')>                   -0.36309    0.06614   -0.00000   -0.04705    0.00349
|1S^CV(1->2')>                    0.36309    0.06614    0.00000   -0.04744    0.00352
|1S^CV(1->3')>                    0.05128   -0.01043    0.00000   -0.00122    0.00009
|1T^CV(2->1')>                    0.25936   -0.00000    0.00000   -0.06383    0.00473
|1T^CV(1->2')>                    0.25936   -0.00000    0.00000   -0.05437    0.00403
|1^ZCV0(3->1')>                  -0.09049    0.00254   -0.00000   -0.01250    0.00093
|1^ZCV0(3->3')>                   0.05800   -0.00001    0.00000   -0.00437    0.00032
|1^ZCV0(2->1')>                   0.05016   -0.04746    0.00000   -0.00090    0.00007
|1^ZCV0(2->2')>                  -0.12452    0.01170   -0.00000   -0.06657    0.00493
|1^ZCV0(1->1')>                   0.05672   -0.00391    0.00000    0.05822   -0.00432
|1^ZCV0(1->2')>                  -0.05016   -0.01868   -0.00000   -0.00091    0.00007
|1^ZCV0(1->3')>                   0.28076    0.00789    0.00000   -0.01229    0.00091
|1^ZCV0'(3->1')>                  0.28076    0.00789    0.00000   -0.01119    0.00083
|1^ZCV0'(3->3')>                 -0.05800   -0.00001   -0.00000   -0.00440    0.00033
|1^ZCV0'(2->1')>                 -0.05016   -0.01868   -0.00000   -0.00090    0.00007
|1^ZCV0'(2->2')>                  0.12452    0.01170    0.00000   -0.06619    0.00491
|1^ZCV0'(1->1')>                 -0.05672   -0.00391   -0.00000    0.05765   -0.00427
|1^ZCV0'(1->2')>                  0.05016   -0.04746    0.00000   -0.00091    0.00007
|1^ZCV0'(1->3')>                 -0.09049    0.00254   -0.00000   -0.01164    0.00086
|1^CSD_(3,3)>                     0.11223    0.00000    0.00000    0.01051   -0.00078
|1^CSD_(2,2)>                    -0.33218   -0.00000   -0.00000   -0.15615    0.01157
|1^CSD_(1,1)>                     0.08785    0.00000    0.00000    0.00832   -0.00062
|1^SVD_(1',1')>                   0.08785    0.00000    0.00000    0.00829   -0.00061
|1^SVD_(2',2')>                  -0.33218   -0.00000   -0.00000   -0.15604    0.01157
|1^SVD_(3',3')>                   0.11223    0.00000    0.00000    0.01053   -0.00078
TDMs with Triplet 'Ground' state
TDMX:0.000   TDMY:0.000   TDMZ:0.000   Oscillator Strength:0.00000   <S**2>: 0.000
--------------------------------------------------------------------
TDMs with Singlet 'Ground' state
TDMX:0.000   TDMY:0.000   TDMZ:-0.366   Oscillator Strength:0.02715   <S**2>: 0.000
--------------------------------------------------------------------


State 74 8.766 eV
Excitation                         CI Coef       TDM X       TDM Y       TDM Z       |TDM|
|3^CS(2->0)>                      0.07199    0.09680    0.00000    0.00769   -0.00000
|3^CS(1->0')>                     0.15547   -0.19506    0.00000   -0.00106    0.00000
|3^SV(0->2')>                    -0.07199   -0.09680   -0.00000   -0.00752    0.00000
|3^SV(0'->1')>                   -0.15547    0.19506   -0.00000    0.00124   -0.00000
|3T^CV(2->1')>                    0.23747   -0.14989    0.00000    0.00000    0.00000
|3T^CV(1->2')>                    0.23747    0.14989    0.00000   -0.00000   -0.00000
|3S^CV(3->2')>                   -0.24475   -0.01666   -0.00000    0.00091    0.00000
|3S^CV(2->1')>                   -0.09284   -0.01736   -0.00000   -0.00082    0.00000
|3S^CV(2->2')>                   -0.07405    0.00000   -0.00000   -0.00030   -0.00000
|3S^CV(2->3')>                   -0.24475    0.01666   -0.00000   -0.00035   -0.00000
|3S^CV(1->2')>                    0.09284    0.01736    0.00000    0.00056   -0.00000
|3X^CV(3->2')>                   -0.38478    0.05414   -0.00000    0.00000   -0.00000
|3X^CV(2->1')>                   -0.16902    0.00214   -0.00000    0.00000   -0.00000
|3X^CV(2->3')>                   -0.38478   -0.05414   -0.00000   -0.00000    0.00000
|3X^CV(1->2')>                    0.16902   -0.00214    0.00000   -0.00000    0.00000
|3^ZCV0(3->1')>                  -0.18524   -0.02320   -0.00000    0.00073    0.00000
|3^ZCV0(2->2')>                  -0.26801    0.01843   -0.00000    0.00015   -0.00000
|3^ZCV0(1->1')>                  -0.17171    0.01590   -0.00000   -0.00005   -0.00000
|3^ZCV0(1->3')>                   0.14285   -0.01143    0.00000   -0.00027    0.00000
|3^ZCV0'(6->1')>                  0.14285    0.01143    0.00000    0.00056   -0.00000
|3^ZCV0'(5->2')>                  0.26801   -0.01843    0.00000    0.00015    0.00000
|3^ZCV0'(4->1')>                  0.17171   -0.01590    0.00000   -0.00005    0.00000
|3^ZCV0'(4->3')>                 -0.18524    0.02320   -0.00000   -0.00035   -0.00000
TDMs with Triplet 'Ground' state
TDMX:-0.000   TDMY:0.000   TDMZ:0.000   Oscillator Strength:0.00000   <S**2>: 2.000
--------------------------------------------------------------------
TDMs with Singlet 'Ground' state
TDMX:0.000   TDMY:0.000   TDMZ:0.000   Oscillator Strength:0.00000   <S**2>: 2.000
--------------------------------------------------------------------


State 75 8.908 eV
Excitation                         CI Coef       TDM X       TDM Y       TDM Z       |TDM|
|3^CS(1->0)>                     -0.13107   -0.01591   -0.00000    0.00922   -0.00000
|3^CS(2->0')>                    -0.06612   -0.00860   -0.00000    0.07300   -0.00000
|3^SV(0->1')>                    -0.13107    0.01591   -0.00000   -0.01082    0.00000
|3^SV(0'->2')>                   -0.06612    0.00860   -0.00000   -0.07137    0.00000
|3T^CV(3->1')>                    0.23360   -0.00000    0.00000    0.04232   -0.00000
|3T^CV(1->3')>                    0.23360    0.00000    0.00000   -0.04212    0.00000
|3S^CV(3->3')>                    0.15071    0.00000    0.00000    0.00009   -0.00000
|3S^CV(2->2')>                    0.15447   -0.00000    0.00000    0.00063   -0.00000
|3S^CV(1->1')>                   -0.12667    0.00000   -0.00000    0.00026   -0.00000
|3X^CV(3->1')>                   -0.38794    0.00000   -0.00000   -0.06068    0.00000
|3X^CV(2->2')>                   -0.36442    0.00000   -0.00000    0.01421   -0.00000
|3X^CV(1->1')>                   -0.28302   -0.00000   -0.00000   -0.01025    0.00000
|3X^CV(1->3')>                    0.38794   -0.00000    0.00000    0.05738   -0.00000
|3^ZCV0(2->1')>                  -0.11513    0.00297   -0.00000    0.00466   -0.00000
|3^ZCV0(2->3')>                  -0.23375   -0.00220   -0.00000   -0.01472    0.00000
|3^ZCV0'(6->2')>                  0.23375    0.00220    0.00000    0.01624   -0.00000
|3^ZCV0'(4->2')>                 -0.11513   -0.00297   -0.00000   -0.00568    0.00000
|3^CSD(3,2)>                      0.24729   -0.00000    0.00000   -0.01352    0.00000
|3^SVD(2,3)>                     -0.24729    0.00000   -0.00000    0.01281   -0.00000
TDMs with Triplet 'Ground' state
TDMX:0.000   TDMY:0.000   TDMZ:-0.000   Oscillator Strength:0.00000   <S**2>: 2.000
--------------------------------------------------------------------
TDMs with Singlet 'Ground' state
TDMX:0.000   TDMY:0.000   TDMZ:0.000   Oscillator Strength:0.00000   <S**2>: 2.000
--------------------------------------------------------------------


State 76 8.923 eV
Excitation                         CI Coef       TDM X       TDM Y       TDM Z       |TDM|
|3^CS(2->0')>                    -0.05656   -0.00736   -0.00000    0.06245    0.00354
|3^SV(0'->2')>                    0.05656   -0.00736    0.00000    0.06105    0.00346
|3T^CV(3->1')>                    0.67146   -0.00000    0.00000    0.12165    0.00690
|3T^CV(2->2')>                   -0.07540   -0.00000   -0.00000   -0.03462   -0.00196
|3T^CV(1->3')>                   -0.67146   -0.00000   -0.00000    0.12107    0.00687
|3S^CV(3->1')>                   -0.06609   -0.00041   -0.00000   -0.00188   -0.00011
|3S^CV(1->3')>                   -0.06609   -0.00041   -0.00000   -0.00089   -0.00005
|3^ZCV0(2->3')>                  -0.07626   -0.00072   -0.00000   -0.00480   -0.00027
|3^ZCV0(1->2')>                  -0.07053    0.00182   -0.00000   -0.00657   -0.00037
|3^ZCV0'(6->2')>                 -0.07626   -0.00072   -0.00000   -0.00530   -0.00030
|3^ZCV0'(5->1')>                  0.07053    0.00182    0.00000   -0.00736   -0.00042
|3^CSD(3,2)>                      0.14697   -0.00000    0.00000   -0.00804   -0.00046
|3^SVD(2,3)>                      0.14697   -0.00000    0.00000   -0.00761   -0.00043
TDMs with Triplet 'Ground' state
TDMX:-0.000   TDMY:0.000   TDMZ:0.259   Oscillator Strength:0.01471   <S**2>: 2.000
--------------------------------------------------------------------
TDMs with Singlet 'Ground' state
TDMX:0.000   TDMY:0.000   TDMZ:0.000   Oscillator Strength:0.00000   <S**2>: 2.000
--------------------------------------------------------------------


State 77 8.929 eV
Excitation                         CI Coef       TDM X       TDM Y       TDM Z       |TDM|
|1^OS>                            0.08129   -0.00000    0.00000    0.00289    0.00000
|1^CS(3->0)>                     -0.37150    0.09332   -0.00000    0.00539    0.00039
|1^CS(1->0)>                      0.21255   -0.25207    0.00000    0.00250   -0.00105
|1^CS(2->0')>                    -0.07850   -0.09436   -0.00000    0.00732   -0.00039
|1^SV(0->1')>                    -0.25674    0.30448   -0.00000   -0.00440    0.00126
|1^SV(0->3')>                    -0.38593   -0.09695   -0.00000   -0.00449   -0.00040
|1^SV(0'->2')>                   -0.06396    0.07689   -0.00000   -0.00537    0.00032
|1S^CV(2->2')>                    0.05514    0.03752    0.00000    0.00812    0.00016
|1S^CV(1->1')>                   -0.09674   -0.04826   -0.00000   -0.02730   -0.00020
|1T^CV(3->3')>                   -0.08809   -0.00000   -0.00000    0.00000    0.00000
|1T^CV(1->1')>                    0.05928    0.00000    0.00000    0.00000    0.00000
|1T^CV(1->3')>                    0.07832    0.00048    0.00000    0.00000    0.00000
|1^ZCV0(3->2')>                  -0.09651    0.01926   -0.00000   -0.00097    0.00008
|1^ZCV0(2->1')>                   0.36141   -0.34199    0.00000   -0.00647   -0.00142
|1^ZCV0(2->3')>                  -0.06096    0.00608   -0.00000   -0.00061    0.00003
|1^ZCV0(1->2')>                  -0.11857   -0.04416   -0.00000   -0.00214   -0.00018
|1^ZCV0'(3->2')>                 -0.07186   -0.00717   -0.00000    0.00072   -0.00003
|1^ZCV0'(1->2')>                 -0.35705    0.33787   -0.00000    0.00644    0.00140
|1^CSD_(3,2)>                     0.17757   -0.01680    0.00000    0.00000   -0.00007
|1^CSD_(2,1)>                     0.33877    0.08108    0.00000    0.00000    0.00034
|1^SVD_(1',2')>                   0.29513   -0.07064    0.00000    0.00000   -0.00029
|1^SVD_(2',3')>                  -0.13866    0.01311   -0.00000   -0.00000    0.00005
TDMs with Triplet 'Ground' state
TDMX:0.000   TDMY:0.000   TDMZ:0.000   Oscillator Strength:0.00000   <S**2>: 0.000
--------------------------------------------------------------------
TDMs with Singlet 'Ground' state
TDMX:0.020   TDMY:0.000   TDMZ:0.000   Oscillator Strength:0.00008   <S**2>: 0.000
--------------------------------------------------------------------


State 78 9.118 eV
Excitation                         CI Coef       TDM X       TDM Y       TDM Z       |TDM|
|3^CS(2->0)>                     -0.05537   -0.07445   -0.00000   -0.00592    0.00730
|3^CS(1->0')>                     0.05621   -0.07053    0.00000   -0.00038    0.00692
|3^SV(0->2')>                    -0.05537   -0.07445   -0.00000   -0.00578    0.00730
|3^SV(0'->1')>                    0.05621   -0.07053    0.00000   -0.00045    0.00692
|3T^CV(3->2')>                    0.50359   -0.16079    0.00000   -0.00000    0.01577
|3T^CV(2->1')>                   -0.05981    0.03775   -0.00000   -0.00000   -0.00370
|3T^CV(2->3')>                    0.50359   -0.16079    0.00000   -0.00000    0.01577
|3T^CV(1->2')>                    0.05981    0.03775    0.00000   -0.00000   -0.00370
|3S^CV(3->1')>                    0.07073    0.00044    0.00000    0.00201   -0.00004
|3S^CV(3->2')>                    0.09540    0.00650    0.00000   -0.00036   -0.00064
|3S^CV(2->3')>                   -0.09540    0.00650   -0.00000   -0.00014   -0.00064
|3S^CV(1->3')>                    0.07073    0.00044    0.00000    0.00096   -0.00004
|3X^CV(3->2')>                    0.06367   -0.00896    0.00000   -0.00000    0.00088
|3X^CV(2->1')>                    0.10864   -0.00138    0.00000   -0.00000    0.00014
|3X^CV(2->3')>                   -0.06367   -0.00896   -0.00000   -0.00000    0.00088
|3X^CV(1->2')>                    0.10864   -0.00138    0.00000   -0.00000    0.00014
|3^ZCV0(3->1')>                   0.38533    0.04826    0.00000   -0.00152   -0.00473
|3^ZCV0(3->3')>                   0.15003    0.00480    0.00000   -0.00001   -0.00047
|3^ZCV0(1->1')>                  -0.10699    0.00991   -0.00000   -0.00003   -0.00097
|3^ZCV0(1->3')>                   0.12669   -0.01014    0.00000   -0.00024    0.00099
|3^ZCV0'(6->1')>                 -0.12669   -0.01014   -0.00000   -0.00050    0.00099
|3^ZCV0'(6->3')>                  0.15003    0.00480    0.00000    0.00001   -0.00047
|3^ZCV0'(4->1')>                 -0.10699    0.00991   -0.00000    0.00003   -0.00097
|3^ZCV0'(4->3')>                 -0.38533    0.04826   -0.00000   -0.00072   -0.00473
|3^CSD(3,1)>                      0.08145    0.00004    0.00000    0.00000   -0.00000
|3^SVD(1,3)>                     -0.08145    0.00004   -0.00000    0.00000   -0.00000
TDMs with Triplet 'Ground' state
TDMX:-0.439   TDMY:0.000   TDMZ:-0.000   Oscillator Strength:0.04304   <S**2>: 2.000
--------------------------------------------------------------------
TDMs with Singlet 'Ground' state
TDMX:0.000   TDMY:0.000   TDMZ:0.000   Oscillator Strength:0.00000   <S**2>: 2.000
--------------------------------------------------------------------


State 79 9.137 eV
Excitation                         CI Coef       TDM X       TDM Y       TDM Z       |TDM|
|3^CS(2->0)>                      0.11421    0.15357    0.00000    0.01220   -0.00000
|3^CS(3->0')>                     0.18510   -0.01918    0.00000    0.00015    0.00000
|3^CS(1->0')>                     0.08104   -0.10168    0.00000   -0.00055    0.00000
|3^SV(0->2')>                    -0.11421   -0.15357   -0.00000   -0.01193    0.00000
|3^SV(0'->1')>                   -0.08104    0.10168   -0.00000    0.00065   -0.00000
|3^SV(0'->3')>                    0.18510    0.01918    0.00000    0.00001   -0.00000
|3T^CV(3->2')>                   -0.46962    0.14995   -0.00000    0.00000   -0.00000
|3T^CV(2->3')>                    0.46962   -0.14995    0.00000   -0.00000    0.00000
|3S^CV(3->2')>                    0.17358    0.01182    0.00000   -0.00065   -0.00000
|3S^CV(2->1')>                   -0.32422   -0.06062   -0.00000   -0.00286    0.00000
|3S^CV(2->3')>                    0.17358   -0.01182    0.00000    0.00025    0.00000
|3S^CV(1->2')>                    0.32422    0.06062    0.00000    0.00196   -0.00000
|3X^CV(3->2')>                    0.18513   -0.02605    0.00000   -0.00000    0.00000
|3X^CV(2->3')>                    0.18513    0.02605    0.00000    0.00000   -0.00000
|3^ZCV0(3->1')>                  -0.10640   -0.01333   -0.00000    0.00042    0.00000
|3^ZCV0(2->2')>                  -0.06504    0.00447   -0.00000    0.00004   -0.00000
|3^ZCV0(1->1')>                  -0.08289    0.00768   -0.00000   -0.00002   -0.00000
|3^ZCV0(1->3')>                   0.14777   -0.01182    0.00000   -0.00028    0.00000
|3^ZCV0'(6->1')>                  0.14777    0.01182    0.00000    0.00058   -0.00000
|3^ZCV0'(5->2')>                  0.06504   -0.00447    0.00000    0.00004    0.00000
|3^ZCV0'(4->1')>                  0.08289   -0.00768    0.00000   -0.00002    0.00000
|3^ZCV0'(4->3')>                 -0.10640    0.01333   -0.00000   -0.00020   -0.00000
|3^CSD(3,1)>                      0.05288    0.00002    0.00000    0.00000   -0.00000
|3^SVD(1,3)>                      0.05288   -0.00002    0.00000   -0.00000    0.00000
TDMs with Triplet 'Ground' state
TDMX:-0.000   TDMY:0.000   TDMZ:-0.000   Oscillator Strength:0.00000   <S**2>: 2.000
--------------------------------------------------------------------
TDMs with Singlet 'Ground' state
TDMX:0.000   TDMY:0.000   TDMZ:0.000   Oscillator Strength:0.00000   <S**2>: 2.000
--------------------------------------------------------------------


State 80 9.248 eV
Excitation                         CI Coef       TDM X       TDM Y       TDM Z       |TDM|
|1^CS(3->0)>                     -0.05974    0.01501   -0.00000    0.00087    0.00008
|1^CS(1->0)>                     -0.06543    0.07760   -0.00000   -0.00077    0.00043
|1^SV(0->3')>                     0.18086    0.04543    0.00000    0.00210    0.00025
|1S^CV(3->1')>                    0.25077    0.05100    0.00000    0.00616    0.00029
|1S^CV(3->3')>                   -0.16649   -0.00020   -0.00000    0.00347   -0.00000
|1S^CV(1->1')>                   -0.46652   -0.23273   -0.00000   -0.13165   -0.00130
|1S^CV(1->3')>                   -0.20580    0.04185   -0.00000    0.00490    0.00023
|1T^CV(3->1')>                    0.28246    0.00174    0.00000    0.00000    0.00001
|1T^CV(1->3')>                    0.29860    0.00184    0.00000    0.00000    0.00001
|1^ZCV0(3->2')>                  -0.09153    0.01826   -0.00000   -0.00092    0.00010
|1^ZCV0(2->1')>                  -0.11365    0.10754   -0.00000    0.00203    0.00060
|1^ZCV0(2->3')>                   0.05288   -0.00527    0.00000    0.00053   -0.00003
|1^ZCV0(1->1')>                   0.06445   -0.00444    0.00000    0.06615   -0.00002
|1^ZCV0(1->2')>                  -0.20329   -0.07572   -0.00000   -0.00367   -0.00042
|1^ZCV0'(3->2')>                 -0.06184   -0.00617   -0.00000    0.00062   -0.00003
|1^ZCV0'(2->1')>                 -0.24729   -0.09210   -0.00000   -0.00443   -0.00052
|1^ZCV0'(2->3')>                  0.07969    0.01590    0.00000   -0.00080    0.00009
|1^ZCV0'(1->1')>                 -0.06445   -0.00444   -0.00000    0.06550   -0.00002
|1^CSD_(3,2)>                     0.08935   -0.00845    0.00000    0.00000   -0.00005
|1^CSD_(2,1)>                     0.32748    0.07838    0.00000    0.00000    0.00044
|1^SVD_(1',2')>                  -0.40812    0.09768   -0.00000   -0.00000    0.00055
|1^SVD_(2',3')>                   0.06105   -0.00577    0.00000    0.00000   -0.00003
TDMs with Triplet 'Ground' state
TDMX:0.000   TDMY:0.000   TDMZ:0.000   Oscillator Strength:0.00000   <S**2>: 0.000
--------------------------------------------------------------------
TDMs with Singlet 'Ground' state
TDMX:0.026   TDMY:0.000   TDMZ:0.000   Oscillator Strength:0.00015   <S**2>: 0.000
--------------------------------------------------------------------


State 81 9.258 eV
Excitation                         CI Coef       TDM X       TDM Y       TDM Z       |TDM|
|3^CS(3->0)>                     -0.06309   -0.00063   -0.00000   -0.00052    0.00001
|3^SV(0->3')>                    -0.06309   -0.00063   -0.00000    0.00002   -0.00000
|3T^CV(3->1')>                    0.13965   -0.00000    0.00000    0.02530   -0.00045
|3T^CV(3->3')>                    0.11034    0.00000    0.00000   -0.01576    0.00028
|3T^CV(2->2')>                    0.06692    0.00000    0.00000    0.03072   -0.00055
|3T^CV(1->1')>                   -0.05484   -0.00000   -0.00000   -0.08787    0.00157
|3T^CV(1->3')>                   -0.13965   -0.00000   -0.00000    0.02518   -0.00045
|3S^CV(3->1')>                    0.23524    0.00147    0.00000    0.00670   -0.00012
|3S^CV(1->3')>                    0.23524    0.00147    0.00000    0.00318   -0.00006
|3X^CV(3->1')>                   -0.11513    0.00000   -0.00000   -0.01801    0.00032
|3X^CV(1->3')>                   -0.11513    0.00000   -0.00000   -0.01703    0.00030
|3^ZCV0(3->2')>                  -0.37088    0.00349   -0.00000   -0.01577    0.00028
|3^ZCV0(2->3')>                  -0.16328   -0.00154   -0.00000   -0.01028    0.00018
|3^ZCV0'(6->2')>                 -0.16328   -0.00154   -0.00000   -0.01135    0.00020
|3^ZCV0'(5->3')>                 -0.37088    0.00349   -0.00000   -0.01952    0.00035
|3^CSD(3,2)>                     -0.47842    0.00000   -0.00000    0.02616   -0.00047
|3^SVD(2,3)>                     -0.47842    0.00000   -0.00000    0.02479   -0.00044
TDMs with Triplet 'Ground' state
TDMX:0.000   TDMY:0.000   TDMZ:-0.079   Oscillator Strength:0.00140   <S**2>: 2.000
--------------------------------------------------------------------
TDMs with Singlet 'Ground' state
TDMX:0.000   TDMY:0.000   TDMZ:0.000   Oscillator Strength:0.00000   <S**2>: 2.000
--------------------------------------------------------------------


State 82 9.392 eV
Excitation                         CI Coef       TDM X       TDM Y       TDM Z       |TDM|
|3^CS(3->0')>                     0.07181   -0.00744    0.00000    0.00006   -0.00007
|3^SV(0'->3')>                   -0.07181   -0.00744   -0.00000   -0.00000   -0.00007
|3T^CV(3->2')>                   -0.10810    0.03451   -0.00000    0.00000    0.00033
|3T^CV(2->3')>                   -0.10810    0.03451   -0.00000    0.00000    0.00033
|3S^CV(3->2')>                    0.21817    0.01485    0.00000   -0.00081    0.00014
|3S^CV(2->1')>                   -0.05110   -0.00955   -0.00000   -0.00045   -0.00009
|3S^CV(2->3')>                   -0.21817    0.01485   -0.00000   -0.00031    0.00014
|3S^CV(1->2')>                   -0.05110   -0.00955   -0.00000   -0.00031   -0.00009
|3X^CV(3->2')>                    0.07003   -0.00985    0.00000   -0.00000   -0.00009
|3X^CV(2->1')>                    0.07796   -0.00099    0.00000   -0.00000   -0.00001
|3X^CV(2->3')>                   -0.07003   -0.00985   -0.00000   -0.00000   -0.00009
|3X^CV(1->2')>                    0.07796   -0.00099    0.00000   -0.00000   -0.00001
|3^ZCV0(3->1')>                  -0.18886   -0.02365   -0.00000    0.00074   -0.00023
|3^ZCV0(3->3')>                   0.14216    0.00455    0.00000   -0.00001    0.00004
|3^ZCV0(1->1')>                  -0.08976    0.00831   -0.00000   -0.00003    0.00008
|3^ZCV0(1->3')>                   0.15146   -0.01212    0.00000   -0.00028   -0.00012
|3^ZCV0'(6->1')>                 -0.15146   -0.01212   -0.00000   -0.00060   -0.00012
|3^ZCV0'(6->3')>                  0.14216    0.00455    0.00000    0.00001    0.00004
|3^ZCV0'(4->1')>                 -0.08976    0.00831   -0.00000    0.00003    0.00008
|3^ZCV0'(4->3')>                  0.18886   -0.02365    0.00000    0.00035   -0.00023
|3^CSD(3,1)>                      0.57537    0.00025    0.00000    0.00000    0.00000
|3^SVD(1,3)>                     -0.57537    0.00025   -0.00000    0.00000    0.00000
TDMs with Triplet 'Ground' state
TDMX:0.042   TDMY:0.000   TDMZ:0.000   Oscillator Strength:0.00040   <S**2>: 2.000
--------------------------------------------------------------------
TDMs with Singlet 'Ground' state
TDMX:0.000   TDMY:0.000   TDMZ:0.000   Oscillator Strength:0.00000   <S**2>: 2.000
--------------------------------------------------------------------


State 83 9.415 eV
Excitation                         CI Coef       TDM X       TDM Y       TDM Z       |TDM|
|1^ZW+>                           0.06092   -0.00000    0.00000   -0.07568   -0.00471
|1^CS(2->0)>                      0.12001   -0.01396    0.00000   -0.11562   -0.00720
|1^SV(0->2')>                    -0.12001   -0.01396   -0.00000   -0.10405   -0.00648
|1S^CV(3->2')>                   -0.13138    0.00543   -0.00000    0.00954    0.00059
|1S^CV(2->1')>                   -0.20964    0.03819   -0.00000   -0.02716   -0.00169
|1S^CV(2->2')>                    0.09255    0.06297    0.00000    0.01363    0.00085
|1S^CV(2->3')>                   -0.13138    0.00543   -0.00000    0.00956    0.00060
|1S^CV(1->2')>                    0.20964    0.03819    0.00000   -0.02739   -0.00171
|1T^CV(3->2')>                   -0.22336   -0.00000   -0.00000   -0.00262   -0.00016
|1T^CV(2->1')>                    0.27614   -0.00000    0.00000   -0.06797   -0.00423
|1T^CV(2->3')>                    0.22336   -0.00000    0.00000    0.00466    0.00029
|1T^CV(1->2')>                    0.27614   -0.00000    0.00000   -0.05789   -0.00361
|1^ZCV0(3->1')>                   0.13672   -0.00384    0.00000    0.01888    0.00118
|1^ZCV0(2->2')>                   0.33499   -0.03149    0.00000    0.17908    0.01116
|1^ZCV0'(2->2')>                 -0.33499   -0.03149   -0.00000    0.17807    0.01109
|1^ZCV0'(1->3')>                  0.13672   -0.00384    0.00000    0.01758    0.00110
|1^CSD_(3,3)>                    -0.15625   -0.00000   -0.00000   -0.01464   -0.00091
|1^CSD_(2,2)>                     0.29982    0.00000    0.00000    0.14093    0.00878
|1^CSD_(1,1)>                     0.19940    0.00000    0.00000    0.01888    0.00118
|1^SVD_(1',1')>                   0.19940    0.00000    0.00000    0.01882    0.00117
|1^SVD_(2',2')>                   0.29982    0.00000    0.00000    0.14084    0.00877
|1^SVD_(3',3')>                  -0.15625   -0.00000   -0.00000   -0.01466   -0.00091
TDMs with Triplet 'Ground' state
TDMX:0.000   TDMY:0.000   TDMZ:0.000   Oscillator Strength:0.00000   <S**2>: 0.000
--------------------------------------------------------------------
TDMs with Singlet 'Ground' state
TDMX:-0.000   TDMY:0.000   TDMZ:0.285   Oscillator Strength:0.01773   <S**2>: 0.000
--------------------------------------------------------------------


State 84 9.443 eV
Excitation                         CI Coef       TDM X       TDM Y       TDM Z       |TDM|
|5^CV(3->3')>                    -0.96406   -0.00000   -0.00000   -0.00000    0.00000
|5^CV(2->2')>                     0.20534    0.00000    0.00000    0.00000    0.00000
|5^CV(1->1')>                    -0.15901   -0.00000   -0.00000   -0.00000    0.00000
TDMs with Triplet 'Ground' state
TDMX:0.000   TDMY:0.000   TDMZ:0.000   Oscillator Strength:0.00000   <S**2>: 6.000
--------------------------------------------------------------------
TDMs with Singlet 'Ground' state
TDMX:0.000   TDMY:0.000   TDMZ:0.000   Oscillator Strength:0.00000   <S**2>: 6.000
--------------------------------------------------------------------


State 85 9.595 eV
Excitation                         CI Coef       TDM X       TDM Y       TDM Z       |TDM|
|3^CS(1->0')>                     0.05053   -0.06340    0.00000   -0.00034   -0.00334
|3^SV(0'->1')>                    0.05053   -0.06340    0.00000   -0.00040   -0.00334
|3T^CV(3->2')>                   -0.40110    0.12807   -0.00000    0.00000    0.00676
|3T^CV(2->3')>                   -0.40110    0.12807   -0.00000    0.00000    0.00676
|3S^CV(3->1')>                    0.07390    0.00046    0.00000    0.00211    0.00002
|3S^CV(3->2')>                    0.08854    0.00603    0.00000   -0.00033    0.00032
|3S^CV(2->1')>                    0.11342    0.02120    0.00000    0.00100    0.00112
|3S^CV(2->3')>                   -0.08854    0.00603   -0.00000   -0.00013    0.00032
|3S^CV(1->2')>                    0.11342    0.02120    0.00000    0.00069    0.00112
|3S^CV(1->3')>                    0.07390    0.00046    0.00000    0.00100    0.00002
|3X^CV(3->2')>                    0.26011   -0.03660    0.00000   -0.00000   -0.00193
|3X^CV(2->1')>                    0.16291   -0.00207    0.00000   -0.00000   -0.00011
|3X^CV(2->3')>                   -0.26011   -0.03660   -0.00000   -0.00000   -0.00193
|3X^CV(1->2')>                    0.16291   -0.00207    0.00000   -0.00000   -0.00011
|3^ZCV0(3->1')>                   0.25416    0.03183    0.00000   -0.00100    0.00168
|3^ZCV0(3->3')>                   0.15582    0.00499    0.00000   -0.00001    0.00026
|3^ZCV0(1->1')>                  -0.09246    0.00856   -0.00000   -0.00003    0.00045
|3^ZCV0(1->3')>                   0.28081   -0.02247    0.00000   -0.00052   -0.00119
|3^ZCV0'(6->1')>                 -0.28081   -0.02247   -0.00000   -0.00110   -0.00119
|3^ZCV0'(6->3')>                  0.15582    0.00499    0.00000    0.00001    0.00026
|3^ZCV0'(4->1')>                 -0.09246    0.00856   -0.00000    0.00003    0.00045
|3^ZCV0'(4->3')>                 -0.25416    0.03183   -0.00000   -0.00047    0.00168
|3^CSD(3,1)>                     -0.18824   -0.00008   -0.00000   -0.00000   -0.00000
|3^SVD(1,3)>                      0.18824   -0.00008    0.00000   -0.00000   -0.00000
TDMs with Triplet 'Ground' state
TDMX:0.224   TDMY:0.000   TDMZ:0.000   Oscillator Strength:0.01184   <S**2>: 2.000
--------------------------------------------------------------------
TDMs with Singlet 'Ground' state
TDMX:0.000   TDMY:0.000   TDMZ:0.000   Oscillator Strength:0.00000   <S**2>: 2.000
--------------------------------------------------------------------


State 86 9.603 eV
Excitation                         CI Coef       TDM X       TDM Y       TDM Z       |TDM|
|3^CS(3->0)>                     -0.24693   -0.00248   -0.00000   -0.00202   -0.00000
|3^CS(2->0')>                    -0.10527   -0.01370   -0.00000    0.11624   -0.00000
|3^SV(0->3')>                     0.24693    0.00248    0.00000   -0.00008    0.00000
|3^SV(0'->2')>                   -0.10527    0.01370   -0.00000   -0.11364    0.00000
|3S^CV(3->2')>                    0.06217    0.00423    0.00000   -0.00023    0.00000
|3S^CV(3->3')>                   -0.10486   -0.00000   -0.00000   -0.00006    0.00000
|3S^CV(2->2')>                   -0.32153    0.00000   -0.00000   -0.00132    0.00000
|3S^CV(2->3')>                    0.06217   -0.00423    0.00000    0.00009   -0.00000
|3S^CV(1->1')>                   -0.28500    0.00000   -0.00000    0.00058   -0.00000
|3X^CV(3->1')>                   -0.24376    0.00000   -0.00000   -0.03813    0.00000
|3X^CV(3->3')>                   -0.26338    0.00000   -0.00000    0.00570   -0.00000
|3X^CV(1->1')>                   -0.10935   -0.00000   -0.00000   -0.00396    0.00000
|3X^CV(1->3')>                    0.24376   -0.00000    0.00000    0.03606   -0.00000
|3^ZCV0(3->2')>                   0.25253   -0.00238    0.00000    0.01074   -0.00000
|3^ZCV0(2->1')>                   0.13624   -0.00352    0.00000   -0.00551   -0.00000
|3^ZCV0(2->3')>                   0.19756    0.00186    0.00000    0.01244   -0.00000
|3^ZCV0'(6->2')>                 -0.19756   -0.00186   -0.00000   -0.01373    0.00000
|3^ZCV0'(5->3')>                 -0.25253    0.00238   -0.00000   -0.01329    0.00000
|3^ZCV0'(4->2')>                  0.13624    0.00352    0.00000    0.00672    0.00000
|3^CSD(2,1)>                      0.30440    0.00000    0.00000    0.00425   -0.00000
|3^SVD(1,2)>                      0.30440   -0.00000    0.00000   -0.00202    0.00000
TDMs with Triplet 'Ground' state
TDMX:0.000   TDMY:0.000   TDMZ:-0.000   Oscillator Strength:0.00000   <S**2>: 2.000
--------------------------------------------------------------------
TDMs with Singlet 'Ground' state
TDMX:0.000   TDMY:0.000   TDMZ:0.000   Oscillator Strength:0.00000   <S**2>: 2.000
--------------------------------------------------------------------


State 87 9.621 eV
Excitation                         CI Coef       TDM X       TDM Y       TDM Z       |TDM|
|3^CS(1->0)>                     -0.05550   -0.00674   -0.00000    0.00390   -0.00003
|3^SV(0->1')>                     0.05550   -0.00674    0.00000    0.00458   -0.00004
|3T^CV(3->3')>                    0.08558    0.00000    0.00000   -0.01222    0.00009
|3T^CV(2->2')>                   -0.09162   -0.00000   -0.00000   -0.04207    0.00033
|3T^CV(1->1')>                   -0.11688   -0.00000   -0.00000   -0.18729    0.00145
|3X^CV(3->1')>                    0.63128   -0.00000    0.00000    0.09874   -0.00076
|3X^CV(1->3')>                    0.63128   -0.00000    0.00000    0.09338   -0.00072
|3^ZCV0(2->1')>                   0.18130   -0.00468    0.00000   -0.00733    0.00006
|3^ZCV0(2->3')>                  -0.18101   -0.00170   -0.00000   -0.01140    0.00009
|3^ZCV0'(6->2')>                 -0.18101   -0.00170   -0.00000   -0.01258    0.00010
|3^ZCV0'(4->2')>                 -0.18130   -0.00468   -0.00000   -0.00895    0.00007
|3^CSD(3,2)>                     -0.10171    0.00000   -0.00000    0.00556   -0.00004
|3^SVD(2,3)>                     -0.10171    0.00000   -0.00000    0.00527   -0.00004
TDMs with Triplet 'Ground' state
TDMX:0.000   TDMY:0.000   TDMZ:-0.033   Oscillator Strength:0.00025   <S**2>: 2.000
--------------------------------------------------------------------
TDMs with Singlet 'Ground' state
TDMX:0.000   TDMY:0.000   TDMZ:0.000   Oscillator Strength:0.00000   <S**2>: 2.000
--------------------------------------------------------------------


State 88 9.629 eV
Excitation                         CI Coef       TDM X       TDM Y       TDM Z       |TDM|
|1^CS(3->0')>                     0.10040   -0.00244    0.00000    0.01504   -0.00000
|1^SV(0'->3')>                    0.10040    0.00244    0.00000   -0.01206    0.00000
|1S^CV(3->1')>                   -0.07868   -0.01600   -0.00000   -0.00193   -0.00000
|1S^CV(3->2')>                   -0.11647    0.00481   -0.00000    0.00846    0.00000
|1S^CV(2->1')>                    0.27669   -0.05040    0.00000    0.03585   -0.00000
|1S^CV(2->3')>                    0.11647   -0.00481    0.00000   -0.00847   -0.00000
|1S^CV(1->2')>                    0.27669    0.05040    0.00000   -0.03615    0.00000
|1S^CV(1->3')>                   -0.07868    0.01600   -0.00000    0.00187    0.00000
|1^ZCV0(3->1')>                  -0.26144    0.00734   -0.00000   -0.03610    0.00000
|1^ZCV0(3->3')>                  -0.16087    0.00003   -0.00000    0.01211    0.00000
|1^ZCV0(2->2')>                  -0.05948    0.00559   -0.00000   -0.03180    0.00000
|1^ZCV0(1->3')>                  -0.30813   -0.00866   -0.00000    0.01349   -0.00000
|1^ZCV0'(3->1')>                  0.30813    0.00866    0.00000   -0.01228    0.00000
|1^ZCV0'(3->3')>                 -0.16087   -0.00003   -0.00000   -0.01220   -0.00000
|1^ZCV0'(2->2')>                 -0.05948   -0.00559   -0.00000    0.03162   -0.00000
|1^ZCV0'(1->3')>                  0.26144   -0.00734    0.00000    0.03362   -0.00000
|1^CSD_(3,3)>                     0.08180    0.00000    0.00000    0.00766    0.00000
|1^CSD_(3,1)>                     0.22054    0.00000    0.00000   -0.02346   -0.00000
|1^CSD_(1,1)>                     0.36598    0.00000    0.00000    0.03464    0.00000
|1^SVD_(1',1')>                  -0.36598   -0.00000   -0.00000   -0.03454   -0.00000
|1^SVD_(1',3')>                   0.22054   -0.00000    0.00000    0.02673    0.00000
|1^SVD_(3',3')>                  -0.08180   -0.00000   -0.00000   -0.00767   -0.00000
TDMs with Triplet 'Ground' state
TDMX:0.000   TDMY:0.000   TDMZ:0.000   Oscillator Strength:0.00000   <S**2>: 0.000
--------------------------------------------------------------------
TDMs with Singlet 'Ground' state
TDMX:0.000   TDMY:0.000   TDMZ:0.000   Oscillator Strength:0.00000   <S**2>: 0.000
--------------------------------------------------------------------


State 89 9.695 eV
Excitation                         CI Coef       TDM X       TDM Y       TDM Z       |TDM|
|3^CS(2->0)>                     -0.05691   -0.07652   -0.00000   -0.00608    0.00000
|3^CS(3->0')>                    -0.13701    0.01420   -0.00000   -0.00011   -0.00000
|3^CS(1->0')>                     0.05862   -0.07354    0.00000   -0.00040    0.00000
|3^SV(0->2')>                     0.05691    0.07652    0.00000    0.00594   -0.00000
|3^SV(0'->1')>                   -0.05862    0.07354   -0.00000    0.00047   -0.00000
|3^SV(0'->3')>                   -0.13701   -0.01420   -0.00000   -0.00000    0.00000
|3T^CV(3->2')>                   -0.29494    0.09417   -0.00000    0.00000   -0.00000
|3T^CV(2->3')>                    0.29494   -0.09417    0.00000   -0.00000    0.00000
|3S^CV(3->2')>                    0.34612    0.02356    0.00000   -0.00129   -0.00000
|3S^CV(3->3')>                    0.05966    0.00000    0.00000    0.00004    0.00000
|3S^CV(2->1')>                    0.20544    0.03841    0.00000    0.00181   -0.00000
|3S^CV(2->3')>                    0.34612   -0.02356    0.00000    0.00050    0.00000
|3S^CV(1->2')>                   -0.20544   -0.03841   -0.00000   -0.00124    0.00000
|3X^CV(3->2')>                   -0.31889    0.04487   -0.00000    0.00000   -0.00000
|3X^CV(2->1')>                   -0.19927    0.00253   -0.00000    0.00000   -0.00000
|3X^CV(2->3')>                   -0.31889   -0.04487   -0.00000   -0.00000    0.00000
|3X^CV(1->2')>                    0.19927   -0.00253    0.00000   -0.00000    0.00000
|3^ZCV0(3->1')>                   0.06743    0.00845    0.00000   -0.00027   -0.00000
|3^ZCV0(3->3')>                   0.21595    0.00691    0.00000   -0.00002   -0.00000
|3^ZCV0(1->1')>                   0.05848   -0.00542    0.00000    0.00002    0.00000
|3^ZCV0(1->3')>                  -0.13318    0.01066   -0.00000    0.00025   -0.00000
|3^ZCV0'(6->1')>                 -0.13318   -0.01066   -0.00000   -0.00052    0.00000
|3^ZCV0'(6->3')>                 -0.21595   -0.00691   -0.00000   -0.00002    0.00000
|3^ZCV0'(4->1')>                 -0.05848    0.00542   -0.00000    0.00002   -0.00000
|3^ZCV0'(4->3')>                  0.06743   -0.00845    0.00000    0.00013    0.00000
TDMs with Triplet 'Ground' state
TDMX:-0.000   TDMY:0.000   TDMZ:0.000   Oscillator Strength:0.00000   <S**2>: 2.000
--------------------------------------------------------------------
TDMs with Singlet 'Ground' state
TDMX:0.000   TDMY:0.000   TDMZ:0.000   Oscillator Strength:0.00000   <S**2>: 2.000
--------------------------------------------------------------------


State 90 9.772 eV
Excitation                         CI Coef       TDM X       TDM Y       TDM Z       |TDM|
|1^CS(3->0)>                      0.06970   -0.01751    0.00000   -0.00101   -0.00002
|1^CS(1->0)>                     -0.08632    0.10237   -0.00000   -0.00102    0.00014
|1^CS(2->0')>                    -0.09426   -0.11331   -0.00000    0.00879   -0.00015
|1^SV(0->1')>                     0.09213   -0.10926    0.00000    0.00158   -0.00015
|1^SV(0->3')>                     0.05886    0.01479    0.00000    0.00068    0.00002
|1^SV(0'->2')>                   -0.07769    0.09340   -0.00000   -0.00652    0.00013
|1S^CV(3->1')>                    0.46144    0.09384    0.00000    0.01134    0.00013
|1S^CV(3->2')>                   -0.05812    0.00240   -0.00000    0.00422    0.00000
|1S^CV(2->3')>                    0.06102   -0.00252    0.00000   -0.00444   -0.00000
|1S^CV(1->3')>                    0.49387   -0.10044    0.00000   -0.01176   -0.00014
|1T^CV(3->1')>                   -0.12496   -0.00077   -0.00000   -0.00000   -0.00000
|1T^CV(3->3')>                   -0.38748   -0.00000   -0.00000    0.00000    0.00000
|1T^CV(1->3')>                    0.09605    0.00059    0.00000    0.00000    0.00000
|1^ZCV0(3->1')>                  -0.06374    0.00179   -0.00000   -0.00880    0.00000
|1^ZCV0(3->2')>                  -0.33298    0.06643   -0.00000   -0.00334    0.00009
|1^ZCV0(2->1')>                  -0.05399    0.05109   -0.00000    0.00097    0.00007
|1^ZCV0(2->3')>                   0.10902   -0.01087    0.00000    0.00110   -0.00001
|1^ZCV0(1->2')>                   0.09260    0.03449    0.00000    0.00167    0.00005
|1^ZCV0(1->3')>                  -0.06822   -0.00192   -0.00000    0.00299   -0.00000
|1^ZCV0'(3->1')>                  0.06374    0.00179    0.00000   -0.00254    0.00000
|1^ZCV0'(3->2')>                  0.08779    0.00875    0.00000   -0.00088    0.00001
|1^ZCV0'(2->1')>                 -0.05079   -0.01892   -0.00000   -0.00091   -0.00003
|1^ZCV0'(2->3')>                 -0.33272   -0.06638   -0.00000    0.00334   -0.00009
|1^ZCV0'(1->2')>                  0.05501   -0.05206    0.00000   -0.00099   -0.00007
|1^ZCV0'(1->3')>                  0.06822   -0.00192    0.00000    0.00877   -0.00000
|1^CSD_(3,2)>                     0.13119   -0.01241    0.00000    0.00000   -0.00002
|1^SVD_(1',2')>                   0.06586   -0.01576    0.00000    0.00000   -0.00002
|1^SVD_(2',3')>                  -0.13591    0.01286   -0.00000   -0.00000    0.00002
TDMs with Triplet 'Ground' state
TDMX:0.000   TDMY:0.000   TDMZ:0.000   Oscillator Strength:0.00000   <S**2>: 0.000
--------------------------------------------------------------------
TDMs with Singlet 'Ground' state
TDMX:0.006   TDMY:0.000   TDMZ:0.000   Oscillator Strength:0.00001   <S**2>: 0.000
--------------------------------------------------------------------


State 91 9.847 eV
Excitation                         CI Coef       TDM X       TDM Y       TDM Z       |TDM|
|1^CS(1->0)>                     -0.18157    0.21532   -0.00000   -0.00214    0.00005
|1^CS(2->0')>                    -0.10015   -0.12040   -0.00000    0.00934   -0.00003
|1^SV(0->1')>                     0.17483   -0.20734    0.00000    0.00300   -0.00005
|1^SV(0'->2')>                   -0.09539    0.11468   -0.00000   -0.00800    0.00003
|1S^CV(3->1')>                    0.11438    0.02326    0.00000    0.00281    0.00001
|1S^CV(3->2')>                    0.08571   -0.00354    0.00000   -0.00622   -0.00000
|1S^CV(2->3')>                   -0.08798    0.00364   -0.00000    0.00640    0.00000
|1S^CV(1->3')>                    0.13139   -0.02672    0.00000   -0.00313   -0.00001
|1T^CV(3->1')>                   -0.24278   -0.00150   -0.00000   -0.00000   -0.00000
|1T^CV(2->2')>                   -0.31491   -0.00000   -0.00000   -0.00000   -0.00000
|1T^CV(1->1')>                   -0.25549   -0.00000   -0.00000   -0.00000   -0.00000
|1T^CV(1->3')>                    0.23136    0.00143    0.00000    0.00000    0.00000
|1^ZCV0(3->2')>                   0.20130   -0.04016    0.00000    0.00202   -0.00001
|1^ZCV0(2->1')>                  -0.11269    0.10663   -0.00000    0.00202    0.00002
|1^ZCV0(2->3')>                  -0.41660    0.04154   -0.00000   -0.00419    0.00001
|1^ZCV0(1->2')>                  -0.16108   -0.06000   -0.00000   -0.00291   -0.00001
|1^ZCV0'(3->2')>                 -0.41919   -0.04180   -0.00000    0.00420   -0.00001
|1^ZCV0'(2->1')>                  0.18363    0.06839    0.00000    0.00329    0.00002
|1^ZCV0'(2->3')>                  0.22031    0.04395    0.00000   -0.00221    0.00001
|1^ZCV0'(1->2')>                  0.12879   -0.12187    0.00000   -0.00232   -0.00003
|1^CSD_(3,2)>                     0.06782   -0.00642    0.00000    0.00000   -0.00000
|1^CSD_(2,1)>                     0.14817    0.03546    0.00000    0.00000    0.00001
|1^SVD_(1',2')>                   0.17280   -0.04136    0.00000    0.00000   -0.00001
TDMs with Triplet 'Ground' state
TDMX:0.000   TDMY:0.000   TDMZ:0.000   Oscillator Strength:0.00000   <S**2>: 0.000
--------------------------------------------------------------------
TDMs with Singlet 'Ground' state
TDMX:0.001   TDMY:0.000   TDMZ:0.000   Oscillator Strength:0.00000   <S**2>: 0.000
--------------------------------------------------------------------


State 92 9.905 eV
Excitation                         CI Coef       TDM X       TDM Y       TDM Z       |TDM|
|3^OS>                           -0.06347   -0.00000   -0.00000   -0.01244   -0.00000
|3^CS(3->0)>                     -0.11772   -0.00118   -0.00000   -0.00097   -0.00000
|3^CS(1->0)>                      0.09098    0.01105    0.00000   -0.00640   -0.00000
|3^CS(2->0')>                    -0.05651   -0.00735   -0.00000    0.06239    0.00000
|3^SV(0->1')>                     0.09098   -0.01105    0.00000    0.00751    0.00000
|3^SV(0->3')>                     0.11772    0.00118    0.00000   -0.00004   -0.00000
|3^SV(0'->2')>                   -0.05651    0.00735   -0.00000   -0.06099   -0.00000
|3T^CV(3->1')>                   -0.24312    0.00000   -0.00000   -0.04405   -0.00000
|3T^CV(1->3')>                   -0.24312   -0.00000   -0.00000    0.04384    0.00000
|3S^CV(3->1')>                    0.31132    0.00195    0.00000    0.00887    0.00000
|3S^CV(3->3')>                    0.09442    0.00000    0.00000    0.00006    0.00000
|3S^CV(2->2')>                    0.18413   -0.00000    0.00000    0.00075    0.00000
|3S^CV(1->1')>                    0.15117   -0.00000    0.00000   -0.00031   -0.00000
|3S^CV(1->3')>                   -0.31132   -0.00195   -0.00000   -0.00421   -0.00000
|3X^CV(2->2')>                   -0.05300    0.00000   -0.00000    0.00207    0.00000
|3X^CV(1->1')>                    0.12719    0.00000    0.00000    0.00461    0.00000
|3^ZCV0(3->2')>                   0.20225   -0.00190    0.00000    0.00860    0.00000
|3^ZCV0(2->3')>                   0.08668    0.00082    0.00000    0.00546    0.00000
|3^ZCV0(1->2')>                  -0.29430    0.00760   -0.00000   -0.02742   -0.00000
|3^ZCV0'(6->2')>                 -0.08668   -0.00082   -0.00000   -0.00602   -0.00000
|3^ZCV0'(5->1')>                 -0.29430   -0.00760   -0.00000    0.03069    0.00000
|3^ZCV0'(5->3')>                 -0.20225    0.00190   -0.00000   -0.01064   -0.00000
|3^CSD(3,2)>                      0.30809   -0.00000    0.00000   -0.01684   -0.00000
|3^CSD(2,1)>                     -0.18452   -0.00000   -0.00000   -0.00258   -0.00000
|3^SVD(1,2)>                     -0.18452    0.00000   -0.00000    0.00122    0.00000
|3^SVD(2,3)>                     -0.30809    0.00000   -0.00000    0.01596    0.00000
TDMs with Triplet 'Ground' state
TDMX:-0.000   TDMY:0.000   TDMZ:0.000   Oscillator Strength:0.00000   <S**2>: 2.000
--------------------------------------------------------------------
TDMs with Singlet 'Ground' state
TDMX:0.000   TDMY:0.000   TDMZ:0.000   Oscillator Strength:0.00000   <S**2>: 2.000
--------------------------------------------------------------------


State 93 9.915 eV
Excitation                         CI Coef       TDM X       TDM Y       TDM Z       |TDM|
|1^CS(2->0)>                      0.15908   -0.01851    0.00000   -0.15327   -0.00103
|1^CS(3->0')>                    -0.06610    0.00161   -0.00000   -0.00990   -0.00007
|1^SV(0->2')>                    -0.15908   -0.01851   -0.00000   -0.13794   -0.00093
|1^SV(0'->3')>                    0.06610    0.00161    0.00000   -0.00794   -0.00005
|1S^CV(3->1')>                   -0.10528   -0.02141   -0.00000   -0.00259   -0.00002
|1S^CV(3->2')>                   -0.06353    0.00263   -0.00000    0.00461    0.00003
|1S^CV(2->1')>                    0.09584   -0.01746    0.00000    0.01242    0.00008
|1S^CV(2->2')>                    0.06363    0.04329    0.00000    0.00937    0.00006
|1S^CV(2->3')>                   -0.06353    0.00263   -0.00000    0.00462    0.00003
|1S^CV(1->2')>                   -0.09584   -0.01746   -0.00000    0.01252    0.00008
|1S^CV(1->3')>                    0.10528   -0.02141    0.00000   -0.00251   -0.00002
|1T^CV(3->2')>                    0.05417    0.00000    0.00000    0.00064    0.00000
|1T^CV(2->3')>                   -0.05417    0.00000   -0.00000   -0.00113   -0.00001
|1^ZCV0(3->1')>                  -0.44291    0.01244   -0.00000   -0.06116   -0.00041
|1^ZCV0(3->3')>                  -0.07522    0.00001   -0.00000    0.00566    0.00004
|1^ZCV0(2->2')>                   0.23032   -0.02165    0.00000    0.12313    0.00083
|1^ZCV0(1->3')>                   0.31923    0.00897    0.00000   -0.01398   -0.00009
|1^ZCV0'(3->1')>                  0.31923    0.00897    0.00000   -0.01272   -0.00009
|1^ZCV0'(3->3')>                  0.07522    0.00001    0.00000    0.00570    0.00004
|1^ZCV0'(2->2')>                 -0.23032   -0.02165   -0.00000    0.12243    0.00083
|1^ZCV0'(1->3')>                 -0.44291    0.01244   -0.00000   -0.05696   -0.00038
|1^CSD_(3,3)>                     0.13407    0.00000    0.00000    0.01256    0.00008
|1^CSD_(3,1)>                    -0.08890   -0.00000   -0.00000    0.00945    0.00006
|1^CSD_(2,2)>                     0.12579    0.00000    0.00000    0.05913    0.00040
|1^CSD_(1,1)>                    -0.19541   -0.00000   -0.00000   -0.01850   -0.00012
|1^SVD_(1',1')>                  -0.19541   -0.00000   -0.00000   -0.01844   -0.00012
|1^SVD_(1',3')>                   0.08890   -0.00000    0.00000    0.01078    0.00007
|1^SVD_(2',2')>                   0.12579    0.00000    0.00000    0.05909    0.00040
|1^SVD_(3',3')>                   0.13407    0.00000    0.00000    0.01258    0.00008
TDMs with Triplet 'Ground' state
TDMX:0.000   TDMY:0.000   TDMZ:0.000   Oscillator Strength:0.00000   <S**2>: 0.000
--------------------------------------------------------------------
TDMs with Singlet 'Ground' state
TDMX:0.000   TDMY:0.000   TDMZ:0.029   Oscillator Strength:0.00020   <S**2>: 0.000
--------------------------------------------------------------------


State 94 10.002 eV
Excitation                         CI Coef       TDM X       TDM Y       TDM Z       |TDM|
|1^CS(1->0)>                      0.09071   -0.10757    0.00000    0.00107   -0.00165
|1^CS(2->0')>                    -0.17281   -0.20775   -0.00000    0.01611   -0.00318
|1^SV(0->1')>                     0.09290   -0.11017    0.00000    0.00159   -0.00169
|1^SV(0'->2')>                    0.18054   -0.21704    0.00000    0.01515   -0.00332
|1S^CV(3->2')>                    0.07960   -0.00329    0.00000   -0.00578   -0.00005
|1S^CV(3->3')>                   -0.06690   -0.00008   -0.00000    0.00140   -0.00000
|1S^CV(2->2')>                    0.55942    0.38062    0.00000    0.08239    0.00582
|1S^CV(2->3')>                    0.07672   -0.00317    0.00000   -0.00558   -0.00005
|1T^CV(3->1')>                   -0.06216   -0.00038   -0.00000   -0.00000   -0.00001
|1T^CV(1->3')>                   -0.07340   -0.00045   -0.00000   -0.00000   -0.00001
|1^ZCV0(3->2')>                   0.14823   -0.02957    0.00000    0.00149   -0.00045
|1^ZCV0(2->1')>                  -0.10938    0.10350   -0.00000    0.00196    0.00158
|1^ZCV0(2->2')>                  -0.07728    0.00726   -0.00000   -0.04131    0.00011
|1^ZCV0(2->3')>                   0.41668   -0.04155    0.00000    0.00419   -0.00064
|1^ZCV0(1->2')>                   0.20266    0.07548    0.00000    0.00366    0.00115
|1^ZCV0'(3->2')>                 -0.42804   -0.04268   -0.00000    0.00429   -0.00065
|1^ZCV0'(2->1')>                  0.20510    0.07639    0.00000    0.00367    0.00117
|1^ZCV0'(2->2')>                  0.07728    0.00726    0.00000   -0.04108    0.00011
|1^ZCV0'(2->3')>                 -0.13873   -0.02768   -0.00000    0.00139   -0.00042
|1^ZCV0'(1->2')>                 -0.12414    0.11747   -0.00000    0.00224    0.00180
|1^CSD_(2,1)>                     0.14105    0.03376    0.00000    0.00000    0.00052
|1^SVD_(1',2')>                  -0.16598    0.03972   -0.00000   -0.00000    0.00061
|1^SVD_(2',3')>                  -0.05190    0.00491   -0.00000   -0.00000    0.00008
TDMs with Triplet 'Ground' state
TDMX:0.000   TDMY:0.000   TDMZ:0.000   Oscillator Strength:0.00000   <S**2>: 0.000
--------------------------------------------------------------------
TDMs with Singlet 'Ground' state
TDMX:0.066   TDMY:0.000   TDMZ:0.000   Oscillator Strength:0.00100   <S**2>: 0.000
--------------------------------------------------------------------


State 95 10.134 eV
Excitation                         CI Coef       TDM X       TDM Y       TDM Z       |TDM|
|1^CS(2->0)>                      0.07602   -0.00884    0.00000   -0.07324    0.00000
|1^CS(3->0')>                     0.06269   -0.00152    0.00000    0.00939   -0.00000
|1^CS(1->0')>                    -0.07419    0.00851   -0.00000    0.00903   -0.00000
|1^SV(0->2')>                     0.07602    0.00884    0.00000    0.06591   -0.00000
|1^SV(0'->1')>                    0.07419   -0.00851    0.00000   -0.01315    0.00000
|1^SV(0'->3')>                    0.06269    0.00152    0.00000   -0.00753    0.00000
|1S^CV(3->2')>                    0.20969   -0.00867    0.00000   -0.01522    0.00000
|1S^CV(2->1')>                    0.15137   -0.02757    0.00000    0.01961   -0.00000
|1S^CV(2->3')>                   -0.20969    0.00867   -0.00000    0.01525   -0.00000
|1S^CV(1->2')>                    0.15137    0.02757    0.00000   -0.01978    0.00000
|1T^CV(3->2')>                    0.37802    0.00000    0.00000    0.00444   -0.00000
|1T^CV(2->1')>                    0.08475   -0.00000    0.00000   -0.02086    0.00000
|1T^CV(2->3')>                    0.37802   -0.00000    0.00000    0.00788   -0.00000
|1T^CV(1->2')>                   -0.08475    0.00000   -0.00000    0.01777   -0.00000
|1^ZCV0(3->1')>                  -0.27663    0.00777   -0.00000   -0.03820    0.00000
|1^ZCV0(3->3')>                   0.10318   -0.00002    0.00000   -0.00777    0.00000
|1^ZCV0(2->2')>                   0.09731   -0.00915    0.00000    0.05202   -0.00000
|1^ZCV0(1->1')>                   0.16339   -0.01126    0.00000    0.16771   -0.00000
|1^ZCV0(1->3')>                   0.20129    0.00565    0.00000   -0.00881    0.00000
|1^ZCV0'(3->1')>                 -0.20129   -0.00565   -0.00000    0.00802   -0.00000
|1^ZCV0'(3->3')>                  0.10318    0.00002    0.00000    0.00782   -0.00000
|1^ZCV0'(2->2')>                  0.09731    0.00915    0.00000   -0.05173    0.00000
|1^ZCV0'(1->1')>                  0.16339    0.01126    0.00000   -0.16608    0.00000
|1^ZCV0'(1->3')>                  0.27663   -0.00777    0.00000    0.03558   -0.00000
|1^CSD_(3,3)>                    -0.10368   -0.00000   -0.00000   -0.00971    0.00000
|1^CSD_(3,1)>                    -0.22378   -0.00000   -0.00000    0.02380   -0.00000
|1^CSD_(2,2)>                    -0.18769   -0.00000   -0.00000   -0.08823    0.00000
|1^CSD_(1,1)>                     0.06849    0.00000    0.00000    0.00648   -0.00000
|1^SVD_(1',1')>                  -0.06849   -0.00000   -0.00000   -0.00646    0.00000
|1^SVD_(1',3')>                  -0.22378    0.00000   -0.00000   -0.02713    0.00000
|1^SVD_(2',2')>                   0.18769    0.00000    0.00000    0.08817   -0.00000
|1^SVD_(3',3')>                   0.10368    0.00000    0.00000    0.00973   -0.00000
TDMs with Triplet 'Ground' state
TDMX:0.000   TDMY:0.000   TDMZ:0.000   Oscillator Strength:0.00000   <S**2>: 0.000
--------------------------------------------------------------------
TDMs with Singlet 'Ground' state
TDMX:0.000   TDMY:0.000   TDMZ:-0.000   Oscillator Strength:0.00000   <S**2>: 0.000
--------------------------------------------------------------------


State 96 10.163 eV
Excitation                         CI Coef       TDM X       TDM Y       TDM Z       |TDM|
|3^CS(2->0)>                      0.12953    0.17417    0.00000    0.01384   -0.00000
|3^CS(3->0')>                     0.14041   -0.01455    0.00000    0.00011    0.00000
|3^CS(1->0')>                     0.07014   -0.08800    0.00000   -0.00048    0.00000
|3^SV(0->2')>                    -0.12953   -0.17417   -0.00000   -0.01353    0.00000
|3^SV(0'->1')>                   -0.07014    0.08800   -0.00000    0.00056   -0.00000
|3^SV(0'->3')>                    0.14041    0.01455    0.00000    0.00000   -0.00000
|3T^CV(3->2')>                    0.31382   -0.10020    0.00000   -0.00000    0.00000
|3T^CV(2->3')>                   -0.31382    0.10020   -0.00000    0.00000   -0.00000
|3S^CV(3->2')>                    0.37765    0.02571    0.00000   -0.00141   -0.00000
|3S^CV(2->1')>                    0.09648    0.01804    0.00000    0.00085   -0.00000
|3S^CV(2->3')>                    0.37765   -0.02571    0.00000    0.00054    0.00000
|3S^CV(1->2')>                   -0.09648   -0.01804   -0.00000   -0.00058    0.00000
|3X^CV(3->2')>                    0.08541   -0.01202    0.00000   -0.00000    0.00000
|3X^CV(2->3')>                    0.08541    0.01202    0.00000    0.00000   -0.00000
|3^ZCV0(3->1')>                  -0.07215   -0.00904   -0.00000    0.00028    0.00000
|3^ZCV0(3->2')>                  -0.05217    0.00049   -0.00000   -0.00222   -0.00000
|3^ZCV0(3->3')>                   0.08586    0.00275    0.00000   -0.00001   -0.00000
|3^ZCV0(2->2')>                  -0.15908    0.01094   -0.00000    0.00009   -0.00000
|3^ZCV0(2->3')>                  -0.05217   -0.00049   -0.00000   -0.00329   -0.00000
|3^ZCV0(1->1')>                  -0.12237    0.01133   -0.00000   -0.00003   -0.00000
|3^ZCV0(1->3')>                   0.23608   -0.01889    0.00000   -0.00044    0.00000
|3^ZCV0'(6->1')>                  0.23608    0.01889    0.00000    0.00093   -0.00000
|3^ZCV0'(6->2')>                  0.05217    0.00049    0.00000    0.00363    0.00000
|3^ZCV0'(6->3')>                 -0.08586   -0.00275   -0.00000   -0.00001    0.00000
|3^ZCV0'(5->2')>                  0.15908   -0.01094    0.00000    0.00009    0.00000
|3^ZCV0'(5->3')>                  0.05217   -0.00049    0.00000    0.00275    0.00000
|3^ZCV0'(4->1')>                  0.12237   -0.01133    0.00000   -0.00003    0.00000
|3^ZCV0'(4->3')>                 -0.07215    0.00904   -0.00000   -0.00013   -0.00000
|3^CSD(3,1)>                     -0.28338   -0.00012   -0.00000   -0.00000    0.00000
|3^SVD(1,3)>                     -0.28338    0.00012   -0.00000    0.00000   -0.00000
TDMs with Triplet 'Ground' state
TDMX:-0.000   TDMY:0.000   TDMZ:0.000   Oscillator Strength:0.00000   <S**2>: 2.000
--------------------------------------------------------------------
TDMs with Singlet 'Ground' state
TDMX:0.000   TDMY:0.000   TDMZ:0.000   Oscillator Strength:0.00000   <S**2>: 2.000
--------------------------------------------------------------------


State 97 10.303 eV
Excitation                         CI Coef       TDM X       TDM Y       TDM Z       |TDM|
|1^ZW+>                          -0.06374    0.00000   -0.00000    0.07918    0.00233
|1^CS(3->0')>                    -0.06557    0.00159   -0.00000   -0.00982   -0.00029
|1^SV(0'->3')>                    0.06557    0.00159    0.00000   -0.00788   -0.00023
|1S^CV(3->2')>                    0.21047   -0.00870    0.00000   -0.01528   -0.00045
|1S^CV(3->3')>                   -0.10940   -0.00013   -0.00000    0.00228    0.00007
|1S^CV(2->3')>                    0.21047   -0.00870    0.00000   -0.01531   -0.00045
|1T^CV(3->2')>                   -0.21089   -0.00000   -0.00000   -0.00248   -0.00007
|1T^CV(2->1')>                    0.12555   -0.00000    0.00000   -0.03090   -0.00091
|1T^CV(2->3')>                    0.21089   -0.00000    0.00000    0.00440    0.00013
|1T^CV(1->2')>                    0.12555   -0.00000    0.00000   -0.02632   -0.00078
|1^ZCV0(3->1')>                  -0.20233    0.00568   -0.00000   -0.02794   -0.00082
|1^ZCV0(3->3')>                  -0.39597    0.00007   -0.00000    0.02981    0.00088
|1^ZCV0(1->1')>                   0.08027   -0.00553    0.00000    0.08239    0.00243
|1^ZCV0(1->3')>                  -0.25481   -0.00716   -0.00000    0.01116    0.00033
|1^ZCV0'(3->1')>                 -0.25481   -0.00716   -0.00000    0.01015    0.00030
|1^ZCV0'(3->3')>                  0.39597    0.00007    0.00000    0.03003    0.00089
|1^ZCV0'(1->1')>                 -0.08027   -0.00553   -0.00000    0.08159    0.00241
|1^ZCV0'(1->3')>                 -0.20233    0.00568   -0.00000   -0.02602   -0.00077
|1^CSD_(3,3)>                    -0.08449   -0.00000   -0.00000   -0.00792   -0.00023
|1^CSD_(3,1)>                    -0.28997   -0.00000   -0.00000    0.03084    0.00091
|1^CSD_(2,2)>                    -0.11008   -0.00000   -0.00000   -0.05174   -0.00153
|1^CSD_(1,1)>                     0.08563    0.00000    0.00000    0.00811    0.00024
|1^SVD_(1',1')>                   0.08563    0.00000    0.00000    0.00808    0.00024
|1^SVD_(1',3')>                   0.28997   -0.00000    0.00000    0.03515    0.00104
|1^SVD_(2',2')>                  -0.11008   -0.00000   -0.00000   -0.05171   -0.00152
|1^SVD_(3',3')>                  -0.08449   -0.00000   -0.00000   -0.00793   -0.00023
TDMs with Triplet 'Ground' state
TDMX:0.000   TDMY:0.000   TDMZ:0.000   Oscillator Strength:0.00000   <S**2>: 0.000
--------------------------------------------------------------------
TDMs with Singlet 'Ground' state
TDMX:-0.000   TDMY:0.000   TDMZ:0.123   Oscillator Strength:0.00361   <S**2>: 0.000
--------------------------------------------------------------------


State 98 10.363 eV
Excitation                         CI Coef       TDM X       TDM Y       TDM Z       |TDM|
|3^CS(3->0)>                      0.06007    0.00060    0.00000    0.00049   -0.00002
|3^SV(0->3')>                     0.06007    0.00060    0.00000   -0.00002    0.00000
|3T^CV(3->1')>                    0.06988   -0.00000    0.00000    0.01266   -0.00054
|3T^CV(3->3')>                    0.60879    0.00000    0.00000   -0.08694    0.00370
|3T^CV(1->1')>                   -0.06219   -0.00000   -0.00000   -0.09965    0.00424
|3T^CV(1->3')>                   -0.06988   -0.00000   -0.00000    0.01260   -0.00054
|3S^CV(3->1')>                    0.26773    0.00167    0.00000    0.00763   -0.00032
|3S^CV(3->2')>                   -0.07038   -0.00479   -0.00000    0.00026   -0.00001
|3S^CV(2->3')>                    0.07038   -0.00479    0.00000    0.00010   -0.00000
|3S^CV(1->3')>                    0.26773    0.00167    0.00000    0.00362   -0.00015
|3X^CV(3->1')>                    0.10903   -0.00000    0.00000    0.01705   -0.00073
|3X^CV(1->3')>                    0.10903   -0.00000    0.00000    0.01613   -0.00069
|3^ZCV0(3->2')>                  -0.11349    0.00107   -0.00000   -0.00483    0.00021
|3^ZCV0(2->3')>                   0.39602    0.00372    0.00000    0.02494   -0.00106
|3^ZCV0'(6->2')>                  0.39602    0.00372    0.00000    0.02752   -0.00117
|3^ZCV0'(5->3')>                 -0.11349    0.00107   -0.00000   -0.00597    0.00025
|3^CSD(3,2)>                      0.15844   -0.00000    0.00000   -0.00866    0.00037
|3^CSD(2,1)>                      0.12107    0.00000    0.00000    0.00169   -0.00007
|3^SVD(1,2)>                     -0.12107    0.00000   -0.00000    0.00080   -0.00003
|3^SVD(2,3)>                      0.15844   -0.00000    0.00000   -0.00821    0.00035
TDMs with Triplet 'Ground' state
TDMX:-0.000   TDMY:0.000   TDMZ:-0.168   Oscillator Strength:0.00713   <S**2>: 2.000
--------------------------------------------------------------------
TDMs with Singlet 'Ground' state
TDMX:0.000   TDMY:0.000   TDMZ:0.000   Oscillator Strength:0.00000   <S**2>: 2.000
--------------------------------------------------------------------


State 99 10.400 eV
Excitation                         CI Coef       TDM X       TDM Y       TDM Z       |TDM|
|1S^CV(3->1')>                   -0.15368   -0.03125   -0.00000   -0.00378   -0.00123
|1S^CV(3->3')>                   -0.31940   -0.00039   -0.00000    0.00667   -0.00002
|1S^CV(2->2')>                    0.14245    0.09693    0.00000    0.02098    0.00380
|1S^CV(1->1')>                    0.41175    0.20541    0.00000    0.11619    0.00805
|1S^CV(1->3')>                    0.14486   -0.02946    0.00000   -0.00345   -0.00116
|1T^CV(3->1')>                    0.37466    0.00231    0.00000    0.00000    0.00009
|1T^CV(1->3')>                    0.33753    0.00208    0.00000    0.00000    0.00008
|1^ZCV0(3->2')>                  -0.29783    0.05942   -0.00000   -0.00299    0.00233
|1^ZCV0(2->1')>                   0.17444   -0.16507    0.00000   -0.00312   -0.00647
|1^ZCV0(1->1')>                  -0.05688    0.00392   -0.00000   -0.05838    0.00015
|1^ZCV0(1->2')>                   0.22595    0.08416    0.00000    0.00408    0.00330
|1^ZCV0'(2->1')>                  0.17291    0.06440    0.00000    0.00310    0.00253
|1^ZCV0'(2->3')>                  0.31219    0.06229    0.00000   -0.00314    0.00244
|1^ZCV0'(1->1')>                  0.05688    0.00392    0.00000   -0.05781    0.00015
|1^ZCV0'(1->2')>                  0.19957   -0.18885    0.00000   -0.00360   -0.00740
|1^CSD_(3,2)>                     0.13791   -0.01304    0.00000    0.00000   -0.00051
|1^CSD_(2,1)>                     0.07726    0.01849    0.00000    0.00000    0.00072
|1^SVD_(1',2')>                  -0.07227    0.01730   -0.00000   -0.00000    0.00068
|1^SVD_(2',3')>                   0.13887   -0.01314    0.00000    0.00000   -0.00051
TDMs with Triplet 'Ground' state
TDMX:0.000   TDMY:0.000   TDMZ:0.000   Oscillator Strength:0.00000   <S**2>: 0.000
--------------------------------------------------------------------
TDMs with Singlet 'Ground' state
TDMX:0.161   TDMY:0.000   TDMZ:0.000   Oscillator Strength:0.00633   <S**2>: 0.000
--------------------------------------------------------------------


State 100 10.546 eV
Excitation                         CI Coef       TDM X       TDM Y       TDM Z       |TDM|
|3^CS(2->0)>                     -0.07259   -0.09761   -0.00000   -0.00776    0.00125
|3^CS(3->0')>                    -0.05174    0.00536   -0.00000   -0.00004   -0.00007
|3^SV(0->2')>                    -0.07259   -0.09761   -0.00000   -0.00758    0.00125
|3^SV(0'->3')>                    0.05174    0.00536    0.00000    0.00000   -0.00007
|3T^CV(3->2')>                   -0.11121    0.03551   -0.00000    0.00000   -0.00045
|3T^CV(2->3')>                   -0.11121    0.03551   -0.00000    0.00000   -0.00045
|3S^CV(3->2')>                   -0.27430   -0.01868   -0.00000    0.00102    0.00024
|3S^CV(2->1')>                    0.33694    0.06299    0.00000    0.00297   -0.00081
|3S^CV(2->3')>                    0.27430   -0.01868    0.00000    0.00039    0.00024
|3S^CV(1->2')>                    0.33694    0.06299    0.00000    0.00204   -0.00081
|3X^CV(3->2')>                    0.10179   -0.01432    0.00000   -0.00000    0.00018
|3X^CV(2->1')>                   -0.06083    0.00077   -0.00000    0.00000   -0.00001
|3X^CV(2->3')>                   -0.10179   -0.01432   -0.00000   -0.00000    0.00018
|3X^CV(1->2')>                   -0.06083    0.00077   -0.00000    0.00000   -0.00001
|3^ZCV0(3->1')>                   0.29051    0.03639    0.00000   -0.00114   -0.00047
|3^ZCV0(3->3')>                  -0.12411   -0.00397   -0.00000    0.00001    0.00005
|3^ZCV0(2->2')>                   0.07757   -0.00533    0.00000   -0.00004    0.00007
|3^ZCV0(1->1')>                   0.08672   -0.00803    0.00000    0.00002    0.00010
|3^ZCV0(1->3')>                  -0.22343    0.01788   -0.00000    0.00042   -0.00023
|3^ZCV0'(6->1')>                  0.22343    0.01788    0.00000    0.00088   -0.00023
|3^ZCV0'(6->3')>                 -0.12411   -0.00397   -0.00000   -0.00001    0.00005
|3^ZCV0'(5->2')>                  0.07757   -0.00533    0.00000    0.00004    0.00007
|3^ZCV0'(4->1')>                  0.08672   -0.00803    0.00000   -0.00002    0.00010
|3^ZCV0'(4->3')>                 -0.29051    0.03639   -0.00000   -0.00054   -0.00047
|3^CSD(3,1)>                      0.32342    0.00014    0.00000    0.00000   -0.00000
|3^SVD(1,3)>                     -0.32342    0.00014   -0.00000    0.00000   -0.00000
TDMs with Triplet 'Ground' state
TDMX:-0.050   TDMY:0.000   TDMZ:-0.000   Oscillator Strength:0.00063   <S**2>: 2.000
--------------------------------------------------------------------
TDMs with Singlet 'Ground' state
TDMX:0.000   TDMY:0.000   TDMZ:0.000   Oscillator Strength:0.00000   <S**2>: 2.000
--------------------------------------------------------------------


State 101 10.576 eV
Excitation                         CI Coef       TDM X       TDM Y       TDM Z       |TDM|
|1S^CV(3->2')>                   -0.26658    0.01102   -0.00000    0.01935   -0.00000
|1S^CV(2->3')>                    0.26658   -0.01102    0.00000   -0.01939    0.00000
|1^ZCV0(3->1')>                  -0.06287    0.00177   -0.00000   -0.00868   -0.00000
|1^ZCV0(3->3')>                  -0.16345    0.00003   -0.00000    0.01230    0.00000
|1^ZCV0(2->2')>                   0.06685   -0.00628    0.00000    0.03574    0.00000
|1^ZCV0(1->1')>                   0.52343   -0.03607    0.00000    0.53726    0.00000
|1^ZCV0'(3->3')>                 -0.16345   -0.00003   -0.00000   -0.01239   -0.00000
|1^ZCV0'(2->2')>                  0.06685    0.00628    0.00000   -0.03554   -0.00000
|1^ZCV0'(1->1')>                  0.52343    0.03607    0.00000   -0.53203   -0.00000
|1^ZCV0'(1->3')>                  0.06287   -0.00177    0.00000    0.00809    0.00000
|1^CSD_(3,3)>                     0.14801    0.00000    0.00000    0.01387    0.00000
|1^CSD_(3,1)>                    -0.12142   -0.00000   -0.00000    0.01291    0.00000
|1^CSD_(2,2)>                     0.15089    0.00000    0.00000    0.07093    0.00000
|1^CSD_(1,1)>                    -0.23004   -0.00000   -0.00000   -0.02178   -0.00000
|1^SVD_(1',1')>                   0.23004    0.00000    0.00000    0.02171    0.00000
|1^SVD_(1',3')>                  -0.12142    0.00000   -0.00000   -0.01472   -0.00000
|1^SVD_(2',2')>                  -0.15089   -0.00000   -0.00000   -0.07088   -0.00000
|1^SVD_(3',3')>                  -0.14801   -0.00000   -0.00000   -0.01388   -0.00000
TDMs with Triplet 'Ground' state
TDMX:0.000   TDMY:0.000   TDMZ:0.000   Oscillator Strength:0.00000   <S**2>: 0.000
--------------------------------------------------------------------
TDMs with Singlet 'Ground' state
TDMX:-0.000   TDMY:0.000   TDMZ:0.000   Oscillator Strength:0.00000   <S**2>: 0.000
--------------------------------------------------------------------


State 102 10.719 eV
Excitation                         CI Coef       TDM X       TDM Y       TDM Z       |TDM|
|3^CS(1->0)>                     -0.08838   -0.01073   -0.00000    0.00622   -0.00007
|3^CS(2->0')>                    -0.10387   -0.01351   -0.00000    0.11469   -0.00127
|3^SV(0->1')>                     0.08838   -0.01073    0.00000    0.00730   -0.00008
|3^SV(0'->2')>                    0.10387   -0.01351    0.00000    0.11212   -0.00124
|3T^CV(3->1')>                   -0.09022    0.00000   -0.00000   -0.01635    0.00018
|3T^CV(3->3')>                    0.11887    0.00000    0.00000   -0.01698    0.00019
|3T^CV(2->2')>                   -0.08160   -0.00000   -0.00000   -0.03747    0.00041
|3T^CV(1->3')>                    0.09022    0.00000    0.00000   -0.01627    0.00018
|3S^CV(3->1')>                    0.18371    0.00115    0.00000    0.00523   -0.00006
|3S^CV(1->3')>                    0.18371    0.00115    0.00000    0.00248   -0.00003
|3X^CV(3->1')>                   -0.12114    0.00000   -0.00000   -0.01895    0.00021
|3X^CV(1->3')>                   -0.12114    0.00000   -0.00000   -0.01792    0.00020
|3^ZCV0(3->2')>                  -0.21471    0.00202   -0.00000   -0.00913    0.00010
|3^ZCV0(2->1')>                   0.13371   -0.00345    0.00000   -0.00541    0.00006
|3^ZCV0(2->3')>                  -0.38960   -0.00366   -0.00000   -0.02454    0.00027
|3^ZCV0(1->2')>                   0.16149   -0.00417    0.00000    0.01505   -0.00017
|3^ZCV0'(6->2')>                 -0.38960   -0.00366   -0.00000   -0.02707    0.00030
|3^ZCV0'(5->1')>                 -0.16149   -0.00417   -0.00000    0.01684   -0.00019
|3^ZCV0'(5->3')>                 -0.21471    0.00202   -0.00000   -0.01130    0.00013
|3^ZCV0'(4->2')>                 -0.13371   -0.00345   -0.00000   -0.00660    0.00007
|3^CSD(3,2)>                      0.39304   -0.00000    0.00000   -0.02149    0.00024
|3^CSD(2,1)>                      0.10852    0.00000    0.00000    0.00152   -0.00002
|3^SVD(1,2)>                     -0.10852    0.00000   -0.00000    0.00072   -0.00001
|3^SVD(2,3)>                      0.39304   -0.00000    0.00000   -0.02036    0.00023
TDMs with Triplet 'Ground' state
TDMX:-0.000   TDMY:0.000   TDMZ:-0.042   Oscillator Strength:0.00047   <S**2>: 2.000
--------------------------------------------------------------------
TDMs with Singlet 'Ground' state
TDMX:0.000   TDMY:0.000   TDMZ:0.000   Oscillator Strength:0.00000   <S**2>: 2.000
--------------------------------------------------------------------


State 103 10.821 eV
Excitation                         CI Coef       TDM X       TDM Y       TDM Z       |TDM|
|3^CS(2->0)>                      0.08411    0.11310    0.00000    0.00899   -0.00189
|3^CS(3->0')>                     0.07028   -0.00728    0.00000    0.00006    0.00012
|3^SV(0->2')>                     0.08411    0.11310    0.00000    0.00879   -0.00189
|3^SV(0'->3')>                   -0.07028   -0.00728   -0.00000   -0.00000    0.00012
|3T^CV(3->2')>                    0.18055   -0.05765    0.00000   -0.00000    0.00097
|3T^CV(2->3')>                    0.18055   -0.05765    0.00000   -0.00000    0.00097
|3S^CV(3->2')>                   -0.12342   -0.00840   -0.00000    0.00046    0.00014
|3S^CV(2->3')>                    0.12342   -0.00840    0.00000    0.00018    0.00014
|3X^CV(3->2')>                    0.60524   -0.08516    0.00000   -0.00000    0.00143
|3X^CV(2->3')>                   -0.60524   -0.08516   -0.00000   -0.00000    0.00143
|3^ZCV0(3->1')>                  -0.21756   -0.02725   -0.00000    0.00086    0.00046
|3^ZCV0(3->3')>                  -0.13829   -0.00442   -0.00000    0.00001    0.00007
|3^ZCV0'(6->3')>                 -0.13829   -0.00442   -0.00000   -0.00001    0.00007
|3^ZCV0'(4->3')>                  0.21756   -0.02725    0.00000    0.00041    0.00046
TDMs with Triplet 'Ground' state
TDMX:-0.063   TDMY:0.000   TDMZ:0.000   Oscillator Strength:0.00106   <S**2>: 2.000
--------------------------------------------------------------------
TDMs with Singlet 'Ground' state
TDMX:0.000   TDMY:0.000   TDMZ:0.000   Oscillator Strength:0.00000   <S**2>: 2.000
--------------------------------------------------------------------


State 104 10.878 eV
Excitation                         CI Coef       TDM X       TDM Y       TDM Z       |TDM|
|1^OS>                           -0.05982    0.00000   -0.00000   -0.00213    0.00000
|1^CS(3->0)>                     -0.06272    0.01576   -0.00000    0.00091    0.00012
|1^CS(1->0)>                     -0.05419    0.06426   -0.00000   -0.00064    0.00050
|1^CS(2->0')>                    -0.05063   -0.06086   -0.00000    0.00472   -0.00047
|1^SV(0->1')>                     0.08940   -0.10602    0.00000    0.00153   -0.00082
|1^SV(0->3')>                     0.05242    0.01317    0.00000    0.00061    0.00010
|1^SV(0'->2')>                   -0.05986    0.07197   -0.00000   -0.00502    0.00056
|1S^CV(3->1')>                   -0.29484   -0.05996   -0.00000   -0.00725   -0.00046
|1S^CV(1->3')>                   -0.06646    0.01352   -0.00000    0.00158    0.00010
|1T^CV(3->1')>                   -0.13662   -0.00084   -0.00000   -0.00000   -0.00001
|1T^CV(2->2')>                   -0.16943   -0.00000   -0.00000   -0.00000   -0.00000
|1T^CV(1->1')>                   -0.16351   -0.00000   -0.00000   -0.00000   -0.00000
|1T^CV(1->3')>                    0.31844    0.00196    0.00000    0.00000    0.00002
|1^ZCV0(3->2')>                  -0.17769    0.03545   -0.00000   -0.00178    0.00027
|1^ZCV0(2->1')>                   0.16180   -0.15311    0.00000   -0.00290   -0.00118
|1^ZCV0(1->2')>                  -0.34934   -0.13011   -0.00000   -0.00631   -0.00101
|1^ZCV0'(3->2')>                  0.11009    0.01098    0.00000   -0.00110    0.00008
|1^ZCV0'(2->1')>                  0.27835    0.10367    0.00000    0.00498    0.00080
|1^ZCV0'(2->3')>                 -0.26486   -0.05284   -0.00000    0.00266   -0.00041
|1^ZCV0'(1->2')>                 -0.20795    0.19678   -0.00000    0.00375    0.00152
|1^CSD_(2,1)>                    -0.32642   -0.07812   -0.00000   -0.00000   -0.00060
|1^SVD_(1',2')>                  -0.37397    0.08951   -0.00000   -0.00000    0.00069
|1^SVD_(2',3')>                  -0.25405    0.02403   -0.00000   -0.00000    0.00019
TDMs with Triplet 'Ground' state
TDMX:0.000   TDMY:0.000   TDMZ:0.000   Oscillator Strength:0.00000   <S**2>: 0.000
--------------------------------------------------------------------
TDMs with Singlet 'Ground' state
TDMX:0.030   TDMY:0.000   TDMZ:-0.000   Oscillator Strength:0.00023   <S**2>: 0.000
--------------------------------------------------------------------


State 105 10.918 eV
Excitation                         CI Coef       TDM X       TDM Y       TDM Z       |TDM|
|1^ZW+>                           0.15852   -0.00000    0.00000   -0.19692    0.00813
|1^CS(2->0)>                     -0.14045    0.01634   -0.00000    0.13532   -0.00559
|1^CS(3->0')>                    -0.12322    0.00300   -0.00000   -0.01846    0.00076
|1^CS(1->0')>                    -0.21573    0.02476   -0.00000    0.02626   -0.00108
|1^SV(0->2')>                     0.14045    0.01634    0.00000    0.12178   -0.00503
|1^SV(0'->1')>                   -0.21573    0.02476   -0.00000    0.03824   -0.00158
|1^SV(0'->3')>                    0.12322    0.00300    0.00000   -0.01480    0.00061
|1S^CV(2->1')>                   -0.34064    0.06205   -0.00000   -0.04414    0.00182
|1S^CV(1->2')>                    0.34064    0.06205    0.00000   -0.04451    0.00184
|1T^CV(3->2')>                    0.07437    0.00000    0.00000    0.00087   -0.00004
|1T^CV(2->1')>                   -0.31088    0.00000   -0.00000    0.07651   -0.00316
|1T^CV(2->3')>                   -0.07437    0.00000   -0.00000   -0.00155    0.00006
|1T^CV(1->2')>                   -0.31088    0.00000   -0.00000    0.06518   -0.00269
|1^ZCV0(3->1')>                  -0.10143    0.00285   -0.00000   -0.01401    0.00058
|1^ZCV0(3->3')>                  -0.06883    0.00001   -0.00000    0.00518   -0.00021
|1^ZCV0(2->2')>                  -0.14100    0.01325   -0.00000   -0.07538    0.00311
|1^ZCV0(1->1')>                  -0.15529    0.01070   -0.00000   -0.15939    0.00658
|1^ZCV0(1->3')>                   0.14352    0.00403    0.00000   -0.00628    0.00026
|1^ZCV0'(3->1')>                  0.14352    0.00403    0.00000   -0.00572    0.00024
|1^ZCV0'(3->3')>                  0.06883    0.00001    0.00000    0.00522   -0.00022
|1^ZCV0'(2->2')>                  0.14100    0.01325    0.00000   -0.07495    0.00310
|1^ZCV0'(1->1')>                  0.15529    0.01070    0.00000   -0.15784    0.00652
|1^ZCV0'(1->3')>                 -0.10143    0.00285   -0.00000   -0.01305    0.00054
|1^CSD_(3,3)>                    -0.14928   -0.00000   -0.00000   -0.01399    0.00058
|1^CSD_(3,1)>                    -0.11110   -0.00000   -0.00000    0.01182   -0.00049
|1^CSD_(2,2)>                     0.20646    0.00000    0.00000    0.09705   -0.00401
|1^CSD_(1,1)>                     0.14196    0.00000    0.00000    0.01344   -0.00056
|1^SVD_(1',1')>                   0.14196    0.00000    0.00000    0.01340   -0.00055
|1^SVD_(1',3')>                   0.11110   -0.00000    0.00000    0.01347   -0.00056
|1^SVD_(2',2')>                   0.20646    0.00000    0.00000    0.09698   -0.00401
|1^SVD_(3',3')>                  -0.14928   -0.00000   -0.00000   -0.01400    0.00058
TDMs with Triplet 'Ground' state
TDMX:0.000   TDMY:0.000   TDMZ:0.000   Oscillator Strength:0.00000   <S**2>: 0.000
--------------------------------------------------------------------
TDMs with Singlet 'Ground' state
TDMX:0.000   TDMY:0.000   TDMZ:-0.162   Oscillator Strength:0.00667   <S**2>: 0.000
--------------------------------------------------------------------


State 106 10.972 eV
Excitation                         CI Coef       TDM X       TDM Y       TDM Z       |TDM|
|1^CS(3->0')>                    -0.11771    0.00286   -0.00000   -0.01764   -0.00000
|1^CS(1->0')>                     0.06027   -0.00692    0.00000   -0.00734   -0.00000
|1^SV(0'->1')>                   -0.06027    0.00692   -0.00000    0.01068    0.00000
|1^SV(0'->3')>                   -0.11771   -0.00286   -0.00000    0.01414    0.00000
|1S^CV(3->2')>                    0.30236   -0.01250    0.00000   -0.02195   -0.00000
|1S^CV(2->1')>                   -0.08071    0.01470   -0.00000   -0.01046   -0.00000
|1S^CV(2->3')>                   -0.30236    0.01250   -0.00000    0.02199    0.00000
|1S^CV(1->2')>                   -0.08071   -0.01470   -0.00000    0.01055    0.00000
|1T^CV(3->2')>                   -0.20710   -0.00000   -0.00000   -0.00243   -0.00000
|1T^CV(2->1')>                   -0.17142    0.00000   -0.00000    0.04219    0.00000
|1T^CV(2->3')>                   -0.20710    0.00000   -0.00000   -0.00432   -0.00000
|1T^CV(1->2')>                    0.17142   -0.00000    0.00000   -0.03594   -0.00000
|1^ZCV0(3->1')>                  -0.14913    0.00419   -0.00000   -0.02059   -0.00000
|1^ZCV0(2->2')>                  -0.36289    0.03411   -0.00000   -0.19400   -0.00000
|1^ZCV0(1->1')>                   0.17533   -0.01208    0.00000    0.17996    0.00000
|1^ZCV0(1->3')>                  -0.08097   -0.00227   -0.00000    0.00355    0.00000
|1^ZCV0'(3->1')>                  0.08097    0.00227    0.00000   -0.00323   -0.00000
|1^ZCV0'(2->2')>                 -0.36289   -0.03411   -0.00000    0.19290    0.00000
|1^ZCV0'(1->1')>                  0.17533    0.01208    0.00000   -0.17821   -0.00000
|1^ZCV0'(1->3')>                  0.14913   -0.00419    0.00000    0.01918    0.00000
|1^CSD_(3,3)>                     0.19479    0.00000    0.00000    0.01825    0.00000
|1^CSD_(2,2)>                    -0.27183   -0.00000   -0.00000   -0.12778   -0.00000
|1^CSD_(1,1)>                    -0.05162   -0.00000   -0.00000   -0.00489   -0.00000
|1^SVD_(1',1')>                   0.05162    0.00000    0.00000    0.00487    0.00000
|1^SVD_(2',2')>                   0.27183    0.00000    0.00000    0.12769    0.00000
|1^SVD_(3',3')>                  -0.19479   -0.00000   -0.00000   -0.01827   -0.00000
TDMs with Triplet 'Ground' state
TDMX:0.000   TDMY:0.000   TDMZ:0.000   Oscillator Strength:0.00000   <S**2>: 0.000
--------------------------------------------------------------------
TDMs with Singlet 'Ground' state
TDMX:-0.000   TDMY:0.000   TDMZ:0.000   Oscillator Strength:0.00000   <S**2>: 0.000
--------------------------------------------------------------------


State 107 11.000 eV
Excitation                         CI Coef       TDM X       TDM Y       TDM Z       |TDM|
|3T^CV(3->1')>                   -0.05537    0.00000   -0.00000   -0.01003   -0.00000
|3T^CV(1->3')>                   -0.05537   -0.00000   -0.00000    0.00998    0.00000
|3S^CV(3->1')>                    0.21326    0.00133    0.00000    0.00607    0.00000
|3S^CV(2->2')>                    0.14456   -0.00000    0.00000    0.00059    0.00000
|3S^CV(1->1')>                    0.13605   -0.00000    0.00000   -0.00027   -0.00000
|3S^CV(1->3')>                   -0.21326   -0.00133   -0.00000   -0.00288   -0.00000
|3X^CV(3->3')>                    0.30660   -0.00000    0.00000   -0.00663   -0.00000
|3X^CV(2->2')>                   -0.18005    0.00000   -0.00000    0.00702    0.00000
|3X^CV(1->1')>                    0.12131    0.00000    0.00000    0.00439    0.00000
|3^ZCV0(2->1')>                   0.37102   -0.00958    0.00000   -0.01500   -0.00000
|3^ZCV0(1->2')>                   0.36292   -0.00937    0.00000    0.03382    0.00000
|3^ZCV0'(5->1')>                  0.36292    0.00937    0.00000   -0.03785   -0.00000
|3^ZCV0'(4->2')>                  0.37102    0.00958    0.00000    0.01831    0.00000
|3^CSD(3,2)>                      0.13139   -0.00000    0.00000   -0.00718   -0.00000
|3^CSD(2,1)>                      0.25401    0.00000    0.00000    0.00355    0.00000
|3^SVD(1,2)>                      0.25401   -0.00000    0.00000   -0.00168   -0.00000
|3^SVD(2,3)>                     -0.13139    0.00000   -0.00000    0.00681    0.00000
TDMs with Triplet 'Ground' state
TDMX:0.000   TDMY:0.000   TDMZ:0.000   Oscillator Strength:0.00000   <S**2>: 2.000
--------------------------------------------------------------------
TDMs with Singlet 'Ground' state
TDMX:0.000   TDMY:0.000   TDMZ:0.000   Oscillator Strength:0.00000   <S**2>: 2.000
--------------------------------------------------------------------


State 108 11.034 eV
Excitation                         CI Coef       TDM X       TDM Y       TDM Z       |TDM|
|1^OS>                            0.05859   -0.00000    0.00000    0.00208   -0.00000
|1^CS(3->0)>                      0.07596   -0.01908    0.00000   -0.00110   -0.00008
|1^SV(0->1')>                     0.05116   -0.06067    0.00000    0.00088   -0.00025
|1^SV(0->3')>                     0.21509    0.05403    0.00000    0.00250    0.00023
|1S^CV(3->1')>                   -0.21719   -0.04417   -0.00000   -0.00534   -0.00018
|1S^CV(3->3')>                    0.06394    0.00008    0.00000   -0.00133    0.00000
|1S^CV(1->3')>                    0.10580   -0.02152    0.00000   -0.00252   -0.00009
|1T^CV(3->1')>                    0.21331    0.00132    0.00000    0.00000    0.00001
|1T^CV(3->3')>                    0.31196    0.00000    0.00000   -0.00000    0.00000
|1T^CV(2->2')>                    0.09652    0.00000    0.00000    0.00000    0.00000
|1T^CV(1->1')>                    0.16003    0.00000    0.00000    0.00000    0.00000
|1T^CV(1->3')>                   -0.09935   -0.00061   -0.00000   -0.00000   -0.00000
|1^ZCV0(3->2')>                  -0.10858    0.02166   -0.00000   -0.00109    0.00009
|1^ZCV0(2->3')>                  -0.37217    0.03711   -0.00000   -0.00374    0.00015
|1^ZCV0(1->2')>                   0.15748    0.05865    0.00000    0.00284    0.00024
|1^ZCV0'(3->2')>                 -0.23434   -0.02337   -0.00000    0.00235   -0.00010
|1^ZCV0'(2->1')>                 -0.28118   -0.10473   -0.00000   -0.00503   -0.00044
|1^ZCV0'(2->3')>                 -0.24095   -0.04807   -0.00000    0.00242   -0.00020
|1^ZCV0'(1->2')>                 -0.06304    0.05965   -0.00000    0.00114    0.00025
|1^CSD_(3,2)>                     0.26491   -0.02506    0.00000    0.00000   -0.00010
|1^SVD_(2',3')>                  -0.48664    0.04603   -0.00000   -0.00000    0.00019
TDMs with Triplet 'Ground' state
TDMX:0.000   TDMY:0.000   TDMZ:0.000   Oscillator Strength:0.00000   <S**2>: 0.000
--------------------------------------------------------------------
TDMs with Singlet 'Ground' state
TDMX:0.016   TDMY:0.000   TDMZ:-0.000   Oscillator Strength:0.00007   <S**2>: 0.000
--------------------------------------------------------------------


State 109 11.095 eV
Excitation                         CI Coef       TDM X       TDM Y       TDM Z       |TDM|
|1^CS(3->0)>                      0.16298   -0.04094    0.00000   -0.00236    0.00015
|1^CS(1->0)>                     -0.05714    0.06777   -0.00000   -0.00067   -0.00026
|1^SV(0->3')>                    -0.05643   -0.01418   -0.00000   -0.00066    0.00005
|1S^CV(3->1')>                    0.28459    0.05788    0.00000    0.00700   -0.00022
|1S^CV(3->3')>                   -0.06628   -0.00008   -0.00000    0.00138    0.00000
|1S^CV(2->2')>                   -0.06116   -0.04161   -0.00000   -0.00901    0.00016
|1S^CV(1->1')>                   -0.06175   -0.03081   -0.00000   -0.01743    0.00012
|1S^CV(1->3')>                   -0.46396    0.09436   -0.00000    0.01105   -0.00036
|1T^CV(3->1')>                   -0.26868   -0.00166   -0.00000   -0.00000    0.00001
|1T^CV(3->3')>                    0.11316    0.00000    0.00000   -0.00000   -0.00000
|1T^CV(1->3')>                   -0.24346   -0.00150   -0.00000   -0.00000    0.00001
|1^ZCV0(3->2')>                  -0.38149    0.07611   -0.00000   -0.00383   -0.00029
|1^ZCV0(2->1')>                   0.16994   -0.16081    0.00000   -0.00304    0.00061
|1^ZCV0(1->2')>                   0.18086    0.06736    0.00000    0.00326   -0.00025
|1^ZCV0(1->3')>                   0.06409    0.00180    0.00000   -0.00281   -0.00001
|1^ZCV0'(3->2')>                 -0.14619   -0.01458   -0.00000    0.00147    0.00005
|1^ZCV0'(2->1')>                  0.18796    0.07001    0.00000    0.00336   -0.00026
|1^ZCV0'(2->3')>                  0.08234    0.01643    0.00000   -0.00083   -0.00006
|1^ZCV0'(1->2')>                  0.05674   -0.05370    0.00000   -0.00102    0.00020
|1^ZCV0'(1->3')>                 -0.06409    0.00180   -0.00000   -0.00824   -0.00001
|1^CSD_(3,2)>                     0.42781   -0.04046    0.00000    0.00000    0.00015
|1^CSD_(2,1)>                    -0.18741   -0.04486   -0.00000   -0.00000    0.00017
|1^SVD_(1',2')>                  -0.05782    0.01384   -0.00000   -0.00000   -0.00005
|1^SVD_(2',3')>                   0.05812   -0.00550    0.00000    0.00000    0.00002
TDMs with Triplet 'Ground' state
TDMX:0.000   TDMY:0.000   TDMZ:0.000   Oscillator Strength:0.00000   <S**2>: 0.000
--------------------------------------------------------------------
TDMs with Singlet 'Ground' state
TDMX:-0.014   TDMY:0.000   TDMZ:-0.000   Oscillator Strength:0.00005   <S**2>: 0.000
--------------------------------------------------------------------


State 110 11.194 eV
Excitation                         CI Coef       TDM X       TDM Y       TDM Z       |TDM|
|1^ZW->                           0.09092    0.00000    0.00000    0.01655    0.00000
|1^CS(3->0')>                    -0.17541    0.00426   -0.00000   -0.02628   -0.00000
|1^SV(0'->3')>                   -0.17541   -0.00426   -0.00000    0.02107    0.00000
|1S^CV(3->2')>                   -0.08382    0.00346   -0.00000    0.00609    0.00000
|1S^CV(2->1')>                   -0.16719    0.03046   -0.00000   -0.02166    0.00000
|1S^CV(2->3')>                    0.08382   -0.00346    0.00000   -0.00610   -0.00000
|1S^CV(1->2')>                   -0.16719   -0.03046   -0.00000    0.02185   -0.00000
|1T^CV(3->2')>                   -0.28400   -0.00000   -0.00000   -0.00334   -0.00000
|1T^CV(2->1')>                   -0.10741    0.00000   -0.00000    0.02644    0.00000
|1T^CV(2->3')>                   -0.28400    0.00000   -0.00000   -0.00592   -0.00000
|1T^CV(1->2')>                    0.10741   -0.00000    0.00000   -0.02252   -0.00000
|1^ZCV0(3->1')>                  -0.34578    0.00971   -0.00000   -0.04775   -0.00000
|1^ZCV0(2->2')>                   0.14303   -0.01344    0.00000    0.07646    0.00000
|1^ZCV0(1->1')>                  -0.07890    0.00544   -0.00000   -0.08098   -0.00000
|1^ZCV0'(2->2')>                  0.14303    0.01344    0.00000   -0.07603   -0.00000
|1^ZCV0'(1->1')>                 -0.07890   -0.00544   -0.00000    0.08019    0.00000
|1^ZCV0'(1->3')>                  0.34578   -0.00971    0.00000    0.04447    0.00000
|1^CSD_(3,3)>                    -0.16649   -0.00000   -0.00000   -0.01560   -0.00000
|1^CSD_(3,1)>                    -0.30726   -0.00000   -0.00000    0.03268    0.00000
|1^CSD_(2,2)>                     0.14848    0.00000    0.00000    0.06980    0.00000
|1^CSD_(1,1)>                     0.20622    0.00000    0.00000    0.01952    0.00000
|1^SVD_(1',1')>                  -0.20622   -0.00000   -0.00000   -0.01946   -0.00000
|1^SVD_(1',3')>                  -0.30726    0.00000   -0.00000   -0.03725   -0.00000
|1^SVD_(2',2')>                  -0.14848   -0.00000   -0.00000   -0.06975   -0.00000
|1^SVD_(3',3')>                   0.16649    0.00000    0.00000    0.01562    0.00000
TDMs with Triplet 'Ground' state
TDMX:0.000   TDMY:0.000   TDMZ:0.000   Oscillator Strength:0.00000   <S**2>: 0.000
--------------------------------------------------------------------
TDMs with Singlet 'Ground' state
TDMX:0.000   TDMY:0.000   TDMZ:0.000   Oscillator Strength:0.00000   <S**2>: 0.000
--------------------------------------------------------------------


State 111 11.547 eV
Excitation                         CI Coef       TDM X       TDM Y       TDM Z       |TDM|
|3^CS(3->0)>                      0.09854    0.00099    0.00000    0.00081    0.00002
|3^SV(0->3')>                     0.09854    0.00099    0.00000   -0.00003   -0.00000
|3T^CV(3->3')>                   -0.74565   -0.00000   -0.00000    0.10649    0.00219
|3T^CV(2->2')>                    0.05121    0.00000    0.00000    0.02351    0.00048
|3S^CV(3->1')>                    0.18755    0.00117    0.00000    0.00534    0.00011
|3S^CV(3->2')>                   -0.06571   -0.00447   -0.00000    0.00024    0.00001
|3S^CV(2->3')>                    0.06571   -0.00447    0.00000    0.00009    0.00000
|3S^CV(1->3')>                    0.18755    0.00117    0.00000    0.00253    0.00005
|3X^CV(3->1')>                    0.15138   -0.00000    0.00000    0.02368    0.00049
|3X^CV(1->3')>                    0.15138   -0.00000    0.00000    0.02239    0.00046
|3^ZCV0(3->2')>                  -0.26583    0.00250   -0.00000   -0.01131   -0.00023
|3^ZCV0(2->3')>                   0.20988    0.00197    0.00000    0.01322    0.00027
|3^ZCV0(1->2')>                   0.08138   -0.00210    0.00000    0.00758    0.00016
|3^ZCV0'(6->2')>                  0.20988    0.00197    0.00000    0.01459    0.00030
|3^ZCV0'(5->1')>                 -0.08138   -0.00210   -0.00000    0.00849    0.00017
|3^ZCV0'(5->3')>                 -0.26583    0.00250   -0.00000   -0.01399   -0.00029
|3^CSD(3,2)>                      0.11126   -0.00000    0.00000   -0.00608   -0.00012
|3^CSD(2,1)>                      0.08708    0.00000    0.00000    0.00122    0.00003
|3^SVD(1,2)>                     -0.08708    0.00000   -0.00000    0.00058    0.00001
|3^SVD(2,3)>                      0.11126   -0.00000    0.00000   -0.00576   -0.00012
TDMs with Triplet 'Ground' state
TDMX:-0.000   TDMY:0.000   TDMZ:0.073   Oscillator Strength:0.00149   <S**2>: 2.000
--------------------------------------------------------------------
TDMs with Singlet 'Ground' state
TDMX:0.000   TDMY:0.000   TDMZ:0.000   Oscillator Strength:0.00000   <S**2>: 2.000
--------------------------------------------------------------------


State 112 11.564 eV
Excitation                         CI Coef       TDM X       TDM Y       TDM Z       |TDM|
|3^CS(3->0')>                    -0.07410    0.00768   -0.00000   -0.00006   -0.00000
|3^SV(0'->3')>                   -0.07410   -0.00768   -0.00000   -0.00000    0.00000
|3T^CV(3->2')>                   -0.08733    0.02788   -0.00000    0.00000   -0.00000
|3T^CV(2->3')>                    0.08733   -0.02788    0.00000   -0.00000    0.00000
|3S^CV(3->3')>                   -0.12785   -0.00000   -0.00000   -0.00008   -0.00000
|3X^CV(3->2')>                   -0.06533    0.00919   -0.00000    0.00000   -0.00000
|3X^CV(2->1')>                   -0.06022    0.00076   -0.00000    0.00000   -0.00000
|3X^CV(2->3')>                   -0.06533   -0.00919   -0.00000   -0.00000    0.00000
|3X^CV(1->2')>                    0.06022   -0.00076    0.00000   -0.00000    0.00000
|3^ZCV0(3->1')>                  -0.18201   -0.02280   -0.00000    0.00072    0.00000
|3^ZCV0(3->3')>                  -0.46276   -0.01481   -0.00000    0.00004    0.00000
|3^ZCV0(2->2')>                   0.11570   -0.00796    0.00000   -0.00007    0.00000
|3^ZCV0(1->1')>                  -0.07934    0.00735   -0.00000   -0.00002   -0.00000
|3^ZCV0(1->3')>                  -0.20065    0.01605   -0.00000    0.00037   -0.00000
|3^ZCV0'(6->1')>                 -0.20065   -0.01605   -0.00000   -0.00079    0.00000
|3^ZCV0'(6->3')>                  0.46276    0.01481    0.00000    0.00004   -0.00000
|3^ZCV0'(5->2')>                 -0.11570    0.00796   -0.00000   -0.00007   -0.00000
|3^ZCV0'(4->1')>                  0.07934   -0.00735    0.00000   -0.00002    0.00000
|3^ZCV0'(4->3')>                 -0.18201    0.02280   -0.00000   -0.00034   -0.00000
|3^CSD(3,1)>                     -0.40204   -0.00018   -0.00000   -0.00000    0.00000
|3^SVD(1,3)>                     -0.40204    0.00018   -0.00000    0.00000   -0.00000
TDMs with Triplet 'Ground' state
TDMX:-0.000   TDMY:0.000   TDMZ:0.000   Oscillator Strength:0.00000   <S**2>: 2.000
--------------------------------------------------------------------
TDMs with Singlet 'Ground' state
TDMX:0.000   TDMY:0.000   TDMZ:0.000   Oscillator Strength:0.00000   <S**2>: 2.000
--------------------------------------------------------------------


State 113 11.600 eV
Excitation                         CI Coef       TDM X       TDM Y       TDM Z       |TDM|
|1^ZW+>                           0.05692   -0.00000    0.00000   -0.07071   -0.00233
|1^CS(2->0)>                     -0.05072    0.00590   -0.00000    0.04887    0.00161
|1^CS(3->0')>                     0.12041   -0.00293    0.00000    0.01804    0.00060
|1^SV(0->2')>                     0.05072    0.00590    0.00000    0.04398    0.00145
|1^SV(0'->3')>                   -0.12041   -0.00293   -0.00000    0.01446    0.00048
|1S^CV(3->2')>                   -0.48164    0.01991   -0.00000    0.03497    0.00115
|1S^CV(3->3')>                   -0.07122   -0.00009   -0.00000    0.00149    0.00005
|1S^CV(2->3')>                   -0.48164    0.01991   -0.00000    0.03504    0.00116
|1T^CV(3->2')>                   -0.26964   -0.00000   -0.00000   -0.00317   -0.00010
|1T^CV(2->1')>                   -0.18137    0.00000   -0.00000    0.04464    0.00147
|1T^CV(2->3')>                    0.26964   -0.00000    0.00000    0.00562    0.00019
|1T^CV(1->2')>                   -0.18137    0.00000   -0.00000    0.03802    0.00126
|1^ZCV0(3->2')>                   0.06653   -0.01327    0.00000    0.00067    0.00002
|1^ZCV0(3->3')>                  -0.25777    0.00004   -0.00000    0.01940    0.00064
|1^ZCV0(2->2')>                  -0.11634    0.01093   -0.00000   -0.06219   -0.00205
|1^ZCV0(2->3')>                   0.06653   -0.00663    0.00000    0.00067    0.00002
|1^ZCV0(1->3')>                  -0.05230   -0.00147   -0.00000    0.00229    0.00008
|1^ZCV0'(3->1')>                 -0.05230   -0.00147   -0.00000    0.00208    0.00007
|1^ZCV0'(3->2')>                 -0.06653   -0.00663   -0.00000    0.00067    0.00002
|1^ZCV0'(3->3')>                  0.25777    0.00004    0.00000    0.01955    0.00065
|1^ZCV0'(2->2')>                  0.11634    0.01093    0.00000   -0.06184   -0.00204
|1^ZCV0'(2->3')>                 -0.06653   -0.01327   -0.00000    0.00067    0.00002
|1^CSD_(3,3)>                     0.16576    0.00000    0.00000    0.01553    0.00051
|1^CSD_(3,1)>                     0.13392    0.00000    0.00000   -0.01424   -0.00047
|1^SVD_(1',3')>                  -0.13392    0.00000   -0.00000   -0.01623   -0.00054
|1^SVD_(3',3')>                   0.16576    0.00000    0.00000    0.01555    0.00051
TDMs with Triplet 'Ground' state
TDMX:0.000   TDMY:0.000   TDMZ:0.000   Oscillator Strength:0.00000   <S**2>: 0.000
--------------------------------------------------------------------
TDMs with Singlet 'Ground' state
TDMX:-0.000   TDMY:0.000   TDMZ:0.121   Oscillator Strength:0.00400   <S**2>: 0.000
--------------------------------------------------------------------


State 114 11.660 eV
Excitation                         CI Coef       TDM X       TDM Y       TDM Z       |TDM|
|1^CS(3->0)>                      0.26590   -0.06680    0.00000   -0.00385    0.00307
|1^CS(1->0)>                     -0.05714    0.06776   -0.00000   -0.00067   -0.00312
|1^CS(2->0')>                     0.09336    0.11224    0.00000   -0.00870   -0.00517
|1^SV(0->3')>                    -0.24790   -0.06227   -0.00000   -0.00288    0.00287
|1^SV(0'->2')>                   -0.09054    0.10884   -0.00000   -0.00760   -0.00501
|1S^CV(3->1')>                    0.07683    0.01562    0.00000    0.00189   -0.00072
|1S^CV(3->2')>                    0.07164   -0.00296    0.00000   -0.00520    0.00014
|1S^CV(3->3')>                   -0.27280   -0.00033   -0.00000    0.00569    0.00002
|1S^CV(2->2')>                   -0.29973   -0.20393   -0.00000   -0.04414    0.00938
|1S^CV(2->3')>                    0.07450   -0.00308    0.00000   -0.00542    0.00014
|1S^CV(1->1')>                    0.12136    0.06054    0.00000    0.03425   -0.00279
|1S^CV(1->3')>                   -0.10058    0.02045   -0.00000    0.00240   -0.00094
|1T^CV(3->1')>                    0.26383    0.00163    0.00000    0.00000   -0.00007
|1T^CV(1->3')>                    0.25973    0.00160    0.00000    0.00000   -0.00007
|1^ZCV0(3->2')>                   0.16544   -0.03301    0.00000    0.00166    0.00152
|1^ZCV0(2->1')>                  -0.05244    0.04962   -0.00000    0.00094   -0.00228
|1^ZCV0(2->3')>                   0.28271   -0.02819    0.00000    0.00284    0.00130
|1^ZCV0(1->2')>                  -0.12559   -0.04678   -0.00000   -0.00227    0.00215
|1^ZCV0'(3->2')>                 -0.35319   -0.03522   -0.00000    0.00354    0.00162
|1^ZCV0'(2->1')>                 -0.14012   -0.05219   -0.00000   -0.00251    0.00240
|1^ZCV0'(2->3')>                 -0.25663   -0.05120   -0.00000    0.00258    0.00236
|1^ZCV0'(1->2')>                 -0.07211    0.06823   -0.00000    0.00130   -0.00314
|1^CSD_(3,2)>                     0.08845   -0.00837    0.00000    0.00000    0.00038
|1^CSD_(2,1)>                    -0.28282   -0.06769   -0.00000   -0.00000    0.00311
|1^SVD_(1',2')>                   0.25108   -0.06009    0.00000    0.00000    0.00277
TDMs with Triplet 'Ground' state
TDMX:0.000   TDMY:0.000   TDMZ:0.000   Oscillator Strength:0.00000   <S**2>: 0.000
--------------------------------------------------------------------
TDMs with Singlet 'Ground' state
TDMX:-0.168   TDMY:0.000   TDMZ:-0.000   Oscillator Strength:0.00773   <S**2>: 0.000
--------------------------------------------------------------------


State 115 11.740 eV
Excitation                         CI Coef       TDM X       TDM Y       TDM Z       |TDM|
|3^OS>                           -0.06881   -0.00000   -0.00000   -0.01349   -0.00000
|3^CS(3->0)>                      0.11069    0.00111    0.00000    0.00091    0.00000
|3^SV(0->3')>                    -0.11069   -0.00111   -0.00000    0.00004    0.00000
|3T^CV(3->1')>                    0.05341   -0.00000    0.00000    0.00968    0.00000
|3T^CV(1->3')>                    0.05341    0.00000    0.00000   -0.00963   -0.00000
|3S^CV(3->1')>                    0.19733    0.00123    0.00000    0.00562    0.00000
|3S^CV(2->2')>                    0.07470   -0.00000    0.00000    0.00031    0.00000
|3S^CV(1->1')>                    0.08613   -0.00000    0.00000   -0.00017   -0.00000
|3S^CV(1->3')>                   -0.19733   -0.00123   -0.00000   -0.00267   -0.00000
|3X^CV(3->3')>                   -0.84982    0.00000   -0.00000    0.01838    0.00000
|3X^CV(2->2')>                    0.18934   -0.00000    0.00000   -0.00738   -0.00000
|3X^CV(1->1')>                   -0.07760   -0.00000   -0.00000   -0.00281   -0.00000
|3^ZCV0(3->2')>                  -0.10491    0.00099   -0.00000   -0.00446   -0.00000
|3^ZCV0(2->1')>                   0.06935   -0.00179    0.00000   -0.00280   -0.00000
|3^ZCV0(2->3')>                  -0.09132   -0.00086   -0.00000   -0.00575   -0.00000
|3^ZCV0(1->2')>                   0.14819   -0.00383    0.00000    0.01381    0.00000
|3^ZCV0'(6->2')>                  0.09132    0.00086    0.00000    0.00635    0.00000
|3^ZCV0'(5->1')>                  0.14819    0.00383    0.00000   -0.01546   -0.00000
|3^ZCV0'(5->3')>                  0.10491   -0.00099    0.00000    0.00552    0.00000
|3^ZCV0'(4->2')>                  0.06935    0.00179    0.00000    0.00342    0.00000
|3^CSD(3,2)>                      0.05903   -0.00000    0.00000   -0.00323   -0.00000
|3^SVD(2,3)>                     -0.05903    0.00000   -0.00000    0.00306    0.00000
TDMs with Triplet 'Ground' state
TDMX:-0.000   TDMY:0.000   TDMZ:0.000   Oscillator Strength:0.00000   <S**2>: 2.000
--------------------------------------------------------------------
TDMs with Singlet 'Ground' state
TDMX:0.000   TDMY:0.000   TDMZ:0.000   Oscillator Strength:0.00000   <S**2>: 2.000
--------------------------------------------------------------------


State 116 11.812 eV
Excitation                         CI Coef       TDM X       TDM Y       TDM Z       |TDM|
|3^CS(3->0)>                      0.14610    0.00147    0.00000    0.00120    0.00001
|3^CS(1->0)>                     -0.05788   -0.00703   -0.00000    0.00407    0.00004
|3^SV(0->1')>                     0.05788   -0.00703    0.00000    0.00478    0.00005
|3^SV(0->3')>                     0.14610    0.00147    0.00000   -0.00005   -0.00000
|3T^CV(3->3')>                    0.18810    0.00000    0.00000   -0.02686   -0.00027
|3T^CV(1->1')>                    0.05573    0.00000    0.00000    0.08930    0.00090
|3S^CV(3->1')>                   -0.46400   -0.00290   -0.00000   -0.01322   -0.00013
|3S^CV(3->2')>                   -0.05052   -0.00344   -0.00000    0.00019    0.00000
|3S^CV(2->3')>                    0.05052   -0.00344    0.00000    0.00007    0.00000
|3S^CV(1->3')>                   -0.46400   -0.00290   -0.00000   -0.00627   -0.00006
|3X^CV(3->1')>                    0.08611   -0.00000    0.00000    0.01347    0.00014
|3X^CV(1->3')>                    0.08611   -0.00000    0.00000    0.01274    0.00013
|3^ZCV0(3->1')>                   0.06410    0.00803    0.00000   -0.00025   -0.00000
|3^ZCV0(3->2')>                  -0.35784    0.00337   -0.00000   -0.01522   -0.00015
|3^ZCV0(2->1')>                  -0.16650    0.00430   -0.00000    0.00673    0.00007
|3^ZCV0(1->2')>                   0.24895   -0.00643    0.00000    0.02320    0.00023
|3^ZCV0(1->3')>                   0.06410   -0.00513    0.00000   -0.00012   -0.00000
|3^ZCV0'(6->1')>                 -0.06410   -0.00513   -0.00000   -0.00025   -0.00000
|3^ZCV0'(5->1')>                 -0.24895   -0.00643   -0.00000    0.02596    0.00026
|3^ZCV0'(5->3')>                 -0.35784    0.00337   -0.00000   -0.01883   -0.00019
|3^ZCV0'(4->2')>                  0.16650    0.00430    0.00000    0.00822    0.00008
|3^ZCV0'(4->3')>                 -0.06410    0.00803   -0.00000   -0.00012   -0.00000
TDMs with Triplet 'Ground' state
TDMX:-0.000   TDMY:0.000   TDMZ:0.035   Oscillator Strength:0.00035   <S**2>: 2.000
--------------------------------------------------------------------
TDMs with Singlet 'Ground' state
TDMX:0.000   TDMY:0.000   TDMZ:0.000   Oscillator Strength:0.00000   <S**2>: 2.000
--------------------------------------------------------------------


State 117 11.844 eV
Excitation                         CI Coef       TDM X       TDM Y       TDM Z       |TDM|
|3^CS(3->0')>                    -0.11105    0.01151   -0.00000   -0.00009    0.00017
|3^SV(0'->3')>                    0.11105    0.01151    0.00000    0.00000    0.00017
|3T^CV(2->1')>                   -0.05250    0.03314   -0.00000   -0.00000    0.00048
|3T^CV(1->2')>                    0.05250    0.03314    0.00000   -0.00000    0.00048
|3S^CV(3->1')>                    0.05109    0.00032    0.00000    0.00146    0.00000
|3S^CV(3->2')>                   -0.38355   -0.02611   -0.00000    0.00143   -0.00038
|3S^CV(2->1')>                   -0.15289   -0.02858   -0.00000   -0.00135   -0.00042
|3S^CV(2->3')>                    0.38355   -0.02611    0.00000    0.00055   -0.00038
|3S^CV(1->2')>                   -0.15289   -0.02858   -0.00000   -0.00093   -0.00042
|3S^CV(1->3')>                    0.05109    0.00032    0.00000    0.00069    0.00000
|3X^CV(3->2')>                   -0.12654    0.01780   -0.00000    0.00000    0.00026
|3X^CV(2->3')>                    0.12654    0.01780    0.00000    0.00000    0.00026
|3^ZCV0(3->2')>                   0.05298   -0.00050    0.00000    0.00225   -0.00001
|3^ZCV0(3->3')>                  -0.23950   -0.00766   -0.00000    0.00002   -0.00011
|3^ZCV0(2->2')>                  -0.20220    0.01390   -0.00000    0.00011    0.00020
|3^ZCV0(2->3')>                  -0.05298   -0.00050   -0.00000   -0.00334   -0.00001
|3^ZCV0(1->1')>                  -0.21432    0.01985   -0.00000   -0.00006    0.00029
|3^ZCV0(1->3')>                   0.36602   -0.02928    0.00000   -0.00068   -0.00043
|3^ZCV0'(6->1')>                 -0.36602   -0.02928   -0.00000   -0.00144   -0.00043
|3^ZCV0'(6->2')>                 -0.05298   -0.00050   -0.00000   -0.00368   -0.00001
|3^ZCV0'(6->3')>                 -0.23950   -0.00766   -0.00000   -0.00002   -0.00011
|3^ZCV0'(5->2')>                 -0.20220    0.01390   -0.00000   -0.00011    0.00020
|3^ZCV0'(5->3')>                  0.05298   -0.00050    0.00000    0.00279   -0.00001
|3^ZCV0'(4->1')>                 -0.21432    0.01985   -0.00000    0.00006    0.00029
|3^CSD(3,1)>                      0.09969    0.00004    0.00000    0.00000    0.00000
|3^SVD(1,3)>                     -0.09969    0.00004   -0.00000    0.00000    0.00000
TDMs with Triplet 'Ground' state
TDMX:0.050   TDMY:0.000   TDMZ:-0.000   Oscillator Strength:0.00074   <S**2>: 2.000
--------------------------------------------------------------------
TDMs with Singlet 'Ground' state
TDMX:0.000   TDMY:0.000   TDMZ:0.000   Oscillator Strength:0.00000   <S**2>: 2.000
--------------------------------------------------------------------


State 118 11.850 eV
Excitation                         CI Coef       TDM X       TDM Y       TDM Z       |TDM|
|3T^CV(3->1')>                   -0.08266    0.00000   -0.00000   -0.01497    0.00000
|3T^CV(1->3')>                   -0.08266   -0.00000   -0.00000    0.01490   -0.00000
|3S^CV(3->3')>                    0.67409    0.00000    0.00000    0.00041   -0.00000
|3S^CV(2->2')>                   -0.06352    0.00000   -0.00000   -0.00026    0.00000
|3S^CV(1->1')>                    0.14492   -0.00000    0.00000   -0.00029    0.00000
|3X^CV(3->1')>                   -0.05501    0.00000   -0.00000   -0.00860    0.00000
|3X^CV(1->3')>                    0.05501   -0.00000    0.00000    0.00814   -0.00000
|3^ZCV0(3->2')>                   0.25664   -0.00241    0.00000    0.01092    0.00000
|3^ZCV0(3->3')>                  -0.09312   -0.00298   -0.00000    0.00001    0.00000
|3^ZCV0(2->3')>                  -0.22482   -0.00211   -0.00000   -0.01416    0.00000
|3^ZCV0'(6->2')>                  0.22482    0.00211    0.00000    0.01562   -0.00000
|3^ZCV0'(6->3')>                  0.09312    0.00298    0.00000    0.00001   -0.00000
|3^ZCV0'(5->3')>                 -0.25664    0.00241   -0.00000   -0.01350   -0.00000
|3^CSD(3,2)>                     -0.34762    0.00000   -0.00000    0.01900   -0.00000
|3^SVD(2,3)>                      0.34762   -0.00000    0.00000   -0.01801    0.00000
TDMs with Triplet 'Ground' state
TDMX:-0.000   TDMY:0.000   TDMZ:-0.000   Oscillator Strength:0.00000   <S**2>: 2.000
--------------------------------------------------------------------
TDMs with Singlet 'Ground' state
TDMX:0.000   TDMY:0.000   TDMZ:0.000   Oscillator Strength:0.00000   <S**2>: 2.000
--------------------------------------------------------------------


State 119 11.976 eV
Excitation                         CI Coef       TDM X       TDM Y       TDM Z       |TDM|
|1^CS(1->0)>                     -0.06523    0.07736   -0.00000   -0.00077   -0.00088
|1^SV(0->1')>                    -0.05325    0.06315   -0.00000   -0.00091   -0.00072
|1S^CV(3->1')>                   -0.43722   -0.08892   -0.00000   -0.01075    0.00101
|1S^CV(3->3')>                   -0.30760   -0.00037   -0.00000    0.00642    0.00000
|1S^CV(2->2')>                   -0.17902   -0.12180   -0.00000   -0.02637    0.00138
|1S^CV(1->1')>                   -0.16988   -0.08474   -0.00000   -0.04794    0.00096
|1S^CV(1->3')>                    0.38165   -0.07762    0.00000   -0.00909    0.00088
|1T^CV(3->1')>                   -0.27404   -0.00169   -0.00000   -0.00000    0.00002
|1T^CV(1->3')>                   -0.24123   -0.00149   -0.00000   -0.00000    0.00002
|1^ZCV0(3->1')>                   0.06040   -0.00170    0.00000    0.00834    0.00002
|1^ZCV0(3->2')>                  -0.20148    0.04020   -0.00000   -0.00202   -0.00046
|1^ZCV0(2->1')>                  -0.17584    0.16640   -0.00000    0.00315   -0.00189
|1^ZCV0(2->3')>                   0.17370   -0.01732    0.00000    0.00175    0.00020
|1^ZCV0(1->2')>                  -0.13875   -0.05168   -0.00000   -0.00250    0.00059
|1^ZCV0(1->3')>                  -0.05272   -0.00148   -0.00000    0.00231    0.00002
|1^ZCV0'(3->1')>                 -0.06040   -0.00170   -0.00000    0.00241    0.00002
|1^ZCV0'(3->2')>                 -0.14324   -0.01428   -0.00000    0.00144    0.00016
|1^ZCV0'(2->1')>                 -0.14966   -0.05574   -0.00000   -0.00268    0.00063
|1^ZCV0'(2->3')>                  0.16207    0.03233    0.00000   -0.00163   -0.00037
|1^ZCV0'(1->2')>                 -0.14632    0.13846   -0.00000    0.00264   -0.00157
|1^ZCV0'(1->3')>                  0.05272   -0.00148    0.00000    0.00678    0.00002
|1^CSD_(3,2)>                     0.26099   -0.02469    0.00000    0.00000    0.00028
|1^SVD_(2',3')>                   0.25313   -0.02394    0.00000    0.00000    0.00027
TDMs with Triplet 'Ground' state
TDMX:0.000   TDMY:0.000   TDMZ:0.000   Oscillator Strength:0.00000   <S**2>: 0.000
--------------------------------------------------------------------
TDMs with Singlet 'Ground' state
TDMX:-0.040   TDMY:0.000   TDMZ:-0.000   Oscillator Strength:0.00046   <S**2>: 0.000
--------------------------------------------------------------------


State 120 12.212 eV
Excitation                         CI Coef       TDM X       TDM Y       TDM Z       |TDM|
|1^CS(2->0)>                      0.05180   -0.00603    0.00000   -0.04991   -0.00219
|1^CS(3->0')>                     0.10471   -0.00255    0.00000    0.01569    0.00069
|1^SV(0->2')>                    -0.05180   -0.00603   -0.00000   -0.04491   -0.00197
|1^SV(0'->3')>                   -0.10471   -0.00255   -0.00000    0.01258    0.00055
|1S^CV(3->2')>                   -0.21613    0.00893   -0.00000    0.01569    0.00069
|1S^CV(2->1')>                   -0.20660    0.03764   -0.00000   -0.02677   -0.00117
|1S^CV(2->3')>                   -0.21613    0.00893   -0.00000    0.01572    0.00069
|1S^CV(1->2')>                    0.20660    0.03764    0.00000   -0.02700   -0.00118
|1T^CV(3->2')>                    0.46245    0.00000    0.00000    0.00543    0.00024
|1T^CV(2->1')>                    0.05856   -0.00000    0.00000   -0.01441   -0.00063
|1T^CV(2->3')>                   -0.46245    0.00000   -0.00000   -0.00964   -0.00042
|1T^CV(1->2')>                    0.05856   -0.00000    0.00000   -0.01228   -0.00054
|1^ZCV0(3->1')>                  -0.17123    0.00481   -0.00000   -0.02365   -0.00104
|1^ZCV0(2->2')>                   0.09675   -0.00909    0.00000    0.05172    0.00227
|1^ZCV0(1->1')>                   0.08416   -0.00580    0.00000    0.08639    0.00379
|1^ZCV0(1->3')>                  -0.34369   -0.00966   -0.00000    0.01505    0.00066
|1^ZCV0'(3->1')>                 -0.34369   -0.00966   -0.00000    0.01369    0.00060
|1^ZCV0'(2->2')>                 -0.09675   -0.00909   -0.00000    0.05143    0.00225
|1^ZCV0'(1->1')>                 -0.08416   -0.00580   -0.00000    0.08554    0.00375
|1^ZCV0'(1->3')>                 -0.17123    0.00481   -0.00000   -0.02202   -0.00097
|1^CSD_(3,3)>                    -0.06939   -0.00000   -0.00000   -0.00650   -0.00028
|1^CSD_(3,1)>                     0.05083    0.00000    0.00000   -0.00541   -0.00024
|1^SVD_(1',3')>                  -0.05083    0.00000   -0.00000   -0.00616   -0.00027
|1^SVD_(3',3')>                  -0.06939   -0.00000   -0.00000   -0.00651   -0.00029
TDMs with Triplet 'Ground' state
TDMX:0.000   TDMY:0.000   TDMZ:0.000   Oscillator Strength:0.00000   <S**2>: 0.000
--------------------------------------------------------------------
TDMs with Singlet 'Ground' state
TDMX:-0.000   TDMY:0.000   TDMZ:0.152   Oscillator Strength:0.00668   <S**2>: 0.000
--------------------------------------------------------------------


State 121 12.411 eV
Excitation                         CI Coef       TDM X       TDM Y       TDM Z       |TDM|
|1^OS>                           -0.05490    0.00000   -0.00000   -0.00195    0.00000
|1^CS(3->0)>                      0.15306   -0.03845    0.00000   -0.00222   -0.00024
|1^CS(2->0')>                     0.13102    0.15751    0.00000   -0.01221    0.00098
|1^SV(0->3')>                     0.16362    0.04110    0.00000    0.00190    0.00026
|1^SV(0'->2')>                    0.11017   -0.13245    0.00000    0.00924   -0.00082
|1S^CV(3->1')>                    0.32508    0.06611    0.00000    0.00799    0.00041
|1S^CV(3->3')>                   -0.06883   -0.00008   -0.00000    0.00144   -0.00000
|1S^CV(2->2')>                   -0.05363   -0.03649   -0.00000   -0.00790   -0.00023
|1S^CV(1->3')>                    0.33492   -0.06811    0.00000   -0.00798   -0.00042
|1T^CV(3->1')>                    0.12236    0.00075    0.00000    0.00000    0.00000
|1T^CV(2->2')>                    0.21666    0.00000    0.00000    0.00000    0.00000
|1T^CV(1->1')>                    0.19535    0.00000    0.00000    0.00000    0.00000
|1T^CV(1->3')>                   -0.17723   -0.00109   -0.00000   -0.00000   -0.00001
|1^ZCV0(3->2')>                   0.19921   -0.03975    0.00000    0.00200   -0.00025
|1^ZCV0(2->1')>                   0.29837   -0.28234    0.00000   -0.00534   -0.00176
|1^ZCV0(2->3')>                  -0.05835    0.00582   -0.00000   -0.00059    0.00004
|1^ZCV0(1->2')>                  -0.23793   -0.08862   -0.00000   -0.00429   -0.00055
|1^ZCV0'(3->2')>                 -0.12148   -0.01211   -0.00000    0.00122   -0.00008
|1^ZCV0'(2->1')>                  0.25556    0.09519    0.00000    0.00457    0.00059
|1^ZCV0'(2->3')>                  0.29841    0.05954    0.00000   -0.00300    0.00037
|1^ZCV0'(1->2')>                 -0.32649    0.30895   -0.00000    0.00589    0.00192
|1^CSD_(2,1)>                    -0.18736   -0.04484   -0.00000   -0.00000   -0.00028
|1^SVD_(1',2')>                  -0.19054    0.04560   -0.00000   -0.00000    0.00028
|1^SVD_(2',3')>                  -0.06268    0.00593   -0.00000   -0.00000    0.00004
TDMs with Triplet 'Ground' state
TDMX:0.000   TDMY:0.000   TDMZ:0.000   Oscillator Strength:0.00000   <S**2>: 0.000
--------------------------------------------------------------------
TDMs with Singlet 'Ground' state
TDMX:0.021   TDMY:0.000   TDMZ:0.000   Oscillator Strength:0.00013   <S**2>: 0.000
--------------------------------------------------------------------


State 122 12.415 eV
Excitation                         CI Coef       TDM X       TDM Y       TDM Z       |TDM|
|1^ZW->                           0.06481    0.00000    0.00000    0.01180    0.00000
|1^CS(2->0)>                      0.05635   -0.00656    0.00000   -0.05429   -0.00000
|1^CS(3->0')>                     0.09373   -0.00228    0.00000    0.01404    0.00000
|1^SV(0->2')>                     0.05635    0.00656    0.00000    0.04886    0.00000
|1^SV(0'->3')>                    0.09373    0.00228    0.00000   -0.01126   -0.00000
|1S^CV(3->2')>                   -0.23123    0.00956   -0.00000    0.01679    0.00000
|1S^CV(2->1')>                   -0.11100    0.02022   -0.00000   -0.01438    0.00000
|1S^CV(2->3')>                    0.23123   -0.00956    0.00000   -0.01682   -0.00000
|1S^CV(1->2')>                   -0.11100   -0.02022   -0.00000    0.01450   -0.00000
|1T^CV(2->1')>                    0.12978   -0.00000    0.00000   -0.03194   -0.00000
|1T^CV(1->2')>                   -0.12978    0.00000   -0.00000    0.02721    0.00000
|1^ZCV0(3->1')>                  -0.07608    0.00214   -0.00000   -0.01051   -0.00000
|1^ZCV0(3->3')>                  -0.23903    0.00004   -0.00000    0.01799    0.00000
|1^ZCV0(2->2')>                  -0.29456    0.02769   -0.00000   -0.15747   -0.00000
|1^ZCV0(1->1')>                  -0.17517    0.01207   -0.00000   -0.17979   -0.00000
|1^ZCV0(1->3')>                   0.39725    0.01116    0.00000   -0.01739    0.00000
|1^ZCV0'(3->1')>                 -0.39725   -0.01116   -0.00000    0.01583   -0.00000
|1^ZCV0'(3->3')>                 -0.23903   -0.00004   -0.00000   -0.01812   -0.00000
|1^ZCV0'(2->2')>                 -0.29456   -0.02769   -0.00000    0.15658    0.00000
|1^ZCV0'(1->1')>                 -0.17517   -0.01207   -0.00000    0.17804    0.00000
|1^ZCV0'(1->3')>                  0.07608   -0.00214    0.00000    0.00979    0.00000
|1^CSD_(3,3)>                     0.20123    0.00000    0.00000    0.01885    0.00000
|1^CSD_(2,2)>                    -0.06094   -0.00000   -0.00000   -0.02865   -0.00000
|1^CSD_(1,1)>                     0.10916    0.00000    0.00000    0.01033    0.00000
|1^SVD_(1',1')>                  -0.10916   -0.00000   -0.00000   -0.01030   -0.00000
|1^SVD_(2',2')>                   0.06094    0.00000    0.00000    0.02863    0.00000
|1^SVD_(3',3')>                  -0.20123   -0.00000   -0.00000   -0.01888   -0.00000
TDMs with Triplet 'Ground' state
TDMX:0.000   TDMY:0.000   TDMZ:0.000   Oscillator Strength:0.00000   <S**2>: 0.000
--------------------------------------------------------------------
TDMs with Singlet 'Ground' state
TDMX:0.000   TDMY:0.000   TDMZ:0.000   Oscillator Strength:0.00000   <S**2>: 0.000
--------------------------------------------------------------------


State 123 12.646 eV
Excitation                         CI Coef       TDM X       TDM Y       TDM Z       |TDM|
|1^ZW+>                          -0.06914    0.00000   -0.00000    0.08589   -0.00677
|1^CS(2->0)>                      0.12814   -0.01491    0.00000   -0.12346    0.00973
|1^CS(3->0')>                     0.07108   -0.00173    0.00000    0.01065   -0.00084
|1^SV(0->2')>                    -0.12814   -0.01491   -0.00000   -0.11111    0.00876
|1^SV(0'->3')>                   -0.07108   -0.00173   -0.00000    0.00854   -0.00067
|1S^CV(3->2')>                   -0.26360    0.01090   -0.00000    0.01914   -0.00151
|1S^CV(2->1')>                    0.12393   -0.02258    0.00000    0.01606   -0.00127
|1S^CV(2->3')>                   -0.26360    0.01090   -0.00000    0.01917   -0.00151
|1S^CV(1->2')>                   -0.12393   -0.02258   -0.00000    0.01619   -0.00128
|1T^CV(3->2')>                    0.12428    0.00000    0.00000    0.00146   -0.00012
|1T^CV(2->3')>                   -0.12428    0.00000   -0.00000   -0.00259    0.00020
|1^ZCV0(3->1')>                   0.19905   -0.00559    0.00000    0.02749   -0.00217
|1^ZCV0(1->1')>                  -0.12075    0.00832   -0.00000   -0.12393    0.00977
|1^ZCV0(1->3')>                   0.15699    0.00441    0.00000   -0.00687    0.00054
|1^ZCV0'(3->1')>                  0.15699    0.00441    0.00000   -0.00626    0.00049
|1^ZCV0'(1->1')>                  0.12075    0.00832    0.00000   -0.12273    0.00967
|1^ZCV0'(1->3')>                  0.19905   -0.00559    0.00000    0.02560   -0.00202
|1^CSD_(3,3)>                    -0.15076   -0.00000   -0.00000   -0.01412    0.00111
|1^CSD_(3,1)>                    -0.47940   -0.00000   -0.00000    0.05099   -0.00402
|1^CSD_(2,2)>                    -0.16354   -0.00000   -0.00000   -0.07687    0.00606
|1^CSD_(1,1)>                     0.10308    0.00000    0.00000    0.00976   -0.00077
|1^SVD_(1',1')>                   0.10308    0.00000    0.00000    0.00973   -0.00077
|1^SVD_(1',3')>                   0.47940   -0.00000    0.00000    0.05811   -0.00458
|1^SVD_(2',2')>                  -0.16354   -0.00000   -0.00000   -0.07682    0.00606
|1^SVD_(3',3')>                  -0.15076   -0.00000   -0.00000   -0.01414    0.00111
TDMs with Triplet 'Ground' state
TDMX:0.000   TDMY:0.000   TDMZ:0.000   Oscillator Strength:0.00000   <S**2>: 0.000
--------------------------------------------------------------------
TDMs with Singlet 'Ground' state
TDMX:-0.000   TDMY:0.000   TDMZ:-0.264   Oscillator Strength:0.02085   <S**2>: 0.000
--------------------------------------------------------------------


State 124 12.790 eV
Excitation                         CI Coef       TDM X       TDM Y       TDM Z       |TDM|
|1^CS(3->0)>                     -0.07718    0.01939   -0.00000    0.00112    0.00105
|1^CS(1->0)>                      0.08288   -0.09829    0.00000    0.00098   -0.00533
|1^CS(2->0')>                     0.05310    0.06384    0.00000   -0.00495    0.00346
|1^SV(0->1')>                     0.08284   -0.09824    0.00000    0.00142   -0.00532
|1^SV(0'->2')>                   -0.08121    0.09763   -0.00000   -0.00681    0.00529
|1S^CV(3->3')>                   -0.31894   -0.00039   -0.00000    0.00666   -0.00002
|1S^CV(2->2')>                   -0.27221   -0.18521   -0.00000   -0.04009   -0.01004
|1S^CV(1->3')>                   -0.10360    0.02107   -0.00000    0.00247    0.00114
|1T^CV(3->1')>                   -0.10056   -0.00062   -0.00000   -0.00000   -0.00003
|1T^CV(1->3')>                   -0.08024   -0.00049   -0.00000   -0.00000   -0.00003
|1^ZCV0(3->2')>                  -0.27075    0.05402   -0.00000   -0.00272    0.00293
|1^ZCV0(2->1')>                  -0.09749    0.09225   -0.00000    0.00175    0.00500
|1^ZCV0(2->3')>                   0.13410   -0.01337    0.00000    0.00135   -0.00072
|1^ZCV0(1->2')>                   0.13562    0.05051    0.00000    0.00245    0.00274
|1^ZCV0'(3->2')>                 -0.13712   -0.01367   -0.00000    0.00138   -0.00074
|1^ZCV0'(2->1')>                  0.05153    0.01919    0.00000    0.00092    0.00104
|1^ZCV0'(2->3')>                  0.22929    0.04575    0.00000   -0.00230    0.00248
|1^CSD_(3,2)>                    -0.53429    0.05054   -0.00000   -0.00000    0.00274
|1^CSD_(2,1)>                     0.08313    0.01990    0.00000    0.00000    0.00108
|1^SVD_(2',3')>                  -0.51722    0.04892   -0.00000   -0.00000    0.00265
TDMs with Triplet 'Ground' state
TDMX:0.000   TDMY:0.000   TDMZ:0.000   Oscillator Strength:0.00000   <S**2>: 0.000
--------------------------------------------------------------------
TDMs with Singlet 'Ground' state
TDMX:0.180   TDMY:0.000   TDMZ:-0.000   Oscillator Strength:0.00974   <S**2>: 0.000
--------------------------------------------------------------------


State 125 12.914 eV
Excitation                         CI Coef       TDM X       TDM Y       TDM Z       |TDM|
|3^CS(3->0')>                    -0.07930    0.00822   -0.00000   -0.00006   -0.00000
|3^SV(0'->3')>                   -0.07930   -0.00822   -0.00000   -0.00000    0.00000
|3T^CV(3->2')>                   -0.05726    0.01828   -0.00000    0.00000   -0.00000
|3T^CV(2->3')>                    0.05726   -0.01828    0.00000   -0.00000    0.00000
|3S^CV(3->2')>                    0.06161    0.00419    0.00000   -0.00023   -0.00000
|3S^CV(3->3')>                   -0.09426   -0.00000   -0.00000   -0.00006    0.00000
|3S^CV(2->1')>                    0.11645    0.02177    0.00000    0.00103   -0.00000
|3S^CV(2->3')>                    0.06161   -0.00419    0.00000    0.00009    0.00000
|3S^CV(1->2')>                   -0.11645   -0.02177   -0.00000   -0.00071    0.00000
|3X^CV(3->2')>                   -0.08131    0.01144   -0.00000    0.00000   -0.00000
|3X^CV(2->3')>                   -0.08131   -0.01144   -0.00000   -0.00000    0.00000
|3^ZCV0(3->1')>                   0.38643    0.04840    0.00000   -0.00152   -0.00000
|3^ZCV0(3->3')>                  -0.34117   -0.01092   -0.00000    0.00003    0.00000
|3^ZCV0(2->2')>                   0.07011   -0.00482    0.00000   -0.00004    0.00000
|3^ZCV0(1->1')>                  -0.10584    0.00980   -0.00000   -0.00003   -0.00000
|3^ZCV0(1->3')>                   0.39945   -0.03196    0.00000   -0.00075    0.00000
|3^ZCV0'(6->1')>                  0.39945    0.03196    0.00000    0.00157   -0.00000
|3^ZCV0'(6->3')>                  0.34117    0.01092    0.00000    0.00003   -0.00000
|3^ZCV0'(5->2')>                 -0.07011    0.00482   -0.00000   -0.00004   -0.00000
|3^ZCV0'(4->1')>                  0.10584   -0.00980    0.00000   -0.00003    0.00000
|3^ZCV0'(4->3')>                  0.38643   -0.04840    0.00000    0.00072    0.00000
|3^CSD(3,1)>                      0.12505    0.00006    0.00000    0.00000   -0.00000
|3^SVD(1,3)>                      0.12505   -0.00006    0.00000   -0.00000    0.00000
TDMs with Triplet 'Ground' state
TDMX:-0.000   TDMY:0.000   TDMZ:-0.000   Oscillator Strength:0.00000   <S**2>: 2.000
--------------------------------------------------------------------
TDMs with Singlet 'Ground' state
TDMX:0.000   TDMY:0.000   TDMZ:0.000   Oscillator Strength:0.00000   <S**2>: 2.000
--------------------------------------------------------------------


State 126 13.039 eV
Excitation                         CI Coef       TDM X       TDM Y       TDM Z       |TDM|
|1^CS(3->0)>                      0.12382   -0.03111    0.00000   -0.00180    0.00007
|1^SV(0->3')>                     0.11717    0.02943    0.00000    0.00136   -0.00007
|1S^CV(3->1')>                   -0.23351   -0.04749   -0.00000   -0.00574    0.00011
|1S^CV(1->3')>                   -0.22958    0.04669   -0.00000    0.00547   -0.00011
|1T^CV(3->1')>                    0.08759    0.00054    0.00000    0.00000   -0.00000
|1T^CV(3->3')>                   -0.79819   -0.00000   -0.00000    0.00000    0.00000
|1T^CV(2->2')>                    0.29350    0.00000    0.00000    0.00000   -0.00000
|1T^CV(1->1')>                   -0.11920   -0.00000   -0.00000   -0.00000    0.00000
|1T^CV(1->3')>                   -0.08213   -0.00051   -0.00000   -0.00000    0.00000
|1^ZCV0(3->2')>                   0.07925   -0.01581    0.00000    0.00079    0.00004
|1^ZCV0(2->3')>                  -0.20312    0.02025   -0.00000   -0.00204   -0.00005
|1^ZCV0'(3->2')>                 -0.19681   -0.01962   -0.00000    0.00197    0.00005
|1^ZCV0'(2->3')>                  0.06271    0.01251    0.00000   -0.00063   -0.00003
|1^CSD_(3,2)>                     0.06876   -0.00650    0.00000    0.00000    0.00002
TDMs with Triplet 'Ground' state
TDMX:0.000   TDMY:0.000   TDMZ:0.000   Oscillator Strength:0.00000   <S**2>: 0.000
--------------------------------------------------------------------
TDMs with Singlet 'Ground' state
TDMX:-0.008   TDMY:0.000   TDMZ:0.000   Oscillator Strength:0.00002   <S**2>: 0.000
--------------------------------------------------------------------


State 127 13.211 eV
Excitation                         CI Coef       TDM X       TDM Y       TDM Z       |TDM|
|1^CS(3->0')>                    -0.07499    0.00182   -0.00000   -0.01124    0.00015
|1^SV(0'->3')>                    0.07499    0.00182    0.00000   -0.00901    0.00012
|1S^CV(3->2')>                   -0.13604    0.00562   -0.00000    0.00988   -0.00013
|1S^CV(3->3')>                    0.13364    0.00016    0.00000   -0.00279    0.00004
|1S^CV(2->3')>                   -0.13604    0.00562   -0.00000    0.00990   -0.00013
|1T^CV(3->2')>                   -0.25129   -0.00000   -0.00000   -0.00295    0.00004
|1T^CV(2->3')>                    0.25129   -0.00000    0.00000    0.00524   -0.00007
|1^ZCV0(3->1')>                  -0.27766    0.00780   -0.00000   -0.03834    0.00052
|1^ZCV0(3->3')>                   0.48371   -0.00008    0.00000   -0.03641    0.00049
|1^ZCV0(2->2')>                  -0.05363    0.00504   -0.00000   -0.02867    0.00039
|1^ZCV0(1->3')>                  -0.20649   -0.00580   -0.00000    0.00904   -0.00012
|1^ZCV0'(3->1')>                 -0.20649   -0.00580   -0.00000    0.00823   -0.00011
|1^ZCV0'(3->3')>                 -0.48371   -0.00008   -0.00000   -0.03668    0.00050
|1^ZCV0'(2->2')>                  0.05363    0.00504    0.00000   -0.02851    0.00039
|1^ZCV0'(1->3')>                 -0.27766    0.00780   -0.00000   -0.03571    0.00048
|1^CSD_(3,3)>                    -0.08566   -0.00000   -0.00000   -0.00803    0.00011
|1^CSD_(3,1)>                    -0.17673   -0.00000   -0.00000    0.01880   -0.00025
|1^SVD_(1',3')>                   0.17673   -0.00000    0.00000    0.02142   -0.00029
|1^SVD_(3',3')>                  -0.08566   -0.00000   -0.00000   -0.00804    0.00011
TDMs with Triplet 'Ground' state
TDMX:0.000   TDMY:0.000   TDMZ:0.000   Oscillator Strength:0.00000   <S**2>: 0.000
--------------------------------------------------------------------
TDMs with Singlet 'Ground' state
TDMX:-0.000   TDMY:0.000   TDMZ:-0.043   Oscillator Strength:0.00058   <S**2>: 0.000
--------------------------------------------------------------------


State 128 13.313 eV
Excitation                         CI Coef       TDM X       TDM Y       TDM Z       |TDM|
|1^CS(3->0')>                    -0.05230    0.00127   -0.00000   -0.00783   -0.00000
|1^SV(0'->3')>                   -0.05230   -0.00127   -0.00000    0.00628    0.00000
|1S^CV(3->2')>                    0.24288   -0.01004    0.00000   -0.01763   -0.00000
|1S^CV(2->3')>                   -0.24288    0.01004   -0.00000    0.01767    0.00000
|1T^CV(2->1')>                   -0.07079    0.00000   -0.00000    0.01742    0.00000
|1T^CV(1->2')>                    0.07079   -0.00000    0.00000   -0.01484   -0.00000
|1^ZCV0(3->1')>                  -0.20461    0.00575   -0.00000   -0.02826   -0.00000
|1^ZCV0(2->2')>                   0.26893   -0.02528    0.00000    0.14377    0.00000
|1^ZCV0(1->3')>                   0.27051    0.00760    0.00000   -0.01184   -0.00000
|1^ZCV0'(3->1')>                 -0.27051   -0.00760   -0.00000    0.01078    0.00000
|1^ZCV0'(2->2')>                  0.26893    0.02528    0.00000   -0.14295   -0.00000
|1^ZCV0'(1->3')>                  0.20461   -0.00575    0.00000    0.02631    0.00000
|1^CSD_(3,3)>                     0.24051    0.00000    0.00000    0.02253    0.00000
|1^CSD_(3,1)>                     0.36638    0.00000    0.00000   -0.03897   -0.00000
|1^CSD_(2,2)>                     0.20147    0.00000    0.00000    0.09470    0.00000
|1^SVD_(1',3')>                   0.36638   -0.00000    0.00000    0.04441    0.00000
|1^SVD_(2',2')>                  -0.20147   -0.00000   -0.00000   -0.09464   -0.00000
|1^SVD_(3',3')>                  -0.24051   -0.00000   -0.00000   -0.02256   -0.00000
TDMs with Triplet 'Ground' state
TDMX:0.000   TDMY:0.000   TDMZ:0.000   Oscillator Strength:0.00000   <S**2>: 0.000
--------------------------------------------------------------------
TDMs with Singlet 'Ground' state
TDMX:-0.000   TDMY:0.000   TDMZ:0.000   Oscillator Strength:0.00000   <S**2>: 0.000
--------------------------------------------------------------------


State 129 13.712 eV
Excitation                         CI Coef       TDM X       TDM Y       TDM Z       |TDM|
|1^CS(2->0)>                      0.05886   -0.00685    0.00000   -0.05671    0.00000
|1^SV(0->2')>                     0.05886    0.00685    0.00000    0.05104   -0.00000
|1S^CV(3->2')>                    0.21189   -0.00876    0.00000   -0.01538    0.00000
|1S^CV(2->1')>                    0.05226   -0.00952    0.00000    0.00677   -0.00000
|1S^CV(2->3')>                   -0.21189    0.00876   -0.00000    0.01541   -0.00000
|1S^CV(1->2')>                    0.05226    0.00952    0.00000   -0.00683    0.00000
|1^ZCV0(3->1')>                   0.24410   -0.00686    0.00000    0.03371   -0.00000
|1^ZCV0(3->3')>                  -0.18336    0.00003   -0.00000    0.01380   -0.00000
|1^ZCV0(2->2')>                   0.16077   -0.01511    0.00000    0.08595   -0.00000
|1^ZCV0(1->1')>                  -0.07551    0.00520   -0.00000   -0.07751    0.00000
|1^ZCV0(1->3')>                  -0.11353   -0.00319   -0.00000    0.00497   -0.00000
|1^ZCV0'(3->1')>                  0.11353    0.00319    0.00000   -0.00452    0.00000
|1^ZCV0'(3->3')>                 -0.18336   -0.00003   -0.00000   -0.01390    0.00000
|1^ZCV0'(2->2')>                  0.16077    0.01511    0.00000   -0.08546    0.00000
|1^ZCV0'(1->1')>                 -0.07551   -0.00520   -0.00000    0.07675   -0.00000
|1^ZCV0'(1->3')>                 -0.24410    0.00686   -0.00000   -0.03139    0.00000
|1^CSD_(3,3)>                     0.37967    0.00000    0.00000    0.03557   -0.00000
|1^CSD_(3,1)>                    -0.34050   -0.00000   -0.00000    0.03621   -0.00000
|1^CSD_(2,2)>                     0.11349    0.00000    0.00000    0.05335   -0.00000
|1^CSD_(1,1)>                     0.18131    0.00000    0.00000    0.01716   -0.00000
|1^SVD_(1',1')>                  -0.18131   -0.00000   -0.00000   -0.01711    0.00000
|1^SVD_(1',3')>                  -0.34050    0.00000   -0.00000   -0.04128    0.00000
|1^SVD_(2',2')>                  -0.11349   -0.00000   -0.00000   -0.05331    0.00000
|1^SVD_(3',3')>                  -0.37967   -0.00000   -0.00000   -0.03562    0.00000
TDMs with Triplet 'Ground' state
TDMX:0.000   TDMY:0.000   TDMZ:0.000   Oscillator Strength:0.00000   <S**2>: 0.000
--------------------------------------------------------------------
TDMs with Singlet 'Ground' state
TDMX:-0.000   TDMY:0.000   TDMZ:-0.000   Oscillator Strength:0.00000   <S**2>: 0.000
--------------------------------------------------------------------


State 130 13.783 eV
Excitation                         CI Coef       TDM X       TDM Y       TDM Z       |TDM|
|1^OS>                            0.05409   -0.00000    0.00000    0.00192   -0.00000
|1^CS(1->0)>                     -0.06872    0.08150   -0.00000   -0.00081   -0.00023
|1^CS(2->0')>                    -0.05645   -0.06786   -0.00000    0.00526    0.00019
|1^SV(0->1')>                     0.06516   -0.07727    0.00000    0.00112    0.00022
|1^SV(0'->2')>                   -0.06225    0.07484   -0.00000   -0.00522   -0.00021
|1T^CV(3->3')>                   -0.05193   -0.00000   -0.00000    0.00000    0.00000
|1^ZCV0(3->2')>                   0.36479   -0.07278    0.00000    0.00366    0.00021
|1^ZCV0(2->1')>                  -0.07332    0.06938   -0.00000    0.00131   -0.00020
|1^ZCV0(2->3')>                   0.35164   -0.03506    0.00000    0.00353    0.00010
|1^ZCV0'(3->2')>                  0.34447    0.03435    0.00000   -0.00345   -0.00010
|1^ZCV0'(2->3')>                  0.35618    0.07106    0.00000   -0.00358   -0.00020
|1^ZCV0'(1->2')>                  0.07293   -0.06901    0.00000   -0.00132    0.00020
|1^CSD_(3,2)>                     0.47246   -0.04469    0.00000    0.00000    0.00013
|1^SVD_(1',2')>                   0.06032   -0.01444    0.00000    0.00000    0.00004
|1^SVD_(2',3')>                  -0.47951    0.04535   -0.00000   -0.00000   -0.00013
TDMs with Triplet 'Ground' state
TDMX:0.000   TDMY:0.000   TDMZ:0.000   Oscillator Strength:0.00000   <S**2>: 0.000
--------------------------------------------------------------------
TDMs with Singlet 'Ground' state
TDMX:-0.009   TDMY:0.000   TDMZ:-0.000   Oscillator Strength:0.00003   <S**2>: 0.000
--------------------------------------------------------------------


State 131 14.040 eV
Excitation                         CI Coef       TDM X       TDM Y       TDM Z       |TDM|
|1^ZW+>                          -0.11155    0.00000   -0.00000    0.13857   -0.00315
|1S^CV(3->2')>                   -0.06861    0.00284   -0.00000    0.00498   -0.00011
|1S^CV(2->3')>                   -0.06861    0.00284   -0.00000    0.00499   -0.00011
|1T^CV(3->2')>                   -0.06626   -0.00000   -0.00000   -0.00078    0.00002
|1T^CV(2->3')>                    0.06626   -0.00000    0.00000    0.00138   -0.00003
|1^ZCV0(3->1')>                  -0.06448    0.00181   -0.00000   -0.00890    0.00020
|1^ZCV0(3->3')>                  -0.08053    0.00001   -0.00000    0.00606   -0.00014
|1^ZCV0(1->3')>                   0.12927    0.00363    0.00000   -0.00566    0.00013
|1^ZCV0'(3->1')>                  0.12927    0.00363    0.00000   -0.00515    0.00012
|1^ZCV0'(3->3')>                  0.08053    0.00001    0.00000    0.00611   -0.00014
|1^ZCV0'(1->3')>                 -0.06448    0.00181   -0.00000   -0.00829    0.00019
|1^CSD_(3,3)>                    -0.57266   -0.00000   -0.00000   -0.05365    0.00122
|1^CSD_(3,1)>                     0.22361    0.00000    0.00000   -0.02378    0.00054
|1^CSD_(2,2)>                    -0.15706   -0.00000   -0.00000   -0.07383    0.00168
|1^CSD_(1,1)>                    -0.21739   -0.00000   -0.00000   -0.02058    0.00047
|1^SVD_(1',1')>                  -0.21739   -0.00000   -0.00000   -0.02051    0.00047
|1^SVD_(1',3')>                  -0.22361    0.00000   -0.00000   -0.02711    0.00062
|1^SVD_(2',2')>                  -0.15706   -0.00000   -0.00000   -0.07378    0.00168
|1^SVD_(3',3')>                  -0.57266   -0.00000   -0.00000   -0.05372    0.00122
TDMs with Triplet 'Ground' state
TDMX:0.000   TDMY:0.000   TDMZ:0.000   Oscillator Strength:0.00000   <S**2>: 0.000
--------------------------------------------------------------------
TDMs with Singlet 'Ground' state
TDMX:-0.000   TDMY:0.000   TDMZ:-0.068   Oscillator Strength:0.00156   <S**2>: 0.000
--------------------------------------------------------------------


State 132 14.150 eV
Excitation                         CI Coef       TDM X       TDM Y       TDM Z       |TDM|
|3S^CV(3->3')>                   -0.57273   -0.00000   -0.00000   -0.00035    0.00000
|3S^CV(2->2')>                    0.25906   -0.00000    0.00000    0.00106   -0.00000
|3S^CV(1->1')>                   -0.05440    0.00000   -0.00000    0.00011   -0.00000
|3X^CV(3->1')>                    0.06521   -0.00000    0.00000    0.01020   -0.00000
|3X^CV(1->3')>                   -0.06521    0.00000   -0.00000   -0.00965    0.00000
|3^ZCV0(3->2')>                   0.36405   -0.00342    0.00000    0.01548   -0.00000
|3^ZCV0(3->3')>                   0.07912    0.00253    0.00000   -0.00001    0.00000
|3^ZCV0(2->3')>                  -0.36264   -0.00341   -0.00000   -0.02284    0.00000
|3^ZCV0'(6->2')>                  0.36264    0.00341    0.00000    0.02520   -0.00000
|3^ZCV0'(6->3')>                 -0.07912   -0.00253   -0.00000   -0.00001   -0.00000
|3^ZCV0'(5->3')>                 -0.36405    0.00342   -0.00000   -0.01916    0.00000
|3^CSD(3,2)>                     -0.12363    0.00000   -0.00000    0.00676   -0.00000
|3^SVD(2,3)>                      0.12363   -0.00000    0.00000   -0.00641    0.00000
TDMs with Triplet 'Ground' state
TDMX:0.000   TDMY:0.000   TDMZ:-0.000   Oscillator Strength:0.00000   <S**2>: 2.000
--------------------------------------------------------------------
TDMs with Singlet 'Ground' state
TDMX:0.000   TDMY:0.000   TDMZ:0.000   Oscillator Strength:0.00000   <S**2>: 2.000
--------------------------------------------------------------------


State 133 14.304 eV
Excitation                         CI Coef       TDM X       TDM Y       TDM Z       |TDM|
|1S^CV(3->1')>                    0.06529    0.01328    0.00000    0.00160   -0.00032
|1S^CV(3->3')>                   -0.73127   -0.00088   -0.00000    0.01526    0.00002
|1S^CV(2->2')>                    0.18635    0.12679    0.00000    0.02744   -0.00301
|1S^CV(1->3')>                   -0.06524    0.01327   -0.00000    0.00155   -0.00032
|1T^CV(3->1')>                   -0.14137   -0.00087   -0.00000   -0.00000    0.00002
|1T^CV(1->3')>                   -0.14140   -0.00087   -0.00000   -0.00000    0.00002
|1^ZCV0(3->2')>                   0.28655   -0.05717    0.00000    0.00287    0.00136
|1^ZCV0(3->3')>                   0.10102   -0.00002    0.00000   -0.00760    0.00000
|1^ZCV0(2->3')>                  -0.30740    0.03065   -0.00000   -0.00309   -0.00073
|1^ZCV0'(3->2')>                  0.30668    0.03058    0.00000   -0.00308   -0.00073
|1^ZCV0'(3->3')>                 -0.10102   -0.00002   -0.00000   -0.00766    0.00000
|1^ZCV0'(2->3')>                 -0.28740   -0.05734   -0.00000    0.00289    0.00136
TDMs with Triplet 'Ground' state
TDMX:0.000   TDMY:0.000   TDMZ:0.000   Oscillator Strength:0.00000   <S**2>: 0.000
--------------------------------------------------------------------
TDMs with Singlet 'Ground' state
TDMX:-0.070   TDMY:0.000   TDMZ:0.000   Oscillator Strength:0.00167   <S**2>: 0.000
--------------------------------------------------------------------


State 134 14.335 eV
Excitation                         CI Coef       TDM X       TDM Y       TDM Z       |TDM|
|3S^CV(3->2')>                    0.33226    0.02262    0.00000   -0.00124   -0.00022
|3S^CV(2->3')>                   -0.33226    0.02262   -0.00000   -0.00048   -0.00022
|3^ZCV0(3->1')>                   0.10512    0.01317    0.00000   -0.00041   -0.00013
|3^ZCV0(3->3')>                  -0.56275   -0.01801   -0.00000    0.00005    0.00017
|3^ZCV0(2->2')>                   0.19915   -0.01369    0.00000   -0.00011    0.00013
|3^ZCV0(1->1')>                  -0.08558    0.00793   -0.00000   -0.00002   -0.00008
|3^ZCV0(1->3')>                   0.06795   -0.00544    0.00000   -0.00013    0.00005
|3^ZCV0'(6->1')>                 -0.06795   -0.00544   -0.00000   -0.00027    0.00005
|3^ZCV0'(6->3')>                 -0.56275   -0.01801   -0.00000   -0.00005    0.00017
|3^ZCV0'(5->2')>                  0.19915   -0.01369    0.00000    0.00011    0.00013
|3^ZCV0'(4->1')>                 -0.08558    0.00793   -0.00000    0.00002   -0.00008
|3^ZCV0'(4->3')>                 -0.10512    0.01317   -0.00000   -0.00020   -0.00013
TDMs with Triplet 'Ground' state
TDMX:-0.028   TDMY:0.000   TDMZ:-0.000   Oscillator Strength:0.00027   <S**2>: 2.000
--------------------------------------------------------------------
TDMs with Singlet 'Ground' state
TDMX:0.000   TDMY:0.000   TDMZ:0.000   Oscillator Strength:0.00000   <S**2>: 2.000
--------------------------------------------------------------------


State 135 15.153 eV
Excitation                         CI Coef       TDM X       TDM Y       TDM Z       |TDM|
|1S^CV(3->2')>                   -0.18027    0.00745   -0.00000    0.01309    0.00000
|1S^CV(2->3')>                    0.18027   -0.00745    0.00000   -0.01311   -0.00000
|1^ZCV0(3->1')>                  -0.06459    0.00181   -0.00000   -0.00892   -0.00000
|1^ZCV0(3->3')>                   0.57578   -0.00010    0.00000   -0.04334   -0.00000
|1^ZCV0'(3->3')>                  0.57578    0.00010    0.00000    0.04366    0.00000
|1^ZCV0'(1->3')>                  0.06459   -0.00181    0.00000    0.00831    0.00000
|1^CSD_(3,3)>                     0.34026    0.00000    0.00000    0.03188    0.00000
|1^CSD_(2,2)>                     0.06276    0.00000    0.00000    0.02950    0.00000
|1^CSD_(1,1)>                     0.07702    0.00000    0.00000    0.00729    0.00000
|1^SVD_(1',1')>                  -0.07702   -0.00000   -0.00000   -0.00727   -0.00000
|1^SVD_(2',2')>                  -0.06276   -0.00000   -0.00000   -0.02948   -0.00000
|1^SVD_(3',3')>                  -0.34026   -0.00000   -0.00000   -0.03192   -0.00000
TDMs with Triplet 'Ground' state
TDMX:0.000   TDMY:0.000   TDMZ:0.000   Oscillator Strength:0.00000   <S**2>: 0.000
--------------------------------------------------------------------
TDMs with Singlet 'Ground' state
TDMX:0.000   TDMY:0.000   TDMZ:0.000   Oscillator Strength:0.00000   <S**2>: 0.000
--------------------------------------------------------------------


============================================================================
  TRANSITION INTENSITY SUMMARY
  General threshold  : f >= 0.1000
  Low-energy window  : E  < 2.80 eV  (> 443 nm)  ->  f >= 0.0020
============================================================================


  Transitions from Singlet ground state (state 1):
  State   Energy/eV   Wavelen./nm   Osc. Str.    <S²>
  ------------------------------------------------------------
      3      2.2720        545.70     0.09610   *
     23      4.7873        258.99     0.88723    
     27      5.4196        228.77     0.21670    
     42      6.5080        190.51     0.26133    
     46      6.8550        180.87     0.18239    
     56      7.4693        165.99     0.14763    
  (* below general threshold but within low-energy window)

  Transitions from Triplet ground state (state 0):
  State   Energy/eV   Wavelen./nm   Osc. Str.    <S²>
  ------------------------------------------------------------
     19      4.9311        251.43     0.16827    
     20      5.0713        244.48     0.77399    
     35      6.4844        191.20     0.30566    
     39      6.7145        184.65     0.18838    
     47      7.3952        167.65     0.13895    
  (* below general threshold but within low-energy window)

============================================================================

Wall clock time: 0.2602 seconds
