                    ---------------------------------
                    | Radical ExROPPP Calculation |
                    ---------------------------------

Molecule: meta-xylylene.xyz radical

--------------------------------
Cartesian Coordinates / Angstrom
--------------------------------

 C          0.0000000000   0.0000000000   1.3984472733
 H          0.0000000000   0.0000000000   2.4859073286
 C         -0.0000000000   0.0000000000  -1.4051760785
 H         -0.0000000000   0.0000000000  -2.4920882239
 C         -1.2443431148   0.0000000000   0.7135129354
 C          1.2443431148  -0.0000000000   0.7135129354
 C         -1.2116931408   0.0000000000  -0.7204174728
 C          1.2116931408   0.0000000000  -0.7204174728
 C         -2.4612599728   0.0000000000   1.4106518075
 C          2.4612599728   0.0000000000   1.4106518075
 H         -2.1506999205   0.0000000000  -1.2667317623
 H          2.1506999205   0.0000000000  -1.2667317623
 H         -2.4869619022   0.0000000000   2.4951587166
 H          2.4869619022  -0.0000000000   2.4951587166
 H         -3.4097382286   0.0000000000   0.8842806258
 H          3.4097382286   0.0000000000   0.8842806258

There are 8 heavy atoms.
There are 8 electrons in 8 orbitals.


Carbon 1e params: A = -22.717075 b = 1.705616

Nitrogen 1e params: alphan2 = -17.681338 Acn2 = -24.737202 bcn2 = 1.433639

Chlorine 1e params: alphacl = -10.335674 Accl = -26.021937 bccl=1.451861

Carbon 2e params: U = 8.420838 r0 = 1.173157

Nitrogen 2e params: Un2n2 = 17.979843 r0n2n2 = 1.111791

Chlorine 2e params: Uclcl= 9.642991 r0clcl = 2.253316

Mixed 2e params: Ucn2 = 13.200341 Uccl = 9.031915 Un2cl = 13.811417 r0cn2 =1.142474 r0ccl = 1.713237 r0n2cl = 1.682554
[8.42083845 2.4841616  3.80904694 3.80904694 2.73351519 2.73351519
 2.71814789 2.71814789]
FCIDUMP file in AO basis written to FCIDUMP/FCIDUMP_AO_meta-xylylene


-------------------------------------
Using converged orbitals from CSF-ROHF calculation
-------------------------------------

orbital number 1
[-0.42 -0.37 -0.43 -0.43 -0.38 -0.38 -0.14 -0.14]
orbital number 2
[-0.   -0.    0.5  -0.5   0.45 -0.45  0.21 -0.21]
orbital number 3
[ 0.51 -0.6   0.26  0.26 -0.33 -0.33  0.11  0.11]
orbital number 4
[ 0.25  0.    0.   -0.    0.24 -0.17 -0.92 -0.01]
orbital number 5
[-0.25 -0.    0.    0.    0.17 -0.24  0.01  0.92]
orbital number 6
[-0.5  -0.61  0.25  0.25  0.33  0.33 -0.11 -0.11]
orbital number 7
[ 0.    0.    0.5  -0.5  -0.45  0.45 -0.21  0.21]
orbital number 8
[ 0.43 -0.36 -0.43 -0.43  0.37  0.37  0.14  0.14]
ENERGY0: -7.404761432174388

Orbital occupation numbers:
1: 2.000000
2: 2.000000
3: 2.000000
4: 1.000000
5: 1.000000
6: -0.000000
7: -0.000000
8: 0.000000

------------------------
Starting ExROPPP calculation for diradical in rotated basis
------------------------

Fock matrix in rotated MO basis: [[-2.28962646e+00  2.43313844e-15  1.34349183e-16 -2.84492720e-01
   2.84492656e-01  4.18200485e-08 -3.25133395e-08  8.56549820e-08]
 [ 2.10636078e-15 -1.48120471e-01  6.05688383e-16  5.66330045e-01
   5.66330105e-01  9.31882081e-09  8.78368132e-08  8.34504060e-08]
 [-7.91732345e-17  5.31702729e-16  1.76080394e-01  3.16282066e-01
  -3.16282007e-01 -2.83321405e-08 -5.53652648e-08  2.74305133e-08]
 [-2.84492720e-01  5.66330045e-01  3.16282066e-01  4.21041923e+00
   1.02983524e-08  3.10957140e-01  5.66330065e-01 -2.90303459e-01]
 [ 2.84492656e-01  5.66330105e-01 -3.16282007e-01  1.02983524e-08
   4.21041924e+00 -3.10957024e-01  5.66330125e-01  2.90303419e-01]
 [ 4.18200483e-08  9.31882125e-09 -2.83321402e-08  3.10957140e-01
  -3.10957024e-01  8.24560437e+00  9.51443861e-10  4.56725418e-02]
 [-3.25133397e-08  8.78368130e-08 -5.53652649e-08  5.66330065e-01
   5.66330125e-01  9.51443924e-10  8.56895891e+00  7.26133287e-09]
 [ 8.56549817e-08  8.34504057e-08  2.74305131e-08 -2.90303459e-01
   2.90303419e-01  4.56725418e-02  7.26133376e-09  1.07096186e+01]]
Dimensions of CI matrix: (136, 136)
Checking that the Hamiltonian is symmetric (a value of zero means matrix is symmetric) ... 
Frobenius norm of matrix - matrix transpose = 0.000000.

Using dense solver (eigh) on each block ...

Diagonalisation complete. Returning 136 states.

Checking that the Dipole matrix is symmetric (a value of zero means matrix is symmetric) ... 
Frobenius norm of matrix - matrix transpose = 0.00000             0.00000, 0.00000.

Energy of the lowest CI state: -11.265681367916132
Ground state is triplet

State 0 0.000 eV
Excitation                         CI Coef       TDM X       TDM Y       TDM Z       |TDM|
|3^OS>                            0.91918    0.00000    0.00000    0.17356    0.00000
|3^CS(2->0)>                     -0.10070    0.08961   -0.00000   -0.06782   -0.00000
|3^CS(1->0)>                     -0.06205    0.04949   -0.00000    0.00017    0.00000
|3^CS(2->0')>                    -0.10070   -0.08961   -0.00000   -0.06782   -0.00000
|3^CS(1->0')>                     0.06205   -0.04949    0.00000    0.00017    0.00000
|3^SV(0->1')>                    -0.06108   -0.04783   -0.00000    0.00198    0.00000
|3^SV(0->2')>                    -0.10026   -0.08782   -0.00000    0.07159    0.00000
|3^SV(0'->1')>                   -0.06108    0.04783   -0.00000    0.00198    0.00000
|3^SV(0'->2')>                    0.10026    0.08782    0.00000    0.07159    0.00000
|3S^CV(2->1')>                    0.05185    0.00000    0.00000   -0.00552   -0.00000
|3S^CV(1->2')>                    0.05266   -0.00000    0.00000    0.00689    0.00000
|3X^CV(3->3')>                    0.09658   -0.00000    0.00000    0.00215    0.00000
|3X^CV(2->2')>                    0.21387    0.00000    0.00000    0.00958    0.00000
|3X^CV(1->1')>                    0.16494    0.00000    0.00000    0.00602    0.00000
TDMs with Triplet 'Ground' state
TDMX:0.000   TDMY:0.000   TDMZ:0.209   Oscillator Strength:0.00000   <S**2>: 2.000
--------------------------------------------------------------------
TDMs with Singlet 'Ground' state
TDMX:0.000   TDMY:0.000   TDMZ:0.000   Oscillator Strength:-0.00000   <S**2>: 2.000
--------------------------------------------------------------------


State 1 0.409 eV
Excitation                         CI Coef       TDM X       TDM Y       TDM Z       |TDM|
|1^OS>                            0.98966   -0.00000    0.00000    0.20195    0.00000
|1T^CV(3->2')>                    0.06529   -0.00000    0.00000    0.00884    0.00000
|1T^CV(2->1')>                   -0.05417    0.00000   -0.00000   -0.00571   -0.00000
|1T^CV(2->3')>                    0.06631    0.00000    0.00000   -0.00733   -0.00000
|1T^CV(1->2')>                   -0.05539   -0.00000   -0.00000    0.00722    0.00000
TDMs with Triplet 'Ground' state
TDMX:0.000   TDMY:0.000   TDMZ:0.000   Oscillator Strength:0.00000   <S**2>: 0.000
--------------------------------------------------------------------
TDMs with Singlet 'Ground' state
TDMX:0.000   TDMY:0.000   TDMZ:0.206   Oscillator Strength:0.00000   <S**2>: 0.000
--------------------------------------------------------------------


State 2 1.126 eV
Excitation                         CI Coef       TDM X       TDM Y       TDM Z       |TDM|
|1^ZW->                           0.55089   -0.00000    0.00000   -0.00000    0.00000
|1^CS(3->0)>                     -0.05170    0.00962   -0.00000   -0.00199   -0.00000
|1^CS(2->0)>                     -0.30860   -0.24743   -0.00000    0.24281    0.00000
|1^CS(1->0)>                      0.14936    0.11565    0.00000    0.01927   -0.00000
|1^CS(3->0')>                     0.05170    0.00962    0.00000    0.00199   -0.00000
|1^CS(2->0')>                    -0.30860   -0.24743   -0.00000   -0.24281    0.00000
|1^CS(1->0')>                    -0.14936    0.11565   -0.00000   -0.01927   -0.00000
|1^SV(0->1')>                    -0.14838   -0.11437   -0.00000   -0.01831    0.00000
|1^SV(0->2')>                     0.30861    0.24743    0.00000   -0.24521   -0.00000
|1^SV(0->3')>                     0.05446   -0.01091    0.00000    0.00227    0.00000
|1^SV(0'->1')>                    0.14838   -0.11437    0.00000    0.01831    0.00000
|1^SV(0'->2')>                    0.30861    0.24743    0.00000    0.24521   -0.00000
|1^SV(0'->3')>                   -0.05446   -0.01091   -0.00000   -0.00227    0.00000
|1S^CV(2->1')>                   -0.10009   -0.14693   -0.00000    0.00000    0.00000
|1S^CV(1->2')>                    0.10080    0.14782    0.00000   -0.00000   -0.00000
|1T^CV(3->1')>                    0.14477   -0.01749    0.00000   -0.00000    0.00000
|1T^CV(2->2')>                    0.38127   -0.00000    0.00000   -0.00000    0.00000
|1T^CV(1->3')>                    0.14492    0.01751    0.00000    0.00000   -0.00000
TDMs with Triplet 'Ground' state
TDMX:0.000   TDMY:0.000   TDMZ:0.000   Oscillator Strength:0.00000   <S**2>: 0.000
--------------------------------------------------------------------
TDMs with Singlet 'Ground' state
TDMX:-0.000   TDMY:0.000   TDMZ:0.000   Oscillator Strength:0.00000   <S**2>: 0.000
--------------------------------------------------------------------


State 3 2.193 eV
Excitation                         CI Coef       TDM X       TDM Y       TDM Z       |TDM|
|1^ZW->                           0.13245   -0.00000    0.00000   -0.00000   -0.00000
|1^CS(3->0)>                     -0.14511    0.02699   -0.00000   -0.00558    0.00000
|1^CS(2->0)>                      0.18170    0.14569    0.00000   -0.14296    0.00000
|1^CS(1->0)>                      0.29140    0.22564    0.00000    0.03759    0.00000
|1^CS(3->0')>                     0.14511    0.02699    0.00000    0.00558    0.00000
|1^CS(2->0')>                     0.18170    0.14569    0.00000    0.14296    0.00000
|1^CS(1->0')>                    -0.29140    0.22564   -0.00000   -0.03759    0.00000
|1^SV(0->1')>                    -0.28866   -0.22248   -0.00000   -0.03562   -0.00000
|1^SV(0->2')>                    -0.18170   -0.14568   -0.00000    0.14437   -0.00000
|1^SV(0->3')>                     0.15050   -0.03014    0.00000    0.00627   -0.00000
|1^SV(0'->1')>                    0.28866   -0.22248    0.00000    0.03562   -0.00000
|1^SV(0'->2')>                   -0.18170   -0.14568   -0.00000   -0.14437   -0.00000
|1^SV(0'->3')>                   -0.15050   -0.03014   -0.00000   -0.00627   -0.00000
|1S^CV(2->1')>                   -0.08131   -0.11936   -0.00000    0.00000   -0.00000
|1S^CV(1->2')>                    0.08143    0.11941    0.00000   -0.00000    0.00000
|1T^CV(3->1')>                    0.11716   -0.01416    0.00000   -0.00000   -0.00000
|1T^CV(3->3')>                   -0.19641   -0.00044   -0.00000   -0.00000   -0.00000
|1T^CV(2->2')>                   -0.31387    0.00000   -0.00000    0.00000    0.00000
|1T^CV(1->1')>                   -0.49499   -0.00111   -0.00000    0.00000   -0.00000
|1T^CV(1->3')>                    0.12997    0.01571    0.00000    0.00000    0.00000
TDMs with Triplet 'Ground' state
TDMX:0.000   TDMY:0.000   TDMZ:0.000   Oscillator Strength:0.00000   <S**2>: 0.000
--------------------------------------------------------------------
TDMs with Singlet 'Ground' state
TDMX:0.000   TDMY:0.000   TDMZ:0.000   Oscillator Strength:0.00000   <S**2>: 0.000
--------------------------------------------------------------------


State 4 2.344 eV
Excitation                         CI Coef       TDM X       TDM Y       TDM Z       |TDM|
|3^CS(2->0)>                      0.20288   -0.18054    0.00000    0.13663    0.00012
|3^CS(1->0)>                      0.28595   -0.22805    0.00000   -0.00080    0.00015
|3^CS(2->0')>                    -0.20288   -0.18054   -0.00000   -0.13663    0.00012
|3^CS(1->0')>                     0.28595   -0.22805    0.00000    0.00080    0.00015
|3^SV(0->1')>                     0.28509    0.22326    0.00000   -0.00924   -0.00014
|3^SV(0->2')>                     0.20343    0.17819    0.00000   -0.14527   -0.00011
|3^SV(0'->1')>                   -0.28509    0.22326   -0.00000    0.00924   -0.00014
|3^SV(0'->2')>                    0.20343    0.17819    0.00000    0.14527   -0.00011
|3T^CV(2->1')>                    0.07066    0.08642    0.00000   -0.00000   -0.00006
|3T^CV(1->2')>                   -0.07023   -0.08575   -0.00000    0.00000    0.00005
|3S^CV(3->3')>                   -0.15721    0.00032   -0.00000    0.00000   -0.00000
|3S^CV(2->2')>                   -0.35525    0.00031   -0.00000   -0.00000   -0.00000
|3S^CV(1->1')>                   -0.46496    0.00120   -0.00000   -0.00000   -0.00000
|3S^CV(1->3')>                    0.05444   -0.00661    0.00000   -0.00000    0.00000
|3X^CV(2->1')>                   -0.24204    0.02758   -0.00000    0.00000   -0.00002
|3X^CV(1->2')>                   -0.24227   -0.02616   -0.00000   -0.00000    0.00002
TDMs with Triplet 'Ground' state
TDMX:-0.011   TDMY:0.000   TDMZ:0.000   Oscillator Strength:0.00001   <S**2>: 2.000
--------------------------------------------------------------------
TDMs with Singlet 'Ground' state
TDMX:0.000   TDMY:0.000   TDMZ:0.000   Oscillator Strength:0.00000   <S**2>: 2.000
--------------------------------------------------------------------


State 5 2.458 eV
Excitation                         CI Coef       TDM X       TDM Y       TDM Z       |TDM|
|3^OS>                           -0.38043   -0.00000   -0.00000   -0.07183   -0.00002
|3^CS(3->0)>                      0.08206    0.00827    0.00000   -0.00183   -0.00000
|3^CS(2->0)>                     -0.28101    0.25007   -0.00000   -0.18926   -0.00005
|3^CS(1->0)>                     -0.20813    0.16599   -0.00000    0.00058    0.00000
|3^CS(3->0')>                    -0.08206   -0.00827   -0.00000   -0.00183   -0.00000
|3^CS(2->0')>                    -0.28101   -0.25007   -0.00000   -0.18926   -0.00005
|3^CS(1->0')>                     0.20813   -0.16599    0.00000    0.00058    0.00000
|3^SV(0->1')>                    -0.19815   -0.15517   -0.00000    0.00642    0.00000
|3^SV(0->2')>                    -0.27531   -0.24115   -0.00000    0.19659    0.00005
|3^SV(0->3')>                     0.08310   -0.00889    0.00000    0.00368    0.00000
|3^SV(0'->1')>                   -0.19815    0.15517   -0.00000    0.00642    0.00000
|3^SV(0'->2')>                    0.27531    0.24115    0.00000    0.19659    0.00005
|3^SV(0'->3')>                    0.08310    0.00889    0.00000    0.00368    0.00000
|3S^CV(2->1')>                    0.16059    0.00000    0.00000   -0.01710   -0.00000
|3S^CV(1->2')>                    0.16364   -0.00000    0.00000    0.02142    0.00001
|3X^CV(3->3')>                    0.14228   -0.00000    0.00000    0.00317    0.00000
|3X^CV(2->2')>                    0.38076    0.00000    0.00000    0.01705    0.00000
|3X^CV(1->1')>                    0.35973    0.00000    0.00000    0.01313    0.00000
TDMs with Triplet 'Ground' state
TDMX:-0.000   TDMY:0.000   TDMZ:0.005   Oscillator Strength:0.00000   <S**2>: 2.000
--------------------------------------------------------------------
TDMs with Singlet 'Ground' state
TDMX:0.000   TDMY:0.000   TDMZ:0.000   Oscillator Strength:0.00000   <S**2>: 2.000
--------------------------------------------------------------------


State 6 2.606 eV
Excitation                         CI Coef       TDM X       TDM Y       TDM Z       |TDM|
|1^ZW+>                           0.65759    0.00000    0.00000    0.43653    0.03477
|1^CS(3->0)>                     -0.05728    0.01065   -0.00000   -0.00220   -0.00018
|1^CS(2->0)>                     -0.23718   -0.19016   -0.00000    0.18661    0.01486
|1^CS(1->0)>                      0.22473    0.17401    0.00000    0.02899    0.00231
|1^CS(3->0')>                    -0.05728   -0.01065   -0.00000   -0.00220   -0.00018
|1^CS(2->0')>                     0.23718    0.19016    0.00000    0.18661    0.01486
|1^CS(1->0')>                     0.22473   -0.17401    0.00000    0.02899    0.00231
|1^SV(0->1')>                     0.22363    0.17236    0.00000    0.02760    0.00220
|1^SV(0->2')>                    -0.23718   -0.19016   -0.00000    0.18846    0.01501
|1^SV(0->3')>                    -0.06144    0.01230   -0.00000   -0.00256   -0.00020
|1^SV(0'->1')>                    0.22363   -0.17236    0.00000    0.02760    0.00220
|1^SV(0'->2')>                    0.23718    0.19016    0.00000    0.18846    0.01501
|1^SV(0'->3')>                   -0.06144   -0.01230   -0.00000   -0.00256   -0.00020
|1S^CV(2->2')>                   -0.07648    0.00000   -0.00000    0.10323    0.00822
|1T^CV(3->2')>                    0.06336   -0.00000    0.00000    0.00858    0.00068
|1T^CV(2->1')>                    0.23120   -0.00000    0.00000    0.02439    0.00194
|1T^CV(2->3')>                   -0.06766   -0.00000   -0.00000    0.00747    0.00060
|1T^CV(1->2')>                   -0.23242   -0.00000   -0.00000    0.03030    0.00241
TDMs with Triplet 'Ground' state
TDMX:0.000   TDMY:0.000   TDMZ:0.000   Oscillator Strength:0.00000   <S**2>: 0.000
--------------------------------------------------------------------
TDMs with Singlet 'Ground' state
TDMX:-0.000   TDMY:0.000   TDMZ:1.480   Oscillator Strength:0.11784   <S**2>: 0.000
--------------------------------------------------------------------


State 7 2.920 eV
Excitation                         CI Coef       TDM X       TDM Y       TDM Z       |TDM|
|3^CS(3->0)>                      0.07238    0.00729    0.00000   -0.00161   -0.00000
|3^CS(2->0)>                     -0.27401    0.24383   -0.00000   -0.18454   -0.00001
|3^CS(1->0)>                      0.24577   -0.19601    0.00000   -0.00069    0.00001
|3^CS(3->0')>                     0.07238    0.00729    0.00000    0.00161   -0.00000
|3^CS(2->0')>                     0.27401    0.24383    0.00000    0.18454   -0.00001
|3^CS(1->0')>                     0.24577   -0.19601    0.00000    0.00069    0.00001
|3^SV(0->1')>                     0.24339    0.19060    0.00000   -0.00789   -0.00001
|3^SV(0->2')>                    -0.27221   -0.23844   -0.00000    0.19438    0.00001
|3^SV(0->3')>                     0.06738   -0.00721    0.00000    0.00299    0.00000
|3^SV(0'->1')>                   -0.24339    0.19060   -0.00000    0.00789   -0.00001
|3^SV(0'->2')>                   -0.27221   -0.23844   -0.00000   -0.19438    0.00001
|3^SV(0'->3')>                   -0.06738   -0.00721   -0.00000   -0.00299    0.00000
|3T^CV(2->1')>                    0.19807    0.24227    0.00000   -0.00000   -0.00001
|3T^CV(1->2')>                   -0.19883   -0.24276   -0.00000    0.00000    0.00001
|3S^CV(3->1')>                    0.09306    0.01134    0.00000   -0.00000   -0.00000
|3S^CV(3->3')>                    0.08798   -0.00018    0.00000   -0.00000    0.00000
|3S^CV(2->2')>                    0.49353   -0.00043    0.00000    0.00000    0.00000
|3S^CV(1->1')>                   -0.05196    0.00013   -0.00000   -0.00000   -0.00000
|3S^CV(1->3')>                    0.09273   -0.01125    0.00000   -0.00000    0.00000
|3X^CV(3->2')>                   -0.12616   -0.03174   -0.00000    0.00000    0.00000
|3X^CV(2->1')>                   -0.17223    0.01962   -0.00000    0.00000   -0.00000
|3X^CV(2->3')>                   -0.12289    0.03055   -0.00000   -0.00000   -0.00000
|3X^CV(1->2')>                   -0.17324   -0.01871   -0.00000   -0.00000    0.00000
TDMs with Triplet 'Ground' state
TDMX:-0.001   TDMY:0.000   TDMZ:-0.000   Oscillator Strength:0.00000   <S**2>: 2.000
--------------------------------------------------------------------
TDMs with Singlet 'Ground' state
TDMX:0.000   TDMY:0.000   TDMZ:0.000   Oscillator Strength:0.00000   <S**2>: 2.000
--------------------------------------------------------------------


State 8 2.974 eV
Excitation                         CI Coef       TDM X       TDM Y       TDM Z       |TDM|
|3^CS(2->0)>                     -0.23929    0.21294   -0.00000   -0.16116    0.00016
|3^CS(1->0)>                      0.30289   -0.24156    0.00000   -0.00085    0.00000
|3^CS(2->0')>                    -0.23929   -0.21294   -0.00000   -0.16116    0.00016
|3^CS(1->0')>                    -0.30289    0.24156   -0.00000   -0.00085    0.00000
|3^SV(0->1')>                     0.29377    0.23006    0.00000   -0.00952    0.00001
|3^SV(0->2')>                    -0.23728   -0.20785   -0.00000    0.16944   -0.00017
|3^SV(0'->1')>                    0.29377   -0.23006    0.00000   -0.00952    0.00001
|3^SV(0'->2')>                    0.23728    0.20785    0.00000    0.16944   -0.00017
|3S^CV(3->2')>                   -0.05027   -0.00000   -0.00000    0.00639   -0.00001
|3S^CV(2->1')>                   -0.17357   -0.00000   -0.00000    0.01848   -0.00002
|3S^CV(1->2')>                   -0.17713    0.00000   -0.00000   -0.02319    0.00002
|3X^CV(3->1')>                    0.17980    0.00000    0.00000   -0.02437    0.00002
|3X^CV(2->2')>                    0.41487    0.00000    0.00000    0.01857   -0.00002
|3X^CV(1->1')>                   -0.31904   -0.00000   -0.00000   -0.01164    0.00001
|3X^CV(1->3')>                    0.18790   -0.00000    0.00000    0.02310   -0.00002
TDMs with Triplet 'Ground' state
TDMX:-0.000   TDMY:0.000   TDMZ:-0.014   Oscillator Strength:0.00001   <S**2>: 2.000
--------------------------------------------------------------------
TDMs with Singlet 'Ground' state
TDMX:0.000   TDMY:0.000   TDMZ:0.000   Oscillator Strength:0.00000   <S**2>: 2.000
--------------------------------------------------------------------


State 9 2.976 eV
Excitation                         CI Coef       TDM X       TDM Y       TDM Z       |TDM|
|1^OS>                            0.05480   -0.00000    0.00000    0.01118    0.00000
|1^CS(3->0)>                     -0.10679    0.01986   -0.00000   -0.00411   -0.00000
|1^CS(2->0)>                     -0.07467   -0.05987   -0.00000    0.05875    0.00000
|1^CS(1->0)>                     -0.35396   -0.27408   -0.00000   -0.04566   -0.00000
|1^CS(3->0')>                    -0.10679   -0.01986   -0.00000   -0.00411   -0.00000
|1^CS(2->0')>                     0.07467    0.05987    0.00000    0.05875    0.00000
|1^CS(1->0')>                    -0.35396    0.27408   -0.00000   -0.04566   -0.00000
|1^SV(0->1')>                     0.35588    0.27430    0.00000    0.04392    0.00000
|1^SV(0->2')>                     0.07467    0.05987    0.00000   -0.05933   -0.00000
|1^SV(0->3')>                     0.10021   -0.02007    0.00000    0.00417    0.00000
|1^SV(0'->1')>                    0.35588   -0.27430    0.00000    0.04392    0.00000
|1^SV(0'->2')>                   -0.07467   -0.05987   -0.00000   -0.05933   -0.00000
|1^SV(0'->3')>                    0.10021    0.02007    0.00000    0.00417    0.00000
|1S^CV(3->1')>                   -0.05297    0.00000   -0.00000    0.00668    0.00000
|1S^CV(1->3')>                    0.05297    0.00000    0.00000   -0.00845   -0.00000
|1T^CV(3->2')>                    0.13938   -0.00000    0.00000    0.01888    0.00000
|1T^CV(2->1')>                    0.43883   -0.00000    0.00000    0.04629    0.00000
|1T^CV(2->3')>                    0.13127    0.00000    0.00000   -0.01450   -0.00000
|1T^CV(1->2')>                    0.43632    0.00000    0.00000   -0.05688   -0.00000
TDMs with Triplet 'Ground' state
TDMX:0.000   TDMY:0.000   TDMZ:0.000   Oscillator Strength:0.00000   <S**2>: 0.000
--------------------------------------------------------------------
TDMs with Singlet 'Ground' state
TDMX:-0.000   TDMY:0.000   TDMZ:0.000   Oscillator Strength:0.00000   <S**2>: 0.000
--------------------------------------------------------------------


State 10 3.236 eV
Excitation                         CI Coef       TDM X       TDM Y       TDM Z       |TDM|
|5^CV(3->3')>                    -0.24714   -0.00000   -0.00000   -0.00000    0.00000
|5^CV(2->2')>                    -0.50525   -0.00000   -0.00000   -0.00000    0.00000
|5^CV(1->1')>                    -0.82577   -0.00000   -0.00000   -0.00000    0.00000
TDMs with Triplet 'Ground' state
TDMX:0.000   TDMY:0.000   TDMZ:0.000   Oscillator Strength:0.00000   <S**2>: 6.000
--------------------------------------------------------------------
TDMs with Singlet 'Ground' state
TDMX:0.000   TDMY:0.000   TDMZ:0.000   Oscillator Strength:0.00000   <S**2>: 6.000
--------------------------------------------------------------------


State 11 3.736 eV
Excitation                         CI Coef       TDM X       TDM Y       TDM Z       |TDM|
|3^CS(2->0)>                      0.16068   -0.14299    0.00000    0.10822   -0.01030
|3^CS(1->0)>                     -0.35967    0.28684   -0.00000    0.00101    0.02067
|3^CS(2->0')>                    -0.16068   -0.14299   -0.00000   -0.10822   -0.01030
|3^CS(1->0')>                    -0.35967    0.28684   -0.00000   -0.00101    0.02067
|3^SV(0->1')>                     0.36014    0.28203    0.00000   -0.01167    0.02032
|3^SV(0->2')>                    -0.16536   -0.14485   -0.00000    0.11809   -0.01044
|3^SV(0'->1')>                   -0.36014    0.28203   -0.00000    0.01167    0.02032
|3^SV(0'->2')>                   -0.16536   -0.14485   -0.00000   -0.11809   -0.01044
|3T^CV(2->1')>                    0.05132    0.06277    0.00000   -0.00000    0.00452
|3X^CV(2->1')>                   -0.42124    0.04800   -0.00000    0.00000    0.00346
|3X^CV(1->2')>                    0.42517    0.04591    0.00000    0.00000    0.00331
TDMs with Triplet 'Ground' state
TDMX:0.787   TDMY:0.000   TDMZ:0.000   Oscillator Strength:0.05672   <S**2>: 2.000
--------------------------------------------------------------------
TDMs with Singlet 'Ground' state
TDMX:0.000   TDMY:0.000   TDMZ:0.000   Oscillator Strength:0.00000   <S**2>: 2.000
--------------------------------------------------------------------


State 12 4.056 eV
Excitation                         CI Coef       TDM X       TDM Y       TDM Z       |TDM|
|3^CS(2->0)>                     -0.15938    0.14183   -0.00000   -0.10734    0.00821
|3^CS(1->0)>                      0.33761   -0.26925    0.00000   -0.00095    0.00007
|3^CS(2->0')>                    -0.15938   -0.14183   -0.00000   -0.10734    0.00821
|3^CS(1->0')>                    -0.33761    0.26925   -0.00000   -0.00095    0.00007
|3^SV(0->1')>                    -0.34313   -0.26871   -0.00000    0.01112   -0.00085
|3^SV(0->2')>                     0.15958    0.13979    0.00000   -0.11396    0.00872
|3^SV(0'->1')>                   -0.34313    0.26871   -0.00000    0.01112   -0.00085
|3^SV(0'->2')>                   -0.15958   -0.13979   -0.00000   -0.11396    0.00872
|3T^CV(2->2')>                    0.05572   -0.00000    0.00000   -0.06056    0.00463
|3T^CV(1->1')>                   -0.11067   -0.00000   -0.00000   -0.17613    0.01348
|3S^CV(2->1')>                    0.45645    0.00000    0.00000   -0.04860    0.00372
|3S^CV(1->2')>                   -0.44437    0.00000   -0.00000   -0.05817    0.00445
|3X^CV(3->1')>                   -0.05682   -0.00000   -0.00000    0.00770   -0.00059
|3X^CV(1->3')>                    0.05166   -0.00000    0.00000    0.00635   -0.00049
TDMs with Triplet 'Ground' state
TDMX:0.000   TDMY:0.000   TDMZ:-0.770   Oscillator Strength:0.05891   <S**2>: 2.000
--------------------------------------------------------------------
TDMs with Singlet 'Ground' state
TDMX:0.000   TDMY:0.000   TDMZ:0.000   Oscillator Strength:0.00000   <S**2>: 2.000
--------------------------------------------------------------------


State 13 4.096 eV
Excitation                         CI Coef       TDM X       TDM Y       TDM Z       |TDM|
|3^CS(3->0)>                     -0.13099   -0.01320   -0.00000    0.00292    0.00000
|3^CS(2->0)>                     -0.15057    0.13399   -0.00000   -0.10141   -0.00005
|3^CS(1->0)>                     -0.05044    0.04023   -0.00000    0.00014   -0.00001
|3^CS(3->0')>                    -0.13099   -0.01320   -0.00000   -0.00292    0.00000
|3^CS(2->0')>                     0.15057    0.13399    0.00000    0.10141   -0.00005
|3^CS(1->0')>                    -0.05044    0.04023   -0.00000   -0.00014   -0.00001
|3^SV(0->1')>                    -0.05904   -0.04624   -0.00000    0.00191    0.00002
|3^SV(0->2')>                    -0.14751   -0.12921   -0.00000    0.10534    0.00005
|3^SV(0->3')>                    -0.12829    0.01373   -0.00000   -0.00569   -0.00001
|3^SV(0'->1')>                    0.05904   -0.04624    0.00000   -0.00191    0.00002
|3^SV(0'->2')>                   -0.14751   -0.12921   -0.00000   -0.10534    0.00005
|3^SV(0'->3')>                    0.12829    0.01373    0.00000    0.00569   -0.00001
|3T^CV(3->2')>                    0.05985    0.00868    0.00000    0.00000   -0.00000
|3T^CV(2->3')>                   -0.05996   -0.00729   -0.00000   -0.00000    0.00000
|3S^CV(3->3')>                   -0.15778    0.00032   -0.00000    0.00000   -0.00000
|3S^CV(2->2')>                    0.06014   -0.00005    0.00000    0.00000    0.00000
|3S^CV(1->1')>                   -0.71268    0.00184   -0.00000   -0.00000   -0.00000
|3X^CV(3->2')>                    0.07023    0.01767    0.00000   -0.00000   -0.00001
|3X^CV(2->1')>                    0.37549   -0.04278    0.00000   -0.00000    0.00002
|3X^CV(2->3')>                    0.06188   -0.01538    0.00000    0.00000    0.00001
|3X^CV(1->2')>                    0.36557    0.03947    0.00000    0.00000   -0.00001
TDMs with Triplet 'Ground' state
TDMX:-0.004   TDMY:0.000   TDMZ:0.000   Oscillator Strength:0.00000   <S**2>: 2.000
--------------------------------------------------------------------
TDMs with Singlet 'Ground' state
TDMX:0.000   TDMY:0.000   TDMZ:0.000   Oscillator Strength:0.00000   <S**2>: 2.000
--------------------------------------------------------------------


State 14 4.211 eV
Excitation                         CI Coef       TDM X       TDM Y       TDM Z       |TDM|
|1^OS>                            0.10150   -0.00000    0.00000    0.02071    0.00000
|1^CS(3->0)>                      0.26156   -0.04864    0.00000    0.01006   -0.00000
|1^CS(2->0)>                     -0.32605   -0.26142   -0.00000    0.25653    0.00000
|1^CS(3->0')>                     0.26156    0.04864    0.00000    0.01006    0.00000
|1^CS(2->0')>                     0.32605    0.26142    0.00000    0.25653    0.00000
|1^SV(0->2')>                     0.32605    0.26142    0.00000   -0.25907   -0.00000
|1^SV(0->3')>                    -0.26207    0.05249   -0.00000   -0.01091    0.00000
|1^SV(0'->2')>                   -0.32605   -0.26142   -0.00000   -0.25907   -0.00000
|1^SV(0'->3')>                   -0.26207   -0.05249   -0.00000   -0.01091   -0.00000
|1T^CV(3->2')>                   -0.36488    0.00000   -0.00000   -0.04942   -0.00000
|1T^CV(2->1')>                    0.07333   -0.00000    0.00000    0.00774    0.00000
|1T^CV(2->3')>                   -0.36630   -0.00000   -0.00000    0.04047    0.00000
|1T^CV(1->2')>                    0.08011    0.00000    0.00000   -0.01044   -0.00000
TDMs with Triplet 'Ground' state
TDMX:0.000   TDMY:0.000   TDMZ:0.000   Oscillator Strength:0.00000   <S**2>: 0.000
--------------------------------------------------------------------
TDMs with Singlet 'Ground' state
TDMX:0.000   TDMY:0.000   TDMZ:0.000   Oscillator Strength:0.00000   <S**2>: 0.000
--------------------------------------------------------------------


State 15 4.287 eV
Excitation                         CI Coef       TDM X       TDM Y       TDM Z       |TDM|
|3^CS(3->0)>                      0.12202    0.01230    0.00000   -0.00272    0.00001
|3^CS(2->0)>                      0.06646   -0.05914    0.00000    0.04476   -0.00021
|3^CS(1->0)>                      0.05712   -0.04556    0.00000   -0.00016    0.00000
|3^CS(3->0')>                    -0.12202   -0.01230   -0.00000   -0.00272    0.00001
|3^CS(2->0')>                     0.06646    0.05914    0.00000    0.04476   -0.00021
|3^CS(1->0')>                    -0.05712    0.04556   -0.00000   -0.00016    0.00000
|3^SV(0->1')>                     0.06922    0.05421    0.00000   -0.00224    0.00001
|3^SV(0->2')>                     0.09253    0.08105    0.00000   -0.06607    0.00031
|3^SV(0->3')>                     0.11627   -0.01244    0.00000    0.00515   -0.00002
|3^SV(0'->1')>                    0.06922   -0.05421    0.00000   -0.00224    0.00001
|3^SV(0'->2')>                   -0.09253   -0.08105   -0.00000   -0.06607    0.00031
|3^SV(0'->3')>                    0.11627    0.01244    0.00000    0.00515   -0.00002
|3S^CV(2->1')>                   -0.51385   -0.00000   -0.00000    0.05472   -0.00025
|3S^CV(1->2')>                   -0.51582    0.00000   -0.00000   -0.06753    0.00031
|3X^CV(3->3')>                    0.16523   -0.00000    0.00000    0.00368   -0.00002
|3X^CV(2->2')>                    0.05416    0.00000    0.00000    0.00242   -0.00001
|3X^CV(1->1')>                    0.57211    0.00000    0.00000    0.02087   -0.00010
TDMs with Triplet 'Ground' state
TDMX:-0.000   TDMY:0.000   TDMZ:-0.044   Oscillator Strength:0.00020   <S**2>: 2.000
--------------------------------------------------------------------
TDMs with Singlet 'Ground' state
TDMX:0.000   TDMY:0.000   TDMZ:0.000   Oscillator Strength:0.00000   <S**2>: 2.000
--------------------------------------------------------------------


State 16 4.352 eV
Excitation                         CI Coef       TDM X       TDM Y       TDM Z       |TDM|
|5^CV(3->2')>                    -0.09574   -0.00000   -0.00000   -0.00000    0.00000
|5^CV(2->1')>                     0.69870    0.00000    0.00000    0.00000    0.00000
|5^CV(2->3')>                    -0.10870   -0.00000   -0.00000   -0.00000    0.00000
|5^CV(1->2')>                     0.70060    0.00000    0.00000    0.00000    0.00000
TDMs with Triplet 'Ground' state
TDMX:0.000   TDMY:0.000   TDMZ:0.000   Oscillator Strength:0.00000   <S**2>: 6.000
--------------------------------------------------------------------
TDMs with Singlet 'Ground' state
TDMX:0.000   TDMY:0.000   TDMZ:0.000   Oscillator Strength:0.00000   <S**2>: 6.000
--------------------------------------------------------------------


State 17 4.420 eV
Excitation                         CI Coef       TDM X       TDM Y       TDM Z       |TDM|
|1^ZW+>                          -0.26018   -0.00000   -0.00000   -0.17272    0.00909
|1^CS(3->0)>                      0.06138   -0.01141    0.00000    0.00236   -0.00012
|1^CS(2->0)>                      0.20988    0.16828    0.00000   -0.16513    0.00869
|1^CS(1->0)>                      0.32574    0.25223    0.00000    0.04202   -0.00221
|1^CS(3->0')>                     0.06138    0.01141    0.00000    0.00236   -0.00012
|1^CS(2->0')>                    -0.20988   -0.16828   -0.00000   -0.16513    0.00869
|1^CS(1->0')>                     0.32574   -0.25223    0.00000    0.04202   -0.00221
|1^SV(0->1')>                     0.32682    0.25190    0.00000    0.04033   -0.00212
|1^SV(0->2')>                     0.20988    0.16828    0.00000   -0.16677    0.00877
|1^SV(0->3')>                     0.05533   -0.01108    0.00000    0.00230   -0.00012
|1^SV(0'->1')>                    0.32682   -0.25190    0.00000    0.04033   -0.00212
|1^SV(0'->2')>                   -0.20988   -0.16828   -0.00000   -0.16677    0.00877
|1^SV(0'->3')>                    0.05533    0.01108    0.00000    0.00230   -0.00012
|1S^CV(2->2')>                    0.26015   -0.00000    0.00000   -0.35115    0.01847
|1S^CV(1->1')>                    0.25388    0.00000    0.00000    0.43830   -0.02306
|1T^CV(3->2')>                   -0.10946    0.00000   -0.00000   -0.01482    0.00078
|1T^CV(2->1')>                    0.27628   -0.00000    0.00000    0.02914   -0.00153
|1T^CV(2->3')>                    0.10436    0.00000    0.00000   -0.01153    0.00061
|1T^CV(1->2')>                   -0.27429   -0.00000   -0.00000    0.03576   -0.00188
TDMs with Triplet 'Ground' state
TDMX:0.000   TDMY:0.000   TDMZ:0.000   Oscillator Strength:0.00000   <S**2>: 0.000
--------------------------------------------------------------------
TDMs with Singlet 'Ground' state
TDMX:0.000   TDMY:0.000   TDMZ:-0.535   Oscillator Strength:0.02816   <S**2>: 0.000
--------------------------------------------------------------------


State 18 4.461 eV
Excitation                         CI Coef       TDM X       TDM Y       TDM Z       |TDM|
|5^CV(3->1')>                     0.13099    0.00000    0.00000    0.00000    0.00000
|5^CV(3->3')>                    -0.09067   -0.00000   -0.00000   -0.00000    0.00000
|5^CV(2->2')>                    -0.82723   -0.00000   -0.00000   -0.00000    0.00000
|5^CV(1->1')>                     0.52460    0.00000    0.00000    0.00000    0.00000
|5^CV(1->3')>                     0.12295    0.00000    0.00000    0.00000    0.00000
TDMs with Triplet 'Ground' state
TDMX:0.000   TDMY:0.000   TDMZ:0.000   Oscillator Strength:0.00000   <S**2>: 6.000
--------------------------------------------------------------------
TDMs with Singlet 'Ground' state
TDMX:0.000   TDMY:0.000   TDMZ:0.000   Oscillator Strength:0.00000   <S**2>: 6.000
--------------------------------------------------------------------


State 19 4.633 eV
Excitation                         CI Coef       TDM X       TDM Y       TDM Z       |TDM|
|3^CS(3->0)>                     -0.29924   -0.03016   -0.00000    0.00667    0.00009
|3^CS(2->0)>                      0.05553   -0.04942    0.00000    0.03740    0.00015
|3^CS(1->0)>                      0.08163   -0.06510    0.00000   -0.00023    0.00020
|3^CS(3->0')>                    -0.29924   -0.03016   -0.00000   -0.00667    0.00009
|3^CS(2->0')>                    -0.05553   -0.04942   -0.00000   -0.03740    0.00015
|3^CS(1->0')>                     0.08163   -0.06510    0.00000    0.00023    0.00020
|3^SV(0->1')>                     0.07326    0.05737    0.00000   -0.00237   -0.00018
|3^SV(0->2')>                     0.05013    0.04391    0.00000   -0.03579   -0.00013
|3^SV(0->3')>                    -0.30169    0.03228   -0.00000   -0.01337   -0.00010
|3^SV(0'->1')>                   -0.07326    0.05737   -0.00000    0.00237   -0.00018
|3^SV(0'->2')>                    0.05013    0.04391    0.00000    0.03579   -0.00013
|3^SV(0'->3')>                    0.30169    0.03228    0.00000    0.01337   -0.00010
|3T^CV(3->2')>                    0.07197    0.01044    0.00000    0.00000   -0.00003
|3T^CV(2->1')>                    0.10363    0.12676    0.00000   -0.00000   -0.00039
|3T^CV(2->3')>                   -0.07328   -0.00891   -0.00000   -0.00000    0.00003
|3T^CV(1->2')>                   -0.10743   -0.13117   -0.00000    0.00000    0.00040
|3S^CV(3->1')>                    0.31518    0.03839    0.00000   -0.00000   -0.00012
|3S^CV(2->2')>                    0.16490   -0.00014    0.00000    0.00000    0.00000
|3S^CV(1->1')>                    0.32407   -0.00084    0.00000    0.00000    0.00000
|3S^CV(1->3')>                    0.31067   -0.03769    0.00000   -0.00000    0.00012
|3X^CV(3->2')>                    0.34332    0.08637    0.00000   -0.00000   -0.00026
|3X^CV(2->3')>                    0.34454   -0.08566    0.00000    0.00000    0.00026
TDMs with Triplet 'Ground' state
TDMX:-0.027   TDMY:0.000   TDMZ:-0.000   Oscillator Strength:0.00008   <S**2>: 2.000
--------------------------------------------------------------------
TDMs with Singlet 'Ground' state
TDMX:0.000   TDMY:0.000   TDMZ:0.000   Oscillator Strength:0.00000   <S**2>: 2.000
--------------------------------------------------------------------


State 20 4.681 eV
Excitation                         CI Coef       TDM X       TDM Y       TDM Z       |TDM|
|3^CS(2->0)>                     -0.38555    0.34310   -0.00000   -0.25966    0.03524
|3^CS(1->0)>                     -0.19883    0.15857   -0.00000    0.00056   -0.00008
|3^CS(2->0')>                    -0.38555   -0.34310   -0.00000   -0.25966    0.03524
|3^CS(1->0')>                     0.19883   -0.15857    0.00000    0.00056   -0.00008
|3^SV(0->1')>                     0.18886    0.14789    0.00000   -0.00612    0.00083
|3^SV(0->2')>                     0.37891    0.33190    0.00000   -0.27058    0.03672
|3^SV(0'->1')>                    0.18886   -0.14789    0.00000   -0.00612    0.00083
|3^SV(0'->2')>                   -0.37891   -0.33190   -0.00000   -0.27058    0.03672
|3T^CV(2->2')>                    0.41055   -0.00000    0.00000   -0.44619    0.06055
|3T^CV(1->1')>                    0.22946    0.00000    0.00000    0.36518   -0.04956
|3S^CV(3->2')>                    0.08566    0.00000    0.00000   -0.01089    0.00148
|3S^CV(2->3')>                   -0.08728    0.00000   -0.00000   -0.00973    0.00132
|3X^CV(1->1')>                   -0.05482   -0.00000   -0.00000   -0.00200    0.00027
|3X^CV(1->3')>                   -0.08948    0.00000   -0.00000   -0.01100    0.00149
|3^CSD(2,1)>                      0.07217    0.00000    0.00000    0.00480   -0.00065
TDMs with Triplet 'Ground' state
TDMX:0.000   TDMY:0.000   TDMZ:-1.183   Oscillator Strength:0.16061   <S**2>: 2.000
--------------------------------------------------------------------
TDMs with Singlet 'Ground' state
TDMX:0.000   TDMY:0.000   TDMZ:0.000   Oscillator Strength:0.00000   <S**2>: 2.000
--------------------------------------------------------------------


State 21 4.811 eV
Excitation                         CI Coef       TDM X       TDM Y       TDM Z       |TDM|
|3^CS(3->0)>                     -0.27413   -0.02763   -0.00000    0.00611   -0.00005
|3^CS(3->0')>                     0.27413    0.02763    0.00000    0.00611   -0.00005
|3^SV(0->2')>                     0.07448    0.06524    0.00000   -0.05319    0.00041
|3^SV(0->3')>                    -0.26864    0.02874   -0.00000   -0.01191    0.00009
|3^SV(0'->2')>                   -0.07448   -0.06524   -0.00000   -0.05319    0.00041
|3^SV(0'->3')>                   -0.26864   -0.02874   -0.00000   -0.01191    0.00009
|3S^CV(3->2')>                    0.34273    0.00000    0.00000   -0.04358    0.00033
|3S^CV(2->1')>                    0.11059    0.00000    0.00000   -0.01178    0.00009
|3S^CV(2->3')>                    0.33063   -0.00000    0.00000    0.03686   -0.00028
|3S^CV(1->2')>                    0.08828   -0.00000    0.00000    0.01156   -0.00009
|3X^CV(3->1')>                    0.35609    0.00000    0.00000   -0.04826    0.00037
|3X^CV(2->2')>                    0.11050    0.00000    0.00000    0.00495   -0.00004
|3X^CV(1->1')>                    0.41872    0.00000    0.00000    0.01528   -0.00012
|3X^CV(1->3')>                    0.33931   -0.00000    0.00000    0.04172   -0.00032
TDMs with Triplet 'Ground' state
TDMX:0.000   TDMY:0.000   TDMZ:-0.065   Oscillator Strength:0.00050   <S**2>: 2.000
--------------------------------------------------------------------
TDMs with Singlet 'Ground' state
TDMX:0.000   TDMY:0.000   TDMZ:0.000   Oscillator Strength:0.00000   <S**2>: 2.000
--------------------------------------------------------------------


State 22 4.939 eV
Excitation                         CI Coef       TDM X       TDM Y       TDM Z       |TDM|
|3^CS(2->0)>                     -0.40701    0.36219   -0.00000   -0.27411    0.11960
|3^CS(1->0)>                     -0.20495    0.16346   -0.00000    0.00058    0.05398
|3^CS(2->0')>                     0.40701    0.36219    0.00000    0.27411    0.11960
|3^CS(1->0')>                    -0.20495    0.16346   -0.00000   -0.00058    0.05398
|3^SV(0->1')>                     0.20468    0.16029    0.00000   -0.00663    0.05293
|3^SV(0->2')>                     0.40885    0.35813    0.00000   -0.29196    0.11826
|3^SV(0'->1')>                   -0.20468    0.16029   -0.00000    0.00663    0.05293
|3^SV(0'->2')>                    0.40885    0.35813    0.00000    0.29196    0.11826
|3T^CV(3->2')>                   -0.07013   -0.01017   -0.00000   -0.00000   -0.00336
|3T^CV(2->1')>                    0.21464    0.26253    0.00000   -0.00000    0.08669
|3T^CV(2->3')>                   -0.07469   -0.00908   -0.00000   -0.00000   -0.00300
|3T^CV(1->2')>                    0.21765    0.26573    0.00000   -0.00000    0.08775
|3S^CV(3->1')>                    0.05563    0.00678    0.00000   -0.00000    0.00224
|3S^CV(1->3')>                   -0.05310    0.00644   -0.00000    0.00000    0.00213
|3X^CV(3->2')>                    0.12802    0.03221    0.00000   -0.00000    0.01063
|3X^CV(2->1')>                    0.05535   -0.00631    0.00000   -0.00000   -0.00208
|3X^CV(2->3')>                   -0.12163    0.03024   -0.00000   -0.00000    0.00999
|3X^CV(1->2')>                   -0.05871   -0.00634   -0.00000   -0.00000   -0.00209
|3^ZCV0(2->2')>                  -0.05753    0.01346   -0.00000    0.00014    0.00445
|3^ZCV0'(5->2')>                 -0.05753    0.01346   -0.00000   -0.00014    0.00445
TDMs with Triplet 'Ground' state
TDMX:2.729   TDMY:0.000   TDMZ:0.000   Oscillator Strength:0.90118   <S**2>: 2.000
--------------------------------------------------------------------
TDMs with Singlet 'Ground' state
TDMX:0.000   TDMY:0.000   TDMZ:0.000   Oscillator Strength:0.00000   <S**2>: 2.000
--------------------------------------------------------------------


State 23 5.053 eV
Excitation                         CI Coef       TDM X       TDM Y       TDM Z       |TDM|
|1^ZW->                          -0.23939    0.00000   -0.00000    0.00000    0.00000
|1^CS(3->0)>                      0.17789   -0.03308    0.00000    0.00684   -0.00002
|1^CS(2->0)>                     -0.10546   -0.08455   -0.00000    0.08297   -0.00005
|1^CS(3->0')>                    -0.17789   -0.03308   -0.00000   -0.00684   -0.00002
|1^CS(2->0')>                    -0.10546   -0.08455   -0.00000   -0.08297   -0.00005
|1^SV(0->2')>                     0.10625    0.08519    0.00000   -0.08442    0.00005
|1^SV(0->3')>                    -0.17779    0.03561   -0.00000   -0.00740    0.00002
|1^SV(0'->2')>                    0.10625    0.08519    0.00000    0.08442    0.00005
|1^SV(0'->3')>                    0.17779    0.03561    0.00000    0.00740    0.00002
|1S^CV(3->2')>                    0.05754    0.00551    0.00000    0.00000    0.00000
|1S^CV(2->1')>                   -0.10073   -0.14787   -0.00000    0.00000   -0.00008
|1S^CV(2->3')>                   -0.05591   -0.00384   -0.00000   -0.00000   -0.00000
|1S^CV(1->2')>                    0.10062    0.14755    0.00000   -0.00000    0.00008
|1T^CV(3->1')>                   -0.34028    0.04112   -0.00000    0.00000    0.00002
|1T^CV(2->2')>                    0.22162   -0.00000    0.00000   -0.00000   -0.00000
|1T^CV(1->1')>                   -0.68213   -0.00153   -0.00000    0.00000   -0.00000
|1T^CV(1->3')>                   -0.32769   -0.03960   -0.00000   -0.00000   -0.00002
TDMs with Triplet 'Ground' state
TDMX:0.000   TDMY:0.000   TDMZ:0.000   Oscillator Strength:0.00000   <S**2>: 0.000
--------------------------------------------------------------------
TDMs with Singlet 'Ground' state
TDMX:0.005   TDMY:0.000   TDMZ:0.000   Oscillator Strength:0.00000   <S**2>: 0.000
--------------------------------------------------------------------


State 24 5.095 eV
Excitation                         CI Coef       TDM X       TDM Y       TDM Z       |TDM|
|5^CV(2->1')>                     0.70611    0.00000    0.00000    0.00000    0.00000
|5^CV(1->2')>                    -0.70669   -0.00000   -0.00000   -0.00000    0.00000
TDMs with Triplet 'Ground' state
TDMX:0.000   TDMY:0.000   TDMZ:0.000   Oscillator Strength:0.00000   <S**2>: 6.000
--------------------------------------------------------------------
TDMs with Singlet 'Ground' state
TDMX:0.000   TDMY:0.000   TDMZ:0.000   Oscillator Strength:0.00000   <S**2>: 6.000
--------------------------------------------------------------------


State 25 5.096 eV
Excitation                         CI Coef       TDM X       TDM Y       TDM Z       |TDM|
|1^CS(3->0)>                      0.06851   -0.01274    0.00000    0.00263    0.00414
|1^CS(2->0)>                     -0.23746   -0.19039   -0.00000    0.18683    0.06183
|1^CS(1->0)>                     -0.37167   -0.28779   -0.00000   -0.04794    0.09347
|1^CS(3->0')>                    -0.06851   -0.01274   -0.00000   -0.00263    0.00414
|1^CS(2->0')>                    -0.23746   -0.19039   -0.00000   -0.18683    0.06183
|1^CS(1->0')>                     0.37167   -0.28779    0.00000    0.04794    0.09347
|1^SV(0->1')>                    -0.37027   -0.28538   -0.00000   -0.04569    0.09268
|1^SV(0->2')>                    -0.23707   -0.19008   -0.00000    0.18837    0.06173
|1^SV(0->3')>                     0.07488   -0.01500    0.00000    0.00312    0.00487
|1^SV(0'->1')>                    0.37027   -0.28538    0.00000    0.04569    0.09268
|1^SV(0'->2')>                   -0.23707   -0.19008   -0.00000   -0.18837    0.06173
|1^SV(0'->3')>                   -0.07488   -0.01500   -0.00000   -0.00312    0.00487
|1S^CV(3->2')>                    0.06701    0.00642    0.00000    0.00000   -0.00209
|1S^CV(2->1')>                   -0.28387   -0.41671   -0.00000    0.00000    0.13533
|1S^CV(2->3')>                    0.07215    0.00495    0.00000    0.00000   -0.00161
|1S^CV(1->2')>                   -0.28517   -0.41819   -0.00000    0.00000    0.13581
|1T^CV(3->1')>                    0.11065   -0.01337    0.00000   -0.00000    0.00434
|1T^CV(1->3')>                   -0.11187   -0.01352   -0.00000   -0.00000    0.00439
TDMs with Triplet 'Ground' state
TDMX:0.000   TDMY:0.000   TDMZ:0.000   Oscillator Strength:0.00000   <S**2>: 0.000
--------------------------------------------------------------------
TDMs with Singlet 'Ground' state
TDMX:-2.828   TDMY:0.000   TDMZ:0.000   Oscillator Strength:0.91846   <S**2>: 0.000
--------------------------------------------------------------------


State 26 5.153 eV
Excitation                         CI Coef       TDM X       TDM Y       TDM Z       |TDM|
|3^CS(3->0)>                      0.05100    0.00514    0.00000   -0.00114    0.00001
|3^CS(2->0)>                     -0.07527    0.06698   -0.00000   -0.05069    0.00014
|3^CS(3->0')>                     0.05100    0.00514    0.00000    0.00114    0.00001
|3^CS(2->0')>                     0.07527    0.06698    0.00000    0.05069    0.00014
|3^SV(0->2')>                    -0.07187   -0.06296   -0.00000    0.05132   -0.00013
|3^SV(0'->2')>                   -0.07187   -0.06296   -0.00000   -0.05132   -0.00013
|3T^CV(2->1')>                    0.41013    0.50163    0.00000   -0.00000    0.00106
|3T^CV(1->2')>                   -0.40790   -0.49802   -0.00000    0.00000   -0.00105
|3S^CV(3->1')>                    0.15655    0.01907    0.00000   -0.00000    0.00004
|3S^CV(3->3')>                   -0.07763    0.00016   -0.00000    0.00000    0.00000
|3S^CV(2->2')>                   -0.53579    0.00046   -0.00000   -0.00000    0.00000
|3S^CV(1->1')>                    0.26109   -0.00067    0.00000    0.00000   -0.00000
|3S^CV(1->3')>                    0.15338   -0.01861    0.00000   -0.00000   -0.00004
|3X^CV(3->2')>                   -0.20616   -0.05186   -0.00000    0.00000   -0.00011
|3X^CV(2->1')>                    0.25226   -0.02874    0.00000   -0.00000   -0.00006
|3X^CV(2->3')>                   -0.21013    0.05224   -0.00000   -0.00000    0.00011
|3X^CV(1->2')>                    0.25866    0.02793    0.00000    0.00000    0.00006
TDMs with Triplet 'Ground' state
TDMX:0.017   TDMY:0.000   TDMZ:-0.000   Oscillator Strength:0.00004   <S**2>: 2.000
--------------------------------------------------------------------
TDMs with Singlet 'Ground' state
TDMX:0.000   TDMY:0.000   TDMZ:0.000   Oscillator Strength:0.00000   <S**2>: 2.000
--------------------------------------------------------------------


State 27 5.240 eV
Excitation                         CI Coef       TDM X       TDM Y       TDM Z       |TDM|
|1^ZW->                          -0.22124    0.00000   -0.00000    0.00000   -0.00000
|1^CS(3->0)>                      0.09450   -0.01757    0.00000    0.00363    0.00000
|1^CS(1->0)>                      0.12320    0.09540    0.00000    0.01589   -0.00001
|1^CS(3->0')>                    -0.09450   -0.01757   -0.00000   -0.00363    0.00000
|1^CS(1->0')>                    -0.12320    0.09540   -0.00000   -0.01589   -0.00001
|1^SV(0->1')>                    -0.12524   -0.09653   -0.00000   -0.01546    0.00001
|1^SV(0->3')>                    -0.09208    0.01844   -0.00000   -0.00383   -0.00000
|1^SV(0'->1')>                    0.12524   -0.09653    0.00000    0.01546    0.00001
|1^SV(0'->3')>                    0.09208    0.01844    0.00000    0.00383   -0.00000
|1S^CV(2->1')>                   -0.59860   -0.87873   -0.00000    0.00000    0.00010
|1S^CV(1->2')>                    0.59769    0.87648    0.00000   -0.00000   -0.00010
|1T^CV(3->3')>                    0.10519    0.00024    0.00000    0.00000   -0.00000
|1T^CV(2->2')>                   -0.06833    0.00000   -0.00000    0.00000   -0.00000
|1T^CV(1->1')>                    0.33953    0.00076    0.00000   -0.00000   -0.00000
TDMs with Triplet 'Ground' state
TDMX:0.000   TDMY:0.000   TDMZ:0.000   Oscillator Strength:0.00000   <S**2>: 0.000
--------------------------------------------------------------------
TDMs with Singlet 'Ground' state
TDMX:-0.001   TDMY:0.000   TDMZ:0.000   Oscillator Strength:0.00000   <S**2>: 0.000
--------------------------------------------------------------------


State 28 5.444 eV
Excitation                         CI Coef       TDM X       TDM Y       TDM Z       |TDM|
|3^CS(3->0)>                      0.07450    0.00751    0.00000   -0.00166    0.00001
|3^CS(1->0)>                      0.10205   -0.08139    0.00000   -0.00029    0.00000
|3^CS(3->0')>                    -0.07450   -0.00751   -0.00000   -0.00166    0.00001
|3^CS(1->0')>                    -0.10205    0.08139   -0.00000   -0.00029    0.00000
|3^SV(0->1')>                     0.11625    0.09104    0.00000   -0.00377    0.00002
|3^SV(0->3')>                     0.07894   -0.00845    0.00000    0.00350   -0.00001
|3^SV(0'->1')>                    0.11625   -0.09104    0.00000   -0.00377    0.00002
|3^SV(0'->3')>                    0.07894    0.00845    0.00000    0.00350   -0.00001
|3T^CV(3->1')>                   -0.06987   -0.00000   -0.00000    0.00878   -0.00004
|3T^CV(1->3')>                    0.06856   -0.00000    0.00000   -0.01082    0.00005
|3S^CV(3->2')>                   -0.41922   -0.00000   -0.00000    0.05331   -0.00022
|3S^CV(2->1')>                    0.19654    0.00000    0.00000   -0.02093    0.00009
|3S^CV(2->3')>                   -0.43347    0.00000   -0.00000   -0.04832    0.00020
|3S^CV(1->2')>                    0.22329   -0.00000    0.00000    0.02923   -0.00012
|3X^CV(3->1')>                    0.35010    0.00000    0.00000   -0.04745    0.00020
|3X^CV(2->2')>                   -0.35559   -0.00000   -0.00000   -0.01592    0.00007
|3X^CV(1->1')>                    0.29414    0.00000    0.00000    0.01073   -0.00004
|3X^CV(1->3')>                    0.33952   -0.00000    0.00000    0.04175   -0.00017
|3^CSD(2,1)>                     -0.05418   -0.00000   -0.00000   -0.00360    0.00002
TDMs with Triplet 'Ground' state
TDMX:0.000   TDMY:0.000   TDMZ:-0.031   Oscillator Strength:0.00013   <S**2>: 2.000
--------------------------------------------------------------------
TDMs with Singlet 'Ground' state
TDMX:0.000   TDMY:0.000   TDMZ:0.000   Oscillator Strength:0.00000   <S**2>: 2.000
--------------------------------------------------------------------


State 29 5.598 eV
Excitation                         CI Coef       TDM X       TDM Y       TDM Z       |TDM|
|5^CV(3->1')>                     0.69061    0.00000    0.00000    0.00000    0.00000
|5^CV(3->3')>                    -0.07782   -0.00000   -0.00000   -0.00000    0.00000
|5^CV(2->2')>                     0.14854    0.00000    0.00000    0.00000    0.00000
|5^CV(1->1')>                    -0.11435   -0.00000   -0.00000   -0.00000    0.00000
|5^CV(1->3')>                     0.69417    0.00000    0.00000    0.00000    0.00000
TDMs with Triplet 'Ground' state
TDMX:0.000   TDMY:0.000   TDMZ:0.000   Oscillator Strength:0.00000   <S**2>: 6.000
--------------------------------------------------------------------
TDMs with Singlet 'Ground' state
TDMX:0.000   TDMY:0.000   TDMZ:0.000   Oscillator Strength:0.00000   <S**2>: 6.000
--------------------------------------------------------------------


State 30 5.692 eV
Excitation                         CI Coef       TDM X       TDM Y       TDM Z       |TDM|
|3^CS(2->0)>                      0.05439   -0.04841    0.00000    0.03663    0.00003
|3^CS(2->0')>                    -0.05439   -0.04841   -0.00000   -0.03663    0.00003
|3^SV(0->2')>                     0.05381    0.04713    0.00000   -0.03842   -0.00003
|3^SV(0'->2')>                    0.05381    0.04713    0.00000    0.03842   -0.00003
|3T^CV(2->1')>                    0.44147    0.53996    0.00000   -0.00000   -0.00033
|3T^CV(1->2')>                   -0.44240   -0.54014   -0.00000    0.00000    0.00033
|3S^CV(3->1')>                   -0.46986   -0.05723   -0.00000    0.00000    0.00004
|3S^CV(3->3')>                    0.07753   -0.00016    0.00000   -0.00000    0.00000
|3S^CV(2->2')>                    0.10979   -0.00010    0.00000    0.00000    0.00000
|3S^CV(1->3')>                   -0.47200    0.05727   -0.00000    0.00000   -0.00004
|3X^CV(3->2')>                    0.25306    0.06366    0.00000   -0.00000   -0.00004
|3X^CV(2->3')>                    0.25133   -0.06248    0.00000    0.00000    0.00004
TDMs with Triplet 'Ground' state
TDMX:-0.004   TDMY:0.000   TDMZ:-0.000   Oscillator Strength:0.00000   <S**2>: 2.000
--------------------------------------------------------------------
TDMs with Singlet 'Ground' state
TDMX:0.000   TDMY:0.000   TDMZ:0.000   Oscillator Strength:0.00000   <S**2>: 2.000
--------------------------------------------------------------------


State 31 5.708 eV
Excitation                         CI Coef       TDM X       TDM Y       TDM Z       |TDM|
|1^ZW+>                           0.42918    0.00000    0.00000    0.28490   -0.02909
|1^CS(3->0)>                     -0.23000    0.04277   -0.00000   -0.00885    0.00090
|1^CS(2->0)>                      0.21396    0.17155    0.00000   -0.16834    0.01719
|1^CS(3->0')>                    -0.23000   -0.04277   -0.00000   -0.00885    0.00090
|1^CS(2->0')>                    -0.21396   -0.17155   -0.00000   -0.16834    0.01719
|1^SV(0->2')>                     0.21396    0.17155    0.00000   -0.17001    0.01736
|1^SV(0->3')>                    -0.23024    0.04611   -0.00000   -0.00959    0.00098
|1^SV(0'->2')>                   -0.21396   -0.17155   -0.00000   -0.17001    0.01736
|1^SV(0'->3')>                   -0.23024   -0.04611   -0.00000   -0.00959    0.00098
|1S^CV(3->1')>                   -0.06708    0.00000   -0.00000    0.00847   -0.00086
|1S^CV(2->2')>                    0.43667   -0.00000    0.00000   -0.58942    0.06018
|1S^CV(1->1')>                    0.14140    0.00000    0.00000    0.24412   -0.02493
|1S^CV(1->3')>                   -0.07063   -0.00000   -0.00000    0.01126   -0.00115
|1T^CV(3->2')>                    0.09699   -0.00000    0.00000    0.01314   -0.00134
|1T^CV(2->1')>                   -0.28825    0.00000   -0.00000   -0.03041    0.00310
|1T^CV(2->3')>                   -0.09167   -0.00000   -0.00000    0.01013   -0.00103
|1T^CV(1->2')>                    0.28650    0.00000    0.00000   -0.03735    0.00381
TDMs with Triplet 'Ground' state
TDMX:0.000   TDMY:0.000   TDMZ:0.000   Oscillator Strength:0.00000   <S**2>: 0.000
--------------------------------------------------------------------
TDMs with Singlet 'Ground' state
TDMX:-0.000   TDMY:0.000   TDMZ:-0.786   Oscillator Strength:0.08029   <S**2>: 0.000
--------------------------------------------------------------------


State 32 5.790 eV
Excitation                         CI Coef       TDM X       TDM Y       TDM Z       |TDM|
|5^CV(3->2')>                    -0.70060   -0.00000   -0.00000   -0.00000    0.00000
|5^CV(2->1')>                    -0.10870   -0.00000   -0.00000   -0.00000    0.00000
|5^CV(2->3')>                    -0.69870   -0.00000   -0.00000   -0.00000    0.00000
|5^CV(1->2')>                    -0.09574   -0.00000   -0.00000   -0.00000    0.00000
TDMs with Triplet 'Ground' state
TDMX:0.000   TDMY:0.000   TDMZ:0.000   Oscillator Strength:0.00000   <S**2>: 6.000
--------------------------------------------------------------------
TDMs with Singlet 'Ground' state
TDMX:0.000   TDMY:0.000   TDMZ:0.000   Oscillator Strength:0.00000   <S**2>: 6.000
--------------------------------------------------------------------


State 33 5.804 eV
Excitation                         CI Coef       TDM X       TDM Y       TDM Z       |TDM|
|1^CS(3->0)>                     -0.16031    0.02981   -0.00000   -0.00617    0.00200
|1^CS(2->0)>                      0.36561    0.29314    0.00000   -0.28766    0.01971
|1^CS(1->0)>                     -0.26134   -0.20236   -0.00000   -0.03371   -0.01361
|1^CS(3->0')>                     0.16031    0.02981    0.00000    0.00617    0.00200
|1^CS(2->0')>                     0.36561    0.29314    0.00000    0.28766    0.01971
|1^CS(1->0')>                     0.26134   -0.20236    0.00000    0.03371   -0.01361
|1^SV(0->1')>                    -0.26414   -0.20358   -0.00000   -0.03260   -0.01369
|1^SV(0->2')>                     0.36569    0.29320    0.00000   -0.29057    0.01971
|1^SV(0->3')>                    -0.15528    0.03110   -0.00000   -0.00646    0.00209
|1^SV(0'->1')>                    0.26414   -0.20358    0.00000    0.03260   -0.01369
|1^SV(0'->2')>                    0.36569    0.29320    0.00000    0.29057    0.01971
|1^SV(0'->3')>                    0.15528    0.03110    0.00000    0.00646    0.00209
|1S^CV(3->2')>                   -0.12886   -0.01235   -0.00000   -0.00000   -0.00083
|1S^CV(2->3')>                   -0.12922   -0.00887   -0.00000   -0.00000   -0.00060
|1T^CV(3->1')>                    0.15690   -0.01896    0.00000   -0.00000   -0.00127
|1T^CV(1->3')>                   -0.15703   -0.01898   -0.00000   -0.00000   -0.00128
TDMs with Triplet 'Ground' state
TDMX:0.000   TDMY:0.000   TDMZ:0.000   Oscillator Strength:0.00000   <S**2>: 0.000
--------------------------------------------------------------------
TDMs with Singlet 'Ground' state
TDMX:0.509   TDMY:0.000   TDMZ:-0.000   Oscillator Strength:0.03421   <S**2>: 0.000
--------------------------------------------------------------------


State 34 6.241 eV
Excitation                         CI Coef       TDM X       TDM Y       TDM Z       |TDM|
|3^CS(3->0)>                     -0.12704   -0.01280   -0.00000    0.00283    0.00069
|3^CS(2->0)>                      0.12189   -0.10847    0.00000    0.08209    0.02012
|3^CS(1->0)>                     -0.10361    0.08264   -0.00000    0.00029    0.00007
|3^CS(3->0')>                     0.12704    0.01280    0.00000    0.00283    0.00069
|3^CS(2->0')>                     0.12189    0.10847    0.00000    0.08209    0.02012
|3^CS(1->0')>                     0.10361   -0.08264    0.00000    0.00029    0.00007
|3^SV(0->1')>                     0.10410    0.08152    0.00000   -0.00337   -0.00083
|3^SV(0->2')>                    -0.12373   -0.10838   -0.00000    0.08836    0.02165
|3^SV(0->3')>                     0.12449   -0.01332    0.00000    0.00552    0.00135
|3^SV(0'->1')>                    0.10410   -0.08152    0.00000   -0.00337   -0.00083
|3^SV(0'->2')>                    0.12373    0.10838    0.00000    0.08836    0.02165
|3^SV(0'->3')>                    0.12449    0.01332    0.00000    0.00552    0.00135
|3T^CV(2->2')>                   -0.24445    0.00000   -0.00000    0.26567    0.06511
|3T^CV(1->1')>                    0.69352    0.00000    0.00000    1.10370    0.27050
|3S^CV(2->1')>                    0.35062    0.00000    0.00000   -0.03733   -0.00915
|3S^CV(2->3')>                   -0.06635    0.00000   -0.00000   -0.00740   -0.00181
|3S^CV(1->2')>                   -0.36401    0.00000   -0.00000   -0.04765   -0.01168
|3X^CV(3->1')>                    0.09985    0.00000    0.00000   -0.01353   -0.00332
|3X^CV(1->3')>                   -0.10036    0.00000   -0.00000   -0.01234   -0.00302
TDMs with Triplet 'Ground' state
TDMX:-0.000   TDMY:0.000   TDMZ:1.603   Oscillator Strength:0.39284   <S**2>: 2.000
--------------------------------------------------------------------
TDMs with Singlet 'Ground' state
TDMX:0.000   TDMY:0.000   TDMZ:0.000   Oscillator Strength:0.00000   <S**2>: 2.000
--------------------------------------------------------------------


State 35 6.298 eV
Excitation                         CI Coef       TDM X       TDM Y       TDM Z       |TDM|
|3^CS(3->0)>                      0.40461    0.04077    0.00000   -0.00902    0.00047
|3^CS(3->0')>                     0.40461    0.04077    0.00000    0.00902    0.00047
|3^SV(0->3')>                    -0.40662    0.04351   -0.00000   -0.01802    0.00050
|3^SV(0'->3')>                    0.40662    0.04351    0.00000    0.01802    0.00050
|3T^CV(3->2')>                   -0.15365   -0.02229   -0.00000   -0.00000   -0.00026
|3T^CV(2->1')>                    0.09085    0.11112    0.00000   -0.00000    0.00127
|3T^CV(2->3')>                   -0.15715   -0.01910   -0.00000   -0.00000   -0.00022
|3T^CV(1->2')>                    0.09566    0.11679    0.00000   -0.00000    0.00134
|3S^CV(3->1')>                   -0.18662   -0.02273   -0.00000    0.00000   -0.00026
|3S^CV(1->3')>                    0.17566   -0.02131    0.00000   -0.00000   -0.00024
|3X^CV(3->2')>                   -0.31222   -0.07855   -0.00000    0.00000   -0.00090
|3X^CV(2->1')>                    0.05321   -0.00606    0.00000   -0.00000   -0.00007
|3X^CV(2->3')>                    0.31395   -0.07805    0.00000    0.00000   -0.00089
|3X^CV(1->2')>                   -0.05081   -0.00549   -0.00000   -0.00000   -0.00006
TDMs with Triplet 'Ground' state
TDMX:0.074   TDMY:0.000   TDMZ:-0.000   Oscillator Strength:0.00085   <S**2>: 2.000
--------------------------------------------------------------------
TDMs with Singlet 'Ground' state
TDMX:0.000   TDMY:0.000   TDMZ:0.000   Oscillator Strength:0.00000   <S**2>: 2.000
--------------------------------------------------------------------


State 36 6.329 eV
Excitation                         CI Coef       TDM X       TDM Y       TDM Z       |TDM|
|1^ZW->                           0.53830   -0.00000    0.00000   -0.00000   -0.00000
|1^CS(1->0)>                     -0.16234   -0.12570   -0.00000   -0.02094   -0.00000
|1^CS(1->0')>                     0.16234   -0.12570    0.00000    0.02094   -0.00000
|1^SV(0->1')>                     0.16301    0.12564    0.00000    0.02012    0.00000
|1^SV(0'->1')>                   -0.16301    0.12564   -0.00000   -0.02012    0.00000
|1S^CV(3->2')>                   -0.12262   -0.01175   -0.00000   -0.00000   -0.00000
|1S^CV(2->1')>                   -0.18020   -0.26453   -0.00000    0.00000   -0.00001
|1S^CV(2->3')>                    0.12599    0.00865    0.00000    0.00000    0.00000
|1S^CV(1->2')>                    0.18269    0.26791    0.00000   -0.00000    0.00001
|1T^CV(3->1')>                   -0.35894    0.04337   -0.00000    0.00000    0.00000
|1T^CV(3->3')>                   -0.12635   -0.00028   -0.00000   -0.00000   -0.00000
|1T^CV(2->2')>                   -0.45864    0.00000   -0.00000    0.00000    0.00000
|1T^CV(1->3')>                   -0.35655   -0.04309   -0.00000   -0.00000   -0.00000
|1^ZCV0(2->1')>                  -0.06346    0.00026   -0.00000    0.00087    0.00000
|1^ZCV0(1->2')>                  -0.06376   -0.00024   -0.00000    0.00070   -0.00000
|1^ZCV0'(2->1')>                 -0.06346    0.00026   -0.00000   -0.00087    0.00000
|1^ZCV0'(1->2')>                 -0.06376   -0.00024   -0.00000   -0.00070   -0.00000
TDMs with Triplet 'Ground' state
TDMX:0.000   TDMY:0.000   TDMZ:0.000   Oscillator Strength:0.00000   <S**2>: 0.000
--------------------------------------------------------------------
TDMs with Singlet 'Ground' state
TDMX:0.000   TDMY:0.000   TDMZ:0.000   Oscillator Strength:0.00000   <S**2>: 0.000
--------------------------------------------------------------------


State 37 6.454 eV
Excitation                         CI Coef       TDM X       TDM Y       TDM Z       |TDM|
|1^CS(3->0)>                      0.09868   -0.01835    0.00000    0.00380    0.00116
|1^CS(2->0)>                     -0.08704   -0.06979   -0.00000    0.06848    0.02102
|1^CS(3->0')>                     0.09868    0.01835    0.00000    0.00380    0.00116
|1^CS(2->0')>                     0.08704    0.06979    0.00000    0.06848    0.02102
|1^SV(0->2')>                    -0.08704   -0.06979   -0.00000    0.06916    0.02123
|1^SV(0->3')>                     0.09867   -0.01976    0.00000    0.00411    0.00126
|1^SV(0'->2')>                    0.08704    0.06979    0.00000    0.06916    0.02123
|1^SV(0'->3')>                    0.09867    0.01976    0.00000    0.00411    0.00126
|1S^CV(2->2')>                   -0.21056    0.00000   -0.00000    0.28422    0.08724
|1S^CV(1->1')>                    0.88221    0.00000    0.00000    1.52308    0.46752
|1T^CV(2->1')>                   -0.21496    0.00000   -0.00000   -0.02267   -0.00696
|1T^CV(1->2')>                    0.21581    0.00000    0.00000   -0.02813   -0.00864
TDMs with Triplet 'Ground' state
TDMX:0.000   TDMY:0.000   TDMZ:0.000   Oscillator Strength:0.00000   <S**2>: 0.000
--------------------------------------------------------------------
TDMs with Singlet 'Ground' state
TDMX:-0.000   TDMY:0.000   TDMZ:2.072   Oscillator Strength:0.63612   <S**2>: 0.000
--------------------------------------------------------------------


State 38 6.523 eV
Excitation                         CI Coef       TDM X       TDM Y       TDM Z       |TDM|
|3^CS(3->0)>                      0.36536    0.03682    0.00000   -0.00814   -0.00091
|3^CS(3->0')>                    -0.36536   -0.03682   -0.00000   -0.00814   -0.00091
|3^SV(0->3')>                    -0.36583    0.03914   -0.00000   -0.01621   -0.00180
|3^SV(0'->3')>                   -0.36583   -0.03914   -0.00000   -0.01621   -0.00180
|3T^CV(3->1')>                   -0.09855   -0.00000   -0.00000    0.01238    0.00138
|3T^CV(3->3')>                    0.09719    0.00000    0.00000    0.00976    0.00108
|3T^CV(2->2')>                    0.07762   -0.00000    0.00000   -0.08436   -0.00938
|3T^CV(1->1')>                    0.37220    0.00000    0.00000    0.59234    0.06585
|3T^CV(1->3')>                   -0.10499    0.00000   -0.00000    0.01657    0.00184
|3S^CV(3->2')>                   -0.28565   -0.00000   -0.00000    0.03632    0.00404
|3S^CV(2->3')>                    0.29416   -0.00000    0.00000    0.03279    0.00365
|3X^CV(3->1')>                   -0.21448   -0.00000   -0.00000    0.02907    0.00323
|3X^CV(1->3')>                    0.23108   -0.00000    0.00000    0.02841    0.00316
|3^CSD(3,2)>                      0.05823    0.00000    0.00000    0.00361    0.00040
TDMs with Triplet 'Ground' state
TDMX:-0.000   TDMY:0.000   TDMZ:0.696   Oscillator Strength:0.07733   <S**2>: 2.000
--------------------------------------------------------------------
TDMs with Singlet 'Ground' state
TDMX:0.000   TDMY:0.000   TDMZ:0.000   Oscillator Strength:0.00000   <S**2>: 2.000
--------------------------------------------------------------------


State 39 6.865 eV
Excitation                         CI Coef       TDM X       TDM Y       TDM Z       |TDM|
|3^CS(3->0)>                      0.13687    0.01379    0.00000   -0.00305    0.00030
|3^CS(1->0)>                     -0.23571    0.18798   -0.00000    0.00066   -0.00007
|3^CS(3->0')>                    -0.13687   -0.01379   -0.00000   -0.00305    0.00030
|3^CS(1->0')>                     0.23571   -0.18798    0.00000    0.00066   -0.00007
|3^SV(0->1')>                     0.21990    0.17220    0.00000   -0.00713    0.00071
|3^SV(0->3')>                    -0.14576    0.01560   -0.00000   -0.00646    0.00065
|3^SV(0'->1')>                    0.21990   -0.17220    0.00000   -0.00713    0.00071
|3^SV(0'->3')>                   -0.14576   -0.01560   -0.00000   -0.00646    0.00065
|3T^CV(3->1')>                   -0.13378   -0.00000   -0.00000    0.01681   -0.00168
|3T^CV(3->3')>                    0.05542    0.00000    0.00000    0.00557   -0.00056
|3T^CV(2->2')>                   -0.33600    0.00000   -0.00000    0.36517   -0.03649
|3T^CV(1->1')>                   -0.52098   -0.00000   -0.00000   -0.82912    0.08286
|3T^CV(1->3')>                   -0.14142    0.00000   -0.00000    0.02232   -0.00223
|3S^CV(3->2')>                   -0.08880   -0.00000   -0.00000    0.01129   -0.00113
|3S^CV(2->1')>                    0.31784    0.00000    0.00000   -0.03384    0.00338
|3S^CV(2->3')>                    0.06107   -0.00000    0.00000    0.00681   -0.00068
|3S^CV(1->2')>                   -0.33496    0.00000   -0.00000   -0.04385    0.00438
|3X^CV(3->1')>                    0.16785    0.00000    0.00000   -0.02275    0.00227
|3X^CV(1->3')>                   -0.13162    0.00000   -0.00000   -0.01618    0.00162
|3^CSD(2,1)>                      0.09695    0.00000    0.00000    0.00645   -0.00064
TDMs with Triplet 'Ground' state
TDMX:0.000   TDMY:0.000   TDMZ:-0.594   Oscillator Strength:0.05938   <S**2>: 2.000
--------------------------------------------------------------------
TDMs with Singlet 'Ground' state
TDMX:0.000   TDMY:0.000   TDMZ:0.000   Oscillator Strength:0.00000   <S**2>: 2.000
--------------------------------------------------------------------


State 40 6.991 eV
Excitation                         CI Coef       TDM X       TDM Y       TDM Z       |TDM|
|3^CS(3->0)>                      0.07278    0.00733    0.00000   -0.00162   -0.00101
|3^CS(2->0)>                     -0.17099    0.15216   -0.00000   -0.11516   -0.02088
|3^CS(1->0)>                      0.07229   -0.05766    0.00000   -0.00020    0.00791
|3^CS(3->0')>                     0.07278    0.00733    0.00000    0.00162   -0.00101
|3^CS(2->0')>                     0.17099    0.15216    0.00000    0.11516   -0.02088
|3^CS(1->0')>                     0.07229   -0.05766    0.00000    0.00020    0.00791
|3^SV(0->1')>                    -0.07415   -0.05807   -0.00000    0.00240    0.00797
|3^SV(0->2')>                     0.16793    0.14710    0.00000   -0.11992   -0.02018
|3^SV(0->3')>                    -0.07400    0.00792   -0.00000   -0.00328   -0.00109
|3^SV(0'->1')>                    0.07415   -0.05807    0.00000   -0.00240    0.00797
|3^SV(0'->2')>                    0.16793    0.14710    0.00000    0.11992   -0.02018
|3^SV(0'->3')>                    0.07400    0.00792    0.00000    0.00328   -0.00109
|3T^CV(3->2')>                   -0.12407   -0.01800   -0.00000   -0.00000    0.00247
|3T^CV(2->1')>                   -0.53074   -0.64915   -0.00000    0.00000    0.08906
|3T^CV(2->3')>                   -0.11899   -0.01446   -0.00000   -0.00000    0.00198
|3T^CV(1->2')>                   -0.52600   -0.64222   -0.00000    0.00000    0.08811
|3S^CV(3->1')>                   -0.08787   -0.01070   -0.00000    0.00000    0.00147
|3S^CV(1->3')>                    0.08293   -0.01006    0.00000   -0.00000    0.00138
|3X^CV(3->2')>                    0.09138    0.02299    0.00000   -0.00000   -0.00315
|3X^CV(2->1')>                   -0.33019    0.03762   -0.00000    0.00000   -0.00516
|3X^CV(2->3')>                   -0.08388    0.02085   -0.00000   -0.00000   -0.00286
|3X^CV(1->2')>                    0.32540    0.03514    0.00000    0.00000   -0.00482
TDMs with Triplet 'Ground' state
TDMX:-0.801   TDMY:0.000   TDMZ:-0.000   Oscillator Strength:0.10990   <S**2>: 2.000
--------------------------------------------------------------------
TDMs with Singlet 'Ground' state
TDMX:0.000   TDMY:0.000   TDMZ:0.000   Oscillator Strength:0.00000   <S**2>: 2.000
--------------------------------------------------------------------


State 41 7.035 eV
Excitation                         CI Coef       TDM X       TDM Y       TDM Z       |TDM|
|1^ZW->                           0.37407   -0.00000    0.00000   -0.00000    0.00000
|1^CS(3->0)>                      0.29271   -0.05444    0.00000    0.01126    0.00001
|1^CS(2->0)>                      0.07356    0.05898    0.00000   -0.05788   -0.00001
|1^CS(1->0)>                      0.14529    0.11250    0.00000    0.01874   -0.00002
|1^CS(3->0')>                    -0.29271   -0.05444   -0.00000   -0.01126    0.00001
|1^CS(2->0')>                     0.07356    0.05898    0.00000    0.05788   -0.00001
|1^CS(1->0')>                    -0.14529    0.11250   -0.00000   -0.01874   -0.00002
|1^SV(0->1')>                    -0.15075   -0.11619   -0.00000   -0.01860    0.00002
|1^SV(0->2')>                    -0.07341   -0.05886   -0.00000    0.05833    0.00001
|1^SV(0->3')>                    -0.29070    0.05822   -0.00000   -0.01210   -0.00001
|1^SV(0'->1')>                    0.15075   -0.11619    0.00000    0.01860    0.00002
|1^SV(0'->2')>                   -0.07341   -0.05886   -0.00000   -0.05833    0.00001
|1^SV(0'->3')>                    0.29070    0.05822    0.00000    0.01210   -0.00001
|1S^CV(3->2')>                    0.32113    0.03078    0.00000    0.00000   -0.00001
|1S^CV(2->1')>                    0.17048    0.25026    0.00000   -0.00000   -0.00004
|1S^CV(2->3')>                   -0.32496   -0.02231   -0.00000   -0.00000    0.00000
|1S^CV(1->2')>                   -0.17742   -0.26017   -0.00000    0.00000    0.00004
|1T^CV(3->3')>                    0.21073    0.00047    0.00000    0.00000   -0.00000
|1T^CV(2->2')>                   -0.17429    0.00000   -0.00000    0.00000   -0.00000
|1T^CV(1->1')>                    0.14807    0.00033    0.00000   -0.00000   -0.00000
|1^CSD_(2,1)>                     0.13963    0.00537    0.00000    0.00000   -0.00000
|1^SVD_(1',2')>                  -0.14003   -0.00544   -0.00000   -0.00000    0.00000
TDMs with Triplet 'Ground' state
TDMX:0.000   TDMY:0.000   TDMZ:0.000   Oscillator Strength:0.00000   <S**2>: 0.000
--------------------------------------------------------------------
TDMs with Singlet 'Ground' state
TDMX:-0.001   TDMY:0.000   TDMZ:-0.000   Oscillator Strength:0.00000   <S**2>: 0.000
--------------------------------------------------------------------


State 42 7.114 eV
Excitation                         CI Coef       TDM X       TDM Y       TDM Z       |TDM|
|3^CS(3->0)>                     -0.14074   -0.01418   -0.00000    0.00314   -0.00004
|3^CS(2->0)>                     -0.22118    0.19682   -0.00000   -0.14896    0.00058
|3^CS(1->0)>                     -0.07666    0.06114   -0.00000    0.00022    0.00018
|3^CS(3->0')>                    -0.14074   -0.01418   -0.00000   -0.00314   -0.00004
|3^CS(2->0')>                     0.22118    0.19682    0.00000    0.14896    0.00058
|3^CS(1->0')>                    -0.07666    0.06114   -0.00000   -0.00022    0.00018
|3^SV(0->1')>                    -0.07832   -0.06133   -0.00000    0.00254   -0.00018
|3^SV(0->2')>                    -0.22247   -0.19487   -0.00000    0.15887   -0.00057
|3^SV(0->3')>                    -0.13312    0.01424   -0.00000   -0.00590    0.00004
|3^SV(0'->1')>                    0.07832   -0.06133    0.00000   -0.00254   -0.00018
|3^SV(0'->2')>                   -0.22247   -0.19487   -0.00000   -0.15887   -0.00057
|3^SV(0'->3')>                    0.13312    0.01424    0.00000    0.00590    0.00004
|3T^CV(3->2')>                    0.37794    0.05483    0.00000    0.00000    0.00016
|3T^CV(2->1')>                   -0.07020   -0.08586   -0.00000    0.00000   -0.00025
|3T^CV(2->3')>                   -0.37218   -0.04524   -0.00000   -0.00000   -0.00013
|3T^CV(1->2')>                    0.07383    0.09014    0.00000   -0.00000    0.00027
|3S^CV(3->1')>                   -0.12859   -0.01566   -0.00000    0.00000   -0.00005
|3S^CV(3->3')>                   -0.16720    0.00034   -0.00000    0.00000    0.00000
|3S^CV(2->2')>                   -0.35711    0.00031   -0.00000   -0.00000    0.00000
|3S^CV(1->3')>                   -0.12816    0.01555   -0.00000    0.00000    0.00005
|3X^CV(2->1')>                   -0.31094    0.03543   -0.00000    0.00000    0.00010
|3X^CV(1->2')>                   -0.31248   -0.03374   -0.00000   -0.00000   -0.00010
|3^ZCV0(2->1')>                  -0.07828   -0.00970   -0.00000    0.00264   -0.00003
|3^ZCV0(1->2')>                  -0.07585    0.00942   -0.00000    0.00267    0.00003
|3^ZCV0'(5->1')>                  0.07828   -0.00970    0.00000   -0.00264   -0.00003
|3^ZCV0'(4->2')>                  0.07585    0.00942    0.00000   -0.00267    0.00003
TDMs with Triplet 'Ground' state
TDMX:0.017   TDMY:0.000   TDMZ:0.000   Oscillator Strength:0.00005   <S**2>: 2.000
--------------------------------------------------------------------
TDMs with Singlet 'Ground' state
TDMX:0.000   TDMY:0.000   TDMZ:0.000   Oscillator Strength:0.00000   <S**2>: 2.000
--------------------------------------------------------------------


State 43 7.120 eV
Excitation                         CI Coef       TDM X       TDM Y       TDM Z       |TDM|
|1^CS(3->0)>                      0.21386   -0.03977    0.00000    0.00822   -0.00000
|1^CS(2->0)>                      0.31977    0.25638    0.00000   -0.25159    0.00000
|1^CS(1->0)>                     -0.24813   -0.19214   -0.00000   -0.03201    0.00000
|1^CS(3->0')>                     0.21386    0.03977    0.00000    0.00822   -0.00000
|1^CS(2->0')>                    -0.31977   -0.25638   -0.00000   -0.25159    0.00000
|1^CS(1->0')>                    -0.24813    0.19214   -0.00000   -0.03201    0.00000
|1^SV(0->1')>                     0.24413    0.18816    0.00000    0.03013   -0.00000
|1^SV(0->2')>                    -0.31977   -0.25638   -0.00000    0.25408   -0.00000
|1^SV(0->3')>                    -0.21842    0.04375   -0.00000   -0.00909    0.00000
|1^SV(0'->1')>                    0.24413   -0.18816    0.00000    0.03013   -0.00000
|1^SV(0'->2')>                    0.31977    0.25638    0.00000    0.25408   -0.00000
|1^SV(0'->3')>                   -0.21842   -0.04375   -0.00000   -0.00909    0.00000
|1T^CV(3->2')>                   -0.24546    0.00000   -0.00000   -0.03324    0.00000
|1T^CV(2->1')>                   -0.12323    0.00000   -0.00000   -0.01300    0.00000
|1T^CV(2->3')>                   -0.24322   -0.00000   -0.00000    0.02687   -0.00000
|1T^CV(1->2')>                   -0.11870   -0.00000   -0.00000    0.01547   -0.00000
TDMs with Triplet 'Ground' state
TDMX:0.000   TDMY:0.000   TDMZ:0.000   Oscillator Strength:0.00000   <S**2>: 0.000
--------------------------------------------------------------------
TDMs with Singlet 'Ground' state
TDMX:-0.000   TDMY:0.000   TDMZ:-0.000   Oscillator Strength:0.00000   <S**2>: 0.000
--------------------------------------------------------------------


State 44 7.136 eV
Excitation                         CI Coef       TDM X       TDM Y       TDM Z       |TDM|
|1^ZW+>                          -0.37878   -0.00000   -0.00000   -0.25144   -0.02718
|1^CS(3->0)>                     -0.31960    0.05944   -0.00000   -0.01229   -0.00133
|1^CS(2->0)>                     -0.05601   -0.04491   -0.00000    0.04407    0.00476
|1^CS(3->0')>                    -0.31960   -0.05944   -0.00000   -0.01229   -0.00133
|1^CS(2->0')>                     0.05601    0.04491    0.00000    0.04407    0.00476
|1^SV(0->2')>                    -0.05601   -0.04491   -0.00000    0.04450    0.00481
|1^SV(0->3')>                    -0.31929    0.06395   -0.00000   -0.01329   -0.00144
|1^SV(0'->2')>                    0.05601    0.04491    0.00000    0.04450    0.00481
|1^SV(0'->3')>                   -0.31929   -0.06395   -0.00000   -0.01329   -0.00144
|1S^CV(3->1')>                   -0.10002    0.00000   -0.00000    0.01262    0.00136
|1S^CV(3->3')>                    0.09496    0.00000    0.00000    0.00814    0.00088
|1S^CV(2->2')>                   -0.18435    0.00000   -0.00000    0.24884    0.02689
|1S^CV(1->1')>                    0.22053    0.00000    0.00000    0.38074    0.04115
|1S^CV(1->3')>                   -0.10586   -0.00000   -0.00000    0.01688    0.00182
|1T^CV(3->2')>                    0.33952   -0.00000    0.00000    0.04598    0.00497
|1T^CV(2->1')>                    0.17186   -0.00000    0.00000    0.01813    0.00196
|1T^CV(2->3')>                   -0.34276   -0.00000   -0.00000    0.03787    0.00409
|1T^CV(1->2')>                   -0.17818   -0.00000   -0.00000    0.02323    0.00251
|1^ZCV0(2->1')>                   0.05323   -0.00022    0.00000   -0.00073   -0.00008
|1^ZCV0(1->2')>                   0.05380    0.00020    0.00000   -0.00059   -0.00006
|1^ZCV0'(2->1')>                 -0.05323    0.00022   -0.00000   -0.00073   -0.00008
|1^ZCV0'(1->2')>                 -0.05380   -0.00020   -0.00000   -0.00059   -0.00006
|1^CSD_(2,2)>                     0.07557   -0.00000    0.00000   -0.00135   -0.00015
|1^SVD_(2',2')>                   0.07557   -0.00000    0.00000   -0.00184   -0.00020
TDMs with Triplet 'Ground' state
TDMX:0.000   TDMY:0.000   TDMZ:0.000   Oscillator Strength:0.00000   <S**2>: 0.000
--------------------------------------------------------------------
TDMs with Singlet 'Ground' state
TDMX:-0.000   TDMY:0.000   TDMZ:0.656   Oscillator Strength:0.07087   <S**2>: 0.000
--------------------------------------------------------------------


State 45 7.245 eV
Excitation                         CI Coef       TDM X       TDM Y       TDM Z       |TDM|
|3^CS(3->0)>                      0.14661    0.01477    0.00000   -0.00327    0.00000
|3^CS(2->0)>                      0.12634   -0.11243    0.00000    0.08509   -0.00002
|3^CS(1->0)>                      0.17747   -0.14154    0.00000   -0.00050    0.00000
|3^CS(3->0')>                    -0.14661   -0.01477   -0.00000   -0.00327    0.00000
|3^CS(2->0')>                     0.12634    0.11243    0.00000    0.08509   -0.00002
|3^CS(1->0')>                    -0.17747    0.14154   -0.00000   -0.00050    0.00000
|3^SV(0->1')>                     0.20554    0.16096    0.00000   -0.00666    0.00000
|3^SV(0->2')>                     0.13782    0.12072    0.00000   -0.09841    0.00002
|3^SV(0->3')>                     0.12081   -0.01293    0.00000    0.00535   -0.00000
|3^SV(0'->1')>                    0.20554   -0.16096    0.00000   -0.00666    0.00000
|3^SV(0'->2')>                   -0.13782   -0.12072   -0.00000   -0.09841    0.00002
|3^SV(0'->3')>                    0.12081    0.01293    0.00000    0.00535   -0.00000
|3T^CV(3->1')>                   -0.39157   -0.00000   -0.00000    0.04920   -0.00001
|3T^CV(1->3')>                    0.36769   -0.00000    0.00000   -0.05803    0.00001
|3S^CV(3->2')>                    0.13456    0.00000    0.00000   -0.01711    0.00000
|3S^CV(2->1')>                    0.30450    0.00000    0.00000   -0.03242    0.00001
|3S^CV(2->3')>                    0.12242   -0.00000    0.00000    0.01365   -0.00000
|3S^CV(1->2')>                    0.27818   -0.00000    0.00000    0.03642   -0.00001
|3X^CV(3->1')>                   -0.15344   -0.00000   -0.00000    0.02080   -0.00000
|3X^CV(3->3')>                    0.23934   -0.00000    0.00000    0.00533   -0.00000
|3X^CV(2->2')>                    0.25300    0.00000    0.00000    0.01133   -0.00000
|3X^CV(1->1')>                    0.10084    0.00000    0.00000    0.00368   -0.00000
|3X^CV(1->3')>                   -0.16939    0.00000   -0.00000   -0.02083    0.00000
|3^ZCV0(3->1')>                   0.05837   -0.00843    0.00000   -0.00016    0.00000
|3^ZCV0(1->1')>                   0.05993    0.00555    0.00000    0.00001   -0.00000
|3^ZCV0(1->3')>                   0.05204   -0.00755    0.00000   -0.00015    0.00000
|3^ZCV0'(6->1')>                 -0.05837    0.00843   -0.00000   -0.00016    0.00000
|3^ZCV0'(4->1')>                 -0.05993   -0.00555   -0.00000    0.00001   -0.00000
|3^ZCV0'(4->3')>                 -0.05204    0.00755   -0.00000   -0.00015    0.00000
|3^CSD(2,1)>                     -0.06639   -0.00000   -0.00000   -0.00441    0.00000
TDMs with Triplet 'Ground' state
TDMX:-0.000   TDMY:0.000   TDMZ:-0.001   Oscillator Strength:0.00000   <S**2>: 2.000
--------------------------------------------------------------------
TDMs with Singlet 'Ground' state
TDMX:0.000   TDMY:0.000   TDMZ:0.000   Oscillator Strength:0.00000   <S**2>: 2.000
--------------------------------------------------------------------


State 46 7.289 eV
Excitation                         CI Coef       TDM X       TDM Y       TDM Z       |TDM|
|1^CS(3->0)>                      0.19094   -0.03551    0.00000    0.00734    0.00396
|1^CS(2->0)>                      0.20443    0.16390    0.00000   -0.16084   -0.01828
|1^CS(3->0')>                    -0.19094   -0.03551   -0.00000   -0.00734    0.00396
|1^CS(2->0')>                     0.20443    0.16390    0.00000    0.16084   -0.01828
|1^SV(0->2')>                     0.20450    0.16396    0.00000   -0.16249   -0.01829
|1^SV(0->3')>                     0.19028   -0.03811    0.00000    0.00792    0.00425
|1^SV(0'->2')>                    0.20450    0.16396    0.00000    0.16249   -0.01829
|1^SV(0'->3')>                   -0.19028   -0.03811   -0.00000   -0.00792    0.00425
|1S^CV(2->1')>                   -0.47442   -0.69644   -0.00000    0.00000    0.07767
|1S^CV(1->2')>                   -0.47543   -0.69719   -0.00000    0.00000    0.07776
|1T^CV(3->1')>                   -0.31359    0.03789   -0.00000    0.00000   -0.00423
|1T^CV(1->3')>                    0.31338    0.03787    0.00000    0.00000   -0.00422
|1^CSD_(2,1)>                     0.10427    0.00401    0.00000    0.00000   -0.00045
|1^SVD_(1',2')>                   0.10440    0.00406    0.00000    0.00000   -0.00045
TDMs with Triplet 'Ground' state
TDMX:0.000   TDMY:0.000   TDMZ:0.000   Oscillator Strength:0.00000   <S**2>: 0.000
--------------------------------------------------------------------
TDMs with Singlet 'Ground' state
TDMX:-0.662   TDMY:0.000   TDMZ:-0.000   Oscillator Strength:0.07380   <S**2>: 0.000
--------------------------------------------------------------------


State 47 7.438 eV
Excitation                         CI Coef       TDM X       TDM Y       TDM Z       |TDM|
|1^CS(3->0)>                      0.07407   -0.01377    0.00000    0.00285   -0.00011
|1^CS(2->0)>                     -0.14146   -0.11342   -0.00000    0.11130   -0.00449
|1^CS(1->0)>                     -0.17285   -0.13384   -0.00000   -0.02230    0.00090
|1^CS(3->0')>                     0.07407    0.01377    0.00000    0.00285   -0.00011
|1^CS(2->0')>                     0.14146    0.11342    0.00000    0.11130   -0.00449
|1^CS(1->0')>                    -0.17285    0.13384   -0.00000   -0.02230    0.00090
|1^SV(0->1')>                    -0.17145   -0.13214   -0.00000   -0.02116    0.00085
|1^SV(0->2')>                    -0.14146   -0.11342   -0.00000    0.11240   -0.00453
|1^SV(0->3')>                     0.07726   -0.01547    0.00000    0.00322   -0.00013
|1^SV(0'->1')>                   -0.17145    0.13214   -0.00000   -0.02116    0.00085
|1^SV(0'->2')>                    0.14146    0.11342    0.00000    0.11240   -0.00453
|1^SV(0'->3')>                    0.07726    0.01547    0.00000    0.00322   -0.00013
|1S^CV(3->1')>                    0.18369   -0.00000    0.00000   -0.02318    0.00094
|1S^CV(2->2')>                    0.72118   -0.00000    0.00000   -0.97346    0.03927
|1S^CV(1->1')>                    0.20692    0.00000    0.00000    0.35723   -0.01441
|1S^CV(1->3')>                    0.18065    0.00000    0.00000   -0.02881    0.00116
|1T^CV(3->2')>                    0.13810   -0.00000    0.00000    0.01870   -0.00075
|1T^CV(2->1')>                    0.21549   -0.00000    0.00000    0.02273   -0.00092
|1T^CV(2->3')>                   -0.14212   -0.00000   -0.00000    0.01570   -0.00063
|1T^CV(1->2')>                   -0.21808   -0.00000   -0.00000    0.02843   -0.00115
|1^CSD_(2,2)>                    -0.06403    0.00000   -0.00000    0.00114   -0.00005
|1^SVD_(2',2')>                  -0.06403    0.00000   -0.00000    0.00156   -0.00006
TDMs with Triplet 'Ground' state
TDMX:0.000   TDMY:0.000   TDMZ:0.000   Oscillator Strength:0.00000   <S**2>: 0.000
--------------------------------------------------------------------
TDMs with Singlet 'Ground' state
TDMX:0.000   TDMY:0.000   TDMZ:-0.234   Oscillator Strength:0.00945   <S**2>: 0.000
--------------------------------------------------------------------


State 48 7.444 eV
Excitation                         CI Coef       TDM X       TDM Y       TDM Z       |TDM|
|1^CS(3->0)>                      0.32094   -0.05969    0.00000    0.01234   -0.00873
|1^CS(2->0)>                      0.08355    0.06699    0.00000   -0.06573    0.00980
|1^CS(1->0)>                     -0.13929   -0.10786   -0.00000   -0.01797   -0.01578
|1^CS(3->0')>                    -0.32094   -0.05969   -0.00000   -0.01234   -0.00873
|1^CS(2->0')>                     0.08355    0.06699    0.00000    0.06573    0.00980
|1^CS(1->0')>                     0.13929   -0.10786    0.00000    0.01797   -0.01578
|1^SV(0->1')>                    -0.13371   -0.10306   -0.00000   -0.01650   -0.01508
|1^SV(0->2')>                     0.08346    0.06692    0.00000   -0.06632    0.00979
|1^SV(0->3')>                     0.32274   -0.06464    0.00000    0.01344   -0.00946
|1^SV(0'->1')>                    0.13371   -0.10306    0.00000    0.01650   -0.01508
|1^SV(0'->2')>                    0.08346    0.06692    0.00000    0.06631    0.00979
|1^SV(0'->3')>                   -0.32274   -0.06464   -0.00000   -0.01344   -0.00946
|1S^CV(3->2')>                    0.25042    0.02400    0.00000    0.00000    0.00351
|1S^CV(2->1')>                    0.40754    0.59825    0.00000   -0.00000    0.08752
|1S^CV(2->3')>                    0.24233    0.01664    0.00000    0.00000    0.00243
|1S^CV(1->2')>                    0.40227    0.58991    0.00000   -0.00000    0.08630
|1T^CV(3->1')>                   -0.08971    0.01084   -0.00000    0.00000    0.00159
|1T^CV(1->3')>                    0.08947    0.01081    0.00000    0.00000    0.00158
|1^CSD_(2,1)>                     0.08092    0.00311    0.00000    0.00000    0.00045
|1^SVD_(1',2')>                   0.08099    0.00315    0.00000    0.00000    0.00046
TDMs with Triplet 'Ground' state
TDMX:0.000   TDMY:0.000   TDMZ:0.000   Oscillator Strength:0.00000   <S**2>: 0.000
--------------------------------------------------------------------
TDMs with Singlet 'Ground' state
TDMX:0.849   TDMY:0.000   TDMZ:0.000   Oscillator Strength:0.12418   <S**2>: 0.000
--------------------------------------------------------------------


State 49 7.491 eV
Excitation                         CI Coef       TDM X       TDM Y       TDM Z       |TDM|
|3^CS(3->0)>                      0.05577    0.00562    0.00000   -0.00124   -0.00041
|3^CS(1->0)>                     -0.18194    0.14510   -0.00000    0.00051   -0.01071
|3^CS(3->0')>                     0.05577    0.00562    0.00000    0.00124   -0.00041
|3^CS(1->0')>                    -0.18194    0.14510   -0.00000   -0.00051   -0.01071
|3^SV(0->1')>                     0.17929    0.14040    0.00000   -0.00581   -0.01036
|3^SV(0->3')>                    -0.05955    0.00637   -0.00000   -0.00264   -0.00047
|3^SV(0'->1')>                   -0.17929    0.14040   -0.00000    0.00581   -0.01036
|3^SV(0'->3')>                    0.05955    0.00637    0.00000    0.00264   -0.00047
|3T^CV(2->1')>                   -0.35867   -0.43870   -0.00000    0.00000    0.03238
|3T^CV(1->2')>                   -0.35883   -0.43811   -0.00000    0.00000    0.03234
|3S^CV(3->1')>                    0.37758    0.04599    0.00000   -0.00000   -0.00339
|3S^CV(1->3')>                   -0.37596    0.04561   -0.00000    0.00000   -0.00337
|3X^CV(3->2')>                   -0.11549   -0.02905   -0.00000    0.00000    0.00214
|3X^CV(2->1')>                    0.35256   -0.04017    0.00000   -0.00000    0.00297
|3X^CV(2->3')>                    0.11007   -0.02736    0.00000    0.00000    0.00202
|3X^CV(1->2')>                   -0.35437   -0.03827   -0.00000   -0.00000    0.00282
|3^ZCV0(1->1')>                   0.10306    0.00954    0.00000    0.00001   -0.00070
|3^ZCV0'(4->1')>                  0.10306    0.00954    0.00000   -0.00001   -0.00070
TDMs with Triplet 'Ground' state
TDMX:-0.402   TDMY:0.000   TDMZ:-0.000   Oscillator Strength:0.02969   <S**2>: 2.000
--------------------------------------------------------------------
TDMs with Singlet 'Ground' state
TDMX:0.000   TDMY:0.000   TDMZ:0.000   Oscillator Strength:0.00000   <S**2>: 2.000
--------------------------------------------------------------------


State 50 7.545 eV
Excitation                         CI Coef       TDM X       TDM Y       TDM Z       |TDM|
|1^CS(3->0)>                      0.05182   -0.00964    0.00000    0.00199    0.00000
|1^CS(2->0)>                      0.14887    0.11936    0.00000   -0.11713   -0.00000
|1^CS(1->0)>                      0.14876    0.11519    0.00000    0.01919   -0.00000
|1^CS(3->0')>                     0.05182    0.00964    0.00000    0.00199   -0.00000
|1^CS(2->0')>                    -0.14887   -0.11936   -0.00000   -0.11713   -0.00000
|1^CS(1->0')>                     0.14876   -0.11519    0.00000    0.01919    0.00000
|1^SV(0->1')>                    -0.14969   -0.11538   -0.00000   -0.01847    0.00000
|1^SV(0->2')>                    -0.14887   -0.11936   -0.00000    0.11829    0.00000
|1^SV(0'->1')>                   -0.14969    0.11538   -0.00000   -0.01847   -0.00000
|1^SV(0'->2')>                    0.14887    0.11936    0.00000    0.11829    0.00000
|1S^CV(3->1')>                    0.48256   -0.00000    0.00000   -0.06090   -0.00000
|1S^CV(1->3')>                   -0.48256   -0.00000   -0.00000    0.07695    0.00000
|1T^CV(3->2')>                   -0.06905    0.00000   -0.00000   -0.00935   -0.00000
|1T^CV(2->1')>                    0.39721   -0.00000    0.00000    0.04190    0.00000
|1T^CV(2->3')>                   -0.07643   -0.00000   -0.00000    0.00844    0.00000
|1T^CV(1->2')>                    0.39856    0.00000    0.00000   -0.05196   -0.00000
|1^CSD_(1,1)>                     0.06833   -0.00000    0.00000   -0.00136   -0.00000
|1^SVD_(1',1')>                  -0.06890    0.00000   -0.00000    0.00133    0.00000
TDMs with Triplet 'Ground' state
TDMX:0.000   TDMY:0.000   TDMZ:0.000   Oscillator Strength:0.00000   <S**2>: 0.000
--------------------------------------------------------------------
TDMs with Singlet 'Ground' state
TDMX:-0.000   TDMY:0.000   TDMZ:0.000   Oscillator Strength:0.00000   <S**2>: 0.000
--------------------------------------------------------------------


State 51 7.612 eV
Excitation                         CI Coef       TDM X       TDM Y       TDM Z       |TDM|
|3^CS(3->0)>                     -0.06496   -0.00655   -0.00000    0.00145   -0.00014
|3^CS(2->0)>                      0.20615   -0.18345    0.00000    0.13884   -0.01362
|3^CS(3->0')>                     0.06496    0.00655    0.00000    0.00145   -0.00014
|3^CS(2->0')>                     0.20615    0.18345    0.00000    0.13884   -0.01362
|3^SV(0->2')>                    -0.17529   -0.15354   -0.00000    0.12517   -0.01228
|3^SV(0->3')>                     0.05420   -0.00580    0.00000    0.00240   -0.00024
|3^SV(0'->2')>                    0.17529    0.15354    0.00000    0.12517   -0.01228
|3^SV(0'->3')>                    0.05420    0.00580    0.00000    0.00240   -0.00024
|3T^CV(2->2')>                    0.74726   -0.00000    0.00000   -0.81213    0.07967
|3T^CV(1->1')>                   -0.13738   -0.00000   -0.00000   -0.21864    0.02145
|3S^CV(3->2')>                   -0.26575   -0.00000   -0.00000    0.03379   -0.00332
|3S^CV(2->1')>                    0.17975    0.00000    0.00000   -0.01914    0.00188
|3S^CV(2->3')>                    0.22890   -0.00000    0.00000    0.02552   -0.00250
|3S^CV(1->2')>                   -0.16188    0.00000   -0.00000   -0.02119    0.00208
|3X^CV(3->1')>                    0.15688    0.00000    0.00000   -0.02126    0.00209
|3X^CV(1->3')>                   -0.18491    0.00000   -0.00000   -0.02274    0.00223
|3^CSD(3,2)>                     -0.07545   -0.00000   -0.00000   -0.00468    0.00046
|3^SVD(1,2)>                      0.05679    0.00000    0.00000    0.00639   -0.00063
TDMs with Triplet 'Ground' state
TDMX:-0.000   TDMY:0.000   TDMZ:-0.526   Oscillator Strength:0.05160   <S**2>: 2.000
--------------------------------------------------------------------
TDMs with Singlet 'Ground' state
TDMX:0.000   TDMY:0.000   TDMZ:0.000   Oscillator Strength:0.00000   <S**2>: 2.000
--------------------------------------------------------------------


State 52 7.747 eV
Excitation                         CI Coef       TDM X       TDM Y       TDM Z       |TDM|
|5^CV(3->1')>                     0.70699    0.00000    0.00000    0.00000    0.00000
|5^CV(1->3')>                    -0.70699   -0.00000   -0.00000   -0.00000    0.00000
TDMs with Triplet 'Ground' state
TDMX:0.000   TDMY:0.000   TDMZ:0.000   Oscillator Strength:0.00000   <S**2>: 6.000
--------------------------------------------------------------------
TDMs with Singlet 'Ground' state
TDMX:0.000   TDMY:0.000   TDMZ:0.000   Oscillator Strength:0.00000   <S**2>: 6.000
--------------------------------------------------------------------


State 53 7.897 eV
Excitation                         CI Coef       TDM X       TDM Y       TDM Z       |TDM|
|3^OS>                            0.05995    0.00000    0.00000    0.01132    0.00001
|3^CS(3->0)>                      0.10013    0.01009    0.00000   -0.00223   -0.00000
|3^CS(2->0)>                     -0.19853    0.17667   -0.00000   -0.13370   -0.00016
|3^CS(3->0')>                    -0.10013   -0.01009   -0.00000   -0.00223   -0.00000
|3^CS(2->0')>                    -0.19853   -0.17667   -0.00000   -0.13370   -0.00016
|3^SV(0->2')>                    -0.22963   -0.20114   -0.00000    0.16398    0.00020
|3^SV(0->3')>                     0.12899   -0.01380    0.00000    0.00572    0.00001
|3^SV(0'->2')>                    0.22963    0.20114    0.00000    0.16398    0.00020
|3^SV(0'->3')>                    0.12899    0.01380    0.00000    0.00572    0.00001
|3T^CV(3->1')>                   -0.27871   -0.00000   -0.00000    0.03502    0.00004
|3T^CV(1->3')>                    0.30715   -0.00000    0.00000   -0.04848   -0.00006
|3S^CV(3->2')>                    0.33491    0.00000    0.00000   -0.04259   -0.00005
|3S^CV(2->1')>                   -0.07672   -0.00000   -0.00000    0.00817    0.00001
|3S^CV(2->3')>                    0.35262   -0.00000    0.00000    0.03931    0.00005
|3S^CV(1->2')>                   -0.09476    0.00000   -0.00000   -0.01241   -0.00002
|3X^CV(3->1')>                    0.09334    0.00000    0.00000   -0.01265   -0.00002
|3X^CV(3->3')>                   -0.05082    0.00000   -0.00000   -0.00113   -0.00000
|3X^CV(2->2')>                   -0.52331   -0.00000   -0.00000   -0.02343   -0.00003
|3X^CV(1->3')>                    0.06876   -0.00000    0.00000    0.00845    0.00001
|3^ZCV0(2->2')>                  -0.11191    0.02619   -0.00000    0.00027    0.00000
|3^ZCV0'(5->2')>                  0.11191   -0.02619    0.00000    0.00027    0.00000
|3^CSD(3,2)>                      0.07436    0.00000    0.00000    0.00461    0.00001
|3^CSD(2,1)>                      0.06620    0.00000    0.00000    0.00440    0.00001
TDMs with Triplet 'Ground' state
TDMX:0.000   TDMY:0.000   TDMZ:0.006   Oscillator Strength:0.00001   <S**2>: 2.000
--------------------------------------------------------------------
TDMs with Singlet 'Ground' state
TDMX:0.000   TDMY:0.000   TDMZ:0.000   Oscillator Strength:0.00000   <S**2>: 2.000
--------------------------------------------------------------------


State 54 8.010 eV
Excitation                         CI Coef       TDM X       TDM Y       TDM Z       |TDM|
|5^CV(3->2')>                     0.70669    0.00000    0.00000    0.00000    0.00000
|5^CV(2->3')>                    -0.70611   -0.00000   -0.00000   -0.00000    0.00000
TDMs with Triplet 'Ground' state
TDMX:0.000   TDMY:0.000   TDMZ:0.000   Oscillator Strength:0.00000   <S**2>: 6.000
--------------------------------------------------------------------
TDMs with Singlet 'Ground' state
TDMX:0.000   TDMY:0.000   TDMZ:0.000   Oscillator Strength:0.00000   <S**2>: 6.000
--------------------------------------------------------------------


State 55 8.037 eV
Excitation                         CI Coef       TDM X       TDM Y       TDM Z       |TDM|
|3^CS(3->0)>                     -0.14247   -0.01436   -0.00000    0.00318    0.00002
|3^CS(2->0)>                      0.09085   -0.08085    0.00000    0.06119    0.00012
|3^CS(1->0)>                      0.21202   -0.16909    0.00000   -0.00060    0.00026
|3^CS(3->0')>                    -0.14247   -0.01436   -0.00000   -0.00318    0.00002
|3^CS(2->0')>                    -0.09085   -0.08085   -0.00000   -0.06119    0.00012
|3^CS(1->0')>                     0.21202   -0.16909    0.00000    0.00060    0.00026
|3^SV(0->1')>                     0.20926    0.16387    0.00000   -0.00678   -0.00025
|3^SV(0->2')>                     0.09061    0.07937    0.00000   -0.06471   -0.00012
|3^SV(0->3')>                    -0.14471    0.01548   -0.00000   -0.00641   -0.00002
|3^SV(0'->1')>                   -0.20926    0.16387   -0.00000    0.00678   -0.00025
|3^SV(0'->2')>                    0.09061    0.07937    0.00000    0.06471   -0.00012
|3^SV(0'->3')>                    0.14471    0.01548    0.00000    0.00641   -0.00002
|3T^CV(3->2')>                    0.24336    0.03531    0.00000    0.00000   -0.00005
|3T^CV(2->1')>                   -0.15372   -0.18802   -0.00000    0.00000    0.00029
|3T^CV(2->3')>                   -0.23988   -0.02916   -0.00000   -0.00000    0.00004
|3T^CV(1->2')>                    0.15142    0.18487    0.00000   -0.00000   -0.00028
|3S^CV(3->1')>                   -0.28906   -0.03521   -0.00000    0.00000    0.00005
|3S^CV(2->2')>                    0.14661   -0.00013    0.00000    0.00000    0.00000
|3S^CV(1->1')>                    0.20504   -0.00053    0.00000    0.00000    0.00000
|3S^CV(1->3')>                   -0.30260    0.03671   -0.00000    0.00000   -0.00006
|3X^CV(3->2')>                   -0.27479   -0.06913   -0.00000    0.00000    0.00011
|3X^CV(2->1')>                    0.26639   -0.03035    0.00000   -0.00000    0.00005
|3X^CV(2->3')>                   -0.28065    0.06977   -0.00000   -0.00000   -0.00011
|3X^CV(1->2')>                    0.27298    0.02948    0.00000    0.00000   -0.00005
TDMs with Triplet 'Ground' state
TDMX:-0.008   TDMY:0.000   TDMZ:0.000   Oscillator Strength:0.00001   <S**2>: 2.000
--------------------------------------------------------------------
TDMs with Singlet 'Ground' state
TDMX:0.000   TDMY:0.000   TDMZ:0.000   Oscillator Strength:0.00000   <S**2>: 2.000
--------------------------------------------------------------------


State 56 8.134 eV
Excitation                         CI Coef       TDM X       TDM Y       TDM Z       |TDM|
|1^ZW->                          -0.13481    0.00000   -0.00000    0.00000   -0.00000
|1^CS(3->0)>                      0.16355   -0.03041    0.00000    0.00629    0.00000
|1^CS(2->0)>                     -0.21350   -0.17118   -0.00000    0.16798    0.00000
|1^CS(1->0)>                     -0.09664   -0.07483   -0.00000   -0.01247    0.00000
|1^CS(3->0')>                    -0.16355   -0.03041   -0.00000   -0.00629    0.00000
|1^CS(2->0')>                    -0.21350   -0.17118   -0.00000   -0.16798    0.00000
|1^CS(1->0')>                     0.09664   -0.07483    0.00000    0.01247    0.00000
|1^SV(0->1')>                     0.09363    0.07217    0.00000    0.01156   -0.00000
|1^SV(0->2')>                     0.21343    0.17112    0.00000   -0.16958   -0.00000
|1^SV(0->3')>                    -0.16540    0.03313   -0.00000   -0.00689   -0.00000
|1^SV(0'->1')>                   -0.09363    0.07217   -0.00000   -0.01156   -0.00000
|1^SV(0'->2')>                    0.21343    0.17112    0.00000    0.16958   -0.00000
|1^SV(0'->3')>                    0.16540    0.03313    0.00000    0.00689   -0.00000
|1S^CV(3->2')>                   -0.07652   -0.00733   -0.00000   -0.00000    0.00000
|1S^CV(2->3')>                    0.07641    0.00525    0.00000    0.00000   -0.00000
|1T^CV(3->1')>                    0.36693   -0.04434    0.00000   -0.00000    0.00000
|1T^CV(2->2')>                   -0.56793    0.00000   -0.00000    0.00000   -0.00000
|1T^CV(1->1')>                   -0.21293   -0.00048   -0.00000    0.00000    0.00000
|1T^CV(1->3')>                    0.37125    0.04486    0.00000    0.00000   -0.00000
TDMs with Triplet 'Ground' state
TDMX:0.000   TDMY:0.000   TDMZ:0.000   Oscillator Strength:0.00000   <S**2>: 0.000
--------------------------------------------------------------------
TDMs with Singlet 'Ground' state
TDMX:-0.000   TDMY:0.000   TDMZ:0.000   Oscillator Strength:0.00000   <S**2>: 0.000
--------------------------------------------------------------------


State 57 8.244 eV
Excitation                         CI Coef       TDM X       TDM Y       TDM Z       |TDM|
|3^CS(3->0)>                     -0.13517   -0.01362   -0.00000    0.00301   -0.00001
|3^CS(2->0)>                     -0.09429    0.08391   -0.00000   -0.06350    0.00021
|3^CS(1->0)>                      0.14945   -0.11919    0.00000   -0.00042    0.00000
|3^CS(3->0')>                     0.13517    0.01362    0.00000    0.00301   -0.00001
|3^CS(2->0')>                    -0.09429   -0.08391   -0.00000   -0.06350    0.00021
|3^CS(1->0')>                    -0.14945    0.11919   -0.00000   -0.00042    0.00000
|3^SV(0->1')>                     0.15159    0.11871    0.00000   -0.00491    0.00002
|3^SV(0->2')>                    -0.09031   -0.07910   -0.00000    0.06449   -0.00022
|3^SV(0->3')>                    -0.14620    0.01564   -0.00000   -0.00648    0.00002
|3^SV(0'->1')>                    0.15159   -0.11871    0.00000   -0.00491    0.00002
|3^SV(0'->2')>                    0.09031    0.07910    0.00000    0.06449   -0.00022
|3^SV(0'->3')>                   -0.14620   -0.01564   -0.00000   -0.00648    0.00002
|3S^CV(3->2')>                   -0.05815   -0.00000   -0.00000    0.00739   -0.00002
|3S^CV(2->1')>                    0.07363    0.00000    0.00000   -0.00784    0.00003
|3S^CV(2->3')>                   -0.06264    0.00000   -0.00000   -0.00698    0.00002
|3S^CV(1->2')>                    0.07345   -0.00000    0.00000    0.00962   -0.00003
|3X^CV(3->1')>                   -0.32715   -0.00000   -0.00000    0.04434   -0.00015
|3X^CV(3->3')>                   -0.16551    0.00000   -0.00000   -0.00369    0.00001
|3X^CV(2->2')>                   -0.14738   -0.00000   -0.00000   -0.00660    0.00002
|3X^CV(1->1')>                    0.27806    0.00000    0.00000    0.01015   -0.00003
|3X^CV(1->3')>                   -0.32714    0.00000   -0.00000   -0.04022    0.00014
|3^ZCV0(3->3')>                  -0.12036   -0.00007   -0.00000    0.00004   -0.00000
|3^ZCV0(2->2')>                  -0.17787    0.04162   -0.00000    0.00042   -0.00000
|3^ZCV0(1->1')>                  -0.40800   -0.03778   -0.00000   -0.00005    0.00000
|3^ZCV0'(6->3')>                  0.12036    0.00007    0.00000    0.00004   -0.00000
|3^ZCV0'(5->2')>                  0.17787   -0.04162    0.00000    0.00042   -0.00000
|3^ZCV0'(4->1')>                  0.40800    0.03778    0.00000   -0.00005    0.00000
TDMs with Triplet 'Ground' state
TDMX:0.000   TDMY:0.000   TDMZ:-0.017   Oscillator Strength:0.00006   <S**2>: 2.000
--------------------------------------------------------------------
TDMs with Singlet 'Ground' state
TDMX:0.000   TDMY:0.000   TDMZ:0.000   Oscillator Strength:0.00000   <S**2>: 2.000
--------------------------------------------------------------------


State 58 8.285 eV
Excitation                         CI Coef       TDM X       TDM Y       TDM Z       |TDM|
|1^CS(3->0)>                      0.10829   -0.02014    0.00000    0.00416    0.00000
|1^CS(2->0)>                     -0.10170   -0.08154   -0.00000    0.08002    0.00000
|1^CS(1->0)>                     -0.15818   -0.12249   -0.00000   -0.02040    0.00000
|1^CS(3->0')>                     0.10829    0.02014    0.00000    0.00416   -0.00000
|1^CS(2->0')>                     0.10170    0.08154    0.00000    0.08002    0.00000
|1^CS(1->0')>                    -0.15818    0.12249   -0.00000   -0.02040   -0.00000
|1^SV(0->1')>                     0.15615    0.12035    0.00000    0.01927   -0.00000
|1^SV(0->2')>                     0.10170    0.08154    0.00000   -0.08081   -0.00000
|1^SV(0->3')>                    -0.11120    0.02227   -0.00000   -0.00463   -0.00000
|1^SV(0'->1')>                    0.15615   -0.12035    0.00000    0.01927    0.00000
|1^SV(0'->2')>                   -0.10170   -0.08154   -0.00000   -0.08081   -0.00000
|1^SV(0'->3')>                   -0.11120   -0.02227   -0.00000   -0.00463    0.00000
|1S^CV(3->1')>                    0.41838   -0.00000    0.00000   -0.05280   -0.00000
|1S^CV(1->3')>                   -0.41838   -0.00000   -0.00000    0.06672    0.00000
|1T^CV(3->2')>                    0.34629   -0.00000    0.00000    0.04690    0.00000
|1T^CV(2->1')>                   -0.29107    0.00000   -0.00000   -0.03070   -0.00000
|1T^CV(2->3')>                    0.35174    0.00000    0.00000   -0.03886   -0.00000
|1T^CV(1->2')>                   -0.29754   -0.00000   -0.00000    0.03879    0.00000
|1^ZCV0(1->1')>                   0.09749   -0.00885    0.00000   -0.00035    0.00000
|1^ZCV0'(1->1')>                  0.09749    0.00885    0.00000   -0.00035   -0.00000
|1^CSD_(1,1)>                     0.08093   -0.00000    0.00000   -0.00161   -0.00000
|1^SVD_(1',1')>                  -0.07971    0.00000   -0.00000    0.00154    0.00000
TDMs with Triplet 'Ground' state
TDMX:0.000   TDMY:0.000   TDMZ:0.000   Oscillator Strength:0.00000   <S**2>: 0.000
--------------------------------------------------------------------
TDMs with Singlet 'Ground' state
TDMX:-0.000   TDMY:0.000   TDMZ:0.000   Oscillator Strength:0.00000   <S**2>: 0.000
--------------------------------------------------------------------


State 59 8.497 eV
Excitation                         CI Coef       TDM X       TDM Y       TDM Z       |TDM|
|3^CS(3->0)>                     -0.08549   -0.00862   -0.00000    0.00191   -0.00004
|3^CS(2->0)>                      0.16732   -0.14890    0.00000    0.11269   -0.00066
|3^CS(1->0)>                     -0.25108    0.20024   -0.00000    0.00071    0.00089
|3^CS(3->0')>                    -0.08549   -0.00862   -0.00000   -0.00191   -0.00004
|3^CS(2->0')>                    -0.16732   -0.14890   -0.00000   -0.11269   -0.00066
|3^CS(1->0')>                    -0.25108    0.20024   -0.00000   -0.00071    0.00089
|3^SV(0->1')>                    -0.09505   -0.07443   -0.00000    0.00308   -0.00033
|3^SV(0->2')>                     0.13640    0.11948    0.00000   -0.09740    0.00053
|3^SV(0->3')>                    -0.07429    0.00795   -0.00000   -0.00329    0.00004
|3^SV(0'->1')>                    0.09505   -0.07443    0.00000   -0.00308   -0.00033
|3^SV(0'->2')>                    0.13640    0.11948    0.00000    0.09740    0.00053
|3^SV(0'->3')>                    0.07429    0.00795    0.00000    0.00329    0.00004
|3T^CV(3->2')>                    0.22382    0.03247    0.00000    0.00000    0.00014
|3T^CV(2->1')>                    0.11740    0.14359    0.00000   -0.00000    0.00064
|3T^CV(1->2')>                   -0.26789   -0.32708   -0.00000    0.00000   -0.00145
|3S^CV(3->1')>                   -0.08779   -0.01069   -0.00000    0.00000   -0.00005
|3S^CV(3->3')>                   -0.11706    0.00024   -0.00000    0.00000    0.00000
|3S^CV(2->2')>                    0.29070   -0.00025    0.00000    0.00000   -0.00000
|3S^CV(1->1')>                   -0.11023    0.00028   -0.00000   -0.00000    0.00000
|3S^CV(1->3')>                    0.31820   -0.03861    0.00000   -0.00000   -0.00017
|3X^CV(3->2')>                   -0.29242   -0.07357   -0.00000    0.00000   -0.00033
|3X^CV(2->3')>                   -0.32555    0.08093   -0.00000   -0.00000    0.00036
|3X^CV(1->2')>                   -0.23466   -0.02534   -0.00000   -0.00000   -0.00011
|3^ZCV0(2->1')>                  -0.08318   -0.01030   -0.00000    0.00281   -0.00005
|3^ZCV0(2->2')>                  -0.08820    0.02064   -0.00000    0.00021    0.00009
|3^ZCV0(2->3')>                  -0.05878    0.00344   -0.00000   -0.00011    0.00002
|3^ZCV0(1->1')>                  -0.16528   -0.01531   -0.00000   -0.00002   -0.00007
|3^ZCV0(1->2')>                  -0.12193    0.01514   -0.00000    0.00430    0.00007
|3^ZCV0(1->3')>                  -0.06250    0.00907   -0.00000    0.00018    0.00004
|3^ZCV0'(5->1')>                  0.08318   -0.01030    0.00000   -0.00281   -0.00005
|3^ZCV0'(5->2')>                 -0.08820    0.02064   -0.00000   -0.00021    0.00009
|3^ZCV0'(5->3')>                  0.05878    0.00344    0.00000    0.00011    0.00002
|3^ZCV0'(4->1')>                 -0.16528   -0.01531   -0.00000    0.00002   -0.00007
|3^ZCV0'(4->2')>                  0.12193    0.01514    0.00000   -0.00430    0.00007
|3^ZCV0'(4->3')>                 -0.06250    0.00907   -0.00000   -0.00018    0.00004
TDMs with Triplet 'Ground' state
TDMX:0.021   TDMY:0.000   TDMZ:0.000   Oscillator Strength:0.00009   <S**2>: 2.000
--------------------------------------------------------------------
TDMs with Singlet 'Ground' state
TDMX:0.000   TDMY:0.000   TDMZ:0.000   Oscillator Strength:0.00000   <S**2>: 2.000
--------------------------------------------------------------------


State 60 8.508 eV
Excitation                         CI Coef       TDM X       TDM Y       TDM Z       |TDM|
|3^CS(2->0)>                      0.06126   -0.05451    0.00000    0.04126    0.00060
|3^CS(2->0')>                    -0.06126   -0.05451   -0.00000   -0.04126    0.00060
|3^SV(0->1')>                    -0.23755   -0.18603   -0.00000    0.00770    0.00206
|3^SV(0->2')>                     0.11312    0.09908    0.00000   -0.08078   -0.00110
|3^SV(0->3')>                    -0.05124    0.00548   -0.00000   -0.00227   -0.00006
|3^SV(0'->1')>                    0.23755   -0.18603    0.00000   -0.00770    0.00206
|3^SV(0'->2')>                    0.11312    0.09908    0.00000    0.08078   -0.00110
|3^SV(0'->3')>                    0.05124    0.00548    0.00000    0.00227   -0.00006
|3T^CV(3->2')>                   -0.18055   -0.02619   -0.00000   -0.00000    0.00029
|3T^CV(2->1')>                    0.23585    0.28847    0.00000   -0.00000   -0.00320
|3T^CV(2->3')>                   -0.28271   -0.03436   -0.00000   -0.00000    0.00038
|3S^CV(3->1')>                    0.41533    0.05059    0.00000   -0.00000   -0.00056
|3S^CV(3->3')>                   -0.08510    0.00017   -0.00000    0.00000   -0.00000
|3S^CV(2->2')>                    0.16914   -0.00015    0.00000    0.00000    0.00000
|3S^CV(1->1')>                   -0.07376    0.00019   -0.00000   -0.00000   -0.00000
|3S^CV(1->3')>                   -0.28084    0.03407   -0.00000    0.00000   -0.00038
|3X^CV(3->2')>                   -0.20104   -0.05058   -0.00000    0.00000    0.00056
|3X^CV(2->1')>                   -0.25996    0.02962   -0.00000    0.00000   -0.00033
|3X^CV(2->3')>                   -0.14679    0.03649   -0.00000   -0.00000   -0.00040
|3X^CV(1->2')>                    0.10558    0.01140    0.00000    0.00000   -0.00013
|3^ZCV0(3->1')>                   0.08343   -0.01205    0.00000   -0.00023    0.00013
|3^ZCV0(3->2')>                  -0.05539   -0.00313   -0.00000   -0.00014    0.00003
|3^ZCV0(2->1')>                  -0.10660   -0.01321   -0.00000    0.00360    0.00015
|3^ZCV0(2->2')>                   0.15126   -0.03539    0.00000   -0.00036    0.00039
|3^ZCV0(1->1')>                   0.27045    0.02504    0.00000    0.00003   -0.00028
|3^ZCV0'(6->1')>                  0.08343   -0.01205    0.00000    0.00023    0.00013
|3^ZCV0'(6->2')>                  0.05539   -0.00313    0.00000    0.00014    0.00003
|3^ZCV0'(5->1')>                  0.10660   -0.01321    0.00000   -0.00360    0.00015
|3^ZCV0'(5->2')>                  0.15126   -0.03539    0.00000    0.00036    0.00039
|3^ZCV0'(4->1')>                  0.27045    0.02504    0.00000   -0.00003   -0.00028
TDMs with Triplet 'Ground' state
TDMX:-0.053   TDMY:0.000   TDMZ:-0.000   Oscillator Strength:0.00059   <S**2>: 2.000
--------------------------------------------------------------------
TDMs with Singlet 'Ground' state
TDMX:0.000   TDMY:0.000   TDMZ:0.000   Oscillator Strength:0.00000   <S**2>: 2.000
--------------------------------------------------------------------


State 61 8.540 eV
Excitation                         CI Coef       TDM X       TDM Y       TDM Z       |TDM|
|3^CS(2->0)>                     -0.07134    0.06348   -0.00000   -0.04804    0.00036
|3^CS(2->0')>                    -0.07134   -0.06348   -0.00000   -0.04804    0.00036
|3T^CV(3->1')>                    0.53850    0.00000    0.00000   -0.06766    0.00051
|3T^CV(2->2')>                   -0.13687    0.00000   -0.00000    0.14875   -0.00111
|3T^CV(1->1')>                    0.05343    0.00000    0.00000    0.08503   -0.00063
|3T^CV(1->3')>                    0.44596   -0.00000    0.00000   -0.07038    0.00053
|3S^CV(3->2')>                   -0.26033   -0.00000   -0.00000    0.03310   -0.00025
|3S^CV(2->3')>                    0.24099   -0.00000    0.00000    0.02687   -0.00020
|3X^CV(3->1')>                    0.17128    0.00000    0.00000   -0.02321    0.00017
|3X^CV(2->2')>                   -0.06057   -0.00000   -0.00000   -0.00271    0.00002
|3X^CV(1->3')>                   -0.15527    0.00000   -0.00000   -0.01909    0.00014
|3^ZCV0(3->1')>                   0.08246   -0.01191    0.00000   -0.00023    0.00000
|3^ZCV0(3->2')>                  -0.05341   -0.00302   -0.00000   -0.00014    0.00000
|3^ZCV0(2->1')>                  -0.16594   -0.02056   -0.00000    0.00560   -0.00004
|3^ZCV0(2->2')>                   0.16102   -0.03768    0.00000   -0.00038    0.00000
|3^ZCV0(2->3')>                   0.06532   -0.00382    0.00000    0.00012   -0.00000
|3^ZCV0(1->1')>                  -0.06251   -0.00579   -0.00000   -0.00001    0.00000
|3^ZCV0(1->2')>                   0.10536   -0.01308    0.00000   -0.00371    0.00003
|3^ZCV0(1->3')>                   0.07990   -0.01160    0.00000   -0.00023    0.00000
|3^ZCV0'(6->1')>                 -0.08246    0.01191   -0.00000   -0.00023    0.00000
|3^ZCV0'(6->2')>                 -0.05341    0.00302   -0.00000   -0.00014    0.00000
|3^ZCV0'(5->1')>                 -0.16594    0.02056   -0.00000    0.00560   -0.00004
|3^ZCV0'(5->2')>                 -0.16102    0.03768   -0.00000   -0.00038    0.00000
|3^ZCV0'(5->3')>                  0.06532    0.00382    0.00000    0.00012   -0.00000
|3^ZCV0'(4->1')>                  0.06251    0.00579    0.00000   -0.00001    0.00000
|3^ZCV0'(4->2')>                  0.10536    0.01308    0.00000   -0.00371    0.00003
|3^ZCV0'(4->3')>                 -0.07990    0.01160   -0.00000   -0.00023    0.00000
|3^CSD(3,2)>                      0.10471    0.00000    0.00000    0.00649   -0.00005
|3^CSD(2,1)>                      0.23011    0.00000    0.00000    0.01530   -0.00011
|3^SVD(1,2)>                     -0.18812   -0.00000   -0.00000   -0.02117    0.00016
|3^SVD(2,3)>                     -0.10340   -0.00000   -0.00000   -0.00747    0.00006
TDMs with Triplet 'Ground' state
TDMX:0.000   TDMY:0.000   TDMZ:-0.036   Oscillator Strength:0.00027   <S**2>: 2.000
--------------------------------------------------------------------
TDMs with Singlet 'Ground' state
TDMX:0.000   TDMY:0.000   TDMZ:0.000   Oscillator Strength:0.00000   <S**2>: 2.000
--------------------------------------------------------------------


State 62 8.612 eV
Excitation                         CI Coef       TDM X       TDM Y       TDM Z       |TDM|
|3^SV(0->2')>                     0.11479    0.10055    0.00000   -0.08197    0.00064
|3^SV(0->3')>                    -0.10905    0.01167   -0.00000   -0.00483    0.00004
|3^SV(0'->2')>                   -0.11479   -0.10055   -0.00000   -0.08197    0.00064
|3^SV(0'->3')>                   -0.10905   -0.01167   -0.00000   -0.00483    0.00004
|3T^CV(3->1')>                    0.08411    0.00000    0.00000   -0.01057    0.00008
|3T^CV(2->2')>                   -0.16404    0.00000   -0.00000    0.17828   -0.00139
|3T^CV(1->3')>                    0.41750   -0.00000    0.00000   -0.06589    0.00051
|3S^CV(3->2')>                   -0.21991   -0.00000   -0.00000    0.02796   -0.00022
|3S^CV(2->1')>                   -0.08429   -0.00000   -0.00000    0.00898   -0.00007
|3S^CV(2->3')>                    0.14076   -0.00000    0.00000    0.01569   -0.00012
|3X^CV(3->1')>                    0.13040    0.00000    0.00000   -0.01767    0.00014
|3X^CV(3->3')>                   -0.12974    0.00000   -0.00000   -0.00289    0.00002
|3X^CV(2->2')>                    0.13199    0.00000    0.00000    0.00591   -0.00005
|3X^CV(1->3')>                   -0.19054    0.00000   -0.00000   -0.02343    0.00018
|3^ZCV0(3->1')>                  -0.12488    0.01803   -0.00000    0.00035   -0.00000
|3^ZCV0(3->2')>                   0.08375    0.00474    0.00000    0.00021   -0.00000
|3^ZCV0(2->1')>                   0.18545    0.02297    0.00000   -0.00626    0.00005
|3^ZCV0(2->2')>                  -0.21698    0.05077   -0.00000    0.00051   -0.00000
|3^ZCV0(2->3')>                  -0.07180    0.00420   -0.00000   -0.00014    0.00000
|3^ZCV0(1->1')>                   0.09484    0.00878    0.00000    0.00001   -0.00000
|3^ZCV0(1->2')>                  -0.22620    0.02809   -0.00000    0.00797   -0.00006
|3^ZCV0(1->3')>                  -0.12672    0.01839   -0.00000    0.00036   -0.00000
|3^ZCV0'(6->1')>                  0.12488   -0.01803    0.00000    0.00035   -0.00000
|3^ZCV0'(6->2')>                  0.08375   -0.00474    0.00000    0.00021   -0.00000
|3^ZCV0'(5->1')>                  0.18545   -0.02297    0.00000   -0.00626    0.00005
|3^ZCV0'(5->2')>                  0.21698   -0.05077    0.00000    0.00051   -0.00000
|3^ZCV0'(5->3')>                 -0.07180   -0.00420   -0.00000   -0.00014    0.00000
|3^ZCV0'(4->1')>                 -0.09484   -0.00878   -0.00000    0.00001   -0.00000
|3^ZCV0'(4->2')>                 -0.22620   -0.02809   -0.00000    0.00797   -0.00006
|3^ZCV0'(4->3')>                  0.12672   -0.01839    0.00000    0.00036   -0.00000
|3^CSD(3,2)>                     -0.13504   -0.00000   -0.00000   -0.00837    0.00007
|3^CSD(2,1)>                     -0.25968   -0.00000   -0.00000   -0.01726    0.00013
|3^SVD(1,2)>                      0.30132    0.00000    0.00000    0.03390   -0.00026
|3^SVD(2,3)>                      0.12396    0.00000    0.00000    0.00895   -0.00007
TDMs with Triplet 'Ground' state
TDMX:0.000   TDMY:0.000   TDMZ:-0.037   Oscillator Strength:0.00029   <S**2>: 2.000
--------------------------------------------------------------------
TDMs with Singlet 'Ground' state
TDMX:0.000   TDMY:0.000   TDMZ:0.000   Oscillator Strength:0.00000   <S**2>: 2.000
--------------------------------------------------------------------


State 63 8.651 eV
Excitation                         CI Coef       TDM X       TDM Y       TDM Z       |TDM|
|1^ZW+>                           0.10205    0.00000    0.00000    0.06774   -0.00047
|1^CS(3->0)>                     -0.07767    0.01444   -0.00000   -0.00299    0.00002
|1^CS(2->0)>                      0.13781    0.11049    0.00000   -0.10842    0.00075
|1^CS(3->0')>                    -0.07767   -0.01444   -0.00000   -0.00299    0.00002
|1^CS(2->0')>                    -0.13781   -0.11049   -0.00000   -0.10842    0.00075
|1^SV(0->2')>                     0.13781    0.11049    0.00000   -0.10950    0.00075
|1^SV(0->3')>                    -0.07714    0.01545   -0.00000   -0.00321    0.00002
|1^SV(0'->2')>                   -0.13781   -0.11049   -0.00000   -0.10950    0.00075
|1^SV(0'->3')>                   -0.07714   -0.01545   -0.00000   -0.00321    0.00002
|1S^CV(3->1')>                    0.61803   -0.00000    0.00000   -0.07799    0.00054
|1S^CV(2->2')>                   -0.25709    0.00000   -0.00000    0.34703   -0.00239
|1S^CV(1->1')>                    0.09719    0.00000    0.00000    0.16780   -0.00115
|1S^CV(1->3')>                    0.61537    0.00000    0.00000   -0.09813    0.00067
|1T^CV(2->1')>                    0.10031   -0.00000    0.00000    0.01058   -0.00007
|1T^CV(1->2')>                   -0.09994   -0.00000   -0.00000    0.01303   -0.00009
|1^CSD_(1,1)>                    -0.09523    0.00000   -0.00000    0.00189   -0.00001
|1^SVD_(1',1')>                  -0.09414    0.00000   -0.00000    0.00181   -0.00001
TDMs with Triplet 'Ground' state
TDMX:0.000   TDMY:0.000   TDMZ:0.000   Oscillator Strength:0.00000   <S**2>: 0.000
--------------------------------------------------------------------
TDMs with Singlet 'Ground' state
TDMX:0.000   TDMY:0.000   TDMZ:-0.034   Oscillator Strength:0.00023   <S**2>: 0.000
--------------------------------------------------------------------


State 64 8.685 eV
Excitation                         CI Coef       TDM X       TDM Y       TDM Z       |TDM|
|3^CS(3->0)>                     -0.19065   -0.01921   -0.00000    0.00425    0.00000
|3^CS(1->0)>                     -0.09901    0.07897   -0.00000    0.00028    0.00000
|3^CS(3->0')>                     0.19065    0.01921    0.00000    0.00425    0.00000
|3^CS(1->0')>                     0.09901   -0.07897    0.00000    0.00028    0.00000
|3^SV(0->1')>                    -0.10490   -0.08214   -0.00000    0.00340    0.00000
|3^SV(0->3')>                    -0.16425    0.01758   -0.00000   -0.00728   -0.00000
|3^SV(0'->1')>                   -0.10490    0.08214   -0.00000    0.00340    0.00000
|3^SV(0'->3')>                   -0.16425   -0.01758   -0.00000   -0.00728   -0.00000
|3T^CV(3->1')>                   -0.45454   -0.00000   -0.00000    0.05711    0.00002
|3T^CV(1->3')>                    0.38704   -0.00000    0.00000   -0.06108   -0.00002
|3S^CV(3->2')>                   -0.13597   -0.00000   -0.00000    0.01729    0.00001
|3S^CV(2->1')>                   -0.09235   -0.00000   -0.00000    0.00983    0.00000
|3S^CV(2->3')>                   -0.24214    0.00000   -0.00000   -0.02699   -0.00001
|3S^CV(1->2')>                   -0.10484    0.00000   -0.00000   -0.01372   -0.00000
|3X^CV(3->1')>                   -0.14030   -0.00000   -0.00000    0.01901    0.00001
|3X^CV(3->3')>                   -0.41001    0.00000   -0.00000   -0.00914   -0.00000
|3X^CV(2->2')>                    0.07978    0.00000    0.00000    0.00357    0.00000
|3^ZCV0(3->2')>                  -0.06702   -0.00379   -0.00000   -0.00017   -0.00000
|3^ZCV0(2->2')>                   0.22285   -0.05214    0.00000   -0.00053   -0.00000
|3^ZCV0(2->3')>                   0.06824   -0.00399    0.00000    0.00013    0.00000
|3^ZCV0(1->1')>                   0.07571    0.00701    0.00000    0.00001    0.00000
|3^ZCV0(1->2')>                   0.05690   -0.00707    0.00000   -0.00201   -0.00000
|3^ZCV0'(6->2')>                 -0.06702    0.00379   -0.00000   -0.00017   -0.00000
|3^ZCV0'(5->2')>                 -0.22285    0.05214   -0.00000   -0.00053   -0.00000
|3^ZCV0'(5->3')>                  0.06824    0.00399    0.00000    0.00013    0.00000
|3^ZCV0'(4->1')>                 -0.07571   -0.00701   -0.00000    0.00001    0.00000
|3^ZCV0'(4->2')>                  0.05690    0.00707    0.00000   -0.00201   -0.00000
|3^CSD(2,1)>                      0.15850    0.00000    0.00000    0.01054    0.00000
|3^SVD(1,2)>                     -0.08245   -0.00000   -0.00000   -0.00928   -0.00000
|3^SVD(2,3)>                     -0.08264   -0.00000   -0.00000   -0.00597   -0.00000
TDMs with Triplet 'Ground' state
TDMX:-0.000   TDMY:0.000   TDMZ:0.002   Oscillator Strength:0.00000   <S**2>: 2.000
--------------------------------------------------------------------
TDMs with Singlet 'Ground' state
TDMX:0.000   TDMY:0.000   TDMZ:0.000   Oscillator Strength:0.00000   <S**2>: 2.000
--------------------------------------------------------------------


State 65 8.707 eV
Excitation                         CI Coef       TDM X       TDM Y       TDM Z       |TDM|
|1^ZW->                           0.07112   -0.00000    0.00000   -0.00000   -0.00000
|1^CS(3->0)>                     -0.08779    0.01633   -0.00000   -0.00338    0.00000
|1^CS(1->0)>                     -0.18259   -0.14139   -0.00000   -0.02355   -0.00001
|1^CS(3->0')>                     0.08779    0.01633    0.00000    0.00338    0.00000
|1^CS(1->0')>                     0.18259   -0.14139    0.00000    0.02355   -0.00001
|1^SV(0->1')>                     0.18415    0.14193    0.00000    0.02273    0.00001
|1^SV(0->3')>                     0.08458   -0.01694    0.00000    0.00352   -0.00000
|1^SV(0'->1')>                   -0.18415    0.14193   -0.00000   -0.02273    0.00001
|1^SV(0'->3')>                   -0.08458   -0.01694   -0.00000   -0.00352   -0.00000
|1S^CV(3->2')>                    0.54975    0.05269    0.00000    0.00000    0.00000
|1S^CV(2->1')>                   -0.15873   -0.23301   -0.00000    0.00000   -0.00001
|1S^CV(2->3')>                   -0.54599   -0.03748   -0.00000   -0.00000   -0.00000
|1S^CV(1->2')>                    0.14842    0.21766    0.00000   -0.00000    0.00001
|1T^CV(3->1')>                    0.13122   -0.01586    0.00000   -0.00000   -0.00000
|1T^CV(3->3')>                   -0.34452   -0.00077   -0.00000   -0.00000   -0.00000
|1T^CV(2->2')>                    0.08714   -0.00000    0.00000   -0.00000   -0.00000
|1T^CV(1->1')>                   -0.11970   -0.00027   -0.00000    0.00000   -0.00000
|1T^CV(1->3')>                    0.14036    0.01696    0.00000    0.00000    0.00000
TDMs with Triplet 'Ground' state
TDMX:0.000   TDMY:0.000   TDMZ:0.000   Oscillator Strength:0.00000   <S**2>: 0.000
--------------------------------------------------------------------
TDMs with Singlet 'Ground' state
TDMX:0.000   TDMY:0.000   TDMZ:0.000   Oscillator Strength:0.00000   <S**2>: 0.000
--------------------------------------------------------------------


State 66 8.812 eV
Excitation                         CI Coef       TDM X       TDM Y       TDM Z       |TDM|
|3^CS(1->0)>                      0.07497   -0.05979    0.00000   -0.00021   -0.00008
|3^CS(1->0')>                     0.07497   -0.05979    0.00000    0.00021   -0.00008
|3^SV(0->1')>                    -0.07049   -0.05520   -0.00000    0.00228   -0.00007
|3^SV(0'->1')>                    0.07049   -0.05520    0.00000   -0.00228   -0.00007
|3T^CV(3->2')>                   -0.09261   -0.01344   -0.00000   -0.00000   -0.00002
|3T^CV(2->1')>                    0.07459    0.09124    0.00000   -0.00000    0.00012
|3T^CV(2->3')>                   -0.07283   -0.00885   -0.00000   -0.00000   -0.00001
|3T^CV(1->2')>                    0.08100    0.09889    0.00000   -0.00000    0.00013
|3S^CV(3->1')>                    0.31426    0.03828    0.00000   -0.00000    0.00005
|3S^CV(1->3')>                   -0.32105    0.03895   -0.00000    0.00000    0.00005
|3X^CV(3->2')>                   -0.17121   -0.04307   -0.00000    0.00000   -0.00006
|3X^CV(2->1')>                   -0.10548    0.01202   -0.00000    0.00000    0.00002
|3X^CV(2->3')>                    0.17707   -0.04402    0.00000    0.00000   -0.00006
|3X^CV(1->2')>                    0.11051    0.01193    0.00000    0.00000    0.00002
|3^ZCV0(3->3')>                  -0.14940   -0.00009   -0.00000    0.00004   -0.00000
|3^ZCV0(2->2')>                  -0.31392    0.07345   -0.00000    0.00075    0.00009
|3^ZCV0(1->1')>                  -0.45506   -0.04214   -0.00000   -0.00005   -0.00005
|3^ZCV0'(6->3')>                 -0.14940   -0.00009   -0.00000   -0.00004   -0.00000
|3^ZCV0'(5->2')>                 -0.31392    0.07345   -0.00000   -0.00075    0.00009
|3^ZCV0'(4->1')>                 -0.45506   -0.04214   -0.00000    0.00005   -0.00005
TDMs with Triplet 'Ground' state
TDMX:0.006   TDMY:0.000   TDMZ:-0.000   Oscillator Strength:0.00001   <S**2>: 2.000
--------------------------------------------------------------------
TDMs with Singlet 'Ground' state
TDMX:0.000   TDMY:0.000   TDMZ:0.000   Oscillator Strength:0.00000   <S**2>: 2.000
--------------------------------------------------------------------


State 67 8.928 eV
Excitation                         CI Coef       TDM X       TDM Y       TDM Z       |TDM|
|3^CS(3->0)>                     -0.05609   -0.00565   -0.00000    0.00125    0.00002
|3^CS(2->0)>                     -0.14466    0.12874   -0.00000   -0.09743   -0.00146
|3^CS(1->0)>                      0.16488   -0.13149    0.00000   -0.00046   -0.00001
|3^CS(3->0')>                     0.05609    0.00565    0.00000    0.00125    0.00002
|3^CS(2->0')>                    -0.14466   -0.12874   -0.00000   -0.09743   -0.00146
|3^CS(1->0')>                    -0.16488    0.13149   -0.00000   -0.00046   -0.00001
|3^SV(0->1')>                     0.07253    0.05680    0.00000   -0.00235   -0.00004
|3^SV(0->2')>                    -0.09258   -0.08110   -0.00000    0.06611    0.00099
|3^SV(0->3')>                    -0.06028    0.00645   -0.00000   -0.00267   -0.00004
|3^SV(0'->1')>                    0.07253   -0.05680    0.00000   -0.00235   -0.00004
|3^SV(0'->2')>                    0.09258    0.08110    0.00000    0.06611    0.00099
|3^SV(0'->3')>                   -0.06028   -0.00645   -0.00000   -0.00267   -0.00004
|3T^CV(3->1')>                    0.05424    0.00000    0.00000   -0.00681   -0.00010
|3T^CV(2->2')>                   -0.05053    0.00000   -0.00000    0.05492    0.00082
|3T^CV(1->3')>                   -0.29885    0.00000   -0.00000    0.04717    0.00071
|3S^CV(2->3')>                    0.11791   -0.00000    0.00000    0.01315    0.00020
|3S^CV(1->2')>                    0.10220   -0.00000    0.00000    0.01338    0.00020
|3X^CV(3->1')>                   -0.06507   -0.00000   -0.00000    0.00882    0.00013
|3X^CV(3->3')>                   -0.10350    0.00000   -0.00000   -0.00231   -0.00003
|3X^CV(2->2')>                   -0.22126   -0.00000   -0.00000   -0.00991   -0.00015
|3X^CV(1->1')>                    0.18233    0.00000    0.00000    0.00665    0.00010
|3X^CV(1->3')>                   -0.42441    0.00000   -0.00000   -0.05218   -0.00078
|3^ZCV0(3->3')>                   0.09033    0.00005    0.00000   -0.00003   -0.00000
|3^ZCV0(2->2')>                   0.21488   -0.05028    0.00000   -0.00051   -0.00001
|3^ZCV0(1->1')>                   0.39596    0.03667    0.00000    0.00004    0.00000
|3^ZCV0'(6->3')>                 -0.09033   -0.00005   -0.00000   -0.00003   -0.00000
|3^ZCV0'(5->2')>                 -0.21488    0.05028   -0.00000   -0.00051   -0.00001
|3^ZCV0'(4->1')>                 -0.39596   -0.03667   -0.00000    0.00004    0.00000
|3^CSD(2,1)>                     -0.16212   -0.00000   -0.00000   -0.01078   -0.00016
|3^SVD(1,2)>                      0.06185    0.00000    0.00000    0.00696    0.00010
TDMs with Triplet 'Ground' state
TDMX:0.000   TDMY:0.000   TDMZ:0.068   Oscillator Strength:0.00102   <S**2>: 2.000
--------------------------------------------------------------------
TDMs with Singlet 'Ground' state
TDMX:0.000   TDMY:0.000   TDMZ:0.000   Oscillator Strength:0.00000   <S**2>: 2.000
--------------------------------------------------------------------


State 68 8.960 eV
Excitation                         CI Coef       TDM X       TDM Y       TDM Z       |TDM|
|3^CS(2->0)>                      0.10257   -0.09127    0.00000    0.06908    0.00933
|3^CS(1->0)>                     -0.07385    0.05890   -0.00000    0.00021   -0.00602
|3^CS(2->0')>                    -0.10257   -0.09127   -0.00000   -0.06908    0.00933
|3^CS(1->0')>                    -0.07385    0.05890   -0.00000   -0.00021   -0.00602
|3^SV(0->1')>                     0.07775    0.06089    0.00000   -0.00252   -0.00622
|3^SV(0->2')>                    -0.09955   -0.08720   -0.00000    0.07109    0.00891
|3^SV(0'->1')>                   -0.07775    0.06089   -0.00000    0.00252   -0.00622
|3^SV(0'->2')>                   -0.09955   -0.08720   -0.00000   -0.07109    0.00891
|3T^CV(3->2')>                   -0.49798   -0.07225   -0.00000   -0.00000    0.00738
|3T^CV(2->3')>                   -0.53092   -0.06453   -0.00000   -0.00000    0.00660
|3S^CV(3->1')>                   -0.09510   -0.01158   -0.00000    0.00000    0.00118
|3S^CV(1->3')>                    0.10178   -0.01235    0.00000   -0.00000    0.00126
|3X^CV(3->2')>                    0.23585    0.05933    0.00000   -0.00000   -0.00606
|3X^CV(2->1')>                    0.15360   -0.01750    0.00000   -0.00000    0.00179
|3X^CV(2->3')>                   -0.23267    0.05784   -0.00000   -0.00000   -0.00591
|3X^CV(1->2')>                   -0.15299   -0.01652   -0.00000   -0.00000    0.00169
|3^ZCV0(3->1')>                   0.05555   -0.00802    0.00000   -0.00015    0.00082
|3^ZCV0(3->2')>                  -0.05031   -0.00285   -0.00000   -0.00013    0.00029
|3^ZCV0(2->1')>                  -0.12564   -0.01557   -0.00000    0.00424    0.00159
|3^ZCV0(2->2')>                   0.11998   -0.02807    0.00000   -0.00028    0.00287
|3^ZCV0(2->3')>                   0.05720   -0.00335    0.00000    0.00011    0.00034
|3^ZCV0(1->1')>                  -0.21051   -0.01949   -0.00000   -0.00002    0.00199
|3^ZCV0(1->2')>                   0.15097   -0.01875    0.00000   -0.00532    0.00192
|3^ZCV0(1->3')>                   0.07191   -0.01044    0.00000   -0.00020    0.00107
|3^ZCV0'(6->1')>                  0.05555   -0.00802    0.00000    0.00015    0.00082
|3^ZCV0'(6->2')>                  0.05031   -0.00285    0.00000    0.00013    0.00029
|3^ZCV0'(5->1')>                  0.12564   -0.01557    0.00000   -0.00424    0.00159
|3^ZCV0'(5->2')>                  0.11998   -0.02807    0.00000    0.00028    0.00287
|3^ZCV0'(5->3')>                 -0.05720   -0.00335   -0.00000   -0.00011    0.00034
|3^ZCV0'(4->1')>                 -0.21051   -0.01949   -0.00000    0.00002    0.00199
|3^ZCV0'(4->2')>                 -0.15097   -0.01875   -0.00000    0.00532    0.00192
|3^ZCV0'(4->3')>                  0.07191   -0.01044    0.00000    0.00020    0.00107
TDMs with Triplet 'Ground' state
TDMX:-0.466   TDMY:0.000   TDMZ:-0.000   Oscillator Strength:0.04759   <S**2>: 2.000
--------------------------------------------------------------------
TDMs with Singlet 'Ground' state
TDMX:0.000   TDMY:0.000   TDMZ:0.000   Oscillator Strength:0.00000   <S**2>: 2.000
--------------------------------------------------------------------


State 69 8.992 eV
Excitation                         CI Coef       TDM X       TDM Y       TDM Z       |TDM|
|3^CS(1->0)>                      0.08840   -0.07050    0.00000   -0.00025   -0.00001
|3^CS(1->0')>                    -0.08840    0.07050   -0.00000   -0.00025   -0.00001
|3^SV(0->1')>                    -0.20412   -0.15985   -0.00000    0.00662    0.00035
|3^SV(0->2')>                     0.09166    0.08028    0.00000   -0.06545   -0.00343
|3^SV(0'->1')>                   -0.20412    0.15985   -0.00000    0.00662    0.00035
|3^SV(0'->2')>                   -0.09166   -0.08028   -0.00000   -0.06545   -0.00343
|3T^CV(3->1')>                   -0.43075   -0.00000   -0.00000    0.05412    0.00283
|3T^CV(2->2')>                   -0.11870    0.00000   -0.00000    0.12900    0.00675
|3T^CV(1->1')>                    0.11716    0.00000    0.00000    0.18645    0.00976
|3T^CV(1->3')>                   -0.26768    0.00000   -0.00000    0.04225    0.00221
|3S^CV(3->2')>                   -0.21610   -0.00000   -0.00000    0.02748    0.00144
|3S^CV(2->1')>                   -0.17464   -0.00000   -0.00000    0.01860    0.00097
|3S^CV(2->3')>                    0.16753   -0.00000    0.00000    0.01868    0.00098
|3S^CV(1->2')>                    0.13106   -0.00000    0.00000    0.01716    0.00090
|3X^CV(3->1')>                    0.52059    0.00000    0.00000   -0.07055   -0.00369
|3X^CV(2->2')>                    0.06970    0.00000    0.00000    0.00312    0.00016
|3X^CV(1->1')>                   -0.08495   -0.00000   -0.00000   -0.00310   -0.00016
|3X^CV(1->3')>                   -0.32255    0.00000   -0.00000   -0.03966   -0.00208
|3^ZCV0(1->1')>                  -0.16974   -0.01572   -0.00000   -0.00002   -0.00000
|3^ZCV0'(4->1')>                  0.16974    0.01572    0.00000   -0.00002   -0.00000
|3^SVD(1,2)>                     -0.09173   -0.00000   -0.00000   -0.01032   -0.00054
TDMs with Triplet 'Ground' state
TDMX:-0.000   TDMY:0.000   TDMZ:0.238   Oscillator Strength:0.01244   <S**2>: 2.000
--------------------------------------------------------------------
TDMs with Singlet 'Ground' state
TDMX:0.000   TDMY:0.000   TDMZ:0.000   Oscillator Strength:0.00000   <S**2>: 2.000
--------------------------------------------------------------------


State 70 9.046 eV
Excitation                         CI Coef       TDM X       TDM Y       TDM Z       |TDM|
|1^CS(3->0)>                      0.05912   -0.01099    0.00000    0.00227    0.00049
|1^CS(2->0)>                     -0.07581   -0.06078   -0.00000    0.05964    0.00271
|1^CS(1->0)>                     -0.09583   -0.07420   -0.00000   -0.01236    0.00331
|1^CS(3->0')>                    -0.05912   -0.01099   -0.00000   -0.00227    0.00049
|1^CS(2->0')>                    -0.07581   -0.06078   -0.00000   -0.05964    0.00271
|1^CS(1->0')>                     0.09583   -0.07420    0.00000    0.01236    0.00331
|1^SV(0->1')>                    -0.09458   -0.07290   -0.00000   -0.01167    0.00325
|1^SV(0->2')>                    -0.07578   -0.06076   -0.00000    0.06021    0.00271
|1^SV(0->3')>                     0.06097   -0.01221    0.00000    0.00254    0.00054
|1^SV(0'->1')>                    0.09458   -0.07290    0.00000    0.01167    0.00325
|1^SV(0'->2')>                   -0.07578   -0.06076   -0.00000   -0.06021    0.00271
|1^SV(0'->3')>                   -0.06097   -0.01221   -0.00000   -0.00254    0.00054
|1S^CV(3->2')>                   -0.56003   -0.05367   -0.00000   -0.00000    0.00239
|1S^CV(2->1')>                    0.12879    0.18905    0.00000   -0.00000   -0.00842
|1S^CV(2->3')>                   -0.56313   -0.03866   -0.00000   -0.00000    0.00172
|1S^CV(1->2')>                    0.13921    0.20414    0.00000   -0.00000   -0.00910
|1T^CV(3->1')>                   -0.33064    0.03996   -0.00000    0.00000   -0.00178
|1T^CV(1->3')>                    0.33066    0.03996    0.00000    0.00000   -0.00178
|1^ZCV0(2->1')>                   0.07419   -0.00031    0.00000   -0.00102    0.00001
|1^ZCV0(2->2')>                  -0.05832   -0.00386   -0.00000   -0.00017    0.00017
|1^ZCV0(1->2')>                  -0.07482   -0.00028   -0.00000    0.00082    0.00001
|1^ZCV0'(2->1')>                  0.07419   -0.00031    0.00000    0.00102    0.00001
|1^ZCV0'(2->2')>                  0.05832   -0.00386    0.00000    0.00017    0.00017
|1^ZCV0'(1->2')>                 -0.07482   -0.00028   -0.00000   -0.00082    0.00001
TDMs with Triplet 'Ground' state
TDMX:0.000   TDMY:0.000   TDMZ:0.000   Oscillator Strength:0.00000   <S**2>: 0.000
--------------------------------------------------------------------
TDMs with Singlet 'Ground' state
TDMX:-0.211   TDMY:0.000   TDMZ:-0.000   Oscillator Strength:0.00938   <S**2>: 0.000
--------------------------------------------------------------------


State 71 9.048 eV
Excitation                         CI Coef       TDM X       TDM Y       TDM Z       |TDM|
|3^CS(3->0)>                     -0.11095   -0.01118   -0.00000    0.00247    0.00003
|3^CS(2->0)>                     -0.08112    0.07219   -0.00000   -0.05463   -0.00022
|3^CS(3->0')>                    -0.11095   -0.01118   -0.00000   -0.00247    0.00003
|3^CS(2->0')>                     0.08112    0.07219    0.00000    0.05463   -0.00022
|3^SV(0->2')>                    -0.09219   -0.08075   -0.00000    0.06583    0.00024
|3^SV(0->3')>                    -0.10959    0.01173   -0.00000   -0.00486   -0.00004
|3^SV(0'->2')>                   -0.09219   -0.08075   -0.00000   -0.06583    0.00024
|3^SV(0'->3')>                    0.10959    0.01173    0.00000    0.00486   -0.00004
|3T^CV(3->2')>                   -0.46018   -0.06676   -0.00000   -0.00000    0.00020
|3T^CV(2->3')>                    0.44036    0.05353    0.00000    0.00000   -0.00016
|3S^CV(3->1')>                   -0.14848   -0.01809   -0.00000    0.00000    0.00005
|3S^CV(3->3')>                   -0.52279    0.00107   -0.00000    0.00000   -0.00000
|3S^CV(1->1')>                    0.13701   -0.00035    0.00000    0.00000    0.00000
|3S^CV(1->3')>                   -0.12058    0.01463   -0.00000    0.00000   -0.00004
|3X^CV(2->3')>                   -0.07012    0.01743   -0.00000   -0.00000   -0.00005
|3^ZCV0(3->1')>                   0.08578   -0.01239    0.00000   -0.00024    0.00004
|3^ZCV0(2->1')>                  -0.17993   -0.02229   -0.00000    0.00607    0.00007
|3^ZCV0(1->2')>                  -0.16312    0.02026   -0.00000    0.00575   -0.00006
|3^ZCV0(1->3')>                  -0.07862    0.01141   -0.00000    0.00022   -0.00003
|3^ZCV0'(6->1')>                  0.08578   -0.01239    0.00000    0.00024    0.00004
|3^ZCV0'(5->1')>                  0.17993   -0.02229    0.00000   -0.00607    0.00007
|3^ZCV0'(4->2')>                  0.16312    0.02026    0.00000   -0.00575   -0.00006
|3^ZCV0'(4->3')>                 -0.07862    0.01141   -0.00000   -0.00022   -0.00003
|3^CSD(3,1)>                     -0.09353    0.00168   -0.00000   -0.00000   -0.00001
|3^SVD(1,3)>                      0.11739   -0.00527    0.00000    0.00000    0.00002
TDMs with Triplet 'Ground' state
TDMX:-0.014   TDMY:0.000   TDMZ:-0.000   Oscillator Strength:0.00004   <S**2>: 2.000
--------------------------------------------------------------------
TDMs with Singlet 'Ground' state
TDMX:0.000   TDMY:0.000   TDMZ:0.000   Oscillator Strength:0.00000   <S**2>: 2.000
--------------------------------------------------------------------


State 72 9.309 eV
Excitation                         CI Coef       TDM X       TDM Y       TDM Z       |TDM|
|1^ZCV0(3->1')>                  -0.09127   -0.00345   -0.00000   -0.00330    0.00000
|1^ZCV0(3->2')>                   0.13571    0.00306    0.00000   -0.00065    0.00000
|1^ZCV0(3->3')>                   0.06162    0.00088    0.00000   -0.00005    0.00000
|1^ZCV0(2->1')>                   0.25245   -0.00104    0.00000   -0.00346    0.00000
|1^ZCV0(2->2')>                  -0.30110   -0.01993   -0.00000   -0.00087    0.00000
|1^ZCV0(2->3')>                  -0.14041    0.00316   -0.00000    0.00046   -0.00000
|1^ZCV0(1->1')>                   0.08359   -0.00759    0.00000   -0.00030    0.00000
|1^ZCV0(1->2')>                  -0.25501   -0.00094   -0.00000    0.00279   -0.00000
|1^ZCV0(1->3')>                  -0.09396   -0.00368   -0.00000    0.00307   -0.00000
|1^ZCV0'(3->1')>                 -0.09127    0.00345   -0.00000   -0.00330    0.00000
|1^ZCV0'(3->2')>                 -0.13571   -0.00306   -0.00000   -0.00065    0.00000
|1^ZCV0'(3->3')>                  0.06162   -0.00088    0.00000   -0.00005    0.00000
|1^ZCV0'(2->1')>                 -0.25245    0.00104   -0.00000   -0.00346    0.00000
|1^ZCV0'(2->2')>                 -0.30110    0.01993   -0.00000   -0.00087    0.00000
|1^ZCV0'(2->3')>                  0.14041   -0.00316    0.00000    0.00046   -0.00000
|1^ZCV0'(1->1')>                  0.08359    0.00759    0.00000   -0.00030    0.00000
|1^ZCV0'(1->2')>                  0.25501    0.00094    0.00000    0.00279   -0.00000
|1^ZCV0'(1->3')>                 -0.09396    0.00368   -0.00000    0.00307   -0.00000
|1^CSD_(3,3)>                     0.07917   -0.00000    0.00000   -0.00424    0.00000
|1^CSD_(3,1)>                    -0.10228   -0.00000   -0.00000    0.00724   -0.00000
|1^CSD_(2,2)>                    -0.40024    0.00000   -0.00000    0.00715   -0.00000
|1^CSD_(1,1)>                     0.17165   -0.00000    0.00000   -0.00342    0.00000
|1^SVD_(1',1')>                  -0.16894    0.00000   -0.00000    0.00325   -0.00000
|1^SVD_(1',3')>                   0.10463    0.00000    0.00000   -0.00843    0.00000
|1^SVD_(2',2')>                   0.40024   -0.00000    0.00000   -0.00976    0.00000
|1^SVD_(3',3')>                  -0.08188    0.00000   -0.00000    0.00415   -0.00000
TDMs with Triplet 'Ground' state
TDMX:0.000   TDMY:0.000   TDMZ:0.000   Oscillator Strength:0.00000   <S**2>: 0.000
--------------------------------------------------------------------
TDMs with Singlet 'Ground' state
TDMX:0.000   TDMY:0.000   TDMZ:-0.000   Oscillator Strength:0.00000   <S**2>: 0.000
--------------------------------------------------------------------


State 73 9.310 eV
Excitation                         CI Coef       TDM X       TDM Y       TDM Z       |TDM|
|1^ZW+>                          -0.19827   -0.00000   -0.00000   -0.13162    0.00659
|1^CS(3->0)>                      0.07920   -0.01473    0.00000    0.00305   -0.00015
|1^CS(2->0)>                     -0.09900   -0.07937   -0.00000    0.07789   -0.00390
|1^CS(1->0)>                      0.21748    0.16840    0.00000    0.02805   -0.00141
|1^CS(3->0')>                     0.07920    0.01473    0.00000    0.00305   -0.00015
|1^CS(2->0')>                     0.09900    0.07937    0.00000    0.07789   -0.00390
|1^CS(1->0')>                     0.21748   -0.16840    0.00000    0.02805   -0.00141
|1^SV(0->1')>                     0.21891    0.16873    0.00000    0.02702   -0.00135
|1^SV(0->2')>                    -0.09900   -0.07937   -0.00000    0.07866   -0.00394
|1^SV(0->3')>                     0.07516   -0.01505    0.00000    0.00313   -0.00016
|1^SV(0'->1')>                    0.21891   -0.16873    0.00000    0.02702   -0.00135
|1^SV(0'->2')>                    0.09900    0.07937    0.00000    0.07866   -0.00394
|1^SV(0'->3')>                    0.07516    0.01505    0.00000    0.00313   -0.00016
|1S^CV(3->1')>                    0.20904   -0.00000    0.00000   -0.02638    0.00132
|1S^CV(3->3')>                   -0.22035   -0.00000   -0.00000   -0.01889    0.00095
|1S^CV(2->2')>                    0.11317   -0.00000    0.00000   -0.15277    0.00765
|1S^CV(1->1')>                   -0.16584   -0.00000   -0.00000   -0.28631    0.01434
|1S^CV(1->3')>                    0.21620    0.00000    0.00000   -0.03448    0.00173
|1T^CV(3->2')>                    0.33571   -0.00000    0.00000    0.04547   -0.00228
|1T^CV(2->1')>                   -0.35466    0.00000   -0.00000   -0.03741    0.00187
|1T^CV(2->3')>                   -0.32920   -0.00000   -0.00000    0.03637   -0.00182
|1T^CV(1->2')>                    0.34850    0.00000    0.00000   -0.04543    0.00228
|1^ZCV0(2->1')>                   0.09315   -0.00038    0.00000   -0.00128    0.00006
|1^ZCV0(1->2')>                   0.09321    0.00034    0.00000   -0.00102    0.00005
|1^ZCV0'(2->1')>                 -0.09315    0.00038   -0.00000   -0.00128    0.00006
|1^ZCV0'(1->2')>                 -0.09321   -0.00034   -0.00000   -0.00102    0.00005
|1^CSD_(2,2)>                     0.09501   -0.00000    0.00000   -0.00170    0.00009
|1^SVD_(2',2')>                   0.09500   -0.00000    0.00000   -0.00232    0.00012
TDMs with Triplet 'Ground' state
TDMX:0.000   TDMY:0.000   TDMZ:0.000   Oscillator Strength:0.00000   <S**2>: 0.000
--------------------------------------------------------------------
TDMs with Singlet 'Ground' state
TDMX:0.000   TDMY:0.000   TDMZ:-0.230   Oscillator Strength:0.01151   <S**2>: 0.000
--------------------------------------------------------------------


State 74 9.312 eV
Excitation                         CI Coef       TDM X       TDM Y       TDM Z       |TDM|
|3^CS(3->0)>                      0.09835    0.00991    0.00000   -0.00219    0.00003
|3^CS(2->0)>                      0.05576   -0.04962    0.00000    0.03756   -0.00053
|3^CS(3->0')>                    -0.09835   -0.00991   -0.00000   -0.00219    0.00003
|3^CS(2->0')>                     0.05576    0.04962    0.00000    0.03756   -0.00053
|3^SV(0->3')>                    -0.09520    0.01019   -0.00000   -0.00422    0.00006
|3^SV(0'->3')>                   -0.09520   -0.01019   -0.00000   -0.00422    0.00006
|3T^CV(3->1')>                    0.11899    0.00000    0.00000   -0.01495    0.00021
|3T^CV(3->3')>                    0.18838    0.00000    0.00000    0.01892   -0.00027
|3T^CV(2->2')>                    0.07812   -0.00000    0.00000   -0.08490    0.00120
|3T^CV(1->3')>                    0.09267   -0.00000    0.00000   -0.01462    0.00021
|3S^CV(3->2')>                    0.23753    0.00000    0.00000   -0.03020    0.00043
|3S^CV(2->3')>                   -0.23560    0.00000   -0.00000   -0.02627    0.00037
|3X^CV(3->1')>                    0.22185    0.00000    0.00000   -0.03007    0.00043
|3X^CV(1->3')>                   -0.23300    0.00000   -0.00000   -0.02865    0.00041
|3^ZCV0(3->1')>                  -0.11217    0.01620   -0.00000    0.00031   -0.00000
|3^ZCV0(2->1')>                   0.37849    0.04689    0.00000   -0.01277    0.00018
|3^ZCV0(1->2')>                   0.37879   -0.04704    0.00000   -0.01335    0.00019
|3^ZCV0(1->3')>                   0.11996   -0.01741    0.00000   -0.00034    0.00000
|3^ZCV0'(6->1')>                  0.11217   -0.01620    0.00000    0.00031   -0.00000
|3^ZCV0'(5->1')>                  0.37849   -0.04689    0.00000   -0.01277    0.00018
|3^ZCV0'(4->2')>                  0.37879    0.04704    0.00000   -0.01335    0.00019
|3^ZCV0'(4->3')>                 -0.11996    0.01741   -0.00000   -0.00034    0.00000
|3^CSD(2,1)>                      0.11851    0.00000    0.00000    0.00788   -0.00011
|3^SVD(1,2)>                      0.16597    0.00000    0.00000    0.01867   -0.00026
TDMs with Triplet 'Ground' state
TDMX:0.000   TDMY:0.000   TDMZ:-0.062   Oscillator Strength:0.00088   <S**2>: 2.000
--------------------------------------------------------------------
TDMs with Singlet 'Ground' state
TDMX:0.000   TDMY:0.000   TDMZ:0.000   Oscillator Strength:0.00000   <S**2>: 2.000
--------------------------------------------------------------------


State 75 9.411 eV
Excitation                         CI Coef       TDM X       TDM Y       TDM Z       |TDM|
|3^CS(2->0)>                     -0.08890    0.07912   -0.00000   -0.05988   -0.00317
|3^CS(2->0')>                     0.08890    0.07912    0.00000    0.05988   -0.00317
|3^SV(0->2')>                     0.08829    0.07733    0.00000   -0.06304   -0.00310
|3^SV(0'->2')>                    0.08829    0.07733    0.00000    0.06304   -0.00310
|3T^CV(3->2')>                    0.25349    0.03678    0.00000    0.00000   -0.00147
|3T^CV(2->1')>                   -0.05049   -0.06175   -0.00000    0.00000    0.00247
|3T^CV(2->3')>                    0.25186    0.03061    0.00000    0.00000   -0.00123
|3T^CV(1->2')>                   -0.05412   -0.06608   -0.00000    0.00000    0.00265
|3S^CV(3->1')>                    0.05878    0.00716    0.00000   -0.00000   -0.00029
|3S^CV(1->3')>                   -0.05897    0.00715   -0.00000    0.00000   -0.00029
|3X^CV(3->2')>                   -0.16532   -0.04159   -0.00000    0.00000    0.00167
|3X^CV(2->3')>                    0.16692   -0.04150    0.00000    0.00000    0.00166
|3^ZCV0(3->1')>                   0.12613   -0.01821    0.00000   -0.00035    0.00073
|3^ZCV0(3->2')>                  -0.11886   -0.00672   -0.00000   -0.00030    0.00027
|3^ZCV0(2->1')>                  -0.24566   -0.03043   -0.00000    0.00829    0.00122
|3^ZCV0(2->2')>                   0.37071   -0.08674    0.00000   -0.00088    0.00347
|3^ZCV0(2->3')>                   0.12423   -0.00727    0.00000    0.00023    0.00029
|3^ZCV0(1->1')>                  -0.22627   -0.02095   -0.00000   -0.00003    0.00084
|3^ZCV0(1->2')>                   0.25916   -0.03218    0.00000   -0.00913    0.00129
|3^ZCV0(1->3')>                   0.13472   -0.01955    0.00000   -0.00038    0.00078
|3^ZCV0'(6->1')>                  0.12613   -0.01821    0.00000    0.00035    0.00073
|3^ZCV0'(6->2')>                  0.11886   -0.00672    0.00000    0.00030    0.00027
|3^ZCV0'(5->1')>                  0.24566   -0.03043    0.00000   -0.00829    0.00122
|3^ZCV0'(5->2')>                  0.37071   -0.08674    0.00000    0.00088    0.00347
|3^ZCV0'(5->3')>                 -0.12423   -0.00727   -0.00000   -0.00023    0.00029
|3^ZCV0'(4->1')>                 -0.22627   -0.02095   -0.00000    0.00003    0.00084
|3^ZCV0'(4->2')>                 -0.25916   -0.03218   -0.00000    0.00913    0.00129
|3^ZCV0'(4->3')>                  0.13472   -0.01955    0.00000    0.00038    0.00078
TDMs with Triplet 'Ground' state
TDMX:-0.174   TDMY:0.000   TDMZ:0.000   Oscillator Strength:0.00695   <S**2>: 2.000
--------------------------------------------------------------------
TDMs with Singlet 'Ground' state
TDMX:0.000   TDMY:0.000   TDMZ:0.000   Oscillator Strength:0.00000   <S**2>: 2.000
--------------------------------------------------------------------


State 76 9.538 eV
Excitation                         CI Coef       TDM X       TDM Y       TDM Z       |TDM|
|5^CV(3->1')>                    -0.06815   -0.00000   -0.00000   -0.00000    0.00000
|5^CV(3->3')>                    -0.96150   -0.00000   -0.00000   -0.00000    0.00000
|5^CV(2->2')>                     0.19585    0.00000    0.00000    0.00000    0.00000
|5^CV(1->1')>                     0.17221    0.00000    0.00000    0.00000    0.00000
|5^CV(1->3')>                    -0.05353   -0.00000   -0.00000   -0.00000    0.00000
TDMs with Triplet 'Ground' state
TDMX:0.000   TDMY:0.000   TDMZ:0.000   Oscillator Strength:0.00000   <S**2>: 6.000
--------------------------------------------------------------------
TDMs with Singlet 'Ground' state
TDMX:0.000   TDMY:0.000   TDMZ:0.000   Oscillator Strength:0.00000   <S**2>: 6.000
--------------------------------------------------------------------


State 77 9.689 eV
Excitation                         CI Coef       TDM X       TDM Y       TDM Z       |TDM|
|3^CS(3->0)>                     -0.09631   -0.00971   -0.00000    0.00215    0.00000
|3^CS(3->0')>                    -0.09631   -0.00971   -0.00000   -0.00215    0.00000
|3^SV(0->3')>                    -0.09509    0.01018   -0.00000   -0.00421   -0.00000
|3^SV(0'->3')>                    0.09509    0.01018    0.00000    0.00421   -0.00000
|3T^CV(3->2')>                   -0.05003   -0.00726   -0.00000   -0.00000    0.00000
|3S^CV(3->3')>                   -0.40179    0.00082   -0.00000    0.00000   -0.00000
|3S^CV(2->2')>                    0.06808   -0.00006    0.00000    0.00000    0.00000
|3S^CV(1->1')>                    0.08991   -0.00023    0.00000    0.00000    0.00000
|3X^CV(3->2')>                   -0.11290   -0.02840   -0.00000    0.00000    0.00000
|3X^CV(2->1')>                   -0.06645    0.00757   -0.00000    0.00000   -0.00000
|3X^CV(2->3')>                   -0.09714    0.02415   -0.00000   -0.00000   -0.00000
|3X^CV(1->2')>                   -0.05833   -0.00630   -0.00000   -0.00000    0.00000
|3^ZCV0(3->1')>                  -0.11835    0.01709   -0.00000    0.00033   -0.00000
|3^ZCV0(2->1')>                   0.40859    0.05062    0.00000   -0.01379   -0.00000
|3^ZCV0(1->2')>                   0.40873   -0.05076    0.00000   -0.01440    0.00000
|3^ZCV0(1->3')>                   0.12032   -0.01746    0.00000   -0.00034    0.00000
|3^ZCV0'(6->1')>                 -0.11835    0.01709   -0.00000   -0.00033   -0.00000
|3^ZCV0'(5->1')>                 -0.40859    0.05062   -0.00000    0.01379   -0.00000
|3^ZCV0'(4->2')>                 -0.40873   -0.05076   -0.00000    0.01440    0.00000
|3^ZCV0'(4->3')>                  0.12032   -0.01746    0.00000    0.00034    0.00000
|3^CSD(3,1)>                      0.08564   -0.00154    0.00000    0.00000    0.00000
TDMs with Triplet 'Ground' state
TDMX:-0.000   TDMY:0.000   TDMZ:0.000   Oscillator Strength:0.00000   <S**2>: 2.000
--------------------------------------------------------------------
TDMs with Singlet 'Ground' state
TDMX:0.000   TDMY:0.000   TDMZ:0.000   Oscillator Strength:0.00000   <S**2>: 2.000
--------------------------------------------------------------------


State 78 9.710 eV
Excitation                         CI Coef       TDM X       TDM Y       TDM Z       |TDM|
|3^CS(3->0)>                      0.14681    0.01479    0.00000   -0.00327    0.00007
|3^CS(3->0')>                    -0.14681   -0.01479   -0.00000   -0.00327    0.00007
|3^SV(0->2')>                    -0.06391   -0.05598   -0.00000    0.04564   -0.00102
|3^SV(0->3')>                    -0.11498    0.01230   -0.00000   -0.00510    0.00011
|3^SV(0'->2')>                    0.06391    0.05598    0.00000    0.04564   -0.00102
|3^SV(0'->3')>                   -0.11498   -0.01230   -0.00000   -0.00510    0.00011
|3T^CV(3->1')>                    0.07688    0.00000    0.00000   -0.00966    0.00022
|3T^CV(3->3')>                    0.35479    0.00000    0.00000    0.03563   -0.00080
|3T^CV(2->2')>                    0.09689   -0.00000    0.00000   -0.10531    0.00235
|3T^CV(1->3')>                    0.10950   -0.00000    0.00000   -0.01728    0.00039
|3S^CV(3->2')>                    0.22696    0.00000    0.00000   -0.02886    0.00064
|3S^CV(2->3')>                   -0.20656    0.00000   -0.00000   -0.02303    0.00051
|3X^CV(3->1')>                    0.18016    0.00000    0.00000   -0.02442    0.00055
|3X^CV(1->3')>                   -0.11049    0.00000   -0.00000   -0.01359    0.00030
|3^ZCV0(2->1')>                  -0.06344   -0.00786   -0.00000    0.00214   -0.00005
|3^ZCV0(1->2')>                  -0.12801    0.01590   -0.00000    0.00451   -0.00010
|3^ZCV0(1->3')>                  -0.11807    0.01714   -0.00000    0.00034   -0.00001
|3^ZCV0'(5->1')>                 -0.06344    0.00786   -0.00000    0.00214   -0.00005
|3^ZCV0'(4->2')>                 -0.12801   -0.01590   -0.00000    0.00451   -0.00010
|3^ZCV0'(4->3')>                  0.11807   -0.01714    0.00000    0.00034   -0.00001
|3^CSD(3,2)>                     -0.06222   -0.00000   -0.00000   -0.00386    0.00009
|3^CSD(2,1)>                     -0.49617   -0.00000   -0.00000   -0.03299    0.00074
|3^SVD(1,2)>                     -0.51000   -0.00000   -0.00000   -0.05738    0.00128
|3^SVD(2,3)>                     -0.16878   -0.00000   -0.00000   -0.01219    0.00027
TDMs with Triplet 'Ground' state
TDMX:-0.000   TDMY:0.000   TDMZ:-0.094   Oscillator Strength:0.00210   <S**2>: 2.000
--------------------------------------------------------------------
TDMs with Singlet 'Ground' state
TDMX:0.000   TDMY:0.000   TDMZ:0.000   Oscillator Strength:0.00000   <S**2>: 2.000
--------------------------------------------------------------------


State 79 9.840 eV
Excitation                         CI Coef       TDM X       TDM Y       TDM Z       |TDM|
|3^SV(0->3')>                    -0.05665    0.00606   -0.00000   -0.00251    0.00002
|3^SV(0'->3')>                   -0.05665   -0.00606   -0.00000   -0.00251    0.00002
|3S^CV(3->2')>                   -0.05610   -0.00000   -0.00000    0.00713   -0.00004
|3S^CV(2->3')>                   -0.05129    0.00000   -0.00000   -0.00572    0.00003
|3X^CV(3->3')>                   -0.07353    0.00000   -0.00000   -0.00164    0.00001
|3X^CV(2->2')>                    0.05115    0.00000    0.00000    0.00229   -0.00001
|3^ZCV0(3->1')>                   0.20408   -0.02947    0.00000   -0.00057    0.00000
|3^ZCV0(3->2')>                   0.12509    0.00708    0.00000    0.00032   -0.00000
|3^ZCV0(2->1')>                  -0.11724   -0.01452   -0.00000    0.00396   -0.00002
|3^ZCV0(2->2')>                  -0.43393    0.10153   -0.00000    0.00103   -0.00001
|3^ZCV0(2->3')>                  -0.11934    0.00699   -0.00000   -0.00023    0.00000
|3^ZCV0(1->1')>                   0.27739    0.02569    0.00000    0.00003   -0.00000
|3^ZCV0(1->2')>                   0.16882   -0.02097    0.00000   -0.00595    0.00004
|3^ZCV0(1->3')>                   0.20892   -0.03032    0.00000   -0.00059    0.00000
|3^ZCV0'(6->1')>                 -0.20408    0.02947   -0.00000   -0.00057    0.00000
|3^ZCV0'(6->2')>                  0.12509   -0.00708    0.00000    0.00032   -0.00000
|3^ZCV0'(5->1')>                 -0.11724    0.01452   -0.00000    0.00396   -0.00002
|3^ZCV0'(5->2')>                  0.43393   -0.10153    0.00000    0.00103   -0.00001
|3^ZCV0'(5->3')>                 -0.11934   -0.00699   -0.00000   -0.00023    0.00000
|3^ZCV0'(4->1')>                 -0.27739   -0.02569   -0.00000    0.00003   -0.00000
|3^ZCV0'(4->2')>                  0.16882    0.02097    0.00000   -0.00595    0.00004
|3^ZCV0'(4->3')>                 -0.20892    0.03032   -0.00000   -0.00059    0.00000
|3^CSD(3,2)>                     -0.11623   -0.00000   -0.00000   -0.00721    0.00004
|3^CSD(2,1)>                      0.09312    0.00000    0.00000    0.00619   -0.00004
|3^SVD(1,2)>                     -0.31915   -0.00000   -0.00000   -0.03591    0.00022
TDMs with Triplet 'Ground' state
TDMX:-0.000   TDMY:0.000   TDMZ:-0.025   Oscillator Strength:0.00015   <S**2>: 2.000
--------------------------------------------------------------------
TDMs with Singlet 'Ground' state
TDMX:0.000   TDMY:0.000   TDMZ:0.000   Oscillator Strength:0.00000   <S**2>: 2.000
--------------------------------------------------------------------


State 80 9.935 eV
Excitation                         CI Coef       TDM X       TDM Y       TDM Z       |TDM|
|3^CS(3->0)>                     -0.06048   -0.00610   -0.00000    0.00135    0.00000
|3^CS(3->0')>                    -0.06048   -0.00610   -0.00000   -0.00135    0.00000
|3^SV(0->3')>                     0.05790   -0.00620    0.00000    0.00257    0.00000
|3^SV(0'->3')>                   -0.05790   -0.00620   -0.00000   -0.00257    0.00000
|3T^CV(3->2')>                   -0.08694   -0.01261   -0.00000   -0.00000    0.00000
|3T^CV(2->3')>                   -0.08689   -0.01056   -0.00000   -0.00000    0.00000
|3X^CV(3->2')>                   -0.09858   -0.02480   -0.00000    0.00000    0.00000
|3X^CV(2->3')>                    0.09668   -0.02403    0.00000    0.00000    0.00000
|3^ZCV0(3->1')>                  -0.28211    0.04074   -0.00000    0.00078   -0.00000
|3^ZCV0(3->2')>                  -0.10129   -0.00573   -0.00000   -0.00026    0.00000
|3^ZCV0(2->1')>                   0.24491    0.03034    0.00000   -0.00827   -0.00000
|3^ZCV0(2->2')>                   0.37718   -0.08825    0.00000   -0.00090    0.00001
|3^ZCV0(2->3')>                   0.09576   -0.00561    0.00000    0.00018    0.00000
|3^ZCV0(1->1')>                  -0.18292   -0.01694   -0.00000   -0.00002    0.00000
|3^ZCV0(1->2')>                  -0.24097    0.02993   -0.00000    0.00849   -0.00000
|3^ZCV0(1->3')>                  -0.27822    0.04038   -0.00000    0.00079   -0.00000
|3^ZCV0'(6->1')>                 -0.28211    0.04074   -0.00000   -0.00078   -0.00000
|3^ZCV0'(6->2')>                  0.10129   -0.00573    0.00000    0.00026    0.00000
|3^ZCV0'(5->1')>                 -0.24491    0.03034   -0.00000    0.00827   -0.00000
|3^ZCV0'(5->2')>                  0.37718   -0.08825    0.00000    0.00090    0.00001
|3^ZCV0'(5->3')>                 -0.09576   -0.00561   -0.00000   -0.00018    0.00000
|3^ZCV0'(4->1')>                 -0.18292   -0.01694   -0.00000    0.00002    0.00000
|3^ZCV0'(4->2')>                  0.24097    0.02993    0.00000   -0.00849   -0.00000
|3^ZCV0'(4->3')>                 -0.27822    0.04038   -0.00000   -0.00079   -0.00000
|3^SVD(1,3)>                     -0.05206    0.00234   -0.00000   -0.00000   -0.00000
TDMs with Triplet 'Ground' state
TDMX:-0.000   TDMY:0.000   TDMZ:0.000   Oscillator Strength:0.00000   <S**2>: 2.000
--------------------------------------------------------------------
TDMs with Singlet 'Ground' state
TDMX:0.000   TDMY:0.000   TDMZ:0.000   Oscillator Strength:0.00000   <S**2>: 2.000
--------------------------------------------------------------------


State 81 9.990 eV
Excitation                         CI Coef       TDM X       TDM Y       TDM Z       |TDM|
|1^CS(3->0)>                     -0.05213    0.00969   -0.00000   -0.00200    0.00017
|1^CS(3->0')>                     0.05213    0.00969    0.00000    0.00200    0.00017
|1^SV(0->3')>                    -0.05164    0.01034   -0.00000   -0.00215    0.00019
|1^SV(0'->3')>                    0.05164    0.01034    0.00000    0.00215    0.00019
|1S^CV(3->2')>                   -0.05864   -0.00562   -0.00000   -0.00000   -0.00010
|1S^CV(2->1')>                    0.05822    0.08547    0.00000   -0.00000    0.00154
|1S^CV(2->3')>                   -0.06183   -0.00424   -0.00000   -0.00000   -0.00008
|1S^CV(1->2')>                    0.05767    0.08457    0.00000   -0.00000    0.00152
|1T^CV(3->1')>                   -0.09855    0.01191   -0.00000    0.00000    0.00021
|1T^CV(1->3')>                    0.09681    0.01170    0.00000    0.00000    0.00021
|1^ZCV0(3->1')>                   0.14930    0.00564    0.00000    0.00540    0.00010
|1^ZCV0(3->2')>                  -0.06129   -0.00138   -0.00000    0.00029   -0.00002
|1^ZCV0(2->1')>                  -0.41592    0.00171   -0.00000    0.00570    0.00003
|1^ZCV0(2->2')>                   0.14784    0.00979    0.00000    0.00043    0.00018
|1^ZCV0(2->3')>                   0.06938   -0.00156    0.00000   -0.00023   -0.00003
|1^ZCV0(1->1')>                  -0.19127    0.01737   -0.00000    0.00070    0.00031
|1^ZCV0(1->2')>                   0.41563    0.00154    0.00000   -0.00454    0.00003
|1^ZCV0(1->3')>                   0.15221    0.00597    0.00000   -0.00498    0.00011
|1^ZCV0'(3->1')>                 -0.14930    0.00564   -0.00000   -0.00540    0.00010
|1^ZCV0'(3->2')>                 -0.06129   -0.00138   -0.00000   -0.00029   -0.00002
|1^ZCV0'(2->1')>                 -0.41592    0.00171   -0.00000   -0.00570    0.00003
|1^ZCV0'(2->2')>                 -0.14784    0.00979   -0.00000   -0.00043    0.00018
|1^ZCV0'(2->3')>                  0.06938   -0.00156    0.00000    0.00023   -0.00003
|1^ZCV0'(1->1')>                  0.19127    0.01737    0.00000   -0.00070    0.00031
|1^ZCV0'(1->2')>                  0.41563    0.00154    0.00000    0.00454    0.00003
|1^ZCV0'(1->3')>                 -0.15221    0.00597   -0.00000    0.00498    0.00011
|1^CSD_(2,1)>                     0.11445    0.00440    0.00000    0.00000    0.00008
|1^SVD_(1',2')>                   0.12069    0.00469    0.00000    0.00000    0.00008
TDMs with Triplet 'Ground' state
TDMX:0.000   TDMY:0.000   TDMZ:0.000   Oscillator Strength:0.00000   <S**2>: 0.000
--------------------------------------------------------------------
TDMs with Singlet 'Ground' state
TDMX:0.077   TDMY:0.000   TDMZ:-0.000   Oscillator Strength:0.00138   <S**2>: 0.000
--------------------------------------------------------------------


State 82 10.000 eV
Excitation                         CI Coef       TDM X       TDM Y       TDM Z       |TDM|
|1^CS(3->0)>                      0.06760   -0.01257    0.00000    0.00260   -0.00000
|1^CS(3->0')>                     0.06760    0.01257    0.00000    0.00260    0.00000
|1^SV(0->3')>                    -0.06731    0.01348   -0.00000   -0.00280    0.00000
|1^SV(0'->3')>                   -0.06731   -0.01348   -0.00000   -0.00280   -0.00000
|1S^CV(3->1')>                    0.06285   -0.00000    0.00000   -0.00793    0.00000
|1S^CV(1->3')>                   -0.06285   -0.00000   -0.00000    0.01002   -0.00000
|1T^CV(3->2')>                    0.07161   -0.00000    0.00000    0.00970   -0.00000
|1T^CV(2->3')>                    0.07101    0.00000    0.00000   -0.00785    0.00000
|1^ZCV0(3->1')>                   0.08693    0.00328    0.00000    0.00314    0.00000
|1^ZCV0(3->2')>                   0.10130    0.00229    0.00000   -0.00048    0.00000
|1^ZCV0(2->1')>                  -0.23693    0.00097   -0.00000    0.00325   -0.00000
|1^ZCV0(2->2')>                  -0.20774   -0.01375   -0.00000   -0.00060   -0.00000
|1^ZCV0(2->3')>                  -0.09692    0.00218   -0.00000    0.00032    0.00000
|1^ZCV0(1->1')>                  -0.25720    0.02336   -0.00000    0.00094    0.00000
|1^ZCV0(1->2')>                   0.23510    0.00087    0.00000   -0.00257    0.00000
|1^ZCV0(1->3')>                   0.09079    0.00356    0.00000   -0.00297    0.00000
|1^ZCV0'(3->1')>                  0.08693   -0.00328    0.00000    0.00314   -0.00000
|1^ZCV0'(3->2')>                 -0.10130   -0.00229   -0.00000   -0.00048   -0.00000
|1^ZCV0'(2->1')>                  0.23693   -0.00097    0.00000    0.00325   -0.00000
|1^ZCV0'(2->2')>                 -0.20774    0.01375   -0.00000   -0.00060    0.00000
|1^ZCV0'(2->3')>                  0.09692   -0.00218    0.00000    0.00032   -0.00000
|1^ZCV0'(1->1')>                 -0.25720   -0.02336   -0.00000    0.00094   -0.00000
|1^ZCV0'(1->2')>                 -0.23510   -0.00087   -0.00000   -0.00257   -0.00000
|1^ZCV0'(1->3')>                  0.09079   -0.00356    0.00000   -0.00297   -0.00000
|1^CSD_(3,3)>                     0.12970   -0.00000    0.00000   -0.00695    0.00000
|1^CSD_(3,1)>                     0.11273    0.00000    0.00000   -0.00798    0.00000
|1^CSD_(2,2)>                    -0.30433    0.00000   -0.00000    0.00544   -0.00000
|1^CSD_(1,1)>                    -0.31535    0.00000   -0.00000    0.00627   -0.00000
|1^SVD_(1',1')>                   0.31224   -0.00000    0.00000   -0.00601    0.00000
|1^SVD_(1',3')>                  -0.12431   -0.00000   -0.00000    0.01001   -0.00000
|1^SVD_(2',2')>                   0.30434   -0.00000    0.00000   -0.00742    0.00000
|1^SVD_(3',3')>                  -0.12660    0.00000   -0.00000    0.00642   -0.00000
TDMs with Triplet 'Ground' state
TDMX:0.000   TDMY:0.000   TDMZ:0.000   Oscillator Strength:0.00000   <S**2>: 0.000
--------------------------------------------------------------------
TDMs with Singlet 'Ground' state
TDMX:0.000   TDMY:0.000   TDMZ:-0.000   Oscillator Strength:0.00000   <S**2>: 0.000
--------------------------------------------------------------------


State 83 10.056 eV
Excitation                         CI Coef       TDM X       TDM Y       TDM Z       |TDM|
|1^CS(3->0)>                     -0.17073    0.03175   -0.00000   -0.00657    0.00112
|1^CS(1->0)>                     -0.09291   -0.07195   -0.00000   -0.01198   -0.00254
|1^CS(3->0')>                     0.17073    0.03175    0.00000    0.00657    0.00112
|1^CS(1->0')>                     0.09291   -0.07195    0.00000    0.01198   -0.00254
|1^SV(0->1')>                    -0.08425   -0.06494   -0.00000   -0.01040   -0.00229
|1^SV(0->3')>                    -0.16750    0.03355   -0.00000   -0.00697    0.00118
|1^SV(0'->1')>                    0.08425   -0.06494    0.00000    0.01040   -0.00229
|1^SV(0'->3')>                    0.16750    0.03355    0.00000    0.00697    0.00118
|1S^CV(3->2')>                    0.22343    0.02141    0.00000    0.00000    0.00076
|1S^CV(2->1')>                    0.05806    0.08523    0.00000   -0.00000    0.00301
|1S^CV(2->3')>                    0.23611    0.01621    0.00000    0.00000    0.00057
|1S^CV(1->2')>                    0.06601    0.09680    0.00000   -0.00000    0.00341
|1T^CV(3->1')>                   -0.42061    0.05083   -0.00000    0.00000    0.00179
|1T^CV(1->3')>                    0.43340    0.05237    0.00000    0.00000    0.00185
|1^CSD_(2,1)>                    -0.40435   -0.01554   -0.00000   -0.00000   -0.00055
|1^SVD_(1',2')>                  -0.45190   -0.01756   -0.00000   -0.00000   -0.00062
TDMs with Triplet 'Ground' state
TDMX:0.000   TDMY:0.000   TDMZ:0.000   Oscillator Strength:0.00000   <S**2>: 0.000
--------------------------------------------------------------------
TDMs with Singlet 'Ground' state
TDMX:0.149   TDMY:0.000   TDMZ:0.000   Oscillator Strength:0.00526   <S**2>: 0.000
--------------------------------------------------------------------


State 84 10.059 eV
Excitation                         CI Coef       TDM X       TDM Y       TDM Z       |TDM|
|3^CS(3->0)>                      0.06426    0.00648    0.00000   -0.00143   -0.00007
|3^CS(2->0)>                      0.06318   -0.05622    0.00000    0.04255    0.00200
|3^CS(1->0)>                      0.06199   -0.04944    0.00000   -0.00017   -0.00001
|3^CS(3->0')>                    -0.06426   -0.00648   -0.00000   -0.00143   -0.00007
|3^CS(2->0')>                     0.06318    0.05622    0.00000    0.04255    0.00200
|3^CS(1->0')>                    -0.06199    0.04944   -0.00000   -0.00017   -0.00001
|3^SV(0->3')>                    -0.09989    0.01069   -0.00000   -0.00443   -0.00021
|3^SV(0'->3')>                   -0.09989   -0.01069   -0.00000   -0.00443   -0.00021
|3T^CV(3->3')>                    0.42660    0.00000    0.00000    0.04284    0.00202
|3T^CV(2->2')>                    0.06441   -0.00000    0.00000   -0.07000   -0.00330
|3S^CV(3->2')>                    0.18566    0.00000    0.00000   -0.02361   -0.00111
|3S^CV(2->3')>                   -0.21508    0.00000   -0.00000   -0.02398   -0.00113
|3X^CV(3->1')>                    0.10457    0.00000    0.00000   -0.01417   -0.00067
|3X^CV(1->3')>                   -0.13005    0.00000   -0.00000   -0.01599   -0.00075
|3^ZCV0(3->1')>                   0.15658   -0.02261    0.00000   -0.00043   -0.00002
|3^ZCV0(2->1')>                  -0.28341   -0.03511   -0.00000    0.00956    0.00045
|3^ZCV0(1->2')>                  -0.19083    0.02370   -0.00000    0.00672    0.00032
|3^ZCV0'(6->1')>                 -0.15658    0.02261   -0.00000   -0.00043   -0.00002
|3^ZCV0'(5->1')>                 -0.28341    0.03511   -0.00000    0.00957    0.00045
|3^ZCV0'(4->2')>                 -0.19083   -0.02370   -0.00000    0.00672    0.00032
|3^CSD(3,2)>                      0.18089    0.00000    0.00000    0.01122    0.00053
|3^CSD(2,1)>                      0.31998    0.00000    0.00000    0.02127    0.00100
|3^SVD(1,2)>                      0.42843    0.00000    0.00000    0.04820    0.00227
|3^SVD(2,3)>                      0.20099    0.00000    0.00000    0.01452    0.00068
TDMs with Triplet 'Ground' state
TDMX:0.000   TDMY:0.000   TDMZ:0.191   Oscillator Strength:0.00901   <S**2>: 2.000
--------------------------------------------------------------------
TDMs with Singlet 'Ground' state
TDMX:0.000   TDMY:0.000   TDMZ:0.000   Oscillator Strength:0.00000   <S**2>: 2.000
--------------------------------------------------------------------


State 85 10.159 eV
Excitation                         CI Coef       TDM X       TDM Y       TDM Z       |TDM|
|1^ZW->                          -0.18679    0.00000   -0.00000    0.00000    0.00000
|1^CS(2->0)>                     -0.13204   -0.10586   -0.00000    0.10388   -0.00018
|1^CS(1->0)>                      0.15051    0.11655    0.00000    0.01941    0.00019
|1^CS(2->0')>                    -0.13203   -0.10586   -0.00000   -0.10388   -0.00018
|1^CS(1->0')>                    -0.15051    0.11655   -0.00000   -0.01941    0.00019
|1^SV(0->1')>                    -0.15895   -0.12251   -0.00000   -0.01962   -0.00020
|1^SV(0->2')>                     0.13085    0.10492    0.00000   -0.10397    0.00018
|1^SV(0'->1')>                    0.15895   -0.12251    0.00000    0.01962   -0.00020
|1^SV(0'->2')>                    0.13085    0.10492    0.00000    0.10397    0.00018
|1S^CV(3->2')>                    0.14307    0.01371    0.00000    0.00000    0.00002
|1S^CV(2->1')>                    0.14461    0.21229    0.00000   -0.00000    0.00035
|1S^CV(2->3')>                   -0.11724   -0.00805   -0.00000   -0.00000   -0.00001
|1S^CV(1->2')>                   -0.14190   -0.20809   -0.00000    0.00000   -0.00035
|1T^CV(3->1')>                   -0.19040    0.02301   -0.00000    0.00000    0.00004
|1T^CV(3->3')>                   -0.32265   -0.00072   -0.00000   -0.00000   -0.00000
|1T^CV(2->2')>                   -0.16388    0.00000   -0.00000    0.00000    0.00000
|1T^CV(1->1')>                    0.20021    0.00045    0.00000   -0.00000    0.00000
|1T^CV(1->3')>                   -0.14338   -0.01733   -0.00000   -0.00000   -0.00003
|1^ZCV0(3->1')>                   0.08686    0.00328    0.00000    0.00314    0.00001
|1^ZCV0(2->1')>                  -0.08443    0.00035   -0.00000    0.00116    0.00000
|1^ZCV0(1->2')>                  -0.09194   -0.00034   -0.00000    0.00101   -0.00000
|1^ZCV0(1->3')>                  -0.08979   -0.00352   -0.00000    0.00294   -0.00001
|1^ZCV0'(3->1')>                 -0.08686    0.00328   -0.00000   -0.00314    0.00001
|1^ZCV0'(2->1')>                 -0.08443    0.00035   -0.00000   -0.00116    0.00000
|1^ZCV0'(1->2')>                 -0.09194   -0.00034   -0.00000   -0.00101   -0.00000
|1^ZCV0'(1->3')>                  0.08979   -0.00352    0.00000   -0.00294   -0.00001
|1^CSD_(3,2)>                     0.09602    0.00227    0.00000   -0.00000    0.00000
|1^CSD_(2,1)>                    -0.46899   -0.01802   -0.00000   -0.00000   -0.00003
|1^SVD_(1',2')>                   0.43742    0.01700    0.00000    0.00000    0.00003
|1^SVD_(2',3')>                  -0.11485   -0.00264   -0.00000   -0.00000   -0.00000
TDMs with Triplet 'Ground' state
TDMX:0.000   TDMY:0.000   TDMZ:0.000   Oscillator Strength:0.00000   <S**2>: 0.000
--------------------------------------------------------------------
TDMs with Singlet 'Ground' state
TDMX:0.007   TDMY:0.000   TDMZ:-0.000   Oscillator Strength:0.00001   <S**2>: 0.000
--------------------------------------------------------------------


State 86 10.259 eV
Excitation                         CI Coef       TDM X       TDM Y       TDM Z       |TDM|
|1^ZW->                          -0.13456    0.00000   -0.00000    0.00000   -0.00000
|1^CS(3->0)>                     -0.05518    0.01026   -0.00000   -0.00212   -0.00000
|1^CS(2->0)>                     -0.13712   -0.10994   -0.00000    0.10789    0.00004
|1^CS(1->0)>                      0.09318    0.07215    0.00000    0.01202   -0.00003
|1^CS(3->0')>                     0.05518    0.01026    0.00000    0.00212   -0.00000
|1^CS(2->0')>                    -0.13712   -0.10994   -0.00000   -0.10789    0.00004
|1^CS(1->0')>                    -0.09318    0.07215   -0.00000   -0.01202   -0.00003
|1^SV(0->1')>                    -0.09050   -0.06975   -0.00000   -0.01117    0.00002
|1^SV(0->2')>                     0.13810    0.11073    0.00000   -0.10973   -0.00004
|1^SV(0->3')>                     0.06351   -0.01272    0.00000    0.00264    0.00000
|1^SV(0'->1')>                    0.09050   -0.06975    0.00000    0.01117    0.00002
|1^SV(0'->2')>                    0.13810    0.11073    0.00000    0.10973   -0.00004
|1^SV(0'->3')>                   -0.06351   -0.01272   -0.00000   -0.00264    0.00000
|1S^CV(2->1')>                    0.07573    0.11116    0.00000   -0.00000   -0.00004
|1S^CV(1->2')>                   -0.07674   -0.11254   -0.00000    0.00000    0.00004
|1T^CV(3->1')>                   -0.15014    0.01814   -0.00000    0.00000   -0.00001
|1T^CV(3->3')>                   -0.47559   -0.00106   -0.00000   -0.00000    0.00000
|1T^CV(2->2')>                   -0.12340    0.00000   -0.00000    0.00000   -0.00000
|1T^CV(1->1')>                    0.21533    0.00048    0.00000   -0.00000   -0.00000
|1T^CV(1->3')>                   -0.15655   -0.01892   -0.00000   -0.00000    0.00001
|1^ZCV0(3->1')>                  -0.07098   -0.00268   -0.00000   -0.00257    0.00000
|1^ZCV0(2->1')>                   0.23351   -0.00096    0.00000   -0.00320    0.00000
|1^ZCV0(1->2')>                   0.23596    0.00087    0.00000   -0.00258   -0.00000
|1^ZCV0(1->3')>                   0.07108    0.00279    0.00000   -0.00233   -0.00000
|1^ZCV0'(3->1')>                  0.07098   -0.00268    0.00000    0.00257    0.00000
|1^ZCV0'(2->1')>                  0.23351   -0.00096    0.00000    0.00320    0.00000
|1^ZCV0'(1->2')>                  0.23596    0.00087    0.00000    0.00258   -0.00000
|1^ZCV0'(1->3')>                 -0.07108    0.00279   -0.00000    0.00233   -0.00000
|1^CSD_(2,1)>                     0.36478    0.01402    0.00000    0.00000   -0.00000
|1^SVD_(1',2')>                  -0.36487   -0.01418   -0.00000   -0.00000    0.00001
TDMs with Triplet 'Ground' state
TDMX:0.000   TDMY:0.000   TDMZ:0.000   Oscillator Strength:0.00000   <S**2>: 0.000
--------------------------------------------------------------------
TDMs with Singlet 'Ground' state
TDMX:-0.001   TDMY:0.000   TDMZ:0.000   Oscillator Strength:0.00000   <S**2>: 0.000
--------------------------------------------------------------------


State 87 10.325 eV
Excitation                         CI Coef       TDM X       TDM Y       TDM Z       |TDM|
|1^CS(3->0)>                     -0.29931    0.05566   -0.00000   -0.01151   -0.00000
|1^CS(1->0)>                     -0.10452   -0.08093   -0.00000   -0.01348    0.00000
|1^CS(3->0')>                    -0.29931   -0.05566   -0.00000   -0.01151    0.00000
|1^CS(1->0')>                    -0.10452    0.08093   -0.00000   -0.01348   -0.00000
|1^SV(0->1')>                     0.11004    0.08482    0.00000    0.01358   -0.00000
|1^SV(0->3')>                     0.29732   -0.05955    0.00000    0.01238    0.00000
|1^SV(0'->1')>                    0.11004   -0.08482    0.00000    0.01358    0.00000
|1^SV(0'->3')>                    0.29732    0.05955    0.00000    0.01238   -0.00000
|1S^CV(3->1')>                    0.27590   -0.00000    0.00000   -0.03482   -0.00000
|1S^CV(1->3')>                   -0.27590   -0.00000   -0.00000    0.04400    0.00000
|1T^CV(3->2')>                   -0.36332    0.00000   -0.00000   -0.04920   -0.00000
|1T^CV(2->1')>                   -0.19281    0.00000   -0.00000   -0.02034   -0.00000
|1T^CV(2->3')>                   -0.35981   -0.00000   -0.00000    0.03975    0.00000
|1T^CV(1->2')>                   -0.18611   -0.00000   -0.00000    0.02426    0.00000
|1^ZCV0(2->1')>                   0.05246   -0.00022    0.00000   -0.00072   -0.00000
|1^ZCV0(2->2')>                  -0.09961   -0.00659   -0.00000   -0.00029    0.00000
|1^ZCV0(1->2')>                  -0.05322   -0.00020   -0.00000    0.00058    0.00000
|1^ZCV0'(2->1')>                 -0.05246    0.00022   -0.00000   -0.00072   -0.00000
|1^ZCV0'(2->2')>                 -0.09961    0.00659   -0.00000   -0.00029   -0.00000
|1^ZCV0'(1->2')>                  0.05322    0.00020    0.00000    0.00058    0.00000
|1^CSD_(1,1)>                    -0.18116    0.00000   -0.00000    0.00360    0.00000
|1^SVD_(1',1')>                   0.18046   -0.00000    0.00000   -0.00348   -0.00000
TDMs with Triplet 'Ground' state
TDMX:0.000   TDMY:0.000   TDMZ:0.000   Oscillator Strength:0.00000   <S**2>: 0.000
--------------------------------------------------------------------
TDMs with Singlet 'Ground' state
TDMX:-0.000   TDMY:0.000   TDMZ:0.000   Oscillator Strength:0.00000   <S**2>: 0.000
--------------------------------------------------------------------


State 88 10.395 eV
Excitation                         CI Coef       TDM X       TDM Y       TDM Z       |TDM|
|1^CS(2->0)>                      0.07171    0.05749    0.00000   -0.05642   -0.00007
|1^CS(2->0')>                    -0.07171   -0.05749   -0.00000   -0.05642   -0.00007
|1^SV(0->2')>                     0.07171    0.05749    0.00000   -0.05698   -0.00008
|1^SV(0'->2')>                   -0.07171   -0.05749   -0.00000   -0.05698   -0.00008
|1S^CV(3->3')>                   -0.24636   -0.00000   -0.00000   -0.02112   -0.00003
|1S^CV(2->2')>                   -0.15467    0.00000   -0.00000    0.20878    0.00028
|1T^CV(3->2')>                    0.15939   -0.00000    0.00000    0.02159    0.00003
|1T^CV(2->3')>                   -0.15991   -0.00000   -0.00000    0.01767    0.00002
|1^CSD_(3,3)>                     0.06612   -0.00000    0.00000   -0.00354   -0.00000
|1^CSD_(3,1)>                    -0.09929   -0.00000   -0.00000    0.00703    0.00001
|1^CSD_(2,2)>                    -0.54286    0.00000   -0.00000    0.00970    0.00001
|1^CSD_(1,1)>                     0.32633   -0.00000    0.00000   -0.00649   -0.00001
|1^SVD_(1',1')>                   0.32364   -0.00000    0.00000   -0.00623   -0.00001
|1^SVD_(1',3')>                  -0.10603   -0.00000   -0.00000    0.00854    0.00001
|1^SVD_(2',2')>                  -0.54286    0.00000   -0.00000    0.01324    0.00002
|1^SVD_(3',3')>                   0.06882   -0.00000    0.00000   -0.00349   -0.00000
TDMs with Triplet 'Ground' state
TDMX:0.000   TDMY:0.000   TDMZ:0.000   Oscillator Strength:0.00000   <S**2>: 0.000
--------------------------------------------------------------------
TDMs with Singlet 'Ground' state
TDMX:-0.000   TDMY:0.000   TDMZ:0.005   Oscillator Strength:0.00001   <S**2>: 0.000
--------------------------------------------------------------------


State 89 10.482 eV
Excitation                         CI Coef       TDM X       TDM Y       TDM Z       |TDM|
|1^ZW+>                           0.10562    0.00000    0.00000    0.07011   -0.00026
|1^CS(2->0)>                      0.08822    0.07073    0.00000   -0.06941    0.00025
|1^CS(1->0)>                     -0.07315   -0.05664   -0.00000   -0.00944    0.00003
|1^CS(2->0')>                    -0.08822   -0.07073   -0.00000   -0.06941    0.00025
|1^CS(1->0')>                    -0.07315    0.05664   -0.00000   -0.00944    0.00003
|1^SV(0->1')>                    -0.07236   -0.05577   -0.00000   -0.00893    0.00003
|1^SV(0->2')>                     0.08822    0.07073    0.00000   -0.07010    0.00026
|1^SV(0'->1')>                   -0.07236    0.05577   -0.00000   -0.00893    0.00003
|1^SV(0'->2')>                   -0.08822   -0.07073   -0.00000   -0.07010    0.00026
|1S^CV(3->1')>                   -0.11953    0.00000   -0.00000    0.01508   -0.00005
|1S^CV(3->3')>                   -0.78309   -0.00000   -0.00000   -0.06713    0.00024
|1S^CV(2->2')>                   -0.10598    0.00000   -0.00000    0.14306   -0.00052
|1S^CV(1->3')>                   -0.10568   -0.00000   -0.00000    0.01685   -0.00006
|1T^CV(3->2')>                    0.13190   -0.00000    0.00000    0.01786   -0.00007
|1T^CV(2->1')>                    0.11761   -0.00000    0.00000    0.01241   -0.00005
|1T^CV(2->3')>                   -0.13411   -0.00000   -0.00000    0.01482   -0.00005
|1T^CV(1->2')>                   -0.12007   -0.00000   -0.00000    0.01565   -0.00006
|1^ZCV0(3->1')>                   0.05476    0.00207    0.00000    0.00198   -0.00001
|1^ZCV0(2->1')>                  -0.05892    0.00024   -0.00000    0.00081   -0.00000
|1^ZCV0(1->2')>                  -0.05901   -0.00022   -0.00000    0.00065   -0.00000
|1^ZCV0(1->3')>                  -0.05476   -0.00215   -0.00000    0.00179   -0.00001
|1^ZCV0'(3->1')>                  0.05476   -0.00207    0.00000    0.00198   -0.00001
|1^ZCV0'(2->1')>                  0.05892   -0.00024    0.00000    0.00081   -0.00000
|1^ZCV0'(1->2')>                  0.05900    0.00022    0.00000    0.00065   -0.00000
|1^ZCV0'(1->3')>                 -0.05476    0.00215   -0.00000    0.00179   -0.00001
|1^CSD_(3,1)>                     0.13177    0.00000    0.00000   -0.00933    0.00003
|1^CSD_(2,2)>                     0.08133   -0.00000    0.00000   -0.00145    0.00001
|1^CSD_(1,1)>                    -0.26328    0.00000   -0.00000    0.00524   -0.00002
|1^SVD_(1',1')>                  -0.25973    0.00000   -0.00000    0.00500   -0.00002
|1^SVD_(1',3')>                   0.13937    0.00000    0.00000   -0.01122    0.00004
|1^SVD_(2',2')>                   0.08133   -0.00000    0.00000   -0.00198    0.00001
TDMs with Triplet 'Ground' state
TDMX:0.000   TDMY:0.000   TDMZ:0.000   Oscillator Strength:0.00000   <S**2>: 0.000
--------------------------------------------------------------------
TDMs with Singlet 'Ground' state
TDMX:0.000   TDMY:0.000   TDMZ:-0.015   Oscillator Strength:0.00005   <S**2>: 0.000
--------------------------------------------------------------------


State 90 10.507 eV
Excitation                         CI Coef       TDM X       TDM Y       TDM Z       |TDM|
|1^CS(3->0)>                     -0.12664    0.02355   -0.00000   -0.00487    0.00024
|1^CS(3->0')>                     0.12664    0.02355    0.00000    0.00487    0.00024
|1^SV(0->3')>                    -0.12423    0.02488   -0.00000   -0.00517    0.00026
|1^SV(0'->3')>                    0.12423    0.02488    0.00000    0.00517    0.00026
|1S^CV(3->2')>                    0.15579    0.01493    0.00000    0.00000    0.00016
|1S^CV(2->3')>                    0.15817    0.01086    0.00000    0.00000    0.00011
|1T^CV(3->1')>                   -0.12849    0.01553   -0.00000    0.00000    0.00016
|1T^CV(1->3')>                    0.13017    0.01573    0.00000    0.00000    0.00016
|1^ZCV0(3->2')>                   0.21166    0.00478    0.00000   -0.00101    0.00005
|1^ZCV0(3->3')>                   0.09849    0.00141    0.00000   -0.00007    0.00001
|1^ZCV0(2->2')>                  -0.44114   -0.02920   -0.00000   -0.00127   -0.00030
|1^ZCV0(2->3')>                  -0.21083    0.00475   -0.00000    0.00069    0.00005
|1^ZCV0(1->1')>                  -0.21859    0.01985   -0.00000    0.00079    0.00021
|1^ZCV0'(3->2')>                  0.21166    0.00478    0.00000    0.00101    0.00005
|1^ZCV0'(3->3')>                 -0.09849    0.00141   -0.00000    0.00007    0.00001
|1^ZCV0'(2->2')>                  0.44114   -0.02920    0.00000    0.00127   -0.00030
|1^ZCV0'(2->3')>                 -0.21083    0.00475   -0.00000   -0.00069    0.00005
|1^ZCV0'(1->1')>                  0.21859    0.01985    0.00000   -0.00079    0.00021
|1^CSD_(3,2)>                    -0.06962   -0.00165   -0.00000    0.00000   -0.00002
|1^CSD_(2,1)>                     0.28982    0.01114    0.00000    0.00000    0.00012
|1^SVD_(1',2')>                   0.26682    0.01037    0.00000    0.00000    0.00011
|1^SVD_(2',3')>                  -0.07792   -0.00179   -0.00000   -0.00000   -0.00002
TDMs with Triplet 'Ground' state
TDMX:0.000   TDMY:0.000   TDMZ:0.000   Oscillator Strength:0.00000   <S**2>: 0.000
--------------------------------------------------------------------
TDMs with Singlet 'Ground' state
TDMX:0.042   TDMY:0.000   TDMZ:-0.000   Oscillator Strength:0.00044   <S**2>: 0.000
--------------------------------------------------------------------


State 91 10.520 eV
Excitation                         CI Coef       TDM X       TDM Y       TDM Z       |TDM|
|1S^CV(3->3')>                   -0.15866   -0.00000   -0.00000   -0.01360    0.00031
|1^ZCV0(3->1')>                   0.12580    0.00475    0.00000    0.00455   -0.00010
|1^ZCV0(2->1')>                  -0.20770    0.00085   -0.00000    0.00285   -0.00007
|1^ZCV0(1->2')>                  -0.20776   -0.00077   -0.00000    0.00227   -0.00005
|1^ZCV0(1->3')>                  -0.12580   -0.00493   -0.00000    0.00412   -0.00009
|1^ZCV0'(3->1')>                  0.12580   -0.00475    0.00000    0.00455   -0.00010
|1^ZCV0'(2->1')>                  0.20770   -0.00085    0.00000    0.00285   -0.00007
|1^ZCV0'(1->2')>                  0.20776    0.00077    0.00000    0.00227   -0.00005
|1^ZCV0'(1->3')>                 -0.12580    0.00493   -0.00000    0.00412   -0.00009
|1^CSD_(3,3)>                    -0.18199    0.00000   -0.00000    0.00976   -0.00022
|1^CSD_(3,1)>                    -0.11930   -0.00000   -0.00000    0.00844   -0.00019
|1^CSD_(2,2)>                     0.34072   -0.00000    0.00000   -0.00609    0.00014
|1^CSD_(1,1)>                     0.44695   -0.00000    0.00000   -0.00889    0.00020
|1^SVD_(1',1')>                   0.44361   -0.00000    0.00000   -0.00854    0.00020
|1^SVD_(1',3')>                  -0.13570   -0.00000   -0.00000    0.01093   -0.00025
|1^SVD_(2',2')>                   0.34072   -0.00000    0.00000   -0.00831    0.00019
|1^SVD_(3',3')>                  -0.17865    0.00000   -0.00000    0.00905   -0.00021
TDMs with Triplet 'Ground' state
TDMX:0.000   TDMY:0.000   TDMZ:0.000   Oscillator Strength:0.00000   <S**2>: 0.000
--------------------------------------------------------------------
TDMs with Singlet 'Ground' state
TDMX:-0.000   TDMY:0.000   TDMZ:-0.093   Oscillator Strength:0.00214   <S**2>: 0.000
--------------------------------------------------------------------


State 92 10.608 eV
Excitation                         CI Coef       TDM X       TDM Y       TDM Z       |TDM|
|3^CS(2->0)>                      0.05970   -0.05313    0.00000    0.04021    0.00071
|3^CS(1->0)>                      0.11159   -0.08900    0.00000   -0.00031   -0.00001
|3^CS(2->0')>                     0.05970    0.05313    0.00000    0.04021    0.00071
|3^CS(1->0')>                    -0.11159    0.08900   -0.00000   -0.00031   -0.00001
|3T^CV(3->3')>                    0.05171    0.00000    0.00000    0.00519    0.00009
|3T^CV(1->3')>                   -0.06999    0.00000   -0.00000    0.01105    0.00019
|3S^CV(1->2')>                    0.06456   -0.00000    0.00000    0.00845    0.00015
|3X^CV(3->3')>                   -0.10532    0.00000   -0.00000   -0.00235   -0.00004
|3X^CV(1->1')>                    0.07061    0.00000    0.00000    0.00258    0.00005
|3X^CV(1->3')>                   -0.05278    0.00000   -0.00000   -0.00649   -0.00011
|3^ZCV0(3->1')>                  -0.22276    0.03217   -0.00000    0.00062    0.00001
|3^ZCV0(2->1')>                   0.17294    0.02142    0.00000   -0.00584   -0.00010
|3^ZCV0(2->2')>                  -0.08333    0.01950   -0.00000    0.00020    0.00000
|3^ZCV0(1->1')>                   0.08354    0.00774    0.00000    0.00001    0.00000
|3^ZCV0(1->2')>                  -0.20698    0.02571   -0.00000    0.00729    0.00013
|3^ZCV0(1->3')>                  -0.23470    0.03407   -0.00000    0.00067    0.00001
|3^ZCV0'(6->1')>                  0.22276   -0.03217    0.00000    0.00062    0.00001
|3^ZCV0'(5->1')>                  0.17294   -0.02142    0.00000   -0.00584   -0.00010
|3^ZCV0'(5->2')>                  0.08333   -0.01950    0.00000    0.00020    0.00000
|3^ZCV0'(4->1')>                 -0.08354   -0.00774   -0.00000    0.00001    0.00000
|3^ZCV0'(4->2')>                 -0.20698   -0.02571   -0.00000    0.00729    0.00013
|3^ZCV0'(4->3')>                  0.23470   -0.03407    0.00000    0.00067    0.00001
|3^CSD(3,2)>                      0.16316    0.00000    0.00000    0.01012    0.00018
|3^CSD(2,1)>                      0.57267    0.00000    0.00000    0.03807    0.00067
|3^SVD(1,2)>                     -0.41459   -0.00000   -0.00000   -0.04665   -0.00082
|3^SVD(2,3)>                     -0.08091   -0.00000   -0.00000   -0.00584   -0.00010
TDMs with Triplet 'Ground' state
TDMX:0.000   TDMY:0.000   TDMZ:0.068   Oscillator Strength:0.00119   <S**2>: 2.000
--------------------------------------------------------------------
TDMs with Singlet 'Ground' state
TDMX:0.000   TDMY:0.000   TDMZ:0.000   Oscillator Strength:0.00000   <S**2>: 2.000
--------------------------------------------------------------------


State 93 10.725 eV
Excitation                         CI Coef       TDM X       TDM Y       TDM Z       |TDM|
|3^CS(3->0)>                     -0.27753   -0.02797   -0.00000    0.00619    0.00100
|3^CS(2->0)>                     -0.08790    0.07822   -0.00000   -0.05920   -0.00279
|3^CS(1->0)>                     -0.05070    0.04043   -0.00000    0.00014   -0.00144
|3^CS(3->0')>                    -0.27753   -0.02797   -0.00000   -0.00619    0.00100
|3^CS(2->0')>                     0.08790    0.07822    0.00000    0.05920   -0.00279
|3^CS(1->0')>                    -0.05070    0.04043   -0.00000   -0.00014   -0.00144
|3^SV(0->1')>                     0.05115    0.04006    0.00000   -0.00166   -0.00143
|3^SV(0->2')>                     0.07285    0.06382    0.00000   -0.05202   -0.00228
|3^SV(0->3')>                     0.23058   -0.02467    0.00000    0.01022    0.00088
|3^SV(0'->1')>                   -0.05115    0.04006   -0.00000    0.00166   -0.00143
|3^SV(0'->2')>                    0.07285    0.06382    0.00000    0.05202   -0.00228
|3^SV(0'->3')>                   -0.23058   -0.02467   -0.00000   -0.01022    0.00088
|3T^CV(3->2')>                   -0.23283   -0.03378   -0.00000   -0.00000    0.00121
|3T^CV(2->1')>                   -0.05591   -0.06839   -0.00000    0.00000    0.00244
|3T^CV(2->3')>                   -0.17242   -0.02096   -0.00000   -0.00000    0.00075
|3S^CV(3->1')>                   -0.18953   -0.02309   -0.00000    0.00000    0.00082
|3S^CV(1->3')>                    0.17709   -0.02149    0.00000   -0.00000    0.00077
|3X^CV(3->2')>                   -0.49830   -0.12536   -0.00000    0.00000    0.00447
|3X^CV(2->3')>                    0.46303   -0.11512    0.00000    0.00000    0.00411
|3^ZCV0(3->1')>                   0.07254   -0.01047    0.00000   -0.00020    0.00037
|3^ZCV0(2->2')>                  -0.06627    0.01551   -0.00000    0.00016   -0.00055
|3^ZCV0(1->1')>                   0.09740    0.00902    0.00000    0.00001   -0.00032
|3^ZCV0(1->3')>                   0.09502   -0.01379    0.00000   -0.00027    0.00049
|3^ZCV0'(6->1')>                  0.07254   -0.01047    0.00000    0.00020    0.00037
|3^ZCV0'(5->2')>                 -0.06627    0.01551   -0.00000   -0.00016   -0.00055
|3^ZCV0'(4->1')>                  0.09740    0.00902    0.00000   -0.00001   -0.00032
|3^ZCV0'(4->3')>                  0.09502   -0.01379    0.00000    0.00027    0.00049
|3^SVD(1,3)>                     -0.14161    0.00636   -0.00000   -0.00000   -0.00023
TDMs with Triplet 'Ground' state
TDMX:-0.136   TDMY:0.000   TDMZ:-0.000   Oscillator Strength:0.00485   <S**2>: 2.000
--------------------------------------------------------------------
TDMs with Singlet 'Ground' state
TDMX:0.000   TDMY:0.000   TDMZ:0.000   Oscillator Strength:0.00000   <S**2>: 2.000
--------------------------------------------------------------------


State 94 10.795 eV
Excitation                         CI Coef       TDM X       TDM Y       TDM Z       |TDM|
|1^CS(3->0)>                     -0.11198    0.02083   -0.00000   -0.00431   -0.00000
|1^CS(3->0')>                    -0.11198   -0.02083   -0.00000   -0.00431    0.00000
|1^SV(0->3')>                     0.11191   -0.02241    0.00000    0.00466    0.00000
|1^SV(0'->3')>                    0.11191    0.02241    0.00000    0.00466   -0.00000
|1T^CV(3->2')>                   -0.13026    0.00000   -0.00000   -0.01764   -0.00000
|1T^CV(2->3')>                   -0.12982   -0.00000   -0.00000    0.01434    0.00000
|1^ZCV0(3->1')>                   0.09569    0.00361    0.00000    0.00346    0.00000
|1^ZCV0(2->1')>                  -0.30058    0.00124   -0.00000    0.00412    0.00000
|1^ZCV0(1->1')>                   0.12288   -0.01116    0.00000   -0.00045    0.00000
|1^ZCV0(1->2')>                   0.30038    0.00111    0.00000   -0.00328   -0.00000
|1^ZCV0(1->3')>                   0.09338    0.00366    0.00000   -0.00306   -0.00000
|1^ZCV0'(3->1')>                  0.09569   -0.00361    0.00000    0.00346    0.00000
|1^ZCV0'(2->1')>                  0.30058   -0.00124    0.00000    0.00412    0.00000
|1^ZCV0'(1->1')>                  0.12288    0.01116    0.00000   -0.00045   -0.00000
|1^ZCV0'(1->2')>                 -0.30038   -0.00111   -0.00000   -0.00328   -0.00000
|1^ZCV0'(1->3')>                  0.09338   -0.00366    0.00000   -0.00306   -0.00000
|1^CSD_(3,3)>                    -0.05753    0.00000   -0.00000    0.00308    0.00000
|1^CSD_(3,1)>                    -0.11398   -0.00000   -0.00000    0.00807    0.00000
|1^CSD_(2,2)>                    -0.17695    0.00000   -0.00000    0.00316    0.00000
|1^CSD_(1,1)>                     0.44222   -0.00000    0.00000   -0.00880   -0.00000
|1^SVD_(1',1')>                  -0.43906    0.00000   -0.00000    0.00846    0.00000
|1^SVD_(1',3')>                   0.12700    0.00000    0.00000   -0.01023   -0.00000
|1^SVD_(2',2')>                   0.17695   -0.00000    0.00000   -0.00432   -0.00000
|1^SVD_(3',3')>                   0.05437   -0.00000    0.00000   -0.00276   -0.00000
TDMs with Triplet 'Ground' state
TDMX:0.000   TDMY:0.000   TDMZ:0.000   Oscillator Strength:0.00000   <S**2>: 0.000
--------------------------------------------------------------------
TDMs with Singlet 'Ground' state
TDMX:-0.000   TDMY:0.000   TDMZ:0.000   Oscillator Strength:0.00000   <S**2>: 0.000
--------------------------------------------------------------------


State 95 10.898 eV
Excitation                         CI Coef       TDM X       TDM Y       TDM Z       |TDM|
|3^CS(3->0)>                      0.20215    0.02037    0.00000   -0.00451   -0.00003
|3^CS(2->0)>                      0.06164   -0.05486    0.00000    0.04152    0.00007
|3^CS(3->0')>                     0.20215    0.02037    0.00000    0.00451   -0.00003
|3^CS(2->0')>                    -0.06164   -0.05486   -0.00000   -0.04152    0.00007
|3^SV(0->2')>                     0.06925    0.06066    0.00000   -0.04945   -0.00007
|3^SV(0->3')>                     0.24269   -0.02597    0.00000    0.01076    0.00003
|3^SV(0'->2')>                    0.06925    0.06066    0.00000    0.04945   -0.00007
|3^SV(0'->3')>                   -0.24269   -0.02597   -0.00000   -0.01076    0.00003
|3T^CV(3->2')>                    0.23313    0.03382    0.00000    0.00000   -0.00004
|3T^CV(2->3')>                   -0.25992   -0.03159   -0.00000   -0.00000    0.00004
|3S^CV(3->3')>                   -0.61796    0.00127   -0.00000    0.00000   -0.00000
|3S^CV(2->2')>                    0.17589   -0.00015    0.00000    0.00000    0.00000
|3S^CV(1->1')>                    0.07012   -0.00018    0.00000    0.00000    0.00000
|3S^CV(1->3')>                    0.07045   -0.00855    0.00000   -0.00000    0.00001
|3X^CV(3->2')>                    0.13753    0.03460    0.00000   -0.00000   -0.00004
|3X^CV(2->1')>                    0.07173   -0.00817    0.00000   -0.00000    0.00001
|3X^CV(2->3')>                    0.19658   -0.04887    0.00000    0.00000    0.00006
|3X^CV(1->2')>                    0.05916    0.00639    0.00000    0.00000   -0.00001
|3^ZCV0(3->1')>                   0.08384   -0.01211    0.00000   -0.00023    0.00001
|3^ZCV0(3->2')>                   0.15527    0.00878    0.00000    0.00040   -0.00001
|3^ZCV0(2->3')>                   0.17484   -0.01023    0.00000    0.00033    0.00001
|3^ZCV0'(6->1')>                  0.08384   -0.01211    0.00000    0.00023    0.00001
|3^ZCV0'(6->2')>                 -0.15527    0.00878   -0.00000   -0.00040   -0.00001
|3^ZCV0'(5->3')>                 -0.17484   -0.01023   -0.00000   -0.00033    0.00001
|3^CSD(3,1)>                     -0.19923    0.00358   -0.00000   -0.00000   -0.00000
TDMs with Triplet 'Ground' state
TDMX:-0.005   TDMY:0.000   TDMZ:-0.000   Oscillator Strength:0.00001   <S**2>: 2.000
--------------------------------------------------------------------
TDMs with Singlet 'Ground' state
TDMX:0.000   TDMY:0.000   TDMZ:0.000   Oscillator Strength:0.00000   <S**2>: 2.000
--------------------------------------------------------------------


State 96 11.148 eV
Excitation                         CI Coef       TDM X       TDM Y       TDM Z       |TDM|
|3^SV(0->2')>                    -0.05110   -0.04476   -0.00000    0.03649   -0.00066
|3^SV(0->3')>                    -0.17115    0.01831   -0.00000   -0.00759    0.00014
|3^SV(0'->2')>                    0.05110    0.04476    0.00000    0.03649   -0.00066
|3^SV(0'->3')>                   -0.17115   -0.01831   -0.00000   -0.00759    0.00014
|3T^CV(3->3')>                   -0.51187   -0.00000   -0.00000   -0.05140    0.00092
|3T^CV(1->3')>                    0.07153   -0.00000    0.00000   -0.01129    0.00020
|3S^CV(3->2')>                    0.11055    0.00000    0.00000   -0.01406    0.00025
|3S^CV(2->3')>                   -0.20105    0.00000   -0.00000   -0.02241    0.00040
|3X^CV(3->1')>                    0.07902    0.00000    0.00000   -0.01071    0.00019
|3X^CV(3->3')>                    0.27804   -0.00000    0.00000    0.00619   -0.00011
|3X^CV(2->2')>                   -0.06375   -0.00000   -0.00000   -0.00285    0.00005
|3X^CV(1->3')>                   -0.10361    0.00000   -0.00000   -0.01274    0.00023
|3^ZCV0(3->2')>                   0.20869    0.01181    0.00000    0.00053   -0.00001
|3^ZCV0(3->3')>                  -0.08904   -0.00005   -0.00000    0.00003   -0.00000
|3^ZCV0(2->2')>                  -0.06399    0.01497   -0.00000    0.00015   -0.00000
|3^ZCV0(2->3')>                   0.34034   -0.01992    0.00000    0.00064   -0.00001
|3^ZCV0(1->2')>                  -0.16003    0.01987   -0.00000    0.00564   -0.00010
|3^ZCV0(1->3')>                   0.07187   -0.01043    0.00000   -0.00020    0.00000
|3^ZCV0'(6->2')>                  0.20869   -0.01181    0.00000    0.00053   -0.00001
|3^ZCV0'(6->3')>                  0.08904    0.00005    0.00000    0.00003   -0.00000
|3^ZCV0'(5->2')>                  0.06399   -0.01497    0.00000    0.00015   -0.00000
|3^ZCV0'(5->3')>                  0.34034    0.01992    0.00000    0.00064   -0.00001
|3^ZCV0'(4->2')>                 -0.16003   -0.01987   -0.00000    0.00564   -0.00010
|3^ZCV0'(4->3')>                 -0.07187    0.01043   -0.00000   -0.00020    0.00000
|3^CSD(3,2)>                      0.08303    0.00000    0.00000    0.00515   -0.00009
|3^SVD(2,3)>                     -0.30243   -0.00000   -0.00000   -0.02185    0.00039
TDMs with Triplet 'Ground' state
TDMX:-0.000   TDMY:0.000   TDMZ:-0.066   Oscillator Strength:0.00118   <S**2>: 2.000
--------------------------------------------------------------------
TDMs with Singlet 'Ground' state
TDMX:0.000   TDMY:0.000   TDMZ:0.000   Oscillator Strength:0.00000   <S**2>: 2.000
--------------------------------------------------------------------


State 97 11.197 eV
Excitation                         CI Coef       TDM X       TDM Y       TDM Z       |TDM|
|3^CS(3->0)>                     -0.25344   -0.02554   -0.00000    0.00565    0.00003
|3^CS(2->0)>                     -0.08108    0.07215   -0.00000   -0.05460   -0.00027
|3^CS(3->0')>                     0.25344    0.02554    0.00000    0.00565    0.00003
|3^CS(2->0')>                    -0.08108   -0.07215   -0.00000   -0.05460   -0.00027
|3^SV(0->3')>                    -0.05115    0.00547   -0.00000   -0.00227   -0.00001
|3^SV(0'->3')>                   -0.05115   -0.00547   -0.00000   -0.00227   -0.00001
|3T^CV(3->1')>                   -0.10907   -0.00000   -0.00000    0.01370    0.00007
|3T^CV(3->3')>                    0.47654    0.00000    0.00000    0.04785    0.00023
|3S^CV(3->2')>                   -0.19779   -0.00000   -0.00000    0.02515    0.00012
|3X^CV(3->1')>                   -0.12813   -0.00000   -0.00000    0.01736    0.00008
|3X^CV(3->3')>                    0.61155   -0.00000    0.00000    0.01363    0.00007
|3X^CV(2->2')>                   -0.16979   -0.00000   -0.00000   -0.00760   -0.00004
|3X^CV(1->1')>                   -0.08349   -0.00000   -0.00000   -0.00305   -0.00001
|3^ZCV0(2->1')>                   0.09171    0.01136    0.00000   -0.00310   -0.00002
|3^ZCV0(2->3')>                   0.05021   -0.00294    0.00000    0.00009    0.00000
|3^ZCV0'(5->1')>                  0.09171   -0.01136    0.00000   -0.00310   -0.00002
|3^ZCV0'(5->3')>                  0.05021    0.00294    0.00000    0.00009    0.00000
|3^CSD(3,2)>                     -0.25085   -0.00000   -0.00000   -0.01556   -0.00008
|3^CSD(2,1)>                      0.12413    0.00000    0.00000    0.00825    0.00004
|3^SVD(2,3)>                     -0.17349   -0.00000   -0.00000   -0.01253   -0.00006
TDMs with Triplet 'Ground' state
TDMX:0.000   TDMY:0.000   TDMZ:0.018   Oscillator Strength:0.00009   <S**2>: 2.000
--------------------------------------------------------------------
TDMs with Singlet 'Ground' state
TDMX:0.000   TDMY:0.000   TDMZ:0.000   Oscillator Strength:0.00000   <S**2>: 2.000
--------------------------------------------------------------------


State 98 11.226 eV
Excitation                         CI Coef       TDM X       TDM Y       TDM Z       |TDM|
|3^SV(0->1')>                    -0.05012   -0.03925   -0.00000    0.00162   -0.00002
|3^SV(0->3')>                    -0.10241    0.01096   -0.00000   -0.00454    0.00001
|3^SV(0'->1')>                    0.05012   -0.03925    0.00000   -0.00162   -0.00002
|3^SV(0'->3')>                    0.10241    0.01096    0.00000    0.00454    0.00001
|3T^CV(3->2')>                   -0.07389   -0.01072   -0.00000   -0.00000   -0.00001
|3T^CV(2->3')>                    0.10495    0.01276    0.00000    0.00000    0.00001
|3X^CV(2->1')>                   -0.05727    0.00653   -0.00000    0.00000    0.00000
|3X^CV(2->3')>                   -0.10514    0.02614   -0.00000   -0.00000    0.00002
|3^ZCV0(3->1')>                  -0.12035    0.01738   -0.00000    0.00033    0.00001
|3^ZCV0(3->2')>                   0.44080    0.02494    0.00000    0.00113    0.00002
|3^ZCV0(2->3')>                   0.41630   -0.02437    0.00000    0.00079   -0.00002
|3^ZCV0(1->3')>                   0.08050   -0.01169    0.00000   -0.00023   -0.00001
|3^ZCV0'(6->1')>                 -0.12035    0.01738   -0.00000   -0.00033    0.00001
|3^ZCV0'(6->2')>                 -0.44080    0.02494   -0.00000   -0.00113    0.00002
|3^ZCV0'(5->3')>                 -0.41630   -0.02437   -0.00000   -0.00079   -0.00002
|3^ZCV0'(4->3')>                  0.08050   -0.01169    0.00000    0.00023   -0.00001
|3^CSD(3,1)>                      0.33175   -0.00596    0.00000    0.00000   -0.00000
|3^SVD(1,3)>                     -0.18443    0.00829   -0.00000   -0.00000    0.00001
TDMs with Triplet 'Ground' state
TDMX:0.002   TDMY:0.000   TDMZ:0.000   Oscillator Strength:0.00000   <S**2>: 2.000
--------------------------------------------------------------------
TDMs with Singlet 'Ground' state
TDMX:0.000   TDMY:0.000   TDMZ:0.000   Oscillator Strength:0.00000   <S**2>: 2.000
--------------------------------------------------------------------


State 99 11.287 eV
Excitation                         CI Coef       TDM X       TDM Y       TDM Z       |TDM|
|3^SV(0->3')>                    -0.09270    0.00992   -0.00000   -0.00411   -0.00005
|3^SV(0'->3')>                   -0.09270   -0.00992   -0.00000   -0.00411   -0.00005
|3T^CV(3->3')>                   -0.12203   -0.00000   -0.00000   -0.01225   -0.00013
|3S^CV(2->3')>                   -0.05261    0.00000   -0.00000   -0.00587   -0.00006
|3X^CV(3->3')>                    0.19022   -0.00000    0.00000    0.00424    0.00005
|3^ZCV0(3->1')>                   0.14692   -0.02122    0.00000   -0.00041   -0.00000
|3^ZCV0(3->2')>                  -0.44708   -0.02529   -0.00000   -0.00114   -0.00001
|3^ZCV0(3->3')>                  -0.15134   -0.00009   -0.00000    0.00004    0.00000
|3^ZCV0(2->1')>                   0.13468    0.01668    0.00000   -0.00455   -0.00005
|3^ZCV0(2->2')>                  -0.10000    0.02340   -0.00000    0.00024    0.00000
|3^ZCV0(2->3')>                  -0.22283    0.01304   -0.00000   -0.00042   -0.00000
|3^ZCV0(1->2')>                  -0.10636    0.01321   -0.00000    0.00375    0.00004
|3^ZCV0'(6->1')>                 -0.14692    0.02122   -0.00000   -0.00041   -0.00000
|3^ZCV0'(6->2')>                 -0.44708    0.02529   -0.00000   -0.00114   -0.00001
|3^ZCV0'(6->3')>                  0.15134    0.00009    0.00000    0.00004    0.00000
|3^ZCV0'(5->1')>                  0.13468   -0.01668    0.00000   -0.00455   -0.00005
|3^ZCV0'(5->2')>                  0.10000   -0.02340    0.00000    0.00024    0.00000
|3^ZCV0'(5->3')>                 -0.22283   -0.01304   -0.00000   -0.00042   -0.00000
|3^ZCV0'(4->2')>                 -0.10636   -0.01321   -0.00000    0.00375    0.00004
|3^CSD(3,2)>                      0.46785    0.00000    0.00000    0.02901    0.00032
|3^SVD(2,3)>                     -0.12932   -0.00000   -0.00000   -0.00934   -0.00010
TDMs with Triplet 'Ground' state
TDMX:0.000   TDMY:0.000   TDMZ:0.040   Oscillator Strength:0.00043   <S**2>: 2.000
--------------------------------------------------------------------
TDMs with Singlet 'Ground' state
TDMX:0.000   TDMY:0.000   TDMZ:0.000   Oscillator Strength:0.00000   <S**2>: 2.000
--------------------------------------------------------------------


State 100 11.425 eV
Excitation                         CI Coef       TDM X       TDM Y       TDM Z       |TDM|
|1^CS(3->0)>                     -0.16760    0.03117   -0.00000   -0.00645    0.00047
|1^CS(2->0)>                     -0.05032   -0.04034   -0.00000    0.03959   -0.00061
|1^CS(3->0')>                     0.16760    0.03117    0.00000    0.00645    0.00047
|1^CS(2->0')>                    -0.05032   -0.04034   -0.00000   -0.03959   -0.00061
|1^SV(0->2')>                    -0.05095   -0.04085   -0.00000    0.04049   -0.00062
|1^SV(0->3')>                    -0.16268    0.03258   -0.00000   -0.00677    0.00049
|1^SV(0'->2')>                   -0.05095   -0.04085   -0.00000   -0.04049   -0.00062
|1^SV(0'->3')>                    0.16268    0.03258    0.00000    0.00677    0.00049
|1S^CV(3->2')>                    0.13679    0.01311    0.00000    0.00000    0.00020
|1S^CV(2->3')>                    0.13229    0.00908    0.00000    0.00000    0.00014
|1T^CV(3->1')>                   -0.18533    0.02240   -0.00000    0.00000    0.00034
|1T^CV(1->3')>                    0.18512    0.02237    0.00000    0.00000    0.00034
|1^ZCV0(3->2')>                  -0.15552   -0.00351   -0.00000    0.00074   -0.00005
|1^ZCV0(3->3')>                  -0.08957   -0.00128   -0.00000    0.00007   -0.00002
|1^ZCV0(2->1')>                   0.14332   -0.00059    0.00000   -0.00196   -0.00001
|1^ZCV0(2->2')>                   0.24246    0.01605    0.00000    0.00070    0.00024
|1^ZCV0(2->3')>                   0.15862   -0.00357    0.00000   -0.00052   -0.00005
|1^ZCV0(1->1')>                   0.17606   -0.01599    0.00000   -0.00064   -0.00024
|1^ZCV0(1->2')>                  -0.12571   -0.00046   -0.00000    0.00137   -0.00001
|1^ZCV0'(3->2')>                 -0.15552   -0.00351   -0.00000   -0.00074   -0.00005
|1^ZCV0'(3->3')>                  0.08957   -0.00128    0.00000   -0.00007   -0.00002
|1^ZCV0'(2->1')>                  0.14332   -0.00059    0.00000    0.00196   -0.00001
|1^ZCV0'(2->2')>                 -0.24246    0.01605   -0.00000   -0.00070    0.00024
|1^ZCV0'(2->3')>                  0.15862   -0.00357    0.00000    0.00052   -0.00005
|1^ZCV0'(1->1')>                 -0.17606   -0.01599   -0.00000    0.00064   -0.00024
|1^ZCV0'(1->2')>                 -0.12571   -0.00046   -0.00000   -0.00137   -0.00001
|1^CSD_(3,2)>                    -0.10291   -0.00244   -0.00000    0.00000   -0.00004
|1^CSD_(2,1)>                     0.43096    0.01656    0.00000    0.00000    0.00025
|1^SVD_(1',2')>                   0.42983    0.01670    0.00000    0.00000    0.00025
|1^SVD_(2',3')>                  -0.12662   -0.00291   -0.00000   -0.00000   -0.00004
TDMs with Triplet 'Ground' state
TDMX:0.000   TDMY:0.000   TDMZ:0.000   Oscillator Strength:0.00000   <S**2>: 0.000
--------------------------------------------------------------------
TDMs with Singlet 'Ground' state
TDMX:0.056   TDMY:0.000   TDMZ:-0.000   Oscillator Strength:0.00084   <S**2>: 0.000
--------------------------------------------------------------------


State 101 11.459 eV
Excitation                         CI Coef       TDM X       TDM Y       TDM Z       |TDM|
|3^SV(0->2')>                    -0.05327   -0.04666   -0.00000    0.03804   -0.00023
|3^SV(0->3')>                    -0.22088    0.02363   -0.00000   -0.00979    0.00006
|3^SV(0'->2')>                    0.05327    0.04666    0.00000    0.03804   -0.00023
|3^SV(0'->3')>                   -0.22088   -0.02363   -0.00000   -0.00979    0.00006
|3T^CV(3->3')>                   -0.34027   -0.00000   -0.00000   -0.03417    0.00020
|3T^CV(1->3')>                    0.08750   -0.00000    0.00000   -0.01381    0.00008
|3S^CV(2->3')>                   -0.15272    0.00000   -0.00000   -0.01703    0.00010
|3X^CV(3->3')>                    0.36136   -0.00000    0.00000    0.00805   -0.00005
|3X^CV(2->2')>                   -0.10765   -0.00000   -0.00000   -0.00482    0.00003
|3X^CV(1->3')>                   -0.13264    0.00000   -0.00000   -0.01631    0.00010
|3^ZCV0(3->1')>                  -0.06363    0.00919   -0.00000    0.00018   -0.00000
|3^ZCV0(3->3')>                   0.15446    0.00009    0.00000   -0.00005    0.00000
|3^ZCV0(2->1')>                  -0.10764   -0.01333   -0.00000    0.00363   -0.00002
|3^ZCV0(2->2')>                   0.10059   -0.02354    0.00000   -0.00024    0.00000
|3^ZCV0(2->3')>                  -0.24738    0.01448   -0.00000   -0.00047    0.00000
|3^ZCV0(1->2')>                   0.05836   -0.00725    0.00000   -0.00206    0.00001
|3^ZCV0(1->3')>                  -0.14925    0.02166   -0.00000    0.00042   -0.00000
|3^ZCV0'(6->1')>                  0.06363   -0.00919    0.00000    0.00018   -0.00000
|3^ZCV0'(6->3')>                 -0.15446   -0.00009   -0.00000   -0.00005    0.00000
|3^ZCV0'(5->1')>                 -0.10764    0.01333   -0.00000    0.00363   -0.00002
|3^ZCV0'(5->2')>                 -0.10059    0.02354   -0.00000   -0.00024    0.00000
|3^ZCV0'(5->3')>                 -0.24738   -0.01448   -0.00000   -0.00047    0.00000
|3^ZCV0'(4->2')>                  0.05836    0.00725    0.00000   -0.00206    0.00001
|3^ZCV0'(4->3')>                  0.14925   -0.02166    0.00000    0.00042   -0.00000
|3^CSD(3,2)>                     -0.17380   -0.00000   -0.00000   -0.01078    0.00006
|3^CSD(2,1)>                      0.09308    0.00000    0.00000    0.00619   -0.00004
|3^SVD(1,2)>                     -0.14445   -0.00000   -0.00000   -0.01625    0.00010
|3^SVD(2,3)>                      0.49207    0.00000    0.00000    0.03554   -0.00021
TDMs with Triplet 'Ground' state
TDMX:0.000   TDMY:0.000   TDMZ:-0.021   Oscillator Strength:0.00013   <S**2>: 2.000
--------------------------------------------------------------------
TDMs with Singlet 'Ground' state
TDMX:0.000   TDMY:0.000   TDMZ:0.000   Oscillator Strength:0.00000   <S**2>: 2.000
--------------------------------------------------------------------


State 102 11.644 eV
Excitation                         CI Coef       TDM X       TDM Y       TDM Z       |TDM|
|1^ZCV0(3->2')>                   0.21373    0.00483    0.00000   -0.00102    0.00000
|1^ZCV0(3->3')>                   0.10932    0.00156    0.00000   -0.00008    0.00000
|1^ZCV0(2->2')>                  -0.32806   -0.02172   -0.00000   -0.00094   -0.00000
|1^ZCV0(2->3')>                  -0.21319    0.00480   -0.00000    0.00070    0.00000
|1^ZCV0(1->1')>                  -0.27122    0.02463   -0.00000    0.00099    0.00000
|1^ZCV0'(3->2')>                 -0.21373   -0.00483   -0.00000   -0.00102   -0.00000
|1^ZCV0'(3->3')>                  0.10932   -0.00156    0.00000   -0.00008   -0.00000
|1^ZCV0'(2->2')>                 -0.32806    0.02172   -0.00000   -0.00094    0.00000
|1^ZCV0'(2->3')>                  0.21319   -0.00480    0.00000    0.00070   -0.00000
|1^ZCV0'(1->1')>                 -0.27122   -0.02463   -0.00000    0.00099   -0.00000
|1^CSD_(3,3)>                    -0.12181    0.00000   -0.00000    0.00653   -0.00000
|1^CSD_(3,1)>                    -0.06157   -0.00000   -0.00000    0.00436   -0.00000
|1^CSD_(2,2)>                     0.39755   -0.00000    0.00000   -0.00710    0.00000
|1^CSD_(1,1)>                     0.18111   -0.00000    0.00000   -0.00360    0.00000
|1^SVD_(1',1')>                  -0.17939    0.00000   -0.00000    0.00345   -0.00000
|1^SVD_(1',3')>                   0.06946    0.00000    0.00000   -0.00559    0.00000
|1^SVD_(2',2')>                  -0.39755    0.00000   -0.00000    0.00970   -0.00000
|1^SVD_(3',3')>                   0.12009   -0.00000    0.00000   -0.00609    0.00000
TDMs with Triplet 'Ground' state
TDMX:0.000   TDMY:0.000   TDMZ:0.000   Oscillator Strength:0.00000   <S**2>: 0.000
--------------------------------------------------------------------
TDMs with Singlet 'Ground' state
TDMX:0.000   TDMY:0.000   TDMZ:-0.000   Oscillator Strength:0.00000   <S**2>: 0.000
--------------------------------------------------------------------


State 103 11.644 eV
Excitation                         CI Coef       TDM X       TDM Y       TDM Z       |TDM|
|1^ZW->                          -0.06032    0.00000   -0.00000    0.00000    0.00000
|1^CS(3->0)>                      0.11042   -0.02054    0.00000    0.00425   -0.00001
|1^CS(3->0')>                    -0.11042   -0.02054   -0.00000   -0.00425   -0.00001
|1^SV(0->3')>                    -0.11799    0.02363   -0.00000   -0.00491    0.00001
|1^SV(0'->3')>                    0.11799    0.02363    0.00000    0.00491    0.00001
|1S^CV(3->2')>                   -0.12248   -0.01174   -0.00000   -0.00000   -0.00000
|1S^CV(2->3')>                    0.12876    0.00884    0.00000    0.00000    0.00000
|1T^CV(3->3')>                   -0.40053   -0.00090   -0.00000   -0.00000   -0.00000
|1T^CV(2->2')>                    0.13514   -0.00000    0.00000   -0.00000   -0.00000
|1T^CV(1->3')>                    0.06260    0.00757    0.00000    0.00000    0.00000
|1^ZCV0(3->1')>                   0.24362    0.00920    0.00000    0.00881    0.00000
|1^ZCV0(3->2')>                  -0.05354   -0.00121   -0.00000    0.00025   -0.00000
|1^ZCV0(2->1')>                  -0.28507    0.00117   -0.00000    0.00391    0.00000
|1^ZCV0(1->2')>                  -0.28360   -0.00105   -0.00000    0.00310   -0.00000
|1^ZCV0(1->3')>                  -0.24118   -0.00945   -0.00000    0.00789   -0.00000
|1^ZCV0'(3->1')>                 -0.24362    0.00920   -0.00000   -0.00881    0.00000
|1^ZCV0'(3->2')>                 -0.05353   -0.00121   -0.00000   -0.00025   -0.00000
|1^ZCV0'(2->1')>                 -0.28507    0.00117   -0.00000   -0.00391    0.00000
|1^ZCV0'(1->2')>                 -0.28360   -0.00105   -0.00000   -0.00310   -0.00000
|1^ZCV0'(1->3')>                  0.24118   -0.00945    0.00000   -0.00789   -0.00000
|1^CSD_(2,1)>                     0.28247    0.01085    0.00000    0.00000    0.00000
|1^SVD_(1',2')>                  -0.25794   -0.01002   -0.00000   -0.00000   -0.00000
|1^SVD_(2',3')>                   0.05982    0.00137    0.00000    0.00000    0.00000
TDMs with Triplet 'Ground' state
TDMX:0.000   TDMY:0.000   TDMZ:0.000   Oscillator Strength:0.00000   <S**2>: 0.000
--------------------------------------------------------------------
TDMs with Singlet 'Ground' state
TDMX:0.001   TDMY:0.000   TDMZ:-0.000   Oscillator Strength:0.00000   <S**2>: 0.000
--------------------------------------------------------------------


State 104 11.647 eV
Excitation                         CI Coef       TDM X       TDM Y       TDM Z       |TDM|
|3^SV(0->3')>                     0.08813   -0.00943    0.00000    0.00391    0.00010
|3^SV(0'->3')>                   -0.08813   -0.00943   -0.00000   -0.00391    0.00010
|3T^CV(2->3')>                   -0.05788   -0.00704   -0.00000   -0.00000    0.00007
|3X^CV(3->2')>                   -0.05268   -0.01325   -0.00000    0.00000    0.00014
|3X^CV(2->3')>                    0.10644   -0.02646    0.00000    0.00000    0.00028
|3^ZCV0(3->1')>                  -0.16976    0.02451   -0.00000    0.00047   -0.00026
|3^ZCV0(3->2')>                   0.15219    0.00861    0.00000    0.00039   -0.00009
|3^ZCV0(3->3')>                   0.19403    0.00012    0.00000   -0.00006   -0.00000
|3^ZCV0(2->1')>                  -0.14545   -0.01802   -0.00000    0.00491    0.00019
|3^ZCV0(2->3')>                  -0.17071    0.00999   -0.00000   -0.00032   -0.00011
|3^ZCV0(1->2')>                   0.15707   -0.01951    0.00000   -0.00553    0.00021
|3^ZCV0(1->3')>                  -0.22197    0.03222   -0.00000    0.00063   -0.00034
|3^ZCV0'(6->1')>                 -0.16976    0.02451   -0.00000   -0.00047   -0.00026
|3^ZCV0'(6->2')>                 -0.15219    0.00861   -0.00000   -0.00039   -0.00009
|3^ZCV0'(6->3')>                  0.19403    0.00012    0.00000    0.00006   -0.00000
|3^ZCV0'(5->1')>                  0.14545   -0.01802    0.00000   -0.00491    0.00019
|3^ZCV0'(5->3')>                  0.17071    0.00999    0.00000    0.00032   -0.00011
|3^ZCV0'(4->2')>                 -0.15707   -0.01951   -0.00000    0.00553    0.00021
|3^ZCV0'(4->3')>                 -0.22197    0.03222   -0.00000   -0.00063   -0.00034
|3^CSD(3,1)>                      0.42970   -0.00772    0.00000    0.00000    0.00008
|3^SVD(1,3)>                      0.58905   -0.02646    0.00000    0.00000    0.00028
TDMs with Triplet 'Ground' state
TDMX:-0.037   TDMY:0.000   TDMZ:0.000   Oscillator Strength:0.00040   <S**2>: 2.000
--------------------------------------------------------------------
TDMs with Singlet 'Ground' state
TDMX:0.000   TDMY:0.000   TDMZ:0.000   Oscillator Strength:0.00000   <S**2>: 2.000
--------------------------------------------------------------------


State 105 11.659 eV
Excitation                         CI Coef       TDM X       TDM Y       TDM Z       |TDM|
|1T^CV(3->1')>                   -0.05283    0.00638   -0.00000    0.00000   -0.00001
|1T^CV(1->3')>                    0.05070    0.00613    0.00000    0.00000   -0.00001
|1^ZCV0(3->1')>                   0.07415    0.00280    0.00000    0.00268   -0.00001
|1^ZCV0(3->2')>                   0.12048    0.00272    0.00000   -0.00057   -0.00001
|1^ZCV0(3->3')>                   0.06755    0.00097    0.00000   -0.00005   -0.00000
|1^ZCV0(2->1')>                  -0.15277    0.00063   -0.00000    0.00209   -0.00000
|1^ZCV0(2->2')>                  -0.15231   -0.01008   -0.00000   -0.00044    0.00002
|1^ZCV0(2->3')>                  -0.11538    0.00260   -0.00000    0.00038   -0.00001
|1^ZCV0(1->1')>                   0.61513   -0.05587    0.00000   -0.00224    0.00012
|1^ZCV0(1->2')>                   0.16135    0.00060    0.00000   -0.00176   -0.00000
|1^ZCV0(1->3')>                   0.07086    0.00278    0.00000   -0.00232   -0.00001
|1^ZCV0'(3->1')>                 -0.07415    0.00280   -0.00000   -0.00268   -0.00001
|1^ZCV0'(3->2')>                  0.12048    0.00272    0.00000    0.00057   -0.00001
|1^ZCV0'(3->3')>                 -0.06755    0.00097   -0.00000    0.00005   -0.00000
|1^ZCV0'(2->1')>                 -0.15277    0.00063   -0.00000   -0.00209   -0.00000
|1^ZCV0'(2->2')>                  0.15231   -0.01008    0.00000    0.00044    0.00002
|1^ZCV0'(2->3')>                 -0.11538    0.00260   -0.00000   -0.00038   -0.00001
|1^ZCV0'(1->1')>                 -0.61513   -0.05587   -0.00000    0.00224    0.00012
|1^ZCV0'(1->2')>                  0.16135    0.00060    0.00000    0.00176   -0.00000
|1^ZCV0'(1->3')>                 -0.07086    0.00278   -0.00000    0.00232   -0.00001
TDMs with Triplet 'Ground' state
TDMX:0.000   TDMY:0.000   TDMZ:0.000   Oscillator Strength:0.00000   <S**2>: 0.000
--------------------------------------------------------------------
TDMs with Singlet 'Ground' state
TDMX:-0.007   TDMY:0.000   TDMZ:0.000   Oscillator Strength:0.00002   <S**2>: 0.000
--------------------------------------------------------------------


State 106 11.794 eV
Excitation                         CI Coef       TDM X       TDM Y       TDM Z       |TDM|
|1^ZW+>                          -0.20228   -0.00000   -0.00000   -0.13428    0.00017
|1^CS(1->0)>                      0.07403    0.05732    0.00000    0.00955   -0.00001
|1^CS(1->0')>                     0.07403   -0.05732    0.00000    0.00955   -0.00001
|1^SV(0->1')>                     0.07441    0.05735    0.00000    0.00918   -0.00001
|1^SV(0'->1')>                    0.07441   -0.05735    0.00000    0.00918   -0.00001
|1S^CV(3->3')>                    0.23269    0.00000    0.00000    0.01995   -0.00002
|1S^CV(1->1')>                   -0.05932   -0.00000   -0.00000   -0.10240    0.00013
|1T^CV(3->2')>                    0.06717   -0.00000    0.00000    0.00910   -0.00001
|1T^CV(2->1')>                   -0.05599    0.00000   -0.00000   -0.00591    0.00001
|1T^CV(2->3')>                   -0.06614   -0.00000   -0.00000    0.00731   -0.00001
|1T^CV(1->2')>                    0.05476    0.00000    0.00000   -0.00714    0.00001
|1^ZCV0(3->1')>                   0.23112    0.00873    0.00000    0.00835   -0.00001
|1^ZCV0(3->2')>                  -0.06605   -0.00149   -0.00000    0.00031   -0.00000
|1^ZCV0(2->1')>                  -0.33701    0.00139   -0.00000    0.00462   -0.00001
|1^ZCV0(2->3')>                  -0.05982    0.00135   -0.00000    0.00020   -0.00000
|1^ZCV0(1->2')>                  -0.33585   -0.00124   -0.00000    0.00367   -0.00000
|1^ZCV0(1->3')>                  -0.23112   -0.00906   -0.00000    0.00756   -0.00001
|1^ZCV0'(3->1')>                  0.23112   -0.00873    0.00000    0.00835   -0.00001
|1^ZCV0'(3->2')>                  0.06605    0.00149    0.00000    0.00031   -0.00000
|1^ZCV0'(2->1')>                  0.33701   -0.00139    0.00000    0.00462   -0.00001
|1^ZCV0'(2->3')>                  0.05982   -0.00135    0.00000    0.00020   -0.00000
|1^ZCV0'(1->2')>                  0.33585    0.00124    0.00000    0.00367   -0.00000
|1^ZCV0'(1->3')>                 -0.23112    0.00906   -0.00000    0.00756   -0.00001
|1^CSD_(3,3)>                     0.10321   -0.00000    0.00000   -0.00553    0.00001
|1^CSD_(2,2)>                    -0.13977    0.00000   -0.00000    0.00250   -0.00000
|1^CSD_(1,1)>                    -0.23295    0.00000   -0.00000    0.00463   -0.00001
|1^SVD_(1',1')>                  -0.23225    0.00000   -0.00000    0.00447   -0.00001
|1^SVD_(2',2')>                  -0.13977    0.00000   -0.00000    0.00341   -0.00000
|1^SVD_(3',3')>                   0.10251   -0.00000    0.00000   -0.00520    0.00001
TDMs with Triplet 'Ground' state
TDMX:0.000   TDMY:0.000   TDMZ:0.000   Oscillator Strength:0.00000   <S**2>: 0.000
--------------------------------------------------------------------
TDMs with Singlet 'Ground' state
TDMX:0.000   TDMY:0.000   TDMZ:-0.004   Oscillator Strength:0.00001   <S**2>: 0.000
--------------------------------------------------------------------


State 107 11.899 eV
Excitation                         CI Coef       TDM X       TDM Y       TDM Z       |TDM|
|1^ZCV0(3->1')>                  -0.05439   -0.00205   -0.00000   -0.00197    0.00000
|1^ZCV0(3->2')>                  -0.15442   -0.00349   -0.00000    0.00073   -0.00000
|1^ZCV0(3->3')>                  -0.09279   -0.00133   -0.00000    0.00007    0.00000
|1^ZCV0(2->1')>                   0.08287   -0.00034    0.00000   -0.00114    0.00000
|1^ZCV0(2->2')>                   0.16627    0.01101    0.00000    0.00048   -0.00000
|1^ZCV0(2->3')>                   0.15291   -0.00344    0.00000   -0.00050    0.00000
|1^ZCV0(1->1')>                  -0.56821    0.05161   -0.00000    0.00207   -0.00000
|1^ZCV0(1->2')>                  -0.08002   -0.00030   -0.00000    0.00087   -0.00000
|1^ZCV0'(3->1')>                 -0.05439    0.00205   -0.00000   -0.00197    0.00000
|1^ZCV0'(3->2')>                  0.15442    0.00349    0.00000    0.00073   -0.00000
|1^ZCV0'(3->3')>                 -0.09279    0.00133   -0.00000    0.00007   -0.00000
|1^ZCV0'(2->1')>                 -0.08287    0.00034   -0.00000   -0.00114    0.00000
|1^ZCV0'(2->2')>                  0.16627   -0.01101    0.00000    0.00048    0.00000
|1^ZCV0'(2->3')>                 -0.15291    0.00344   -0.00000   -0.00050   -0.00000
|1^ZCV0'(1->1')>                 -0.56821   -0.05161   -0.00000    0.00207    0.00000
|1^ZCV0'(1->2')>                  0.08002    0.00030    0.00000    0.00087   -0.00000
|1^CSD_(3,1)>                    -0.07840   -0.00000   -0.00000    0.00555   -0.00000
|1^CSD_(2,2)>                    -0.15693    0.00000   -0.00000    0.00280   -0.00000
|1^CSD_(1,1)>                     0.18639   -0.00000    0.00000   -0.00371    0.00000
|1^SVD_(1',1')>                  -0.18426    0.00000   -0.00000    0.00355   -0.00000
|1^SVD_(1',3')>                   0.08408    0.00000    0.00000   -0.00677    0.00000
|1^SVD_(2',2')>                   0.15693   -0.00000    0.00000   -0.00383    0.00000
TDMs with Triplet 'Ground' state
TDMX:0.000   TDMY:0.000   TDMZ:0.000   Oscillator Strength:0.00000   <S**2>: 0.000
--------------------------------------------------------------------
TDMs with Singlet 'Ground' state
TDMX:-0.000   TDMY:0.000   TDMZ:-0.000   Oscillator Strength:0.00000   <S**2>: 0.000
--------------------------------------------------------------------


State 108 11.987 eV
Excitation                         CI Coef       TDM X       TDM Y       TDM Z       |TDM|
|3^CS(3->0)>                      0.09424    0.00950    0.00000   -0.00210   -0.00003
|3^CS(1->0)>                      0.05377   -0.04288    0.00000   -0.00015    0.00013
|3^CS(3->0')>                     0.09424    0.00950    0.00000    0.00210   -0.00003
|3^CS(1->0')>                     0.05377   -0.04288    0.00000    0.00015    0.00013
|3T^CV(3->2')>                    0.05958    0.00864    0.00000    0.00000   -0.00003
|3S^CV(3->3')>                   -0.21235    0.00044   -0.00000    0.00000   -0.00000
|3S^CV(1->1')>                    0.06507   -0.00017    0.00000    0.00000    0.00000
|3X^CV(3->2')>                    0.08001    0.02013    0.00000   -0.00000   -0.00006
|3^ZCV0(3->1')>                  -0.10950    0.01581   -0.00000    0.00030   -0.00005
|3^ZCV0(3->2')>                  -0.12276   -0.00695   -0.00000   -0.00031    0.00002
|3^ZCV0(2->1')>                  -0.17032   -0.02110   -0.00000    0.00575    0.00006
|3^ZCV0(2->3')>                  -0.21141    0.01238   -0.00000   -0.00040   -0.00004
|3^ZCV0'(6->1')>                 -0.10950    0.01581   -0.00000   -0.00030   -0.00005
|3^ZCV0'(6->2')>                  0.12276   -0.00695    0.00000    0.00031    0.00002
|3^ZCV0'(5->1')>                  0.17032   -0.02110    0.00000   -0.00575    0.00006
|3^ZCV0'(5->3')>                  0.21141    0.01238    0.00000    0.00040   -0.00004
|3^CSD(3,1)>                      0.51237   -0.00921    0.00000    0.00000    0.00003
|3^SVD(1,3)>                     -0.65922    0.02962   -0.00000   -0.00000   -0.00009
TDMs with Triplet 'Ground' state
TDMX:-0.010   TDMY:0.000   TDMZ:-0.000   Oscillator Strength:0.00003   <S**2>: 2.000
--------------------------------------------------------------------
TDMs with Singlet 'Ground' state
TDMX:0.000   TDMY:0.000   TDMZ:0.000   Oscillator Strength:0.00000   <S**2>: 2.000
--------------------------------------------------------------------


State 109 12.084 eV
Excitation                         CI Coef       TDM X       TDM Y       TDM Z       |TDM|
|3^CS(3->0)>                     -0.10897   -0.01098   -0.00000    0.00243    0.00005
|3^CS(1->0)>                     -0.05430    0.04330   -0.00000    0.00015    0.00000
|3^CS(3->0')>                     0.10897    0.01098    0.00000    0.00243    0.00005
|3^CS(1->0')>                     0.05430   -0.04330    0.00000    0.00015    0.00000
|3T^CV(3->3')>                    0.11329    0.00000    0.00000    0.01138    0.00025
|3S^CV(3->2')>                   -0.08437   -0.00000   -0.00000    0.01073    0.00023
|3S^CV(2->3')>                    0.06166   -0.00000    0.00000    0.00687    0.00015
|3S^CV(1->2')>                   -0.05290    0.00000   -0.00000   -0.00693   -0.00015
|3X^CV(3->3')>                    0.05207   -0.00000    0.00000    0.00116    0.00003
|3^ZCV0(3->1')>                   0.07201   -0.01040    0.00000   -0.00020   -0.00000
|3^ZCV0(3->2')>                   0.13914    0.00787    0.00000    0.00036    0.00001
|3^ZCV0(2->1')>                   0.16238    0.02012    0.00000   -0.00548   -0.00012
|3^ZCV0(2->3')>                   0.21726   -0.01272    0.00000    0.00041    0.00001
|3^ZCV0(1->3')>                   0.12308   -0.01787    0.00000   -0.00035   -0.00001
|3^ZCV0'(6->1')>                 -0.07201    0.01040   -0.00000   -0.00020   -0.00000
|3^ZCV0'(6->2')>                  0.13914   -0.00787    0.00000    0.00036    0.00001
|3^ZCV0'(5->1')>                  0.16238   -0.02012    0.00000   -0.00548   -0.00012
|3^ZCV0'(5->3')>                  0.21726    0.01272    0.00000    0.00041    0.00001
|3^ZCV0'(4->3')>                 -0.12308    0.01787   -0.00000   -0.00035   -0.00001
|3^CSD(3,2)>                      0.45683    0.00000    0.00000    0.02833    0.00062
|3^CSD(2,1)>                     -0.15214   -0.00000   -0.00000   -0.01011   -0.00022
|3^SVD(1,2)>                     -0.25197   -0.00000   -0.00000   -0.02835   -0.00062
|3^SVD(2,3)>                      0.63340    0.00000    0.00000    0.04575    0.00100
TDMs with Triplet 'Ground' state
TDMX:0.000   TDMY:0.000   TDMZ:0.073   Oscillator Strength:0.00160   <S**2>: 2.000
--------------------------------------------------------------------
TDMs with Singlet 'Ground' state
TDMX:0.000   TDMY:0.000   TDMZ:0.000   Oscillator Strength:0.00000   <S**2>: 2.000
--------------------------------------------------------------------


State 110 12.135 eV
Excitation                         CI Coef       TDM X       TDM Y       TDM Z       |TDM|
|3^CS(3->0)>                     -0.06147   -0.00619   -0.00000    0.00137    0.00003
|3^CS(3->0')>                    -0.06147   -0.00619   -0.00000   -0.00137    0.00003
|3S^CV(3->3')>                    0.07440   -0.00015    0.00000   -0.00000    0.00000
|3^ZCV0(3->1')>                  -0.23352    0.03372   -0.00000    0.00065   -0.00017
|3^ZCV0(3->2')>                   0.16110    0.00911    0.00000    0.00041   -0.00005
|3^ZCV0(3->3')>                   0.10647    0.00006    0.00000   -0.00003   -0.00000
|3^ZCV0(2->1')>                  -0.21910   -0.02714   -0.00000    0.00739    0.00014
|3^ZCV0(2->3')>                  -0.06606    0.00387   -0.00000   -0.00012   -0.00002
|3^ZCV0(1->2')>                   0.26584   -0.03301    0.00000   -0.00937    0.00017
|3^ZCV0(1->3')>                  -0.23280    0.03379   -0.00000    0.00066   -0.00017
|3^ZCV0'(6->1')>                 -0.23352    0.03372   -0.00000   -0.00065   -0.00017
|3^ZCV0'(6->2')>                 -0.16110    0.00911   -0.00000   -0.00041   -0.00005
|3^ZCV0'(6->3')>                  0.10647    0.00006    0.00000    0.00003   -0.00000
|3^ZCV0'(5->1')>                  0.21910   -0.02714    0.00000   -0.00739    0.00014
|3^ZCV0'(5->3')>                  0.06606    0.00387    0.00000    0.00012   -0.00002
|3^ZCV0'(4->2')>                 -0.26584   -0.03301   -0.00000    0.00937    0.00017
|3^ZCV0'(4->3')>                 -0.23280    0.03379   -0.00000   -0.00066   -0.00017
|3^CSD(3,1)>                     -0.57966    0.01042   -0.00000   -0.00000   -0.00005
|3^SVD(1,3)>                     -0.31511    0.01416   -0.00000   -0.00000   -0.00007
TDMs with Triplet 'Ground' state
TDMX:-0.017   TDMY:0.000   TDMZ:-0.000   Oscillator Strength:0.00009   <S**2>: 2.000
--------------------------------------------------------------------
TDMs with Singlet 'Ground' state
TDMX:0.000   TDMY:0.000   TDMZ:0.000   Oscillator Strength:0.00000   <S**2>: 2.000
--------------------------------------------------------------------


State 111 12.337 eV
Excitation                         CI Coef       TDM X       TDM Y       TDM Z       |TDM|
|1^ZW+>                          -0.19895   -0.00000   -0.00000   -0.13207    0.00260
|1^CS(3->0)>                     -0.23290    0.04331   -0.00000   -0.00896    0.00018
|1^CS(2->0)>                     -0.15418   -0.12362   -0.00000    0.12130   -0.00239
|1^CS(3->0')>                    -0.23290   -0.04331   -0.00000   -0.00896    0.00018
|1^CS(2->0')>                     0.15418    0.12362    0.00000    0.12130   -0.00239
|1^SV(0->2')>                    -0.15418   -0.12362   -0.00000    0.12251   -0.00241
|1^SV(0->3')>                    -0.23377    0.04682   -0.00000   -0.00973    0.00019
|1^SV(0'->2')>                    0.15418    0.12362    0.00000    0.12251   -0.00241
|1^SV(0'->3')>                   -0.23377   -0.04682   -0.00000   -0.00973    0.00019
|1S^CV(3->1')>                    0.08609   -0.00000    0.00000   -0.01086    0.00021
|1S^CV(3->3')>                   -0.39951   -0.00000   -0.00000   -0.03425    0.00067
|1S^CV(2->2')>                    0.14527   -0.00000    0.00000   -0.19609    0.00386
|1S^CV(1->3')>                    0.09399    0.00000    0.00000   -0.01499    0.00029
|1T^CV(3->2')>                   -0.41751    0.00000   -0.00000   -0.05654    0.00111
|1T^CV(2->1')>                   -0.09590    0.00000   -0.00000   -0.01012    0.00020
|1T^CV(2->3')>                    0.41936    0.00000    0.00000   -0.04633    0.00091
|1T^CV(1->2')>                    0.10365    0.00000    0.00000   -0.01351    0.00027
|1^ZCV0(3->1')>                   0.08751    0.00331    0.00000    0.00316   -0.00006
|1^ZCV0(3->2')>                  -0.07360   -0.00166   -0.00000    0.00035   -0.00001
|1^ZCV0(2->3')>                  -0.07428    0.00167   -0.00000    0.00024   -0.00000
|1^ZCV0(1->3')>                  -0.08751   -0.00343   -0.00000    0.00286   -0.00006
|1^ZCV0'(3->1')>                  0.08751   -0.00331    0.00000    0.00316   -0.00006
|1^ZCV0'(3->2')>                  0.07360    0.00166    0.00000    0.00035   -0.00001
|1^ZCV0'(2->3')>                  0.07428   -0.00167    0.00000    0.00024   -0.00000
|1^ZCV0'(1->3')>                 -0.08751    0.00343   -0.00000    0.00286   -0.00006
|1^CSD_(2,2)>                    -0.07432    0.00000   -0.00000    0.00133   -0.00003
|1^SVD_(2',2')>                  -0.07432    0.00000   -0.00000    0.00181   -0.00004
TDMs with Triplet 'Ground' state
TDMX:0.000   TDMY:0.000   TDMZ:0.000   Oscillator Strength:0.00000   <S**2>: 0.000
--------------------------------------------------------------------
TDMs with Singlet 'Ground' state
TDMX:-0.000   TDMY:0.000   TDMZ:-0.067   Oscillator Strength:0.00133   <S**2>: 0.000
--------------------------------------------------------------------


State 112 12.352 eV
Excitation                         CI Coef       TDM X       TDM Y       TDM Z       |TDM|
|3^CS(3->0)>                     -0.10864   -0.01095   -0.00000    0.00242    0.00003
|3^CS(3->0')>                     0.10864    0.01095    0.00000    0.00242    0.00003
|3T^CV(3->3')>                    0.06045    0.00000    0.00000    0.00607    0.00007
|3S^CV(3->2')>                   -0.08417   -0.00000   -0.00000    0.01070    0.00012
|3X^CV(3->3')>                    0.14012   -0.00000    0.00000    0.00312    0.00004
|3^ZCV0(3->1')>                  -0.28370    0.04097   -0.00000    0.00079    0.00001
|3^ZCV0(3->2')>                   0.07376    0.00417    0.00000    0.00019    0.00000
|3^ZCV0(2->1')>                  -0.24883   -0.03083   -0.00000    0.00840    0.00010
|3^ZCV0(2->2')>                  -0.11119    0.02602   -0.00000    0.00026    0.00000
|3^ZCV0(1->1')>                   0.10444    0.00967    0.00000    0.00001    0.00000
|3^ZCV0(1->2')>                   0.28875   -0.03586    0.00000   -0.01018   -0.00012
|3^ZCV0(1->3')>                  -0.25927    0.03763   -0.00000    0.00074    0.00001
|3^ZCV0'(6->1')>                  0.28370   -0.04097    0.00000    0.00079    0.00001
|3^ZCV0'(6->2')>                  0.07376   -0.00417    0.00000    0.00019    0.00000
|3^ZCV0'(5->1')>                 -0.24883    0.03083   -0.00000    0.00840    0.00010
|3^ZCV0'(5->2')>                  0.11119   -0.02602    0.00000    0.00026    0.00000
|3^ZCV0'(4->1')>                 -0.10444   -0.00967   -0.00000    0.00001    0.00000
|3^ZCV0'(4->2')>                  0.28875    0.03586    0.00000   -0.01018   -0.00012
|3^ZCV0'(4->3')>                  0.25927   -0.03763    0.00000    0.00074    0.00001
|3^CSD(3,2)>                      0.47459    0.00000    0.00000    0.02943    0.00033
|3^CSD(2,1)>                     -0.19833   -0.00000   -0.00000   -0.01319   -0.00015
|3^SVD(1,2)>                      0.09254    0.00000    0.00000    0.01041    0.00012
|3^SVD(2,3)>                     -0.13846   -0.00000   -0.00000   -0.01000   -0.00011
TDMs with Triplet 'Ground' state
TDMX:0.000   TDMY:0.000   TDMZ:0.038   Oscillator Strength:0.00043   <S**2>: 2.000
--------------------------------------------------------------------
TDMs with Singlet 'Ground' state
TDMX:0.000   TDMY:0.000   TDMZ:0.000   Oscillator Strength:0.00000   <S**2>: 2.000
--------------------------------------------------------------------


State 113 12.637 eV
Excitation                         CI Coef       TDM X       TDM Y       TDM Z       |TDM|
|1^ZW->                          -0.16738    0.00000   -0.00000    0.00000    0.00000
|1^CS(3->0)>                     -0.18396    0.03421   -0.00000   -0.00707    0.00000
|1^CS(2->0)>                     -0.11750   -0.09421   -0.00000    0.09245   -0.00001
|1^CS(3->0')>                     0.18396    0.03421    0.00000    0.00707    0.00000
|1^CS(2->0')>                    -0.11750   -0.09421   -0.00000   -0.09245   -0.00001
|1^SV(0->2')>                     0.11679    0.09364    0.00000   -0.09280    0.00001
|1^SV(0->3')>                     0.18270   -0.03659    0.00000    0.00761   -0.00000
|1^SV(0'->2')>                    0.11679    0.09364    0.00000    0.09280    0.00001
|1^SV(0'->3')>                   -0.18270   -0.03659   -0.00000   -0.00761   -0.00000
|1S^CV(3->2')>                    0.15640    0.01499    0.00000    0.00000    0.00000
|1S^CV(2->3')>                   -0.15525   -0.01066   -0.00000   -0.00000   -0.00000
|1T^CV(3->1')>                   -0.09696    0.01172   -0.00000    0.00000    0.00000
|1T^CV(3->3')>                    0.48664    0.00109    0.00000    0.00000    0.00000
|1T^CV(2->2')>                   -0.23409    0.00000   -0.00000    0.00000    0.00000
|1T^CV(1->3')>                   -0.10420   -0.01259   -0.00000   -0.00000   -0.00000
|1^ZCV0(3->1')>                   0.17268    0.00652    0.00000    0.00624    0.00000
|1^ZCV0(3->2')>                  -0.20519   -0.00463   -0.00000    0.00098   -0.00000
|1^ZCV0(2->1')>                  -0.05776    0.00024   -0.00000    0.00079    0.00000
|1^ZCV0(2->3')>                  -0.20356    0.00458   -0.00000    0.00067    0.00000
|1^ZCV0(1->2')>                  -0.05550   -0.00021   -0.00000    0.00061   -0.00000
|1^ZCV0(1->3')>                  -0.17234   -0.00675   -0.00000    0.00564   -0.00000
|1^ZCV0'(3->1')>                 -0.17268    0.00652   -0.00000   -0.00624    0.00000
|1^ZCV0'(3->2')>                 -0.20519   -0.00463   -0.00000   -0.00098   -0.00000
|1^ZCV0'(2->1')>                 -0.05776    0.00024   -0.00000   -0.00079    0.00000
|1^ZCV0'(2->3')>                 -0.20356    0.00458   -0.00000   -0.00067    0.00000
|1^ZCV0'(1->2')>                 -0.05550   -0.00021   -0.00000   -0.00061   -0.00000
|1^ZCV0'(1->3')>                  0.17234   -0.00675    0.00000   -0.00564   -0.00000
|1^CSD_(3,2)>                    -0.20017   -0.00474   -0.00000    0.00000   -0.00000
|1^CSD_(2,1)>                     0.13228    0.00508    0.00000    0.00000    0.00000
|1^SVD_(1',2')>                  -0.11665   -0.00453   -0.00000   -0.00000   -0.00000
|1^SVD_(2',3')>                   0.20634    0.00474    0.00000    0.00000    0.00000
TDMs with Triplet 'Ground' state
TDMX:0.000   TDMY:0.000   TDMZ:0.000   Oscillator Strength:0.00000   <S**2>: 0.000
--------------------------------------------------------------------
TDMs with Singlet 'Ground' state
TDMX:0.000   TDMY:0.000   TDMZ:0.000   Oscillator Strength:0.00000   <S**2>: 0.000
--------------------------------------------------------------------


State 114 12.914 eV
Excitation                         CI Coef       TDM X       TDM Y       TDM Z       |TDM|
|3^ZCV0(3->1')>                  -0.18997    0.02743   -0.00000    0.00053   -0.00026
|3^ZCV0(3->2')>                  -0.30373   -0.01718   -0.00000   -0.00078    0.00016
|3^ZCV0(3->3')>                  -0.37193   -0.00022   -0.00000    0.00011    0.00000
|3^ZCV0(2->1')>                  -0.12498   -0.01548   -0.00000    0.00422    0.00015
|3^ZCV0(2->2')>                  -0.16143    0.03777   -0.00000    0.00038   -0.00036
|3^ZCV0(2->3')>                   0.30247   -0.01771    0.00000    0.00057    0.00017
|3^ZCV0(1->1')>                   0.18224    0.01688    0.00000    0.00002   -0.00016
|3^ZCV0(1->2')>                   0.12860   -0.01597    0.00000   -0.00453    0.00015
|3^ZCV0(1->3')>                  -0.18912    0.02745   -0.00000    0.00054   -0.00026
|3^ZCV0'(6->1')>                 -0.18997    0.02743   -0.00000   -0.00053   -0.00026
|3^ZCV0'(6->2')>                  0.30373   -0.01718    0.00000    0.00078    0.00016
|3^ZCV0'(6->3')>                 -0.37193   -0.00022   -0.00000   -0.00011    0.00000
|3^ZCV0'(5->1')>                  0.12498   -0.01548    0.00000   -0.00422    0.00015
|3^ZCV0'(5->2')>                 -0.16143    0.03777   -0.00000   -0.00038   -0.00036
|3^ZCV0'(5->3')>                 -0.30247   -0.01771   -0.00000   -0.00057    0.00017
|3^ZCV0'(4->1')>                  0.18224    0.01688    0.00000   -0.00002   -0.00016
|3^ZCV0'(4->2')>                 -0.12860   -0.01597   -0.00000    0.00453    0.00015
|3^ZCV0'(4->3')>                 -0.18912    0.02745   -0.00000   -0.00054   -0.00026
|3^CSD(3,1)>                      0.11460   -0.00206    0.00000    0.00000    0.00002
|3^SVD(1,3)>                      0.10357   -0.00465    0.00000    0.00000    0.00004
TDMs with Triplet 'Ground' state
TDMX:-0.030   TDMY:0.000   TDMZ:-0.000   Oscillator Strength:0.00028   <S**2>: 2.000
--------------------------------------------------------------------
TDMs with Singlet 'Ground' state
TDMX:0.000   TDMY:0.000   TDMZ:0.000   Oscillator Strength:0.00000   <S**2>: 2.000
--------------------------------------------------------------------


State 115 13.076 eV
Excitation                         CI Coef       TDM X       TDM Y       TDM Z       |TDM|
|1^ZCV0(3->1')>                  -0.21290   -0.00804   -0.00000   -0.00770    0.00000
|1^ZCV0(3->2')>                   0.16079    0.00363    0.00000   -0.00076    0.00000
|1^ZCV0(3->3')>                   0.22189    0.00318    0.00000   -0.00017    0.00000
|1^ZCV0(2->1')>                  -0.08583    0.00035   -0.00000    0.00118   -0.00000
|1^ZCV0(2->2')>                   0.29677    0.01965    0.00000    0.00085   -0.00000
|1^ZCV0(2->3')>                  -0.15923    0.00358   -0.00000    0.00052   -0.00000
|1^ZCV0(1->2')>                   0.08287    0.00031    0.00000   -0.00091    0.00000
|1^ZCV0(1->3')>                  -0.21665   -0.00849   -0.00000    0.00709   -0.00000
|1^ZCV0'(3->1')>                 -0.21290    0.00804   -0.00000   -0.00770    0.00000
|1^ZCV0'(3->2')>                 -0.16079   -0.00363   -0.00000   -0.00076    0.00000
|1^ZCV0'(3->3')>                  0.22189   -0.00318    0.00000   -0.00017    0.00000
|1^ZCV0'(2->1')>                  0.08583   -0.00035    0.00000    0.00118   -0.00000
|1^ZCV0'(2->2')>                  0.29677   -0.01965    0.00000    0.00085   -0.00000
|1^ZCV0'(2->3')>                  0.15923   -0.00358    0.00000    0.00052   -0.00000
|1^ZCV0'(1->2')>                 -0.08287   -0.00031   -0.00000   -0.00091    0.00000
|1^ZCV0'(1->3')>                 -0.21665    0.00849   -0.00000    0.00709   -0.00000
|1^CSD_(3,3)>                     0.27418   -0.00000    0.00000   -0.01470    0.00000
|1^CSD_(3,1)>                    -0.34715   -0.00000   -0.00000    0.02457   -0.00000
|1^CSD_(1,1)>                    -0.07344    0.00000   -0.00000    0.00146   -0.00000
|1^SVD_(1',1')>                   0.08242   -0.00000    0.00000   -0.00159    0.00000
|1^SVD_(1',3')>                   0.33780    0.00000    0.00000   -0.02720    0.00000
|1^SVD_(3',3')>                  -0.28315    0.00000   -0.00000    0.01435   -0.00000
TDMs with Triplet 'Ground' state
TDMX:0.000   TDMY:0.000   TDMZ:0.000   Oscillator Strength:0.00000   <S**2>: 0.000
--------------------------------------------------------------------
TDMs with Singlet 'Ground' state
TDMX:-0.000   TDMY:0.000   TDMZ:-0.000   Oscillator Strength:0.00000   <S**2>: 0.000
--------------------------------------------------------------------


State 116 13.144 eV
Excitation                         CI Coef       TDM X       TDM Y       TDM Z       |TDM|
|3^ZCV0(3->1')>                   0.10717   -0.01548    0.00000   -0.00030   -0.00000
|3^ZCV0(3->2')>                   0.30625    0.01733    0.00000    0.00078    0.00000
|3^ZCV0(3->3')>                   0.38462    0.00023    0.00000   -0.00011   -0.00000
|3^ZCV0(2->1')>                   0.07657    0.00949    0.00000   -0.00258   -0.00001
|3^ZCV0(2->2')>                   0.08834   -0.02067    0.00000   -0.00021   -0.00000
|3^ZCV0(2->3')>                  -0.29580    0.01732   -0.00000   -0.00056   -0.00000
|3^ZCV0(1->1')>                  -0.13960   -0.01293   -0.00000   -0.00002   -0.00000
|3^ZCV0(1->2')>                  -0.07841    0.00974   -0.00000    0.00276    0.00001
|3^ZCV0(1->3')>                   0.12171   -0.01767    0.00000   -0.00035   -0.00000
|3^ZCV0'(6->1')>                 -0.10717    0.01548   -0.00000   -0.00030   -0.00000
|3^ZCV0'(6->2')>                  0.30625   -0.01733    0.00000    0.00078    0.00000
|3^ZCV0'(6->3')>                 -0.38462   -0.00023   -0.00000   -0.00011   -0.00000
|3^ZCV0'(5->1')>                  0.07657   -0.00949    0.00000   -0.00258   -0.00001
|3^ZCV0'(5->2')>                 -0.08834    0.02067   -0.00000   -0.00021   -0.00000
|3^ZCV0'(5->3')>                 -0.29580   -0.01732   -0.00000   -0.00056   -0.00000
|3^ZCV0'(4->1')>                  0.13960    0.01293    0.00000   -0.00002   -0.00000
|3^ZCV0'(4->2')>                 -0.07841   -0.00974   -0.00000    0.00276    0.00001
|3^ZCV0'(4->3')>                 -0.12171    0.01767   -0.00000   -0.00035   -0.00000
|3^CSD(3,2)>                      0.33791    0.00000    0.00000    0.02096    0.00011
|3^CSD(2,1)>                     -0.05058   -0.00000   -0.00000   -0.00336   -0.00002
|3^SVD(2,3)>                     -0.28958   -0.00000   -0.00000   -0.02092   -0.00011
TDMs with Triplet 'Ground' state
TDMX:0.000   TDMY:0.000   TDMZ:0.017   Oscillator Strength:0.00009   <S**2>: 2.000
--------------------------------------------------------------------
TDMs with Singlet 'Ground' state
TDMX:0.000   TDMY:0.000   TDMZ:0.000   Oscillator Strength:0.00000   <S**2>: 2.000
--------------------------------------------------------------------


State 117 13.278 eV
Excitation                         CI Coef       TDM X       TDM Y       TDM Z       |TDM|
|1^CS(3->0)>                     -0.07972    0.01483   -0.00000   -0.00307    0.00007
|1^CS(3->0')>                     0.07972    0.01483    0.00000    0.00307    0.00007
|1S^CV(3->2')>                    0.06701    0.00642    0.00000    0.00000    0.00003
|1T^CV(3->3')>                    0.08066    0.00018    0.00000    0.00000    0.00000
|1^ZCV0(3->1')>                  -0.17249   -0.00652   -0.00000   -0.00623   -0.00003
|1^ZCV0(3->2')>                   0.30549    0.00690    0.00000   -0.00145    0.00003
|1^ZCV0(3->3')>                   0.24309    0.00348    0.00000   -0.00018    0.00002
|1^ZCV0(2->1')>                  -0.08635    0.00036   -0.00000    0.00118    0.00000
|1^ZCV0(2->2')>                   0.28272    0.01872    0.00000    0.00081    0.00009
|1^ZCV0(2->3')>                  -0.08865    0.00200   -0.00000    0.00029    0.00001
|1^ZCV0(1->3')>                  -0.17164   -0.00673   -0.00000    0.00562   -0.00003
|1^ZCV0'(3->1')>                  0.17249   -0.00652    0.00000    0.00623   -0.00003
|1^ZCV0'(3->2')>                  0.30549    0.00690    0.00000    0.00145    0.00003
|1^ZCV0'(3->3')>                 -0.24309    0.00348   -0.00000    0.00018    0.00002
|1^ZCV0'(2->1')>                 -0.08635    0.00036   -0.00000   -0.00118    0.00000
|1^ZCV0'(2->2')>                 -0.28272    0.01872   -0.00000   -0.00081    0.00009
|1^ZCV0'(2->3')>                 -0.08865    0.00200   -0.00000   -0.00029    0.00001
|1^ZCV0'(1->3')>                  0.17164   -0.00673    0.00000   -0.00562   -0.00003
|1^CSD_(3,2)>                     0.53097    0.01258    0.00000   -0.00000    0.00006
|1^CSD_(2,1)>                     0.18820    0.00723    0.00000    0.00000    0.00003
|1^SVD_(2',3')>                   0.17121    0.00393    0.00000    0.00000    0.00002
TDMs with Triplet 'Ground' state
TDMX:0.000   TDMY:0.000   TDMZ:0.000   Oscillator Strength:0.00000   <S**2>: 0.000
--------------------------------------------------------------------
TDMs with Singlet 'Ground' state
TDMX:0.015   TDMY:0.000   TDMZ:-0.000   Oscillator Strength:0.00007   <S**2>: 0.000
--------------------------------------------------------------------


State 118 13.309 eV
Excitation                         CI Coef       TDM X       TDM Y       TDM Z       |TDM|
|1^ZW->                          -0.10719    0.00000   -0.00000    0.00000   -0.00000
|1^CS(3->0)>                     -0.09142    0.01700   -0.00000   -0.00352   -0.00003
|1^CS(2->0)>                     -0.05881   -0.04715   -0.00000    0.04627    0.00009
|1^CS(3->0')>                     0.09142    0.01700    0.00000    0.00352   -0.00003
|1^CS(2->0')>                    -0.05881   -0.04715   -0.00000   -0.04627    0.00009
|1^SV(0->2')>                     0.07532    0.06039    0.00000   -0.05985   -0.00012
|1^SV(0->3')>                     0.12116   -0.02427    0.00000    0.00504    0.00005
|1^SV(0'->2')>                    0.07532    0.06039    0.00000    0.05985   -0.00012
|1^SV(0'->3')>                   -0.12116   -0.02427   -0.00000   -0.00504    0.00005
|1S^CV(3->2')>                    0.08011    0.00768    0.00000    0.00000   -0.00002
|1S^CV(2->3')>                   -0.10340   -0.00710   -0.00000   -0.00000    0.00001
|1T^CV(3->3')>                    0.17827    0.00040    0.00000    0.00000   -0.00000
|1T^CV(2->2')>                   -0.10896    0.00000   -0.00000    0.00000   -0.00000
|1^ZCV0(3->1')>                   0.07562    0.00286    0.00000    0.00273   -0.00001
|1^ZCV0(3->2')>                   0.14966    0.00338    0.00000   -0.00071   -0.00001
|1^ZCV0(3->3')>                  -0.11084   -0.00159   -0.00000    0.00008    0.00000
|1^ZCV0(2->1')>                  -0.11801    0.00049   -0.00000    0.00162   -0.00000
|1^ZCV0(2->2')>                  -0.13037   -0.00863   -0.00000   -0.00037    0.00002
|1^ZCV0(2->3')>                   0.33309   -0.00750    0.00000   -0.00109    0.00001
|1^ZCV0(1->2')>                  -0.14650   -0.00054   -0.00000    0.00160    0.00000
|1^ZCV0(1->3')>                   0.08207    0.00322    0.00000   -0.00269   -0.00001
|1^ZCV0'(3->1')>                 -0.07562    0.00286   -0.00000   -0.00273   -0.00001
|1^ZCV0'(3->2')>                  0.14966    0.00338    0.00000    0.00071   -0.00001
|1^ZCV0'(3->3')>                  0.11084   -0.00159    0.00000   -0.00008    0.00000
|1^ZCV0'(2->1')>                 -0.11801    0.00049   -0.00000   -0.00162   -0.00000
|1^ZCV0'(2->2')>                  0.13037   -0.00863    0.00000    0.00037    0.00002
|1^ZCV0'(2->3')>                  0.33309   -0.00750    0.00000    0.00109    0.00001
|1^ZCV0'(1->2')>                 -0.14650   -0.00054   -0.00000   -0.00160    0.00000
|1^ZCV0'(1->3')>                 -0.08207    0.00322   -0.00000    0.00269   -0.00001
|1^CSD_(3,2)>                     0.24360    0.00577    0.00000   -0.00000   -0.00001
|1^CSD_(2,1)>                     0.14629    0.00562    0.00000    0.00000   -0.00001
|1^SVD_(1',2')>                  -0.26266   -0.01021   -0.00000   -0.00000    0.00002
|1^SVD_(2',3')>                  -0.53578   -0.01231   -0.00000   -0.00000    0.00002
TDMs with Triplet 'Ground' state
TDMX:0.000   TDMY:0.000   TDMZ:0.000   Oscillator Strength:0.00000   <S**2>: 0.000
--------------------------------------------------------------------
TDMs with Singlet 'Ground' state
TDMX:-0.006   TDMY:0.000   TDMZ:0.000   Oscillator Strength:0.00001   <S**2>: 0.000
--------------------------------------------------------------------


State 119 13.400 eV
Excitation                         CI Coef       TDM X       TDM Y       TDM Z       |TDM|
|1^ZW+>                           0.06702    0.00000    0.00000    0.04449    0.00035
|1S^CV(3->3')>                    0.12064    0.00000    0.00000    0.01034    0.00008
|1^ZCV0(3->1')>                   0.15259    0.00576    0.00000    0.00552    0.00004
|1^ZCV0(3->2')>                  -0.30597   -0.00691   -0.00000    0.00145    0.00001
|1^ZCV0(2->1')>                   0.11813   -0.00049    0.00000   -0.00162   -0.00001
|1^ZCV0(2->3')>                  -0.30821    0.00694   -0.00000    0.00101    0.00001
|1^ZCV0(1->2')>                   0.12382    0.00046    0.00000   -0.00135   -0.00001
|1^ZCV0(1->3')>                  -0.15259   -0.00598   -0.00000    0.00499    0.00004
|1^ZCV0'(3->1')>                  0.15259   -0.00576    0.00000    0.00552    0.00004
|1^ZCV0'(3->2')>                  0.30597    0.00691    0.00000    0.00145    0.00001
|1^ZCV0'(2->1')>                 -0.11813    0.00049   -0.00000   -0.00162   -0.00001
|1^ZCV0'(2->3')>                  0.30821   -0.00694    0.00000    0.00101    0.00001
|1^ZCV0'(1->2')>                 -0.12382   -0.00046   -0.00000   -0.00135   -0.00001
|1^ZCV0'(1->3')>                 -0.15259    0.00598   -0.00000    0.00499    0.00004
|1^CSD_(3,3)>                    -0.27662    0.00000   -0.00000    0.01483    0.00012
|1^CSD_(3,1)>                     0.36862    0.00000    0.00000   -0.02609   -0.00021
|1^CSD_(1,1)>                     0.05758   -0.00000    0.00000   -0.00115   -0.00001
|1^SVD_(1',1')>                   0.06713   -0.00000    0.00000   -0.00129   -0.00001
|1^SVD_(1',3')>                   0.35961    0.00000    0.00000   -0.02896   -0.00023
|1^SVD_(3',3')>                  -0.28616    0.00000   -0.00000    0.01450    0.00011
TDMs with Triplet 'Ground' state
TDMX:0.000   TDMY:0.000   TDMZ:0.000   Oscillator Strength:0.00000   <S**2>: 0.000
--------------------------------------------------------------------
TDMs with Singlet 'Ground' state
TDMX:0.000   TDMY:0.000   TDMZ:0.025   Oscillator Strength:0.00020   <S**2>: 0.000
--------------------------------------------------------------------


State 120 13.595 eV
Excitation                         CI Coef       TDM X       TDM Y       TDM Z       |TDM|
|3^ZCV0(3->1')>                  -0.46667    0.06739   -0.00000    0.00129    0.00000
|3^ZCV0(3->2')>                  -0.07723   -0.00437   -0.00000   -0.00020   -0.00000
|3^ZCV0(2->1')>                  -0.15766   -0.01953   -0.00000    0.00532    0.00001
|3^ZCV0(2->3')>                  -0.06720    0.00393   -0.00000   -0.00013   -0.00000
|3^ZCV0(1->2')>                  -0.15640    0.01942   -0.00000    0.00551    0.00001
|3^ZCV0(1->3')>                   0.46554   -0.06757    0.00000   -0.00133   -0.00000
|3^ZCV0'(6->1')>                  0.46667   -0.06739    0.00000    0.00129    0.00000
|3^ZCV0'(6->2')>                 -0.07724    0.00437   -0.00000   -0.00020   -0.00000
|3^ZCV0'(5->1')>                 -0.15766    0.01953   -0.00000    0.00532    0.00001
|3^ZCV0'(5->3')>                 -0.06720   -0.00393   -0.00000   -0.00013   -0.00000
|3^ZCV0'(4->2')>                 -0.15640   -0.01942   -0.00000    0.00551    0.00001
|3^ZCV0'(4->3')>                 -0.46554    0.06757   -0.00000   -0.00133   -0.00000
TDMs with Triplet 'Ground' state
TDMX:0.000   TDMY:0.000   TDMZ:0.004   Oscillator Strength:0.00001   <S**2>: 2.000
--------------------------------------------------------------------
TDMs with Singlet 'Ground' state
TDMX:0.000   TDMY:0.000   TDMZ:0.000   Oscillator Strength:0.00000   <S**2>: 2.000
--------------------------------------------------------------------


State 121 13.800 eV
Excitation                         CI Coef       TDM X       TDM Y       TDM Z       |TDM|
|3S^CV(3->3')>                   -0.09135    0.00019   -0.00000    0.00000    0.00000
|3^ZCV0(3->1')>                  -0.45825    0.06617   -0.00000    0.00127    0.00004
|3^ZCV0(3->2')>                  -0.06020   -0.00341   -0.00000   -0.00015   -0.00000
|3^ZCV0(2->1')>                  -0.13749   -0.01703   -0.00000    0.00464   -0.00001
|3^ZCV0(2->3')>                  -0.05698    0.00334   -0.00000   -0.00011    0.00000
|3^ZCV0(1->2')>                  -0.13665    0.01697   -0.00000    0.00482    0.00001
|3^ZCV0(1->3')>                   0.45859   -0.06657    0.00000   -0.00131   -0.00004
|3^ZCV0'(6->1')>                 -0.45825    0.06617   -0.00000   -0.00127    0.00004
|3^ZCV0'(6->2')>                  0.06020   -0.00341    0.00000    0.00015   -0.00000
|3^ZCV0'(5->1')>                  0.13749   -0.01703    0.00000   -0.00464   -0.00001
|3^ZCV0'(5->3')>                  0.05698    0.00334    0.00000    0.00011    0.00000
|3^ZCV0'(4->2')>                  0.13665    0.01697    0.00000   -0.00482    0.00001
|3^ZCV0'(4->3')>                  0.45859   -0.06657    0.00000    0.00131   -0.00004
|3^CSD(3,1)>                     -0.15652    0.00281   -0.00000   -0.00000    0.00000
|3^SVD(1,3)>                      0.16866   -0.00758    0.00000    0.00000   -0.00000
TDMs with Triplet 'Ground' state
TDMX:0.002   TDMY:0.000   TDMZ:-0.000   Oscillator Strength:0.00000   <S**2>: 2.000
--------------------------------------------------------------------
TDMs with Singlet 'Ground' state
TDMX:0.000   TDMY:0.000   TDMZ:0.000   Oscillator Strength:0.00000   <S**2>: 2.000
--------------------------------------------------------------------


State 122 14.095 eV
Excitation                         CI Coef       TDM X       TDM Y       TDM Z       |TDM|
|1^ZCV0(3->1')>                  -0.35636   -0.01346   -0.00000   -0.01288    0.00011
|1^ZCV0(3->3')>                  -0.13187   -0.00189   -0.00000    0.00010    0.00002
|1^ZCV0(2->1')>                  -0.11643    0.00048   -0.00000    0.00160   -0.00000
|1^ZCV0(2->2')>                  -0.07663   -0.00507   -0.00000   -0.00022    0.00004
|1^ZCV0(2->3')>                   0.07259   -0.00163    0.00000   -0.00024    0.00001
|1^ZCV0(1->2')>                   0.20537    0.00076    0.00000   -0.00225   -0.00001
|1^ZCV0(1->3')>                  -0.48239   -0.01891   -0.00000    0.01579    0.00015
|1^ZCV0'(3->1')>                  0.35636   -0.01346    0.00000    0.01288    0.00011
|1^ZCV0'(3->3')>                  0.13187   -0.00189    0.00000   -0.00010    0.00002
|1^ZCV0'(2->1')>                 -0.11643    0.00048   -0.00000   -0.00160   -0.00000
|1^ZCV0'(2->2')>                  0.07663   -0.00507    0.00000    0.00022    0.00004
|1^ZCV0'(2->3')>                  0.07259   -0.00163    0.00000    0.00024    0.00001
|1^ZCV0'(1->2')>                  0.20537    0.00076    0.00000    0.00225   -0.00001
|1^ZCV0'(1->3')>                  0.48239   -0.01891    0.00000   -0.01579    0.00015
|1^CSD_(3,2)>                    -0.21033   -0.00498   -0.00000    0.00000    0.00004
|1^SVD_(2',3')>                  -0.24543   -0.00564   -0.00000   -0.00000    0.00005
TDMs with Triplet 'Ground' state
TDMX:0.000   TDMY:0.000   TDMZ:0.000   Oscillator Strength:0.00000   <S**2>: 0.000
--------------------------------------------------------------------
TDMs with Singlet 'Ground' state
TDMX:-0.024   TDMY:0.000   TDMZ:-0.000   Oscillator Strength:0.00020   <S**2>: 0.000
--------------------------------------------------------------------


State 123 14.100 eV
Excitation                         CI Coef       TDM X       TDM Y       TDM Z       |TDM|
|1^ZW->                          -0.09698    0.00000   -0.00000    0.00000   -0.00000
|1T^CV(1->1')>                    0.05005    0.00011    0.00000   -0.00000   -0.00000
|1^ZCV0(3->1')>                  -0.44921   -0.01697   -0.00000   -0.01624    0.00002
|1^ZCV0(3->2')>                  -0.13601   -0.00307   -0.00000    0.00065    0.00000
|1^ZCV0(2->1')>                  -0.29605    0.00122   -0.00000    0.00406   -0.00000
|1^ZCV0(2->3')>                  -0.11161    0.00251   -0.00000    0.00037   -0.00000
|1^ZCV0(1->2')>                  -0.23978   -0.00089   -0.00000    0.00262    0.00000
|1^ZCV0(1->3')>                   0.30848    0.01209    0.00000   -0.01010   -0.00002
|1^ZCV0'(3->1')>                  0.44921   -0.01697    0.00000    0.01624    0.00002
|1^ZCV0'(3->2')>                 -0.13601   -0.00307   -0.00000   -0.00065    0.00000
|1^ZCV0'(2->1')>                 -0.29605    0.00122   -0.00000   -0.00406   -0.00000
|1^ZCV0'(2->3')>                 -0.11161    0.00251   -0.00000   -0.00037   -0.00000
|1^ZCV0'(1->2')>                 -0.23978   -0.00089   -0.00000   -0.00262    0.00000
|1^ZCV0'(1->3')>                 -0.30848    0.01209   -0.00000    0.01010   -0.00002
|1^CSD_(3,2)>                    -0.13157   -0.00312   -0.00000    0.00000    0.00000
|1^SVD_(2',3')>                   0.06112    0.00140    0.00000    0.00000   -0.00000
TDMs with Triplet 'Ground' state
TDMX:0.000   TDMY:0.000   TDMZ:0.000   Oscillator Strength:0.00000   <S**2>: 0.000
--------------------------------------------------------------------
TDMs with Singlet 'Ground' state
TDMX:-0.004   TDMY:0.000   TDMZ:0.000   Oscillator Strength:0.00000   <S**2>: 0.000
--------------------------------------------------------------------


State 124 14.147 eV
Excitation                         CI Coef       TDM X       TDM Y       TDM Z       |TDM|
|1^ZCV0(3->1')>                   0.29128    0.01100    0.00000    0.01053   -0.00000
|1^ZCV0(3->2')>                   0.20159    0.00455    0.00000   -0.00096   -0.00000
|1^ZCV0(3->3')>                   0.27568    0.00395    0.00000   -0.00021   -0.00000
|1^ZCV0(2->1')>                   0.12579   -0.00052    0.00000   -0.00172    0.00000
|1^ZCV0(2->2')>                   0.30289    0.02005    0.00000    0.00087   -0.00000
|1^ZCV0(2->3')>                  -0.20395    0.00459   -0.00000    0.00067   -0.00000
|1^ZCV0(1->1')>                  -0.05597    0.00508   -0.00000    0.00020   -0.00000
|1^ZCV0(1->2')>                  -0.12955   -0.00048   -0.00000    0.00142   -0.00000
|1^ZCV0(1->3')>                   0.28721    0.01126    0.00000   -0.00940    0.00000
|1^ZCV0'(3->1')>                  0.29128   -0.01100    0.00000    0.01053   -0.00000
|1^ZCV0'(3->2')>                 -0.20159   -0.00455   -0.00000   -0.00096    0.00000
|1^ZCV0'(3->3')>                  0.27568   -0.00395    0.00000   -0.00021    0.00000
|1^ZCV0'(2->1')>                 -0.12579    0.00052   -0.00000   -0.00172    0.00000
|1^ZCV0'(2->2')>                  0.30289   -0.02005    0.00000    0.00087    0.00000
|1^ZCV0'(2->3')>                  0.20395   -0.00459    0.00000    0.00067    0.00000
|1^ZCV0'(1->1')>                 -0.05597   -0.00508   -0.00000    0.00020    0.00000
|1^ZCV0'(1->2')>                  0.12955    0.00048    0.00000    0.00142   -0.00000
|1^ZCV0'(1->3')>                  0.28721   -0.01126    0.00000   -0.00940    0.00000
|1^CSD_(3,1)>                     0.18173    0.00000    0.00000   -0.01286    0.00000
|1^CSD_(1,1)>                     0.09472   -0.00000    0.00000   -0.00188    0.00000
|1^SVD_(1',1')>                  -0.09945    0.00000   -0.00000    0.00192   -0.00000
|1^SVD_(1',3')>                  -0.17911   -0.00000   -0.00000    0.01442   -0.00000
TDMs with Triplet 'Ground' state
TDMX:0.000   TDMY:0.000   TDMZ:0.000   Oscillator Strength:0.00000   <S**2>: 0.000
--------------------------------------------------------------------
TDMs with Singlet 'Ground' state
TDMX:-0.000   TDMY:0.000   TDMZ:-0.000   Oscillator Strength:0.00000   <S**2>: 0.000
--------------------------------------------------------------------


State 125 14.157 eV
Excitation                         CI Coef       TDM X       TDM Y       TDM Z       |TDM|
|1^ZW+>                           0.05506    0.00000    0.00000    0.03655   -0.00019
|1S^CV(3->3')>                    0.07797    0.00000    0.00000    0.00668   -0.00003
|1^ZCV0(3->1')>                   0.37295    0.01409    0.00000    0.01348   -0.00007
|1^ZCV0(3->2')>                   0.24193    0.00546    0.00000   -0.00115    0.00001
|1^ZCV0(2->1')>                   0.22012   -0.00091    0.00000   -0.00302    0.00002
|1^ZCV0(2->3')>                   0.23789   -0.00536    0.00000   -0.00078    0.00000
|1^ZCV0(1->2')>                   0.21568    0.00080    0.00000   -0.00236    0.00001
|1^ZCV0(1->3')>                  -0.37295   -0.01462   -0.00000    0.01221   -0.00006
|1^ZCV0'(3->1')>                  0.37295   -0.01409    0.00000    0.01348   -0.00007
|1^ZCV0'(3->2')>                 -0.24193   -0.00546   -0.00000   -0.00115    0.00001
|1^ZCV0'(2->1')>                 -0.22012    0.00091   -0.00000   -0.00302    0.00002
|1^ZCV0'(2->3')>                 -0.23789    0.00536   -0.00000   -0.00078    0.00000
|1^ZCV0'(1->2')>                 -0.21568   -0.00080   -0.00000   -0.00236    0.00001
|1^ZCV0'(1->3')>                 -0.37295    0.01462   -0.00000    0.01221   -0.00006
TDMs with Triplet 'Ground' state
TDMX:0.000   TDMY:0.000   TDMZ:0.000   Oscillator Strength:0.00000   <S**2>: 0.000
--------------------------------------------------------------------
TDMs with Singlet 'Ground' state
TDMX:0.000   TDMY:0.000   TDMZ:-0.015   Oscillator Strength:0.00008   <S**2>: 0.000
--------------------------------------------------------------------


State 126 14.344 eV
Excitation                         CI Coef       TDM X       TDM Y       TDM Z       |TDM|
|1^ZW+>                          -0.12871   -0.00000   -0.00000   -0.08544   -0.00111
|1^CS(2->0)>                     -0.05954   -0.04774   -0.00000    0.04685    0.00061
|1^CS(2->0')>                     0.05954    0.04774    0.00000    0.04685    0.00061
|1^SV(0->2')>                    -0.05954   -0.04774   -0.00000    0.04731    0.00061
|1^SV(0'->2')>                    0.05954    0.04774    0.00000    0.04731    0.00061
|1^ZCV0(3->1')>                  -0.07298   -0.00276   -0.00000   -0.00264   -0.00003
|1^ZCV0(3->2')>                   0.28672    0.00648    0.00000   -0.00136   -0.00002
|1^ZCV0(2->1')>                  -0.10007    0.00041   -0.00000    0.00137    0.00002
|1^ZCV0(2->3')>                   0.28862   -0.00650    0.00000   -0.00095   -0.00001
|1^ZCV0(1->2')>                  -0.10540   -0.00039   -0.00000    0.00115    0.00001
|1^ZCV0(1->3')>                   0.07298    0.00286    0.00000   -0.00239   -0.00003
|1^ZCV0'(3->1')>                 -0.07298    0.00276   -0.00000   -0.00264   -0.00003
|1^ZCV0'(3->2')>                 -0.28672   -0.00648   -0.00000   -0.00136   -0.00002
|1^ZCV0'(2->1')>                  0.10007   -0.00041    0.00000    0.00137    0.00002
|1^ZCV0'(2->3')>                 -0.28862    0.00650   -0.00000   -0.00095   -0.00001
|1^ZCV0'(1->2')>                  0.10540    0.00039    0.00000    0.00115    0.00001
|1^ZCV0'(1->3')>                  0.07298   -0.00286    0.00000   -0.00239   -0.00003
|1^CSD_(3,3)>                    -0.18703    0.00000   -0.00000    0.01003    0.00013
|1^CSD_(3,1)>                     0.47219    0.00000    0.00000   -0.03342   -0.00043
|1^CSD_(2,2)>                    -0.12312    0.00000   -0.00000    0.00220    0.00003
|1^CSD_(1,1)>                     0.09630   -0.00000    0.00000   -0.00192   -0.00002
|1^SVD_(1',1')>                   0.10857   -0.00000    0.00000   -0.00209   -0.00003
|1^SVD_(1',3')>                   0.46444    0.00000    0.00000   -0.03740   -0.00048
|1^SVD_(2',2')>                  -0.12312    0.00000   -0.00000    0.00300    0.00004
|1^SVD_(3',3')>                  -0.19930    0.00000   -0.00000    0.01010    0.00013
TDMs with Triplet 'Ground' state
TDMX:0.000   TDMY:0.000   TDMZ:0.000   Oscillator Strength:0.00000   <S**2>: 0.000
--------------------------------------------------------------------
TDMs with Singlet 'Ground' state
TDMX:-0.000   TDMY:0.000   TDMZ:0.038   Oscillator Strength:0.00049   <S**2>: 0.000
--------------------------------------------------------------------


State 127 14.383 eV
Excitation                         CI Coef       TDM X       TDM Y       TDM Z       |TDM|
|1^ZCV0(3->1')>                  -0.05225   -0.00197   -0.00000   -0.00189   -0.00002
|1^ZCV0(3->2')>                  -0.20472   -0.00462   -0.00000    0.00097   -0.00005
|1^ZCV0(3->3')>                  -0.22372   -0.00320   -0.00000    0.00017   -0.00003
|1^ZCV0(2->2')>                  -0.27314   -0.01808   -0.00000   -0.00079   -0.00018
|1^ZCV0(2->3')>                   0.19656   -0.00443    0.00000   -0.00065   -0.00004
|1^ZCV0(1->3')>                  -0.05142   -0.00202   -0.00000    0.00168   -0.00002
|1^ZCV0'(3->1')>                  0.05225   -0.00197    0.00000    0.00189   -0.00002
|1^ZCV0'(3->2')>                 -0.20472   -0.00462   -0.00000   -0.00097   -0.00005
|1^ZCV0'(3->3')>                  0.22372   -0.00320    0.00000   -0.00017   -0.00003
|1^ZCV0'(2->2')>                  0.27314   -0.01808    0.00000    0.00079   -0.00018
|1^ZCV0'(2->3')>                  0.19656   -0.00443    0.00000    0.00065   -0.00004
|1^ZCV0'(1->3')>                  0.05142   -0.00202    0.00000   -0.00168   -0.00002
|1^CSD_(3,2)>                     0.52930    0.01254    0.00000   -0.00000    0.00012
|1^CSD_(2,1)>                     0.05909    0.00227    0.00000    0.00000    0.00002
|1^SVD_(1',2')>                   0.08484    0.00330    0.00000    0.00000    0.00003
|1^SVD_(2',3')>                   0.52596    0.01208    0.00000    0.00000    0.00012
TDMs with Triplet 'Ground' state
TDMX:0.000   TDMY:0.000   TDMZ:0.000   Oscillator Strength:0.00000   <S**2>: 0.000
--------------------------------------------------------------------
TDMs with Singlet 'Ground' state
TDMX:0.028   TDMY:0.000   TDMZ:0.000   Oscillator Strength:0.00028   <S**2>: 0.000
--------------------------------------------------------------------


State 128 14.480 eV
Excitation                         CI Coef       TDM X       TDM Y       TDM Z       |TDM|
|1^ZCV0(3->1')>                   0.29786    0.01125    0.00000    0.01077   -0.00000
|1^ZCV0(3->2')>                  -0.11644   -0.00263   -0.00000    0.00055   -0.00000
|1^ZCV0(2->1')>                   0.06927   -0.00029    0.00000   -0.00095    0.00000
|1^ZCV0(2->2')>                  -0.13544   -0.00897   -0.00000   -0.00039   -0.00000
|1^ZCV0(2->3')>                   0.11518   -0.00259    0.00000   -0.00038   -0.00000
|1^ZCV0(1->2')>                  -0.06713   -0.00025   -0.00000    0.00073   -0.00000
|1^ZCV0(1->3')>                   0.29863    0.01170    0.00000   -0.00977    0.00000
|1^ZCV0'(3->1')>                  0.29786   -0.01125    0.00000    0.01077   -0.00000
|1^ZCV0'(3->2')>                  0.11644    0.00263    0.00000    0.00055    0.00000
|1^ZCV0'(2->1')>                 -0.06927    0.00029   -0.00000   -0.00095    0.00000
|1^ZCV0'(2->2')>                 -0.13544    0.00897   -0.00000   -0.00039    0.00000
|1^ZCV0'(2->3')>                 -0.11518    0.00259   -0.00000   -0.00038    0.00000
|1^ZCV0'(1->2')>                  0.06713    0.00025    0.00000    0.00073   -0.00000
|1^ZCV0'(1->3')>                  0.29863   -0.01170    0.00000   -0.00977    0.00000
|1^CSD_(3,3)>                     0.22856   -0.00000    0.00000   -0.01225    0.00000
|1^CSD_(3,1)>                    -0.44547   -0.00000   -0.00000    0.03153   -0.00000
|1^CSD_(2,2)>                     0.09678   -0.00000    0.00000   -0.00173    0.00000
|1^CSD_(1,1)>                    -0.06420    0.00000   -0.00000    0.00128   -0.00000
|1^SVD_(1',1')>                   0.07577   -0.00000    0.00000   -0.00146    0.00000
|1^SVD_(1',3')>                   0.43750    0.00000    0.00000   -0.03523    0.00000
|1^SVD_(2',2')>                  -0.09678    0.00000   -0.00000    0.00236   -0.00000
|1^SVD_(3',3')>                  -0.24013    0.00000   -0.00000    0.01217   -0.00000
TDMs with Triplet 'Ground' state
TDMX:0.000   TDMY:0.000   TDMZ:0.000   Oscillator Strength:0.00000   <S**2>: 0.000
--------------------------------------------------------------------
TDMs with Singlet 'Ground' state
TDMX:0.000   TDMY:0.000   TDMZ:-0.000   Oscillator Strength:0.00000   <S**2>: 0.000
--------------------------------------------------------------------


State 129 14.819 eV
Excitation                         CI Coef       TDM X       TDM Y       TDM Z       |TDM|
|1^ZW->                          -0.10812    0.00000   -0.00000    0.00000    0.00000
|1^ZCV0(3->2')>                   0.34266    0.00774    0.00000   -0.00163    0.00000
|1^ZCV0(2->3')>                   0.34563   -0.00778    0.00000   -0.00114   -0.00000
|1^ZCV0'(3->2')>                  0.34266    0.00774    0.00000    0.00163    0.00000
|1^ZCV0'(2->3')>                  0.34563   -0.00778    0.00000    0.00114   -0.00000
|1^CSD_(3,2)>                    -0.49043   -0.01162   -0.00000    0.00000   -0.00000
|1^SVD_(2',3')>                   0.49958    0.01148    0.00000    0.00000    0.00000
TDMs with Triplet 'Ground' state
TDMX:0.000   TDMY:0.000   TDMZ:0.000   Oscillator Strength:0.00000   <S**2>: 0.000
--------------------------------------------------------------------
TDMs with Singlet 'Ground' state
TDMX:0.000   TDMY:0.000   TDMZ:-0.000   Oscillator Strength:0.00000   <S**2>: 0.000
--------------------------------------------------------------------


State 130 16.131 eV
Excitation                         CI Coef       TDM X       TDM Y       TDM Z       |TDM|
|1^ZCV0(3->2')>                   0.13262    0.00300    0.00000   -0.00063    0.00000
|1^ZCV0(3->3')>                  -0.13114   -0.00188   -0.00000    0.00010   -0.00000
|1^ZCV0(2->2')>                   0.10525    0.00697    0.00000    0.00030   -0.00000
|1^ZCV0(2->3')>                  -0.13271    0.00299   -0.00000    0.00044   -0.00000
|1^ZCV0'(3->2')>                 -0.13262   -0.00300   -0.00000   -0.00063    0.00000
|1^ZCV0'(3->3')>                 -0.13114    0.00188   -0.00000    0.00010   -0.00000
|1^ZCV0'(2->2')>                  0.10525   -0.00697    0.00000    0.00030   -0.00000
|1^ZCV0'(2->3')>                  0.13271   -0.00299    0.00000    0.00044   -0.00000
|1^CSD_(3,3)>                    -0.52974    0.00000   -0.00000    0.02840   -0.00000
|1^CSD_(3,1)>                    -0.30696   -0.00000   -0.00000    0.02172   -0.00000
|1^CSD_(2,2)>                    -0.12657    0.00000   -0.00000    0.00226   -0.00000
|1^CSD_(1,1)>                    -0.20210    0.00000   -0.00000    0.00402   -0.00000
|1^SVD_(1',1')>                   0.21026   -0.00000    0.00000   -0.00405    0.00000
|1^SVD_(1',3')>                   0.31533    0.00000    0.00000   -0.02539    0.00000
|1^SVD_(2',2')>                   0.12657   -0.00000    0.00000   -0.00309    0.00000
|1^SVD_(3',3')>                   0.52159   -0.00000    0.00000   -0.02643    0.00000
TDMs with Triplet 'Ground' state
TDMX:0.000   TDMY:0.000   TDMZ:0.000   Oscillator Strength:0.00000   <S**2>: 0.000
--------------------------------------------------------------------
TDMs with Singlet 'Ground' state
TDMX:0.000   TDMY:0.000   TDMZ:-0.000   Oscillator Strength:0.00000   <S**2>: 0.000
--------------------------------------------------------------------


State 131 16.198 eV
Excitation                         CI Coef       TDM X       TDM Y       TDM Z       |TDM|
|1^ZCV0(3->2')>                   0.05868    0.00133    0.00000   -0.00028   -0.00000
|1^ZCV0(2->3')>                   0.05886   -0.00133    0.00000   -0.00019   -0.00000
|1^ZCV0'(3->2')>                 -0.05868   -0.00133   -0.00000   -0.00028   -0.00000
|1^ZCV0'(2->3')>                 -0.05886    0.00133   -0.00000   -0.00019   -0.00000
|1^CSD_(3,3)>                    -0.57884    0.00000   -0.00000    0.03103    0.00048
|1^CSD_(3,1)>                    -0.29879   -0.00000   -0.00000    0.02115    0.00033
|1^CSD_(2,2)>                    -0.13935    0.00000   -0.00000    0.00249    0.00004
|1^CSD_(1,1)>                    -0.21347    0.00000   -0.00000    0.00425    0.00007
|1^SVD_(1',1')>                  -0.22142    0.00000   -0.00000    0.00426    0.00007
|1^SVD_(1',3')>                  -0.30816   -0.00000   -0.00000    0.02482    0.00038
|1^SVD_(2',2')>                  -0.13935    0.00000   -0.00000    0.00340    0.00005
|1^SVD_(3',3')>                  -0.57089    0.00000   -0.00000    0.02893    0.00045
TDMs with Triplet 'Ground' state
TDMX:0.000   TDMY:0.000   TDMZ:0.000   Oscillator Strength:0.00000   <S**2>: 0.000
--------------------------------------------------------------------
TDMs with Singlet 'Ground' state
TDMX:0.000   TDMY:0.000   TDMZ:0.040   Oscillator Strength:0.00062   <S**2>: 0.000
--------------------------------------------------------------------


State 132 16.400 eV
Excitation                         CI Coef       TDM X       TDM Y       TDM Z       |TDM|
|3^ZCV0(3->2')>                  -0.30456   -0.01723   -0.00000   -0.00078    0.00000
|3^ZCV0(3->3')>                   0.51907    0.00031    0.00000   -0.00015    0.00000
|3^ZCV0(2->2')>                  -0.19797    0.04632   -0.00000    0.00047   -0.00000
|3^ZCV0(2->3')>                   0.30454   -0.01783    0.00000    0.00058   -0.00000
|3^ZCV0(1->1')>                  -0.06641   -0.00615   -0.00000   -0.00001    0.00000
|3^ZCV0'(6->2')>                 -0.30456    0.01723   -0.00000   -0.00078    0.00000
|3^ZCV0'(6->3')>                 -0.51907   -0.00031   -0.00000   -0.00015    0.00000
|3^ZCV0'(5->2')>                  0.19797   -0.04632    0.00000    0.00047   -0.00000
|3^ZCV0'(5->3')>                  0.30454    0.01783    0.00000    0.00058   -0.00000
|3^ZCV0'(4->1')>                  0.06641    0.00615    0.00000   -0.00001    0.00000
TDMs with Triplet 'Ground' state
TDMX:-0.000   TDMY:0.000   TDMZ:-0.001   Oscillator Strength:0.00000   <S**2>: 2.000
--------------------------------------------------------------------
TDMs with Singlet 'Ground' state
TDMX:0.000   TDMY:0.000   TDMZ:0.000   Oscillator Strength:0.00000   <S**2>: 2.000
--------------------------------------------------------------------


State 133 16.426 eV
Excitation                         CI Coef       TDM X       TDM Y       TDM Z       |TDM|
|3^ZCV0(3->2')>                   0.29301    0.01658    0.00000    0.00075    0.00004
|3^ZCV0(3->3')>                  -0.53143   -0.00032   -0.00000    0.00016   -0.00000
|3^ZCV0(2->2')>                   0.19900   -0.04656    0.00000   -0.00047   -0.00013
|3^ZCV0(2->3')>                  -0.29315    0.01716   -0.00000   -0.00055    0.00005
|3^ZCV0(1->1')>                   0.07015    0.00650    0.00000    0.00001    0.00002
|3^ZCV0'(6->2')>                 -0.29301    0.01658   -0.00000   -0.00075    0.00004
|3^ZCV0'(6->3')>                 -0.53143   -0.00032   -0.00000   -0.00016   -0.00000
|3^ZCV0'(5->2')>                  0.19900   -0.04656    0.00000    0.00047   -0.00013
|3^ZCV0'(5->3')>                  0.29315    0.01716    0.00000    0.00055    0.00005
|3^ZCV0'(4->1')>                  0.07015    0.00650    0.00000   -0.00001    0.00002
TDMs with Triplet 'Ground' state
TDMX:0.007   TDMY:0.000   TDMZ:0.000   Oscillator Strength:0.00002   <S**2>: 2.000
--------------------------------------------------------------------
TDMs with Singlet 'Ground' state
TDMX:0.000   TDMY:0.000   TDMZ:0.000   Oscillator Strength:0.00000   <S**2>: 2.000
--------------------------------------------------------------------


State 134 16.745 eV
Excitation                         CI Coef       TDM X       TDM Y       TDM Z       |TDM|
|1^ZCV0(3->2')>                   0.26619    0.00601    0.00000   -0.00127   -0.00001
|1^ZCV0(3->3')>                  -0.58022   -0.00830   -0.00000    0.00044    0.00002
|1^ZCV0(2->2')>                   0.13076    0.00866    0.00000    0.00038   -0.00002
|1^ZCV0(2->3')>                  -0.26645    0.00600   -0.00000    0.00088   -0.00001
|1^ZCV0'(3->2')>                  0.26619    0.00601    0.00000    0.00127   -0.00001
|1^ZCV0'(3->3')>                  0.58022   -0.00830    0.00000   -0.00044    0.00002
|1^ZCV0'(2->2')>                 -0.13076    0.00866   -0.00000   -0.00038   -0.00002
|1^ZCV0'(2->3')>                 -0.26645    0.00600   -0.00000   -0.00088   -0.00001
TDMs with Triplet 'Ground' state
TDMX:0.000   TDMY:0.000   TDMZ:0.000   Oscillator Strength:0.00000   <S**2>: 0.000
--------------------------------------------------------------------
TDMs with Singlet 'Ground' state
TDMX:-0.006   TDMY:0.000   TDMZ:-0.000   Oscillator Strength:0.00001   <S**2>: 0.000
--------------------------------------------------------------------


State 135 16.880 eV
Excitation                         CI Coef       TDM X       TDM Y       TDM Z       |TDM|
|1^ZCV0(3->2')>                   0.22676    0.00512    0.00000   -0.00108    0.00000
|1^ZCV0(3->3')>                  -0.57276   -0.00820   -0.00000    0.00043   -0.00000
|1^ZCV0(2->2')>                   0.10413    0.00689    0.00000    0.00030    0.00000
|1^ZCV0(2->3')>                  -0.22697    0.00511   -0.00000    0.00075    0.00000
|1^ZCV0'(3->2')>                 -0.22676   -0.00512   -0.00000   -0.00108   -0.00000
|1^ZCV0'(3->3')>                 -0.57276    0.00820   -0.00000    0.00043    0.00000
|1^ZCV0'(2->2')>                  0.10413   -0.00689    0.00000    0.00030   -0.00000
|1^ZCV0'(2->3')>                  0.22697   -0.00511    0.00000    0.00075   -0.00000
|1^CSD_(3,3)>                     0.21782   -0.00000    0.00000   -0.01168    0.00000
|1^CSD_(3,1)>                     0.05070    0.00000    0.00000   -0.00359    0.00000
|1^CSD_(1,1)>                     0.05862   -0.00000    0.00000   -0.00117    0.00000
|1^SVD_(1',1')>                  -0.06000    0.00000   -0.00000    0.00116   -0.00000
|1^SVD_(1',3')>                  -0.05484   -0.00000   -0.00000    0.00442   -0.00000
|1^SVD_(3',3')>                  -0.21644    0.00000   -0.00000    0.01097   -0.00000
TDMs with Triplet 'Ground' state
TDMX:0.000   TDMY:0.000   TDMZ:0.000   Oscillator Strength:0.00000   <S**2>: 0.000
--------------------------------------------------------------------
TDMs with Singlet 'Ground' state
TDMX:0.000   TDMY:0.000   TDMZ:-0.000   Oscillator Strength:0.00000   <S**2>: 0.000
--------------------------------------------------------------------


============================================================================
  TRANSITION INTENSITY SUMMARY
  General threshold  : f >= 0.1000
  Low-energy window  : E  < 2.80 eV  (> 443 nm)  ->  f >= 0.0020
============================================================================


  Transitions from Singlet ground state (state 1):
  State   Energy/eV   Wavelen./nm   Osc. Str.    <S²>
  ------------------------------------------------------------
      6      2.1970        564.33     0.11784    
     25      4.6872        264.52     0.91846    
     37      6.0458        205.08     0.63612    
     48      7.0349        176.24     0.12418    
  (* below general threshold but within low-energy window)

  Transitions from Triplet ground state (state 0):
  State   Energy/eV   Wavelen./nm   Osc. Str.    <S²>
  ------------------------------------------------------------
     20      4.6806        264.89     0.16061    
     22      4.9388        251.04     0.90118    
     34      6.2407        198.67     0.39284    
     40      6.9906        177.36     0.10990    
  (* below general threshold but within low-energy window)

============================================================================

Wall clock time: 0.2511 seconds
